gen,idx,total_index,L5,NF5,NM5,W5,LCAP,NMCAP,WCAp,IRL,NML,NTL,L34,W34,NM34,NF34,VB,L12,NF12,NM12,W12,Fosc_Hz,PD_W,V1pk_V,V1rms_V,PN_100k_dBc,PN_1M_dBc,FOM_100k,FOM_1M,cost
-1,0,1,4.897828e-07,1,7,9.547672e-06,6.758462e-06,9,8.272179e-06,3.04214e-05,1,3,4.807927e-07,6.020411e-06,7,4,0.8796904,2.654902e-07,2,6,8.516489e-06,4.049751e+09,0.005761481,1.384017,0.6920086,-82.45903,-110.3151,-167.0023,-174.8583,0.03010926
-1,1,2,4.159724e-07,4,10,7.556908e-06,8.810287e-06,5,7.35531e-06,3.599101e-05,1,2,3.394193e-07,6.097937e-06,5,3,1.064041,4.843156e-07,5,8,8.027111e-06,4.602787e+09,0.01220267,1.525439,0.7627194,-90.18886,-116.6109,-172.5847,-179.0068,0.05248432
-1,2,3,4.800572e-07,2,9,9.388278e-06,6.733447e-06,3,8.353848e-06,4.26978e-05,1,1,4.242444e-07,5.783623e-06,9,3,0.7823799,2.68444e-07,2,8,8.737248e-06,8.903282e+09,0.008847933,1.353433,0.6767166,-77.78693,-105.2058,-167.3095,-174.7284,0.5561304
-1,3,4,3.807656e-07,2,9,5.627889e-06,6.802419e-06,9,8.452469e-06,3.116705e-05,1,6,4.004015e-07,7.093455e-06,8,4,0.8517594,3.151797e-07,2,7,5.46603e-06,1.880168e+09,0.008818767,1.88392,0.9419602,-100.5738,-123.467,-176.6037,-179.4968,0.4453249
-1,4,5,4.401412e-07,4,6,7.881025e-06,5.112768e-06,9,5.709949e-06,3.189018e-05,1,5,3.793107e-07,9.548206e-06,5,4,1.078712,2.512967e-07,1,8,9.566481e-06,2.639644e+09,0.01338443,2.00245,1.001225,-94.915,-119.4082,-172.0799,-176.5731,0.4395413
-1,5,6,2.38425e-07,3,8,9.356663e-06,9.123568e-06,2,8.513472e-06,3.101691e-05,1,9,3.282393e-07,7.904108e-06,8,2,1.065729,2.663653e-07,2,8,7.059406e-06,1.394373e+09,0.01458057,2.104408,1.052204,-91.57069,-117.202,-162.8205,-168.4518,0.8840218
-1,6,7,3.227646e-07,4,9,5.344926e-06,8.296284e-06,10,9.163636e-06,3.779457e-05,1,10,4.943943e-07,5.575181e-06,6,3,1.035946,1.834765e-07,2,9,8.567792e-06,8.928626e+08,0.009477802,2.006131,1.003066,-101.633,-125.6202,-170.8816,-174.8688,0.7826221
-1,7,8,2.645004e-07,2,8,8.636558e-06,8.845255e-06,4,5.281942e-06,3.941342e-05,1,5,1.985903e-07,9.848815e-06,9,4,1.133164,4.754058e-07,3,9,8.779353e-06,1.740598e+09,0.02867011,2.080438,1.040219,-94.21517,-120.033,-164.4548,-170.2727,4.051204
-1,8,9,4.541426e-07,1,9,9.19589e-06,5.735951e-06,9,6.138414e-06,4.56525e-05,1,5,3.346363e-07,7.883886e-06,9,4,0.8269864,3.183285e-07,3,7,7.443325e-06,1.863128e+09,0.006629415,1.802007,0.9010036,-92.8891,-119.4403,-170.0792,-176.6304,0.4246517
-1,9,10,4.715807e-07,1,9,9.846422e-06,9.93358e-06,8,8.884974e-06,4.676385e-05,1,3,3.93954e-07,7.149278e-06,6,4,0.8142057,4.807474e-07,4,10,5.837592e-06,2.720011e+09,0.00626557,1.349541,0.6747706,-81.01356,-109.1712,-161.7354,-169.893,0.1979323
-1,10,11,3.817841e-07,4,8,5.569069e-06,7.175151e-06,4,8.926409e-06,4.212222e-05,1,3,2.008583e-07,6.17163e-06,6,1,0.8089544,2.140079e-07,1,9,9.416348e-06,5.094814e+09,0.007907374,1.894835,0.9474173,-89.9094,-115.389,-175.0716,-180.5513,0.0692864
-1,11,12,4.702539e-07,3,6,7.878249e-06,9.928463e-06,3,6.382051e-06,3.256744e-05,1,2,2.1949e-07,6.676218e-06,9,5,1.174648,4.58e-07,3,6,8.270158e-06,5.282095e+09,0.01915656,1.851885,0.9259426,-93.25994,-117.6296,-174.8929,-179.2626,0.8947336
-1,12,13,1.872962e-07,1,9,5.439915e-06,6.185172e-06,1,5.850592e-06,3.736089e-05,1,3,2.599667e-07,5.031833e-06,6,4,0.8101192,4.109322e-07,4,7,9.990366e-06,3.945979e+09,0.007232418,1.633005,0.8165026,-68.74636,-97.61706,-152.0766,-160.9473,5.724158
-1,13,14,4.743351e-07,3,6,5.216017e-06,9.322284e-06,9,5.124314e-06,4.61624e-05,1,5,2.008536e-07,7.000758e-06,7,1,0.8759928,3.567475e-07,2,6,8.612272e-06,2.409019e+09,0.006706652,1.893061,0.9465303,-95.24553,-120.4566,-174.6173,-179.8283,0.3270986
-1,14,15,3.953455e-07,3,10,9.614253e-06,7.13135e-06,2,8.642917e-06,4.119737e-05,1,6,4.748339e-07,9.135869e-06,7,3,1.177324,3.34563e-07,2,9,7.539361e-06,1.807567e+09,0.0141162,2.055782,1.027891,-97.36277,-120.9338,-171.0075,-174.5785,0.7050152
-1,15,16,2.194066e-07,3,10,5.941565e-06,9.866248e-06,5,6.280944e-06,3.506467e-05,1,6,3.560127e-07,8.44284e-06,6,5,1.042496,2.302094e-07,3,9,9.427438e-06,1.571372e+09,0.0247717,2.065435,1.032718,-94.75592,-120.5265,-164.7419,-170.5125,2.785593
-1,16,17,4.859461e-07,3,7,9.387188e-06,7.068518e-06,9,6.640033e-06,3.726623e-05,1,7,2.408926e-07,9.18092e-06,9,4,1.103524,4.854372e-07,4,6,6.053401e-06,nil,0.02033339,nil,nil,nil,nil,1e+12,1e+12,3e+12
-1,17,18,4.967585e-07,2,9,7.699551e-06,9.270336e-06,1,7.549267e-06,4.008119e-05,1,9,2.636764e-07,5.241125e-06,9,4,0.9541746,4.166674e-07,2,6,5.337961e-06,1.37095e+09,0.01040263,2.104737,1.052369,-94.02776,-118.2705,-166.5968,-170.8395,0.6828663
-1,18,19,3.800108e-07,4,9,9.076615e-06,7.317598e-06,5,7.89355e-06,3.498256e-05,1,4,3.235245e-07,8.209873e-06,7,3,0.9361893,4.504407e-07,3,7,6.774903e-06,2.911469e+09,0.01564424,1.982818,0.9914092,-97.45061,-120.5948,-174.7893,-177.9335,0.5868723
-1,19,20,4.910848e-07,3,6,6.168143e-06,8.152746e-06,2,5.408236e-06,3.168541e-05,1,4,3.026542e-07,9.651865e-06,10,1,1.038449,4.307923e-07,3,6,6.812181e-06,3.943297e+09,0.008874793,1.919293,0.9596467,-93.6963,-117.1684,-176.1319,-179.6041,0.1162572
-1,20,21,4.114488e-07,3,8,5.858958e-06,5.95535e-06,10,8.929024e-06,4.209648e-05,1,3,1.878115e-07,5.91554e-06,6,3,0.9498699,3.270893e-07,2,8,7.706506e-06,3.589512e+09,0.01348267,1.914003,0.9570016,-93.78786,-119.2532,-173.5908,-179.0561,0.2689946
-1,21,22,2.828977e-07,3,9,8.524248e-06,6.802522e-06,9,8.577397e-06,3.003004e-05,1,3,2.18177e-07,9.99618e-06,10,4,1.054659,2.071034e-07,4,8,9.352515e-06,3.039334e+09,0.04173254,2.018232,1.009116,-93.6716,-119.5848,-167.1224,-173.0356,10.3331
-1,22,23,3.285736e-07,3,6,7.443518e-06,8.356273e-06,4,5.477195e-06,3.23082e-05,1,4,3.984833e-07,6.756846e-06,8,1,0.856218,2.949211e-07,3,5,5.37304e-06,4.42894e+09,0.005538075,1.796516,0.8982578,-91.90046,-116.0651,-177.3929,-181.5576,0.04831813
-1,23,24,3.319674e-07,4,6,7.971006e-06,8.625748e-06,3,6.312999e-06,3.804337e-05,1,2,1.999e-07,5.661724e-06,8,3,0.8655299,2.040207e-07,2,8,5.852519e-06,6.881421e+09,0.01676579,1.984141,0.9920703,-86.17756,-112.5328,-170.6869,-177.0421,0.6839428
-1,24,25,2.878395e-07,3,8,5.098794e-06,8.84292e-06,2,5.663252e-06,3.009248e-05,1,6,2.099961e-07,7.956213e-06,5,4,1.134966,3.960465e-07,3,5,9.688726e-06,2.278941e+09,0.01829758,2.085785,1.042892,-91.30385,-116.8811,-165.8346,-171.4119,1.127135
-1,25,26,4.830302e-07,2,5,5.045784e-06,7.134048e-06,7,7.797455e-06,4.367086e-05,1,8,2.730207e-07,9.458715e-06,6,4,0.9277367,2.241078e-07,3,8,6.352436e-06,1.201625e+09,0.005714212,1.917829,0.9589146,-98.21496,-122.5721,-172.2408,-176.5979,0.64727
-1,26,27,3.339561e-07,1,9,7.874252e-06,8.30177e-06,10,6.972508e-06,4.031667e-05,1,9,3.555062e-07,7.851841e-06,9,4,1.033582,4.665372e-07,2,6,7.274599e-06,9.429653e+08,0.01052062,2.022893,1.011447,-100.9509,-124.9939,-170.2204,-174.2634,0.7763792
-1,27,28,4.850477e-07,5,6,6.219819e-06,9.446694e-06,4,9.759342e-06,3.568619e-05,1,5,4.477715e-07,8.812007e-06,10,5,1.037521,3.349825e-07,3,8,9.39411e-06,1.640721e+09,0.0196757,1.977756,0.9888779,-102.5457,-125.4606,-173.9071,-176.822,1.480074
-1,28,29,2.062673e-07,2,9,8.15271e-06,8.997017e-06,7,7.367318e-06,3.85917e-05,1,8,4.059013e-07,5.273724e-06,8,4,0.8808349,4.809384e-07,3,8,9.461505e-06,1.071158e+09,0.01373801,2.032052,1.016026,-100.4042,-124.6806,-169.622,-173.8984,0.8761203
-1,29,30,4.606993e-07,2,7,8.569857e-06,9.495686e-06,3,8.099345e-06,4.076144e-05,1,3,2.23035e-07,7.966351e-06,6,2,0.9351276,4.675992e-07,2,6,6.861056e-06,4.628315e+09,0.00898007,1.90314,0.9515701,-92.75978,-116.855,-176.5354,-180.6307,0.0753063
-1,30,31,3.696026e-07,4,6,6.492248e-06,8.851805e-06,8,5.009934e-06,3.12221e-05,1,6,4.058965e-07,8.223041e-06,7,4,1.18437,2.395264e-07,4,6,9.029445e-06,1.730695e+09,0.01845915,2.025064,1.012532,-98.28395,-122.3827,-170.3862,-174.485,1.256449
-1,31,32,2.695589e-07,5,10,7.071779e-06,7.515564e-06,3,8.889377e-06,4.829015e-05,1,9,1.896955e-07,7.65587e-06,8,4,1.040961,4.461619e-07,3,7,9.168714e-06,nil,0.0318224,nil,nil,nil,nil,1e+12,1e+12,3e+12
-1,32,33,3.647617e-07,2,7,6.416535e-06,9.276851e-06,9,5.629847e-06,4.641273e-05,1,9,1.851299e-07,9.462815e-06,6,5,1.148058,3.598389e-07,3,6,6.69936e-06,nil,0.01725085,nil,nil,nil,nil,1e+12,1e+12,3e+12
-1,33,34,2.899179e-07,2,6,6.868959e-06,9.174622e-06,8,5.598532e-06,3.963009e-05,1,7,4.807869e-07,7.397376e-06,6,2,1.158636,3.389342e-07,1,9,8.113194e-06,1.736559e+09,0.006501465,1.930052,0.9650259,-99.5926,-122.4736,-176.2563,-179.1373,0.4989971
-1,34,35,4.445529e-07,5,7,9.213793e-06,8.939862e-06,7,8.84316e-06,4.34509e-05,1,3,4.415464e-07,7.699586e-06,8,1,1.119264,4.727691e-07,5,8,5.173049e-06,3.189005e+09,0.006789294,1.494295,0.7471474,-93.86234,-119.2659,-175.6172,-181.0208,0.1219286
-1,35,36,3.200038e-07,2,8,6.887355e-06,8.798859e-06,9,7.640961e-06,4.335706e-05,1,6,3.325082e-07,5.016308e-06,7,2,0.9721513,2.452064e-07,2,6,9.86201e-06,1.827139e+09,0.00839367,1.927647,0.9638237,-99.46777,-123.0134,-175.4637,-179.0094,0.4745535
-1,36,37,4.464048e-07,2,6,8.249238e-06,9.358402e-06,7,8.854653e-06,4.384536e-05,1,8,2.845862e-07,8.303227e-06,6,3,0.8990566,3.534147e-07,2,6,5.350565e-06,1.269392e+09,0.008316406,1.999559,0.9997794,-100.006,-123.3264,-172.8785,-176.1989,0.6599079
-1,37,38,1.91121e-07,3,8,7.556706e-06,7.995377e-06,10,9.416693e-06,3.18549e-05,1,1,2.518282e-07,5.7079e-06,9,3,0.8902201,3.482147e-07,3,5,6.483008e-06,7.725231e+09,0.0164019,1.49246,0.7462301,-92.53474,-117.2664,-178.144,-182.8757,0.6748122
-1,38,39,2.184559e-07,4,5,7.235034e-06,6.547065e-06,3,5.270676e-06,4.2813e-05,1,5,4.53869e-07,9.000116e-06,7,3,0.9319889,4.894815e-07,1,7,9.252342e-06,2.44452e+09,0.009618782,2.00657,1.003285,-98.45274,-120.7753,-176.3854,-178.708,0.3651701
-1,39,40,2.259119e-07,3,9,6.839688e-06,8.402927e-06,8,9.62082e-06,4.984371e-05,1,4,1.847737e-07,7.959365e-06,7,4,1.026936,4.741608e-07,5,9,9.866939e-06,nil,nil,nil,nil,nil,nil,1e+12,1e+12,4e+12
-1,40,41,3.763996e-07,3,7,7.347947e-06,6.666678e-06,9,9.606219e-06,4.475511e-05,1,10,2.144265e-07,8.339051e-06,6,4,1.002714,3.346834e-07,2,7,7.037749e-06,nil,0.01681618,nil,nil,nil,nil,1e+12,1e+12,3e+12
-1,41,42,2.821951e-07,4,9,6.671388e-06,6.091661e-06,3,9.989816e-06,4.667489e-05,1,10,3.83887e-07,5.622534e-06,8,2,0.9835186,1.97408e-07,3,7,9.878219e-06,9.948919e+08,0.01162105,2.100561,1.050281,-95.47905,-120.8079,-164.7821,-170.1109,0.8217243
-1,42,43,2.57296e-07,2,10,6.745665e-06,9.271472e-06,2,9.978608e-06,3.831763e-05,1,4,4.190621e-07,9.770003e-06,8,2,1.07113,4.924904e-07,3,10,9.872479e-06,2.393174e+09,0.01379751,1.897666,0.9488332,-99.72277,-122.5981,-175.9042,-178.7796,0.476226
-1,43,44,3.161936e-07,1,10,5.313759e-06,6.105567e-06,6,6.166055e-06,4.480087e-05,1,8,2.149395e-07,7.802059e-06,10,2,0.978613,2.848604e-07,2,8,6.617052e-06,1.419834e+09,0.009180667,2.059371,1.029685,-92.17065,-118.2554,-165.5867,-171.6714,0.6435028
-1,44,45,3.610707e-07,1,8,6.564575e-06,5.357729e-06,4,8.432216e-06,4.570334e-05,1,4,4.138096e-07,6.197947e-06,9,4,0.8333161,4.253314e-07,1,9,9.999358e-06,2.723092e+09,0.005101919,1.699236,0.8496182,-83.91167,-111.9427,-165.5356,-173.5667,0.2150154
-1,45,46,4.32294e-07,2,9,9.488023e-06,9.303476e-06,7,5.966373e-06,3.737448e-05,1,4,4.807419e-07,6.832662e-06,10,1,0.7557772,2.510399e-07,2,7,9.542214e-06,3.207294e+09,0.005750558,1.686879,0.8434397,-95.69358,-119.6007,-178.2193,-182.1263,0.1348576
-1,46,47,4.725044e-07,3,6,8.223656e-06,9.030409e-06,9,7.359964e-06,4.982458e-05,1,6,4.061581e-07,8.285936e-06,7,1,0.9273291,2.460452e-07,4,6,6.998329e-06,1.645023e+09,0.006485799,1.853006,0.926503,-101.3811,-124.497,-177.5849,-180.7008,0.4966531
-1,47,48,2.556629e-07,2,9,5.881325e-06,7.59576e-06,7,6.168142e-06,4.06398e-05,1,4,4.466845e-07,8.912158e-06,6,3,1.18613,4.748304e-07,2,9,6.966688e-06,2.682375e+09,0.0109246,1.914067,0.9570337,-99.46177,-121.9313,-177.6481,-180.1176,0.2895751
-1,48,49,2.431016e-07,3,10,9.519683e-06,5.87168e-06,3,9.554819e-06,4.136801e-05,1,8,3.969275e-07,9.142745e-06,5,4,1.007154,2.412473e-07,2,6,7.125131e-06,1.365554e+09,0.01534343,2.10264,1.05132,-92.50769,-118.0303,-163.3546,-168.8773,0.9672299
-1,49,50,4.621313e-07,1,9,8.575247e-06,9.399314e-06,2,5.574655e-06,4.698082e-05,1,4,4.068397e-07,6.8943e-06,8,2,0.8816545,3.150476e-07,3,8,6.664938e-06,3.021228e+09,0.006438489,1.876588,0.9382941,-94.31672,-118.4465,-175.8325,-179.9623,0.2100436
0,0,51,4.897828e-07,1,7,9.547672e-06,6.758462e-06,9,8.272179e-06,3.04214e-05,1,3,4.807927e-07,6.020411e-06,7,4,0.8796904,2.654902e-07,2,6,8.516489e-06,4.049751e+09,0.005761481,1.384018,0.6920089,-82.45982,-110.3158,-167.003,-174.8591,0.03010928
0,1,52,3.285736e-07,3,6,7.443518e-06,8.356273e-06,4,5.477195e-06,3.23082e-05,1,4,3.984833e-07,6.756846e-06,8,1,0.856218,2.949211e-07,3,5,5.37304e-06,4.42894e+09,0.005538075,1.796516,0.8982578,-91.90046,-116.0651,-177.3929,-181.5576,0.04831813
0,2,53,4.159724e-07,4,10,7.556908e-06,8.810287e-06,5,7.35531e-06,3.599101e-05,1,2,3.394193e-07,6.097937e-06,5,3,1.064041,4.843156e-07,5,8,8.027111e-06,4.60278e+09,0.01220267,1.525442,0.7627211,-90.16162,-116.5811,-172.5575,-178.9769,0.05248456
0,3,54,2.406109e-07,3,8,8.250795e-06,7.860306e-06,5,8.488679e-06,3.783479e-05,1,6,3.784074e-07,8.453173e-06,7,3,1.113133,3.87378e-07,2,8,6.970457e-06,1.843341e+09,0.01443563,2.034144,1.017072,-97.75473,-121.2709,-171.4725,-174.9886,0.712689
0,4,55,2.243469e-07,2,6,7.008739e-06,8.638805e-06,6,6.868525e-06,4.49162e-05,1,4,4.087981e-07,7.937856e-06,8,3,0.8515926,2.606923e-07,4,7,8.999378e-06,2.298697e+09,0.01164122,1.916901,0.9584505,-97.00044,-121.9774,-173.5701,-178.547,0.3860148
0,5,56,4.734906e-07,3,6,7.228828e-06,5.686711e-06,9,6.118673e-06,4.741356e-05,1,5,3.104839e-07,8.221346e-06,7,1,0.9147352,2.873538e-07,1,6,7.572288e-06,2.807166e+09,0.005836674,1.927514,0.9637571,-95.36985,-119.2081,-176.6736,-180.5118,0.2636524
0,6,57,2.51862e-07,4,5,7.131932e-06,8.929013e-06,5,8.797356e-06,3.94232e-05,1,7,4.644458e-07,7.48791e-06,7,5,1.055649,3.656937e-07,2,9,8.577429e-06,1.266906e+09,0.01607482,2.043373,1.021686,-99.76956,-123.6799,-169.763,-173.6734,1.050003
0,7,58,3.285736e-07,3,6,7.443518e-06,6.591922e-06,4,5.477195e-06,3.23082e-05,1,6,3.984833e-07,6.756846e-06,8,1,0.995663,2.949211e-07,3,5,5.37304e-06,2.961875e+09,0.005768199,1.919349,0.9596744,-93.56438,-117.2694,-175.3853,-179.0903,0.2346055
0,8,59,2.562063e-07,5,6,6.875476e-06,6.446778e-06,3,5.490879e-06,3.757833e-05,1,6,4.118962e-07,7.16384e-06,7,4,0.8773284,3.265908e-07,2,8,6.682846e-06,2.01741e+09,0.01403879,2.063725,1.031863,-95.62725,-119.619,-170.2498,-174.2416,0.6504339
0,9,60,4.61656e-07,3,8,8.911018e-06,9.043113e-06,2,8.059687e-06,3.126575e-05,1,6,3.184842e-07,8.622075e-06,9,2,1.049285,2.854551e-07,2,8,9.892772e-06,2.201362e+09,0.0156174,2.063632,1.031816,-94.41429,-118.9086,-169.332,-173.8264,0.7600608
0,10,61,3.74289e-07,2,5,7.968194e-06,9.161014e-06,4,6.055822e-06,3.256357e-05,1,4,3.551713e-07,7.367004e-06,7,2,0.9288006,4.63927e-07,3,5,6.269595e-06,3.711402e+09,0.007027818,1.831526,0.9157632,-95.27311,-118.5346,-178.1957,-181.4571,0.1076895
0,11,62,4.943493e-07,2,9,8.674746e-06,6.076745e-06,6,5.771553e-06,3.904249e-05,1,4,4.261486e-07,7.431563e-06,10,1,0.857223,2.871449e-07,2,8,8.084281e-06,3.441702e+09,0.006647324,1.831196,0.9155981,-94.70127,-118.4091,-177.2103,-180.9181,0.1373243
0,12,63,4.092079e-07,2,9,5.364351e-06,7.879463e-06,7,6.753602e-06,4.337577e-05,1,2,3.409542e-07,8.932582e-06,6,3,1.111535,3.922655e-07,2,8,9.315802e-06,4.753439e+09,0.01162738,1.743666,0.8718328,-94.44894,-118.5262,-177.3343,-181.4116,0.05376616
0,13,64,4.689727e-07,4,7,7.339064e-06,7.455768e-06,6,8.885951e-06,4.30745e-05,1,3,2.02914e-07,7.849589e-06,5,1,1.182286,2.212951e-07,1,10,7.439169e-06,4.529907e+09,0.008913223,1.87758,0.9387899,-92.07724,-117.1984,-175.6987,-180.8198,0.06906753
0,14,65,4.751542e-07,1,6,7.46865e-06,7.755446e-06,8,5.514803e-06,4.384936e-05,1,7,3.831317e-07,7.229435e-06,6,4,0.91925,4.27242e-07,3,9,8.671338e-06,1.29743e+09,0.004924523,1.753724,0.8768619,-92.34473,-119.5522,-167.6828,-174.8902,0.5691574
0,15,66,4.43088e-07,5,6,8.811519e-06,6.803288e-06,8,7.772404e-06,3.451516e-05,1,4,3.998498e-07,9.388597e-06,6,2,1.097725,4.65505e-07,3,8,6.464809e-06,2.869341e+09,0.01053795,1.839581,0.9197907,-98.67543,-121.5716,-177.6035,-180.4997,0.2258894
0,16,67,3.800108e-07,4,9,9.076615e-06,8.429921e-06,4,7.89355e-06,3.498256e-05,1,4,3.235245e-07,5.503602e-06,7,3,0.9361893,4.504407e-07,3,7,6.774903e-06,3.150192e+09,0.0124413,1.947315,0.9736575,-96.85886,-119.985,-175.8769,-179.0031,0.2760516
0,17,68,3.492447e-07,1,10,7.374508e-06,5.550563e-06,6,6.335491e-06,3.98432e-05,1,8,2.664834e-07,7.539068e-06,10,3,0.9286728,2.936904e-07,2,8,7.17033e-06,6.688446e+08,0.01019888,4.636081e-06,2.318041e-06,-66.46366,-66.49372,-132.8846,-112.9147,1124.417
0,18,69,4.458059e-07,1,8,8.098139e-06,6.308022e-06,7,8.097841e-06,4.075914e-05,1,5,3.209527e-07,7.869172e-06,7,3,0.9702254,4.672034e-07,2,6,9.602235e-06,2.206522e+09,0.00755711,1.865179,0.9325896,-98.22906,-121.7549,-176.3197,-179.8455,0.3614276
0,19,70,2.937338e-07,2,8,6.109003e-06,8.958471e-06,5,5.784016e-06,4.176238e-05,1,4,2.417205e-07,6.815557e-06,6,1,0.8248453,2.697755e-07,3,9,8.299105e-06,3.067993e+09,0.007393527,1.822885,0.9114424,-94.42977,-119.3667,-175.4783,-180.4153,0.1861209
0,20,71,4.669377e-07,1,6,8.256287e-06,7.594871e-06,9,9.111097e-06,4.5772e-05,1,6,3.911503e-07,7.959999e-06,10,4,0.9249891,3.794289e-07,3,7,8.789474e-06,1.323315e+09,0.00573469,1.66512,0.83256,-91.31358,-119.0287,-166.1618,-173.8769,0.5449236
0,21,72,2.611007e-07,5,6,6.577533e-06,6.473655e-06,9,8.638211e-06,3.365797e-05,1,6,3.695567e-07,7.057436e-06,7,4,0.92279,3.214724e-07,2,7,6.459202e-06,1.845244e+09,0.01435416,2.003003,1.001501,-98.1312,-121.9177,-171.8825,-175.669,0.6906889
0,22,73,2.821951e-07,4,9,6.671388e-06,6.091661e-06,3,8.026069e-06,4.667489e-05,1,10,3.83887e-07,5.622534e-06,6,2,0.9835186,1.97408e-07,3,7,7.580189e-06,5.745187e+08,0.008983897,1.184846e-05,5.924232e-06,-69.222,-72.51152,-134.8734,-118.163,757.3958
0,23,74,2.712315e-07,1,9,7.374799e-06,7.996138e-06,3,8.923002e-06,4.676069e-05,1,10,3.896227e-07,8.748843e-06,7,5,0.9268772,2.483464e-07,4,10,8.417715e-06,7.135048e+08,0.01162564,2.065165,1.032582,-95.29339,-122.4198,-161.7072,-168.8336,0.8983644
0,24,75,4.181096e-07,3,9,8.819769e-06,8.857363e-06,6,6.884912e-06,3.695526e-05,1,3,3.528639e-07,6.663048e-06,8,3,1.058067,3.45654e-07,2,5,9.271267e-06,3.951345e+09,0.01303805,1.911429,0.9557145,-95.90674,-119.515,-176.6895,-180.2977,0.2050126
0,25,76,3.814935e-07,1,6,6.275545e-06,7.519713e-06,5,6.486775e-06,3.590988e-05,1,3,2.022139e-07,6.266815e-06,7,1,0.8407603,2.637972e-07,3,7,7.135035e-06,5.070773e+09,0.003646977,1.401518,0.7007592,-73.29871,-101.7361,-161.7809,-170.2183,0.0
0,26,77,2.55686e-07,2,8,6.041628e-06,8.218771e-06,4,7.948999e-06,3.069023e-05,1,4,4.458261e-07,9.145162e-06,6,4,1.185889,4.889767e-07,3,9,7.687241e-06,2.683703e+09,0.01424821,1.88376,0.94188,-99.643,-122.393,-176.6801,-179.4301,0.450507
0,27,78,3.53926e-07,3,8,6.27589e-06,8.46455e-06,8,7.80393e-06,4.255748e-05,1,5,3.012655e-07,5.120865e-06,7,1,0.9118843,2.365558e-07,2,5,9.750153e-06,2.502898e+09,0.005775032,1.789098,0.8945492,-97.521,-121.5013,-177.8743,-181.8546,0.2764667
0,28,79,4.184728e-07,3,8,6.577783e-06,8.65397e-06,5,7.478088e-06,3.334271e-05,1,4,3.110157e-07,6.960866e-06,9,2,1.08497,4.319942e-07,4,9,7.217241e-06,2.718185e+09,0.01376527,1.894738,0.947369,-98.3699,-121.7381,-175.6676,-179.0359,0.4092887
0,29,80,3.953455e-07,5,10,9.614253e-06,7.13135e-06,2,8.642917e-06,4.119737e-05,1,6,4.748339e-07,9.135869e-06,7,3,1.177324,3.34563e-07,5,9,7.539361e-06,1.455186e+09,0.01812444,2.037863,1.018932,-100.5733,-123.8389,-171.249,-174.5146,1.282884
0,30,81,4.055518e-07,3,6,7.28113e-06,6.077864e-06,9,6.809134e-06,3.18796e-05,1,6,3.871126e-07,8.114036e-06,6,4,0.9196837,3.089894e-07,2,8,7.203455e-06,1.949422e+09,0.0114518,1.974815,0.9874075,-99.16232,-122.3707,-174.3717,-177.5801,0.483872
0,31,82,2.352233e-07,1,8,5.935584e-06,5.843488e-06,2,6.407376e-06,4.451816e-05,1,4,4.219589e-07,5.456522e-06,7,5,0.8243663,3.188612e-07,5,8,9.992402e-06,2.272645e+09,0.006426653,1.635759,0.8178797,-75.74153,-104.5227,-154.7923,-163.5735,0.2956964
0,32,83,4.313778e-07,4,9,7.687553e-06,6.134166e-06,9,8.924828e-06,4.218257e-05,1,1,3.128802e-07,7.426816e-06,7,1,0.8436506,2.819928e-07,4,10,5.439863e-06,7.991881e+09,0.008294024,1.068717,0.5343587,-82.24674,-109.9049,-171.1121,-178.7703,0.3215292
0,33,84,3.858416e-07,3,6,8.145425e-06,8.831227e-06,3,7.678307e-06,4.252328e-05,1,8,2.49913e-07,7.763977e-06,7,3,0.8657073,2.832234e-07,1,10,5.426416e-06,1.532532e+09,0.01108887,2.08088,1.04044,-92.52314,-117.662,-165.7825,-170.9213,0.6341179
0,34,85,4.960344e-07,3,8,7.366705e-06,8.342887e-06,9,8.128854e-06,4.033099e-05,1,10,4.715756e-07,6.965131e-06,6,3,1.029772,4.644463e-07,2,7,7.491685e-06,9.043615e+08,0.008256342,2.023418,1.011709,-103.5106,-125.8804,-173.4696,-175.8394,0.7866993
0,35,86,2.135226e-07,4,9,6.205216e-06,6.167316e-06,7,8.799741e-06,3.90295e-05,1,5,4.338187e-07,7.616015e-06,8,3,1.057232,4.807989e-07,1,10,7.831366e-06,2.210322e+09,0.01126065,1.961601,0.9808007,-100.0245,-122.4531,-176.398,-178.8266,0.4118992
0,36,87,3.122076e-07,3,9,6.897208e-06,8.900668e-06,6,5.886477e-06,3.129515e-05,1,6,2.466721e-07,7.019732e-06,8,2,0.8514283,3.887494e-07,3,5,9.666921e-06,2.141457e+09,0.01349917,2.020178,1.010089,-95.55165,-120.0405,-170.8628,-175.3516,0.5596352
0,37,88,4.743351e-07,3,6,5.216017e-06,9.322284e-06,10,5.124314e-06,4.61624e-05,1,5,2.008536e-07,7.000758e-06,7,1,0.8759928,3.567475e-07,2,6,8.612272e-06,2.342789e+09,0.006706652,1.880584,0.9402921,-95.7818,-120.9368,-174.9114,-180.0664,0.3367338
0,38,89,2.429756e-07,2,7,5.480705e-06,7.510174e-06,6,7.782103e-06,3.69296e-05,1,7,3.217689e-07,9.285123e-06,6,4,1.001906,2.506655e-07,3,9,7.565161e-06,1.40455e+09,0.01525543,2.04496,1.02248,-93.24242,-119.9155,-164.3589,-171.032,0.9170658
0,39,90,2.887214e-07,4,9,8.526218e-06,7.720472e-06,10,7.944663e-06,3.738524e-05,1,5,4.164411e-07,8.036728e-06,7,3,0.9858615,2.857903e-07,3,7,8.386975e-06,1.937645e+09,0.01598069,1.962224,0.9811119,-99.55135,-123.1816,-173.2609,-176.8911,0.8181384
0,40,91,4.141933e-07,2,10,6.737111e-06,9.224442e-06,7,6.139139e-06,3.902306e-05,1,4,4.525795e-07,7.72571e-06,9,2,1.072272,3.775819e-07,2,7,8.780943e-06,2.796483e+09,0.009717078,1.873906,0.9369532,-98.80056,-121.6519,-177.8574,-180.7088,0.2464253
0,41,92,2.971798e-07,4,6,6.74674e-06,6.959261e-06,3,8.705725e-06,3.579018e-05,1,4,2.596498e-07,6.6207e-06,7,1,0.8953948,2.435355e-07,1,6,9.284786e-06,4.710663e+09,0.007167841,1.94558,0.9727902,-89.85522,-114.7174,-174.763,-179.6252,0.08973388
0,42,93,3.526154e-07,5,7,5.397292e-06,7.368776e-06,3,6.525826e-06,4.245494e-05,1,2,2.001186e-07,5.832962e-06,7,1,0.8346329,2.091027e-07,2,8,7.789242e-06,7.40202e+09,0.009459728,1.869442,0.9347209,-86.19287,-112.1949,-173.8211,-179.8231,0.2644018
0,43,94,4.77221e-07,3,6,5.115141e-06,8.765875e-06,8,7.361637e-06,4.763964e-05,1,7,2.151754e-07,9.964141e-06,7,1,0.8968386,2.571621e-07,2,7,8.229972e-06,1.539592e+09,0.007817567,1.98451,0.9922548,-97.11356,-121.9965,-171.931,-176.8138,0.5746514
0,44,95,4.894294e-07,2,6,7.899078e-06,7.769762e-06,5,9.161237e-06,3.506655e-05,1,4,4.640652e-07,6.102865e-06,8,5,0.8978093,3.333999e-07,3,10,9.380417e-06,2.377414e+09,0.008877614,1.681912,0.8409562,-91.23546,-118.2037,-169.2746,-176.2429,0.2797405
0,45,96,4.90348e-07,2,6,8.133306e-06,7.605375e-06,8,7.449988e-06,3.167821e-05,1,4,4.759226e-07,6.838854e-06,9,2,0.9172732,3.259965e-07,3,5,8.444072e-06,3.097704e+09,0.007066809,1.695923,0.8479614,-96.85183,-120.5812,-178.1804,-181.9098,0.1523486
0,46,97,4.574693e-07,2,9,9.732917e-06,9.374494e-06,6,6.775869e-06,4.462057e-05,1,3,4.279806e-07,8.872094e-06,9,4,0.756215,4.245366e-07,3,8,6.352196e-06,2.812262e+09,0.009263074,1.700095,0.8500473,-89.64268,-116.7253,-168.9562,-176.0388,0.1993293
0,47,98,4.901219e-07,2,8,8.275697e-06,6.281457e-06,1,7.595843e-06,3.478402e-05,1,6,2.38456e-07,7.51995e-06,6,4,0.9433869,4.242539e-07,2,9,5.112034e-06,2.394685e+09,0.01136396,2.054973,1.027487,-93.15818,-117.4906,-170.1878,-174.5202,0.4169069
0,48,99,4.705333e-07,1,9,8.98883e-06,9.66434e-06,3,6.945624e-06,4.69771e-05,1,4,4.051156e-07,7.141389e-06,8,1,0.8699737,3.201838e-07,3,9,6.407981e-06,3.043466e+09,0.005026993,1.744118,0.8720588,-94.45837,-118.4446,-177.1127,-181.0989,0.1700394
0,49,100,4.853536e-07,5,6,6.91692e-06,8.868756e-06,3,8.585203e-06,3.856426e-05,1,4,3.855768e-07,9.488183e-06,10,5,0.798238,4.098425e-07,3,6,8.012851e-06,2.174057e+09,0.0128037,1.86132,0.9306601,-98.95888,-122.8778,-174.6309,-178.5499,0.4461167
1,0,101,3.814935e-07,1,6,6.275545e-06,7.519713e-06,5,6.486775e-06,3.590988e-05,1,3,2.022139e-07,6.266815e-06,7,1,0.8407603,2.637972e-07,3,7,7.135035e-06,5.070773e+09,0.003646977,1.401518,0.7007592,-73.29871,-101.7361,-161.7809,-170.2183,0.0
1,1,102,4.897828e-07,1,7,9.547672e-06,6.758462e-06,9,8.272179e-06,3.04214e-05,1,3,4.807927e-07,6.020411e-06,7,4,0.8796904,2.654902e-07,2,6,8.516489e-06,4.049751e+09,0.005761481,1.384018,0.6920089,-82.45986,-110.3159,-167.0031,-174.8591,0.03010928
1,2,103,3.285736e-07,3,6,7.443518e-06,8.356273e-06,4,5.477195e-06,3.23082e-05,1,4,3.984833e-07,6.756846e-06,8,1,0.856218,2.949211e-07,3,5,5.37304e-06,4.42894e+09,0.005538075,1.796516,0.8982578,-91.90046,-116.0651,-177.3929,-181.5576,0.04831813
1,3,104,4.740654e-07,2,10,7.667393e-06,6.744086e-06,4,7.591423e-06,3.447618e-05,1,4,2.477322e-07,7.506291e-06,8,4,0.9455601,4.29549e-07,4,9,5.151204e-06,2.77456e+09,0.01522115,1.958227,0.9791134,-96.10748,-120.2236,-173.1469,-177.263,0.5540754
1,4,105,3.90815e-07,2,8,7.765343e-06,6.986154e-06,4,5.517105e-06,3.638215e-05,1,4,4.018399e-07,7.214943e-06,8,1,0.8571823,2.909689e-07,3,7,7.753871e-06,3.638551e+09,0.00613088,1.779351,0.8896753,-93.45622,-117.4892,-176.7996,-180.8325,0.1009576
1,5,106,3.18568e-07,1,6,6.741524e-06,7.024793e-06,3,9.566452e-06,3.588303e-05,1,3,2.565044e-07,6.470588e-06,7,1,0.8554221,2.544016e-07,1,6,8.970532e-06,6.116688e+09,0.004185821,1.725504,0.8627519,-86.44435,-112.6544,-175.9569,-182.1669,0.06234149
1,6,107,2.042912e-07,2,6,7.896004e-06,6.446052e-06,9,6.961218e-06,4.375484e-05,1,7,3.771003e-07,8.184825e-06,7,2,0.9805451,2.333202e-07,1,5,8.319122e-06,1.722924e+09,0.008674472,2.011594,1.005797,-95.37425,-120.1025,-170.7171,-175.4454,0.536724
1,7,108,4.689727e-07,4,7,7.339064e-06,8.538931e-06,6,8.885951e-06,4.30745e-05,1,3,4.26585e-07,7.849589e-06,5,1,0.9227352,2.212951e-07,3,10,7.439169e-06,3.661061e+09,0.005139394,1.414279,0.7071393,-91.08554,-117.1028,-175.2486,-181.2658,0.06393043
1,8,109,2.644601e-07,1,7,8.987454e-06,8.488229e-06,6,8.248614e-06,3.808597e-05,1,6,2.060152e-07,8.128826e-06,7,3,0.8774408,3.636794e-07,2,9,8.337332e-06,1.791124e+09,0.009448497,1.950989,0.9754944,-96.24486,-121.0454,-171.5537,-176.3543,0.4929411
1,9,110,4.596867e-07,2,9,8.695095e-06,8.008944e-06,8,6.64184e-06,4.344038e-05,1,4,3.879438e-07,8.105842e-06,9,3,0.83263,3.519205e-07,3,8,7.691977e-06,2.291445e+09,0.01110235,1.885501,0.9427503,-99.80162,-123.0611,-176.5497,-179.8091,0.361606
1,10,111,4.55919e-07,5,6,8.412994e-06,6.784017e-06,8,7.359563e-06,3.294859e-05,1,5,3.997119e-07,9.304798e-06,8,2,1.021478,3.382335e-07,3,8,6.305168e-06,2.321539e+09,0.01293962,1.951842,0.975921,-98.69525,-121.9179,-174.8915,-178.1142,0.4540559
1,11,112,3.942215e-07,2,7,8.759041e-06,8.019359e-06,10,7.228143e-06,4.802884e-05,1,3,4.481635e-07,6.74569e-06,8,2,0.873887,2.927111e-07,2,5,7.989672e-06,3.361528e+09,0.007299293,1.744299,0.8721495,-97.82916,-121.3557,-179.7271,-183.2536,0.1251049
1,12,113,4.159724e-07,4,10,7.556908e-06,8.810287e-06,5,8.640369e-06,3.599101e-05,1,2,3.394193e-07,6.097937e-06,5,2,1.064041,4.843156e-07,5,8,8.027111e-06,4.734253e+09,0.00908816,1.319832,0.659916,-85.46167,-113.3226,-169.3819,-177.2429,0.001144194
1,13,114,3.606213e-07,5,6,5.625723e-06,6.449958e-06,3,5.607987e-06,3.974092e-05,1,4,2.643264e-07,6.395349e-06,7,1,0.976613,2.790916e-07,3,10,5.595803e-06,3.715696e+09,0.008298827,1.927553,0.9637767,-92.48482,-116.9405,-174.6955,-179.1511,0.1396617
1,14,115,4.259715e-07,1,8,8.09967e-06,8.808167e-06,7,6.673329e-06,3.731913e-05,1,3,4.545119e-07,6.848008e-06,9,2,0.8989806,2.920395e-07,3,7,8.753752e-06,3.683094e+09,0.006331056,1.544867,0.7724334,-86.5182,-113.8594,-169.8277,-177.1689,0.06257149
1,15,116,3.073429e-07,3,8,7.844471e-06,7.373654e-06,7,9.01454e-06,4.199763e-05,1,4,3.140945e-07,7.024998e-06,8,3,0.8867532,2.981911e-07,4,10,6.654091e-06,2.30058e+09,0.01731971,1.977912,0.9889559,-98.80681,-122.6329,-173.6582,-177.4842,0.9187158
1,16,117,4.528309e-07,4,8,6.019889e-06,7.223962e-06,7,7.500946e-06,4.312648e-05,1,3,3.104596e-07,8.725541e-06,5,1,1.199455,4.895282e-07,2,8,6.209755e-06,4.136459e+09,0.005983646,1.682084,0.841042,-93.65518,-118.3232,-178.2181,-182.8862,0.03901668
1,17,118,4.459311e-07,4,8,7.637957e-06,8.15806e-06,5,8.405716e-06,3.514057e-05,1,2,4.475254e-07,6.10236e-06,7,4,0.9310238,4.014049e-07,5,10,8.515922e-06,4.076654e+09,0.0144329,1.523073,0.7615364,-93.63257,-118.3876,-174.2451,-179.0002,0.2249765
1,18,119,4.031216e-07,3,9,7.087474e-06,7.609489e-06,8,7.174766e-06,3.597793e-05,1,4,4.361056e-07,7.595064e-06,7,2,0.9400235,3.720165e-07,2,9,8.079642e-06,2.909825e+09,0.009110408,1.813885,0.9069425,-98.17876,-121.3061,-177.8607,-180.9881,0.2087528
1,19,120,4.828385e-07,3,6,7.443518e-06,5.424563e-06,4,5.598772e-06,3.23082e-05,1,4,2.009198e-07,6.756846e-06,8,2,0.856218,4.878291e-07,1,5,5.37304e-06,5.00365e+09,0.00612334,1.906508,0.9532542,-90.99114,-114.9124,-177.107,-181.0282,0.073444
1,20,121,2.899261e-07,3,9,6.74608e-06,6.118481e-06,6,6.307503e-06,3.685857e-05,1,6,3.549278e-07,7.500839e-06,8,1,0.9873947,2.678081e-07,2,7,9.022441e-06,2.380398e+09,0.007957601,1.958899,0.9794494,-95.56614,-119.4066,-174.0913,-177.9317,0.3580008
1,21,122,4.498528e-07,1,8,7.942461e-06,7.894438e-06,9,7.301696e-06,3.527261e-05,1,5,3.532888e-07,7.287053e-06,6,3,0.9799058,3.854549e-07,2,6,8.806334e-06,2.337307e+09,0.007026085,1.799657,0.8998287,-98.82791,-122.2745,-177.7351,-181.1817,0.3134363
1,22,123,3.410678e-07,3,7,7.238635e-06,7.539942e-06,7,5.624083e-06,3.399622e-05,1,4,4.162241e-07,6.826426e-06,8,2,0.9992729,3.498481e-07,3,6,9.471883e-06,3.088044e+09,0.01007477,1.855438,0.927719,-97.11802,-120.3974,-176.8793,-180.1587,0.1929477
1,23,124,3.526154e-07,5,7,5.397292e-06,9.581238e-06,3,6.525826e-06,4.245494e-05,1,2,2.001186e-07,9.766263e-06,7,1,0.8346329,2.091027e-07,2,10,7.789242e-06,6.399985e+09,0.01296364,1.912514,0.9562568,-88.08978,-113.9825,-173.0861,-178.9789,0.228435
1,24,125,1.86272e-07,1,9,8.98883e-06,9.66434e-06,3,8.151375e-06,4.69771e-05,1,4,4.051156e-07,7.141389e-06,8,1,0.8699737,2.137053e-07,3,9,6.407981e-06,3.090574e+09,0.00678313,1.83946,0.9197302,-92.8857,-118.1757,-174.3722,-179.6622,0.1875757
1,25,126,4.759019e-07,1,6,6.208608e-06,5.721932e-06,9,7.810977e-06,3.374494e-05,1,4,3.943099e-07,6.397976e-06,7,1,0.9100286,2.83871e-07,1,6,8.373403e-06,3.950995e+09,0.002954484,1.450319,0.7251593,-90.95104,-116.5126,-178.1804,-183.7419,0.0375098
1,26,127,3.480229e-07,3,6,7.097829e-06,8.572912e-06,5,8.146828e-06,3.618451e-05,1,4,4.143398e-07,6.993418e-06,6,1,1.027009,3.276645e-07,1,7,7.02768e-06,3.979939e+09,0.004133472,1.659958,0.8299789,-94.12447,-118.0607,-179.9588,-183.8951,0.04662843
1,27,128,3.173612e-07,3,8,5.578506e-06,8.673407e-06,5,6.558937e-06,3.558445e-05,1,4,2.426053e-07,6.948072e-06,6,3,0.9692038,2.742e-07,4,9,7.583057e-06,2.812772e+09,0.01651234,1.984619,0.9923097,-95.42501,-120.2695,-172.2296,-177.0741,0.7099323
1,28,129,4.283866e-07,1,7,6.658408e-06,5.659359e-06,8,5.768024e-06,4.365754e-05,1,6,2.941185e-07,6.830398e-06,6,2,0.8988145,4.266647e-07,1,9,8.65552e-06,2.223397e+09,0.004609254,1.867592,0.933796,-96.28778,-120.0264,-176.5918,-180.3304,0.3584393
1,29,130,4.378746e-07,2,9,5.958377e-06,7.779658e-06,4,6.412119e-06,4.275255e-05,1,2,4.121833e-07,7.772479e-06,9,3,0.8234948,3.152206e-07,2,8,8.693436e-06,5.021303e+09,0.008092612,1.595123,0.7975616,-81.76789,-109.4921,-166.7033,-174.4275,0.004021523
1,30,131,4.900986e-07,2,7,8.48287e-06,6.843161e-06,10,7.366795e-06,3.082651e-05,1,3,3.155699e-07,9.706317e-06,9,2,0.8851542,2.933321e-07,2,5,8.500167e-06,4.112559e+09,0.009397677,1.729446,0.8647229,-94.59595,-119.1301,-177.148,-181.6821,0.04922317
1,31,132,2.201471e-07,5,9,6.412887e-06,8.871177e-06,6,6.201331e-06,3.800305e-05,1,3,3.374988e-07,6.535837e-06,8,5,0.90321,3.109365e-07,3,7,6.139179e-06,3.418249e+09,0.02159607,1.992897,0.9964487,-95.94875,-119.9494,-173.2811,-177.2817,1.544111
1,32,133,4.147991e-07,4,10,7.135893e-06,8.888834e-06,6,7.297343e-06,3.682754e-05,1,2,4.021498e-07,7.499058e-06,8,2,0.8697832,4.523043e-07,5,7,8.326077e-06,4.503269e+09,0.01189435,1.531886,0.7659431,-92.57861,-117.6108,-174.8958,-179.928,0.04289308
1,33,134,4.7526e-07,3,8,7.371479e-06,7.135686e-06,6,6.069614e-06,4.294202e-05,1,9,4.482712e-07,6.360498e-06,8,2,0.8836598,4.238794e-07,3,6,7.451341e-06,1.176928e+09,0.007707643,2.041234,1.020617,-100.9776,-123.5467,-173.5234,-176.0925,0.707505
1,34,135,4.160919e-07,4,7,7.34855e-06,7.966128e-06,6,6.462982e-06,4.23155e-05,1,4,3.432542e-07,7.34472e-06,7,1,0.9631779,2.399737e-07,3,5,6.481976e-06,3.470641e+09,0.006887861,1.86051,0.9302551,-93.97102,-118.356,-176.3984,-180.7833,0.1428557
1,35,136,4.081487e-07,1,6,5.03978e-06,7.54551e-06,5,6.523642e-06,4.24184e-05,1,3,4.308535e-07,6.730526e-06,9,3,0.8844943,2.834273e-07,3,7,8.406844e-06,3.74169e+09,0.003386432,1.169368,0.5846842,-73.13412,-101.6021,-159.2981,-167.766,0.05588017
1,36,137,3.530875e-07,2,9,7.590951e-06,7.996774e-06,3,7.283871e-06,3.650361e-05,1,4,3.480206e-07,5.473365e-06,6,5,1.136626,4.729643e-07,5,7,8.764019e-06,2.45507e+09,0.01537412,1.930644,0.9653219,-99.53188,-122.4875,-175.4653,-178.4209,0.620202
1,37,138,2.927552e-07,4,6,7.147456e-06,7.517847e-06,2,5.478869e-06,4.813298e-05,1,4,2.194981e-07,6.948215e-06,6,3,0.8610249,3.089933e-07,3,5,6.139506e-06,3.437261e+09,0.01419063,2.083002,1.041501,-89.66417,-114.9381,-168.8684,-174.1423,0.4157896
1,38,139,4.165934e-07,2,8,7.333673e-06,8.011162e-06,6,7.05402e-06,3.21804e-05,1,4,4.069135e-07,6.820003e-06,10,2,1.115307,3.165003e-07,3,7,8.383986e-06,3.029902e+09,0.0111167,1.867875,0.9339377,-97.64732,-120.9287,-176.8161,-180.0975,0.2182766
1,39,140,4.637548e-07,2,9,7.53498e-06,6.970584e-06,5,7.538305e-06,3.625033e-05,1,5,2.422191e-07,8.545215e-06,9,4,0.766828,4.244136e-07,5,8,6.955176e-06,1.87786e+09,0.007864007,1.721948,0.860974,-85.74381,-113.5401,-162.2606,-170.057,0.4022906
1,40,141,3.09687e-07,2,10,5.640605e-06,7.866798e-06,4,6.414e-06,3.923434e-05,1,4,4.524481e-07,8.980644e-06,7,3,1.154963,4.067073e-07,3,9,7.816025e-06,2.53241e+09,0.01333904,1.935725,0.9678626,-99.28548,-122.1275,-176.1049,-178.947,0.4293368
1,41,142,4.776371e-07,3,5,5.566202e-06,8.185293e-06,8,7.370725e-06,3.674419e-05,1,7,2.81919e-07,7.935357e-06,9,1,0.8991042,3.000421e-07,3,8,8.298501e-06,1.570271e+09,0.007005795,1.894949,0.9474745,-99.90812,-123.7448,-175.373,-179.2097,0.5310964
1,42,143,3.785316e-07,4,8,8.298183e-06,9.62338e-06,2,9.483819e-06,3.477374e-05,1,4,3.494338e-07,5.768811e-06,7,3,0.9356887,3.635785e-07,3,7,6.466121e-06,3.373816e+09,0.01220463,1.969288,0.9846441,-95.30911,-118.8136,-175.0063,-178.5108,0.2434959
1,43,144,3.285736e-07,3,6,7.443518e-06,8.356273e-06,4,5.477195e-06,3.23082e-05,1,4,3.984833e-07,6.756846e-06,8,1,0.856218,2.949211e-07,3,5,5.37304e-06,4.42894e+09,0.005538075,1.796516,0.8982578,-91.90046,-116.0651,-177.3929,-181.5576,0.04831813
1,44,145,3.583583e-07,3,9,7.074417e-06,7.93201e-06,4,8.550142e-06,3.599268e-05,1,4,4.436459e-07,9.198263e-06,8,2,1.052266,3.250233e-07,2,6,7.21991e-06,3.24388e+09,0.01057894,1.932982,0.9664909,-95.99032,-119.5354,-175.9672,-179.5122,0.2009062
1,45,146,3.961442e-07,2,8,7.990722e-06,9.012617e-06,3,6.185427e-06,3.524402e-05,1,1,3.544182e-07,6.995303e-06,8,3,1.015111,4.029533e-07,5,5,8.298368e-06,8.347396e+09,0.01303242,1.445834,0.7229168,-84.89001,-111.0976,-172.1708,-178.3784,0.497399
1,46,147,3.981062e-07,4,8,7.010384e-06,8.571532e-06,4,7.81683e-06,3.241498e-05,1,5,2.429416e-07,5.243869e-06,9,5,0.9259828,3.935471e-07,3,8,5.732132e-06,2.33772e+09,0.01875591,2.036295,1.018147,-95.51285,-119.894,-170.1573,-174.5385,1.167927
1,47,148,3.951283e-07,3,10,6.631867e-06,9.587498e-06,7,6.840205e-06,3.902862e-05,1,5,3.456999e-07,7.637265e-06,8,3,1.066822,4.145527e-07,1,8,8.467549e-06,2.239127e+09,0.01175254,1.972306,0.986153,-99.18398,-122.0876,-175.4842,-178.3878,0.424745
1,48,149,3.910112e-07,4,5,7.416631e-06,8.68991e-06,7,7.54177e-06,4.367877e-05,1,5,2.226292e-07,6.42709e-06,5,2,1.113135,4.104769e-07,2,7,5.637523e-06,2.481466e+09,0.009320698,1.968502,0.984251,-96.4251,-120.3957,-174.6248,-178.5954,0.3411725
1,49,150,2.664312e-07,2,10,7.795388e-06,7.712432e-06,3,7.969731e-06,4.031663e-05,1,3,2.814611e-07,8.847527e-06,10,4,0.8910945,3.828457e-07,1,7,7.833716e-06,3.618409e+09,0.01453318,1.946341,0.9731704,-96.58082,-119.8757,-176.1276,-179.4225,0.3624472
2,0,151,3.814935e-07,1,6,6.275545e-06,7.519713e-06,5,6.486775e-06,3.590988e-05,1,3,2.022139e-07,6.266815e-06,7,1,0.8407603,2.637972e-07,3,7,7.135035e-06,5.070773e+09,0.003646977,1.401518,0.7007592,-73.29871,-101.7361,-161.7809,-170.2183,0.0
2,1,152,4.159724e-07,4,10,7.556908e-06,8.810287e-06,5,8.640369e-06,3.599101e-05,1,2,3.394193e-07,6.097937e-06,5,2,1.064041,4.843156e-07,5,8,8.027111e-06,4.734253e+09,0.00908816,1.319832,0.6599161,-85.45794,-113.3142,-169.3782,-177.2345,0.001144196
2,2,153,4.378746e-07,2,9,5.958377e-06,7.779658e-06,4,6.412119e-06,4.275255e-05,1,2,4.121833e-07,7.772479e-06,9,3,0.8234948,3.152206e-07,2,8,8.693436e-06,5.021341e+09,0.008092612,1.595137,0.7975686,-81.76763,-109.4934,-166.7031,-174.4289,0.004022709
2,3,154,4.689727e-07,4,7,5.626013e-06,8.538931e-06,6,8.885951e-06,3.68121e-05,1,3,4.26585e-07,7.849589e-06,8,1,0.9227352,2.212951e-07,3,10,7.439169e-06,3.813115e+09,0.006964999,1.551839,0.7759193,-93.57251,-118.5221,-176.7689,-181.7185,0.05039544
2,4,155,4.897828e-07,1,7,9.547672e-06,6.758462e-06,9,8.272179e-06,3.04214e-05,1,3,3.898544e-07,6.020411e-06,9,5,0.8796904,2.654902e-07,3,6,8.516489e-06,3.666584e+09,0.006250984,1.263467,0.6317335,-79.478,-107.6754,-162.8038,-171.0012,0.06336175
2,5,156,4.760442e-07,3,9,7.363849e-06,7.47104e-06,10,7.298255e-06,3.173938e-05,1,3,4.128937e-07,7.813404e-06,8,4,1.169678,3.418222e-07,4,5,8.445933e-06,3.315426e+09,0.0168797,1.84387,0.9219351,-98.73388,-122.0658,-176.871,-180.2029,0.6304329
2,6,157,4.759019e-07,1,6,6.208608e-06,5.721932e-06,9,7.810977e-06,3.374494e-05,1,4,3.943099e-07,6.397976e-06,7,1,0.9100286,2.83871e-07,1,6,8.373403e-06,3.950995e+09,0.002954484,1.450319,0.7251593,-90.95105,-116.5126,-178.1804,-183.7419,0.0375098
2,7,158,4.58577e-07,3,7,7.881899e-06,8.285609e-06,8,7.390723e-06,3.67347e-05,1,3,4.11476e-07,7.553872e-06,6,2,0.9784073,3.652447e-07,3,9,7.583528e-06,3.541408e+09,0.008797919,1.645632,0.8228161,-95.97956,-120.0265,-177.5193,-181.5662,0.08630128
2,8,159,3.392235e-07,2,8,8.056474e-06,7.997911e-06,4,7.272383e-06,4.185295e-05,1,3,4.443119e-07,5.413208e-06,9,3,0.8831086,3.170293e-07,2,6,8.649771e-06,3.926391e+09,0.009438944,1.872585,0.9362924,-95.53561,-119.0199,-177.6662,-181.1506,0.1011775
2,9,160,4.854201e-07,1,8,8.290136e-06,7.611013e-06,9,5.895804e-06,3.12174e-05,1,3,4.115358e-07,7.951999e-06,6,3,0.8950811,2.886449e-07,2,6,8.596776e-06,4.303724e+09,0.005971303,1.516201,0.7581005,-85.1539,-112.53,-170.0701,-177.4462,0.01492486
2,10,161,4.175847e-07,4,8,7.590957e-06,7.021317e-06,6,6.362961e-06,4.126791e-05,1,2,3.1927e-07,8.391429e-06,5,1,1.155033,3.584129e-07,1,7,9.406923e-06,7.048084e+09,0.005664731,1.616055,0.8080273,-89.20462,-114.3849,-178.6342,-183.8145,0.1518927
2,11,162,3.84388e-07,2,8,7.404501e-06,7.615895e-06,4,5.790579e-06,3.604893e-05,1,4,4.27626e-07,7.078403e-06,8,1,0.9447928,3.735416e-07,2,6,7.585124e-06,4.025439e+09,0.005256575,1.778066,0.8890328,-93.07483,-116.7712,-177.9641,-181.6604,0.06622045
2,12,163,3.849719e-07,3,8,8.221463e-06,8.513403e-06,3,7.746229e-06,3.345192e-05,1,3,4.227885e-07,6.118097e-06,9,3,0.9278377,3.100016e-07,3,7,6.500212e-06,4.174856e+09,0.01236403,1.882533,0.9412665,-94.8245,-118.5945,-176.3157,-180.0858,0.1428234
2,13,164,3.564445e-07,1,7,6.024846e-06,9.2869e-06,9,6.942791e-06,4.795448e-05,1,2,3.894461e-07,9.354443e-06,8,1,0.8467599,2.475532e-07,2,6,5.558236e-06,5.157936e+09,0.004019633,1.204934,0.6024671,-79.72722,-107.9912,-167.9349,-176.1988,0.0001290487
2,14,165,4.741366e-07,1,6,9.612673e-06,7.379093e-06,7,6.247184e-06,3.36514e-05,1,3,2.009805e-07,6.300613e-06,8,1,0.9878243,4.101145e-07,2,5,6.467791e-06,5.312664e+09,0.005548003,1.697305,0.8486524,-91.27022,-116.0093,-178.3351,-183.0741,0.01904065
2,15,166,4.132738e-07,4,8,5.126997e-06,7.647896e-06,3,6.455992e-06,4.245226e-05,1,1,4.264583e-07,6.869883e-06,7,1,0.871887,2.929892e-07,2,7,7.844301e-06,1.158246e+10,0.005127061,1.205069,0.6025344,-80.50995,-106.7764,-174.6873,-180.9537,1.615622
2,16,167,4.165967e-07,4,6,6.999847e-06,8.35913e-06,7,7.397198e-06,3.590685e-05,1,5,3.113214e-07,8.028368e-06,7,1,1.021992,4.866226e-07,3,8,6.531794e-06,2.389158e+09,0.007549181,1.806878,0.9034391,-98.49701,-121.9256,-177.2829,-180.7115,0.3044261
2,17,168,4.897828e-07,1,7,8.372171e-06,8.921119e-06,8,8.272179e-06,3.04214e-05,1,3,4.807927e-07,6.020411e-06,6,4,0.8796904,2.654902e-07,2,5,8.516489e-06,4.106614e+09,0.005006351,1.280431,0.6402157,-81.97859,-109.896,-167.2531,-175.1704,0.02621662
2,18,169,3.695104e-07,3,6,5.690909e-06,7.178524e-06,5,5.775558e-06,3.631953e-05,1,3,2.519435e-07,6.314123e-06,7,3,0.8421443,2.744553e-07,5,9,7.130359e-06,3.6234e+09,0.009976979,1.758474,0.8792372,-86.22973,-113.7471,-167.4221,-174.9394,0.0975691
2,19,170,4.037972e-07,1,5,5.577425e-06,6.434116e-06,10,6.300431e-06,4.053467e-05,1,6,2.746093e-07,5.066037e-06,6,2,0.8665726,3.88703e-07,3,9,8.475469e-06,1.878436e+09,0.002899404,1.371026,0.6855129,-78.13199,-106.5973,-158.9848,-167.4501,0.380252
2,20,171,4.146649e-07,4,7,5.870433e-06,7.187981e-06,3,6.465313e-06,4.255741e-05,1,2,3.142064e-07,9.534221e-06,5,1,0.8254366,2.111715e-07,2,10,7.818159e-06,6.836976e+09,0.006985869,1.697284,0.8486422,-86.63047,-112.4197,-174.8855,-180.6748,0.1332955
2,21,172,4.535032e-07,1,7,8.258861e-06,7.647759e-06,8,6.790331e-06,3.177461e-05,1,5,4.250448e-07,8.142918e-06,9,4,0.9527683,4.800551e-07,2,7,8.291244e-06,2.115308e+09,0.006916612,1.657116,0.8285579,-91.06672,-118.2226,-169.1753,-176.3312,0.3339413
2,22,173,4.160816e-07,3,10,7.497118e-06,6.120086e-06,8,6.899177e-06,4.199731e-05,1,1,3.409348e-07,7.251535e-06,7,1,0.9787085,2.635003e-07,5,5,6.824097e-06,9.115481e+09,0.00750732,1.159509,0.5797546,-81.99489,-109.353,-172.4356,-179.7937,0.6199189
2,23,174,4.081487e-07,1,6,5.03978e-06,7.54551e-06,5,6.523642e-06,4.24184e-05,1,3,4.308535e-07,9.706755e-06,9,5,0.8844943,2.834273e-07,5,7,8.406844e-06,2.97269e+09,0.003460286,0.9179941,0.458997,-74.36286,-102.8768,-158.4347,-166.9487,0.1547073
2,24,175,2.347564e-07,1,7,6.699782e-06,7.911146e-06,8,6.799914e-06,3.641858e-05,1,6,4.143333e-07,5.171529e-06,10,2,1.084527,2.251494e-07,3,7,8.402492e-06,1.925121e+09,0.008602473,1.914523,0.9572616,-96.90268,-121.9284,-173.2456,-178.2713,0.4449611
2,25,176,3.285736e-07,3,6,7.443518e-06,8.356273e-06,4,7.842689e-06,3.23082e-05,1,4,3.984833e-07,6.756846e-06,8,1,1.144703,2.949211e-07,1,5,8.537536e-06,4.481908e+09,0.00512372,1.778222,0.889111,-92.51264,-116.6618,-178.446,-182.5952,0.04168366
2,26,177,3.480229e-07,3,5,6.118384e-06,8.572912e-06,5,8.146828e-06,3.618451e-05,1,4,4.143398e-07,6.993418e-06,6,1,1.027009,3.276645e-07,1,7,7.02768e-06,3.98319e+09,0.003996216,1.65053,0.825265,-94.30066,-118.1601,-180.2888,-184.1482,0.04507877
2,27,178,3.490747e-07,2,9,7.75237e-06,7.840135e-06,4,6.413981e-06,4.212682e-05,1,2,4.50603e-07,7.891019e-06,9,4,1.041985,4.601578e-07,3,9,8.153697e-06,4.057918e+09,0.01575717,1.766751,0.8833756,-96.29113,-120.0326,-176.4824,-180.2239,0.3926092
2,28,179,1.807611e-07,1,6,7.481113e-06,5.473484e-06,6,8.828087e-06,3.700781e-05,1,5,4.175176e-07,6.688243e-06,7,2,0.8740953,2.889754e-07,3,6,5.689724e-06,2.733401e+09,0.006636699,1.879157,0.9395786,-94.37442,-119.2929,-174.889,-179.8074,0.2594015
2,29,180,4.247077e-07,3,8,6.358313e-06,7.858699e-06,5,5.220961e-06,4.260868e-05,1,4,3.882295e-07,7.53411e-06,7,2,0.8178833,3.988071e-07,5,8,7.907129e-06,2.43114e+09,0.009058198,1.804411,0.9022055,-97.3409,-121.2773,-175.4867,-179.4231,0.2950488
2,30,181,3.859608e-07,1,6,5.03978e-06,9.220119e-06,5,6.523642e-06,4.24184e-05,1,3,4.308535e-07,6.730526e-06,9,3,0.8844943,2.834273e-07,3,7,5.33631e-06,3.815754e+09,0.003517858,1.236796,0.6183982,-74.06984,-102.6219,-160.2387,-168.7907,0.04896247
2,31,182,3.26532e-07,3,6,7.013779e-06,7.271154e-06,6,9.108241e-06,3.043426e-05,1,3,3.187527e-07,6.519588e-06,6,1,0.9767687,2.919091e-07,1,6,8.559633e-06,5.507363e+09,0.00503112,1.584464,0.7922322,-92.02718,-116.7891,-179.8294,-184.5913,0.009550799
2,32,183,4.382373e-07,5,6,6.231557e-06,6.339722e-06,6,7.984221e-06,4.169027e-05,1,2,3.584769e-07,6.219746e-06,5,5,0.9723916,4.37762e-07,3,7,8.069934e-06,4.809552e+09,0.01262742,1.756336,0.8781681,-94.87973,-118.5769,-177.5087,-181.2058,0.09857761
2,33,184,4.240358e-07,3,8,7.419851e-06,7.460466e-06,8,7.494535e-06,4.35904e-05,1,1,3.807049e-07,7.583419e-06,6,3,1.177929,3.778967e-07,1,7,6.896877e-06,8.436668e+09,0.008757926,1.368185,0.6840926,-90.96658,-115.2589,-180.066,-184.3583,0.4280412
2,34,185,3.598934e-07,2,8,7.650772e-06,7.155422e-06,4,5.5143e-06,3.434523e-05,1,4,4.012604e-07,7.18339e-06,5,1,0.8563884,2.937569e-07,3,6,6.033768e-06,4.361521e+09,0.004259112,1.675899,0.8379493,-90.21888,-115.0414,-176.7185,-181.541,0.02582787
2,35,186,4.330819e-07,2,5,8.359455e-06,6.727047e-06,5,6.021179e-06,3.25897e-05,1,3,2.020835e-07,8.599941e-06,8,1,0.9545343,2.833743e-07,2,8,5.689955e-06,5.595367e+09,0.008369004,1.872948,0.9364738,-89.43188,-114.6793,-175.1617,-180.4092,0.07125209
2,36,187,4.031216e-07,3,9,7.087474e-06,7.609489e-06,7,7.174766e-06,3.597793e-05,1,4,3.425102e-07,7.595064e-06,7,2,0.9400235,3.720165e-07,2,9,8.079642e-06,3.023107e+09,0.01079,1.897663,0.9488316,-97.48603,-120.7439,-176.7649,-180.0228,0.2232429
2,37,188,2.581906e-07,4,7,9.826877e-06,8.788846e-06,6,7.324274e-06,3.114904e-05,1,2,4.497794e-07,8.345722e-06,9,2,0.8803777,4.479986e-07,4,7,8.345436e-06,4.96574e+09,0.01315968,1.572924,0.7864619,-93.53941,-118.0156,-176.2666,-180.7428,0.102199
2,38,189,2.867302e-07,3,10,7.815267e-06,9.602395e-06,5,6.153619e-06,4.110808e-05,1,3,3.047305e-07,8.66366e-06,9,4,0.8906889,3.75292e-07,1,8,6.931379e-06,3.504914e+09,0.01503477,1.948818,0.9744088,-97.43951,-120.5444,-176.5621,-179.667,0.4240775
2,39,190,4.432572e-07,4,8,7.344093e-06,8.691018e-06,5,8.664579e-06,4.089937e-05,1,2,3.525935e-07,6.144687e-06,5,1,0.9909022,3.409227e-07,3,9,7.594159e-06,5.558263e+09,0.004894866,1.151357,0.5756786,-82.02622,-110.1229,-170.0276,-178.1243,0.008073993
2,40,191,3.856096e-07,2,9,7.93182e-06,7.431396e-06,4,7.779551e-06,4.397645e-05,1,6,4.041934e-07,7.14313e-06,8,1,0.8597036,2.330727e-07,3,9,7.116283e-06,2.038703e+09,0.006585551,1.911812,0.9559062,-97.89667,-121.3862,-175.8978,-179.3873,0.416357
2,41,192,4.817427e-07,1,9,8.903697e-06,9.460531e-06,4,9.653083e-06,3.13275e-05,1,5,3.993023e-07,7.466351e-06,6,2,0.9158284,2.85605e-07,2,10,6.563476e-06,2.767156e+09,0.006321976,1.786817,0.8934083,-96.59489,-120.2965,-177.427,-181.1287,0.2260254
2,42,193,4.326076e-07,1,6,6.832202e-06,6.22503e-06,10,7.406391e-06,4.476452e-05,1,4,3.949577e-07,6.891095e-06,9,3,0.8949692,3.079324e-07,2,5,8.310157e-06,2.626529e+09,0.004430658,1.545245,0.7726223,-84.11665,-112.1944,-166.0396,-174.1174,0.2161813
2,43,194,3.40664e-07,3,6,6.442989e-06,7.59626e-06,4,5.516066e-06,3.845012e-05,1,4,3.326954e-07,6.584901e-06,7,1,0.8607339,4.684121e-07,3,7,5.467259e-06,3.737548e+09,0.005473759,1.780362,0.8901811,-93.16423,-117.2549,-177.2331,-181.3238,0.09121517
2,44,195,3.815788e-07,2,7,8.680215e-06,8.807061e-06,7,8.62472e-06,3.915766e-05,1,3,3.583201e-07,6.052215e-06,7,4,0.934302,3.13529e-07,3,6,5.304186e-06,3.548322e+09,0.01086786,1.834432,0.9172159,-97.71379,-121.1491,-178.3528,-181.7881,0.1333352
2,45,196,3.90815e-07,2,8,6.792429e-06,6.986154e-06,4,9.543351e-06,3.638215e-05,1,4,4.018399e-07,7.214943e-06,8,1,0.8571823,2.909689e-07,3,7,7.753871e-06,3.404555e+09,0.005915359,1.721574,0.8607871,-94.4918,-118.5712,-177.4132,-181.4926,0.1149627
2,46,197,2.302727e-07,1,7,9.650326e-06,8.746877e-06,5,7.692538e-06,4.55929e-05,1,3,3.37971e-07,6.807875e-06,7,2,0.8496996,4.159309e-07,2,8,6.995692e-06,3.817748e+09,0.007549191,1.807456,0.903728,-94.12226,-118.6497,-176.9794,-181.5068,0.09079555
2,47,198,2.319977e-07,1,8,8.09967e-06,8.808167e-06,6,6.673329e-06,3.731913e-05,1,3,4.545119e-07,6.848008e-06,9,1,0.8989806,2.920395e-07,3,7,8.753752e-06,4.052594e+09,0.005877012,1.530183,0.7650914,-91.32857,-116.7723,-175.7917,-181.2354,0.03031311
2,48,199,3.859437e-07,4,8,7.190851e-06,6.381058e-06,6,9.575102e-06,3.811562e-05,1,3,3.962051e-07,7.036249e-06,8,1,0.9761591,4.233174e-07,2,7,8.699419e-06,4.225495e+09,0.006282754,1.62222,0.8111101,-93.06845,-117.7296,-177.6045,-182.2657,0.02558765
2,49,200,3.501801e-07,3,7,7.455208e-06,8.709592e-06,5,5.518542e-06,3.270227e-05,1,4,4.510337e-07,6.825211e-06,8,1,0.8634892,2.940267e-07,3,7,7.74748e-06,3.627862e+09,0.005757205,1.656727,0.8283636,-93.05771,-117.5022,-176.6486,-181.0931,0.07831959
3,0,201,3.814935e-07,1,6,6.275545e-06,7.519713e-06,5,6.486775e-06,3.590988e-05,1,3,2.022139e-07,6.266815e-06,7,1,0.8407603,2.637972e-07,3,7,7.135035e-06,5.070773e+09,0.003646977,1.401518,0.7007592,-73.29871,-101.7361,-161.7809,-170.2183,0.0
3,1,202,3.564445e-07,1,7,6.024846e-06,9.2869e-06,9,6.942791e-06,4.795448e-05,1,2,3.894461e-07,9.354443e-06,8,1,0.8467599,2.475532e-07,2,6,5.558236e-06,5.157936e+09,0.004019633,1.204934,0.6024671,-79.72722,-107.9912,-167.9349,-176.1988,0.0001290487
3,2,203,4.159724e-07,4,10,7.556908e-06,8.810287e-06,5,8.640369e-06,3.599101e-05,1,2,3.394193e-07,6.097937e-06,5,2,1.064041,4.843156e-07,5,8,8.027111e-06,4.734253e+09,0.00908816,1.319832,0.6599161,-85.45789,-113.3141,-169.3782,-177.2344,0.001144196
3,3,204,2.36857e-07,1,7,5.7665e-06,7.361876e-06,5,8.029156e-06,4.208413e-05,1,2,3.219929e-07,8.129508e-06,6,3,0.8575242,3.43074e-07,2,7,7.606478e-06,5.613081e+09,0.006010036,1.462654,0.7313268,-71.492,-100.2621,-158.6873,-167.4573,0.01012117
3,4,205,4.065525e-07,4,8,7.631636e-06,8.656759e-06,5,8.556461e-06,3.931959e-05,1,4,3.835069e-07,6.846889e-06,5,1,0.9706634,2.979974e-07,3,7,7.53597e-06,3.234388e+09,0.004881998,1.578361,0.7891804,-92.69868,-118.1533,-176.0086,-181.4632,0.1182752
3,5,206,3.518018e-07,3,10,7.61586e-06,7.324826e-06,5,5.993345e-06,4.169812e-05,1,4,2.474289e-07,6.924347e-06,6,1,1.035635,4.616705e-07,1,5,7.252983e-06,4.33729e+09,0.005287532,1.901815,0.9509076,-94.35401,-117.1542,-179.8658,-182.6661,0.08494589
3,6,207,3.720639e-07,2,8,7.641009e-06,8.905311e-06,2,9.274167e-06,3.436965e-05,1,3,4.015079e-07,7.210341e-06,8,1,0.8570953,2.917454e-07,3,7,7.653866e-06,4.925998e+09,0.006166343,1.6638,0.8318998,-90.24174,-115.0663,-176.1913,-181.0159,0.01192459
3,7,208,4.759019e-07,1,9,6.208608e-06,7.279959e-06,9,7.810977e-06,3.374494e-05,1,4,3.943099e-07,6.397976e-06,9,1,0.9298439,2.83871e-07,1,5,8.636411e-06,3.612723e+09,0.003923515,1.554408,0.7772039,-95.80452,-119.7771,-181.0245,-184.997,0.07033198
3,8,209,2.647555e-07,3,7,7.192647e-06,8.660026e-06,5,8.562085e-06,3.707706e-05,1,4,3.633936e-07,6.627788e-06,5,1,0.9716308,3.369205e-07,1,9,6.37607e-06,3.890236e+09,0.00411457,1.63797,0.8189849,-93.87491,-118.1096,-179.5312,-183.7659,0.05092694
3,9,210,4.033232e-07,4,6,5.630441e-06,8.44314e-06,6,5.734098e-06,3.516781e-05,1,3,2.603007e-07,6.756784e-06,6,3,0.8916149,2.278959e-07,4,10,7.244108e-06,3.74629e+09,0.01301444,1.85879,0.9293951,-93.85758,-118.8997,-174.1854,-179.2274,0.2035193
3,10,211,3.987809e-07,3,5,7.623123e-06,7.905456e-06,4,8.00792e-06,4.769835e-05,1,3,4.113153e-07,5.162354e-06,7,1,0.9716871,3.839779e-07,2,7,8.535029e-06,4.292206e+09,0.004122861,1.550679,0.7753397,-89.96876,-115.3551,-176.4704,-181.8568,0.01652732
3,11,212,4.667285e-07,1,6,6.218368e-06,7.27361e-06,9,7.132508e-06,3.582467e-05,1,4,3.592194e-07,6.37399e-06,7,4,0.859822,4.107826e-07,3,7,7.259719e-06,2.899571e+09,0.003376272,1.134514,0.567257,-77.28002,-105.5876,-161.2423,-169.5499,0.1666687
3,12,213,2.352104e-07,3,6,7.956907e-06,5.862956e-06,4,6.755979e-06,3.539466e-05,1,3,4.316643e-07,5.523385e-06,7,1,0.9763976,2.958726e-07,2,6,8.561151e-06,5.675748e+09,0.004523744,1.596442,0.798221,-87.54657,-112.9609,-176.0721,-181.4864,0.01687834
3,13,214,3.777024e-07,5,6,6.059337e-06,7.265773e-06,4,7.989662e-06,3.7403e-05,1,4,3.573587e-07,7.146716e-06,8,1,0.8414919,4.233295e-07,3,7,7.007173e-06,3.365887e+09,0.006696623,1.780094,0.8900468,-94.7603,-118.6473,-177.0437,-180.9307,0.1328895
3,14,215,4.815072e-07,1,8,6.208608e-06,5.721932e-06,7,7.810977e-06,4.001162e-05,1,4,3.943099e-07,6.397976e-06,5,1,1.161861,2.83871e-07,1,6,8.373403e-06,4.009006e+09,0.003181598,1.607308,0.8036542,-93.35035,-117.5807,-180.3846,-184.615,0.03818199
3,15,216,3.233896e-07,1,6,7.749514e-06,7.265796e-06,5,6.317816e-06,4.237916e-05,1,3,2.928409e-07,9.023205e-06,9,3,0.9669683,3.764344e-07,5,8,7.581479e-06,3.015754e+09,0.008254207,1.583844,0.791922,-78.00447,-106.627,-158.4256,-167.0481,0.1509954
3,16,217,4.389399e-07,3,7,7.225984e-06,8.472394e-06,5,8.013979e-06,3.431838e-05,1,3,4.589409e-07,7.368113e-06,8,1,1.020474,2.214835e-07,2,10,8.093303e-06,4.486436e+09,0.006267697,1.574148,0.7870741,-91.45616,-116.5671,-176.5231,-181.6341,0.009567029
3,17,218,4.557934e-07,4,8,7.811814e-06,6.970194e-06,8,6.420704e-06,4.010531e-05,1,3,3.691483e-07,6.089706e-06,9,3,0.9732435,3.547354e-07,2,6,8.73284e-06,3.69258e+09,0.01273655,1.909403,0.9547014,-96.48004,-119.9934,-176.7761,-180.2895,0.2100999
3,18,219,4.009673e-07,1,7,7.671526e-06,6.937282e-06,5,5.802183e-06,3.407411e-05,1,4,3.283478e-07,7.353446e-06,8,1,0.8734462,2.905861e-07,3,6,5.823669e-06,4.078281e+09,0.004755988,1.741625,0.8708127,-90.09461,-115.505,-175.5317,-180.9422,0.05407042
3,19,220,3.26532e-07,3,6,7.013779e-06,7.799523e-06,4,9.108241e-06,3.043426e-05,1,3,3.187527e-07,9.347975e-06,5,1,0.9767687,2.919091e-07,1,5,8.559633e-06,6.098666e+09,0.005414699,1.717869,0.8589343,-91.11578,-115.6287,-179.4847,-183.9976,0.05944056
3,20,221,4.459835e-07,2,6,7.311458e-06,6.920935e-06,8,8.066838e-06,4.252747e-05,1,3,3.867913e-07,6.230785e-06,5,1,0.9528654,2.848516e-07,1,9,7.714117e-06,4.423751e+09,0.003547567,1.423756,0.7118779,-92.24269,-117.2975,-179.6592,-184.714,0.009446606
3,21,222,1.982932e-07,4,5,6.432674e-06,6.950865e-06,9,6.372395e-06,4.681512e-05,1,6,4.034205e-07,6.106584e-06,6,2,0.8665834,2.831025e-07,3,10,7.971029e-06,1.648667e+09,0.008725917,1.922286,0.9611432,-99.35789,-123.3127,-174.2924,-178.2472,0.5195378
3,22,223,4.218949e-07,1,7,6.038978e-06,8.36723e-06,9,8.364777e-06,4.099502e-05,1,2,3.778478e-07,7.609459e-06,6,3,0.9920947,4.185175e-07,3,8,7.095567e-06,4.59192e+09,0.005847875,1.155385,0.5776923,-78.02608,-106.3649,-163.596,-171.9348,0.003953082
3,23,224,3.063664e-07,1,6,9.41866e-06,5.795591e-06,7,8.734612e-06,3.403382e-05,1,4,3.499945e-07,6.586474e-06,8,1,0.9574933,3.400458e-07,1,6,5.792724e-06,4.118969e+09,0.004308232,1.715015,0.8575075,-95.46788,-118.8161,-181.4207,-184.7689,0.04595378
3,24,225,4.741366e-07,1,8,9.612673e-06,6.003267e-06,7,6.247184e-06,4.053599e-05,1,3,2.009805e-07,6.300613e-06,10,1,0.9878243,4.101145e-07,5,5,6.253085e-06,4.138509e+09,0.007971415,1.781928,0.8909638,-91.5312,-116.7565,-174.8527,-180.078,0.05947698
3,25,226,4.133189e-07,1,7,9.550182e-06,9.171483e-06,8,7.83625e-06,3.41255e-05,1,3,4.511279e-07,6.456531e-06,10,2,0.8718677,2.571405e-07,2,6,8.582006e-06,3.887091e+09,0.00607764,1.507059,0.7535293,-87.65014,-114.9202,-171.6053,-178.8753,0.04275369
3,26,227,3.092349e-07,1,5,8.556696e-06,8.807254e-06,5,8.017557e-06,3.900243e-05,1,3,4.147685e-07,6.301911e-06,6,3,1.069096,3.070152e-07,3,6,8.340136e-06,3.84521e+09,0.007241362,1.702321,0.8511606,-91.71026,-117.5791,-174.8105,-180.6793,0.06453114
3,27,228,2.438827e-07,1,7,9.295024e-06,7.725788e-06,8,7.98321e-06,3.627231e-05,1,3,3.482865e-07,6.265415e-06,10,5,0.8656349,3.798726e-07,2,6,7.961422e-06,3.283873e+09,0.009551962,1.681606,0.8408028,-85.99302,-114.1488,-166.5198,-174.6756,0.1234404
3,28,229,3.250705e-07,2,8,8.06742e-06,5.001633e-06,6,5.704867e-06,3.651534e-05,1,3,2.946183e-07,6.865985e-06,7,1,0.8859183,2.929122e-07,3,7,8.223823e-06,4.743174e+09,0.007461265,1.761501,0.8807504,-90.89244,-116.0102,-175.6857,-180.8034,0.03141665
3,29,230,3.519658e-07,2,6,6.148415e-06,7.829681e-06,5,7.075562e-06,3.610524e-05,1,3,3.53039e-07,9.519591e-06,6,1,1.064592,2.906671e-07,2,7,7.07539e-06,4.945892e+09,0.006241709,1.73078,0.8653902,-92.14099,-116.5776,-178.0729,-182.5094,0.02367094
3,30,231,3.843658e-07,2,5,7.371221e-06,8.602188e-06,7,6.548472e-06,4.354024e-05,1,2,2.955668e-07,9.043561e-06,8,1,0.8902105,2.660582e-07,2,7,5.627151e-06,5.933829e+09,0.006486317,1.628202,0.8141008,-90.29652,-115.7376,-177.6432,-183.0843,0.03403564
3,31,232,2.987816e-07,1,6,8.139158e-06,8.665275e-06,5,9.877839e-06,3.27106e-05,1,5,4.012434e-07,7.304049e-06,9,2,0.8844017,2.377968e-07,3,9,6.09336e-06,2.439742e+09,0.006537811,1.765055,0.8825273,-91.96788,-118.7667,-171.5604,-178.3593,0.2833219
3,32,233,4.741366e-07,1,6,9.612673e-06,7.379093e-06,7,6.247184e-06,3.36514e-05,1,3,2.009805e-07,6.300613e-06,8,1,0.9878243,4.101145e-07,2,5,6.467791e-06,5.312664e+09,0.005548003,1.697305,0.8486524,-91.27022,-116.0093,-178.3351,-183.0741,0.01904065
3,33,234,3.604391e-07,3,9,6.846937e-06,7.386753e-06,3,5.893885e-06,3.08404e-05,1,4,3.309901e-07,7.083359e-06,6,1,1.057337,3.172102e-07,3,7,7.306963e-06,4.184856e+09,0.006527767,1.770989,0.8854943,-90.78317,-115.7607,-175.0691,-180.0467,0.05393844
3,34,235,3.834738e-07,2,6,8.23598e-06,8.831501e-06,6,7.452339e-06,3.983023e-05,1,3,4.128737e-07,5.206303e-06,10,4,0.9075595,2.957915e-07,3,5,5.330954e-06,3.593593e+09,0.00944683,1.814754,0.907377,-96.76995,-120.5336,-178.1277,-181.8913,0.115114
3,35,236,3.560393e-07,5,9,7.4772e-06,8.714657e-06,5,5.807179e-06,3.353591e-05,1,3,4.260104e-07,6.179464e-06,7,1,1.049834,1.820908e-07,4,10,7.780724e-06,4.274386e+09,0.006293131,1.440942,0.7204712,-88.12934,-114.7212,-172.7582,-179.35,0.01630125
3,36,237,1.956895e-07,1,6,9.621766e-06,8.35987e-06,6,7.063072e-06,4.31618e-05,1,3,2.510754e-07,6.589452e-06,8,1,0.8674376,4.142056e-07,2,6,6.578331e-06,4.398619e+09,0.006528248,1.793121,0.8965607,-94.25078,-118.2794,-178.9691,-182.9978,0.04865666
3,37,238,4.058942e-07,1,7,7.575584e-06,7.569974e-06,5,7.639032e-06,3.610343e-05,1,3,4.113877e-07,6.298392e-06,10,3,0.8485442,2.861323e-07,2,7,6.813586e-06,4.105397e+09,0.005026297,1.460468,0.7302341,-77.53395,-105.8527,-162.7886,-171.1073,0.0262971
3,38,239,4.015592e-07,3,7,6.24154e-06,6.562947e-06,6,8.08557e-06,4.124126e-05,1,1,3.978514e-07,8.27727e-06,9,1,1.071885,3.391358e-07,2,7,8.522944e-06,9.340126e+09,0.00744268,1.23739,0.6186949,-85.19831,-111.0327,-175.8881,-181.7225,0.6912214
3,39,240,3.689086e-07,1,8,7.408861e-06,8.670247e-06,8,5.717734e-06,3.496012e-05,1,3,2.640647e-07,9.017868e-06,8,2,0.9266519,3.573476e-07,3,7,7.676393e-06,3.87588e+09,0.007859725,1.648964,0.8244822,-84.3081,-112.1934,-167.1214,-175.0067,0.05354509
3,40,241,4.228879e-07,1,8,5.97361e-06,6.942154e-06,4,6.394743e-06,4.194282e-05,1,5,2.236e-07,7.132743e-06,9,1,0.903431,3.663977e-07,2,8,7.835876e-06,2.820886e+09,0.005117437,1.84701,0.9235052,-90.65474,-116.4577,-172.5719,-178.3749,0.2335564
3,41,242,3.16758e-07,3,9,7.623972e-06,9.133803e-06,5,5.63106e-06,3.405703e-05,1,4,1.814258e-07,8.59818e-06,8,2,0.8680788,3.096423e-07,2,7,7.162181e-06,3.540378e+09,0.01732015,2.0387,1.01935,-89.98566,-115.9403,-168.5811,-174.5358,0.7418143
3,42,243,3.863172e-07,1,6,5.970664e-06,8.039386e-06,8,5.901854e-06,3.741861e-05,1,3,4.279119e-07,6.832634e-06,8,2,0.9614367,2.853037e-07,3,5,8.354982e-06,4.087874e+09,0.00483889,1.481349,0.7406744,-81.6359,-109.7258,-167.0184,-175.1083,0.02746976
3,43,244,4.416431e-07,1,8,8.223897e-06,6.802237e-06,8,7.493276e-06,4.158445e-05,1,2,3.343575e-07,7.085419e-06,9,3,0.8442115,3.120454e-07,2,6,8.523209e-06,5.152478e+09,0.00571683,1.291447,0.6457236,-76.93377,-105.1982,-163.6025,-171.867,0.0001058821
3,44,245,3.87658e-07,3,5,6.118384e-06,9.921796e-06,5,8.146828e-06,3.54152e-05,1,4,4.143398e-07,6.993418e-06,6,1,1.027009,2.505829e-07,1,7,7.02768e-06,3.896003e+09,0.004147452,1.631078,0.8155391,-93.90813,-118.3167,-179.5427,-183.9513,0.04961913
3,45,246,3.212085e-07,3,7,9.706283e-06,7.067416e-06,9,7.981115e-06,3.056871e-05,1,3,4.073601e-07,8.339415e-06,9,5,0.8800926,4.51554e-07,3,7,8.436097e-06,3.036112e+09,0.01836025,1.821074,0.9105372,-100.1962,-123.2139,-177.2037,-180.2215,0.889448
3,46,247,2.718166e-07,3,7,7.055565e-06,8.669641e-06,5,7.949627e-06,4.400443e-05,1,4,3.824419e-07,6.966157e-06,7,2,0.9872062,2.567725e-07,1,7,7.020147e-06,3.29517e+09,0.008246515,1.931553,0.9657765,-94.48006,-118.7532,-175.6749,-179.9481,0.1900393
3,47,248,3.90815e-07,2,8,6.792429e-06,7.605923e-06,4,9.543351e-06,3.521311e-05,1,4,4.018399e-07,7.214943e-06,8,1,1.097607,2.909689e-07,5,7,7.671144e-06,3.01055e+09,0.007001623,1.662134,0.831067,-94.8362,-119.4567,-175.9571,-180.5776,0.1603723
3,48,249,4.852346e-07,2,7,7.713482e-06,8.164851e-06,7,5.992252e-06,3.672562e-05,1,3,4.158994e-07,7.46005e-06,5,1,0.9557375,3.668143e-07,3,6,7.585063e-06,4.503646e+09,0.004133384,1.368227,0.6841135,-88.53657,-114.4559,-175.4448,-181.3641,0.006542971
3,49,250,4.057651e-07,2,6,7.388304e-06,7.159246e-06,6,6.068271e-06,3.887378e-05,1,5,3.035567e-07,7.459896e-06,5,3,0.930973,3.388582e-07,3,7,9.120678e-06,2.329773e+09,0.009235179,1.932776,0.9663879,-97.6257,-121.2884,-175.3175,-178.9803,0.3583803
4,0,251,3.814935e-07,1,6,6.275545e-06,7.519713e-06,5,6.486775e-06,3.590988e-05,1,3,2.022139e-07,6.266815e-06,7,1,0.8407603,2.637972e-07,3,7,7.135035e-06,5.070773e+09,0.003646977,1.401518,0.7007592,-73.29871,-101.7361,-161.7809,-170.2183,0.0
4,1,252,4.416431e-07,1,8,8.223897e-06,6.802237e-06,8,7.493276e-06,4.158445e-05,1,2,3.343575e-07,7.085419e-06,9,3,0.8442115,3.120454e-07,2,6,8.523209e-06,5.152478e+09,0.00571683,1.291447,0.6457236,-76.93377,-105.1982,-163.6025,-171.867,0.0001058821
4,2,253,3.564445e-07,1,7,6.024846e-06,9.2869e-06,9,6.942791e-06,4.795448e-05,1,2,3.894461e-07,9.354443e-06,8,1,0.8467599,2.475532e-07,2,6,5.558236e-06,5.157936e+09,0.004019633,1.204934,0.6024671,-79.72722,-107.9912,-167.9349,-176.1988,0.0001290487
4,3,254,2.777392e-07,4,9,6.801235e-06,7.715103e-06,5,6.951933e-06,3.59717e-05,1,2,2.255856e-07,6.262307e-06,5,1,1.063037,3.35504e-07,4,7,7.888189e-06,6.0407e+09,0.008159263,1.486294,0.7431468,-82.19106,-111.0986,-168.6963,-177.6038,0.03402217
4,4,255,3.622319e-07,5,10,5.67617e-06,8.467436e-06,3,5.736121e-06,3.493803e-05,1,3,3.265972e-07,6.619264e-06,7,3,0.995874,2.212413e-07,4,7,7.750512e-06,4.150894e+09,0.01761028,1.980394,0.9901971,-92.58964,-117.4298,-172.4948,-177.335,0.7051037
4,5,256,4.233603e-07,2,6,6.838755e-06,7.034541e-06,7,7.568859e-06,3.690812e-05,1,3,3.466753e-07,6.240985e-06,5,1,0.9288562,2.783862e-07,1,9,7.364702e-06,5.060129e+09,0.003809193,1.485755,0.7428774,-91.08374,-116.2658,-179.3586,-184.5407,0.0
4,6,257,2.017806e-07,1,7,7.671526e-06,6.937282e-06,5,5.802183e-06,3.407411e-05,1,4,3.283478e-07,7.353446e-06,7,1,0.8734462,2.905861e-07,3,6,5.823669e-06,4.117501e+09,0.005930967,1.818989,0.9094946,-92.3955,-116.8337,-176.9569,-181.3951,0.07072612
4,7,258,4.15413e-07,2,7,6.831243e-06,6.592727e-06,5,5.876324e-06,3.639188e-05,1,6,2.497173e-07,6.685889e-06,7,1,0.8768944,2.674525e-07,2,7,8.191101e-06,2.640375e+09,0.006653944,1.962204,0.9811019,-93.63962,-118.2626,-173.8421,-178.4651,0.3076052
4,8,259,3.287049e-07,1,5,7.509949e-06,8.136898e-06,4,7.636171e-06,4.032748e-05,1,5,4.315473e-07,8.294477e-06,10,3,0.8775816,2.680921e-07,4,7,6.247772e-06,2.07562e+09,0.004928589,1.62564,0.8128201,-80.96029,-109.4914,-160.376,-168.9072,0.3392575
4,9,260,3.564445e-07,1,7,6.976288e-06,9.2869e-06,9,6.942791e-06,4.795448e-05,1,2,3.894461e-07,9.354443e-06,8,1,0.8467599,2.475532e-07,2,6,5.558236e-06,5.128904e+09,0.004445772,1.299548,0.649774,-82.50431,-110.4821,-170.2253,-178.2031,3.212062e-05
4,10,261,3.764904e-07,3,7,7.933227e-06,8.613705e-06,5,8.213044e-06,3.572683e-05,1,2,3.438225e-07,5.571952e-06,6,1,0.9817255,4.205405e-07,4,7,8.234295e-06,5.730453e+09,0.005206053,1.096695,0.5483474,-80.39301,-108.6385,-168.3917,-176.6372,0.01528147
4,11,262,4.256877e-07,2,8,7.484499e-06,7.972945e-06,7,7.966205e-06,3.461949e-05,1,3,4.234595e-07,6.631604e-06,9,2,0.8492937,2.552912e-07,2,9,6.986835e-06,4.023152e+09,0.008097793,1.70749,0.8537449,-94.39103,-118.8704,-177.3987,-181.8781,0.05115679
4,12,263,3.05943e-07,3,7,6.623838e-06,8.838634e-06,5,7.796778e-06,4.171934e-05,1,4,3.270111e-07,7.543024e-06,6,2,0.8695814,3.141308e-07,2,7,7.530689e-06,3.158776e+09,0.00933636,1.933296,0.9666482,-96.29878,-119.7991,-176.5874,-180.0877,0.2097176
4,13,264,4.573016e-07,1,8,5.976014e-06,7.180525e-06,7,7.124895e-06,4.723229e-05,1,2,2.682337e-07,7.192686e-06,8,1,0.933861,4.091968e-07,3,10,7.393179e-06,4.947743e+09,0.005046451,1.24413,0.622065,-76.45019,-104.5451,-163.3085,-171.4034,0.0
4,14,265,3.656823e-07,4,10,7.061579e-06,9.122054e-06,7,7.078458e-06,3.741593e-05,1,2,3.884816e-07,8.776342e-06,5,1,1.037312,3.192799e-07,4,7,6.962992e-06,5.521308e+09,0.00615337,1.248603,0.6243017,-85.63725,-112.9048,-172.587,-179.8545,0.006824325
4,15,266,4.054655e-07,1,6,6.751557e-06,9.240251e-06,6,6.465398e-06,4.474412e-05,1,2,3.893089e-07,8.188363e-06,9,1,0.811737,2.232666e-07,2,8,7.340062e-06,5.928151e+09,0.003236433,1.097629,0.5488145,-73.66829,-102.0191,-164.026,-172.3768,0.02636807
4,16,267,3.776584e-07,2,8,7.656438e-06,7.160141e-06,5,6.500787e-06,4.475531e-05,1,3,4.84216e-07,7.055938e-06,9,1,0.913463,2.254103e-07,5,5,8.312031e-06,3.882255e+09,0.006218183,1.658582,0.8292908,-92.97227,-117.5021,-176.8173,-181.3472,0.05431748
4,17,268,3.021577e-07,3,7,5.81018e-06,8.283692e-06,4,9.22879e-06,3.678751e-05,1,3,4.001958e-07,7.431289e-06,7,3,0.9994703,3.31634e-07,3,7,7.639275e-06,3.738183e+09,0.01232947,1.865784,0.932892,-96.53266,-120.0015,-177.0764,-180.5452,0.1699493
4,18,269,3.837756e-07,3,7,5.738597e-06,8.482759e-06,7,5.723166e-06,3.505873e-05,1,3,2.623143e-07,8.611645e-06,8,5,0.9051912,2.898821e-07,4,8,7.638424e-06,3.141395e+09,0.01473315,1.821063,0.9105314,-92.23181,-118.6636,-170.4913,-176.923,0.39865
4,19,270,3.814935e-07,1,6,6.275545e-06,5.238124e-06,3,6.486775e-06,3.590988e-05,1,3,2.022139e-07,8.021796e-06,7,1,0.8407603,2.637972e-07,3,7,7.135035e-06,5.576525e+09,0.003695291,1.506858,0.7534291,-71.24288,-99.68975,-160.4937,-168.9405,0.1050074
4,20,271,3.689086e-07,2,8,7.408861e-06,8.670247e-06,8,5.717734e-06,3.496012e-05,1,5,2.640647e-07,9.017868e-06,8,2,0.9266519,3.924886e-07,3,7,7.676393e-06,2.284326e+09,0.01238526,1.961541,0.9807704,-97.80261,-121.6079,-174.0487,-177.8541,0.4365243
4,21,272,3.70692e-07,2,8,5.086951e-06,7.921118e-06,5,6.916635e-06,3.549957e-05,1,3,4.258699e-07,6.18379e-06,10,3,0.9658036,1.869227e-07,5,7,7.558787e-06,3.559699e+09,0.01079321,1.78184,0.8909202,-92.90163,-118.762,-173.5984,-179.4588,0.1164149
4,22,273,2.592187e-07,1,8,6.411206e-06,7.876857e-06,5,7.013955e-06,3.855432e-05,1,2,3.625114e-07,8.00942e-06,7,1,0.9014009,3.500716e-07,3,7,7.585126e-06,6.089047e+09,0.005621589,1.392324,0.6961618,-81.53616,-109.0958,-169.7286,-177.2882,0.03760912
4,23,274,3.092057e-07,3,8,7.500356e-06,8.775734e-06,3,8.060608e-06,3.576483e-05,1,3,3.812132e-07,6.335389e-06,5,1,0.9677443,3.102898e-07,3,9,7.295702e-06,4.675297e+09,0.00470752,1.410971,0.7054856,-85.19308,-112.4282,-171.8613,-179.0964,0.002102931
4,24,275,3.399913e-07,2,8,7.663886e-06,7.133949e-06,7,7.142699e-06,4.287205e-05,1,2,3.325641e-07,9.019471e-06,7,3,0.8595134,2.64526e-07,2,7,7.498335e-06,5.027798e+09,0.01167256,1.794402,0.8972009,-92.95084,-117.8242,-176.3067,-181.1801,0.06649569
4,25,276,3.894337e-07,3,9,8.13686e-06,8.823549e-06,3,8.567778e-06,3.417115e-05,1,2,3.714326e-07,7.107173e-06,8,4,1.180404,4.427445e-07,3,6,7.004401e-06,5.335622e+09,0.01588439,1.834225,0.9171126,-95.39443,-118.5379,-177.9284,-181.0719,0.3980425
4,26,277,4.279424e-07,1,8,6.700286e-06,7.004604e-06,7,7.301372e-06,3.929724e-05,1,2,2.535358e-07,7.786152e-06,8,2,0.8441761,2.647791e-07,2,6,9.369404e-06,6.007613e+09,0.004838008,1.279798,0.639899,-74.95744,-103.2862,-163.6848,-172.0136,0.03167095
4,27,278,2.528618e-07,1,7,9.24379e-06,7.921059e-06,5,6.554484e-06,4.314585e-05,1,4,2.378804e-07,7.130753e-06,9,1,0.8914411,4.948606e-07,2,6,6.922752e-06,3.449868e+09,0.006991912,1.905197,0.9525987,-95.10478,-118.7261,-177.4149,-181.0362,0.1605547
4,28,279,3.849327e-07,2,9,9.134218e-06,5.335523e-06,6,7.431731e-06,4.176824e-05,1,4,3.090964e-07,6.693406e-06,8,1,0.9877148,3.496141e-07,5,6,6.326525e-06,3.057341e+09,0.008029688,1.847141,0.9235706,-95.622,-119.5955,-176.2819,-180.2553,0.1949744
4,29,280,3.908904e-07,1,8,6.387484e-06,5.844187e-06,8,7.117458e-06,4.180288e-05,1,4,3.44196e-07,8.991896e-06,7,4,0.8779167,3.912063e-07,3,7,6.71442e-06,2.538783e+09,0.005714622,1.594156,0.7970778,-81.63202,-109.9535,-162.1547,-170.4761,0.2361494
4,30,281,3.323414e-07,3,7,7.046433e-06,7.242708e-06,8,7.721024e-06,3.277379e-05,1,3,4.151649e-07,9.021264e-06,6,1,0.937575,3.513919e-07,2,7,8.765435e-06,4.431937e+09,0.005871862,1.502334,0.7511671,-92.36707,-117.3744,-177.6112,-182.6185,0.00912707
4,31,282,3.847508e-07,2,6,7.633322e-06,7.849963e-06,7,8.067558e-06,3.792616e-05,1,4,3.081812e-07,7.136702e-06,6,1,0.9015682,3.496308e-07,3,9,7.107581e-06,2.957976e+09,0.00591561,1.629696,0.814848,-94.76243,-119.7967,-176.4623,-181.4966,0.1645546
4,32,283,2.719382e-07,2,7,7.175792e-06,8.276576e-06,5,7.933483e-06,3.209954e-05,1,4,2.483463e-07,7.347819e-06,8,2,0.9142554,2.613694e-07,2,6,6.914123e-06,3.707265e+09,0.01167575,1.964854,0.9824272,-93.43389,-117.9111,-174.1421,-178.6194,0.1833721
4,33,284,3.279036e-07,2,6,8.768868e-06,8.517101e-06,6,6.921688e-06,4.060369e-05,1,5,3.456923e-07,6.019162e-06,9,2,0.9035057,3.052816e-07,2,5,6.297293e-06,2.640404e+09,0.00819969,1.955921,0.9779605,-96.91093,-120.2558,-176.2064,-179.5513,0.305036
4,34,285,3.64555e-07,1,6,7.278216e-06,8.52856e-06,7,6.925276e-06,3.011121e-05,1,1,2.705238e-07,9.188895e-06,7,1,0.842511,2.625226e-07,2,7,7.094428e-06,1.076781e+10,0.004301468,0.7580176,0.3790088,-79.63001,-106.9268,-173.9364,-181.2332,1.235068
4,35,286,4.119276e-07,2,8,7.56874e-06,7.649593e-06,5,8.094409e-06,3.604499e-05,1,3,4.110399e-07,6.158391e-06,8,4,0.7958489,4.419185e-07,2,8,7.049369e-06,3.779451e+09,0.007996973,1.696445,0.8482226,-89.80659,-116.2252,-172.3259,-178.7445,0.06944759
4,36,287,4.79878e-07,2,7,7.701505e-06,7.715029e-06,6,7.776749e-06,4.314927e-05,1,5,3.990965e-07,5.267942e-06,8,1,1.075117,2.889784e-07,4,6,6.057137e-06,2.501804e+09,0.004983702,1.744874,0.8724368,-97.06142,-120.7769,-178.051,-181.7665,0.2661898
4,37,288,4.639715e-07,2,7,7.409824e-06,8.449606e-06,6,6.936887e-06,3.607942e-05,1,3,4.392125e-07,6.853808e-06,7,1,0.9764859,3.162005e-07,1,6,9.11448e-06,5.060603e+09,0.004149804,1.541947,0.7709737,-92.37486,-116.6982,-180.2786,-184.602,0.000782035
4,38,289,4.133189e-07,1,7,9.550182e-06,9.171483e-06,8,6.62535e-06,3.41255e-05,1,3,4.511279e-07,6.543266e-06,10,2,0.8718677,2.571405e-07,2,6,8.582006e-06,4.023823e+09,0.006098008,1.549191,0.7745955,-87.64259,-114.7848,-171.8835,-179.0257,0.03304907
4,39,290,3.047001e-07,1,6,5.982686e-06,7.374108e-06,6,6.723216e-06,4.028182e-05,1,3,2.144542e-07,7.501408e-06,6,3,0.9194794,2.250125e-07,3,5,6.65809e-06,4.319084e+09,0.005736934,1.689823,0.8449115,-80.88643,-109.1373,-166.0075,-174.2583,0.03006965
4,40,291,4.179247e-07,3,9,7.584109e-06,8.153862e-06,4,9.18075e-06,4.101617e-05,1,2,4.181225e-07,6.37972e-06,8,3,0.94332,4.572962e-07,3,7,8.174704e-06,4.790559e+09,0.01158502,1.69861,0.849305,-94.74975,-118.4448,-177.7185,-181.4136,0.04315324
4,41,292,4.41487e-07,1,7,9.008222e-06,5.052534e-06,7,6.326861e-06,3.606446e-05,1,3,3.995557e-07,7.399979e-06,6,1,0.985524,3.395245e-07,3,6,7.880002e-06,4.824787e+09,0.004435457,1.495174,0.7475871,-88.66161,-113.9544,-175.8618,-181.1546,0.0002356075
4,42,293,4.143735e-07,3,10,7.126719e-06,7.838771e-06,9,7.391371e-06,3.943861e-05,1,3,3.58359e-07,7.047624e-06,7,1,0.9783351,2.704208e-07,2,8,5.661936e-06,4.14069e+09,0.006279861,1.634473,0.8172364,-94.19597,-118.8968,-178.5579,-183.2588,0.03204983
4,43,294,4.001817e-07,2,7,6.367199e-06,7.299554e-06,7,7.425374e-06,3.984578e-05,1,2,3.040117e-07,7.226709e-06,7,3,0.9277147,3.134848e-07,2,6,7.400548e-06,5.512188e+09,0.009219435,1.701502,0.8507511,-91.26801,-116.5502,-176.4474,-181.7297,0.02457791
4,44,295,4.061543e-07,1,5,7.685869e-06,8.715135e-06,4,7.720597e-06,3.550129e-05,1,3,4.475123e-07,6.38594e-06,10,3,0.8549126,2.714663e-07,2,7,6.531749e-06,4.259525e+09,0.003811475,1.24749,0.6237452,-74.19695,-102.6115,-160.9732,-169.3878,0.01708491
4,45,296,3.838292e-07,3,10,6.407992e-06,7.048822e-06,3,5.760886e-06,3.194333e-05,1,5,2.871913e-07,6.972708e-06,6,2,1.109739,2.38855e-07,4,8,7.266815e-06,2.82446e+09,0.01334807,2.010265,1.005133,-94.05235,-118.7321,-171.8169,-176.4966,0.4072358
4,46,297,4.570909e-07,1,6,6.275545e-06,7.519713e-06,5,6.486775e-06,3.590988e-05,1,3,3.71153e-07,6.266815e-06,7,2,0.8407603,4.491661e-07,3,7,7.135035e-06,4.639862e+09,0.003110304,1.146679,0.5733396,-72.29137,-100.5953,-160.6934,-168.9974,0.002818477
4,47,298,3.987488e-07,1,7,6.035875e-06,8.689611e-06,10,7.238571e-06,4.449406e-05,1,2,3.852833e-07,7.952485e-06,7,3,0.8767088,4.087947e-07,2,8,6.719171e-06,4.610404e+09,0.004522422,1.033247,0.5166234,-77.01267,-105.4303,-163.7337,-172.1513,0.003492944
4,48,299,2.922965e-07,4,6,7.150674e-06,6.236031e-06,5,6.96149e-06,4.247033e-05,1,3,3.082472e-07,6.530564e-06,6,1,1.059514,3.618965e-07,2,5,7.418968e-06,5.157658e+09,0.005641829,1.78823,0.894115,-91.34675,-115.7298,-178.0816,-182.4646,0.03705072
4,49,300,2.97359e-07,3,5,5.932076e-06,8.638867e-06,8,5.748589e-06,4.413143e-05,1,3,1.886753e-07,8.770748e-06,7,2,0.8837172,3.661714e-07,4,7,6.27376e-06,3.430283e+09,0.01162053,1.879197,0.9395986,-92.91265,-118.6348,-172.967,-178.6891,0.1801333
5,0,301,3.814935e-07,1,6,6.275545e-06,7.519713e-06,5,6.486775e-06,3.590988e-05,1,3,2.022139e-07,6.266815e-06,7,1,0.8407603,2.637972e-07,3,7,7.135035e-06,5.070773e+09,0.003646977,1.401518,0.7007592,-73.29871,-101.7361,-161.7809,-170.2183,0.0
5,1,302,4.233603e-07,2,6,6.838755e-06,7.034541e-06,7,7.568859e-06,3.690812e-05,1,3,3.466753e-07,6.240985e-06,5,1,0.9288562,2.783862e-07,1,9,7.364702e-06,5.060124e+09,0.003809193,1.485755,0.7428777,-91.08645,-116.268,-179.3613,-184.5429,0.0
5,2,303,4.573016e-07,1,8,5.976014e-06,7.180525e-06,7,7.124895e-06,4.723229e-05,1,2,2.682337e-07,7.192686e-06,8,1,0.933861,4.091968e-07,3,10,7.393179e-06,4.947744e+09,0.005046451,1.244129,0.6220645,-76.44871,-104.5415,-163.307,-171.3998,0.0
5,3,304,4.573016e-07,1,10,5.703664e-06,7.180525e-06,10,7.124895e-06,4.723229e-05,1,1,2.682337e-07,7.192686e-06,8,1,0.933861,4.091968e-07,3,10,7.393179e-06,7.616634e+09,0.00566871,0.8320291,0.4160145,-76.8032,-104.504,-166.9036,-174.6045,0.2435005
5,4,305,3.583082e-07,1,9,6.740906e-06,8.595837e-06,7,6.873762e-06,4.370797e-05,1,3,2.952308e-07,9.068095e-06,8,2,0.8463746,2.496082e-07,1,6,5.670769e-06,4.049231e+09,0.005789292,1.727095,0.8635476,-92.34875,-117.8164,-176.8699,-182.3376,0.05306712
5,5,306,4.402545e-07,1,5,8.140591e-06,8.198927e-06,3,7.511701e-06,3.687072e-05,1,1,3.393992e-07,5.966365e-06,7,3,0.9760887,4.176855e-07,3,5,8.110751e-06,1.02971e+10,0.005273828,1.016396,0.5081979,-70.17753,-98.52676,-163.2106,-171.5598,3.208874
5,6,307,4.70369e-07,1,10,9.008222e-06,5.680307e-06,7,6.401764e-06,3.606446e-05,1,3,4.471596e-07,7.399979e-06,6,1,0.985524,3.395245e-07,3,6,7.880002e-06,4.709017e+09,0.004386993,1.447702,0.723851,-89.07912,-114.3341,-176.1161,-181.371,0.001519144
5,7,308,4.062639e-07,3,7,6.58112e-06,7.359943e-06,7,7.847995e-06,4.468643e-05,1,2,3.381343e-07,8.004384e-06,8,4,0.8591446,3.011647e-07,1,6,6.567434e-06,4.824226e+09,0.009618417,1.710284,0.8551421,-94.1266,-118.6455,-177.9641,-182.483,0.01989222
5,8,309,3.896064e-07,2,6,7.718119e-06,8.853333e-06,7,7.166909e-06,3.487834e-05,1,3,3.666296e-07,6.63876e-06,6,1,0.8828737,2.957657e-07,3,6,7.536814e-06,4.419512e+09,0.004796699,1.42233,0.711165,-90.71427,-116.3555,-176.8123,-182.4535,0.009615516
5,9,310,3.323159e-07,2,6,7.333973e-06,8.100864e-06,7,7.661305e-06,3.830541e-05,1,3,4.246561e-07,9.017985e-06,7,1,0.9717233,3.267292e-07,1,7,8.061421e-06,4.474573e+09,0.005187727,1.624499,0.8122494,-94.91135,-118.7287,-180.7766,-184.5939,0.01442691
5,10,311,2.894497e-07,1,8,6.688042e-06,7.50649e-06,6,6.892113e-06,4.188108e-05,1,2,2.228901e-07,7.141213e-06,6,3,0.9213547,2.746787e-07,3,5,6.779839e-06,5.819834e+09,0.008368527,1.716283,0.8581415,-83.79325,-111.4738,-169.865,-177.5455,0.04071199
5,11,312,3.865372e-07,4,6,6.337378e-06,7.532475e-06,2,7.437091e-06,3.579388e-05,1,2,3.582241e-07,5.58366e-06,6,3,0.8488339,4.066736e-07,3,7,8.197449e-06,6.19582e+09,0.009143737,1.670718,0.8353592,-88.8423,-113.8093,-175.073,-180.04,0.05912089
5,12,313,3.498088e-07,2,7,6.190261e-06,8.541844e-06,4,8.4956e-06,3.988706e-05,1,2,3.914899e-07,7.471652e-06,8,3,0.9037873,2.879626e-07,4,7,5.842837e-06,5.05854e+09,0.009858851,1.665491,0.8327455,-87.09846,-114.0905,-171.2407,-178.2328,0.01217211
5,13,314,2.97359e-07,3,7,5.932076e-06,7.983808e-06,8,6.333183e-06,4.413143e-05,1,3,1.886753e-07,8.770748e-06,10,3,0.8837172,3.661714e-07,4,7,6.27376e-06,3.029516e+09,0.01664109,1.939089,0.9695447,-95.27873,-120.0281,-172.6944,-177.4437,0.6724477
5,14,315,4.019035e-07,4,9,8.508183e-06,8.541881e-06,6,7.574874e-06,3.789242e-05,1,4,3.881167e-07,6.481471e-06,8,2,0.8626496,3.240577e-07,4,6,6.811712e-06,2.896559e+09,0.01077341,1.888925,0.9444623,-97.45343,-120.8759,-176.3675,-179.79,0.2403803
5,15,316,2.997319e-07,2,5,6.670474e-06,8.02979e-06,8,6.299313e-06,4.30273e-05,1,3,2.063513e-07,7.129365e-06,7,2,0.9019515,3.320415e-07,3,7,6.294069e-06,3.777017e+09,0.009100088,1.835456,0.917728,-92.58538,-118.144,-174.5379,-180.0965,0.1025372
5,16,317,3.493389e-07,1,7,6.976288e-06,9.2869e-06,7,6.942791e-06,4.795448e-05,1,2,3.894461e-07,9.354443e-06,6,1,0.8467599,2.475532e-07,2,5,5.558236e-06,5.773672e+09,0.004006584,1.381795,0.6908975,-86.44537,-113.3192,-175.6467,-182.5205,0.01744844
5,17,318,3.911083e-07,2,6,7.06467e-06,8.447337e-06,6,8.043109e-06,4.066966e-05,1,4,3.183559e-07,7.268881e-06,6,4,0.8253053,3.255973e-07,3,8,7.143237e-06,2.613991e+09,0.00741914,1.77082,0.8854102,-90.78429,-117.6645,-170.4268,-177.3071,0.2502498
5,18,319,3.683759e-07,3,9,5.955978e-06,7.679882e-06,5,7.162938e-06,3.530411e-05,1,3,4.24742e-07,8.096861e-06,9,1,1.01848,3.176825e-07,4,7,8.53351e-06,3.957518e+09,0.008126507,1.634117,0.8170585,-92.86483,-117.6929,-175.7142,-180.5423,0.04499033
5,19,320,3.456914e-07,1,6,5.921641e-06,5e-06,4,6.542523e-06,3.455902e-05,1,3,2.065264e-07,7.938255e-06,7,4,0.8905008,2.52414e-07,3,5,7.247676e-06,4.763304e+09,0.004739618,1.464244,0.7321219,-72.33756,-100.9221,-159.1383,-167.7228,0.0007782504
5,20,321,3.807947e-07,3,10,7.728484e-06,8.149699e-06,7,8.1049e-06,3.620376e-05,1,1,3.836252e-07,5.591502e-06,6,1,0.9789868,3.90467e-07,2,9,8.170169e-06,9.421339e+09,0.004574692,0.6666846,0.3333423,-82.80958,-108.9369,-175.6882,-181.8155,0.7179534
5,21,322,3.792445e-07,4,5,7.104875e-06,7.927311e-06,5,7.050745e-06,3.550047e-05,1,3,4.327124e-07,6.27873e-06,10,3,0.9055171,2.439035e-07,2,7,7.00421e-06,4.001759e+09,0.01133048,1.872811,0.9364057,-95.02876,-119.1749,-176.5313,-180.6775,0.1130786
5,22,323,4.0924e-07,1,8,6.52445e-06,7.275575e-06,5,7.35705e-06,4.103323e-05,1,3,3.022756e-07,7.029825e-06,9,2,0.9027752,3.178464e-07,2,5,6.723251e-06,4.471063e+09,0.005642539,1.734712,0.8673561,-88.50316,-114.8414,-173.9966,-180.3348,0.03214728
5,23,324,2.65936e-07,1,7,7.355622e-06,7.59611e-06,5,6.616642e-06,4.369099e-05,1,4,3.072806e-07,9.108843e-06,8,1,0.8651546,2.963419e-07,2,5,5.627746e-06,3.705303e+09,0.005692641,1.890869,0.9454344,-94.53296,-118.1768,-178.3563,-182.0001,0.1273476
5,24,325,3.047001e-07,1,6,5.982686e-06,6.885664e-06,6,6.981427e-06,3.780106e-05,1,3,2.144542e-07,7.501408e-06,6,3,0.9194794,2.250125e-07,3,5,6.65809e-06,4.490383e+09,0.005736934,1.672686,0.8363428,-79.90208,-108.2268,-165.361,-173.6857,0.02024164
5,25,326,2.941352e-07,1,7,6.260487e-06,7.875552e-06,6,7.417583e-06,3.854565e-05,1,2,3.329424e-07,7.393834e-06,7,2,0.9243734,3.447033e-07,3,6,7.452215e-06,5.735283e+09,0.006398595,1.453741,0.7268705,-76.70663,-105.1709,-163.8169,-172.2812,0.01551651
5,26,327,4.159806e-07,2,5,6.339824e-06,8.533507e-06,7,6.517587e-06,3.970756e-05,1,3,4.39057e-07,6.384062e-06,5,1,0.9176413,3.51053e-07,5,8,7.097492e-06,3.731098e+09,0.00353497,1.051402,0.5257009,-83.95881,-110.5345,-169.9117,-176.4874,0.05690683
5,27,328,4.020723e-07,3,10,6.880154e-06,7.59275e-06,8,7.119106e-06,3.981563e-05,1,2,3.349715e-07,7.114475e-06,7,2,0.9424369,2.772445e-07,2,7,5.908881e-06,5.742383e+09,0.01005174,1.743659,0.8718294,-92.61386,-117.2645,-177.7733,-182.424,0.04227853
5,28,329,4.122054e-07,1,8,8.043422e-06,6.871349e-06,6,7.080688e-06,4.415636e-05,1,3,4.213859e-07,7.066336e-06,6,1,0.8981499,2.935965e-07,3,6,8.370129e-06,4.184566e+09,0.004126275,1.491768,0.7458839,-90.13405,-115.3671,-176.4115,-181.6446,0.02131805
5,29,330,4.36345e-07,4,7,8.886048e-06,6.11923e-06,4,7.004123e-06,3.807666e-05,1,3,3.557515e-07,7.710011e-06,10,2,0.9198571,3.140177e-07,1,6,9.153194e-06,4.687186e+09,0.01060004,1.949889,0.9749446,-92.95005,-117.0344,-176.1152,-180.1996,0.09544238
5,30,331,3.521457e-07,4,6,8.080955e-06,7.367977e-06,4,7.024052e-06,4.056508e-05,1,3,3.215687e-07,6.416339e-06,9,2,1.050615,3.410933e-07,2,6,6.611778e-06,4.578585e+09,0.01102964,1.961918,0.9809591,-93.38494,-117.1603,-176.1739,-179.9493,0.1097347
5,31,332,4.416063e-07,1,8,8.64424e-06,5.412667e-06,8,6.625512e-06,3.765286e-05,1,2,3.653579e-07,6.548984e-06,5,5,0.8513332,3.247164e-07,5,6,8.422053e-06,5.132446e+09,0.006206026,1.209615,0.6048074,-73.78941,-102.1101,-160.0678,-168.3884,4.047503e-05
5,32,333,3.948068e-07,4,9,7.717791e-06,5.225456e-06,7,6.536403e-06,3.654714e-05,1,3,4.038619e-07,8.498022e-06,5,3,0.9947896,3.221654e-07,4,6,7.559475e-06,3.892067e+09,0.01264692,1.870406,0.935203,-95.09748,-118.914,-175.8812,-179.6977,0.1733525
5,33,334,3.77179e-07,2,7,7.774408e-06,8.495269e-06,6,6.921871e-06,3.904677e-05,1,6,3.575773e-07,6.478967e-06,7,1,0.9341956,3.150061e-07,1,6,9.042309e-06,2.478325e+09,0.00479271,1.856321,0.9281604,-97.07238,-120.269,-178.1497,-181.3464,0.3006814
5,34,335,4.400639e-07,3,8,6.397849e-06,6.744288e-06,7,7.250385e-06,3.642671e-05,1,2,2.535946e-07,6.306907e-06,5,3,1.002628,3.230621e-07,5,7,7.471495e-06,5.101353e+09,0.01323379,1.704298,0.8521492,-91.82375,-116.9712,-174.7606,-179.9081,0.1231242
5,35,336,3.91645e-07,3,6,7.340339e-06,8.525526e-06,8,6.785237e-06,3.726914e-05,1,2,2.572087e-07,8.978365e-06,8,2,0.8796823,3.171406e-07,3,5,8.236456e-06,5.322178e+09,0.0118558,1.736496,0.8682481,-92.49281,-117.4818,-176.2753,-181.2643,0.06119566
5,36,337,3.323414e-07,3,7,7.046433e-06,7.242708e-06,8,7.721024e-06,3.277379e-05,1,3,4.151649e-07,9.578928e-06,6,4,0.937575,3.513919e-07,2,7,8.765435e-06,3.582813e+09,0.01349447,1.833093,0.9165465,-97.96749,-121.257,-177.7504,-181.0399,0.2436856
5,37,338,3.570155e-07,4,8,5.501063e-06,8.050008e-06,5,7.074681e-06,3.499054e-05,1,3,2.861377e-07,7.167949e-06,9,1,0.9339855,2.178242e-07,2,6,7.283022e-06,5.129509e+09,0.009162337,1.876165,0.9380827,-90.79364,-115.945,-175.3751,-180.5265,0.06292257
5,38,339,2.988443e-07,3,9,7.016509e-06,8.903731e-06,6,7.060516e-06,3.658412e-05,1,2,3.873261e-07,8.054348e-06,6,1,0.9106886,3.084875e-07,4,7,7.759669e-06,5.628894e+09,0.006573888,1.301819,0.6509094,-85.61548,-112.7095,-172.4457,-179.5397,0.01075468
5,39,340,2.82093e-07,1,7,6.347531e-06,7.064474e-06,6,6.732557e-06,3.965998e-05,1,3,2.394776e-07,7.833012e-06,8,3,0.8951182,2.315188e-07,2,5,8.126115e-06,4.16113e+09,0.006867209,1.754078,0.8770388,-84.22152,-112.0797,-168.2379,-176.0961,0.05142884
5,40,341,4.054655e-07,1,6,6.751557e-06,9.240251e-06,3,6.465398e-06,4.474412e-05,1,2,3.893089e-07,8.188363e-06,9,1,0.811737,2.232666e-07,2,8,7.314242e-06,6.737029e+09,0.003236151,1.263304,0.6316521,-70.56755,-98.87916,-162.0366,-170.3482,1.359325
5,41,342,3.765793e-07,2,8,6.770855e-06,7.704921e-06,5,6.761101e-06,3.610359e-05,1,5,4.292424e-07,6.660624e-06,9,2,0.9339428,2.089995e-07,5,7,7.60545e-06,2.296676e+09,0.00999707,1.910734,0.9553668,-98.03358,-121.906,-175.2568,-179.1293,0.3572485
5,42,343,2.604234e-07,5,7,9.166771e-06,8.313784e-06,2,6.237129e-06,4.406345e-05,1,4,1.948075e-07,7.377765e-06,9,2,0.8863563,4.555362e-07,4,7,6.859002e-06,2.792411e+09,0.02175462,2.087488,1.043744,-91.48303,-117.3255,-167.0271,-172.8696,1.72011
5,43,344,4.001817e-07,2,5,6.367199e-06,7.299554e-06,4,7.425374e-06,3.984578e-05,1,4,3.040117e-07,7.226709e-06,5,3,0.9383874,3.134848e-07,1,6,7.400548e-06,3.826195e+09,0.00625156,1.901402,0.9507011,-93.99631,-117.7849,-177.6918,-181.4804,0.1196346
5,44,345,3.787101e-07,2,8,6.838755e-06,7.034541e-06,7,7.568859e-06,3.690812e-05,1,3,3.466753e-07,6.240985e-06,5,1,0.9288562,2.783862e-07,2,10,7.364702e-06,4.516808e+09,0.004576789,1.435181,0.7175904,-88.79638,-115.2639,-175.2874,-181.7549,0.006115627
5,45,346,3.790717e-07,1,7,6.705205e-06,8.974855e-06,6,7.358286e-06,3.771134e-05,1,3,3.058302e-07,8.120141e-06,7,1,0.841482,2.51056e-07,2,6,6.926896e-06,4.688301e+09,0.004199983,1.52876,0.7643798,-83.92238,-111.5386,-171.1102,-178.7265,0.002234175
5,46,347,3.740304e-07,2,8,7.435731e-06,8.514924e-06,8,7.142126e-06,3.840728e-05,1,3,3.241149e-07,8.821258e-06,6,1,0.8934048,3.471853e-07,2,9,5.70786e-06,4.155583e+09,0.006316566,1.643896,0.8219478,-94.6299,-118.9884,-178.9977,-183.3562,0.03228287
5,47,348,4.416431e-07,1,6,8.223897e-06,6.802237e-06,8,7.493276e-06,4.158445e-05,1,2,3.343575e-07,7.085419e-06,9,4,0.8442115,3.120454e-07,2,6,8.523209e-06,5.032441e+09,0.004405198,1.049684,0.5248422,-75.15383,-103.4852,-162.7497,-171.0812,0.0
5,48,349,4.639715e-07,4,7,7.409824e-06,8.449606e-06,6,6.222508e-06,3.607942e-05,1,3,4.392125e-07,6.853808e-06,7,1,0.9764859,3.162005e-07,3,6,9.11448e-06,4.37331e+09,0.005468341,1.49268,0.7463401,-90.2271,-115.7672,-175.6648,-181.2049,0.0115536
5,49,350,4.215137e-07,3,7,7.583331e-06,7.657263e-06,6,7.965168e-06,4.090095e-05,1,3,4.051701e-07,5.71151e-06,10,2,0.9892326,2.979413e-07,3,9,6.90591e-06,3.557473e+09,0.01050956,1.816134,0.908067,-96.44306,-120.1311,-177.2501,-180.9381,0.1220824
6,0,351,3.814935e-07,1,6,6.275545e-06,7.519713e-06,5,6.486775e-06,3.590988e-05,1,3,2.022139e-07,6.266815e-06,7,1,0.8407603,2.637972e-07,3,7,7.135035e-06,5.070773e+09,0.003646977,1.401518,0.7007592,-73.29871,-101.7361,-161.7809,-170.2183,0.0
6,1,352,4.233603e-07,2,6,6.838755e-06,7.034541e-06,7,7.568859e-06,3.690812e-05,1,3,3.466753e-07,6.240985e-06,5,1,0.9288562,2.783862e-07,1,9,7.364702e-06,5.060124e+09,0.003809193,1.485755,0.7428777,-91.08622,-116.2678,-179.3611,-184.5427,0.0
6,2,353,4.573016e-07,1,8,5.976014e-06,7.180525e-06,7,7.124895e-06,4.723229e-05,1,2,2.682337e-07,7.192686e-06,8,1,0.933861,4.091968e-07,3,10,7.393179e-06,4.947744e+09,0.005046451,1.244129,0.6220645,-76.44872,-104.5415,-163.307,-171.3998,0.0
6,3,354,4.559009e-07,2,8,8.146256e-06,6.464692e-06,8,7.317987e-06,4.164035e-05,1,4,2.733485e-07,7.110663e-06,10,1,0.8623197,3.458179e-07,2,10,8.142386e-06,2.90581e+09,0.008342876,1.855217,0.9276086,-96.66392,-120.5637,-176.7161,-180.6159,0.2217104
6,4,355,3.774259e-07,1,8,7.147366e-06,8.416465e-06,6,6.490512e-06,3.922291e-05,1,3,3.224458e-07,8.743332e-06,7,1,0.8616036,2.748026e-07,2,8,6.080969e-06,4.612933e+09,0.005070581,1.657246,0.8286231,-89.18765,-115.2521,-175.4166,-181.481,0.01442171
6,5,356,4.679588e-07,2,9,8.953985e-06,7.538744e-06,6,6.052921e-06,3.607136e-05,1,5,4.45063e-07,7.161853e-06,7,1,0.9770369,3.447536e-07,3,6,9.407675e-06,2.648344e+09,0.005386556,1.707004,0.8535022,-95.86785,-119.7464,-177.0142,-180.8928,0.2302049
6,6,357,3.494877e-07,1,6,7.004506e-06,7.776142e-06,6,7.012742e-06,4.28411e-05,1,2,3.365582e-07,7.993727e-06,7,1,0.9915451,2.593961e-07,2,6,6.173636e-06,6.506793e+09,0.004925335,1.535974,0.767987,-87.67089,-113.6537,-177.0139,-182.9967,0.0766638
6,7,358,3.423669e-07,2,8,6.229634e-06,8.006384e-06,2,7.055837e-06,3.968341e-05,1,2,3.667663e-07,5.870665e-06,8,3,0.8979572,3.514667e-07,5,7,5.851147e-06,5.415765e+09,0.01018522,1.711136,0.8555681,-87.61398,-113.8512,-172.2075,-178.4447,0.02398918
6,8,359,4.180888e-07,2,10,7.651759e-06,6.794039e-06,7,6.233309e-06,3.690118e-05,1,2,3.365459e-07,8.073357e-06,6,2,0.9672444,3.024315e-07,2,9,7.141551e-06,6.057629e+09,0.01000185,1.726428,0.8632141,-91.38887,-116.0099,-177.0341,-181.6552,0.0580443
6,9,360,3.301191e-07,3,9,6.27922e-06,7.550935e-06,6,7.177177e-06,4.020575e-05,1,2,4.023021e-07,7.30403e-06,8,2,0.9256866,3.451576e-07,4,6,6.973806e-06,5.196378e+09,0.01072028,1.693618,0.8468088,-93.10036,-117.3944,-177.1123,-181.4063,0.02220644
6,10,361,3.013785e-07,3,8,6.433787e-06,7.638841e-06,8,7.058432e-06,4.060548e-05,1,3,2.717478e-07,8.727783e-06,8,1,0.8936948,3.106527e-07,2,6,8.068273e-06,4.134581e+09,0.009450688,1.851387,0.9256935,-95.14734,-119.0897,-177.7213,-181.6637,0.07927774
6,11,362,4.416228e-07,1,7,8.433229e-06,6.164071e-06,9,6.686797e-06,3.80666e-05,1,2,3.58368e-07,6.68236e-06,7,3,0.8509482,3.194563e-07,3,6,8.49504e-06,5.492098e+09,0.005250869,1.19429,0.5971449,-74.79431,-103.1,-162.3868,-170.6925,0.005910824
6,12,363,3.838332e-07,3,8,6.899055e-06,7.335415e-06,10,7.690887e-06,3.662856e-05,1,3,4.009464e-07,7.887752e-06,7,3,0.9347033,3.268233e-07,1,7,7.298701e-06,3.736445e+09,0.009385145,1.776564,0.8882818,-97.91275,-121.241,-179.6375,-182.9657,0.09038174
6,13,364,3.863701e-07,3,7,6.460975e-06,7.998326e-06,4,7.420611e-06,3.620508e-05,1,2,3.552133e-07,8.729847e-06,9,2,0.8478308,3.10985e-07,2,6,7.172668e-06,6.169863e+09,0.009814642,1.760535,0.8802674,-91.10085,-115.7428,-176.9876,-181.6296,0.07417458
6,14,365,4.392903e-07,4,8,6.440947e-06,8.135819e-06,7,6.607666e-06,3.834564e-05,1,3,3.924169e-07,6.948761e-06,7,1,0.9532799,3.028449e-07,5,7,6.371262e-06,3.847259e+09,0.006388367,1.516592,0.7582962,-91.34929,-117.1726,-174.9984,-180.8217,0.0462808
6,15,366,3.885284e-07,2,8,6.24436e-06,7.034541e-06,7,7.76779e-06,3.690812e-05,1,3,3.466753e-07,6.240985e-06,5,1,0.9259435,2.783862e-07,2,9,7.364702e-06,4.581323e+09,0.004426398,1.437391,0.7186953,-89.19866,-115.4371,-175.958,-182.1964,0.004229692
6,16,367,3.309247e-07,1,7,6.260487e-06,7.932681e-06,6,7.417583e-06,3.744101e-05,1,2,3.476528e-07,7.393834e-06,7,2,0.9235358,3.447033e-07,5,6,7.452215e-06,5.373478e+09,0.006096041,1.26207,0.6310348,-72.8589,-101.4351,-159.6135,-168.1897,0.002875442
6,17,368,4.320885e-07,1,8,7.210908e-06,6.413616e-06,7,7.277082e-06,3.818355e-05,1,2,3.563295e-07,7.012032e-06,5,5,0.9166932,3.282324e-07,3,6,8.411815e-06,5.314563e+09,0.006567618,1.356214,0.6781072,-76.29366,-104.6088,-162.6289,-170.9441,0.001769977
6,18,369,3.330864e-07,1,7,6.672299e-06,7.509494e-06,3,7.215453e-06,3.982191e-05,1,2,2.171214e-07,6.465929e-06,6,2,0.8418235,2.694859e-07,3,7,6.816998e-06,6.9048e+09,0.005104639,1.488528,0.744264,-70.67427,-99.22307,-160.3776,-168.9264,0.7288568
6,19,370,3.627115e-07,2,6,6.969313e-06,8.771304e-06,7,6.863425e-06,4.064601e-05,1,2,4.161645e-07,8.961163e-06,6,1,0.8903363,2.834601e-07,5,7,6.749537e-06,5.170537e+09,0.005637364,1.227272,0.6136359,-85.92778,-112.3177,-172.6877,-179.0776,0.0001912888
6,20,371,4.023784e-07,1,5,6.681268e-06,7.755855e-06,4,6.83661e-06,4.065322e-05,1,1,2.709881e-07,7.216957e-06,6,3,0.9368497,3.227439e-07,3,9,7.279368e-06,9.507179e+09,0.00454984,0.876574,0.438287,-69.37001,-97.88215,-162.3511,-170.8632,5.232044
6,21,372,3.562553e-07,2,6,7.313562e-06,8.548104e-06,7,7.291387e-06,3.916352e-05,1,4,3.962215e-07,9.070606e-06,7,1,0.8121563,2.911582e-07,4,6,6.625682e-06,3.001571e+09,0.005718096,1.67848,0.8392399,-95.30132,-119.8862,-177.2758,-181.8606,0.1642632
6,22,373,3.895103e-07,1,7,5.926683e-06,5.137009e-06,4,7.881349e-06,3.645325e-05,1,3,3.896176e-07,8.122509e-06,8,3,0.8938416,2.622446e-07,3,5,6.321222e-06,4.364397e+09,0.00489078,1.533047,0.7665235,-76.78665,-105.178,-162.6914,-171.0827,0.01243336
6,23,374,4.219099e-07,2,7,8.643979e-06,7.256643e-06,8,6.738001e-06,3.777599e-05,1,2,2.965841e-07,8.622921e-06,8,5,0.7995811,3.228945e-07,4,5,8.355252e-06,4.540149e+09,0.009020224,1.367008,0.6835041,-77.65774,-105.9535,-161.247,-169.5428,0.005393283
6,24,375,3.493389e-07,1,7,6.858243e-06,9.93916e-06,7,6.906901e-06,4.902936e-05,1,2,4.119e-07,9.354443e-06,6,1,0.8467599,2.106595e-07,2,5,5.558236e-06,5.612544e+09,0.003943352,1.356758,0.6783789,-86.77579,-113.663,-175.8003,-182.6875,0.01010002
6,25,376,3.75937e-07,2,9,6.474869e-06,7.990616e-06,6,7.42391e-06,3.839028e-05,1,4,3.749725e-07,6.684605e-06,7,1,0.9279026,3.406956e-07,5,6,7.125703e-06,2.970309e+09,0.005901787,1.625752,0.8128758,-94.4567,-119.3488,-176.2029,-181.095,0.1621181
6,26,377,3.18503e-07,3,8,7.404004e-06,6.634833e-06,7,6.718332e-06,3.771416e-05,1,1,3.038268e-07,6.711731e-06,7,5,0.8605207,2.564907e-07,5,5,8.206036e-06,7.487573e+09,0.01806044,1.599318,0.7996591,-85.03409,-112.1977,-169.9536,-177.1173,0.8732569
6,27,378,3.946075e-07,1,9,6.181227e-06,8.42333e-06,7,7.11578e-06,4.727155e-05,1,2,2.844923e-07,8.414445e-06,8,2,0.9111522,3.573731e-07,2,7,7.657707e-06,5.034318e+09,0.006512689,1.513082,0.756541,-80.61837,-108.7229,-166.5196,-174.6241,7.606151e-05
6,28,379,3.940157e-07,3,9,5.961751e-06,7.534472e-06,7,7.137476e-06,3.663787e-05,1,3,3.056204e-07,7.783586e-06,8,1,0.9427161,3.666139e-07,3,9,8.172874e-06,3.778369e+09,0.008892195,1.68346,0.8417301,-93.79723,-118.8273,-175.8532,-180.8833,0.06735614
6,29,380,3.905382e-07,2,10,6.87546e-06,7.310827e-06,5,7.378775e-06,3.929816e-05,1,3,3.408744e-07,6.312754e-06,5,1,0.9381727,2.776551e-07,2,7,6.214037e-06,5.181479e+09,0.004469076,1.619316,0.8096581,-89.66979,-115.1213,-177.4567,-182.9082,0.006582509
6,30,381,3.554625e-07,2,7,7.846647e-06,7.307866e-06,7,7.288816e-06,3.863419e-05,1,3,3.387201e-07,6.205308e-06,9,1,1.049997,2.805698e-07,2,7,7.122088e-06,4.478833e+09,0.006865253,1.736214,0.8681071,-93.54378,-117.9611,-178.2005,-182.6179,0.03218656
6,31,382,3.814935e-07,1,5,6.275545e-06,7.519713e-06,5,6.486775e-06,3.590988e-05,1,3,1.959539e-07,6.266815e-06,7,1,0.825324,2.637972e-07,3,7,7.135035e-06,5.18765e+09,0.002890042,1.243358,0.6216792,-71.18202,-99.67384,-160.8724,-169.3642,0.1066741
6,32,383,3.553399e-07,2,7,7.037309e-06,8.815045e-06,7,7.532073e-06,4.023609e-05,1,5,4.134091e-07,9.122994e-06,5,1,0.9237978,2.656119e-07,2,8,6.129039e-06,2.594428e+09,0.004879967,1.726551,0.8632757,-97.50978,-121.1337,-178.9064,-182.5303,0.244205
6,33,384,3.457226e-07,1,7,5.837837e-06,5.497175e-06,5,6.786732e-06,3.481332e-05,1,5,2.688051e-07,8.153451e-06,8,2,0.8652655,2.401638e-07,2,8,7.260001e-06,2.94209e+09,0.004829798,1.781982,0.8909911,-84.72822,-112.4088,-167.2621,-174.9426,0.1949985
6,34,385,4.573016e-07,3,10,5.765534e-06,7.180525e-06,9,7.774306e-06,4.723229e-05,1,1,2.723004e-07,7.192686e-06,8,3,0.933861,4.091968e-07,3,10,7.393179e-06,6.514618e+09,0.01493563,1.451348,0.725674,-87.56787,-113.9271,-172.1034,-178.4626,0.3205421
6,35,386,4.480377e-07,2,7,6.309463e-06,8.133318e-06,7,6.801372e-06,4.034987e-05,1,3,2.919834e-07,6.463918e-06,8,1,0.9055646,4.04044e-07,4,9,7.16114e-06,3.511514e+09,0.006477207,1.514364,0.7571818,-89.89386,-116.075,-172.6899,-178.871,0.08038714
6,36,387,3.685803e-07,3,6,6.871651e-06,7.784258e-06,5,7.413953e-06,3.831432e-05,1,2,3.608656e-07,8.123434e-06,5,5,0.9189145,3.129415e-07,3,6,7.609811e-06,5.127339e+09,0.01246818,1.768598,0.8842992,-92.86804,-117.5932,-176.1079,-180.8331,0.09301251
6,37,388,4.054276e-07,4,8,8.911479e-06,6.736422e-06,4,7.370881e-06,3.802496e-05,1,4,3.70149e-07,8.389583e-06,8,2,0.8962849,3.163971e-07,2,6,9.065967e-06,3.303871e+09,0.01207864,1.990438,0.9952192,-93.43012,-116.7682,-172.9904,-176.3285,0.2562163
6,38,389,3.829107e-07,2,7,6.728677e-06,8.918758e-06,9,7.319735e-06,3.552305e-05,1,3,3.545145e-07,6.299354e-06,7,1,0.8610336,2.569356e-07,3,6,6.969853e-06,4.109018e+09,0.005229221,1.437793,0.7188967,-93.09607,-118.3237,-178.1865,-183.4141,0.02605797
6,39,390,4.076394e-07,2,8,6.338755e-06,7.457338e-06,9,7.277418e-06,3.647156e-05,1,2,2.428789e-07,6.277317e-06,6,4,0.94774,2.499107e-07,4,7,7.178387e-06,5.014442e+09,0.01236333,1.689955,0.8449776,-89.43302,-115.9381,-172.5161,-179.0212,0.07189027
6,40,391,3.037716e-07,1,8,6.268721e-06,6.866605e-06,6,7.009257e-06,3.678384e-05,1,2,3.741704e-07,8.050939e-06,6,2,0.8957227,2.974365e-07,1,6,6.860333e-06,6.996057e+09,0.005305357,1.574929,0.7874643,-86.47788,-112.878,-176.1278,-182.5279,0.1407125
6,41,392,3.671467e-07,3,9,6.754308e-06,7.47027e-06,7,7.244964e-06,3.947235e-05,1,2,3.015641e-07,6.670847e-06,6,2,0.9275165,2.348824e-07,2,7,7.145865e-06,6.066004e+09,0.01015266,1.765326,0.8826631,-90.99692,-116.1735,-176.5892,-181.7658,0.06739816
6,42,393,3.540528e-07,3,6,7.668164e-06,7.757692e-06,5,6.720582e-06,4.224377e-05,1,3,2.963056e-07,8.59645e-06,8,2,0.8545974,3.319838e-07,1,6,6.549996e-06,4.523762e+09,0.008467078,1.909836,0.9549182,-94.16796,-117.8859,-178.0006,-181.7185,0.0805472
6,43,394,3.9861e-07,3,6,7.812964e-06,7.066968e-06,5,7.010486e-06,3.715339e-05,1,4,3.08728e-07,6.511808e-06,7,2,0.9188611,3.138494e-07,2,5,6.845064e-06,3.808139e+09,0.008514803,1.946629,0.9733145,-93.78338,-117.7083,-176.0959,-180.0208,0.1383094
6,44,395,4.656755e-07,1,9,8.803914e-06,6.721628e-06,8,6.480349e-06,3.744595e-05,1,1,4.722057e-07,7.132099e-06,7,2,0.9633243,3.185987e-07,3,6,8.068696e-06,8.970679e+09,0.006475915,1.020568,0.5102838,-82.56183,-108.5413,-173.5053,-179.4848,0.5760153
6,45,396,3.694079e-07,1,7,6.313838e-06,8.234671e-06,6,6.598913e-06,3.842833e-05,1,3,2.202426e-07,8.584759e-06,8,1,0.84446,2.574223e-07,3,6,6.838764e-06,4.569561e+09,0.004470839,1.52695,0.763475,-77.32737,-105.6765,-164.021,-172.3701,0.004870481
6,46,397,4.419627e-07,1,6,8.098661e-06,6.82183e-06,8,7.199526e-06,4.313102e-05,1,2,3.331434e-07,7.590509e-06,8,5,0.9327529,3.62277e-07,3,9,7.783819e-06,4.326376e+09,0.006084706,1.129251,0.5646257,-75.58113,-104.0237,-160.4612,-168.9038,0.01370446
6,47,398,4.11994e-07,2,6,6.838755e-06,7.034541e-06,7,7.319852e-06,3.690812e-05,1,3,3.553023e-07,6.240985e-06,7,1,0.9288562,2.783862e-07,1,9,7.364702e-06,4.963637e+09,0.004625615,1.603741,0.8018707,-92.32554,-116.965,-179.5898,-184.2293,0.004783239
6,48,399,4.116932e-07,2,6,7.183188e-06,9.361853e-06,7,6.894081e-06,3.708949e-05,1,3,4.220027e-07,6.605153e-06,5,1,0.9092148,3.22481e-07,5,8,7.377953e-06,3.724245e+09,0.004037091,1.076928,0.5384638,-84.89072,-111.7726,-170.2508,-177.1327,0.05757599
6,49,400,2.766921e-07,3,7,7.137137e-06,6.341233e-06,7,6.786283e-06,3.683166e-05,1,2,3.805672e-07,7.816875e-06,6,3,0.8862919,3.187181e-07,5,7,7.797098e-06,4.800784e+09,0.01341846,1.683442,0.841721,-92.58132,-117.6503,-174.9305,-179.9995,0.1322248
7,0,401,3.814935e-07,1,6,6.275545e-06,7.519713e-06,5,6.486775e-06,3.590988e-05,1,3,2.022139e-07,6.266815e-06,7,1,0.8407603,2.637972e-07,3,7,7.135035e-06,5.070773e+09,0.003646977,1.401518,0.7007592,-73.29871,-101.7361,-161.7809,-170.2183,0.0
7,1,402,4.233603e-07,2,6,6.838755e-06,7.034541e-06,7,7.568859e-06,3.690812e-05,1,3,3.466753e-07,6.240985e-06,5,1,0.9288562,2.783862e-07,1,9,7.364702e-06,5.060124e+09,0.003809193,1.485755,0.7428777,-91.08651,-116.268,-179.3614,-184.5429,0.0
7,2,403,4.573016e-07,1,8,5.976014e-06,7.180525e-06,7,7.124895e-06,4.723229e-05,1,2,2.682337e-07,7.192686e-06,8,1,0.933861,4.091968e-07,3,10,7.393179e-06,4.947744e+09,0.005046451,1.244129,0.6220645,-76.44872,-104.5415,-163.307,-171.3998,0.0
7,3,404,3.341502e-07,2,8,5.997432e-06,7.343185e-06,4,6.888943e-06,4.005469e-05,1,1,3.940119e-07,8.136782e-06,8,2,0.916483,3.251136e-07,3,6,7.031085e-06,9.289963e+09,0.00918153,1.409327,0.7046637,-82.17709,-109.0151,-171.9082,-178.7462,0.674963
7,4,405,3.614631e-07,2,7,6.684534e-06,5.479617e-06,5,7.836095e-06,3.840731e-05,1,3,3.566312e-07,7.627146e-06,8,3,0.9071209,2.440501e-07,2,5,6.67068e-06,4.291511e+09,0.009575086,1.897707,0.9488536,-93.86996,-118.1439,-176.7107,-180.9847,0.0857193
7,5,406,3.453794e-07,5,7,6.167552e-06,8.453814e-06,7,7.120404e-06,4.020763e-05,1,3,3.934269e-07,6.833626e-06,8,1,0.9144094,3.913754e-07,4,6,7.575659e-06,3.722549e+09,0.006678788,1.568248,0.7841241,-92.89579,-118.1953,-176.0656,-181.3652,0.05981234
7,6,407,3.779436e-07,1,9,6.415565e-06,7.514821e-06,6,7.667886e-06,3.57061e-05,1,3,3.593242e-07,6.676765e-06,6,1,0.9269458,2.87568e-07,4,10,7.271745e-06,3.963234e+09,0.004818181,1.299015,0.6495073,-85.61977,-112.4688,-170.7519,-177.601,0.03654857
7,7,408,4.285941e-07,2,7,6.519435e-06,8.99397e-06,5,6.723671e-06,3.632713e-05,1,3,4.037559e-07,7.025552e-06,7,1,0.8728692,3.184541e-07,2,7,7.264881e-06,4.866129e+09,0.004676841,1.563473,0.7817364,-91.03038,-115.7281,-178.0745,-182.7722,0.00183836
7,8,409,4.252602e-07,1,6,7.899022e-06,7.341517e-06,7,7.400281e-06,4.016374e-05,1,2,3.553247e-07,6.963314e-06,8,3,0.9323565,3.965055e-07,5,9,7.547038e-06,4.522064e+09,0.005973313,1.079255,0.5396277,-73.72549,-102.1823,-159.0701,-167.5269,0.005949005
7,9,410,3.874255e-07,3,10,6.818921e-06,7.647124e-06,9,7.125171e-06,3.994434e-05,1,2,3.427742e-07,8.82975e-06,6,1,0.9308456,3.274889e-07,4,9,6.757546e-06,4.905004e+09,0.007780095,1.366259,0.6831295,-87.94342,-114.9696,-172.8464,-179.8725,0.0
7,10,411,4.145881e-07,1,5,6.368204e-06,6.301292e-06,6,6.630053e-06,3.51385e-05,1,2,2.361176e-07,6.340767e-06,7,1,0.8276724,2.963322e-07,3,6,7.295821e-06,7.528017e+09,0.002729107,1.009707,0.5048535,-69.86823,-98.26595,-163.0416,-171.4394,3.233589
7,11,412,4.113988e-07,2,9,7.219344e-06,6.999796e-06,7,7.020945e-06,3.690142e-05,1,2,3.450663e-07,7.321854e-06,5,5,0.8763802,2.82067e-07,2,9,7.34052e-06,5.304586e+09,0.0112696,1.719195,0.8595973,-91.19139,-116.5968,-175.1653,-180.5707,0.03908189
7,12,413,3.845768e-07,2,8,6.845392e-06,7.465596e-06,9,7.749818e-06,3.585941e-05,1,3,3.542903e-07,6.257145e-06,9,1,0.93508,2.750474e-07,2,6,7.21922e-06,4.325762e+09,0.00616509,1.616731,0.8083653,-94.49094,-118.9399,-179.3128,-183.7618,0.01978983
7,13,414,3.776355e-07,1,8,6.448738e-06,7.825045e-06,5,7.223897e-06,3.997037e-05,1,1,3.188682e-07,8.72954e-06,8,4,0.8919216,3.107346e-07,2,8,7.816589e-06,8.293164e+09,0.006293549,0.9274138,0.4637069,-71.49236,-100.0039,-161.8778,-170.3893,0.3920145
7,14,415,3.853787e-07,1,8,7.113408e-06,8.698065e-06,6,6.506654e-06,3.711032e-05,1,2,3.154575e-07,6.617505e-06,6,2,0.9235466,2.982913e-07,4,7,7.206463e-06,5.708525e+09,0.006473995,1.400389,0.7001945,-79.04745,-107.0519,-166.0662,-174.0707,0.01423692
7,15,416,3.926867e-07,4,8,6.863112e-06,7.170047e-06,5,7.55938e-06,3.848308e-05,1,3,3.423199e-07,6.282237e-06,5,3,0.9354772,2.941773e-07,1,9,6.96733e-06,4.759176e+09,0.008913477,1.891502,0.9457509,-92.81014,-117.0655,-176.8603,-181.1157,0.06894756
7,16,417,3.914884e-07,1,7,6.936976e-06,7.791648e-06,5,7.302384e-06,3.777471e-05,1,3,3.965103e-07,5.715592e-06,8,2,0.9240392,3.166519e-07,5,5,6.747757e-06,4.141041e+09,0.005477785,1.567984,0.7839922,-84.00983,-111.5541,-168.966,-176.5103,0.02604497
7,17,418,4.110043e-07,1,8,6.547696e-06,9.164761e-06,8,7.191642e-06,3.884626e-05,1,3,3.238905e-07,7.016494e-06,7,1,0.899954,3.304697e-07,3,8,7.239619e-06,3.8035e+09,0.004742149,1.377299,0.6886495,-86.03261,-113.2666,-170.8765,-178.1105,0.05007549
7,18,419,4.220931e-07,1,8,6.931653e-06,7.199333e-06,9,7.27736e-06,3.716566e-05,1,1,2.858804e-07,6.704877e-06,5,5,0.9373374,2.884031e-07,3,6,7.927705e-06,8.342759e+09,0.006996195,0.9560815,0.4780408,-75.34724,-103.6454,-165.3248,-173.6229,0.4042863
7,19,420,3.586546e-07,3,8,7.553902e-06,7.740802e-06,5,7.123704e-06,4.017175e-05,1,3,2.968716e-07,8.272459e-06,6,2,0.8711499,3.06019e-07,2,6,6.984233e-06,4.520418e+09,0.01025884,1.929118,0.964559,-93.30041,-117.4315,-176.293,-180.4241,0.08851195
7,20,421,3.775656e-07,1,8,7.011291e-06,8.319325e-06,9,7.24086e-06,3.919553e-05,1,6,3.804574e-07,6.775455e-06,8,3,0.8721686,3.091077e-07,5,6,6.973513e-06,1.614424e+09,0.006183795,1.770894,0.8854472,-94.30291,-121.035,-170.5507,-177.2828,0.4822196
7,21,422,3.933026e-07,2,9,6.338958e-06,7.43589e-06,5,6.488891e-06,3.654521e-05,1,3,3.053484e-07,6.253509e-06,6,2,0.8616626,2.765011e-07,2,8,7.103185e-06,4.841731e+09,0.007862692,1.833362,0.9166808,-92.23468,-116.6065,-176.979,-181.3508,0.04953248
7,22,423,3.944641e-07,2,6,6.639257e-06,7.116438e-06,8,7.262417e-06,3.457603e-05,1,3,2.403922e-07,6.962671e-06,7,1,0.8837509,3.049172e-07,2,8,7.236002e-06,4.586105e+09,0.00647996,1.666167,0.8330834,-91.93928,-117.1737,-177.0524,-182.2869,0.01637544
7,23,424,3.225464e-07,2,5,6.296283e-06,7.951941e-06,7,7.351514e-06,3.787849e-05,1,3,3.39306e-07,7.042422e-06,7,1,0.9285185,3.119687e-07,5,6,6.885279e-06,3.904113e+09,0.005851694,1.508384,0.7541922,-90.17877,-116.3329,-174.3364,-180.4906,0.04133862
7,24,425,3.970465e-07,1,7,7.434161e-06,7.094901e-06,8,7.113247e-06,4.252536e-05,1,2,3.313578e-07,6.977387e-06,7,5,0.9294102,3.112867e-07,3,9,7.635252e-06,4.481379e+09,0.006940949,1.274751,0.6373753,-75.6076,-104.1181,-160.2217,-168.7321,0.007298757
7,25,426,3.963546e-07,2,7,6.766711e-06,8.322722e-06,7,6.536661e-06,3.899412e-05,1,3,3.743351e-07,7.178609e-06,7,1,0.9130847,2.910703e-07,3,7,6.414509e-06,4.243225e+09,0.00556725,1.590158,0.7950791,-92.78231,-117.5702,-177.8798,-182.6677,0.02157823
7,26,427,3.962153e-07,2,5,7.880889e-06,7.275306e-06,6,6.918651e-06,4.4959e-05,1,2,2.93141e-07,8.235305e-06,8,1,0.9275383,3.372909e-07,5,6,6.707977e-06,5.196243e+09,0.007357206,1.553683,0.7768415,-87.2486,-113.6488,-172.8953,-179.2955,0.001636949
7,27,428,3.768765e-07,1,8,6.547485e-06,8.674217e-06,5,7.274188e-06,3.701027e-05,1,2,4.032889e-07,9.238466e-06,8,1,0.9389925,2.251796e-07,2,5,5.637781e-06,6.965427e+09,0.005025702,1.516552,0.7582758,-87.57926,-113.4337,-177.4263,-183.2807,0.1339095
7,28,429,4.164703e-07,2,8,7.669373e-06,7.198041e-06,9,7.2018e-06,3.860518e-05,1,2,3.046588e-07,7.366473e-06,6,5,0.9412628,3.245165e-07,3,7,7.73387e-06,4.616953e+09,0.01338633,1.719728,0.8598641,-92.80364,-118.2066,-174.8241,-180.2271,0.1394671
7,29,430,4.119852e-07,1,6,6.118752e-06,5.969725e-06,5,6.943507e-06,3.874783e-05,1,3,3.684757e-07,8.116362e-06,8,3,0.9159055,2.942352e-07,1,6,6.483874e-06,4.433239e+09,0.004303755,1.532795,0.7663977,-80.19791,-108.2827,-166.7939,-174.8787,0.009551992
7,30,431,3.774873e-07,1,8,7.348631e-06,6.867941e-06,10,6.615492e-06,3.837608e-05,1,3,3.384781e-07,7.254398e-06,7,2,0.8575901,3.080533e-07,2,6,7.0574e-06,4.12235e+09,0.0055981,1.612905,0.8064527,-87.58403,-114.7293,-172.4065,-179.5518,0.03085262
7,31,432,4.055448e-07,3,6,6.257936e-06,6.213342e-06,4,6.767639e-06,3.714553e-05,1,4,3.552757e-07,7.871553e-06,7,2,0.899044,3.229616e-07,2,6,5.860544e-06,3.845831e+09,0.007852393,1.942867,0.9714334,-93.83194,-117.534,-176.5817,-180.2838,0.133453
7,32,433,4.059992e-07,2,8,7.157568e-06,6.446905e-06,9,6.970546e-06,3.717149e-05,1,2,3.742559e-07,8.070448e-06,7,4,0.9299872,3.030837e-07,3,6,8.009113e-06,4.817654e+09,0.01196245,1.683568,0.8417841,-91.68138,-117.3835,-174.5599,-180.262,0.05377123
7,33,434,3.918462e-07,3,8,7.940072e-06,7.495399e-06,8,7.410398e-06,3.85003e-05,1,3,2.809416e-07,8.722968e-06,8,2,0.8780454,3.220233e-07,5,7,8.278799e-06,3.177483e+09,0.01536249,1.866944,0.9334719,-97.27553,-121.3495,-175.4526,-179.5266,0.4709823
7,34,435,3.672829e-07,2,6,6.926942e-06,7.828254e-06,7,6.48759e-06,3.635493e-05,1,2,2.591182e-07,7.57321e-06,5,1,0.8446112,2.791328e-07,4,7,7.094942e-06,6.036281e+09,0.005945479,1.347056,0.6735279,-83.29033,-110.5399,-171.1639,-178.4134,0.03370326
7,35,436,3.894936e-07,1,8,6.765077e-06,7.631379e-06,9,7.177194e-06,3.846323e-05,1,3,3.887099e-07,6.394044e-06,7,1,0.9562631,2.913803e-07,5,7,6.738643e-06,3.701079e+09,0.004716666,1.304565,0.6522825,-88.4204,-114.8075,-173.0506,-179.4377,0.05986721
7,36,437,3.443346e-07,1,7,7.586608e-06,7.896385e-06,6,7.669268e-06,3.76943e-05,1,2,3.470354e-07,6.943504e-06,7,2,0.997898,3.134053e-07,4,9,7.28463e-06,5.106203e+09,0.007729513,1.418132,0.7090659,-81.08884,-109.0701,-166.3693,-174.3505,1.47925e-06
7,37,438,3.885284e-07,2,8,6.24436e-06,7.034541e-06,8,7.76779e-06,3.690812e-05,1,3,3.466753e-07,6.240985e-06,8,1,0.9259435,2.783862e-07,2,9,7.364702e-06,4.269076e+09,0.006032638,1.596798,0.7983989,-93.09716,-117.9881,-177.8988,-182.7897,0.02074347
7,38,439,3.948473e-07,2,9,6.873713e-06,7.087684e-06,6,7.489725e-06,3.65653e-05,1,5,3.439065e-07,6.706854e-06,5,1,0.9321969,2.778208e-07,2,8,6.267428e-06,3.051873e+09,0.004661157,1.744346,0.8721728,-94.90849,-119.0635,-177.9149,-182.0699,0.1687918
7,39,440,4.211962e-07,2,8,6.936515e-06,7.199155e-06,7,6.971463e-06,3.71058e-05,1,2,3.481819e-07,6.99676e-06,5,4,0.9232942,3.195508e-07,3,7,7.989399e-06,5.284604e+09,0.01021199,1.651637,0.8258183,-90.54254,-116.066,-174.9117,-180.4351,0.01197902
7,40,441,4.213222e-07,2,6,7.16664e-06,7.25876e-06,6,6.43305e-06,3.604092e-05,1,6,2.769198e-07,7.612856e-06,8,5,0.8327759,3.159496e-07,3,7,8.530489e-06,1.684005e+09,0.007555032,1.854938,0.9274691,-94.71646,-120.6502,-170.461,-176.3947,0.4867549
7,41,442,3.75265e-07,1,6,7.004526e-06,7.693987e-06,7,7.098001e-06,3.964484e-05,1,2,3.625651e-07,8.815857e-06,5,2,0.8969912,3.054266e-07,4,6,7.273767e-06,5.600661e+09,0.00488325,1.210467,0.6052337,-73.68026,-102.1348,-161.758,-170.2125,0.009637134
7,42,443,4.319667e-07,1,6,7.880676e-06,8.709822e-06,6,6.899671e-06,4.241516e-05,1,2,3.949348e-07,7.337973e-06,7,3,0.9288325,3.45215e-07,4,8,7.447777e-06,4.777774e+09,0.005690795,1.190263,0.5951317,-74.46784,-102.8734,-160.5006,-168.9062,0.0006222035
7,43,444,4.573016e-07,1,8,5.976014e-06,7.539794e-06,7,7.124895e-06,4.723229e-05,1,1,2.218797e-07,7.192686e-06,8,2,0.9681239,4.091968e-07,3,10,7.393179e-06,7.891507e+09,0.006247569,0.9681441,0.484072,-72.44434,-100.8031,-162.4304,-170.7892,0.2995967
7,44,445,4.014615e-07,2,6,7.722217e-06,6.787733e-06,7,6.301723e-06,3.937321e-05,1,2,3.930445e-07,8.736073e-06,6,1,0.9085165,2.916121e-07,4,10,6.883799e-06,5.362464e+09,0.005946815,1.266986,0.6334931,-84.88327,-111.3848,-171.7277,-178.2293,0.002648502
7,45,446,3.823581e-07,2,10,6.321884e-06,7.501902e-06,6,7.289347e-06,3.85721e-05,1,3,3.162463e-07,6.459325e-06,7,1,0.8543434,2.710672e-07,2,6,6.226601e-06,4.949964e+09,0.005664547,1.724673,0.8623363,-92.18619,-116.8385,-178.5466,-183.1988,0.02243455
7,46,447,4.172854e-07,4,7,6.75645e-06,7.941918e-06,7,7.321244e-06,3.488756e-05,1,3,3.668266e-07,6.441216e-06,7,1,0.9371969,2.789709e-07,1,9,6.516484e-06,4.969658e+09,0.005165311,1.605692,0.802846,-92.42733,-117.1969,-179.2229,-183.9925,0.004964798
7,47,448,3.559031e-07,1,7,6.523349e-06,9.303329e-06,7,7.253578e-06,4.862832e-05,1,2,2.970962e-07,9.278989e-06,6,3,0.8445332,2.881338e-07,2,7,6.960078e-06,4.86278e+09,0.00483352,1.247427,0.6237136,-75.40797,-103.9313,-162.303,-170.8264,5.769733e-05
7,48,449,3.653494e-07,1,7,6.272351e-06,7.898785e-06,5,7.075353e-06,3.644214e-05,1,3,2.387984e-07,7.86271e-06,7,1,0.9093327,3.320295e-07,4,6,7.276205e-06,4.468963e+09,0.00530267,1.553959,0.7769793,-79.91638,-107.9999,-165.6756,-173.7591,0.009032172
7,49,450,3.4303e-07,2,7,6.596906e-06,8.461886e-06,6,7.192425e-06,4.012196e-05,1,2,3.65278e-07,6.221146e-06,6,3,0.933609,2.695037e-07,3,7,5.662997e-06,5.55903e+09,0.009002664,1.686613,0.8433064,-91.86707,-116.7856,-177.2233,-182.1419,0.02357854
8,0,451,3.814935e-07,1,6,6.275545e-06,7.519713e-06,5,6.486775e-06,3.590988e-05,1,3,2.022139e-07,6.266815e-06,7,1,0.8407603,2.637972e-07,3,7,7.135035e-06,5.070773e+09,0.003646977,1.401518,0.7007592,-73.29871,-101.7361,-161.7809,-170.2183,0.0
8,1,452,4.233603e-07,2,6,6.838755e-06,7.034541e-06,7,7.568859e-06,3.690812e-05,1,3,3.466753e-07,6.240985e-06,5,1,0.9288562,2.783862e-07,1,9,7.364702e-06,5.060124e+09,0.003809193,1.485755,0.7428777,-91.08634,-116.2679,-179.3612,-184.5428,0.0
8,2,453,4.573016e-07,1,8,5.976014e-06,7.180525e-06,7,7.124895e-06,4.723229e-05,1,2,2.682337e-07,7.192686e-06,8,1,0.933861,4.091968e-07,3,10,7.393179e-06,4.947744e+09,0.005046451,1.244129,0.6220645,-76.44872,-104.5415,-163.307,-171.3998,0.0
8,3,454,3.508394e-07,2,9,6.452982e-06,7.260848e-06,6,7.717416e-06,4.013841e-05,1,3,3.365958e-07,6.373588e-06,5,3,0.9286145,2.774383e-07,1,9,6.46411e-06,4.49682e+09,0.008076118,1.86041,0.930205,-94.05119,-118.1496,-178.0373,-182.1357,0.06450151
8,4,455,3.668863e-07,1,7,6.557485e-06,7.457911e-06,6,7.066728e-06,4.072806e-05,1,3,2.502226e-07,8.008447e-06,8,1,0.9099241,3.345257e-07,4,5,7.110018e-06,4.231414e+09,0.005497313,1.635315,0.8176574,-83.98844,-111.6298,-169.1166,-176.758,0.02675535
8,5,456,3.966612e-07,2,6,6.990149e-06,7.295436e-06,6,6.177593e-06,3.999304e-05,1,3,3.666706e-07,7.413928e-06,6,2,0.9999285,2.907081e-07,5,9,6.648056e-06,3.504401e+09,0.008696532,1.704955,0.8524777,-93.79774,-118.6916,-175.2966,-180.1904,0.0997899
8,6,457,3.975003e-07,1,7,6.330721e-06,7.877895e-06,5,7.146491e-06,3.841934e-05,1,5,3.876723e-07,7.138797e-06,7,1,0.9719474,2.933972e-07,5,5,6.720108e-06,2.662023e+09,0.004488265,1.703628,0.8518142,-94.59993,-119.2301,-176.5834,-181.2136,0.227031
8,7,458,3.911988e-07,3,7,7.066026e-06,8.348688e-06,7,7.14635e-06,3.703005e-05,1,2,2.672695e-07,6.839767e-06,6,2,0.8996549,3.013536e-07,2,7,7.221709e-06,6.046327e+09,0.009791687,1.720836,0.8604182,-92.05359,-116.7496,-177.7749,-182.4709,0.05610542
8,8,459,3.960581e-07,2,6,6.494179e-06,7.34779e-06,5,6.580569e-06,3.621783e-05,1,5,3.644774e-07,7.051283e-06,8,1,0.9255337,2.791323e-07,1,5,7.079168e-06,3.51232e+09,0.00458341,1.860155,0.9300777,-93.99829,-117.8142,-178.2983,-182.1142,0.137852
8,9,460,3.781398e-07,3,5,7.175404e-06,7.864604e-06,7,7.55471e-06,3.886819e-05,1,3,3.369098e-07,7.03475e-06,5,3,0.9292625,3.115422e-07,4,7,7.589883e-06,3.553364e+09,0.009983009,1.771757,0.8858784,-95.68862,-119.9513,-176.7088,-180.9715,0.1083511
8,10,461,3.944641e-07,2,6,6.639257e-06,7.116438e-06,6,7.262417e-06,3.457603e-05,1,1,2.403922e-07,7.486332e-06,7,1,0.8837509,2.809298e-07,2,8,6.763839e-06,1.09111e+10,0.006677672,1.232213,0.6161064,-79.35758,-106.6028,-171.8687,-179.1139,1.298304
8,11,462,3.710967e-07,2,6,6.96728e-06,6.927258e-06,8,6.571205e-06,3.661263e-05,1,3,2.956673e-07,7.363945e-06,8,1,0.8460156,2.956773e-07,3,6,7.088216e-06,4.421376e+09,0.006367467,1.676693,0.8383464,-91.90703,-117.1113,-176.7785,-181.9828,0.02341675
8,12,463,4.339327e-07,2,7,6.127018e-06,6.914386e-06,5,7.129337e-06,3.762745e-05,1,3,3.529595e-07,7.449116e-06,8,1,0.9191959,2.854906e-07,1,7,6.841717e-06,5.421093e+09,0.005106974,1.758042,0.8790212,-91.60141,-115.977,-179.2015,-183.5771,0.03355759
8,13,464,4.439733e-07,1,8,6.792413e-06,8.124624e-06,5,6.648147e-06,3.770118e-05,1,3,3.906913e-07,7.246118e-06,7,1,0.8637276,3.091405e-07,2,7,7.599496e-06,4.893062e+09,0.003924927,1.508133,0.7540666,-86.38891,-112.6142,-174.2422,-180.4675,3.140462e-05
8,14,465,3.684567e-07,2,8,6.585551e-06,7.042912e-06,8,7.029852e-06,3.662476e-05,1,3,2.900459e-07,7.656354e-06,5,5,0.8801013,3.081605e-07,2,7,7.744095e-06,3.808062e+09,0.01085083,1.839315,0.9196573,-94.97615,-119.3664,-176.2356,-180.6259,0.1080695
8,15,466,4.084484e-07,1,7,7.320447e-06,7.803992e-06,9,7.051256e-06,3.621819e-05,1,2,2.778936e-07,6.391208e-06,7,2,0.9778378,2.74682e-07,3,9,7.624284e-06,5.322853e+09,0.006924834,1.350422,0.6752112,-79.48872,-107.6488,-165.6075,-173.7676,0.001909393
8,16,467,4.275807e-07,2,7,6.693386e-06,9.00094e-06,6,7.115833e-06,3.62546e-05,1,3,3.894899e-07,6.899239e-06,9,1,0.9034696,2.887808e-07,3,9,6.849242e-06,4.06695e+09,0.006177448,1.556934,0.7784671,-92.33349,-117.2896,-176.6108,-181.5669,0.03034412
8,17,468,3.915443e-07,1,6,6.574416e-06,9.051886e-06,10,7.28772e-06,3.630407e-05,1,3,3.248271e-07,6.497853e-06,9,1,0.9249897,3.003742e-07,3,7,7.237041e-06,3.800302e+09,0.004509924,1.273038,0.6365192,-82.16203,-110.2527,-167.2167,-175.3074,0.05036801
8,18,469,3.730342e-07,3,7,6.875213e-06,7.783016e-06,8,7.119767e-06,4.374321e-05,1,2,3.352942e-07,7.091447e-06,7,5,0.8499264,2.477368e-07,3,10,7.306626e-06,4.13412e+09,0.01383965,1.743279,0.8716396,-91.02385,-117.5291,-171.9403,-178.4455,0.1981641
8,19,470,4.301357e-07,2,7,6.38767e-06,7.404866e-06,7,6.763456e-06,3.682025e-05,1,3,3.024399e-07,6.576206e-06,5,3,0.8709264,2.742796e-07,3,7,7.255798e-06,4.120983e+09,0.00773442,1.740224,0.870112,-91.71117,-117.2111,-175.1269,-180.6268,0.05092346
8,20,471,4.045303e-07,2,6,6.872249e-06,6.414554e-06,5,6.933188e-06,4.028906e-05,1,3,3.474419e-07,8.191083e-06,8,2,0.9234406,3.24516e-07,5,6,6.254133e-06,3.793124e+09,0.0087443,1.799313,0.8996567,-92.34848,-117.5998,-174.5112,-179.7625,0.09084475
8,21,472,3.992607e-07,1,7,7.42096e-06,8.433119e-06,6,7.047064e-06,3.723949e-05,1,3,3.157129e-07,7.616648e-06,7,3,0.9252702,3.093382e-07,4,7,7.423598e-06,3.659298e+09,0.006655413,1.537545,0.7687723,-79.751,-108.074,-162.7872,-171.1102,0.06473902
8,22,473,3.835137e-07,2,10,6.329549e-06,7.773262e-06,8,6.531458e-06,3.691346e-05,1,4,2.87097e-07,8.212841e-06,5,1,0.9158917,3.034804e-07,4,9,7.053817e-06,2.901489e+09,0.007028819,1.666809,0.8334047,-94.53066,-119.9954,-175.3143,-180.779,0.1787162
8,23,474,3.856762e-07,1,6,7.668216e-06,7.727376e-06,8,7.153172e-06,3.778594e-05,1,2,3.793247e-07,7.398668e-06,6,1,0.9388957,3.07188e-07,4,10,6.945698e-06,5.330675e+09,0.004470559,0.9930379,0.4965189,-79.37817,-106.7112,-167.4102,-174.7432,0.002045782
8,24,475,4.284746e-07,1,6,6.087664e-06,7.481801e-06,5,6.621449e-06,4.309474e-05,1,3,2.64298e-07,7.061116e-06,8,1,0.9067989,4.034529e-07,3,9,7.230622e-06,4.037834e+09,0.004001595,1.372643,0.6863217,-74.8511,-103.1774,-160.9517,-169.2781,0.03095917
8,25,476,3.862934e-07,2,7,6.443429e-06,8.876778e-06,5,6.940915e-06,3.6954e-05,1,1,4.034168e-07,7.736404e-06,7,1,0.8157101,2.899236e-07,2,5,6.786665e-06,1.120523e+10,0.004592413,1.02652,0.5132602,-83.04311,-108.5955,-177.4111,-182.9635,1.43306
8,26,477,3.896137e-07,2,7,6.872765e-06,7.158659e-06,9,8.202658e-06,3.612843e-05,1,3,3.47029e-07,6.649611e-06,6,1,0.9326211,2.761125e-07,3,6,6.340865e-06,4.257795e+09,0.005100005,1.46628,0.7331399,-92.70141,-118.0027,-178.2094,-183.5107,0.0171773
8,27,478,4.174547e-07,2,10,6.360175e-06,7.372756e-06,6,6.455477e-06,3.606514e-05,1,6,2.611059e-07,7.224775e-06,5,2,0.8539132,2.99825e-07,2,8,7.527606e-06,2.324905e+09,0.008506598,1.980636,0.9903181,-95.22357,-119.633,-173.2541,-177.6636,0.378853
8,28,479,4.573016e-07,1,8,6.366031e-06,7.901734e-06,7,7.124895e-06,4.903928e-05,1,1,2.682337e-07,7.192686e-06,8,1,0.933861,4.091968e-07,3,10,7.393179e-06,8.006108e+09,0.005275297,0.8740899,0.437045,-74.02164,-101.9903,-164.8676,-172.8362,0.3247007
8,29,480,3.559031e-07,3,6,6.523349e-06,9.303329e-06,4,7.253578e-06,4.726118e-05,1,2,2.970962e-07,9.278989e-06,6,1,0.8647278,2.881338e-07,2,7,6.960078e-06,6.196067e+09,0.007005295,1.720637,0.8603184,-90.132,-115.0913,-177.5201,-182.4793,0.06782427
8,30,481,4.00288e-07,2,10,6.667686e-06,7.128502e-06,5,6.431545e-06,3.725634e-05,1,2,3.428554e-07,8.144085e-06,5,2,0.9077836,2.894502e-07,2,8,7.005645e-06,6.663813e+09,0.008295617,1.714441,0.8572204,-89.68381,-114.4961,-176.9698,-181.7821,0.1144597
8,31,482,3.789654e-07,3,6,7.452243e-06,8.268567e-06,6,7.117828e-06,4.211957e-05,1,2,3.04794e-07,8.014405e-06,7,4,0.8771488,3.106889e-07,5,7,7.158497e-06,4.300415e+09,0.01393226,1.738148,0.8690739,-89.59047,-116.3043,-170.8205,-177.5343,0.1948059
8,32,483,4.285941e-07,1,5,6.519435e-06,8.99397e-06,6,6.723671e-06,3.632713e-05,1,3,4.037559e-07,7.025552e-06,5,2,0.8728692,3.545652e-07,2,7,7.264881e-06,4.670989e+09,0.003107559,1.216122,0.6080611,-75.37494,-103.6654,-163.8389,-172.1294,0.002184335
8,33,484,3.902368e-07,1,5,7.094031e-06,7.445069e-06,6,6.6247e-06,4.227402e-05,1,2,2.803793e-07,7.783941e-06,9,1,0.8757729,3.328312e-07,4,6,7.06113e-06,5.94879e+09,0.00387532,1.152504,0.5762522,-71.20771,-99.68922,-160.8132,-169.2947,0.1242844
8,34,485,3.559262e-07,1,8,7.179707e-06,8.175155e-06,6,7.180676e-06,3.728901e-05,1,2,3.011499e-07,6.907351e-06,6,2,0.9936688,3.052721e-07,4,8,7.777859e-06,5.317057e+09,0.007918797,1.46643,0.7332149,-82.56883,-110.25,-168.0957,-175.7768,0.001811369
8,35,486,4.018692e-07,1,6,6.399177e-06,9.158291e-06,5,6.551975e-06,3.5932e-05,1,3,2.916539e-07,6.236377e-06,7,1,0.8604353,2.912492e-07,3,7,7.160768e-06,4.784924e+09,0.003613831,1.340485,0.6702425,-75.65355,-103.9124,-163.6714,-171.9302,0.0005515439
8,36,487,3.940511e-07,2,8,6.420074e-06,7.475553e-06,8,7.141199e-06,4.054527e-05,1,4,3.142164e-07,7.220681e-06,7,1,0.9189488,3.027395e-07,3,6,6.248271e-06,3.1879e+09,0.006294339,1.776066,0.888033,-96.54281,-120.3123,-178.6234,-182.3929,0.1559583
8,37,488,4.102719e-07,2,7,7.25467e-06,6.537834e-06,7,6.91979e-06,4.218516e-05,1,2,2.619346e-07,7.722911e-06,8,4,0.9263744,3.311242e-07,4,6,7.683998e-06,4.587799e+09,0.01222311,1.716283,0.8581416,-87.23481,-114.3638,-169.5951,-176.7241,0.07427221
8,38,489,4.19992e-07,2,5,6.855968e-06,8.959123e-06,3,6.878367e-06,4.012207e-05,1,2,3.420866e-07,7.750894e-06,8,1,0.8889643,3.570132e-07,1,7,7.142159e-06,7.736851e+09,0.004679492,1.631368,0.815684,-88.13917,-112.8308,-179.2085,-183.9001,0.2749896
8,39,490,4.025383e-07,2,8,6.7981e-06,8.921516e-06,7,7.2058e-06,3.872514e-05,1,3,3.217715e-07,6.636084e-06,5,1,0.8962837,3.300289e-07,2,7,6.498088e-06,4.4772e+09,0.004526165,1.50342,0.7517102,-91.81838,-117.2489,-178.2812,-183.7117,0.007450412
8,40,491,3.718909e-07,3,6,7.15563e-06,7.521849e-06,5,7.082197e-06,3.59423e-05,1,6,2.168628e-07,6.633066e-06,7,4,0.9164696,2.906934e-07,3,6,7.019413e-06,1.998638e+09,0.01460027,2.048664,1.024332,-93.77067,-118.8141,-168.1417,-173.1851,0.6960171
8,41,492,3.955788e-07,1,7,7.771626e-06,7.258167e-06,6,7.205905e-06,4.442818e-05,1,3,2.866185e-07,8.016073e-06,7,5,0.8867556,3.143065e-07,4,7,7.893193e-06,3.101317e+09,0.006375481,1.464533,0.7322665,-77.63439,-106.1188,-159.4202,-167.9046,0.1347463
8,42,493,4.200186e-07,1,8,6.71135e-06,7.865585e-06,5,7.259251e-06,3.821243e-05,1,6,3.437952e-07,6.731764e-06,5,1,0.8401651,3.243493e-07,4,6,7.224246e-06,2.228757e+09,0.003608096,1.660532,0.8302658,-93.94677,-119.0534,-175.3352,-180.4419,0.3086439
8,43,494,3.482623e-07,1,7,7.840879e-06,7.890014e-06,7,8.327135e-06,3.911694e-05,1,1,3.859618e-07,6.96315e-06,6,2,0.9498209,3.767098e-07,4,10,7.503168e-06,7.710601e+09,0.006640173,0.8195293,0.4097646,-75.35637,-103.2691,-164.8763,-172.789,0.2620238
8,44,495,3.941188e-07,2,5,7.339656e-06,7.909667e-06,3,8.294096e-06,3.490279e-05,1,3,3.61799e-07,6.448651e-06,7,2,0.9383378,2.829566e-07,4,9,6.845722e-06,4.157053e+09,0.007658312,1.68773,0.8438651,-89.49033,-115.4526,-173.0247,-178.987,0.03865257
8,45,496,3.830972e-07,2,9,6.68299e-06,7.498587e-06,6,7.715479e-06,3.576587e-05,1,3,3.569654e-07,6.26506e-06,7,1,0.9819698,2.809101e-07,3,10,7.227013e-06,4.143296e+09,0.006149672,1.510766,0.7553832,-90.40837,-116.4456,-174.8668,-180.904,0.02389998
8,46,497,3.894664e-07,1,7,7.550074e-06,7.79735e-06,6,7.426152e-06,4.106645e-05,1,2,3.468816e-07,6.958209e-06,7,2,0.9465769,3.132688e-07,4,9,7.657244e-06,4.943598e+09,0.006674212,1.341226,0.6706132,-77.13085,-105.3994,-162.7677,-171.0362,0.0
8,47,498,4.162215e-07,3,9,7.474244e-06,7.03954e-06,8,7.683504e-06,3.730692e-05,1,2,3.427443e-07,7.354155e-06,6,5,0.9068585,3.138787e-07,3,8,7.317652e-06,4.633842e+09,0.01609158,1.783002,0.8915009,-95.23274,-119.3991,-176.4856,-180.652,0.4096199
8,48,499,4.006048e-07,2,7,7.119312e-06,7.369509e-06,9,7.486232e-06,3.813752e-05,1,2,3.546588e-07,6.235563e-06,8,2,0.9347978,3.284459e-07,3,10,7.22216e-06,4.875293e+09,0.008957679,1.490507,0.7452535,-89.72581,-115.7684,-173.9639,-180.0065,2.542411e-05
8,49,500,3.579633e-07,2,8,6.368683e-06,7.573008e-06,9,7.276281e-06,3.830342e-05,1,3,3.705742e-07,6.194335e-06,7,1,0.953802,2.938214e-07,5,6,6.760583e-06,3.779305e+09,0.005674901,1.43674,0.7183702,-91.54819,-117.503,-175.5568,-181.5117,0.05230974
9,0,501,3.814935e-07,1,6,6.275545e-06,7.519713e-06,5,6.486775e-06,3.590988e-05,1,3,2.022139e-07,6.266815e-06,7,1,0.8407603,2.637972e-07,3,7,7.135035e-06,5.070773e+09,0.003646977,1.401518,0.7007592,-73.29871,-101.7361,-161.7809,-170.2183,0.0
9,1,502,4.233603e-07,2,6,6.838755e-06,7.034541e-06,7,7.568859e-06,3.690812e-05,1,3,3.466753e-07,6.240985e-06,5,1,0.9288562,2.783862e-07,1,9,7.364702e-06,5.060124e+09,0.003809193,1.485755,0.7428777,-91.08643,-116.268,-179.3613,-184.5429,0.0
9,2,503,4.573016e-07,1,8,5.976014e-06,7.180525e-06,7,7.124895e-06,4.723229e-05,1,2,2.682337e-07,7.192686e-06,8,1,0.933861,4.091968e-07,3,10,7.393179e-06,4.947744e+09,0.005046451,1.244129,0.6220645,-76.44872,-104.5415,-163.307,-171.3998,0.0
9,3,504,4.11779e-07,3,7,7.944819e-06,8.246175e-06,7,7.086304e-06,3.766441e-05,1,2,3.600301e-07,6.987632e-06,7,2,0.9380801,3.132025e-07,2,7,7.222466e-06,5.805646e+09,0.009189421,1.672985,0.8364925,-92.57376,-117.0247,-178.2179,-182.6688,0.03244351
9,4,505,4.104681e-07,1,5,6.441966e-06,8.583969e-06,7,7.054296e-06,3.915663e-05,1,2,4.320063e-07,7.411615e-06,7,4,0.7932004,2.826251e-07,2,7,7.29585e-06,5.441118e+09,0.002420491,0.6833525,0.3416763,-80.20489,-108.0656,-171.0796,-178.9404,0.004473723
9,5,506,4.077243e-07,1,7,7.009129e-06,7.365834e-06,9,6.902235e-06,3.681598e-05,1,2,3.87362e-07,6.251699e-06,6,5,1.044511,2.788669e-07,4,9,7.410847e-06,4.635054e+09,0.008185166,1.33901,0.6695051,-78.49666,-106.8543,-162.6875,-171.0452,0.002923637
9,6,507,4.102573e-07,2,7,6.215886e-06,8.554359e-06,5,7.031858e-06,3.706696e-05,1,1,3.3414e-07,7.239734e-06,8,3,0.9066333,2.888474e-07,5,7,7.023004e-06,8.032631e+09,0.009629364,1.143125,0.5715626,-73.25755,-101.6071,-161.5187,-169.8683,0.3306546
9,7,508,4.031221e-07,2,10,6.339069e-06,7.08108e-06,6,7.206271e-06,3.804373e-05,1,3,3.603243e-07,7.075494e-06,7,2,0.9367016,2.929373e-07,4,6,6.661914e-06,4.050697e+09,0.009435063,1.819115,0.9095573,-94.8181,-118.7522,-177.2212,-181.1553,0.07530195
9,8,509,4.177099e-07,1,6,6.069127e-06,7.334976e-06,5,6.317639e-06,3.634083e-05,1,3,2.361241e-07,7.007899e-06,7,2,0.9618995,2.827993e-07,4,9,6.883579e-06,4.196601e+09,0.005150197,1.440221,0.7201103,-75.14386,-103.5826,-160.4836,-168.9224,0.02060686
9,9,510,3.965656e-07,1,7,6.420131e-06,7.889561e-06,9,7.276813e-06,3.639356e-05,1,4,3.854873e-07,7.119586e-06,5,1,0.944205,3.008264e-07,5,6,7.547572e-06,2.945166e+09,0.003831716,1.292301,0.6461504,-89.3019,-115.7363,-172.8502,-179.2846,0.1591578
9,10,511,4.22572e-07,2,7,7.303435e-06,7.818561e-06,5,6.812318e-06,3.687952e-05,1,3,3.140231e-07,6.898106e-06,6,1,0.8737929,3.081215e-07,4,7,7.282108e-06,4.348422e+09,0.005753983,1.560478,0.7802388,-89.45061,-115.3253,-174.6176,-180.4922,0.0142969
9,11,512,3.54919e-07,2,9,6.866059e-06,7.496171e-06,6,7.440013e-06,3.851781e-05,1,1,3.525887e-07,6.754355e-06,7,2,0.9701062,3.396447e-07,4,10,6.818082e-06,7.903885e+09,0.01041811,1.207796,0.6038978,-83.11128,-109.8687,-170.8902,-177.6476,0.3040076
9,12,513,3.92103e-07,1,7,7.097675e-06,8.704102e-06,7,7.205431e-06,3.662762e-05,1,3,3.182576e-07,7.493205e-06,8,1,0.9251136,3.259613e-07,5,7,7.349083e-06,3.725177e+09,0.005484661,1.386748,0.693374,-82.27462,-110.1606,-166.3061,-174.192,0.05748476
9,13,514,3.787142e-07,3,6,6.373934e-06,7.501317e-06,6,6.708684e-06,3.767256e-05,1,3,2.501047e-07,6.464713e-06,7,1,0.8942835,2.788684e-07,5,6,6.500999e-06,4.24676e+09,0.007784421,1.728904,0.8644519,-92.13753,-117.4714,-175.7864,-181.1203,0.0410602
9,14,515,3.730529e-07,2,7,6.631474e-06,7.466192e-06,9,7.516987e-06,3.650475e-05,1,3,3.141316e-07,7.246112e-06,7,1,0.9707201,2.844109e-07,3,8,7.204028e-06,3.934383e+09,0.006892631,1.585698,0.792849,-93.6845,-118.8404,-177.1982,-182.3541,0.04209859
9,15,516,3.999948e-07,2,8,7.184533e-06,8.067295e-06,4,7.42341e-06,3.701112e-05,1,1,3.867291e-07,6.681692e-06,7,2,0.906194,3.078449e-07,2,5,7.126949e-06,1.085694e+10,0.007165589,1.379089,0.6895444,-85.68062,-110.7962,-177.8422,-182.9578,1.274215
9,16,517,4.066673e-07,3,9,7.426212e-06,7.802685e-06,8,7.166669e-06,3.665059e-05,1,2,3.003628e-07,6.656464e-06,5,5,0.9491179,2.902877e-07,3,9,7.638838e-06,4.807955e+09,0.01670443,1.796223,0.8981115,-94.56588,-118.9745,-175.9768,-180.3854,0.4888459
9,17,518,3.508394e-07,2,9,6.452982e-06,7.260848e-06,6,7.717416e-06,4.013841e-05,1,3,3.365958e-07,6.682003e-06,8,3,0.9756468,2.774383e-07,1,9,6.478651e-06,4.077131e+09,0.01046414,1.906391,0.9531957,-95.15011,-119.1033,-177.1602,-181.1133,0.1037574
9,18,519,3.980636e-07,1,6,6.463285e-06,7.417148e-06,5,6.553439e-06,3.604172e-05,1,4,3.329255e-07,5.924042e-06,8,3,0.8870359,2.824928e-07,2,6,7.137912e-06,3.527411e+09,0.00436877,1.631725,0.8158626,-81.62984,-109.6915,-166.1754,-174.237,0.08617916
9,19,520,4.598713e-07,1,6,6.746253e-06,8.184561e-06,6,7.1931e-06,3.692107e-05,1,3,3.441257e-07,7.001838e-06,7,1,0.8920503,3.046606e-07,1,7,7.283067e-06,5.126605e+09,0.003311166,1.465847,0.7329234,-87.32057,-113.6934,-176.3174,-182.6902,2.721323e-05
9,20,521,3.902368e-07,1,5,7.094031e-06,7.445069e-06,6,6.6247e-06,4.227402e-05,1,1,2.803793e-07,7.718898e-06,9,3,0.8757729,3.301814e-07,4,8,7.06113e-06,8.21233e+09,0.004061627,0.6738474,0.3369237,-81.32241,-108.317,-173.5247,-180.5193,0.3724181
9,21,522,3.748579e-07,3,7,6.576729e-06,7.376881e-06,9,7.210004e-06,3.836347e-05,1,3,2.581276e-07,7.96665e-06,8,1,0.9145113,3.3167e-07,3,9,7.194793e-06,3.674443e+09,0.009732093,1.750623,0.8753114,-95.33314,-119.9431,-176.7549,-181.3649,0.09047316
9,22,523,4.024107e-07,1,7,6.71494e-06,9.48784e-06,3,7.202327e-06,3.686601e-05,1,3,2.954297e-07,6.246786e-06,7,4,0.8847537,3.097224e-07,3,5,6.877196e-06,4.432937e+09,0.005242131,1.574736,0.7873678,-77.70277,-105.9739,-163.4415,-171.7127,0.01156812
9,23,524,3.772785e-07,2,5,7.161976e-06,7.212266e-06,5,7.169103e-06,3.602365e-05,1,5,3.304873e-07,6.689182e-06,6,4,0.9031449,2.846822e-07,5,9,6.878499e-06,2.101568e+09,0.008682981,1.841393,0.9206965,-93.92509,-120.1357,-170.9893,-177.1999,0.3779645
9,24,525,3.829571e-07,1,6,6.368691e-06,7.505797e-06,6,6.549104e-06,3.754984e-05,1,2,2.545238e-07,6.761328e-06,8,1,0.7955741,2.808335e-07,2,6,7.091297e-06,7.335398e+09,0.002985127,1.12223,0.5611151,-71.75418,-100.1634,-164.313,-172.7222,0.1921185
9,25,526,3.668863e-07,1,7,6.557485e-06,7.457911e-06,6,7.066728e-06,4.072806e-05,1,3,2.876954e-07,8.329661e-06,8,1,0.9099241,3.345257e-07,5,5,7.110018e-06,4.005454e+09,0.00542939,1.575519,0.7877594,-82.58379,-110.4762,-167.2893,-175.1818,0.03586298
9,26,527,4.191045e-07,1,10,6.30821e-06,7.439232e-06,6,6.641705e-06,3.495502e-05,1,3,2.764442e-07,6.558679e-06,5,2,0.8423593,3.098754e-07,3,6,7.357345e-06,4.725941e+09,0.00525016,1.588078,0.7940388,-82.852,-110.3843,-169.14,-176.6723,0.004709682
9,27,528,3.966612e-07,1,6,6.990149e-06,8.021698e-06,4,6.177593e-06,3.999304e-05,1,6,3.666706e-07,7.413928e-06,6,5,0.9329256,2.907081e-07,5,9,6.58678e-06,1.613541e+09,0.0057334,1.741011,0.8705056,-87.77276,-115.7457,-164.3442,-172.3172,0.4756625
9,28,529,4.067865e-07,2,7,7.056127e-06,8.939884e-06,7,7.131647e-06,4.169707e-05,1,5,2.707298e-07,7.677203e-06,7,2,0.8997798,3.30459e-07,3,7,7.117686e-06,2.212536e+09,0.009369359,1.933086,0.9665432,-98.12411,-121.9031,-175.3048,-179.0838,0.3841723
9,29,530,3.684567e-07,2,8,6.585551e-06,7.042912e-06,10,7.029852e-06,3.662476e-05,1,2,2.900459e-07,7.656354e-06,5,5,0.8801013,3.081605e-07,2,7,7.744095e-06,5.115966e+09,0.01085083,1.662012,0.8310061,-89.45771,-115.9078,-173.2816,-179.7317,0.01891461
9,30,531,3.856762e-07,1,6,7.668216e-06,7.727376e-06,8,7.153172e-06,3.778594e-05,1,2,3.793247e-07,7.515161e-06,6,1,0.9388957,3.07188e-07,4,7,6.945698e-06,5.677328e+09,0.004363346,1.079635,0.5398174,-81.0111,-108.1978,-169.6958,-176.8825,0.01281457
9,31,532,3.559054e-07,1,10,6.562213e-06,8.416578e-06,5,7.185309e-06,4.275631e-05,1,2,2.979699e-07,7.869243e-06,8,2,0.9170799,2.91955e-07,3,8,7.450099e-06,5.213962e+09,0.008307068,1.622672,0.8113362,-82.51199,-110.3656,-167.6609,-175.5145,0.007187552
9,32,533,3.999473e-07,2,7,6.818682e-06,8.858648e-06,6,7.346629e-06,3.678545e-05,1,3,3.714749e-07,7.075596e-06,8,3,0.8931378,2.986018e-07,3,7,7.080985e-06,3.669152e+09,0.009430896,1.765149,0.8825743,-93.8073,-119.0126,-175.3531,-180.5584,0.09434434
9,33,534,3.893265e-07,1,7,7.100374e-06,7.492621e-06,8,7.632244e-06,3.738374e-05,1,3,3.753937e-07,7.118369e-06,6,3,1.003355,2.979945e-07,4,9,6.66846e-06,3.455851e+09,0.007321076,1.566789,0.7833944,-86.14565,-113.8494,-168.271,-175.9747,0.08884496
9,34,535,3.547081e-07,1,8,7.179707e-06,8.175155e-06,3,7.102886e-06,4.017054e-05,1,2,3.011499e-07,6.818335e-06,6,2,0.9936688,3.052721e-07,4,8,7.777859e-06,5.589476e+09,0.00789601,1.576446,0.7882229,-82.71361,-110.1097,-168.687,-176.0831,0.01180865
9,35,536,4.245356e-07,1,7,6.681536e-06,7.220931e-06,7,6.841268e-06,3.637575e-05,1,3,3.920803e-07,6.416928e-06,5,1,0.8849419,3.432732e-07,2,8,7.323664e-06,4.816075e+09,0.00310747,1.252053,0.6260265,-85.32119,-111.5796,-174.051,-180.3094,0.0002933504
9,36,537,4.260607e-07,2,7,6.982139e-06,7.728617e-06,4,6.871284e-06,3.955755e-05,1,1,3.09401e-07,7.177783e-06,6,1,0.9151372,3.001332e-07,4,7,7.415379e-06,9.966357e+09,0.006078471,1.065634,0.5328168,-77.76996,-105.0626,-169.9027,-177.1953,0.9104742
9,37,538,4.158219e-07,1,5,6.278754e-06,9.016844e-06,5,6.685697e-06,3.60965e-05,1,6,3.410144e-07,5.814366e-06,8,1,0.8722077,2.914148e-07,2,7,7.20927e-06,2.51711e+09,0.002993128,1.647496,0.8237479,-88.26898,-115.254,-171.5258,-178.5108,0.2461605
9,38,539,4.171279e-07,1,7,6.33234e-06,7.776937e-06,5,6.585967e-06,3.947482e-05,1,6,3.530862e-07,6.311555e-06,6,1,0.910741,3.52868e-07,3,7,7.230334e-06,2.25141e+09,0.003713512,1.711761,0.8558803,-94.88788,-119.4741,-176.2391,-180.8254,0.3121012
9,39,540,3.994745e-07,2,6,6.276677e-06,7.693735e-06,5,6.372111e-06,3.710174e-05,1,6,3.56018e-07,7.023749e-06,8,2,0.9374255,3.57228e-07,5,9,6.861648e-06,1.717949e+09,0.008366873,1.884283,0.9421415,-99.09623,-123.166,-174.5708,-178.6406,0.4873506
9,40,541,4.023156e-07,2,7,5.74246e-06,7.201368e-06,9,8.057892e-06,3.627398e-05,1,3,3.470187e-07,6.631725e-06,5,1,0.9141509,2.755886e-07,1,5,6.706979e-06,4.807022e+09,0.003480208,1.400786,0.700393,-94.16353,-118.4197,-182.385,-186.6411,0.0003600577
9,41,542,4.050293e-07,2,6,7.236723e-06,7.267746e-06,5,7.676026e-06,3.574435e-05,1,3,3.590412e-07,6.529104e-06,7,3,0.9121225,2.813978e-07,4,9,6.995366e-06,3.704276e+09,0.009204897,1.726362,0.8631808,-90.42187,-116.741,-172.1557,-178.4749,0.08232148
9,42,543,4.221815e-07,1,6,6.471287e-06,7.534762e-06,6,6.929151e-06,3.978563e-05,1,3,2.828102e-07,7.684717e-06,9,3,0.9100588,4.022308e-07,3,7,7.425619e-06,3.701991e+09,0.004652284,1.296905,0.6484523,-75.45249,-103.9028,-160.1445,-168.5949,0.05977613
9,43,544,3.990969e-07,2,8,6.081215e-06,7.322451e-06,7,7.184339e-06,4.431147e-05,1,3,2.74189e-07,7.168945e-06,10,1,0.9008754,3.68591e-07,2,10,6.449168e-06,3.862486e+09,0.007785761,1.794877,0.8974383,-94.82423,-118.9211,-177.6486,-181.7455,0.08347824
9,44,545,4.027584e-07,2,7,7.226688e-06,6.778993e-06,9,6.276184e-06,4.12634e-05,1,3,3.376645e-07,7.546981e-06,8,3,0.9657154,2.80785e-07,5,9,7.549001e-06,2.946087e+09,0.01264266,1.802803,0.9014013,-95.34654,-120.6884,-173.7131,-179.0549,0.2695952
9,45,546,4.335206e-07,1,8,6.190683e-06,8.354665e-06,6,6.163765e-06,4.660325e-05,1,1,2.784672e-07,6.358897e-06,6,3,0.9292557,3.82166e-07,3,8,7.280386e-06,8.496968e+09,0.00585433,0.9991121,0.499556,-71.75167,-100.1221,-162.6622,-171.0326,0.4436521
9,46,547,4.021861e-07,3,5,6.797007e-06,7.589802e-06,7,7.566509e-06,3.81872e-05,1,3,3.415417e-07,6.638641e-06,5,5,0.9560585,2.89554e-07,2,7,7.435578e-06,3.803789e+09,0.01050544,1.849027,0.9245135,-95.98418,-119.8786,-177.3744,-181.2688,0.1067459
9,47,548,3.913708e-07,2,6,7.571316e-06,7.509584e-06,6,6.533749e-06,3.821706e-05,1,4,3.491228e-07,7.26426e-06,6,2,0.9957884,3.000969e-07,5,9,6.741141e-06,2.691284e+09,0.009155729,1.80243,0.9012152,-97.16754,-121.1982,-176.1498,-180.1805,0.2438339
9,48,549,3.598232e-07,2,7,6.887965e-06,7.734057e-06,7,7.140325e-06,3.876461e-05,1,6,2.606085e-07,7.344604e-06,8,2,0.907392,3.054156e-07,5,6,7.116497e-06,1.787301e+09,0.01090668,1.981703,0.9908513,-97.98169,-122.2475,-172.6487,-176.9146,0.5148843
9,49,550,4.233603e-07,4,6,6.838755e-06,7.034541e-06,7,7.568859e-06,3.66139e-05,1,1,3.466753e-07,6.240985e-06,5,1,0.9288562,2.345406e-07,4,9,7.364702e-06,9.221615e+09,0.005190206,0.756347,0.3781735,-78.51067,-105.9543,-170.655,-178.0986,0.6531222
10,0,551,3.891549e-07,1,7,6.275545e-06,7.519713e-06,7,6.486775e-06,3.454972e-05,1,3,2.007411e-07,5.82404e-06,7,1,0.783614,2.466413e-07,1,7,7.111122e-06,5.591765e+09,0.003131348,1.407625,0.7038127,-78.26513,-106.4117,-168.2588,-176.4054,0.009297687
10,1,552,4.233603e-07,1,6,6.684842e-06,6.752535e-06,8,6.716004e-06,3.623561e-05,1,2,2.902638e-07,6.240985e-06,6,4,0.9827209,2.515772e-07,4,9,7.316348e-06,5.305552e+09,0.005988941,1.203302,0.6016509,-74.03836,-102.5106,-160.7595,-169.2317,0.001624436
10,2,553,4.176952e-07,1,8,6.510101e-06,7.744615e-06,7,6.730871e-06,4.167245e-05,1,1,2.62808e-07,7.192686e-06,7,1,0.9030261,3.377111e-07,2,7,7.393179e-06,9.971466e+09,0.004915613,1.007523,0.5037615,-76.05193,-103.8649,-169.1113,-176.9243,0.9123868
10,3,554,3.772519e-07,2,8,7.185299e-06,8.533226e-06,7,6.624772e-06,3.668379e-05,1,1,2.933781e-07,6.863637e-06,7,2,0.8638247,3.041804e-07,3,5,7.222466e-06,9.341002e+09,0.008932388,1.328767,0.6643834,-83.10835,-109.8591,-173.0065,-179.7573,0.6915072
10,4,555,4.050765e-07,1,5,5.745578e-06,7.742165e-06,7,6.127573e-06,3.893317e-05,1,6,2.705808e-07,7.411615e-06,6,2,0.8249192,3.028445e-07,3,8,7.27173e-06,2.117452e+09,0.002537275,1.361048,0.6805239,-76.945,-105.3867,-159.4176,-167.8593,0.322473
10,5,556,3.959411e-07,3,6,7.107719e-06,7.247857e-06,8,7.528814e-06,3.646347e-05,1,1,3.536589e-07,5.723929e-06,5,2,0.8991301,2.788669e-07,4,9,7.582146e-06,8.356512e+09,0.007382698,0.9286033,0.4643016,-81.01024,-107.7525,-170.7686,-177.5108,0.4077229
10,6,557,3.868238e-07,1,7,5.848185e-06,7.815024e-06,9,6.607332e-06,3.679349e-05,1,1,2.266754e-07,7.333003e-06,7,3,0.8509789,2.888474e-07,2,7,7.69614e-06,9.024999e+09,0.004202767,0.6931682,0.3465841,-84.95399,-110.34,-177.8276,-183.2136,0.592296
10,7,558,3.669297e-07,2,7,6.339069e-06,7.546317e-06,5,6.55931e-06,3.804373e-05,1,3,2.353878e-07,7.183419e-06,8,2,0.9567294,2.452298e-07,4,7,6.53802e-06,4.140988e+09,0.01151066,1.90714,0.9535701,-92.4275,-117.534,-174.1586,-179.2651,0.1204875
10,8,559,4.069253e-07,2,5,6.073716e-06,7.213913e-06,4,6.317639e-06,3.614675e-05,1,4,1.872973e-07,6.555748e-06,6,2,0.8082578,2.710615e-07,1,8,7.002151e-06,4.450352e+09,0.00473188,1.825084,0.912542,-87.16691,-113.2512,-173.3845,-179.4687,0.05538953
10,9,560,3.965656e-07,1,6,6.420131e-06,7.121664e-06,8,7.104268e-06,3.529159e-05,1,4,3.854873e-07,7.119586e-06,5,1,0.9049861,2.584548e-07,5,7,7.287143e-06,3.130313e+09,0.003514863,1.269376,0.6346882,-84.77037,-112.0504,-169.223,-176.5031,0.130437
10,10,561,4.495123e-07,1,7,6.846689e-06,7.611311e-06,6,6.003689e-06,3.366387e-05,1,3,2.857767e-07,6.898106e-06,6,1,0.8737929,3.276113e-07,4,6,7.785374e-06,4.741984e+09,0.004084519,1.342948,0.671474,-77.96586,-105.8099,-165.3737,-173.2177,0.001039939
10,11,562,3.54919e-07,1,7,6.262973e-06,6.501246e-06,5,6.312837e-06,3.643244e-05,1,3,2.353792e-07,5.655743e-06,7,1,0.8882273,2.828598e-07,3,7,7.048103e-06,5.045477e+09,0.004777404,1.612486,0.8062429,-82.34314,-109.8735,-169.6093,-177.1396,0.005623574
10,12,563,3.708409e-07,2,5,6.036978e-06,8.704102e-06,7,6.273929e-06,3.665999e-05,1,3,1.8e-07,6.605485e-06,7,1,0.8661642,2.683792e-07,5,8,7.349083e-06,3.820123e+09,0.006409498,1.514443,0.7572213,-79.77801,-108.1117,-163.3513,-171.685,0.0486614
10,13,564,4.258696e-07,1,5,6.192942e-06,8.741552e-06,5,5.853336e-06,3.378561e-05,1,5,2.244632e-07,5.738628e-06,7,1,0.7897622,2.796092e-07,5,6,7.392854e-06,2.998948e+09,0.002189583,1.167633,0.5838167,-73.18291,-101.5691,-159.3187,-167.7048,0.1505205
10,14,565,3.929164e-07,2,7,5.957031e-06,8.262248e-06,6,6.494296e-06,3.650475e-05,1,2,2.866098e-07,7.246112e-06,8,2,0.9707201,2.61284e-07,2,6,7.601805e-06,6.302864e+09,0.009243421,1.740322,0.8701608,-90.40128,-115.5542,-176.7337,-181.8866,0.08129654
10,15,566,3.576418e-07,1,7,6.313766e-06,8.06549e-06,4,6.259307e-06,3.709144e-05,1,4,2.084206e-07,6.589375e-06,8,1,0.8427329,3.124457e-07,2,5,6.527208e-06,4.388746e+09,0.004321927,1.789681,0.8948404,-87.3738,-113.6338,-173.8638,-180.1238,0.04818187
10,16,567,4.066673e-07,2,9,7.426212e-06,7.463942e-06,8,7.166669e-06,3.181875e-05,1,3,3.003628e-07,6.357259e-06,5,3,0.9091817,2.214357e-07,4,5,7.485478e-06,4.330039e+09,0.01053192,1.803322,0.901661,-94.04284,-118.6828,-176.5476,-181.1875,0.05725017
10,17,568,3.508394e-07,1,9,6.147386e-06,7.260848e-06,5,7.806165e-06,4.3966e-05,1,2,2.645019e-07,7.112686e-06,9,3,0.9250158,2.774383e-07,2,9,6.478651e-06,5.26192e+09,0.007802369,1.618597,0.8092984,-79.98033,-108.2004,-165.481,-173.701,0.007259205
10,18,569,3.483021e-07,1,7,5.747422e-06,7.405197e-06,2,7.146192e-06,3.604172e-05,1,3,1.8e-07,6.732396e-06,10,1,0.7756241,2.702754e-07,1,7,6.483648e-06,6.842254e+09,0.003098488,1.615924,0.8079618,-72.49661,-100.8255,-164.2891,-172.618,0.1226757
10,19,570,3.901756e-07,1,6,6.103784e-06,7.901591e-06,5,7.1769e-06,4.038202e-05,1,3,3.060953e-07,6.150238e-06,7,1,0.88714,2.978222e-07,2,8,6.805719e-06,4.806418e+09,0.00365395,1.499676,0.749838,-81.61093,-109.2734,-169.6197,-177.2822,0.0003647496
10,20,571,3.941498e-07,1,6,7.094031e-06,7.445069e-06,2,6.241003e-06,3.809312e-05,1,2,1.8e-07,6.23754e-06,9,3,0.7717441,2.985604e-07,3,5,7.251588e-06,7.384033e+09,0.002975699,1.11318,0.55659,-68.33477,-96.78266,-160.9648,-169.4126,10.55186
10,21,572,3.748579e-07,2,6,6.105108e-06,7.376881e-06,4,6.436476e-06,3.728486e-05,1,2,2.385852e-07,6.942284e-06,8,2,0.8253999,2.940519e-07,4,7,7.032222e-06,6.126686e+09,0.006702642,1.479117,0.7395587,-72.88325,-101.3099,-160.3653,-168.792,0.04052612
10,22,573,3.878702e-07,1,6,6.143502e-06,8.532403e-06,6,6.696334e-06,3.800233e-05,1,3,2.272506e-07,6.33548e-06,6,4,0.8891128,3.097224e-07,2,5,7.340047e-06,4.43189e+09,0.004347264,1.442045,0.7210224,-76.69155,-105.0882,-163.2412,-171.6378,0.009126478
10,23,574,4.040404e-07,2,5,6.574584e-06,6.91896e-06,9,7.130257e-06,3.400463e-05,1,5,3.054939e-07,6.645785e-06,7,3,0.9031449,2.670569e-07,5,9,6.255841e-06,2.133076e+09,0.007620295,1.752983,0.8764914,-92.09282,-119.0146,-169.8532,-176.775,0.3473061
10,24,575,3.571704e-07,1,8,6.32048e-06,7.600913e-06,6,6.441424e-06,3.839995e-05,1,1,2.123243e-07,6.761328e-06,6,2,0.8065553,2.993842e-07,2,6,7.091297e-06,1.106883e+10,0.004429673,0.9944648,0.4972324,-70.17444,-98.60631,-164.5928,-173.0246,3.312122
10,25,576,4.080471e-07,2,5,6.557485e-06,6.916249e-06,7,6.985596e-06,3.463877e-05,1,4,2.669068e-07,8.329661e-06,5,3,0.8957108,2.904078e-07,3,6,7.114863e-06,3.268484e+09,0.007155133,1.7937,0.8968499,-91.77802,-117.6497,-173.5188,-179.3904,0.1492015
10,26,577,4.191045e-07,1,10,6.30821e-06,6.186358e-06,5,6.600984e-06,3.29706e-05,1,2,2.946222e-07,5.962364e-06,5,1,0.8672452,2.559633e-07,4,6,7.357345e-06,7.450259e+09,0.004231762,1.238503,0.6192513,-79.52908,-106.6617,-170.7073,-177.84,0.212369
10,27,578,3.531705e-07,2,7,6.673518e-06,7.672508e-06,7,6.774588e-06,3.524653e-05,1,4,3.666706e-07,6.418637e-06,5,1,0.9200894,2.907081e-07,4,9,6.760619e-06,3.150873e+09,0.004616527,1.42791,0.7139549,-90.12769,-116.686,-173.4532,-180.0115,0.1274238
10,28,579,3.496692e-07,1,10,6.786199e-06,7.667595e-06,7,7.094452e-06,4.288662e-05,1,1,2.707298e-07,8.269384e-06,7,2,0.8957786,2.908401e-07,4,8,7.117686e-06,8.049269e+09,0.008359122,1.131393,0.5656965,-71.92915,-100.4473,-160.8227,-169.3408,0.3344171
10,29,580,3.676077e-07,1,7,7.242999e-06,7.546153e-06,9,7.123819e-06,3.741678e-05,1,1,2.698262e-07,7.936414e-06,5,1,0.8801013,3.081605e-07,2,8,7.744095e-06,9.545888e+09,0.00468181,0.7855631,0.3927816,-78.64601,-105.9759,-171.5382,-178.8681,0.7599355
10,30,581,4.159575e-07,1,7,7.209386e-06,7.727376e-06,7,6.771775e-06,3.778594e-05,1,1,3.793247e-07,6.075012e-06,6,2,0.8812672,2.223676e-07,3,7,6.945698e-06,9.708601e+09,0.004813287,0.8557792,0.4278896,-75.43451,-103.3353,-168.3532,-176.254,0.8165784
10,31,582,3.383273e-07,2,7,6.562213e-06,8.840143e-06,4,7.185309e-06,3.153272e-05,1,2,2.866507e-07,6.940719e-06,7,3,0.8522287,2.91955e-07,3,5,7.001938e-06,6.574885e+09,0.009261266,1.686739,0.8433693,-84.99259,-112.0441,-171.6836,-178.7352,0.09913098
10,32,583,4.165892e-07,1,8,6.427621e-06,7.947172e-06,7,7.395796e-06,4.388413e-05,1,2,3.714749e-07,6.719678e-06,8,1,0.8420843,2.986018e-07,2,8,7.470135e-06,5.759584e+09,0.003982169,1.215778,0.607889,-78.42747,-106.3265,-167.6341,-175.5332,0.01672628
10,33,584,4.200802e-07,1,8,6.411338e-06,7.492621e-06,3,6.67326e-06,3.533061e-05,1,4,2.619646e-07,5.839064e-06,6,3,0.879379,2.786766e-07,4,7,6.66846e-06,3.506807e+09,0.005374859,1.706056,0.8530278,-81.89819,-109.7743,-165.4928,-173.3689,0.09971133
10,34,585,3.547081e-07,2,7,6.416693e-06,7.960542e-06,1,6.265765e-06,3.900943e-05,1,1,3.011499e-07,6.363311e-06,9,2,0.8462133,3.053051e-07,3,7,7.777859e-06,1.057563e+10,0.008498039,1.435545,0.7177725,-71.26145,-99.51423,-162.4544,-170.7072,1.388707
10,35,586,4.229432e-07,1,6,6.382408e-06,6.922427e-06,7,6.999123e-06,3.637575e-05,1,3,3.920803e-07,6.416928e-06,6,2,0.8652136,3.432732e-07,2,8,6.433907e-06,4.639418e+09,0.003558297,1.325976,0.6629882,-76.30313,-104.5512,-164.12,-172.368,0.002828113
10,36,587,3.720738e-07,1,7,6.982139e-06,8.263953e-06,2,6.049105e-06,3.862884e-05,1,1,1.8e-07,6.260054e-06,6,1,0.9151372,3.161252e-07,1,7,6.715218e-06,1.575015e+10,0.004930522,1.546874,0.773437,-77.68619,-104.5837,-174.703,-181.6004,4.361827
10,37,588,4.158219e-07,1,5,6.486501e-06,9.016844e-06,4,6.685697e-06,3e-05,1,5,2.115202e-07,5.437725e-06,7,1,0.7881687,1.8e-07,3,5,7.20927e-06,3.760538e+09,0.002315518,1.383941,0.6919704,-75.94551,-104.2036,-163.804,-172.0622,0.05407641
10,38,589,3.662343e-07,1,6,5.824274e-06,7.027893e-06,4,5.913629e-06,3.692968e-05,1,6,1.869617e-07,6.288954e-06,7,2,0.917647,2.841226e-07,5,7,6.893513e-06,2.097382e+09,0.004837904,1.77171,0.8858549,-84.28463,-112.3171,-163.8716,-171.904,0.3599532
10,39,590,4.198829e-07,2,6,6.770614e-06,7.693735e-06,4,6.710065e-06,3.893999e-05,1,3,3.387665e-07,7.207266e-06,7,1,0.9374255,3.57228e-07,5,8,7.221921e-06,3.799415e+09,0.006120294,1.512131,0.7560656,-88.70804,-114.8315,-172.4346,-178.5581,0.05051472
10,40,591,4.186405e-07,1,6,6.339987e-06,7.527067e-06,9,7.116188e-06,3.694272e-05,1,3,3.221991e-07,6.631725e-06,5,1,0.9003159,2.755886e-07,1,8,7.468458e-06,4.735935e+09,0.003131674,1.318268,0.6591339,-88.94062,-115.1528,-177.491,-183.7031,0.001121093
10,41,592,3.511058e-07,1,6,5.482724e-06,6.197476e-06,4,6.421049e-06,3.574435e-05,1,4,1.8e-07,5.439408e-06,7,3,0.8344082,2.813978e-07,4,8,6.957113e-06,3.522893e+09,0.003459431,1.337452,0.668726,-71.30234,-99.90181,-156.8503,-165.4498,0.08862512
10,42,593,4.135515e-07,2,5,6.563169e-06,7.105206e-06,6,7.114163e-06,3.61265e-05,1,4,3.067484e-07,7.099255e-06,9,3,0.9121489,3.214525e-07,4,8,6.635833e-06,2.744205e+09,0.007775607,1.736517,0.8682587,-88.05527,-115.5056,-167.9163,-175.3666,0.2184257
10,43,594,3.909858e-07,2,5,6.081215e-06,7.444247e-06,6,7.184339e-06,4.431147e-05,1,3,2.981625e-07,5.332144e-06,7,1,0.8818238,3.056223e-07,3,9,6.610742e-06,3.99316e+09,0.00474858,1.538894,0.769447,-88.89864,-115.1094,-174.1593,-180.3701,0.03492301
10,44,595,4.041043e-07,2,5,5.903783e-06,6.664633e-06,7,5.936052e-06,4.12634e-05,1,3,2.125989e-07,6.865645e-06,9,2,0.7729541,2.627382e-07,4,9,6.778675e-06,3.911118e+09,0.004023317,1.280454,0.6402271,-73.62333,-102.0379,-159.4235,-167.838,0.04072836
10,45,596,4.252406e-07,1,8,5.747734e-06,7.82541e-06,6,6.55611e-06,4.77868e-05,1,2,1.8e-07,6.846678e-06,9,2,0.9104018,3.572912e-07,4,9,7.241835e-06,4.833756e+09,0.005485288,1.25285,0.6264251,-73.14169,-101.6007,-159.4354,-167.8944,0.0001827682
10,46,597,4.021861e-07,1,5,6.797007e-06,7.586156e-06,7,7.183678e-06,3.859839e-05,1,3,2.668029e-07,7.183112e-06,5,3,0.900044,2.856358e-07,3,6,7.384807e-06,4.18939e+09,0.004056047,1.340833,0.6704167,-75.87604,-104.3226,-162.238,-170.6846,0.0210315
10,47,598,3.702633e-07,2,6,7.19174e-06,7.7226e-06,8,6.742243e-06,3.540592e-05,1,5,3.491228e-07,6.29924e-06,5,1,0.9690541,2.759764e-07,4,9,6.741141e-06,2.450215e+09,0.004751354,1.541455,0.7707274,-94.13662,-119.8408,-175.1525,-180.8567,0.2507199
10,48,599,3.362727e-07,2,5,6.695005e-06,7.618526e-06,7,7.045711e-06,4.109289e-05,1,4,2.334475e-07,7.344604e-06,10,1,0.9147083,2.976998e-07,5,6,6.95449e-06,2.825036e+09,0.008315586,1.841084,0.9205418,-94.74058,-119.9862,-174.5621,-179.8078,0.2310258
10,49,600,3.658394e-07,4,5,6.294075e-06,7.97466e-06,7,7.568859e-06,3.42211e-05,1,1,3.466753e-07,6.462234e-06,7,1,0.9288562,1.929524e-07,5,9,7.310026e-06,8.559068e+09,0.006981839,0.845378,0.422689,-80.28145,-107.3468,-170.4903,-177.5556,0.4600211
11,0,601,3.814935e-07,1,9,6.786199e-06,7.519713e-06,5,6.486775e-06,4.015382e-05,1,3,2.640534e-07,7.400893e-06,7,2,0.8609448,2.79106e-07,2,7,6.977319e-06,4.591661e+09,0.006173462,1.772255,0.8861274,-87.15328,-113.8097,-172.4874,-179.1438,0.03690313
11,1,602,3.770762e-07,1,7,6.996808e-06,7.871969e-06,7,7.997141e-06,3.306578e-05,1,3,3.29201e-07,6.515801e-06,5,1,1.010792,2.783862e-07,2,7,7.516813e-06,4.849471e+09,0.00410637,1.379975,0.6899876,-89.5483,-115.4582,-177.1276,-183.0375,0.0001063389
11,2,603,4.573016e-07,1,8,5.976014e-06,7.180525e-06,5,6.632579e-06,4.213638e-05,1,3,2.682337e-07,6.594939e-06,6,1,0.8837967,3.296492e-07,2,8,7.505727e-06,4.754338e+09,0.004014917,1.571234,0.7856168,-84.50515,-111.3138,-172.0102,-178.8188,0.003138912
11,3,604,4.086164e-07,2,8,7.221035e-06,8.246175e-06,2,7.086304e-06,4.039645e-05,1,1,2.680034e-07,6.987632e-06,7,1,0.8878619,3.061034e-07,2,7,7.960324e-06,1.218381e+10,0.006902118,1.459782,0.7298909,-80.6551,-107.1762,-173.9809,-180.502,1.929273
11,4,605,3.367673e-07,1,5,6.144998e-06,7.840862e-06,6,7.438329e-06,4.202338e-05,1,3,2.954386e-07,7.411615e-06,8,2,0.8463625,2.76041e-07,3,7,6.739052e-06,4.048867e+09,0.003479678,1.268344,0.6341721,-73.03912,-101.658,-159.7704,-168.3892,0.0301719
11,5,606,4.193488e-07,2,5,6.523877e-06,7.583162e-06,7,6.229136e-06,3.681598e-05,1,2,2.992155e-07,5.047189e-06,5,1,0.8928217,2.788669e-07,4,9,7.33539e-06,5.969842e+09,0.004067929,0.9980825,0.4990413,-78.82372,-106.4756,-168.2492,-175.9011,0.02908977
11,6,607,4.420734e-07,2,7,6.662504e-06,7.69649e-06,5,7.043393e-06,3.563575e-05,1,1,3.346439e-07,7.239734e-06,8,3,0.8691116,2.703673e-07,3,8,7.051386e-06,8.849845e+09,0.008565502,1.153862,0.576931,-73.3866,-101.6236,-162.9978,-171.2348,0.5406126
11,7,608,3.584771e-07,1,9,6.580391e-06,8.299054e-06,3,6.994897e-06,3.39199e-05,1,4,2.626102e-07,6.401987e-06,7,1,0.9266965,3.093328e-07,2,5,6.774392e-06,4.734815e+09,0.005270143,1.855899,0.9279496,-91.16567,-115.432,-177.4535,-181.7198,0.05743166
11,8,609,4.230096e-07,1,5,6.407113e-06,7.32656e-06,6,6.785668e-06,3.233161e-05,1,4,2.361241e-07,5.778741e-06,6,2,0.9625381,2.762744e-07,4,8,6.883579e-06,3.466802e+09,0.004430722,1.46792,0.7339601,-77.81793,-106.1643,-162.1518,-170.4982,0.08555002
11,9,610,3.965656e-07,1,7,6.476681e-06,7.146593e-06,7,6.673873e-06,3.529159e-05,1,4,3.499995e-07,5.743825e-06,5,1,0.9049861,2.214759e-07,5,8,7.126388e-06,3.216186e+09,0.003658255,1.312249,0.6561244,-87.14349,-113.9073,-171.6576,-178.4213,0.1180854
11,10,611,3.837125e-07,1,8,6.23709e-06,8.009992e-06,3,6.003689e-06,3.366387e-05,1,2,2.029418e-07,6.215398e-06,7,1,0.8737929,2.928501e-07,3,6,8.101775e-06,7.819955e+09,0.005126372,1.47289,0.7364449,-73.38154,-101.5787,-164.1475,-172.3447,0.2844349
11,11,612,3.248879e-07,1,9,6.082031e-06,8.054294e-06,4,6.15578e-06,3.643244e-05,1,2,1.822834e-07,7.132172e-06,9,2,0.8517206,2.828598e-07,4,6,7.158466e-06,6.376592e+09,0.006486451,1.456661,0.7283307,-70.95943,-99.54739,-158.9311,-167.5191,0.2675109
11,12,613,4.365896e-07,1,6,6.278095e-06,7.595437e-06,6,6.758204e-06,3.665999e-05,1,2,2.70502e-07,6.605485e-06,5,1,0.8605647,2.524663e-07,1,9,7.500246e-06,7.667172e+09,0.00311338,1.21593,0.6079648,-77.26888,-105.121,-170.0293,-177.8814,0.2533784
11,13,614,3.696791e-07,1,6,6.373934e-06,7.665625e-06,6,6.708684e-06,3.767256e-05,1,3,2.325157e-07,6.747604e-06,6,1,0.924352,2.788684e-07,4,7,6.500999e-06,4.454189e+09,0.004698884,1.504921,0.7524605,-80.68156,-108.672,-166.937,-174.9275,0.008288456
11,14,615,3.730529e-07,2,6,6.349462e-06,7.88902e-06,9,7.516987e-06,3.836787e-05,1,3,3.141316e-07,6.729235e-06,7,1,0.905188,2.563999e-07,1,8,6.82027e-06,4.40295e+09,0.005084881,1.59978,0.7998899,-94.78186,-119.17,-180.5939,-184.9821,0.01471473
11,15,616,3.593261e-07,1,5,6.315142e-06,7.37677e-06,3,5.821655e-06,3.103728e-05,1,5,2.084206e-07,5.85355e-06,7,2,0.8721873,2.72277e-07,3,5,6.665468e-06,3.654538e+09,0.003730773,1.714356,0.8571778,-78.72651,-106.8823,-164.2652,-172.421,0.08502683
11,16,617,4.066673e-07,2,5,6.653854e-06,7.611495e-06,8,6.669437e-06,3.181996e-05,1,3,3.328299e-07,5.991082e-06,6,3,0.9091817,2.404935e-07,3,5,7.170079e-06,4.501369e+09,0.006938088,1.667724,0.8338622,-90.23457,-116.3759,-174.8891,-181.0304,0.01912124
11,17,618,3.50283e-07,1,9,6.747757e-06,7.222384e-06,7,7.806165e-06,3.770709e-05,1,1,2.645019e-07,7.15507e-06,8,3,0.9375865,2.31853e-07,3,9,6.48952e-06,8.343202e+09,0.008929399,1.153805,0.5769023,-72.73739,-101.2786,-161.6558,-170.1971,0.4043967
11,18,619,3.980636e-07,1,7,6.415582e-06,7.594715e-06,6,7.065403e-06,3.604172e-05,1,1,2.670319e-07,6.407874e-06,9,3,0.8124755,2.342887e-07,2,7,7.137912e-06,9.827623e+09,0.003800257,0.7175009,0.3587505,-79.18688,-106.6375,-173.2377,-180.6884,0.8593012
11,19,620,4.202666e-07,1,7,5.651703e-06,8.184561e-06,6,6.442625e-06,3.461426e-05,1,4,2.389911e-07,5.353519e-06,6,1,0.8920503,2.21723e-07,3,8,7.317402e-06,3.665786e+09,0.003915862,1.526949,0.7634743,-84.70162,-112.1553,-170.0567,-177.5104,0.06376655
11,20,621,3.546722e-07,1,5,6.868778e-06,7.445069e-06,6,6.6247e-06,3.987355e-05,1,2,2.834156e-07,6.596144e-06,9,3,0.88089,2.588527e-07,3,9,6.56702e-06,5.538853e+09,0.004324694,1.106277,0.5531386,-71.22468,-99.82614,-159.7335,-168.335,0.03763153
11,21,622,4.167088e-07,1,7,5.780566e-06,7.571486e-06,5,6.362664e-06,4.335352e-05,1,2,2.385852e-07,6.604529e-06,9,2,0.825108,3.293504e-07,4,8,7.598848e-06,5.605032e+09,0.00349424,1.03832,0.5191599,-70.3393,-98.78954,-159.8773,-168.3276,1.475012
11,22,623,4.135443e-07,1,5,6.143502e-06,8.086589e-06,5,6.432445e-06,3.200099e-05,1,4,2.272506e-07,6.486595e-06,6,2,0.894157,2.862968e-07,2,6,7.089538e-06,4.239983e+09,0.003472924,1.50938,0.7546898,-76.95415,-105.2317,-164.0945,-172.3721,0.0181825
11,23,624,4.276141e-07,2,5,5.793724e-06,6.595814e-06,7,7.130257e-06,3.404142e-05,1,5,2.039051e-07,5.461644e-06,8,2,0.7819996,2.459474e-07,5,8,6.552295e-06,2.543967e+09,0.003925793,1.435421,0.7177103,-77.75387,-106.0666,-159.9248,-168.2375,0.2311908
11,24,625,3.535253e-07,1,6,6.368691e-06,7.717581e-06,5,6.478191e-06,3.968883e-05,1,2,2.545238e-07,7.045542e-06,10,1,0.8062624,2.960869e-07,1,7,6.736286e-06,7.531899e+09,0.003322262,1.318088,0.6590438,-72.91754,-101.3536,-165.2413,-173.6774,0.2273791
11,25,626,3.668863e-07,1,7,6.093194e-06,6.787373e-06,7,7.2717e-06,4.072806e-05,1,2,2.376958e-07,7.576351e-06,9,2,0.9099241,2.7035e-07,4,5,6.923457e-06,5.674444e+09,0.005662378,1.364726,0.682363,-74.10072,-102.6217,-161.6492,-170.1701,0.01268689
11,26,627,4.191045e-07,2,10,6.30821e-06,7.015299e-06,5,6.832071e-06,3.492963e-05,1,4,2.096529e-07,5.515109e-06,6,1,0.8345571,2.625978e-07,1,6,7.509544e-06,4.75459e+09,0.005577713,1.872599,0.9362997,-90.69319,-115.5414,-176.7709,-181.6191,0.062583
11,27,628,3.987483e-07,2,6,6.673518e-06,6.809582e-06,5,6.586281e-06,3.309236e-05,1,5,1.8e-07,6.418637e-06,8,2,0.9200894,2.328212e-07,4,8,6.717133e-06,2.665408e+09,0.009877666,1.943725,0.9718624,-91.7227,-117.8987,-170.2914,-176.4674,0.2954792
11,28,629,3.87874e-07,1,7,6.786199e-06,8.263547e-06,6,6.890881e-06,4.288662e-05,1,2,2.707298e-07,7.821386e-06,8,1,0.7996171,2.732332e-07,3,7,7.157535e-06,5.977294e+09,0.003747066,1.154856,0.5774279,-72.3033,-100.7238,-162.0965,-170.517,0.02959031
11,29,630,4.115711e-07,2,5,6.585551e-06,7.503003e-06,8,6.729198e-06,3.83408e-05,1,1,2.860999e-07,7.393621e-06,7,4,0.842822,2.675801e-07,5,8,7.548108e-06,7.667876e+09,0.006205972,0.8048161,0.402408,-75.53294,-103.8219,-165.2983,-173.5873,0.2535175
11,30,631,3.84893e-07,2,6,6.291956e-06,8.412852e-06,3,6.841682e-06,3.683136e-05,1,2,2.367832e-07,7.439577e-06,6,1,0.9388957,2.87956e-07,4,6,6.794955e-06,6.971598e+09,0.006951426,1.620931,0.8104653,-85.13424,-111.5047,-173.5802,-179.9506,0.141174
11,31,632,3.513169e-07,1,7,6.261504e-06,8.393369e-06,5,6.841412e-06,4.275631e-05,1,1,1.8e-07,6.924092e-06,7,3,0.8565468,2.91955e-07,2,8,7.450099e-06,9.639319e+09,0.005006448,0.9958889,0.4979444,-70.05176,-98.59556,-162.7374,-171.2812,2.764659
11,32,633,4.17687e-07,1,6,7.014341e-06,7.728094e-06,6,7.108419e-06,4.083039e-05,1,2,2.785431e-07,7.195328e-06,8,1,0.8420843,2.889514e-07,3,6,7.39522e-06,6.294787e+09,0.003726459,1.16716,0.58358,-72.99674,-101.3319,-163.2634,-171.5985,0.05488335
11,33,634,3.481644e-07,1,8,6.618879e-06,7.492621e-06,8,7.016631e-06,3.738374e-05,1,4,2.945509e-07,6.898848e-06,6,1,0.9132328,2.979945e-07,4,10,6.669326e-06,2.872405e+09,0.005371418,1.539318,0.7696588,-90.13509,-116.8869,-171.9991,-178.7509,0.1719134
11,34,635,3.634079e-07,2,7,7.164962e-06,8.175155e-06,4,6.290242e-06,3.735424e-05,1,3,2.978958e-07,6.818335e-06,6,1,0.9936688,2.902435e-07,4,9,7.777859e-06,4.086379e+09,0.006874336,1.598074,0.7990371,-89.26618,-115.751,-173.1206,-179.6055,0.03184586
11,35,636,4.245356e-07,1,6,7.361106e-06,7.169749e-06,9,7.237812e-06,3.656958e-05,1,2,3.946451e-07,6.416928e-06,5,1,0.9239755,2.920041e-07,4,9,7.495721e-06,5.605308e+09,0.003459516,0.8122457,0.4061229,-80.63513,-107.1596,-170.217,-176.7414,0.009816846
11,36,637,3.49773e-07,2,8,6.878013e-06,7.538819e-06,3,6.083443e-06,3.899861e-05,1,1,2.665409e-07,6.763496e-06,6,1,0.9151372,3.034903e-07,2,6,7.585105e-06,1.28673e+10,0.006283713,1.435498,0.717749,-80.17871,-107.1839,-174.3863,-181.3915,2.319532
11,37,638,4.228821e-07,2,6,6.252205e-06,8.724308e-06,4,6.786612e-06,3.313316e-05,1,2,2.752014e-07,6.270604e-06,8,2,0.807647,2.370798e-07,4,6,7.520517e-06,6.663537e+09,0.005690505,1.355409,0.6777047,-72.99795,-101.2947,-161.9205,-170.2173,0.09398877
11,38,639,3.564548e-07,1,7,5.897262e-06,7.776937e-06,5,6.819825e-06,4.030229e-05,1,4,1.8e-07,7.074949e-06,9,2,0.910741,2.497225e-07,4,5,6.900381e-06,3.2351e+09,0.005695162,1.765194,0.8825969,-84.12707,-111.9284,-166.7698,-174.5711,0.1467042
11,39,640,4.459237e-07,1,6,6.884395e-06,7.35224e-06,5,6.914676e-06,3.638497e-05,1,3,3.364946e-07,7.207266e-06,7,1,0.9374255,2.977195e-07,3,8,7.221921e-06,4.604166e+09,0.004217138,1.442843,0.7214213,-82.02268,-109.4406,-169.0355,-176.4535,0.003645048
11,40,641,3.507373e-07,2,9,6.126304e-06,6.903145e-06,6,8.057892e-06,3.627398e-05,1,2,2.949577e-07,7.069999e-06,6,1,0.9141509,3.566643e-07,2,5,6.706979e-06,7.169216e+09,0.005450459,1.530803,0.7654014,-89.13858,-114.522,-178.8837,-184.2671,0.1650374
11,41,642,4.014003e-07,1,5,6.882665e-06,7.267746e-06,2,5.776355e-06,3.588923e-05,1,3,1.893614e-07,6.529104e-06,8,2,0.9018496,2.757521e-07,5,10,7.199534e-06,4.26331e+09,0.004247105,1.263598,0.6317988,-70.77896,-99.32645,-157.093,-165.6405,0.4705576
11,42,643,4.0112e-07,1,6,6.638406e-06,8.042199e-06,5,6.896673e-06,3.978563e-05,1,3,2.828102e-07,7.556489e-06,9,2,0.8712353,3.139904e-07,3,8,7.296415e-06,4.033379e+09,0.004297701,1.351586,0.6757932,-73.76461,-102.2183,-159.5456,-167.9993,0.03127998
11,43,644,3.909858e-07,1,5,5.912342e-06,7.304349e-06,5,6.226688e-06,3.858349e-05,1,3,2.519666e-07,5.332144e-06,6,1,0.7764775,3.113882e-07,2,7,7.371891e-06,5.571616e+09,0.002052124,1.146732,0.5733659,-70.19361,-98.60931,-161.9912,-170.4069,1.942577
11,44,645,3.713794e-07,2,6,6.201044e-06,7.107015e-06,8,6.509113e-06,3.895994e-05,1,2,1.8e-07,7.809886e-06,8,4,0.7966768,2.627382e-07,1,7,6.778675e-06,5.709638e+09,0.006059009,1.371126,0.6855631,-76.46407,-104.8073,-163.7722,-172.1155,0.01428906
11,45,646,4.018905e-07,1,8,5.573121e-06,7.494921e-06,8,7.539912e-06,4.081895e-05,1,2,2.02934e-07,6.846678e-06,9,1,0.8870979,2.964891e-07,3,7,6.88404e-06,5.687852e+09,0.004895385,1.254422,0.6272108,-75.44248,-103.8255,-163.6436,-172.0265,0.01328604
11,46,647,4.503254e-07,1,6,6.068682e-06,7.640085e-06,4,6.830315e-06,3.859839e-05,1,3,2.131828e-07,6.317308e-06,5,3,0.9011153,3.413969e-07,3,9,6.995766e-06,4.416602e+09,0.003986552,1.339586,0.6697931,-73.30429,-101.6793,-160.2001,-168.5751,0.009732344
11,47,648,4.199649e-07,1,6,6.604824e-06,7.785785e-06,3,6.241012e-06,3.569469e-05,1,4,2.517068e-07,5.917641e-06,6,1,0.8770474,3.000969e-07,4,9,6.713876e-06,3.602993e+09,0.00382658,1.494987,0.7474934,-78.33929,-106.3598,-163.6445,-171.665,0.07006361
11,48,649,3.788847e-07,1,6,6.630734e-06,7.618526e-06,4,6.505915e-06,4.108902e-05,1,4,2.210308e-07,7.344604e-06,6,2,0.9515262,3.424146e-07,2,7,7.365078e-06,3.605276e+09,0.005570138,1.820801,0.9104006,-88.12134,-114.5672,-171.8015,-178.2473,0.1155564
11,49,650,3.6398e-07,3,6,6.487147e-06,7.706383e-06,6,6.964527e-06,3.358083e-05,1,3,3.466753e-07,6.120765e-06,7,1,0.9288562,2.435289e-07,4,9,7.381983e-06,4.211727e+09,0.006345222,1.486459,0.7432294,-89.48791,-115.8496,-173.9526,-180.3143,0.01973011
12,0,651,4.058542e-07,2,6,6.197137e-06,7.519713e-06,2,6.486775e-06,3.735146e-05,1,2,1.8e-07,6.306216e-06,7,1,0.8407603,2.637972e-07,3,7,7.63036e-06,7.543181e+09,0.006354872,1.663601,0.8318004,-79.15828,-106.5665,-168.6783,-176.0865,0.2413894
12,1,652,4.361111e-07,3,7,7.214414e-06,7.034541e-06,7,7.568859e-06,3.484417e-05,1,3,3.10806e-07,6.240985e-06,5,1,0.9139247,3.056753e-07,2,6,7.661566e-06,4.997189e+09,0.004741279,1.531783,0.7658914,-90.11714,-115.9481,-177.3327,-183.1637,0.0004489554
12,2,653,4.20927e-07,2,6,6.08098e-06,6.748418e-06,8,6.907684e-06,4.723229e-05,1,1,2.097745e-07,7.446555e-06,7,3,0.8474581,4.091968e-07,2,10,7.405055e-06,8.114215e+09,0.006707257,1.052769,0.5263846,-72.85918,-101.2212,-162.7787,-171.1407,0.3493076
12,3,654,4.262665e-07,2,5,7.944819e-06,7.191425e-06,7,6.665137e-06,3.766441e-05,1,1,3.480705e-07,6.987632e-06,6,4,0.9578176,3.132025e-07,4,7,7.592078e-06,8.04091e+09,0.009517345,1.175737,0.5878687,-75.32965,-103.5233,-163.6506,-171.8442,0.3325242
12,4,655,3.855365e-07,1,5,6.806933e-06,8.583969e-06,8,6.886556e-06,3.844269e-05,1,2,3.676868e-07,6.521159e-06,8,4,0.9557946,2.507648e-07,3,7,7.234841e-06,5.038774e+09,0.005093056,1.083099,0.5415494,-74.39881,-102.936,-161.3755,-169.9127,0.0
12,5,656,3.918222e-07,1,7,6.970723e-06,8.084065e-06,7,6.859773e-06,3.855432e-05,1,2,3.081288e-07,6.251699e-06,8,4,0.9173946,2.788669e-07,3,9,6.926326e-06,5.073026e+09,0.006321648,1.254153,0.6270763,-74.58811,-103.0921,-160.6851,-169.1891,0.0
12,6,657,4.102573e-07,1,6,5.945753e-06,8.428697e-06,7,7.006758e-06,3.790303e-05,1,2,2.38766e-07,6.933075e-06,7,4,0.8751108,2.888474e-07,2,5,7.505473e-06,5.867421e+09,0.003848516,1.044272,0.522136,-74.83778,-103.2362,-164.3538,-172.7523,0.02264262
12,7,658,3.239621e-07,2,7,6.042738e-06,8.18742e-06,7,7.089451e-06,3.39199e-05,1,3,2.115422e-07,6.003873e-06,7,1,0.8537563,3.093328e-07,1,6,6.724419e-06,5.309791e+09,0.00568019,1.724313,0.8621565,-93.38789,-117.6475,-180.3458,-184.6054,0.02405492
12,8,659,4.256059e-07,1,6,6.069127e-06,6.872769e-06,8,7.611867e-06,3.554015e-05,1,2,2.361241e-07,6.591334e-06,5,1,0.9365774,2.46956e-07,3,8,6.883579e-06,6.343717e+09,0.004037153,1.107862,0.5539308,-76.54093,-104.5806,-166.5271,-174.5667,0.05947067
12,9,660,3.697356e-07,1,6,6.476681e-06,7.320964e-06,6,6.65308e-06,3.82911e-05,1,3,3.151777e-07,6.276016e-06,8,2,0.8930629,2.435897e-07,4,9,6.754893e-06,3.986529e+09,0.004790469,1.409035,0.7045177,-74.94935,-103.4688,-160.1575,-168.6769,0.03475339
12,10,661,4.495123e-07,1,6,6.787076e-06,7.437059e-06,6,6.862302e-06,3.366387e-05,1,2,2.414238e-07,6.898106e-06,6,2,0.9091919,3.276113e-07,4,7,7.785374e-06,6.288913e+09,0.004526584,1.105944,0.552972,-71.87863,-100.2478,-161.2924,-169.6616,0.05434504
12,11,662,3.696667e-07,1,6,6.262973e-06,7.451955e-06,8,7.133749e-06,3.683711e-05,1,4,2.655792e-07,5.881101e-06,7,1,0.8882273,2.828598e-07,1,8,6.959705e-06,3.754558e+09,0.003754178,1.614419,0.8072095,-91.94949,-117.5966,-177.6955,-183.3427,0.060464
12,12,663,3.708409e-07,1,5,6.036978e-06,8.793959e-06,8,6.700111e-06,3.697775e-05,1,3,2.789431e-07,6.123011e-06,7,2,0.9373941,2.369238e-07,3,8,7.355023e-06,4.041832e+09,0.004320222,1.312325,0.6561626,-76.37198,-104.8967,-162.1485,-170.6732,0.03067272
12,13,664,4.266514e-07,2,5,6.868474e-06,7.888282e-06,5,5.955564e-06,3.369145e-05,1,2,2.441098e-07,6.5023e-06,6,1,0.8676459,2.848759e-07,5,6,7.502619e-06,6.547007e+09,0.005535193,1.310616,0.6553078,-78.25882,-105.8461,-167.1483,-174.7356,0.0805009
12,14,665,3.730529e-07,2,6,6.349462e-06,7.73981e-06,6,6.076842e-06,3.791467e-05,1,3,1.8e-07,6.725786e-06,8,1,0.8090206,2.692299e-07,2,8,7.03357e-06,4.855528e+09,0.00622355,1.760008,0.8800039,-86.82405,-113.5294,-172.6084,-179.3138,0.03012862
12,15,666,4.083313e-07,1,7,6.494822e-06,7.443121e-06,5,6.483712e-06,3.709144e-05,1,3,3.105131e-07,6.176548e-06,7,1,0.8154142,3.259672e-07,2,7,7.437461e-06,5.217948e+09,0.003398707,1.438363,0.7191817,-77.09091,-105.0837,-166.1278,-174.1206,0.0005348605
12,16,667,4.008971e-07,1,5,5.811118e-06,7.670149e-06,7,6.669437e-06,3.375046e-05,1,3,1.996855e-07,6.176135e-06,5,1,0.8218648,2.733608e-07,2,5,7.389102e-06,5.551241e+09,0.00246234,1.165191,0.5825953,-75.09633,-103.4198,-166.0707,-174.3941,0.007828483
12,17,668,3.506382e-07,1,9,6.154174e-06,7.260848e-06,4,6.857849e-06,3.839132e-05,1,3,2.144332e-07,5.871986e-06,7,2,0.9250158,2.705974e-07,3,9,6.843836e-06,4.400017e+09,0.007514299,1.784289,0.8921444,-85.88979,-113.0522,-170.0,-177.1624,0.04633165
12,18,669,3.980636e-07,1,8,6.791609e-06,7.90287e-06,5,6.755814e-06,3.759001e-05,1,2,3.329255e-07,6.656448e-06,7,2,0.8634742,2.992822e-07,2,9,7.500735e-06,6.341321e+09,0.005290455,1.38801,0.6940052,-74.61846,-102.9071,-163.4271,-171.7157,0.05924172
12,19,670,4.239783e-07,1,8,6.83901e-06,7.943394e-06,3,7.1931e-06,3.692107e-05,1,3,2.121766e-07,6.512383e-06,7,2,0.8136671,3.028801e-07,4,8,7.625543e-06,4.424224e+09,0.004383812,1.36475,0.682375,-72.55881,-100.9606,-159.057,-167.4589,0.009427843
12,20,671,3.546722e-07,1,7,6.282433e-06,7.445069e-06,5,6.6247e-06,3.987355e-05,1,2,2.834156e-07,7.019353e-06,9,3,0.9294953,2.588527e-07,3,9,6.271986e-06,5.430922e+09,0.006437903,1.399218,0.699609,-73.54479,-102.1219,-160.1548,-168.732,0.004210287
12,21,672,3.609572e-07,2,6,6.71805e-06,7.376881e-06,7,6.956427e-06,3.533895e-05,1,3,3.052891e-07,6.942284e-06,7,1,0.8530127,2.940519e-07,4,7,7.032222e-06,4.233668e+09,0.006062255,1.554218,0.777109,-89.37444,-115.5434,-174.0824,-180.2514,0.01979868
12,22,673,3.821651e-07,1,6,6.872948e-06,8.07912e-06,6,6.696334e-06,3.929309e-05,1,2,3.005878e-07,6.612804e-06,8,3,0.8876949,2.993572e-07,2,5,7.29107e-06,6.010944e+09,0.004809952,1.301585,0.6507924,-74.52141,-102.9746,-163.2789,-171.7321,0.03190387
12,23,674,3.937758e-07,1,6,6.303195e-06,7.177918e-06,7,6.719697e-06,3.434594e-05,1,3,2.196806e-07,5.461644e-06,7,3,0.8478669,2.333648e-07,4,8,6.552295e-06,4.374617e+09,0.003811562,1.20131,0.6006552,-73.44919,-101.9303,-160.457,-168.9381,0.01149634
12,24,675,3.343309e-07,1,6,5.913084e-06,7.744821e-06,5,6.182273e-06,3.754984e-05,1,3,1.8e-07,6.022719e-06,7,3,0.8207378,2.808335e-07,2,5,7.155327e-06,5.052171e+09,0.003614357,1.41541,0.7077048,-72.60717,-101.1571,-161.0964,-169.6463,0.0
12,25,676,3.668863e-07,2,7,6.351267e-06,8.025973e-06,6,7.232918e-06,3.594608e-05,1,3,2.902135e-07,7.099012e-06,8,1,0.8953691,2.403357e-07,4,8,6.923457e-06,4.131267e+09,0.007569187,1.677318,0.8386592,-92.08586,-117.5035,-175.617,-181.0347,0.03858682
12,26,677,4.185535e-07,1,7,6.196478e-06,8.208595e-06,6,6.596252e-06,3.428702e-05,1,4,2.764442e-07,5.930044e-06,5,2,0.8146199,3.159631e-07,2,5,7.932252e-06,3.982658e+09,0.003368496,1.506826,0.753413,-79.36124,-107.4379,-166.0903,-174.167,0.03506931
12,27,678,3.869401e-07,2,5,6.466e-06,7.004992e-06,7,7.141077e-06,3.519233e-05,1,4,2.771149e-07,6.052026e-06,5,1,0.9158505,2.607042e-07,4,8,6.895057e-06,3.306137e+09,0.004934847,1.549846,0.7749232,-91.0896,-117.2598,-174.5433,-180.7135,0.1069102
12,28,679,3.87874e-07,2,6,6.320851e-06,8.309542e-06,7,6.890881e-06,3.475237e-05,1,3,1.819569e-07,6.215219e-06,6,1,0.7740761,2.732332e-07,2,5,7.444069e-06,5.082725e+09,0.004876352,1.61245,0.8062248,-86.61752,-113.4684,-173.8585,-180.7094,0.005619968
12,29,680,3.684567e-07,1,5,7.222258e-06,7.183234e-06,8,6.543108e-06,3.215177e-05,1,3,2.425524e-07,7.656354e-06,5,3,0.9206979,2.872365e-07,4,6,7.030874e-06,4.400153e+09,0.0049903,1.356447,0.6782236,-74.88048,-103.4096,-160.7686,-169.2977,0.01040598
12,30,681,3.348017e-07,2,6,6.646761e-06,6.820538e-06,7,6.718835e-06,3.551387e-05,1,2,2.286195e-07,7.515161e-06,5,1,0.8957977,2.520034e-07,4,8,6.801989e-06,6.108586e+09,0.007070151,1.458877,0.7294386,-84.52089,-111.8563,-171.7454,-179.0808,0.0391098
12,31,682,3.90786e-07,1,10,6.300081e-06,8.416578e-06,6,6.751464e-06,3.599742e-05,1,2,2.998571e-07,6.13318e-06,8,1,0.7810244,2.641531e-07,3,7,7.309062e-06,6.521263e+09,0.004228018,1.167774,0.5838872,-73.29547,-101.5645,-163.3207,-171.5898,0.07766198
12,32,683,4.271269e-07,2,7,5.978288e-06,7.529085e-06,8,7.800816e-06,3.671249e-05,1,2,3.120972e-07,6.719678e-06,5,1,0.8420843,2.888176e-07,1,5,7.557544e-06,6.891519e+09,0.003672778,1.252428,0.6262139,-90.93945,-115.6164,-182.0558,-186.7328,0.1233964
12,33,684,3.893265e-07,1,6,7.056348e-06,7.589624e-06,7,7.632244e-06,3.738374e-05,1,3,3.984639e-07,6.523215e-06,6,1,0.8604931,2.385557e-07,4,7,6.66846e-06,4.287149e+09,0.003497252,1.232018,0.6160088,-81.67172,-109.2322,-168.8778,-176.4383,0.0156429
12,34,685,3.556628e-07,1,5,6.844189e-06,8.175155e-06,3,7.000369e-06,3.851024e-05,1,2,2.797035e-07,6.715954e-06,7,3,0.995018,2.305161e-07,4,7,7.257795e-06,5.950053e+09,0.006068244,1.434085,0.7170423,-72.47991,-101.0657,-160.1397,-168.7255,0.02778127
12,35,686,4.282047e-07,1,7,6.575892e-06,7.012926e-06,7,7.333472e-06,3.332363e-05,1,2,3.614826e-07,5.594986e-06,6,1,0.8433991,2.531267e-07,2,9,7.210238e-06,7.087834e+09,0.003224203,1.000718,0.5003592,-77.83288,-105.1841,-169.7589,-177.1102,0.1519217
12,36,687,3.579053e-07,2,6,6.72541e-06,7.728617e-06,7,6.871284e-06,3.481842e-05,1,2,2.24381e-07,7.177783e-06,7,1,0.786264,2.331283e-07,3,5,7.544468e-06,6.735068e+09,0.005889336,1.473669,0.7368344,-79.65602,-107.5936,-168.5222,-176.4598,0.1027854
12,37,688,4.118601e-07,1,5,6.486501e-06,9.016844e-06,4,6.685697e-06,3e-05,1,4,2.279418e-07,5.584123e-06,5,1,0.8135652,2.197379e-07,2,5,7.20927e-06,5.057841e+09,0.00253598,1.437146,0.7185729,-76.99363,-105.0955,-167.0315,-175.1334,0.0
12,38,689,3.711209e-07,1,6,6.01543e-06,8.741313e-06,5,6.746656e-06,3.635234e-05,1,4,2.589432e-07,5.471404e-06,7,1,0.910741,2.410483e-07,5,7,7.423383e-06,3.247421e+09,0.00428469,1.502223,0.7511114,-82.08431,-110.1143,-165.9959,-174.0258,0.1137472
12,39,690,4.459237e-07,1,6,6.884395e-06,7.906242e-06,6,7.2047e-06,3.633414e-05,1,2,2.948973e-07,7.246705e-06,7,1,0.9374255,2.977195e-07,3,8,7.401991e-06,6.225105e+09,0.004433359,1.180197,0.5900983,-75.85261,-103.8956,-165.2682,-173.3112,0.04866825
12,40,691,3.604104e-07,2,6,6.057221e-06,7.566959e-06,7,7.434078e-06,3.627398e-05,1,3,3.470187e-07,6.375786e-06,6,1,0.9453464,2.755886e-07,4,5,6.927022e-06,4.49645e+09,0.004894559,1.490966,0.7454828,-90.64778,-116.2981,-176.808,-182.4584,0.006782682
12,41,692,4.022345e-07,1,6,6.38459e-06,8.347835e-06,5,7.190236e-06,4.001555e-05,1,3,3.479287e-07,6.529104e-06,9,2,0.8925798,2.466509e-07,3,8,6.995366e-06,4.057232e+09,0.004395947,1.428491,0.7142456,-76.12544,-104.5468,-161.8595,-170.2809,0.02958176
12,42,693,4.343461e-07,1,6,7.03609e-06,8.042199e-06,5,6.896673e-06,4.053353e-05,1,2,2.985046e-07,6.947032e-06,8,2,0.8712353,2.636708e-07,4,8,7.333483e-06,5.663302e+09,0.004247949,1.125633,0.5628164,-71.86849,-100.2751,-160.6481,-169.0547,0.01219949
12,43,694,3.909858e-07,2,6,5.698127e-06,7.444247e-06,6,7.184339e-06,4.395518e-05,1,3,2.087081e-07,6.34273e-06,7,2,0.8811463,2.425539e-07,3,7,6.353731e-06,4.080192e+09,0.007348975,1.813714,0.9068568,-90.04553,-116.1593,-173.5969,-179.7106,0.0717324
12,44,695,3.191577e-07,2,6,5.95146e-06,6.804594e-06,8,6.509113e-06,3.895994e-05,1,2,1.824528e-07,7.809886e-06,8,2,0.8497799,2.627382e-07,2,8,6.670958e-06,5.958701e+09,0.008237381,1.658807,0.8294034,-80.29257,-108.4014,-166.6377,-174.7466,0.03955806
12,45,696,4.069492e-07,1,6,6.420895e-06,8.193177e-06,3,6.55611e-06,4.090002e-05,1,4,1.822768e-07,6.345075e-06,6,1,0.8962057,3.48985e-07,2,9,7.470619e-06,3.8218e+09,0.004215672,1.70959,0.854795,-82.66939,-110.1804,-168.0661,-175.5771,0.06794152
12,46,697,4.004662e-07,1,6,6.068682e-06,7.640085e-06,6,6.917312e-06,3.859839e-05,1,3,2.401143e-07,6.283107e-06,5,1,0.8436237,3.413969e-07,4,7,6.862537e-06,4.442291e+09,0.003263011,1.205251,0.6026253,-73.1623,-101.5126,-160.9783,-169.3286,0.008725429
12,47,698,4.199649e-07,1,6,5.896654e-06,7.765398e-06,3,6.241012e-06,3.485231e-05,1,4,1.8e-07,5.86311e-06,6,1,0.8770474,2.691383e-07,3,8,7.046271e-06,4.123323e+09,0.003637614,1.577121,0.7885603,-76.72641,-104.9012,-163.4232,-171.598,0.02776738
12,48,699,3.145346e-07,2,5,6.914589e-06,7.922709e-06,5,6.326247e-06,4.108902e-05,1,4,1.806594e-07,6.688048e-06,6,1,0.7871865,1.8e-07,3,5,7.365078e-06,3.854948e+09,0.005835294,1.881017,0.9405087,-89.98645,-116.1361,-174.0462,-180.1958,0.1100085
12,49,700,4.067639e-07,2,6,5.940986e-06,7.803158e-06,3,6.507776e-06,3.680035e-05,1,3,2.064019e-07,5.831635e-06,8,1,0.8311291,2.435289e-07,3,8,7.490977e-06,4.980821e+09,0.005878038,1.730288,0.8651438,-84.89569,-111.852,-171.1494,-178.1057,0.02356994
13,0,701,4.226999e-07,1,5,6.454855e-06,7.59845e-06,5,6.486775e-06,3.64466e-05,1,3,2.022139e-07,6.266815e-06,6,1,0.7893875,2.405224e-07,4,7,7.59902e-06,4.998632e+09,0.002297939,1.050801,0.5254007,-70.5055,-98.89375,-160.8691,-169.2574,1.223781
13,1,702,4.233603e-07,1,6,6.838755e-06,7.673668e-06,6,6.998123e-06,3.894201e-05,1,2,3.466753e-07,6.240985e-06,6,2,0.9288562,3.145539e-07,1,9,7.124055e-06,6.719858e+09,0.004284537,1.39864,0.6993202,-81.02921,-108.6246,-171.2574,-178.8528,0.100882
13,2,703,3.893561e-07,1,9,5.175197e-06,7.08325e-06,4,7.163032e-06,4.723229e-05,1,3,2.682337e-07,6.377672e-06,9,2,0.8690517,3.027763e-07,3,10,6.93717e-06,3.704375e+09,0.005027613,1.561546,0.7807731,-76.34823,-104.7568,-160.7089,-169.1175,0.06122204
13,3,704,4.156931e-07,1,8,6.728248e-06,8.056047e-06,7,6.321544e-06,3.885237e-05,1,2,1.891567e-07,7.531618e-06,7,2,0.8981135,3.168721e-07,2,7,7.576897e-06,6.135376e+09,0.00605425,1.456817,0.7284086,-76.80997,-105.0579,-164.7462,-172.9941,0.04121502
13,4,705,3.583944e-07,1,5,6.968227e-06,8.271017e-06,8,6.886556e-06,3.518663e-05,1,3,2.681816e-07,6.521159e-06,9,2,0.896255,2.379141e-07,5,10,7.610157e-06,3.594439e+09,0.004598893,1.136313,0.5681563,-73.88147,-102.4948,-158.3676,-166.9809,0.07099083
13,5,706,3.462827e-07,1,9,6.334977e-06,6.613299e-06,6,7.358381e-06,4.597205e-05,1,1,2.681515e-07,7.246289e-06,10,3,0.9432703,3.070267e-07,3,10,6.926326e-06,7.569653e+09,0.00876124,1.149038,0.5745189,-71.24698,-99.85039,-159.4028,-168.0063,0.2568777
13,6,707,4.102573e-07,1,6,7.041535e-06,8.428697e-06,8,7.124419e-06,3.790303e-05,1,2,3.310246e-07,7.338174e-06,7,2,0.917772,3.01793e-07,3,6,7.161137e-06,5.608777e+09,0.004982163,1.193712,0.5968561,-75.94541,-104.3116,-163.9486,-172.3148,0.009952109
13,7,708,3.808515e-07,1,5,6.607656e-06,8.639861e-06,8,6.134939e-06,3.155281e-05,1,3,2.724723e-07,6.003873e-06,6,2,0.8658029,2.64814e-07,3,5,7.458332e-06,4.868491e+09,0.003567706,1.215028,0.6075139,-75.06754,-103.5277,-163.2915,-171.7517,4.134984e-05
13,8,709,4.45966e-07,1,5,6.56268e-06,8.265939e-06,4,6.743697e-06,3.12146e-05,1,4,2.361241e-07,6.280469e-06,6,1,0.8845915,2.320074e-07,3,8,7.069232e-06,4.164409e+09,0.003268982,1.42866,0.71433,-76.5387,-104.7271,-163.7856,-171.9741,0.02253622
13,9,710,3.724768e-07,1,6,6.476681e-06,7.142237e-06,6,6.425887e-06,3.412066e-05,1,3,2.342251e-07,5.740868e-06,9,2,0.8930629,1.860619e-07,4,8,6.782954e-06,4.505312e+09,0.00486888,1.434102,0.717051,-74.91375,-103.4413,-161.114,-169.6415,0.006488076
13,10,711,3.531372e-07,1,5,6.529416e-06,8.56265e-06,4,6.049677e-06,3.366387e-05,1,4,2.296491e-07,5.409557e-06,6,1,0.8737929,1.809113e-07,5,5,7.414644e-06,4.060678e+09,0.003710748,1.576348,0.7881738,-80.22285,-108.3124,-166.7002,-174.7898,0.03193097
13,11,712,4.156263e-07,1,8,6.048187e-06,6.384407e-06,5,6.568077e-06,4.416517e-05,1,2,2.711059e-07,6.652595e-06,8,1,0.8882273,2.828598e-07,4,7,7.067451e-06,5.964958e+09,0.004864304,1.391012,0.6955062,-75.046,-103.1973,-163.6879,-171.8392,0.02876404
13,12,713,3.708409e-07,1,5,6.524504e-06,8.793959e-06,7,5.950004e-06,3.144331e-05,1,4,3.1516e-07,5.760713e-06,5,1,0.9373941,2.95494e-07,3,7,7.767841e-06,3.709545e+09,0.003367479,1.323917,0.6619587,-84.45774,-111.7547,-170.5711,-177.8681,0.05902469
13,13,714,3.696791e-07,1,7,6.373934e-06,7.113003e-06,8,7.691994e-06,3.767256e-05,1,2,3.215926e-07,6.422818e-06,6,1,0.924352,3.314552e-07,4,7,6.45712e-06,5.809219e+09,0.004320954,1.094474,0.5472372,-79.75961,-107.2887,-168.6862,-176.2153,0.0193384
13,14,715,3.730529e-07,1,5,5.927167e-06,6.870507e-06,9,6.859908e-06,3.97789e-05,1,3,2.27809e-07,6.015582e-06,7,1,0.905188,3.364284e-07,2,9,6.97243e-06,4.325975e+09,0.003602076,1.325457,0.6627283,-76.49207,-104.9141,-163.6482,-172.0702,0.01372366
13,15,716,4.083313e-07,1,6,6.494822e-06,8.216555e-06,5,6.480022e-06,3.709144e-05,1,3,3.105131e-07,5.828009e-06,8,1,0.8390306,3.259672e-07,2,7,7.806626e-06,5.068339e+09,0.003313286,1.381736,0.6908678,-75.63214,-103.8214,-164.5269,-172.7161,0.0
13,16,717,4.008971e-07,1,6,6.192734e-06,7.670149e-06,6,6.669437e-06,3.26887e-05,1,3,1.996855e-07,5.667149e-06,7,1,0.8066093,2.183921e-07,4,8,6.728769e-06,4.96668e+09,0.002998839,1.126874,0.5634369,-72.08311,-100.5131,-161.2349,-169.6649,0.0
13,17,718,3.508394e-07,2,9,5.685896e-06,6.813219e-06,7,6.764657e-06,3.811778e-05,1,3,1.8e-07,7.161477e-06,8,3,0.8263919,2.686523e-07,2,7,6.514776e-06,4.170233e+09,0.009779652,1.863842,0.9319209,-90.74623,-116.429,-173.2462,-178.9289,0.08101669
13,18,719,3.980636e-07,1,7,6.191662e-06,7.370736e-06,5,6.755814e-06,3.889349e-05,1,3,3.494897e-07,6.656448e-06,6,2,0.9191819,3.148679e-07,2,6,7.267267e-06,4.819991e+09,0.004729952,1.658293,0.8291463,-86.03707,-112.8159,-172.9494,-179.7282,0.01140285
13,19,720,4.3493e-07,1,8,6.248821e-06,8.031402e-06,5,6.364262e-06,3.855503e-05,1,2,1.827949e-07,7.5373e-06,8,2,0.8797015,3.134554e-07,1,7,7.283067e-06,7.078642e+09,0.005016498,1.494864,0.7474318,-77.36086,-105.3887,-167.3559,-175.3837,0.15052
13,20,721,3.501198e-07,1,8,6.147402e-06,7.165072e-06,4,6.6247e-06,3.829489e-05,1,2,2.077861e-07,6.312332e-06,9,3,0.8584446,2.761039e-07,2,7,6.888489e-06,6.524715e+09,0.005624026,1.453118,0.7265591,-72.59183,-101.1073,-161.3826,-169.898,0.07803972
13,21,722,3.710039e-07,1,7,6.457912e-06,6.946604e-06,6,6.956427e-06,4.025362e-05,1,2,3.052891e-07,6.694245e-06,9,1,0.8620797,3.44389e-07,3,8,7.479046e-06,5.938956e+09,0.004562869,1.223524,0.6117618,-72.30808,-100.7273,-161.1899,-169.6091,0.02706066
13,22,723,4.315589e-07,1,5,6.143502e-06,7.899053e-06,7,5.948494e-06,3.185314e-05,1,4,2.944831e-07,5.8457e-06,5,4,0.8342642,3.097224e-07,3,5,7.340047e-06,3.763098e+09,0.002673623,1.153098,0.5765491,-74.6831,-103.051,-161.923,-170.291,0.05383362
13,23,724,3.937758e-07,1,7,6.633495e-06,7.177918e-06,6,6.719697e-06,3.423559e-05,1,3,3.154723e-07,5.997259e-06,6,1,0.8409138,2.732557e-07,3,9,6.552295e-06,4.805768e+09,0.003735709,1.317977,0.6589886,-78.52693,-106.3756,-166.4385,-174.2872,0.0003698315
13,24,725,3.689022e-07,1,5,6.512391e-06,7.744821e-06,7,5.970577e-06,3.347143e-05,1,2,1.8e-07,6.512479e-06,6,2,0.803778,2.859343e-07,2,5,7.165685e-06,7.643691e+09,0.002812573,1.031144,0.5155721,-72.13677,-100.5793,-165.3118,-173.7543,0.2487645
13,25,726,4.083051e-07,1,10,6.093194e-06,7.391829e-06,5,6.864314e-06,4.072806e-05,1,3,2.38258e-07,6.082918e-06,8,1,0.9099241,2.7035e-07,3,6,6.923457e-06,4.688944e+09,0.005898758,1.751375,0.8756876,-90.2397,-115.6403,-175.9536,-181.3542,0.02993948
13,26,727,4.004309e-07,2,10,6.582016e-06,8.052075e-06,7,6.641705e-06,3.482292e-05,1,3,2.769795e-07,7.213041e-06,6,2,0.8186957,3.098754e-07,4,6,7.21372e-06,4.124193e+09,0.009033294,1.760227,0.8801134,-93.11094,-118.0035,-175.8593,-180.7518,0.05516462
13,27,728,3.974044e-07,1,6,6.452831e-06,7.336829e-06,6,6.937926e-06,3.519233e-05,1,3,2.845574e-07,6.052026e-06,5,1,0.8371739,3.18777e-07,3,8,6.89033e-06,4.821955e+09,0.003189561,1.202944,0.601472,-74.66305,-102.8368,-163.2902,-171.464,0.0002536878
13,28,729,3.87874e-07,1,7,6.569894e-06,7.450311e-06,4,7.139535e-06,4.123708e-05,1,2,2.10895e-07,6.215219e-06,6,1,0.8175891,2.668345e-07,3,8,7.178154e-06,6.709835e+09,0.003881046,1.268477,0.6342387,-70.4876,-98.89206,-161.1323,-169.5368,1.327164
13,29,730,3.584639e-07,1,6,6.60167e-06,6.833644e-06,8,6.543108e-06,3.206993e-05,1,3,1.8e-07,7.656354e-06,5,1,0.7634327,2.61802e-07,4,5,7.292999e-06,5.16829e+09,0.00281319,1.111816,0.5559078,-71.97188,-100.4664,-161.7468,-170.2414,0.0001792977
13,30,731,3.856762e-07,1,6,6.473932e-06,7.867461e-06,5,6.144599e-06,3.857222e-05,1,2,2.322724e-07,7.267996e-06,9,2,0.8804265,2.685595e-07,5,7,6.945698e-06,5.796517e+09,0.004538804,1.14554,0.5727702,-70.49012,-99.10011,-159.1841,-167.794,0.8284552
13,31,732,4.079021e-07,1,10,6.562213e-06,7.582164e-06,6,6.900025e-06,4.275631e-05,1,2,2.979699e-07,7.494225e-06,9,1,0.9294674,3.187734e-07,2,8,7.603185e-06,5.933783e+09,0.006311129,1.572001,0.7860004,-87.0491,-113.2654,-174.5147,-180.7309,0.029032
13,32,733,4.165892e-07,1,6,7.288364e-06,7.920636e-06,8,7.106575e-06,3.83855e-05,1,2,2.89154e-07,7.001604e-06,7,1,0.8540001,2.727675e-07,4,8,7.061747e-06,5.638276e+09,0.004001867,1.003684,0.5018422,-73.90332,-102.1892,-162.9036,-171.1895,0.01113959
13,33,734,3.893265e-07,1,6,6.295049e-06,7.589624e-06,5,6.70085e-06,3.85029e-05,1,3,3.984639e-07,6.555136e-06,9,2,0.8252647,2.385557e-07,5,6,6.71028e-06,4.197933e+09,0.003424287,1.212278,0.6061389,-72.33301,-100.8305,-159.448,-167.9455,0.02052886
13,34,735,3.547081e-07,1,5,6.298571e-06,8.025201e-06,3,6.420394e-06,4.017054e-05,1,3,2.29521e-07,6.818335e-06,6,1,0.915021,3.052721e-07,3,8,7.777859e-06,4.713699e+09,0.004095776,1.5143,0.7571498,-74.90104,-103.2663,-162.2449,-170.6102,0.001536449
13,35,736,3.707343e-07,1,6,6.496465e-06,7.220931e-06,7,6.544038e-06,3.672811e-05,1,2,2.355601e-07,6.560838e-06,8,2,0.8849419,2.594725e-07,3,9,6.568793e-06,6.070397e+09,0.00472497,1.194542,0.5972712,-71.90331,-100.4474,-160.8237,-169.3677,0.0362042
13,36,737,3.63586e-07,1,6,6.236435e-06,7.316022e-06,5,7.183214e-06,4.2169e-05,1,2,1.8e-07,7.27073e-06,8,2,0.8164857,2.331283e-07,2,6,6.716396e-06,6.765031e+09,0.003494597,1.236847,0.6184233,-71.82021,-100.3039,-162.9916,-171.4753,0.1065871
13,37,738,3.73136e-07,1,5,6.486501e-06,7.940402e-06,4,6.685697e-06,3.527186e-05,1,3,1.804922e-07,5.584123e-06,7,2,0.8866878,2.172815e-07,3,5,6.583308e-06,5.50441e+09,0.003947984,1.5375,0.76875,-74.35647,-102.7669,-163.2069,-171.6174,0.00691286
13,38,739,3.711209e-07,1,5,6.116354e-06,7.186739e-06,5,6.1011e-06,3.635234e-05,1,4,2.589432e-07,5e-06,8,1,0.910741,1.864244e-07,4,7,6.820241e-06,3.786328e+09,0.003796926,1.591097,0.7955484,-81.67772,-109.6464,-167.4478,-175.4165,0.05534444
13,39,740,4.815273e-07,1,7,7.121014e-06,7.366645e-06,6,6.542796e-06,3.359449e-05,1,3,3.241243e-07,7.20739e-06,7,1,0.9136329,2.977195e-07,4,8,7.576004e-06,4.378945e+09,0.004524132,1.335395,0.6676976,-80.28932,-107.8923,-166.5614,-174.1643,0.01130771
13,40,741,3.724857e-07,1,7,5.74246e-06,7.140577e-06,7,7.471118e-06,4.024145e-05,1,2,3.470187e-07,6.631725e-06,8,2,0.9141509,2.755886e-07,3,5,7.203114e-06,5.839193e+09,0.005011838,1.336596,0.6682978,-75.51447,-103.9381,-163.8416,-172.2652,0.02100753
13,41,742,3.776432e-07,1,6,6.38459e-06,7.589987e-06,5,7.475746e-06,4.001555e-05,1,2,2.811225e-07,6.529104e-06,10,3,0.861916,2.560166e-07,2,9,6.995366e-06,5.734689e+09,0.004228398,1.140041,0.5700206,-72.14646,-100.6706,-161.0549,-169.579,0.01548751
13,42,743,4.343461e-07,2,6,6.00528e-06,8.042199e-06,5,7.513517e-06,3.907356e-05,1,3,2.610693e-07,6.947965e-06,7,1,0.900169,2.652507e-07,2,5,7.314145e-06,5.061699e+09,0.005543428,1.7568,0.8784002,-91.75324,-116.423,-178.4014,-183.0711,0.02930953
13,43,744,4.132533e-07,1,5,6.809243e-06,8.547749e-06,6,7.184339e-06,4.431147e-05,1,3,3.007658e-07,5.332144e-06,6,1,0.8622456,3.056223e-07,2,8,7.078559e-06,4.399798e+09,0.002964653,1.326698,0.6633488,-79.58031,-107.4981,-167.7292,-175.647,0.01042075
13,44,745,4.055418e-07,2,6,6.526404e-06,7.923372e-06,8,6.509113e-06,4.141025e-05,1,3,1.8e-07,7.809886e-06,7,4,0.7966768,2.627382e-07,1,8,7.364865e-06,3.85326e+09,0.005938583,1.625153,0.8125763,-82.71112,-110.5786,-166.6909,-174.5584,0.05259508
13,45,746,3.779285e-07,1,6,5.747734e-06,7.82541e-06,6,6.688371e-06,4.577116e-05,1,3,1.8e-07,5.289799e-06,7,2,0.8201456,3.0629e-07,3,8,7.085324e-06,4.084323e+09,0.003161349,1.258263,0.6291314,-72.69269,-101.2041,-159.9164,-168.4277,0.02771047
13,46,747,4.08661e-07,1,5,6.068682e-06,8.533117e-06,5,6.787242e-06,3.317497e-05,1,3,2.339618e-07,5.833175e-06,5,1,0.824372,3.413969e-07,3,6,6.862537e-06,5.456017e+09,0.002519954,1.104569,0.5522843,-71.62304,-99.96597,-162.3466,-170.6896,0.006031017
13,47,748,3.920268e-07,1,5,6.331202e-06,7.301786e-06,4,6.234719e-06,3.485231e-05,1,4,1.8e-07,6.209278e-06,6,1,0.8884776,2.17906e-07,3,7,6.868548e-06,4.233163e+09,0.003632608,1.617992,0.8089962,-78.5201,-106.6539,-165.4512,-173.585,0.02470793
13,48,749,3.413078e-07,2,6,6.914589e-06,7.536765e-06,6,6.489383e-06,3.899854e-05,1,3,1.806594e-07,6.681626e-06,7,1,0.7869032,1.863307e-07,3,6,7.601987e-06,4.732295e+09,0.006578724,1.794512,0.8972558,-88.45077,-114.9373,-173.7708,-180.2573,0.03972117
13,49,750,3.399153e-07,3,6,6.233656e-06,7.471009e-06,4,6.639432e-06,3.358083e-05,1,3,2.077799e-07,6.846894e-06,6,1,0.9249924,2.42347e-07,4,8,7.215267e-06,4.69618e+09,0.009217655,1.793437,0.8967187,-90.23588,-116.1551,-174.0246,-179.9438,0.03999931
14,0,751,3.814935e-07,1,5,6.13202e-06,7.859032e-06,7,6.480439e-06,3.460035e-05,1,3,2.455438e-07,6.266815e-06,7,2,0.8937211,2.557139e-07,3,6,7.135035e-06,4.696076e+09,0.003739203,1.299179,0.6495897,-74.46715,-102.9725,-162.1741,-170.6794,0.001731981
14,1,752,4.086355e-07,1,6,6.382343e-06,7.445804e-06,6,7.158799e-06,3.36911e-05,1,2,2.87382e-07,6.240985e-06,6,1,0.8755983,2.783862e-07,2,7,7.364702e-06,7.441906e+09,0.003519632,1.163424,0.581712,-75.28914,-103.3441,-167.2579,-175.3128,0.210862
14,2,753,3.808609e-07,1,5,6.196896e-06,7.525832e-06,6,6.783973e-06,4.723229e-05,1,3,2.011087e-07,6.75549e-06,8,1,0.9293539,3.025368e-07,4,9,6.701949e-06,3.686976e+09,0.004227624,1.412965,0.7064824,-75.05699,-103.5696,-160.1294,-168.642,0.06128392
14,3,754,4.161029e-07,3,5,7.199111e-06,7.60204e-06,7,6.522698e-06,3.766441e-05,1,2,2.717031e-07,5.542049e-06,7,3,0.8798853,2.75362e-07,3,7,6.84196e-06,5.675714e+09,0.009739542,1.695399,0.8476995,-89.2859,-115.2067,-174.4809,-180.4017,0.0297123
14,4,755,3.855365e-07,1,5,6.806933e-06,8.461395e-06,2,5.621097e-06,3.936348e-05,1,3,1.948124e-07,6.485429e-06,8,2,0.8873189,2.771754e-07,4,7,7.234841e-06,4.706021e+09,0.00409118,1.440231,0.7201155,-71.09105,-99.6936,-158.4256,-167.0282,0.0954496
14,5,756,4.52304e-07,1,6,6.970723e-06,7.695146e-06,7,6.209284e-06,3.901338e-05,1,2,3.081288e-07,6.310874e-06,7,1,0.9173946,3.523475e-07,4,8,7.624335e-06,5.698748e+09,0.00408936,1.049079,0.5245393,-74.62838,-102.6102,-163.6274,-171.6092,0.01378312
14,6,757,4.102573e-07,1,6,7.041535e-06,7.930908e-06,6,6.163393e-06,3.688803e-05,1,3,1.8e-07,6.835897e-06,7,1,0.9115608,3.042439e-07,3,7,7.040592e-06,4.664765e+09,0.004927764,1.55603,0.778015,-79.43123,-107.5005,-165.8813,-173.9506,0.003699961
14,7,758,3.905283e-07,1,6,6.607656e-06,7.299755e-06,6,6.6298e-06,3.467323e-05,1,2,2.931879e-07,7.033564e-06,6,1,0.8517178,3.082115e-07,4,6,7.007987e-06,6.856304e+09,0.003667286,1.077743,0.5388713,-71.30634,-99.64344,-162.3847,-170.7218,0.245726
14,8,759,4.012552e-07,1,7,5.874511e-06,7.416838e-06,4,6.875449e-06,4.150498e-05,1,3,2.519138e-07,6.513141e-06,7,2,0.9618995,2.767518e-07,3,9,6.803002e-06,4.194494e+09,0.005774341,1.671012,0.8355059,-81.90736,-109.8027,-166.7459,-174.6413,0.03372827
14,9,760,3.910294e-07,1,5,6.387508e-06,8.461663e-06,5,6.425887e-06,3.348702e-05,1,4,2.084764e-07,5.740868e-06,6,3,0.8486469,2.573626e-07,4,7,7.255119e-06,3.554539e+09,0.003258627,1.265632,0.6328159,-73.50464,-102.0081,-159.39,-167.8934,0.07539634
14,10,761,4.495123e-07,1,7,5.878615e-06,7.33141e-06,5,5.894584e-06,4.181685e-05,1,2,1.8e-07,6.422152e-06,8,2,0.8654672,3.222862e-07,5,8,7.369347e-06,5.592147e+09,0.003974879,1.075656,0.5378278,-70.7834,-99.18275,-159.7417,-168.1411,0.6772172
14,11,762,3.495622e-07,1,7,6.208173e-06,6.55943e-06,5,6.794407e-06,4.115407e-05,1,2,2.392865e-07,7.218149e-06,8,1,0.9244547,3.039643e-07,3,5,7.222198e-06,6.792744e+09,0.005475578,1.581262,0.7906308,-80.04999,-107.8226,-169.3066,-177.0792,0.1130995
14,12,763,3.411323e-07,1,6,5.805931e-06,7.548153e-06,7,6.584892e-06,3.283312e-05,1,4,1.8e-07,7.533516e-06,6,1,0.8064777,2.44555e-07,4,6,7.505523e-06,3.70494e+09,0.003237994,1.309057,0.6545286,-73.90883,-102.4726,-160.1817,-168.7455,0.05948221
14,13,764,3.311276e-07,1,5,5.715374e-06,7.276361e-06,6,6.541237e-06,3.874063e-05,1,3,1.8e-07,5.71276e-06,7,1,0.8540061,2.940696e-07,3,8,6.72516e-06,4.695748e+09,0.003326887,1.306001,0.6530007,-71.41546,-100.0181,-159.6292,-168.2318,0.001737555
14,14,765,3.364258e-07,1,5,5.961045e-06,6.870507e-06,6,6.33091e-06,4.050209e-05,1,3,2.27809e-07,6.389021e-06,7,1,0.8753803,3.319577e-07,2,6,7.337153e-06,5.055728e+09,0.003541989,1.518702,0.7593511,-76.16242,-104.5478,-164.7456,-173.131,0.0001554549
14,15,766,4.352491e-07,2,5,6.711689e-06,7.541329e-06,6,7.075416e-06,3.709144e-05,1,4,2.851541e-07,5.603788e-06,8,1,0.8396681,3.008993e-07,1,7,8.088057e-06,4.00391e+09,0.004321302,1.734088,0.8670442,-93.70254,-117.8388,-179.3961,-183.5323,0.05779783
14,16,767,3.732682e-07,1,6,6.42395e-06,7.670149e-06,6,6.374183e-06,3.688395e-05,1,2,1.8e-07,5.992622e-06,7,2,0.8140631,2.183921e-07,5,8,7.004105e-06,6.088949e+09,0.003506289,0.9958432,0.4979216,-70.23778,-98.77529,-160.4802,-169.0177,1.537524
14,17,768,3.79534e-07,1,6,6.147386e-06,7.254371e-06,5,6.686593e-06,3.692694e-05,1,4,2.118017e-07,5.34041e-06,7,3,0.8627164,2.238907e-07,3,7,7.215862e-06,3.504012e+09,0.004063175,1.542233,0.7711166,-76.27381,-104.7097,-161.0765,-169.5123,0.08195823
14,18,769,4.036403e-07,1,10,6.191662e-06,8.174258e-06,5,6.997784e-06,3.961841e-05,1,2,3.350106e-07,7.773308e-06,7,2,0.911633,2.82901e-07,3,7,7.641968e-06,5.707898e+09,0.006811458,1.522853,0.7614267,-80.59947,-108.4603,-167.3966,-175.2574,0.01443973
14,19,770,4.158664e-07,1,7,7.128074e-06,7.214149e-06,5,7.40704e-06,3.692107e-05,1,2,3.25902e-07,7.507368e-06,7,1,0.8920503,3.046606e-07,3,8,6.873177e-06,6.461392e+09,0.00463553,1.27977,0.6398851,-76.88561,-104.7514,-166.4311,-174.297,0.07125672
14,20,771,3.530824e-07,1,7,6.282433e-06,8.072557e-06,4,6.650696e-06,3.987355e-05,1,3,2.068533e-07,7.019353e-06,7,3,0.8820336,2.833398e-07,2,7,7.101775e-06,4.500347e+09,0.005466845,1.662023,0.8310115,-78.30897,-106.587,-163.9965,-172.2745,0.01831966
14,21,772,3.609572e-07,1,5,6.793238e-06,8.767023e-06,7,7.033965e-06,3.694056e-05,1,2,3.263103e-07,7.079026e-06,7,3,0.8879797,2.940519e-07,3,7,7.210866e-06,5.571924e+09,0.004262432,1.027349,0.5136746,-72.78882,-101.3535,-161.4123,-169.977,0.008562548
14,22,773,3.739175e-07,1,7,6.376461e-06,8.532403e-06,4,6.696334e-06,3.856054e-05,1,2,2.150298e-07,6.855674e-06,6,3,0.8551541,2.959016e-07,3,7,6.538717e-06,6.399282e+09,0.004780569,1.303627,0.6518134,-71.32653,-99.84166,-160.6544,-169.1695,0.08997624
14,23,774,3.697624e-07,1,7,6.410851e-06,6.745113e-06,5,6.471004e-06,3.556745e-05,1,3,2.682893e-07,5.776269e-06,7,1,0.870551,2.795198e-07,3,8,6.847492e-06,4.94266e+09,0.004420848,1.520983,0.7604916,-80.43333,-108.2078,-167.8575,-175.632,0.0001956878
14,24,775,3.343309e-07,1,7,6.380869e-06,7.744821e-06,4,7.147904e-06,3.417283e-05,1,3,2.462532e-07,6.335781e-06,7,2,0.8419042,2.205986e-07,1,5,6.665157e-06,5.951214e+09,0.00460699,1.738966,0.8694829,-85.98469,-112.5633,-174.8426,-181.4213,0.05323701
14,25,776,3.668863e-07,1,6,5.72037e-06,7.358297e-06,6,6.683971e-06,4.072806e-05,1,3,2.376958e-07,6.541263e-06,7,1,0.9099241,2.577495e-07,3,7,7.125675e-06,4.490377e+09,0.004256637,1.533788,0.7668939,-79.46947,-107.6433,-166.2245,-174.3983,0.007495754
14,26,777,4.182199e-07,1,8,6.763219e-06,7.214712e-06,8,7.307748e-06,3.495502e-05,1,3,3.377176e-07,6.198722e-06,6,2,0.8072482,3.098754e-07,4,6,6.529125e-06,4.318179e+09,0.004065012,1.266322,0.6331609,-75.93216,-104.2234,-162.5476,-170.8388,0.01409893
14,27,778,3.953532e-07,1,6,6.006618e-06,7.983344e-06,6,6.899682e-06,3.519233e-05,1,3,2.845574e-07,6.735514e-06,6,1,0.8529147,2.700621e-07,3,7,7.085738e-06,4.825708e+09,0.003380215,1.273851,0.6369255,-74.87128,-103.197,-163.2531,-171.5788,0.0002298742
14,28,779,3.87874e-07,1,6,6.658019e-06,8.309542e-06,6,6.834902e-06,3.475237e-05,1,3,2.758535e-07,6.124227e-06,7,1,0.8255437,2.732332e-07,3,7,7.444069e-06,4.772614e+09,0.003456741,1.254736,0.627368,-74.17495,-102.5578,-162.3634,-170.7462,0.0006758514
14,29,780,3.95655e-07,1,6,6.426432e-06,6.792199e-06,7,6.393017e-06,3.104301e-05,1,4,1.8e-07,7.656354e-06,6,1,0.7932047,2.082803e-07,3,6,7.292999e-06,4.171793e+09,0.002960127,1.332719,0.6663596,-75.22536,-103.5958,-162.9187,-171.2892,0.02208602
14,30,781,3.856762e-07,1,5,6.481769e-06,7.450363e-06,7,7.153172e-06,3.778594e-05,1,3,3.793247e-07,6.41914e-06,7,1,0.8883105,3.001136e-07,4,8,6.802589e-06,4.161127e+09,0.00335952,1.152566,0.5762831,-75.19721,-103.4876,-162.3187,-170.609,0.02273776
14,31,782,4.205314e-07,1,9,6.897347e-06,7.137748e-06,4,6.330009e-06,4.275631e-05,1,3,2.979699e-07,7.393241e-06,7,1,0.8314537,3.318593e-07,4,8,7.530596e-06,4.007201e+09,0.004844654,1.517558,0.758779,-79.84762,-107.6512,-165.0518,-172.8554,0.0333353
14,32,783,4.094763e-07,1,5,6.630787e-06,8.028736e-06,6,7.106575e-06,3.645222e-05,1,3,1.81693e-07,6.831931e-06,6,1,0.8572839,2.727675e-07,4,7,7.118907e-06,4.561827e+09,0.003296951,1.201544,0.600772,-73.1547,-101.5938,-161.1563,-169.5954,0.00476305
14,33,784,3.893265e-07,1,8,6.192259e-06,6.633673e-06,7,7.564987e-06,3.738374e-05,1,2,3.984639e-07,6.523215e-06,6,1,0.8912793,2.385557e-07,3,10,6.907598e-06,6.063028e+09,0.00395422,1.063349,0.5316747,-80.37193,-107.3749,-170.0551,-177.058,0.0356564
14,34,785,4.082359e-07,1,6,5.873715e-06,7.475365e-06,3,6.420394e-06,3.856765e-05,1,4,2.204916e-07,6.381022e-06,7,2,0.9804678,3.114969e-07,4,10,6.978239e-06,3.074142e+09,0.00534287,1.618163,0.8090816,-79.11734,-107.456,-161.5941,-169.9327,0.1450542
14,35,786,4.245356e-07,1,6,6.870462e-06,8.275308e-06,8,6.841268e-06,3.740545e-05,1,2,3.920803e-07,7.279586e-06,6,3,0.8866507,3.35885e-07,2,7,7.470157e-06,5.658424e+09,0.004309034,1.078315,0.5391574,-75.42753,-103.7759,-164.1376,-172.486,0.01198911
14,36,787,3.516316e-07,1,6,6.044036e-06,7.389751e-06,7,7.462526e-06,3.743211e-05,1,2,2.744154e-07,6.439053e-06,9,2,0.786264,2.213241e-07,2,7,7.544468e-06,6.361731e+09,0.002996272,0.9655746,0.4827873,-72.38167,-100.8963,-163.6874,-172.202,0.06120587
14,37,788,3.993431e-07,1,5,6.486501e-06,8.254344e-06,4,6.685697e-06,3e-05,1,4,2.279418e-07,6.056591e-06,6,1,0.8135652,1.875375e-07,3,6,7.222129e-06,4.642408e+09,0.002692032,1.369874,0.6849368,-74.13389,-102.4939,-163.168,-171.528,0.002763577
14,38,789,3.711209e-07,1,5,6.022977e-06,7.727309e-06,5,6.49408e-06,3.62355e-05,1,3,2.29987e-07,5e-06,8,1,0.8753636,2.079123e-07,3,8,6.839005e-06,5.043678e+09,0.003408476,1.375557,0.6877783,-73.72194,-102.1851,-162.4513,-170.9145,0.0
14,39,790,3.826796e-07,1,6,6.884395e-06,7.652893e-06,5,6.75796e-06,3.811926e-05,1,3,1.896766e-07,6.604033e-06,7,1,0.903081,2.627307e-07,2,8,6.703321e-06,5.095075e+09,0.00485529,1.670306,0.8351531,-83.18076,-110.6443,-170.4616,-177.9251,0.01289077
14,40,791,4.023156e-07,1,6,6.142741e-06,6.953982e-06,7,7.01896e-06,3.335854e-05,1,4,2.506619e-07,6.631725e-06,5,1,0.8331988,2.814579e-07,2,6,7.324261e-06,4.109822e+09,0.003091878,1.45452,0.7272598,-80.65277,-108.6102,-168.027,-175.9844,0.02600506
14,41,792,3.843231e-07,2,6,6.946421e-06,7.589987e-06,6,7.475746e-06,3.845949e-05,1,3,2.811225e-07,6.784414e-06,8,1,0.861916,2.014963e-07,3,8,7.358918e-06,4.284087e+09,0.006826787,1.714156,0.8570782,-91.86376,-117.2709,-176.1588,-181.5659,0.03618315
14,42,793,3.858359e-07,1,7,6.584077e-06,7.681957e-06,5,6.737118e-06,4.024185e-05,1,2,2.915881e-07,7.010228e-06,9,3,0.9085264,2.606498e-07,3,9,6.673873e-06,5.364176e+09,0.005894889,1.315621,0.6578104,-73.41661,-101.8737,-160.3019,-168.7591,0.00268315
14,43,794,4.360207e-07,1,7,5.954191e-06,8.552086e-06,4,6.773944e-06,4.911424e-05,1,2,2.416347e-07,5.385834e-06,9,2,0.9414034,3.403336e-07,3,10,7.0804e-06,5.188806e+09,0.005247443,1.361336,0.680668,-73.51888,-101.913,-160.6208,-169.0149,0.0003032118
14,44,795,3.713794e-07,1,7,6.201044e-06,7.107015e-06,8,6.823668e-06,3.715178e-05,1,3,2.910061e-07,6.513909e-06,6,4,0.7966768,3.012493e-07,1,7,6.778675e-06,4.429002e+09,0.003536499,1.273517,0.6367583,-74.09443,-100.5751,-161.5348,-168.0155,0.009239446
14,45,796,4.252406e-07,1,8,5.915002e-06,8.440072e-06,7,6.648124e-06,4.132947e-05,1,2,2.41385e-07,6.408693e-06,9,2,0.9291402,2.843636e-07,3,8,7.315537e-06,5.362597e+09,0.005858233,1.333141,0.6665707,-75.65818,-104.0383,-162.568,-170.9482,0.002651177
14,46,797,3.845147e-07,1,5,6.578154e-06,8.684942e-06,7,6.688848e-06,3.453357e-05,1,2,2.263102e-07,6.008625e-06,7,1,0.8571361,2.546883e-07,4,7,7.005727e-06,6.415066e+09,0.003392861,0.9514872,0.4757436,-72.09639,-100.541,-162.9347,-171.3794,0.0664898
14,47,798,3.920268e-07,1,5,6.211288e-06,7.953838e-06,5,6.560333e-06,3.485231e-05,1,4,1.8e-07,6.209278e-06,7,1,0.831428,2.49788e-07,2,6,6.868548e-06,4.369861e+09,0.002857335,1.475213,0.7376064,-75.9302,-104.2482,-164.1799,-172.4979,0.01170541
14,48,799,3.726342e-07,2,7,6.332898e-06,6.508905e-06,5,6.10697e-06,3.537919e-05,1,4,1.8e-07,5.59463e-06,8,1,0.8224011,1.8e-07,4,7,7.053807e-06,3.774587e+09,0.007500762,1.879448,0.9397239,-89.87404,-116.2114,-172.6604,-178.9977,0.1167425
14,49,800,3.6398e-07,2,6,6.487147e-06,8.056782e-06,6,6.632399e-06,3.358083e-05,1,2,3.505745e-07,6.363154e-06,8,2,0.8952239,2.690206e-07,3,8,7.381983e-06,5.952591e+09,0.007942963,1.523655,0.7618276,-83.87951,-111.1828,-170.3738,-177.677,0.02819607
15,0,801,4.002547e-07,1,6,6.551942e-06,7.519713e-06,4,7.148855e-06,3.914012e-05,1,3,2.022139e-07,5.577986e-06,8,1,0.8407603,2.496659e-07,3,8,7.135035e-06,4.826484e+09,0.003672727,1.43754,0.7187699,-73.76395,-102.1432,-161.7867,-170.1659,0.0002250959
15,1,802,4.233603e-07,1,5,6.838755e-06,7.351089e-06,4,6.628252e-06,3.93354e-05,1,3,2.265422e-07,6.306829e-06,6,1,0.9288562,2.910368e-07,1,8,7.647639e-06,5.857649e+09,0.003675343,1.672785,0.8363924,-85.58396,-111.8951,-175.2854,-181.5966,0.03533835
15,2,803,4.320073e-07,1,9,5.873941e-06,7.180525e-06,6,7.124895e-06,4.830165e-05,1,1,2.286218e-07,7.024635e-06,9,1,0.9260083,3.873077e-07,3,10,7.465212e-06,8.368734e+09,0.005911444,1.001085,0.5005425,-71.4993,-99.77934,-162.2356,-170.5156,0.4594794
15,3,804,4.161029e-07,3,5,6.979822e-06,7.674096e-06,7,6.418643e-06,3.766441e-05,1,3,2.601132e-07,5.959679e-06,5,3,0.8592183,2.368009e-07,2,6,6.84196e-06,4.612312e+09,0.008229234,1.846622,0.9233112,-92.57287,-117.3459,-176.6976,-181.4707,0.05684581
15,4,805,4.003649e-07,1,6,6.806933e-06,7.790616e-06,5,5.847546e-06,3.844269e-05,1,3,3.676868e-07,6.663189e-06,8,3,0.9484184,2.507648e-07,3,8,7.305727e-06,3.945236e+09,0.005642234,1.562659,0.7813297,-79.32939,-107.6425,-163.7363,-172.0494,0.03971141
15,5,806,3.918222e-07,1,7,6.652823e-06,7.801981e-06,7,6.851704e-06,3.554574e-05,1,3,3.081288e-07,6.251699e-06,7,4,0.8632154,2.377684e-07,3,8,6.831155e-06,3.975997e+09,0.004970508,1.351835,0.6759176,-76.1593,-104.618,-161.1842,-169.6429,0.03555941
15,6,807,4.102573e-07,1,6,6.212302e-06,7.379373e-06,7,6.593149e-06,3.688803e-05,1,3,1.8e-07,6.835897e-06,7,1,0.8844813,3.702768e-07,3,8,7.53452e-06,4.371035e+09,0.004050253,1.302932,0.6514661,-74.02321,-102.3973,-160.7601,-169.1342,0.01165363
15,7,808,3.536131e-07,1,5,6.718712e-06,8.639861e-06,4,6.079055e-06,3e-05,1,3,2.058241e-07,5.183801e-06,5,1,0.7776501,1.8e-07,3,5,7.152557e-06,6.561734e+09,0.002559872,1.275697,0.6378486,-70.87425,-99.33691,-163.1324,-171.5951,0.5218303
15,8,809,4.012913e-07,1,7,5.667339e-06,7.334976e-06,4,5.886344e-06,3.700003e-05,1,3,1.860068e-07,6.64424e-06,7,2,0.9618995,2.827993e-07,2,9,7.398464e-06,4.951074e+09,0.005713942,1.688512,0.844256,-79.63693,-107.5894,-165.9616,-173.914,0.01579412
15,9,810,3.757319e-07,1,6,6.150108e-06,7.16666e-06,4,6.32244e-06,3.784613e-05,1,3,2.486831e-07,5.740868e-06,9,1,0.9375433,2.45504e-07,4,8,6.782954e-06,4.592402e+09,0.004888648,1.573243,0.7866214,-79.11869,-107.2156,-165.4676,-173.5646,0.00632493
15,10,811,4.495123e-07,1,6,6.846689e-06,8.077198e-06,5,6.392731e-06,3.241783e-05,1,3,2.36963e-07,6.898106e-06,7,1,0.8539632,3.276113e-07,4,8,7.092349e-06,4.781003e+09,0.003644422,1.192794,0.5963969,-72.36341,-100.6807,-160.3375,-168.6548,0.0005897635
15,11,812,3.42546e-07,1,5,6.654239e-06,7.531911e-06,4,6.741847e-06,3.804624e-05,1,3,2.353792e-07,6.128218e-06,6,1,0.8882273,2.850833e-07,3,7,7.048103e-06,5.028608e+09,0.003955063,1.52231,0.7611551,-76.60163,-104.8448,-164.6591,-172.9022,0.0002212192
15,12,813,3.801654e-07,1,6,6.824827e-06,7.474717e-06,8,7.191088e-06,3.697775e-05,1,2,2.978606e-07,7.127997e-06,7,1,0.9373941,2.369238e-07,3,9,6.911402e-06,5.856633e+09,0.004884664,1.211165,0.6055823,-77.86952,-105.9825,-166.3341,-174.4471,0.02201049
15,13,814,3.481549e-07,1,6,5.915821e-06,7.276361e-06,6,6.114656e-06,3.874063e-05,1,4,1.8e-07,6.366378e-06,6,1,0.75,2.910294e-07,3,5,7.203055e-06,3.981898e+09,0.002387709,1.322637,0.6613183,-72.60762,-101.1183,-160.8296,-169.3403,0.03510664
15,14,815,2.995165e-07,1,6,5.961045e-06,6.870507e-06,5,6.078901e-06,3.954156e-05,1,2,1.8e-07,6.326344e-06,7,2,0.8773709,3.319577e-07,2,8,6.601252e-06,6.963053e+09,0.004947856,1.451103,0.7255514,-70.09725,-98.75381,-160.0091,-168.6656,1.686443
15,15,816,4.076367e-07,1,6,6.709271e-06,7.727473e-06,6,6.889975e-06,3.869427e-05,1,3,2.770156e-07,6.33594e-06,8,1,0.8390306,3.259672e-07,3,6,6.969924e-06,4.626832e+09,0.003540855,1.358247,0.6791235,-75.40751,-103.7357,-163.2221,-171.5503,0.003107901
15,16,817,4.00322e-07,1,7,6.870602e-06,7.670149e-06,7,7.251723e-06,3.531942e-05,1,3,1.996855e-07,5.667149e-06,6,1,0.8066093,2.642631e-07,4,7,6.868855e-06,4.509802e+09,0.003773023,1.258325,0.6291626,-74.92774,-103.276,-162.244,-170.5922,0.006341279
15,17,818,3.508394e-07,2,9,6.833091e-06,7.289691e-06,6,7.806165e-06,4.3966e-05,1,3,2.2753e-07,7.005709e-06,9,3,0.8538946,2.118058e-07,3,8,7.144004e-06,3.43903e+09,0.01310891,1.932413,0.9662066,-94.9772,-120.1747,-174.5303,-179.7278,0.2686539
15,18,819,3.672069e-07,1,6,6.274229e-06,7.474299e-06,5,6.755814e-06,3.936957e-05,1,3,2.925457e-07,6.360069e-06,7,1,0.8405333,2.689978e-07,3,6,7.022101e-06,4.880815e+09,0.003555116,1.464718,0.7323588,-76.32662,-104.515,-164.5879,-172.7763,1.532985e-05
15,19,820,3.718392e-07,1,8,6.29572e-06,8.625786e-06,6,6.536147e-06,3.986944e-05,1,3,2.293709e-07,7.001838e-06,9,2,0.8541175,2.883909e-07,1,6,7.24616e-06,4.589398e+09,0.005118805,1.676301,0.8381504,-86.22325,-113.348,-172.3667,-179.4914,0.01783226
15,20,821,3.604817e-07,1,8,6.493507e-06,6.813357e-06,6,6.461558e-06,3e-05,1,2,2.834156e-07,7.280797e-06,9,2,0.8160459,2.43304e-07,3,5,6.958169e-06,7.211227e+09,0.004779658,1.23541,0.6177048,-71.32924,-99.82026,-161.6955,-170.1865,0.2036742
15,21,822,3.326858e-07,1,5,7.001725e-06,8.767023e-06,7,6.697747e-06,3e-05,1,3,3.263103e-07,7.083897e-06,5,1,0.8879797,2.940519e-07,3,5,7.196469e-06,5.151403e+09,0.003549303,1.250959,0.6254796,-80.94918,-108.7589,-169.6863,-177.496,0.0001015866
15,22,823,3.878702e-07,1,6,6.143502e-06,8.036067e-06,5,6.696334e-06,3.161459e-05,1,4,1.87076e-07,6.636366e-06,6,1,0.818877,3.084812e-07,2,5,7.193714e-06,4.57654e+09,0.003157689,1.514863,0.7574314,-77.12678,-105.3417,-165.3438,-173.5588,0.004455803
15,23,824,3.518018e-07,1,6,6.410851e-06,6.745113e-06,5,6.64812e-06,3.715777e-05,1,3,2.682893e-07,5.776269e-06,7,1,0.870551,2.354548e-07,4,8,6.543109e-06,4.672984e+09,0.004185666,1.463889,0.7319444,-76.81411,-105.0891,-163.9883,-172.2633,0.002146451
15,24,825,3.303152e-07,1,6,5.838472e-06,7.744821e-06,6,6.354275e-06,3.754984e-05,1,3,1.8e-07,6.22813e-06,8,4,0.7790954,2.808335e-07,2,5,6.811855e-06,4.621614e+09,0.002963762,1.160047,0.5800233,-72.35083,-100.925,-160.9283,-169.5024,0.00322776
15,25,826,3.490725e-07,1,6,6.076221e-06,7.094304e-06,6,6.907803e-06,3.919869e-05,1,3,2.102414e-07,6.196376e-06,9,1,0.8279092,2.317505e-07,2,7,7.410151e-06,4.937626e+09,0.003622476,1.474937,0.7374685,-75.22145,-103.6729,-163.5018,-171.9532,0.0
15,26,827,4.300865e-07,1,8,6.079674e-06,7.209421e-06,5,6.632123e-06,3.841687e-05,1,3,2.012336e-07,5.800182e-06,5,2,0.8034453,2.695729e-07,3,8,7.357345e-06,4.708665e+09,0.003625804,1.359664,0.6798322,-73.48326,-101.81,-161.3472,-169.6739,0.001524738
15,27,828,3.953532e-07,1,6,5.919385e-06,8.213672e-06,4,6.899682e-06,3.599901e-05,1,3,2.47118e-07,5.245067e-06,6,1,0.8718689,2.399145e-07,3,7,6.772323e-06,5.287145e+09,0.003483769,1.442951,0.7214753,-77.35045,-105.394,-166.3944,-174.4379,0.001346527
15,28,829,4.163554e-07,1,7,6.658019e-06,8.309542e-06,6,6.649959e-06,4.167284e-05,1,2,2.758535e-07,6.164997e-06,9,1,0.8471639,2.472666e-07,3,9,6.940965e-06,5.891032e+09,0.004202566,1.196695,0.5983474,-73.36227,-101.6949,-162.5309,-170.8635,0.02405733
15,29,830,3.671298e-07,1,5,6.60167e-06,6.833644e-06,7,5.599105e-06,3.206993e-05,1,3,1.8e-07,6.506925e-06,6,2,0.8130571,2.61802e-07,3,5,7.292999e-06,5.492937e+09,0.003010231,1.223441,0.6117203,-71.64518,-100.1518,-161.6553,-170.1619,0.005936155
15,30,831,3.353151e-07,1,6,6.461697e-06,7.676978e-06,8,7.153172e-06,3.847463e-05,1,3,3.793247e-07,6.251146e-06,7,1,0.8211142,3.07188e-07,4,6,6.93783e-06,4.16217e+09,0.003412112,1.187637,0.5938187,-75.67457,-104.0609,-162.7307,-171.117,0.02267359
15,31,832,3.559054e-07,1,8,7.222812e-06,8.416578e-06,8,7.211641e-06,3.719887e-05,1,2,3.315812e-07,7.331383e-06,7,1,0.8858015,2.76225e-07,4,7,6.755194e-06,5.570899e+09,0.005388179,1.220987,0.6104936,-81.50986,-109.1273,-169.1139,-176.7314,0.008525406
15,32,833,3.394721e-07,1,5,6.681977e-06,8.028736e-06,6,6.337198e-06,3e-05,1,4,1.940393e-07,6.831931e-06,6,1,0.8088839,1.885553e-07,3,6,7.118907e-06,4.282488e+09,0.003142744,1.391222,0.6956108,-74.95261,-103.4561,-162.6134,-171.1169,0.01588177
15,33,834,4.147058e-07,1,6,6.318599e-06,7.589624e-06,6,6.834622e-06,3.455785e-05,1,4,2.470491e-07,6.418651e-06,7,1,0.8141254,2.322448e-07,3,6,6.66846e-06,3.934581e+09,0.003026849,1.412375,0.7061873,-77.05345,-105.3195,-164.1415,-172.4076,0.03881853
15,34,835,3.354006e-07,1,5,5.469584e-06,7.531478e-06,3,6.420394e-06,3.843899e-05,1,3,2.29521e-07,5.994751e-06,7,1,0.8665212,3.052721e-07,2,8,7.426632e-06,5.578294e+09,0.003223905,1.481636,0.7408181,-70.89284,-99.46759,-160.739,-169.3138,0.2922555
15,35,836,3.839557e-07,1,8,5.769893e-06,7.24714e-06,7,6.727889e-06,4.543894e-05,1,2,2.435329e-07,6.295597e-06,7,2,0.8849419,3.136298e-07,3,8,7.301359e-06,5.362104e+09,0.00527129,1.341155,0.6705776,-73.86971,-102.3404,-161.2373,-169.708,0.002641242
15,36,837,4.319148e-07,1,6,5.986861e-06,6.954254e-06,7,7.305337e-06,4.081157e-05,1,2,2.744154e-07,6.563276e-06,9,2,0.786264,3.099833e-07,3,8,7.064963e-06,5.872668e+09,0.00248491,0.8391362,0.4195681,-73.54667,-101.8772,-164.9703,-173.3008,0.02295332
15,37,838,4.151788e-07,1,6,6.662517e-06,7.510848e-06,5,6.741862e-06,3.234085e-05,1,3,2.279418e-07,5.843922e-06,5,1,0.8601634,2.453748e-07,3,8,6.977598e-06,5.289903e+09,0.003627736,1.3488,0.6743999,-75.88821,-104.0028,-164.7608,-172.8754,0.001386518
15,38,839,3.712994e-07,1,6,5.251668e-06,7.261895e-06,3,5.984699e-06,3.62355e-05,1,4,1.8e-07,5e-06,8,1,0.8537795,2.039459e-07,3,8,6.917691e-06,4.22923e+09,0.003339736,1.588116,0.794058,-74.89922,-103.2885,-162.1873,-170.5766,0.02219022
15,39,840,4.459237e-07,1,7,5.994629e-06,7.35224e-06,5,6.388052e-06,4.237592e-05,1,2,3.364946e-07,7.221529e-06,7,1,0.9374255,3.568852e-07,4,8,7.1871e-06,5.716225e+09,0.004287611,1.183695,0.5918476,-75.318,-103.2292,-164.138,-172.0493,0.01459953
15,40,841,4.023156e-07,1,5,6.089878e-06,7.641187e-06,7,6.42421e-06,3e-05,1,4,2.207343e-07,5.534045e-06,5,1,0.7981379,2.326199e-07,3,5,7.115858e-06,4.372892e+09,0.002304407,1.165302,0.582651,-75.00648,-103.3384,-164.1963,-172.5281,0.01157195
15,41,842,3.392102e-07,1,6,6.574337e-06,7.134582e-06,6,6.888054e-06,3.871146e-05,1,2,1.8e-07,6.890639e-06,8,3,0.8175346,1.8e-07,3,7,6.954769e-06,6.111479e+09,0.003983511,1.127672,0.5638361,-71.5486,-100.1202,-161.2689,-169.8405,0.03933451
15,42,843,3.820686e-07,1,6,6.584077e-06,7.327272e-06,4,5.885824e-06,3.632389e-05,1,3,2.182439e-07,6.085016e-06,7,1,0.9138401,2.606498e-07,3,9,6.821446e-06,4.946386e+09,0.00475299,1.586855,0.7934273,-79.20725,-107.1849,-166.3233,-174.301,0.003352762
15,43,844,4.328728e-07,1,8,6.090671e-06,8.552086e-06,6,6.8069e-06,4.973699e-05,1,2,2.416347e-07,6.740862e-06,9,1,0.9414034,3.403336e-07,3,10,7.435755e-06,4.858938e+09,0.005668834,1.379525,0.6897623,-77.84413,-105.9783,-164.04,-172.1742,7.022437e-05
15,44,845,3.508926e-07,1,5,6.200833e-06,8.217194e-06,7,6.192159e-06,3.34748e-05,1,3,1.8e-07,6.114558e-06,7,3,0.7966768,2.310831e-07,3,5,6.778675e-06,4.893744e+09,0.002738608,1.072997,0.5364984,-73.03945,-101.5608,-162.457,-170.9783,1.630306e-06
15,45,846,4.10199e-07,1,6,6.107467e-06,7.548888e-06,5,6.55611e-06,4.77868e-05,1,3,1.8e-07,6.846678e-06,7,1,0.9104018,3.166213e-07,3,7,7.241835e-06,4.177196e+09,0.004331107,1.583896,0.7919482,-78.53468,-106.7014,-164.5864,-172.7531,0.02488778
15,46,847,4.435084e-07,1,6,6.555194e-06,8.543852e-06,6,7.136232e-06,3.425357e-05,1,3,2.729321e-07,6.859896e-06,5,1,0.80655,3.30798e-07,1,6,6.862537e-06,5.595863e+09,0.002594007,1.272763,0.6363815,-80.22206,-108.0027,-171.0397,-178.8204,0.0094533
15,47,848,4.292458e-07,1,5,5.932524e-06,7.921796e-06,3,6.57031e-06,3.485231e-05,1,3,1.8e-07,5.115443e-06,7,2,0.8613508,2.629174e-07,2,8,7.067556e-06,5.869199e+09,0.002916537,1.337433,0.6687167,-71.12612,-99.50727,-161.849,-170.2302,0.2655306
15,48,849,3.418939e-07,1,6,6.471918e-06,7.806789e-06,6,6.424506e-06,3.949552e-05,1,2,1.8e-07,6.681626e-06,9,2,0.8335543,1.825842e-07,4,7,6.926811e-06,6.059385e+09,0.004175581,1.169125,0.5845625,-71.18333,-99.77471,-160.6247,-169.2161,0.08614345
15,49,850,4.225906e-07,2,7,7.166352e-06,7.992276e-06,6,6.964527e-06,3.385208e-05,1,3,2.599985e-07,6.120765e-06,7,1,0.9109858,2.618748e-07,3,7,7.425564e-06,4.67719e+09,0.006758486,1.666356,0.8331782,-91.37798,-116.7463,-176.4792,-181.8475,0.01436739
16,0,851,3.930598e-07,1,6,6.275545e-06,8.001127e-06,5,6.827044e-06,3.590988e-05,1,3,2.022139e-07,6.853132e-06,5,1,0.790874,2.782735e-07,2,6,7.313518e-06,5.609239e+09,0.002796506,1.326179,0.6630893,-73.61217,-101.9563,-164.1241,-172.4682,0.009970194
16,1,852,3.941361e-07,2,5,6.838755e-06,7.034541e-06,7,7.568859e-06,3.567157e-05,1,3,2.231791e-07,6.317663e-06,7,1,0.8399015,2.783862e-07,3,9,7.45017e-06,4.23502e+09,0.005797658,1.541519,0.7707594,-83.97802,-111.546,-168.8826,-176.4506,0.0191834
16,2,853,3.968104e-07,1,6,5.976014e-06,7.708534e-06,7,6.287719e-06,4.232091e-05,1,3,1.883375e-07,6.454626e-06,7,1,0.8648122,3.622465e-07,3,8,7.749046e-06,4.079252e+09,0.003718694,1.301685,0.6508424,-73.82261,-102.2819,-160.3303,-168.7896,0.02805609
16,3,854,3.648324e-07,3,6,7.199111e-06,7.859443e-06,7,6.433797e-06,3.435175e-05,1,3,2.717031e-07,5.542049e-06,6,1,0.9454975,2.253565e-07,3,8,6.927284e-06,4.638415e+09,0.006395216,1.605603,0.8028014,-90.20502,-116.4283,-175.4739,-181.6971,0.007806344
16,4,855,4.091953e-07,1,6,6.806933e-06,7.666868e-06,6,6.584795e-06,3.584723e-05,1,3,2.151415e-07,5.655262e-06,5,4,0.8248315,2.638442e-07,3,7,7.577846e-06,4.552292e+09,0.003588689,1.240528,0.6202638,-73.5391,-101.962,-161.1543,-169.5773,0.005035429
16,5,856,3.651582e-07,1,6,5.950673e-06,7.771267e-06,5,6.477881e-06,3.564871e-05,1,3,2.01594e-07,6.564702e-06,7,4,0.8171183,2.788669e-07,2,9,6.926326e-06,4.61516e+09,0.003358734,1.190932,0.5954661,-72.10819,-100.6397,-160.1302,-168.6616,0.003379175
16,6,857,4.110375e-07,1,7,7.041535e-06,7.273045e-06,6,6.163393e-06,3.773656e-05,1,3,2.064229e-07,6.584199e-06,7,1,0.8950665,2.992599e-07,3,8,7.040592e-06,4.530227e+09,0.00520807,1.588754,0.7943769,-81.89476,-109.6306,-167.8504,-175.5862,0.009195782
16,7,858,3.550817e-07,1,5,6.607656e-06,8.639861e-06,8,6.134939e-06,3.452191e-05,1,2,2.724723e-07,6.580794e-06,6,1,0.8658029,2.015137e-07,4,7,7.021336e-06,6.353584e+09,0.003630835,0.9783888,0.4891944,-72.77654,-101.225,-163.2368,-171.6853,0.06041805
16,8,859,4.435557e-07,1,8,5.84352e-06,6.534438e-06,5,5.886344e-06,4.010427e-05,1,3,2.345008e-07,6.024625e-06,7,2,0.8874253,3.004127e-07,2,9,7.315384e-06,4.712142e+09,0.004773606,1.620347,0.8101735,-78.80364,-106.7852,-165.4795,-173.4611,0.007906907
16,9,860,3.842315e-07,1,6,5.723201e-06,7.331165e-06,4,6.32244e-06,3.898536e-05,1,2,1.8e-07,6.246418e-06,10,2,0.7954192,2.751055e-07,5,8,6.782954e-06,6.20995e+09,0.002788636,0.9296695,0.4648347,-68.83742,-97.36396,-160.2453,-168.7718,6.996053
16,10,861,4.04947e-07,1,6,6.846689e-06,7.138026e-06,5,6.392731e-06,3.316799e-05,1,3,1.8e-07,6.898106e-06,6,1,0.8539632,3.108065e-07,4,8,7.333539e-06,4.791187e+09,0.004020423,1.292858,0.6464288,-71.87801,-100.3185,-159.4442,-167.8847,0.0004931366
16,11,862,3.42546e-07,1,6,6.413387e-06,7.531911e-06,6,6.01605e-06,3.804624e-05,1,3,2.689921e-07,5.723258e-06,7,2,0.8647688,2.676232e-07,2,6,7.048103e-06,4.950678e+09,0.004408474,1.614535,0.8072673,-79.28964,-107.4796,-166.7401,-174.93,0.005830302
16,12,863,4.015918e-07,1,5,6.752676e-06,7.749947e-06,8,6.138325e-06,3.414174e-05,1,3,2.978606e-07,6.550892e-06,7,1,0.8696937,2.431514e-07,3,9,7.16066e-06,4.539241e+09,0.003426953,1.170341,0.5851706,-74.54088,-102.9193,-162.3315,-170.7099,0.005420548
16,13,864,3.224935e-07,1,5,6.370423e-06,8.044591e-06,5,7.44547e-06,3.698988e-05,1,2,1.8e-07,6.34257e-06,9,1,0.8310216,2.497358e-07,3,8,6.72516e-06,6.748229e+09,0.003497936,1.11009,0.5550451,-69.22626,-97.86449,-160.3719,-169.0102,4.664842
16,14,865,4.050927e-07,1,6,6.70008e-06,6.870507e-06,5,6.548489e-06,3.516378e-05,1,3,2.124519e-07,6.389021e-06,6,1,0.8741938,3.319577e-07,4,8,7.337153e-06,4.587217e+09,0.004110932,1.32288,0.6614401,-72.95549,-101.3245,-160.0471,-168.4161,0.004074684
16,15,866,4.155508e-07,1,6,5.231182e-06,8.216555e-06,4,6.132121e-06,4.227775e-05,1,3,1.8e-07,5.828009e-06,8,1,0.823272,3.181997e-07,3,8,7.806626e-06,4.654754e+09,0.002667351,1.199927,0.5999633,-70.47951,-98.91961,-159.5766,-168.0167,1.16974
16,16,867,4.024818e-07,1,7,5.862843e-06,7.670149e-06,6,6.677005e-06,3.719113e-05,1,2,2.558599e-07,5.667149e-06,9,2,0.7852355,2.675728e-07,3,8,6.94073e-06,6.412753e+09,0.002992879,0.9604954,0.4802477,-71.16928,-99.59455,-162.5493,-170.9745,0.2306478
16,17,868,4.252502e-07,1,8,6.627223e-06,6.9063e-06,4,7.440436e-06,4.08478e-05,1,3,3.193785e-07,7.249286e-06,8,1,0.9574301,3.08534e-07,2,10,7.133763e-06,4.569777e+09,0.00537335,1.687333,0.8436666,-88.97895,-114.5689,-174.8744,-180.4644,0.02013898
16,18,869,3.812753e-07,1,5,6.274229e-06,7.474299e-06,6,6.755814e-06,4.139619e-05,1,2,2.46845e-07,6.564965e-06,8,2,0.7671493,2.942361e-07,3,6,6.877297e-06,6.441266e+09,0.002191166,0.8744544,0.4372272,-71.22246,-99.6888,-163.9951,-172.4615,0.1660134
16,19,870,3.797263e-07,1,6,6.560058e-06,7.91086e-06,6,6.189912e-06,3.692107e-05,1,4,2.438102e-07,6.076036e-06,7,1,0.8920503,3.046606e-07,3,7,7.283067e-06,3.530826e+09,0.004311163,1.608399,0.8041993,-84.22379,-111.867,-168.8354,-176.4786,0.08329967
16,20,871,3.546722e-07,1,7,6.282433e-06,7.231898e-06,6,6.639772e-06,3.987355e-05,1,3,2.834156e-07,6.608008e-06,9,2,0.8406983,2.588527e-07,3,9,7.003233e-06,4.028751e+09,0.0046188,1.428345,0.7141726,-74.29168,-102.8166,-159.7498,-168.2747,0.03161492
16,21,872,3.559176e-07,1,6,6.72292e-06,7.271835e-06,8,6.248502e-06,3e-05,1,2,2.930677e-07,7.163532e-06,7,1,0.8927343,2.897007e-07,4,9,7.130954e-06,6.339386e+09,0.004665326,1.015715,0.5078576,-71.74013,-100.1707,-161.0923,-169.5228,0.05905723
16,22,873,3.896826e-07,1,6,6.541862e-06,8.036067e-06,7,6.696334e-06,3.37729e-05,1,4,2.656344e-07,6.616008e-06,6,1,0.8545636,2.777587e-07,3,8,7.330699e-06,3.490633e+09,0.003741018,1.407422,0.7037109,-79.04735,-107.2785,-164.1755,-172.4067,0.08272861
16,23,874,3.607866e-07,1,7,6.451608e-06,6.612498e-06,5,6.303349e-06,3.556745e-05,1,3,2.682893e-07,6.326215e-06,8,1,0.862337,2.795198e-07,3,8,7.180648e-06,4.839364e+09,0.004672303,1.540875,0.7704373,-78.1547,-106.2913,-165.1552,-173.2918,0.0008956823
16,24,875,3.733602e-07,1,7,6.739706e-06,7.528594e-06,6,7.035892e-06,3.754984e-05,1,3,2.92641e-07,7.067072e-06,6,2,0.8207378,2.886752e-07,3,6,7.04262e-06,4.510921e+09,0.004239156,1.447227,0.7236135,-75.50419,-103.9193,-162.3167,-170.7318,0.006304963
16,25,876,4.22114e-07,1,6,6.098346e-06,7.094304e-06,6,6.875553e-06,4.325983e-05,1,2,2.054249e-07,6.724341e-06,9,1,0.8884744,2.960483e-07,2,9,7.296076e-06,6.304726e+09,0.003951442,1.272321,0.6361606,-73.04114,-101.4225,-163.0669,-171.4483,0.05580026
16,26,877,4.024455e-07,1,6,6.651233e-06,7.209421e-06,4,6.585119e-06,3.083449e-05,1,4,2.465581e-07,5.800182e-06,5,2,0.8034453,2.044861e-07,3,6,7.159051e-06,4.496079e+09,0.003153797,1.478373,0.7391866,-74.49795,-102.8268,-162.5663,-170.8951,0.006795172
16,27,878,3.542123e-07,1,5,6.344806e-06,8.590336e-06,5,7.129406e-06,3.519233e-05,1,4,2.071957e-07,6.8149e-06,6,1,0.8529147,2.700621e-07,3,7,7.085738e-06,3.742929e+09,0.003438207,1.454148,0.7270739,-75.74526,-104.2243,-161.8462,-170.3252,0.05576063
16,28,879,3.87874e-07,1,7,6.407245e-06,7.379949e-06,7,7.104241e-06,3.814435e-05,1,3,2.578591e-07,7.131289e-06,8,2,0.8255437,3.277397e-07,3,7,7.391845e-06,4.128148e+09,0.004085278,1.291819,0.6459096,-74.40378,-102.8715,-160.6067,-169.0744,0.02481282
16,29,880,3.584639e-07,1,6,6.60167e-06,6.979964e-06,7,6.272867e-06,3.413775e-05,1,3,1.8e-07,6.479452e-06,6,1,0.8805389,2.34777e-07,3,5,6.893589e-06,5.294177e+09,0.004560795,1.59183,0.7959148,-81.23831,-109.1467,-169.1239,-177.0322,0.005197476
16,30,881,4.043386e-07,1,5,7.668216e-06,7.406771e-06,7,6.561439e-06,3.418334e-05,1,3,2.790467e-07,5.812654e-06,7,2,0.9388957,3.07188e-07,4,8,6.945698e-06,4.210288e+09,0.005008157,1.376397,0.6881987,-75.89937,-104.3132,-161.3888,-169.8026,0.01981267
16,31,882,3.559054e-07,1,6,7.060244e-06,7.599538e-06,4,7.185309e-06,4.275631e-05,1,3,3.327657e-07,7.120343e-06,6,1,0.8872179,2.91955e-07,2,7,7.249322e-06,4.941891e+09,0.00401514,1.632167,0.8160834,-86.78156,-113.0407,-174.6224,-180.8816,0.007763586
16,32,883,3.659693e-07,1,5,6.718708e-06,7.426136e-06,6,7.106575e-06,3.991811e-05,1,2,2.22479e-07,6.193321e-06,6,1,0.8882499,2.535928e-07,4,8,7.04275e-06,6.062371e+09,0.003953689,1.128488,0.5642439,-71.03885,-99.53674,-160.7217,-169.2196,0.250216
16,33,884,3.833312e-07,1,6,7.056348e-06,7.204506e-06,7,7.132574e-06,3.828763e-05,1,3,3.417075e-07,6.523215e-06,6,1,0.9154714,2.73716e-07,4,7,6.66846e-06,4.261893e+09,0.004084602,1.372423,0.6862116,-84.43377,-111.6145,-170.9143,-178.0951,0.01695878
16,34,885,3.547081e-07,1,6,6.699266e-06,8.025201e-06,4,6.420394e-06,3.852983e-05,1,2,2.29521e-07,6.641712e-06,7,1,0.8911469,3.052721e-07,4,9,7.474588e-06,6.032252e+09,0.004848134,1.225045,0.6125227,-69.94292,-98.47169,-158.6968,-167.2255,2.369146
16,35,886,4.517737e-07,1,7,6.627859e-06,6.772801e-06,6,6.469041e-06,3.234049e-05,1,4,3.008697e-07,5.936642e-06,6,1,0.8849419,2.989856e-07,2,8,7.323664e-06,4.133896e+09,0.003691933,1.549701,0.7748503,-87.3119,-113.5472,-173.9666,-180.2019,0.02554244
16,36,887,3.559357e-07,1,5,5.986861e-06,7.786398e-06,6,7.129188e-06,3.381024e-05,1,3,2.744154e-07,6.563276e-06,9,1,0.8050613,2.762637e-07,3,8,7.198892e-06,4.8275e+09,0.002660998,1.042776,0.5213878,-71.02485,-99.5763,-160.4489,-169.0003,0.1797383
16,37,888,3.879849e-07,1,6,6.486501e-06,8.616859e-06,5,6.865178e-06,3.473923e-05,1,3,2.279418e-07,5.897894e-06,6,1,0.8135652,2.197379e-07,2,5,7.018656e-06,5.735925e+09,0.003178234,1.45444,0.72722,-77.84788,-105.9599,-167.9981,-176.1101,0.0155479
16,38,889,3.711209e-07,1,6,5.831282e-06,7.419826e-06,5,6.355646e-06,3.980673e-05,1,2,2.319444e-07,5e-06,9,2,0.8753636,2.407211e-07,3,9,6.573521e-06,6.361515e+09,0.004089818,1.224037,0.6120185,-70.34877,-98.89981,-160.3029,-168.854,1.271594
16,39,890,4.290966e-07,1,5,6.820089e-06,8.070902e-06,6,6.914676e-06,3.066872e-05,1,3,2.626176e-07,6.060325e-06,7,1,0.8207901,2.748873e-07,4,6,7.738878e-06,5.11572e+09,0.002744742,1.023072,0.5115359,-72.35016,-100.6876,-162.1433,-170.4807,9.500668e-06
16,40,891,4.023156e-07,1,9,5.74246e-06,7.678665e-06,6,7.717615e-06,3.951471e-05,1,2,3.29676e-07,7.021909e-06,5,2,0.8733699,2.612698e-07,2,7,7.205206e-06,6.337249e+09,0.004867631,1.404863,0.7024313,-79.33209,-107.2458,-168.4969,-176.4106,0.05885369
16,41,892,3.776432e-07,1,5,6.38459e-06,7.589987e-06,5,7.475746e-06,3.528145e-05,1,3,2.811225e-07,6.939471e-06,10,2,0.8356611,2.796525e-07,2,9,6.995366e-06,4.666235e+09,0.003154054,1.17417,0.5870851,-72.26365,-100.7827,-160.6543,-169.1733,0.002275973
16,42,893,3.858359e-07,1,7,7.031083e-06,7.729322e-06,5,6.798278e-06,4.024185e-05,1,3,2.866645e-07,7.010228e-06,7,3,0.9085264,2.139633e-07,3,6,7.243564e-06,4.121684e+09,0.006176021,1.704814,0.8524069,-84.08962,-111.8418,-168.484,-176.2362,0.04387399
16,43,894,4.351462e-07,2,7,6.090671e-06,8.552086e-06,7,6.8069e-06,3.998976e-05,1,3,2.498902e-07,6.386237e-06,7,1,0.9330815,2.99946e-07,2,10,7.457278e-06,4.120016e+09,0.006593684,1.67859,0.8392952,-92.8886,-117.9585,-176.9953,-182.0652,0.03951374
16,44,895,4.092457e-07,1,6,6.200833e-06,7.93471e-06,6,6.741927e-06,3.615532e-05,1,2,2.900761e-07,6.114558e-06,7,2,0.8588621,2.830575e-07,2,5,7.236839e-06,7.057858e+09,0.003628303,1.195233,0.5976163,-73.54871,-101.9059,-164.9251,-173.2823,0.1473745
16,45,896,4.157373e-07,2,7,6.794228e-06,8.224943e-06,6,6.575158e-06,3.703519e-05,1,3,2.192028e-07,6.846678e-06,9,1,0.9104018,2.383562e-07,4,9,7.241835e-06,3.944353e+09,0.009187419,1.760738,0.8803688,-92.0397,-117.6707,-174.3273,-179.9583,0.0682519
16,46,897,4.266672e-07,1,5,6.983269e-06,8.109735e-06,6,7.250082e-06,3.401607e-05,1,3,3.436918e-07,6.571101e-06,5,1,0.8380288,2.621131e-07,4,6,6.862537e-06,4.89115e+09,0.002775289,1.081465,0.5407327,-74.74163,-102.8637,-164.0968,-172.2188,3.261792e-06
16,47,898,3.578857e-07,1,5,6.211288e-06,7.207219e-06,6,6.720317e-06,3e-05,1,3,2.74493e-07,6.209278e-06,5,1,0.8355491,2.38655e-07,3,5,6.739564e-06,5.894548e+09,0.002902388,1.24431,0.6221551,-73.67726,-102.0551,-164.4587,-172.8365,0.0242717
16,48,899,3.413078e-07,1,7,6.143981e-06,7.536765e-06,3,6.155286e-06,3.679369e-05,1,4,1.8e-07,6.681626e-06,8,1,0.8084588,1.863307e-07,3,7,7.05544e-06,4.166492e+09,0.004023699,1.715555,0.8577773,-77.87073,-106.0959,-164.2199,-172.4451,0.04305928
16,49,900,4.343335e-07,1,8,7.166352e-06,7.992276e-06,6,6.862274e-06,4.304554e-05,1,2,2.321937e-07,6.120765e-06,8,1,0.9077792,3.410871e-07,3,8,7.603015e-06,5.588485e+09,0.005626515,1.397128,0.6985639,-79.54235,-107.3288,-166.9858,-174.7723,0.00917406
17,0,901,3.814935e-07,1,7,6.859646e-06,7.519713e-06,6,6.581536e-06,3.590988e-05,1,2,2.022139e-07,5.972379e-06,8,1,0.8915281,2.824168e-07,4,9,7.368767e-06,5.951311e+09,0.005496583,1.244354,0.6221769,-72.30195,-100.7489,-160.3933,-168.8402,0.02786356
17,1,902,4.546818e-07,1,6,6.143546e-06,7.523732e-06,7,7.251839e-06,4.496768e-05,1,3,3.103845e-07,5.991704e-06,8,1,0.9733221,3.53803e-07,2,10,7.28411e-06,3.936475e+09,0.004050001,1.455598,0.7277989,-84.91303,-112.1391,-170.7406,-177.9667,0.03866644
17,2,903,3.932525e-07,1,6,5.976014e-06,7.802567e-06,5,6.581594e-06,3.956888e-05,1,3,1.8e-07,7.192686e-06,9,1,0.8474413,2.68572e-07,3,7,6.978397e-06,4.703092e+09,0.003564785,1.377265,0.6886323,-73.40345,-101.853,-161.3308,-169.7803,0.001614866
17,3,904,4.22052e-07,2,8,7.199111e-06,7.859443e-06,7,6.359518e-06,4.0849e-05,1,2,1.983851e-07,6.387187e-06,6,2,0.895318,2.896554e-07,4,9,7.162566e-06,5.067805e+09,0.01090884,1.680189,0.8400945,-88.32224,-114.7862,-172.0409,-178.5048,0.02269023
17,4,905,3.905498e-07,1,6,6.516214e-06,7.736457e-06,7,6.631328e-06,3.753638e-05,1,2,3.676868e-07,5.815078e-06,8,4,0.8797685,2.507648e-07,4,7,6.909449e-06,5.381803e+09,0.004476913,1.041049,0.5205246,-72.54941,-101.0609,-160.6582,-169.1697,0.00305318
17,5,906,4.130462e-07,1,6,6.634568e-06,8.084065e-06,6,7.288608e-06,3.855432e-05,1,3,3.689577e-07,6.170308e-06,7,2,0.9134377,2.996483e-07,4,8,6.926326e-06,3.898024e+09,0.004585257,1.359018,0.679509,-76.73593,-105.0825,-161.9392,-170.2857,0.04181409
17,6,907,4.102573e-07,1,5,6.363088e-06,7.989839e-06,7,6.046221e-06,3.24368e-05,1,4,1.8e-07,6.835897e-06,6,1,0.8052085,2.630917e-07,3,7,7.157105e-06,3.930701e+09,0.002517155,1.175114,0.5875572,-74.03381,-102.447,-161.9141,-170.3273,0.03913121
17,7,908,3.904051e-07,1,6,6.377406e-06,7.491502e-06,6,6.134939e-06,3.155281e-05,1,4,1.904428e-07,6.178617e-06,6,2,0.8016092,2.598563e-07,3,7,7.221993e-06,3.962597e+09,0.003123145,1.304615,0.6523076,-73.53925,-101.9857,-160.5529,-168.9994,0.03659825
17,8,909,3.88634e-07,1,6,5.84352e-06,7.295677e-06,2,5.828148e-06,4.010427e-05,1,4,1.8e-07,6.024625e-06,7,2,0.8874253,2.773493e-07,2,8,7.682382e-06,4.052685e+09,0.00412519,1.726528,0.8632638,-77.28698,-105.4283,-163.2874,-171.4287,0.05270837
17,9,910,3.757319e-07,1,7,6.113517e-06,7.201298e-06,5,6.32244e-06,3.811601e-05,1,3,2.486831e-07,5.789964e-06,9,2,0.9375433,2.597782e-07,3,8,6.782954e-06,4.389475e+09,0.005964956,1.670281,0.8351404,-81.16169,-109.2096,-166.2539,-174.3018,0.02374222
17,10,911,4.04947e-07,1,7,6.900699e-06,7.519325e-06,5,6.184149e-06,3.228004e-05,1,4,2.605212e-07,6.435759e-06,5,1,0.9023917,3.108065e-07,3,7,7.362168e-06,3.96083e+09,0.004307102,1.586089,0.7930447,-87.47479,-113.8821,-173.0887,-179.496,0.04003034
17,11,912,3.42546e-07,2,5,6.778239e-06,7.625946e-06,6,6.415591e-06,3.340087e-05,1,4,2.041247e-07,6.128218e-06,5,1,0.8808595,2.521573e-07,3,6,7.244973e-06,3.941949e+09,0.005928147,1.766367,0.8831834,-91.90389,-117.313,-176.0889,-181.498,0.06976223
17,12,913,4.015918e-07,1,5,6.96047e-06,8.433262e-06,6,5.249288e-06,3.414174e-05,1,3,2.978606e-07,6.021909e-06,8,2,0.8696937,2.431514e-07,3,8,7.574347e-06,4.658155e+09,0.003720317,1.268899,0.6344496,-72.98532,-101.4565,-160.6438,-169.115,0.00243603
17,13,914,3.311276e-07,1,5,6.378928e-06,8.148765e-06,5,6.541237e-06,3.273082e-05,1,3,2.207057e-07,5.794731e-06,6,1,0.8540061,2.410173e-07,3,7,6.72516e-06,5.378727e+09,0.003568984,1.375021,0.6875106,-73.01703,-101.5376,-162.1052,-170.6258,0.002986884
17,14,915,4.141476e-07,1,6,5.961045e-06,7.521146e-06,6,6.823606e-06,3.813826e-05,1,3,2.776311e-07,7.458852e-06,6,1,0.8641372,3.463097e-07,1,6,7.469465e-06,5.372661e+09,0.003124164,1.493613,0.7468064,-83.60241,-110.9293,-173.2589,-180.5857,0.002858282
17,15,916,4.083313e-07,1,6,6.73524e-06,8.216555e-06,5,6.447081e-06,3.613126e-05,1,3,2.405632e-07,5.742215e-06,8,1,0.8244381,2.904761e-07,3,7,7.608298e-06,4.881728e+09,0.003415442,1.304206,0.6521031,-73.02645,-101.4005,-161.4635,-169.8375,1.390532e-05
17,16,917,3.986826e-07,1,5,5.970656e-06,7.655546e-06,6,6.342982e-06,3.378603e-05,1,4,2.025641e-07,5.784999e-06,7,1,0.7823499,2.725318e-07,3,6,6.728769e-06,4.156373e+09,0.002147476,1.163424,0.5817122,-72.91721,-101.3315,-161.9722,-170.3865,0.02303131
17,17,918,3.641341e-07,1,9,5.860579e-06,7.734321e-06,5,7.443684e-06,4.393177e-05,1,2,2.421288e-07,7.112686e-06,9,2,0.8582345,3.072849e-07,3,8,7.171036e-06,5.421197e+09,0.005774758,1.383959,0.6919793,-73.11421,-101.6438,-160.1808,-168.7103,0.003966454
17,18,919,3.672069e-07,1,6,6.32977e-06,7.019786e-06,6,6.755814e-06,3.914511e-05,1,3,2.957964e-07,6.590389e-06,7,1,0.8405333,2.689978e-07,4,6,6.572552e-06,4.60023e+09,0.003626718,1.391074,0.6955372,-75.08331,-103.4675,-162.7438,-171.128,0.003742699
17,19,920,4.598713e-07,1,7,6.768643e-06,8.554316e-06,5,6.854456e-06,3.436669e-05,1,3,3.06207e-07,6.240457e-06,8,1,0.8405187,2.767216e-07,1,8,7.462341e-06,5.537564e+09,0.003509218,1.502109,0.7510544,-83.45234,-110.6075,-172.8666,-180.0218,0.00736308
17,20,921,3.546722e-07,1,6,6.58272e-06,7.445069e-06,3,5.644754e-06,3.728743e-05,1,3,1.8e-07,6.359447e-06,9,2,0.8343443,2.588527e-07,4,9,7.034257e-06,4.508909e+09,0.004124758,1.338292,0.6691461,-70.33375,-98.92005,-157.2612,-165.8475,1.172671
17,21,922,3.236965e-07,2,6,6.805726e-06,7.630441e-06,6,6.57651e-06,3e-05,1,3,1.8e-07,7.081107e-06,6,1,0.8298805,2.940519e-07,4,6,7.042749e-06,4.964088e+09,0.00749654,1.690578,0.845289,-86.67712,-113.6272,-171.8453,-178.7954,0.01614222
17,22,923,3.312394e-07,2,5,6.921181e-06,8.036067e-06,5,6.175945e-06,3.161459e-05,1,4,1.9814e-07,5.472034e-06,6,1,0.838652,1.8e-07,3,5,6.892456e-06,4.501817e+09,0.0060001,1.83195,0.9159752,-90.30126,-115.928,-175.5874,-181.2142,0.05557732
17,23,924,3.817938e-07,1,6,6.142681e-06,7.575721e-06,3,6.601933e-06,3.994139e-05,1,3,2.682893e-07,5.330349e-06,8,1,0.870551,2.741954e-07,2,8,6.865321e-06,5.474767e+09,0.003726065,1.623283,0.8116417,-79.51862,-107.2293,-168.5734,-176.2841,0.01215487
17,24,925,3.57436e-07,1,6,5.913084e-06,7.744821e-06,5,6.190138e-06,3.754984e-05,1,3,1.8e-07,6.583711e-06,8,2,0.8342489,2.798651e-07,3,5,6.936899e-06,4.966175e+09,0.003636068,1.391897,0.6959484,-72.29246,-100.8193,-160.6066,-169.1334,0.0
17,25,926,3.471868e-07,1,5,6.715636e-06,7.626015e-06,5,6.814391e-06,3e-05,1,4,2.601623e-07,5.826082e-06,9,1,0.8279092,2.317505e-07,2,6,7.360568e-06,4.518998e+09,0.003301963,1.513936,0.756968,-76.50645,-104.8827,-164.4196,-172.7958,0.006132237
17,26,927,3.901551e-07,1,6,6.077265e-06,8.236232e-06,5,6.385679e-06,3.571766e-05,1,3,1.8e-07,6.273343e-06,5,3,0.8034453,2.384475e-07,3,8,7.184661e-06,4.811819e+09,0.003025467,1.174012,0.5870061,-71.9144,-100.3882,-160.7527,-169.2264,0.0003238594
17,27,928,3.655178e-07,1,6,6.006618e-06,7.983344e-06,6,6.414559e-06,3.612414e-05,1,2,2.845574e-07,7.181916e-06,7,1,0.8513552,2.700621e-07,3,7,6.876042e-06,6.790628e+09,0.003662575,1.120759,0.5603797,-71.11614,-99.59054,-162.1165,-170.5909,0.2775455
17,28,929,3.820524e-07,1,7,6.658019e-06,7.888372e-06,4,6.834902e-06,3.7079e-05,1,2,2.758535e-07,6.48789e-06,9,1,0.8255437,2.732332e-07,2,8,7.26174e-06,7.325943e+09,0.0040871,1.338901,0.6694506,-71.65453,-100.0317,-162.8376,-171.2148,0.1904969
17,29,930,3.548812e-07,1,6,5.870637e-06,6.84215e-06,6,6.543108e-06,3.556955e-05,1,3,1.8e-07,7.656354e-06,5,1,0.813067,2.61802e-07,4,6,6.778301e-06,5.055786e+09,0.003237159,1.286875,0.6434374,-71.48977,-100.026,-160.4639,-169.0002,0.0
17,30,931,3.83996e-07,1,6,7.060081e-06,7.727376e-06,7,7.208658e-06,3.778594e-05,1,3,3.430752e-07,6.993997e-06,6,1,0.9388957,2.613508e-07,4,7,6.616386e-06,4.215609e+09,0.004337327,1.397466,0.6987331,-85.83518,-112.8353,-171.9602,-178.9603,0.01950814
17,31,932,3.587029e-07,1,6,6.800966e-06,8.633365e-06,6,7.185309e-06,3.301014e-05,1,2,2.650114e-07,7.869243e-06,8,1,0.8475805,2.91955e-07,3,8,7.788989e-06,6.39153e+09,0.004249384,1.059367,0.5296836,-71.34622,-99.90839,-161.1751,-169.7372,0.07252288
17,32,933,3.354746e-07,1,5,6.937902e-06,7.846063e-06,6,6.672363e-06,3e-05,1,3,1.81693e-07,6.831931e-06,5,1,0.816862,2.40956e-07,3,5,6.991939e-06,5.744638e+09,0.003359343,1.315951,0.6579753,-73.08434,-101.6031,-163.007,-171.5258,0.01597687
17,33,934,3.878244e-07,1,7,6.705624e-06,7.747983e-06,7,6.783296e-06,3.68848e-05,1,3,3.225002e-07,6.839338e-06,7,1,0.9066644,2.691773e-07,4,8,6.298453e-06,4.195987e+09,0.004742364,1.433784,0.7168922,-83.86389,-111.3336,-169.5606,-177.0304,0.02064281
17,34,935,3.315548e-07,1,6,5.967067e-06,7.956342e-06,3,5.921058e-06,4.017054e-05,1,2,1.8e-07,6.818335e-06,9,2,0.8708295,3.052721e-07,3,7,6.768166e-06,6.728982e+09,0.004554215,1.341008,0.6705039,-68.57128,-97.20279,-158.5461,-167.1776,7.926409
17,35,936,3.768359e-07,1,6,6.464543e-06,6.767503e-06,4,6.975148e-06,3.980432e-05,1,3,2.569783e-07,6.397867e-06,6,1,0.8849419,3.071624e-07,3,8,7.323664e-06,4.683068e+09,0.004092031,1.504407,0.7522034,-78.11645,-106.1461,-165.4077,-173.4373,0.001968626
17,36,937,4.319148e-07,1,6,5.385958e-06,6.536882e-06,5,6.501575e-06,4.115555e-05,1,3,2.0985e-07,6.660975e-06,8,2,0.786264,3.251327e-07,2,8,7.064963e-06,4.918877e+09,0.002230772,1.122115,0.5610577,-71.50613,-99.86536,-161.8589,-170.2181,0.01812788
17,37,938,4.118601e-07,1,5,6.282284e-06,9.016844e-06,4,6.208549e-06,3e-05,1,4,2.860681e-07,5.420446e-06,5,1,0.8194586,2.765532e-07,1,6,7.20927e-06,5.353207e+09,0.002303521,1.461626,0.7308129,-81.30494,-108.7506,-172.2533,-179.699,0.002464957
17,38,939,3.447141e-07,1,5,6.022977e-06,7.727309e-06,5,6.213045e-06,3e-05,1,4,2.29987e-07,5.18904e-06,8,1,0.8523973,1.872905e-07,4,6,6.643839e-06,4.31128e+09,0.003338779,1.452296,0.726148,-74.84784,-103.3396,-162.3041,-170.7959,0.01443531
17,39,940,3.837425e-07,1,5,6.245596e-06,8.145038e-06,7,6.641687e-06,3.076672e-05,1,3,2.626176e-07,5.709089e-06,6,1,0.806642,2.457167e-07,4,5,7.615124e-06,5.215988e+09,0.002560118,1.000165,0.5000826,-72.77873,-101.1871,-163.0429,-171.4513,0.0005172305
17,40,941,4.023156e-07,2,6,5.925811e-06,8.250002e-06,9,6.968009e-06,3.513317e-05,1,3,3.129424e-07,5.902125e-06,6,2,0.8768776,2.755886e-07,1,5,6.706979e-06,4.6523e+09,0.00503884,1.610815,0.8054076,-94.59291,-118.7634,-180.923,-185.0935,0.008013183
17,41,942,4.038004e-07,1,5,5.92439e-06,7.589987e-06,5,6.948546e-06,3.528145e-05,1,3,2.508233e-07,6.757236e-06,10,2,0.8289091,3.196411e-07,2,8,7.010814e-06,4.884497e+09,0.002681774,1.105961,0.5529804,-72.03194,-100.4863,-161.5241,-169.9785,1.001051e-05
17,42,943,3.526233e-07,1,7,6.154602e-06,7.419332e-06,4,5.959979e-06,3.687707e-05,1,3,1.93201e-07,6.298803e-06,9,2,0.8345714,2.631856e-07,4,7,6.673873e-06,4.637471e+09,0.004483565,1.438874,0.719437,-71.83602,-100.3984,-158.6454,-167.2077,0.002870537
17,43,944,3.444904e-07,1,6,6.389709e-06,8.354944e-06,6,6.8069e-06,4.006168e-05,1,3,2.416347e-07,6.740862e-06,7,1,0.9197018,3.403336e-07,4,8,7.061277e-06,3.915858e+09,0.004993961,1.4505,0.7252499,-78.08574,-106.4313,-162.9578,-171.3034,0.04033881
17,44,945,3.508926e-07,1,6,6.200833e-06,7.587356e-06,5,6.273595e-06,3.427776e-05,1,3,2.321735e-07,6.114558e-06,7,2,0.7966768,2.845026e-07,3,7,6.524779e-06,5.110853e+09,0.003233669,1.2582,0.6291002,-70.69388,-99.25289,-159.7668,-168.3258,0.558173
17,45,946,4.075892e-07,1,8,5.747734e-06,7.82541e-06,7,6.55611e-06,3.803204e-05,1,3,2.15467e-07,5.903685e-06,8,2,0.8432222,2.864889e-07,4,8,6.646467e-06,4.066319e+09,0.004347374,1.31048,0.6552402,-74.73089,-103.1632,-160.5326,-168.9649,0.0289473
17,46,947,3.918119e-07,2,6,7.154786e-06,8.152384e-06,5,6.761418e-06,3.711049e-05,1,3,2.591816e-07,5.831908e-06,7,1,0.8247267,2.200254e-07,3,7,6.862537e-06,4.832454e+09,0.005818806,1.69608,0.8480401,-90.23944,-115.733,-176.2745,-181.768,0.01727777
17,47,948,3.263369e-07,1,8,6.144745e-06,7.825857e-06,4,6.51175e-06,3.881908e-05,1,4,1.8e-07,6.739134e-06,8,2,0.8513206,2.509379e-07,2,7,7.123824e-06,3.713511e+09,0.005744256,1.836641,0.9183206,-85.65131,-112.8055,-169.4547,-176.6088,0.1089998
17,48,949,4.047682e-07,1,6,6.507604e-06,7.335939e-06,5,5.660672e-06,3.951049e-05,1,3,1.806594e-07,5.826288e-06,7,2,0.8087752,1.863307e-07,3,8,7.537604e-06,4.785518e+09,0.003220559,1.313916,0.6569582,-72.78206,-101.1977,-161.3013,-169.7169,0.0005458568
17,49,950,4.00043e-07,1,8,6.755159e-06,7.992276e-06,5,6.862274e-06,3.688867e-05,1,3,2.321937e-07,6.246184e-06,8,1,0.8656715,3.410871e-07,3,8,7.444793e-06,4.430759e+09,0.005169358,1.5335,0.7667498,-79.9857,-107.9422,-165.7809,-173.7374,0.009669426
18,0,951,4.032153e-07,1,7,6.380027e-06,7.683377e-06,5,6.486775e-06,3.444211e-05,1,3,2.137496e-07,5.908625e-06,8,1,0.8751135,2.160201e-07,4,8,7.135035e-06,4.696492e+09,0.00468166,1.468902,0.7344509,-76.44733,-104.7396,-163.1788,-171.4711,0.001724931
18,1,952,4.308708e-07,2,6,6.670062e-06,7.823759e-06,7,6.094774e-06,3.415142e-05,1,3,2.945276e-07,6.197733e-06,5,2,0.8657564,2.464599e-07,1,8,7.364702e-06,5.248075e+09,0.005655115,1.723812,0.8619059,-91.78773,-116.5505,-178.6633,-183.4261,0.023106
18,2,953,4.573016e-07,1,7,5.992551e-06,7.180525e-06,6,7.124895e-06,4.723229e-05,1,2,3.193229e-07,6.728868e-06,8,1,0.8672184,3.221873e-07,3,8,7.372291e-06,5.595182e+09,0.00368296,1.151264,0.5756322,-73.49406,-101.6954,-162.7884,-170.9897,0.009427344
18,3,954,3.648324e-07,2,8,6.340562e-06,7.545194e-06,7,6.540585e-06,3.949562e-05,1,2,2.026427e-07,5.992571e-06,8,1,0.8801025,2.771683e-07,3,8,6.755711e-06,5.915464e+09,0.008551216,1.653692,0.8268459,-88.75381,-114.9062,-174.8733,-181.0257,0.03606468
18,4,955,3.980261e-07,1,6,6.806933e-06,8.583969e-06,6,6.882095e-06,3.844269e-05,1,2,3.676868e-07,6.521159e-06,9,4,0.8712434,2.881558e-07,3,7,7.174427e-06,5.231387e+09,0.00446114,1.025597,0.5127984,-72.97925,-101.4644,-160.8571,-169.3423,0.0006636923
18,5,956,4.04382e-07,1,7,6.076838e-06,7.82613e-06,7,6.390625e-06,4.267312e-05,1,2,2.012306e-07,6.786709e-06,9,2,0.8741798,3.421151e-07,4,8,7.067288e-06,5.273044e+09,0.004637206,1.139073,0.5695364,-72.32467,-100.8117,-160.1033,-168.5904,0.001151257
18,6,957,3.955021e-07,1,5,6.462627e-06,7.930908e-06,6,6.751915e-06,3.811611e-05,1,3,1.942639e-07,6.457877e-06,7,1,0.8709156,2.589543e-07,3,7,6.978645e-06,4.701944e+09,0.003468395,1.338412,0.6692061,-74.46543,-102.8975,-162.5097,-170.9418,0.00163374
18,7,958,3.597773e-07,1,5,6.019489e-06,8.639861e-06,6,6.134939e-06,3.155281e-05,1,4,2.093561e-07,6.003873e-06,6,1,0.8304053,2.188148e-07,3,6,6.919307e-06,4.161924e+09,0.002935978,1.355572,0.6777858,-75.19965,-103.6622,-162.908,-171.3705,0.0226887
18,8,959,4.142849e-07,1,7,6.535974e-06,7.59902e-06,7,6.463497e-06,3.88074e-05,1,3,2.345008e-07,7.010579e-06,7,3,0.903875,3.02125e-07,3,7,7.425926e-06,3.933744e+09,0.005411919,1.481227,0.7406136,-77.47992,-105.8503,-162.0425,-170.4129,0.03888587
18,9,960,4.099681e-07,1,6,6.463766e-06,7.512026e-06,4,6.32244e-06,3.685669e-05,1,3,2.044537e-07,5.851913e-06,7,2,0.8688994,2.313795e-07,4,8,7.064637e-06,4.633241e+09,0.004090698,1.386021,0.6930107,-73.00676,-101.4531,-160.2065,-168.6529,0.002963782
18,10,961,4.035118e-07,1,6,7.089173e-06,7.654267e-06,5,6.392731e-06,3.411383e-05,1,3,2.446504e-07,6.416467e-06,6,1,0.8539632,3.108065e-07,5,6,7.132494e-06,4.72603e+09,0.003951594,1.306461,0.6532305,-73.54459,-101.8695,-161.0668,-169.3917,0.00126054
18,11,962,3.849501e-07,1,6,7.082284e-06,7.531911e-06,5,7.190694e-06,3.776701e-05,1,3,3.362101e-07,5.585168e-06,7,1,0.8859562,2.59465e-07,3,8,7.03956e-06,4.638997e+09,0.003922083,1.430469,0.7152343,-82.85222,-110.186,-170.2455,-177.5793,0.002837251
18,12,963,3.675912e-07,1,5,7.134862e-06,8.304337e-06,7,6.174395e-06,3.003877e-05,1,3,3.441942e-07,5.98896e-06,7,3,0.8774191,2.431514e-07,2,6,7.306894e-06,4.891845e+09,0.004157455,1.313745,0.6568725,-75.16756,-103.6612,-162.7687,-171.2624,2.769563e-06
18,13,964,3.747716e-07,1,6,5.385859e-06,7.276361e-06,3,6.541237e-06,3.874063e-05,1,4,1.8e-07,5.126029e-06,8,2,0.8540061,2.340119e-07,3,8,6.72516e-06,3.818755e+09,0.003468762,1.533025,0.7665123,-73.26041,-101.7453,-159.4971,-167.982,0.0491766
18,14,965,3.364258e-07,1,5,5.945631e-06,7.425683e-06,6,6.33091e-06,3.646261e-05,1,4,1.8e-07,5.764925e-06,6,1,0.7945055,3.032087e-07,2,6,7.337153e-06,4.183769e+09,0.002600899,1.39208,0.69604,-73.70549,-102.2258,-161.9856,-170.5059,0.02136556
18,15,966,3.393213e-07,1,6,6.494822e-06,7.549633e-06,4,6.622555e-06,4.025684e-05,1,2,3.105131e-07,6.15255e-06,9,2,0.8213807,3.259672e-07,4,8,7.341759e-06,5.879254e+09,0.003910285,1.094445,0.5472225,-68.11861,-96.74023,-157.583,-166.2046,10.64945
18,16,967,4.003286e-07,1,5,5.974824e-06,8.095371e-06,4,6.46364e-06,3e-05,1,4,1.8e-07,5.658024e-06,5,1,0.7697205,2.183921e-07,4,5,7.128892e-06,4.796025e+09,0.001999547,1.16009,0.5800448,-70.82966,-99.24645,-161.438,-169.8548,0.568282
18,17,968,3.895782e-07,1,7,5.563657e-06,7.657722e-06,5,6.939467e-06,3.939526e-05,1,3,1.8e-07,6.973895e-06,8,2,0.7847116,2.946939e-07,2,6,7.116975e-06,4.931558e+09,0.002914063,1.264586,0.6322931,-72.89083,-101.3001,-162.1055,-170.5148,0.0
18,18,969,3.77847e-07,1,6,5.711102e-06,7.488155e-06,5,6.706215e-06,3.68259e-05,1,4,1.8e-07,6.284037e-06,6,1,0.8405333,2.689978e-07,3,5,7.334734e-06,4.051465e+09,0.003335258,1.563116,0.7815578,-77.34123,-105.6282,-164.2622,-172.5491,0.03175849
18,19,970,4.598713e-07,1,5,6.746253e-06,8.715243e-06,5,7.1931e-06,3.464937e-05,1,3,3.009854e-07,6.452168e-06,8,1,0.8345318,2.942647e-07,2,6,7.465723e-06,5.313245e+09,0.002680287,1.199749,0.5998747,-74.75408,-102.9565,-164.9795,-173.1819,0.001748313
18,20,971,3.586366e-07,1,6,6.873931e-06,8.028751e-06,4,6.6247e-06,3.511966e-05,1,2,2.317124e-07,6.120717e-06,7,3,0.9219212,2.100084e-07,4,8,6.789635e-06,6.234149e+09,0.005896423,1.356392,0.6781958,-71.71331,-100.293,-159.903,-168.4827,0.04945386
18,21,972,3.930026e-07,1,6,6.877992e-06,7.775613e-06,7,7.020478e-06,3.218565e-05,1,3,2.817662e-07,6.527838e-06,5,1,0.908458,2.810874e-07,3,8,7.348941e-06,4.691748e+09,0.004008579,1.281629,0.6408146,-81.51559,-109.1212,-168.9124,-176.518,0.001806279
18,22,973,4.264811e-07,1,6,6.017736e-06,8.036067e-06,5,6.696334e-06,3.161459e-05,1,4,1.8e-07,6.275391e-06,6,1,0.8150435,2.699084e-07,3,7,7.193714e-06,4.137385e+09,0.002866462,1.301773,0.6508865,-74.03003,-102.3714,-161.7911,-170.1325,0.02422246
18,23,974,4.027926e-07,1,8,5.726977e-06,6.745113e-06,6,6.589678e-06,3.651842e-05,1,3,1.980397e-07,6.537944e-06,8,2,0.7954705,2.753974e-07,2,7,7.058079e-06,4.99369e+09,0.00350379,1.348147,0.6740735,-73.83574,-102.2047,-162.3588,-170.7277,0.0
18,24,975,3.897686e-07,1,6,6.598025e-06,8.55667e-06,5,6.672042e-06,3.754984e-05,1,2,1.8e-07,6.2422e-06,8,3,0.8771908,2.808335e-07,3,5,7.08661e-06,6.410142e+09,0.004516115,1.23613,0.6180651,-72.68471,-101.1483,-162.2744,-170.738,0.06599274
18,25,976,3.490725e-07,1,6,6.41359e-06,7.419824e-06,5,6.966212e-06,3.636727e-05,1,3,2.102414e-07,6.835494e-06,9,1,0.8478754,2.671362e-07,3,7,7.100368e-06,4.826085e+09,0.004172545,1.462061,0.7310306,-73.73288,-102.2483,-161.2008,-169.7162,0.0002275464
18,26,977,3.901551e-07,1,6,6.304344e-06,7.755595e-06,4,6.385679e-06,3.571766e-05,1,3,1.8e-07,6.197067e-06,6,1,0.8205205,2.880421e-07,3,7,7.528845e-06,5.279912e+09,0.003305003,1.346846,0.673423,-71.2623,-99.70919,-160.5231,-168.97,0.08581712
18,27,978,3.953532e-07,1,6,6.816663e-06,8.497545e-06,6,6.565443e-06,3e-05,1,3,2.845574e-07,6.233208e-06,7,2,0.8467488,2.17226e-07,3,7,7.098594e-06,4.998782e+09,0.003996777,1.284085,0.6420427,-74.33206,-102.7611,-162.2922,-170.7213,0.0
18,28,979,3.497482e-07,1,5,6.667285e-06,8.380139e-06,6,6.957843e-06,3.475237e-05,1,3,2.13827e-07,6.343621e-06,7,1,0.8255437,2.473367e-07,4,6,7.158982e-06,4.778226e+09,0.003287582,1.215743,0.6078714,-72.43129,-100.9834,-160.8479,-169.4,0.0006176166
18,29,980,3.758615e-07,1,6,6.263362e-06,7.161305e-06,4,6.317547e-06,3.807711e-05,1,3,1.959634e-07,6.924737e-06,5,2,0.8641065,2.61802e-07,4,7,7.177953e-06,4.705772e+09,0.004154361,1.445012,0.7225062,-72.34866,-100.8347,-159.6162,-168.1023,0.001571205
18,30,981,3.856762e-07,1,6,6.544406e-06,7.577523e-06,5,6.480178e-06,4.191131e-05,1,3,3.793247e-07,7.185054e-06,6,1,0.9388957,2.979451e-07,3,8,7.080842e-06,4.346e+09,0.003935351,1.460739,0.7303693,-84.91885,-111.7577,-171.7308,-178.5696,0.01278282
18,31,982,3.559054e-07,1,7,6.56657e-06,8.416578e-06,6,6.796904e-06,4.22414e-05,1,2,2.444886e-07,6.809147e-06,8,1,0.9000463,2.476902e-07,3,8,7.450099e-06,5.74524e+09,0.005514589,1.41533,0.707665,-77.0217,-105.3192,-164.7927,-173.0902,0.01600672
18,32,983,3.427693e-07,1,5,6.729087e-06,7.159541e-06,4,6.698744e-06,3.645222e-05,1,4,1.905486e-07,6.831931e-06,5,1,0.8179829,2.368522e-07,3,5,7.118907e-06,4.388101e+09,0.003215612,1.620527,0.8102637,-76.93755,-105.227,-164.7104,-172.9999,0.01737019
18,33,984,3.589496e-07,1,6,6.022608e-06,7.571877e-06,5,7.632244e-06,3.018232e-05,1,3,2.557804e-07,6.523215e-06,6,1,0.8604931,2.385557e-07,3,5,6.722212e-06,5.749996e+09,0.003712776,1.429157,0.7145785,-77.14539,-105.3569,-166.6418,-174.8533,0.01624353
18,34,985,3.93025e-07,1,6,6.298571e-06,7.995638e-06,5,6.420394e-06,3.661114e-05,1,3,3.171545e-07,6.668044e-06,5,1,0.8884714,2.841479e-07,4,7,6.982282e-06,4.680765e+09,0.003551394,1.311879,0.6559394,-78.73652,-106.5239,-166.6389,-174.4262,0.002001832
18,35,986,4.478302e-07,1,7,6.195384e-06,6.896957e-06,6,6.220533e-06,3.637575e-05,1,4,2.511286e-07,5.777142e-06,5,1,0.8351837,3.18555e-07,2,8,7.787102e-06,3.941065e+09,0.003217519,1.497446,0.7487229,-81.95957,-109.436,-168.7966,-176.2731,0.03829891
18,36,987,4.263147e-07,1,6,5.385958e-06,6.96837e-06,5,6.802034e-06,4.057308e-05,1,3,2.0985e-07,6.660975e-06,7,2,0.8599885,3.037339e-07,3,9,7.064963e-06,4.384708e+09,0.003181957,1.220853,0.6104263,-72.23078,-100.665,-160.0427,-168.4769,0.01105896
18,37,988,4.118601e-07,1,6,6.082737e-06,9.016844e-06,5,6.333683e-06,3.486449e-05,1,3,2.310431e-07,5.955686e-06,6,1,0.8323496,2.865174e-07,2,5,7.362852e-06,5.67934e+09,0.003055842,1.402105,0.7010523,-76.53833,-104.6884,-166.773,-174.923,0.01290406
18,38,989,3.711209e-07,1,6,5.88083e-06,6.748629e-06,5,6.916806e-06,4.026548e-05,1,3,1.8e-07,5e-06,9,1,0.8336603,2.079123e-07,2,9,6.839005e-06,5.127828e+09,0.00343574,1.489158,0.7445789,-74.50157,-102.9059,-163.34,-171.7444,2.977276e-05
18,39,990,4.290966e-07,1,6,6.820089e-06,8.010561e-06,5,6.650166e-06,3.428644e-05,1,3,2.626176e-07,6.641803e-06,7,1,0.8207901,3.33474e-07,3,6,7.738878e-06,5.104613e+09,0.00322829,1.251867,0.6259334,-72.83615,-101.1414,-161.9057,-170.2109,8.179987e-07
18,40,991,3.824214e-07,1,7,5.85508e-06,7.656249e-06,5,8.057892e-06,3.60271e-05,1,3,1.815397e-07,6.631725e-06,7,2,0.9141509,2.755886e-07,4,6,6.706979e-06,4.476358e+09,0.005351145,1.529504,0.7647522,-76.24434,-104.6598,-161.9784,-170.3939,0.007861804
18,41,992,4.029362e-07,1,5,6.107681e-06,7.589987e-06,5,6.671397e-06,3.299489e-05,1,3,1.836301e-07,5.713037e-06,10,1,0.7808312,3.016206e-07,2,7,7.486438e-06,5.741317e+09,0.002174449,1.08317,0.541585,-71.08651,-99.5034,-162.8932,-171.3101,0.2624241
18,42,993,3.867057e-07,1,6,5.748989e-06,7.511589e-06,4,6.737118e-06,4.024185e-05,1,3,2.915881e-07,6.264627e-06,9,2,0.9085264,2.606498e-07,3,9,6.901784e-06,4.244103e+09,0.004374621,1.461401,0.7307005,-74.28882,-102.7799,-160.4351,-168.9262,0.01791759
18,43,994,4.328728e-07,1,6,5.217693e-06,8.552086e-06,6,6.581534e-06,4.973699e-05,1,3,2.056344e-07,6.754971e-06,7,1,0.8546069,2.737692e-07,3,10,6.957979e-06,3.802227e+09,0.002933829,1.227471,0.6137356,-74.31111,-102.5965,-161.2375,-169.5229,0.05019181
18,44,995,3.508926e-07,1,7,5.633102e-06,8.217194e-06,5,6.575117e-06,4.343821e-05,1,2,1.8e-07,6.868414e-06,9,3,0.8208644,3.142515e-07,3,5,7.273488e-06,5.838774e+09,0.003884485,1.151674,0.575837,-71.40133,-99.9577,-160.8344,-169.3908,0.02277334
18,45,996,3.912508e-07,1,7,5.961034e-06,7.414753e-06,5,6.367984e-06,3.944141e-05,1,3,1.977217e-07,6.846678e-06,8,1,0.8519521,3.038711e-07,3,8,7.264181e-06,4.537334e+09,0.004161272,1.452128,0.7260639,-74.05205,-102.4745,-160.9958,-169.4183,0.005477992
18,46,997,3.76831e-07,1,6,6.552857e-06,7.90126e-06,7,6.588633e-06,3.439109e-05,1,2,3.436918e-07,6.336184e-06,6,2,0.8380288,2.527866e-07,4,6,6.976369e-06,6.41826e+09,0.00377799,1.029662,0.5148308,-71.88728,-100.357,-162.263,-170.7327,0.06681308
18,47,998,3.746333e-07,1,7,6.517438e-06,7.17788e-06,7,6.612398e-06,4.021424e-05,1,4,1.8e-07,6.209278e-06,7,3,0.8944068,2.908701e-07,2,9,6.872076e-06,3.109514e+09,0.005675078,1.726811,0.8634054,-84.23112,-112.0668,-166.5453,-174.381,0.1563847
18,48,999,3.391832e-07,1,6,6.507604e-06,7.476836e-06,4,5.990527e-06,3.865703e-05,1,3,1.8e-07,5.826288e-06,8,1,0.8108701,2.056191e-07,3,7,6.96531e-06,5.241127e+09,0.003710011,1.53289,0.7664451,-72.92388,-101.4112,-161.6186,-170.1059,0.001246522
18,49,1000,4.12759e-07,1,6,6.926257e-06,8.321977e-06,7,6.709227e-06,4.304554e-05,1,2,2.321937e-07,6.120765e-06,8,1,0.9312649,3.410871e-07,3,8,7.603015e-06,5.483559e+09,0.004870349,1.258375,0.6291873,-75.68071,-103.9483,-163.5864,-171.8539,0.005656185
19,0,1001,3.814935e-07,1,6,6.865696e-06,7.519713e-06,5,6.544966e-06,3.35304e-05,1,3,2.463491e-07,6.763119e-06,7,1,0.8407603,2.848474e-07,3,6,7.135035e-06,5.283357e+09,0.003873539,1.44036,0.7201799,-74.69088,-103.0289,-163.268,-171.606,0.001292569
19,1,1002,4.233603e-07,2,6,6.838755e-06,6.441315e-06,7,6.907677e-06,3.928449e-05,1,3,2.041428e-07,6.240985e-06,5,1,0.8580055,2.783862e-07,3,7,7.364702e-06,4.484792e+09,0.005825787,1.661078,0.8305388,-89.97108,-115.9234,-175.3524,-181.3047,0.01871178
19,2,1003,3.69962e-07,1,7,5.666709e-06,6.982112e-06,6,7.124895e-06,4.723229e-05,1,3,2.277174e-07,7.192686e-06,8,1,0.8762495,3.333368e-07,2,9,7.393179e-06,4.094463e+09,0.00442215,1.583178,0.791589,-79.21941,-107.434,-165.007,-173.2216,0.03010076
19,3,1004,3.648324e-07,2,6,6.675428e-06,7.542223e-06,5,6.754514e-06,3.435175e-05,1,4,2.89573e-07,6.217483e-06,5,1,0.8328475,2.062322e-07,4,6,6.656363e-06,3.917298e+09,0.004868735,1.67673,0.838365,-91.40355,-116.7824,-176.3891,-181.7679,0.05410244
19,4,1005,3.855365e-07,1,6,6.806933e-06,8.583969e-06,7,6.886556e-06,4.183704e-05,1,2,2.589473e-07,6.695625e-06,10,2,0.9557946,2.507648e-07,3,8,7.28227e-06,5.208201e+09,0.006028552,1.344919,0.6724595,-75.53563,-104.0307,-162.0673,-170.5623,0.0004501158
19,5,1006,3.734093e-07,1,6,5.987952e-06,8.084065e-06,5,6.474891e-06,3.855432e-05,1,3,3.081288e-07,6.360204e-06,8,3,0.9173946,2.788669e-07,2,9,7.130762e-06,4.199875e+09,0.004819245,1.492822,0.7464111,-76.09882,-104.5745,-161.7338,-170.2094,0.02041544
19,6,1007,4.038252e-07,1,5,6.439381e-06,7.477019e-06,5,6.958572e-06,3.811611e-05,1,3,2.306241e-07,6.523745e-06,6,1,0.8481641,2.858392e-07,4,6,6.978645e-06,4.838861e+09,0.00305726,1.262109,0.6310545,-72.18775,-100.6061,-161.0293,-169.4476,0.0001556844
19,7,1008,3.808515e-07,1,7,6.460516e-06,7.254661e-06,7,6.37351e-06,3.155281e-05,1,2,2.724723e-07,6.923479e-06,6,2,0.9015066,2.860595e-07,4,5,6.978339e-06,6.797815e+09,0.005356451,1.298026,0.6490128,-73.45848,-101.8821,-162.8171,-171.2407,0.1108257
19,8,1009,4.435557e-07,1,7,5.84352e-06,6.534438e-06,5,5.940557e-06,3.630636e-05,1,3,1.880847e-07,6.024625e-06,7,2,0.835537,2.531263e-07,2,9,7.31723e-06,5.229109e+09,0.003488416,1.380515,0.6902573,-73.21017,-101.5122,-162.1524,-170.4544,0.0006408743
19,9,1010,3.870227e-07,1,5,6.156879e-06,7.81355e-06,5,6.033827e-06,3.254832e-05,1,4,1.840617e-07,5.851913e-06,7,2,0.8688994,2.313795e-07,3,5,7.064637e-06,4.20568e+09,0.003411255,1.486219,0.7431097,-74.7207,-103.1438,-161.8683,-170.2914,0.02007829
19,10,1011,4.010935e-07,1,6,6.694355e-06,7.633361e-06,5,6.624233e-06,3.316799e-05,1,3,1.8e-07,6.941298e-06,7,1,0.8203409,3.371409e-07,4,6,7.333539e-06,5.055562e+09,0.003456343,1.240999,0.6204997,-71.32237,-99.76837,-160.0116,-168.4576,0.05365396
19,11,1012,3.42546e-07,1,6,6.654239e-06,7.503007e-06,4,6.74032e-06,3.804624e-05,1,2,1.8e-07,6.625794e-06,8,1,0.8858802,3.075287e-07,4,7,7.137397e-06,6.525994e+09,0.005052486,1.343603,0.6718016,-69.79876,-98.38713,-159.0566,-167.645,2.679514
19,12,1013,3.848534e-07,1,5,6.896796e-06,8.304337e-06,7,6.857379e-06,3.204394e-05,1,3,3.333885e-07,6.53987e-06,6,1,0.8389324,2.719571e-07,3,6,7.095815e-06,4.982003e+09,0.003046348,1.127573,0.5637866,-75.12009,-103.4237,-164.2304,-172.534,0.0
19,13,1014,3.77251e-07,1,5,5.715374e-06,6.97414e-06,5,6.131871e-06,3.874063e-05,1,4,2.36789e-07,5.679691e-06,6,1,0.8577129,2.791061e-07,3,7,6.773824e-06,3.876149e+09,0.002935587,1.474352,0.7371762,-75.37147,-103.7488,-162.4625,-170.8398,0.04365978
19,14,1015,3.886793e-07,1,5,5.907355e-06,6.870507e-06,6,6.598967e-06,4.050209e-05,1,2,1.8e-07,6.078405e-06,9,1,0.8559479,3.137058e-07,3,8,7.405481e-06,6.443775e+09,0.00308005,1.047264,0.523632,-69.61282,-98.12296,-160.91,-169.4202,3.592722
19,15,1016,3.665806e-07,1,5,6.224493e-06,8.243064e-06,4,6.213014e-06,3.268519e-05,1,4,1.834669e-07,5.333934e-06,8,1,0.7981408,3.259672e-07,3,7,7.364249e-06,4.199641e+09,0.002614638,1.262724,0.6313618,-70.49407,-99.0251,-158.7842,-167.3152,0.9708528
19,16,1017,3.964092e-07,2,6,6.442744e-06,7.324809e-06,7,6.669437e-06,3.26887e-05,1,3,2.771788e-07,6.234794e-06,6,1,0.8066093,2.183921e-07,2,8,6.728769e-06,5.222406e+09,0.004817186,1.569605,0.7848027,-88.86096,-114.7722,-176.3904,-182.3016,0.002729353
19,17,1018,3.55587e-07,1,6,5.563657e-06,7.657722e-06,6,6.70047e-06,3.561022e-05,1,3,1.8e-07,5.763132e-06,8,2,0.7729919,2.740855e-07,3,7,7.116975e-06,4.850073e+09,0.002559829,1.072006,0.536003,-71.11485,-99.66058,-160.7477,-169.2934,0.1153118
19,18,1019,3.672069e-07,1,6,6.375568e-06,7.497441e-06,4,6.506601e-06,3.779955e-05,1,3,2.925457e-07,6.082472e-06,7,2,0.8557017,2.485595e-07,4,7,7.022101e-06,4.56161e+09,0.004117962,1.432349,0.7161744,-72.83859,-101.3529,-159.8741,-168.3884,0.00476918
19,19,1020,3.822191e-07,1,5,6.746253e-06,7.921004e-06,4,7.1931e-06,3.692107e-05,1,3,2.058062e-07,7.001838e-06,8,1,0.8375527,2.404638e-07,3,6,7.033149e-06,5.224735e+09,0.003279518,1.38756,0.6937801,-72.75286,-101.2209,-161.956,-170.4241,0.0005981827
19,20,1021,3.842785e-07,1,7,6.756793e-06,7.445069e-06,5,6.6247e-06,3.69638e-05,1,2,2.409953e-07,6.506165e-06,6,1,0.871917,2.692091e-07,4,7,7.178755e-06,6.55376e+09,0.004687527,1.283599,0.6417996,-73.51936,-101.7547,-163.1397,-171.3751,0.08125407
19,21,1022,3.326858e-07,1,6,6.469857e-06,7.945228e-06,7,6.829654e-06,3.027417e-05,1,4,3.116477e-07,7.064326e-06,6,1,0.8386992,2.940519e-07,2,5,6.988689e-06,4.172453e+09,0.00356787,1.510762,0.7553809,-85.5244,-112.9077,-172.4081,-179.7914,0.02209745
19,22,1023,3.949367e-07,1,6,6.703576e-06,8.036067e-06,4,6.240976e-06,3.283563e-05,1,4,2.092222e-07,5.815261e-06,6,1,0.818877,2.478475e-07,4,7,7.130546e-06,3.985385e+09,0.003415415,1.441192,0.7205962,-74.50444,-102.8645,-161.1794,-169.5395,0.03484051
19,23,1024,4.16258e-07,1,6,5.726977e-06,6.745113e-06,5,6.700938e-06,3.370015e-05,1,3,1.83133e-07,6.235241e-06,8,1,0.7954705,3.00911e-07,2,6,7.498942e-06,5.923051e+09,0.00253814,1.238314,0.6191569,-71.81007,-100.1653,-163.2158,-171.571,0.0260443
19,24,1025,3.507583e-07,2,6,5.628896e-06,7.599306e-06,5,6.182273e-06,3.651149e-05,1,3,1.8e-07,6.283923e-06,7,2,0.8207378,2.344539e-07,2,5,6.813712e-06,5.367727e+09,0.006289376,1.820532,0.910266,-86.63037,-113.0621,-173.2401,-179.6718,0.04841834
19,25,1026,3.990563e-07,1,6,6.29621e-06,7.094304e-06,6,6.796914e-06,3.17922e-05,1,4,2.102414e-07,5.57931e-06,9,1,0.8279092,2.052852e-07,2,5,7.410151e-06,4.444088e+09,0.003332422,1.552731,0.7763654,-79.48603,-107.5522,-167.2141,-175.2802,0.009892847
19,26,1027,4.050238e-07,1,6,6.077265e-06,7.732407e-06,5,5.8613e-06,3.590827e-05,1,3,1.8e-07,6.273343e-06,6,3,0.8088688,2.094957e-07,3,8,7.184661e-06,4.850984e+09,0.003016141,1.183205,0.5916026,-72.16394,-100.5969,-161.086,-169.519,0.0001000653
19,27,1028,3.554614e-07,1,6,6.966516e-06,8.497545e-06,5,6.565443e-06,3.2903e-05,1,3,2.845574e-07,6.233208e-06,7,1,0.8327625,2.266123e-07,3,5,7.097561e-06,5.449991e+09,0.003859362,1.488182,0.7440909,-78.7339,-106.8176,-167.5967,-175.6803,0.004709493
19,28,1029,3.574173e-07,1,5,6.725292e-06,8.380139e-06,5,6.957843e-06,3.512178e-05,1,3,2.09089e-07,6.152697e-06,7,1,0.8588679,2.51016e-07,4,7,7.185724e-06,4.730991e+09,0.003724451,1.307086,0.6535429,-72.51745,-101.058,-160.3059,-168.8464,0.001189673
19,29,1030,3.71723e-07,1,6,5.870637e-06,6.872321e-06,6,6.425126e-06,3.564834e-05,1,3,1.8e-07,6.8354e-06,6,1,0.813067,2.124693e-07,4,6,6.778301e-06,5.130559e+09,0.003132875,1.292566,0.6462829,-72.37156,-100.8601,-161.6154,-170.104,3.590366e-05
19,30,1031,3.856762e-07,1,6,6.544406e-06,7.151845e-06,5,6.287069e-06,4.191131e-05,1,3,2.556513e-07,6.641695e-06,8,2,0.9388957,2.718782e-07,2,8,7.155792e-06,4.464511e+09,0.005365837,1.698643,0.8493216,-82.45762,-110.238,-168.1567,-175.9371,0.02543622
19,31,1032,3.520652e-07,1,10,6.562213e-06,8.307225e-06,6,7.021363e-06,4.275631e-05,1,3,1.8e-07,6.458284e-06,8,1,0.8107342,2.91955e-07,3,6,7.302804e-06,4.218543e+09,0.005759299,1.697101,0.8485505,-84.60485,-112.1861,-169.5044,-177.0856,0.03660742
19,32,1033,4.094763e-07,1,5,6.491659e-06,8.145151e-06,6,6.632606e-06,3.501068e-05,1,3,1.8e-07,6.831931e-06,8,1,0.8572839,2.621505e-07,4,6,7.350395e-06,4.774943e+09,0.003260139,1.207594,0.6037971,-73.09463,-101.539,-161.5416,-169.986,0.0006513678
19,33,1034,4.053529e-07,1,6,6.623809e-06,8.050777e-06,7,6.831993e-06,3.244791e-05,1,4,3.984639e-07,6.604422e-06,6,1,0.8438283,2.946909e-07,3,6,6.66846e-06,3.75489e+09,0.003070553,1.322709,0.6613545,-82.82424,-110.3866,-169.444,-177.0064,0.05461383
19,34,1035,3.839988e-07,1,5,5.411079e-06,8.025201e-06,3,6.730357e-06,4.030844e-05,1,3,1.8e-07,7.25233e-06,8,2,0.784571,3.052721e-07,2,6,7.493499e-06,5.393806e+09,0.002064447,1.13895,0.5694751,-69.68977,-98.16564,-161.1796,-169.6555,3.368192
19,35,1036,4.245356e-07,1,7,6.191401e-06,7.474048e-06,7,6.841268e-06,3.323418e-05,1,3,3.920803e-07,6.416928e-06,5,1,0.8148318,2.599605e-07,3,8,7.039895e-06,4.843075e+09,0.002854584,1.06356,0.5317802,-77.09159,-104.8134,-166.2386,-173.9604,0.0001349634
19,36,1037,3.688908e-07,1,6,5.819316e-06,6.76943e-06,4,6.471151e-06,4.320837e-05,1,2,2.06112e-07,7.083808e-06,8,2,0.9026503,3.254651e-07,3,9,7.410752e-06,5.900454e+09,0.004567142,1.26378,0.6318898,-69.64653,-98.24878,-158.4678,-167.07,3.091416
19,37,1038,4.323532e-07,2,6,6.486501e-06,7.48678e-06,4,7.301792e-06,3e-05,1,4,3.015448e-07,6.061276e-06,5,1,0.9004938,2.714433e-07,2,5,7.477791e-06,4.91166e+09,0.004113445,1.687106,0.8435528,-90.12807,-115.0549,-177.8106,-182.7374,0.01555934
19,38,1039,3.940832e-07,2,6,6.022977e-06,7.111653e-06,6,6.49408e-06,3.713836e-05,1,2,3.023628e-07,5e-06,8,1,0.8753636,2.567207e-07,3,9,7.281674e-06,6.278096e+09,0.005307426,1.336692,0.668346,-83.16251,-110.0673,-171.8702,-178.775,0.05336064
19,39,1040,4.317597e-07,1,6,6.820089e-06,8.010561e-06,5,6.650166e-06,3.428644e-05,1,3,2.626176e-07,7.090522e-06,7,1,0.7957543,2.920014e-07,2,6,7.738878e-06,5.533722e+09,0.002875719,1.285429,0.6427144,-73.69632,-101.9546,-163.9692,-172.2275,0.007232394
19,40,1041,4.023156e-07,1,5,5.74246e-06,7.52767e-06,9,6.929751e-06,3.627398e-05,1,3,1.8e-07,6.631725e-06,5,1,0.9024533,2.407091e-07,2,6,6.856495e-06,4.80653e+09,0.003307043,1.308751,0.6543755,-79.11503,-107.3208,-167.5573,-175.7631,0.0003638788
19,41,1042,4.038004e-07,1,5,6.42743e-06,7.589987e-06,5,6.760235e-06,3.718162e-05,1,3,2.721437e-07,6.36796e-06,8,1,0.8600928,3.196411e-07,3,7,7.066126e-06,4.849874e+09,0.003184845,1.272625,0.6363123,-72.40955,-100.8306,-161.0933,-169.5144,0.000104647
19,42,1043,3.858359e-07,1,5,6.497274e-06,7.460665e-06,6,6.737118e-06,4.024185e-05,1,3,2.626205e-07,7.010228e-06,7,1,0.8544956,2.693257e-07,3,9,6.861339e-06,4.381263e+09,0.003298118,1.270325,0.6351623,-73.2048,-101.7008,-160.8541,-169.3501,0.01120735
19,43,1044,4.328728e-07,1,7,6.500845e-06,8.062664e-06,6,6.8069e-06,3.992851e-05,1,3,2.298491e-07,6.752416e-06,8,1,0.8739414,2.782399e-07,3,8,7.474282e-06,4.227028e+09,0.004450789,1.460777,0.7303886,-78.00958,-106.2031,-164.0459,-172.2394,0.01886264
19,44,1045,3.256448e-07,1,5,5.598794e-06,8.217194e-06,7,6.279186e-06,3.263612e-05,1,3,1.8e-07,5.987951e-06,7,2,0.7966768,2.310831e-07,3,6,6.523532e-06,5.109151e+09,0.002623419,1.074065,0.5370324,-71.87026,-100.4688,-161.8486,-170.4471,3.219769e-06
19,45,1046,4.252406e-07,1,7,5.747734e-06,7.237882e-06,4,6.55611e-06,4.295051e-05,1,3,1.8e-07,6.262589e-06,9,1,0.8327235,3.222545e-07,4,8,7.467516e-06,4.23695e+09,0.003499478,1.299188,0.649594,-71.88804,-100.3042,-158.9891,-167.4053,0.01831052
19,46,1047,3.815163e-07,1,6,5.877464e-06,8.088632e-06,4,6.45587e-06,3.648101e-05,1,3,1.8e-07,6.571101e-06,8,1,0.7626641,2.621131e-07,4,5,6.893697e-06,5.460075e+09,0.002381266,1.172444,0.5862222,-69.79631,-98.27007,-160.7722,-169.246,2.997657
19,47,1048,3.685795e-07,1,6,6.211288e-06,8.037867e-06,4,6.560333e-06,3.485231e-05,1,3,1.8e-07,6.058959e-06,8,2,0.8244952,2.30465e-07,3,6,6.947591e-06,5.256619e+09,0.003575577,1.371686,0.6858429,-71.88868,-100.3898,-160.7693,-169.2705,0.0009430799
19,48,1049,4.200292e-07,1,7,6.507604e-06,7.335939e-06,4,6.260976e-06,3.815209e-05,1,2,2.532036e-07,6.783726e-06,8,2,0.8570915,2.149573e-07,3,8,7.537604e-06,6.535048e+09,0.004460592,1.284685,0.6423424,-71.33727,-99.7543,-161.1483,-169.5653,0.1395464
19,49,1050,3.928078e-07,1,7,6.348702e-06,7.313196e-06,7,6.964863e-06,3.909009e-05,1,3,2.321937e-07,6.349748e-06,8,1,0.8698046,3.299185e-07,2,7,7.603015e-06,4.566662e+09,0.004433736,1.537549,0.7687745,-81.35881,-109.2723,-168.0831,-175.9965,0.005254478
20,0,1051,3.814935e-07,1,6,6.129841e-06,7.172827e-06,4,6.037698e-06,3.587667e-05,1,3,1.8e-07,5.673696e-06,7,2,0.8288193,2.637972e-07,5,8,7.022371e-06,4.559947e+09,0.003504012,1.210257,0.6051283,-70.21699,-98.75952,-157.9505,-166.4931,1.543604
20,1,1052,4.277186e-07,1,6,6.838755e-06,7.837123e-06,7,7.056449e-06,3.106332e-05,1,3,3.466753e-07,5.619889e-06,5,1,0.8236688,2.255151e-07,2,9,6.93363e-06,5.262077e+09,0.002792639,1.100326,0.5501629,-79.03073,-106.6273,-168.9937,-176.5903,0.001009956
20,2,1053,4.272546e-07,1,5,6.16701e-06,7.180525e-06,6,7.124895e-06,4.723229e-05,1,3,2.253302e-07,6.194092e-06,8,2,0.8735888,3.058101e-07,3,9,6.837923e-06,3.854048e+09,0.003211247,1.241919,0.6209594,-73.8458,-102.2779,-160.4974,-168.9295,0.045565
20,3,1054,3.482946e-07,3,5,7.199111e-06,7.054422e-06,6,6.277102e-06,3.435175e-05,1,3,2.510192e-07,5.84933e-06,6,1,0.911799,2.605298e-07,3,8,6.927284e-06,4.834161e+09,0.006695555,1.677135,0.8385674,-89.87225,-115.861,-175.3008,-181.2895,0.01412574
20,4,1055,3.892798e-07,1,5,6.57006e-06,7.957146e-06,5,6.886556e-06,3.844269e-05,1,3,3.676868e-07,6.521159e-06,8,4,0.8552956,2.507648e-07,4,8,7.141219e-06,3.801306e+09,0.003467567,1.095065,0.5475324,-72.60387,-101.134,-158.8023,-167.3324,0.05027606
20,5,1056,4.345041e-07,1,6,7.02144e-06,7.88252e-06,6,6.877309e-06,3.528443e-05,1,3,3.081288e-07,6.580085e-06,7,4,0.871441,2.969765e-07,4,9,6.926326e-06,3.855834e+09,0.004298157,1.166565,0.5832825,-74.34016,-102.7642,-159.7297,-168.1537,0.04540955
20,6,1057,3.634817e-07,1,5,6.439381e-06,7.477019e-06,4,6.121134e-06,3.644544e-05,1,3,1.8e-07,6.523745e-06,6,1,0.8161309,2.362643e-07,4,6,6.80133e-06,5.40579e+09,0.00296869,1.324574,0.6622869,-70.20702,-98.73691,-160.1386,-168.6684,1.598993
20,7,1058,3.808515e-07,1,6,6.607656e-06,8.639861e-06,7,6.134939e-06,3.155281e-05,1,3,2.729306e-07,6.462263e-06,6,1,0.8658029,2.64814e-07,3,6,7.672491e-06,4.990912e+09,0.003860938,1.317364,0.6586819,-77.65021,-105.8303,-165.7469,-173.927,0.0
20,8,1059,4.08331e-07,1,7,5.596875e-06,7.166969e-06,5,6.505184e-06,3.630636e-05,1,3,1.8e-07,6.024625e-06,7,2,0.7591444,2.531263e-07,2,7,7.22655e-06,5.44916e+09,0.002443704,1.18151,0.5907552,-71.81734,-100.1824,-162.6635,-171.0285,0.004687156
20,9,1060,3.720521e-07,1,5,6.943507e-06,7.763664e-06,5,6.32244e-06,3e-05,1,3,2.82226e-07,5.851913e-06,5,1,0.8151528,2.068156e-07,4,8,7.031559e-06,5.376787e+09,0.002943205,1.099583,0.5497913,-70.85264,-99.25998,-160.7749,-169.1822,0.5505759
20,10,1061,3.927577e-07,1,6,6.846689e-06,7.138026e-06,6,6.392731e-06,3.316799e-05,1,3,2.032001e-07,6.177962e-06,7,1,0.8056022,3.108065e-07,4,7,7.333539e-06,4.886492e+09,0.003338663,1.181154,0.5905771,-71.14904,-99.60341,-159.6933,-168.1476,0.1572905
20,11,1062,4.030519e-07,1,6,6.737915e-06,7.531911e-06,4,6.84503e-06,3.950145e-05,1,3,2.353792e-07,6.399882e-06,7,1,0.8974891,2.70341e-07,2,7,7.146349e-06,5.296421e+09,0.004288229,1.66832,0.8341602,-83.6538,-110.7559,-171.8107,-178.9128,0.01407522
20,12,1063,3.848534e-07,1,7,6.896796e-06,8.459503e-06,7,6.907799e-06,3.204394e-05,1,2,2.961119e-07,6.305208e-06,7,3,0.8389324,2.396775e-07,3,8,6.907446e-06,6.089456e+09,0.004701,1.066513,0.5332564,-73.16714,-101.6338,-162.1368,-170.6035,0.03764029
20,13,1064,3.311276e-07,1,6,5.869987e-06,7.276361e-06,5,6.553583e-06,3.906585e-05,1,3,2.606456e-07,5.493248e-06,8,1,0.8383565,2.837259e-07,2,7,7.215098e-06,5.176689e+09,0.003611835,1.532684,0.766342,-76.33939,-104.6663,-165.0432,-173.37,0.0007008895
20,14,1065,3.376034e-07,1,6,6.043168e-06,6.800845e-06,6,6.776099e-06,3.757205e-05,1,3,2.124519e-07,7.029039e-06,7,1,0.8567737,3.319577e-07,2,6,7.006286e-06,5.171957e+09,0.004001788,1.558144,0.779072,-77.54046,-105.8256,-165.791,-174.0762,0.001701611
20,15,1066,4.21882e-07,1,6,6.908775e-06,8.216555e-06,6,6.480022e-06,3.69006e-05,1,2,3.105131e-07,5.828009e-06,8,2,0.8899229,3.259672e-07,3,9,7.285555e-06,5.9287e+09,0.004471271,1.118152,0.5590762,-72.1796,-100.5904,-161.1345,-169.5453,0.02640308
20,16,1067,4.008971e-07,1,6,6.192734e-06,7.319162e-06,6,6.594078e-06,3.242381e-05,1,3,1.871178e-07,5.74248e-06,8,1,0.788797,2.183921e-07,3,8,6.728769e-06,5.293386e+09,0.002760336,1.139849,0.5699246,-72.12304,-100.5387,-162.1881,-170.6037,0.001437841
20,17,1068,3.895782e-07,2,7,5.563657e-06,7.144388e-06,5,7.370129e-06,3.97073e-05,1,2,1.8e-07,6.547253e-06,8,1,0.8674821,2.591902e-07,2,7,6.876758e-06,7.001587e+09,0.007195623,1.724313,0.8621564,-86.60691,-112.7453,-174.9402,-181.0786,0.1613875
20,18,1069,3.868498e-07,2,6,5.828759e-06,7.474299e-06,6,6.755814e-06,3.972889e-05,1,3,2.765605e-07,6.391523e-06,6,1,0.8405333,2.689978e-07,2,6,6.59186e-06,5.045909e+09,0.004691243,1.679965,0.8399827,-91.02356,-116.0124,-178.3695,-183.3583,0.01439445
20,19,1070,4.31562e-07,1,5,6.706965e-06,8.145346e-06,4,6.606988e-06,3.692107e-05,1,3,2.74671e-07,6.711463e-06,7,1,0.8359951,2.819765e-07,3,6,7.264324e-06,5.261044e+09,0.002852113,1.285883,0.6429415,-72.1725,-100.5052,-162.0423,-170.375,0.0009971246
20,20,1071,4.166854e-07,2,6,6.755752e-06,7.1235e-06,5,7.257132e-06,3.716436e-05,1,3,3.206639e-07,7.019353e-06,9,3,0.9320206,2.588527e-07,3,9,6.897809e-06,3.730671e+09,0.009707909,1.795938,0.8979691,-91.05151,-117.2103,-172.616,-178.7747,0.09587258
20,21,1072,3.997217e-07,1,5,7.001725e-06,7.809218e-06,6,6.295143e-06,3e-05,1,3,2.336181e-07,5.960547e-06,6,1,0.8099828,2.973141e-07,3,5,7.196469e-06,5.773e+09,0.002802294,1.166459,0.5832293,-72.37393,-100.7429,-163.1268,-171.4958,0.01741363
20,22,1073,3.789809e-07,1,5,6.21771e-06,7.770831e-06,6,6.736225e-06,3.854641e-05,1,3,2.39036e-07,6.563157e-06,6,2,0.8882516,2.989698e-07,3,6,7.228781e-06,4.556588e+09,0.003714283,1.361843,0.6809217,-74.01192,-102.5102,-161.486,-169.9842,0.004911778
20,23,1074,4.024603e-07,1,6,5.994063e-06,7.122225e-06,5,6.589678e-06,3.440727e-05,1,4,1.980397e-07,6.537944e-06,6,1,0.7954705,2.533399e-07,2,6,7.305804e-06,4.495841e+09,0.002708345,1.455823,0.7279117,-75.24575,-103.5293,-163.9749,-172.2584,0.006803195
20,24,1075,3.73306e-07,1,7,6.619398e-06,7.793767e-06,6,6.553594e-06,3.754984e-05,1,2,2.336331e-07,6.81479e-06,7,3,0.8207378,3.072093e-07,3,7,7.188191e-06,6.014268e+09,0.004304032,1.130831,0.5654154,-71.5504,-100.063,-160.7953,-169.3079,0.03213713
20,25,1076,3.719725e-07,1,6,6.59023e-06,8.071675e-06,5,6.907803e-06,3.644773e-05,1,3,1.961202e-07,6.196376e-06,8,1,0.8675025,2.441459e-07,4,6,7.410151e-06,4.709952e+09,0.004372709,1.470871,0.7354357,-75.22619,-103.654,-162.279,-170.7068,0.001504297
20,26,1077,3.958146e-07,1,5,6.316198e-06,8.025463e-06,6,6.148037e-06,3.590827e-05,1,4,1.8e-07,5.868647e-06,6,1,0.8088688,2.19679e-07,3,6,7.184661e-06,3.990099e+09,0.002609964,1.332849,0.6664243,-75.06288,-103.4517,-162.9162,-171.305,0.03448226
20,27,1078,3.711642e-07,1,6,6.816663e-06,8.497545e-06,6,6.565443e-06,3.218701e-05,1,3,2.845574e-07,6.06767e-06,7,1,0.8467488,2.17226e-07,4,6,7.098594e-06,4.944375e+09,0.003921314,1.335984,0.667992,-76.07965,-104.3949,-164.0276,-172.3428,0.0
20,28,1079,3.337296e-07,1,5,6.520247e-06,8.144191e-06,3,5.707778e-06,3.610495e-05,1,3,2.13827e-07,5.983418e-06,7,1,0.7864921,2.599182e-07,4,7,7.375866e-06,5.281762e+09,0.002794096,1.233666,0.6168329,-67.42096,-96.03212,-157.4141,-166.0253,15.74538
20,29,1080,3.99178e-07,1,6,6.061778e-06,7.78848e-06,6,6.543108e-06,3.770955e-05,1,3,2.779827e-07,6.876134e-06,5,1,0.813067,2.598291e-07,2,6,6.966308e-06,5.296018e+09,0.002833525,1.345721,0.6728606,-76.30252,-104.4942,-166.2582,-174.4499,0.001477238
20,30,1081,3.856762e-07,1,7,6.465385e-06,7.174196e-06,5,6.883803e-06,4.191131e-05,1,3,3.066234e-07,6.62552e-06,7,1,0.8911352,2.979451e-07,3,8,6.892932e-06,4.353113e+09,0.004473831,1.554808,0.7774039,-83.81732,-111.1502,-170.0865,-177.4194,0.01379176
20,31,1082,3.413551e-07,1,10,5.97907e-06,7.732361e-06,5,7.185309e-06,4.275631e-05,1,3,2.236858e-07,6.060961e-06,8,1,0.9170799,2.102969e-07,3,8,7.450099e-06,4.248696e+09,0.007022525,1.787956,0.893978,-90.96937,-116.714,-175.0696,-180.8142,0.05452027
20,32,1083,3.84722e-07,1,5,6.645027e-06,7.900737e-06,6,7.562024e-06,3.445324e-05,1,3,3.056696e-07,6.852329e-06,7,1,0.8740453,2.900756e-07,4,6,6.772884e-06,4.67057e+09,0.003494709,1.231966,0.6159832,-74.24024,-102.6486,-162.1935,-170.6019,0.002192346
20,33,1084,4.193778e-07,1,6,6.56896e-06,7.589624e-06,7,7.632244e-06,3.738374e-05,1,3,3.984639e-07,6.523215e-06,8,1,0.8246841,2.473478e-07,3,7,6.780082e-06,4.433305e+09,0.003111048,1.173788,0.5868938,-76.13751,-104.3748,-164.143,-172.3803,0.009071378
20,34,1085,3.635894e-07,1,5,5.769855e-06,7.906432e-06,4,6.420394e-06,4.017054e-05,1,3,2.29521e-07,6.782717e-06,7,1,0.7937044,2.833408e-07,3,6,7.315513e-06,5.18857e+09,0.002379295,1.211343,0.6056713,-69.48021,-98.01279,-160.0167,-168.5493,3.949306
20,35,1086,3.509117e-07,1,7,6.191401e-06,6.91342e-06,7,6.841268e-06,3.804557e-05,1,3,2.602065e-07,6.196478e-06,6,1,0.8585459,2.614804e-07,2,7,6.889773e-06,4.943146e+09,0.004132443,1.559808,0.779904,-85.17641,-112.3568,-172.8944,-180.0748,0.001589776
20,36,1087,4.278436e-07,1,6,6.042803e-06,6.96837e-06,6,7.403289e-06,4.057308e-05,1,3,2.0985e-07,6.660975e-06,7,1,0.891404,3.408052e-07,2,9,6.975719e-06,4.579754e+09,0.003804848,1.440079,0.7200394,-76.81609,-105.0471,-164.2296,-172.4605,0.004271461
20,37,1088,3.849185e-07,1,5,6.486501e-06,8.320314e-06,4,6.527099e-06,3e-05,1,4,2.798223e-07,5.468319e-06,6,1,0.7930697,2.300168e-07,2,5,7.456042e-06,5.07635e+09,0.002427965,1.410627,0.7053133,-74.86093,-103.1241,-165.1195,-173.3827,0.0
20,38,1089,3.519416e-07,1,5,5.873626e-06,7.727309e-06,6,6.412706e-06,3.531327e-05,1,3,2.29987e-07,5e-06,8,1,0.821841,2.079123e-07,2,6,7.148825e-06,5.548048e+09,0.0027957,1.320523,0.6602615,-73.97707,-102.4439,-164.395,-172.8618,0.007718076
20,39,1090,3.819329e-07,2,6,6.820089e-06,8.010561e-06,6,6.430591e-06,3.611828e-05,1,3,2.635213e-07,6.641803e-06,6,1,0.9044093,2.952601e-07,3,7,7.478965e-06,4.569195e+09,0.006103436,1.639172,0.8195861,-90.60382,-116.2215,-175.9449,-181.5625,0.01316617
20,40,1091,4.023156e-07,2,6,6.040082e-06,7.150749e-06,9,7.30674e-06,3.683746e-05,1,3,3.01732e-07,6.631725e-06,7,1,0.8792041,2.700056e-07,2,7,6.994642e-06,4.435779e+09,0.005260518,1.577912,0.7889562,-92.68757,-117.7445,-178.4167,-183.4736,0.0116734
20,41,1092,4.18297e-07,1,6,5.92439e-06,6.991199e-06,4,6.774937e-06,3.528145e-05,1,3,2.216576e-07,6.867129e-06,8,1,0.8289091,3.196411e-07,3,9,7.371539e-06,4.963788e+09,0.003069017,1.196262,0.598131,-70.34994,-98.77645,-159.3962,-167.8227,1.497063
20,42,1093,3.559412e-07,1,6,6.584077e-06,7.908117e-06,5,6.737118e-06,3.671081e-05,1,2,2.014337e-07,7.010228e-06,6,2,0.8512416,2.606498e-07,4,9,6.830835e-06,6.16561e+09,0.00437021,1.143972,0.571986,-69.6022,-98.19326,-158.9967,-167.5878,3.307967
20,43,1094,4.114994e-07,1,6,6.476359e-06,8.552086e-06,7,6.68226e-06,4.973699e-05,1,2,2.567392e-07,6.740862e-06,9,3,0.9404681,3.403336e-07,3,9,7.365052e-06,4.503527e+09,0.00528427,1.212643,0.6063215,-74.66779,-103.1627,-160.509,-169.0039,0.006546895
20,44,1095,3.731308e-07,1,6,6.200833e-06,7.06256e-06,7,6.857147e-06,3.87443e-05,1,3,2.812818e-07,6.114558e-06,9,2,0.7966768,2.649524e-07,4,7,6.77112e-06,4.201157e+09,0.003084929,1.128994,0.564497,-72.37247,-100.8945,-159.9474,-168.4694,0.02034074
20,45,1096,4.322591e-07,1,7,6.424609e-06,8.027531e-06,6,7.076274e-06,4.159639e-05,1,3,3.060097e-07,6.846678e-06,9,1,0.8746088,2.937395e-07,3,8,7.178673e-06,4.057504e+09,0.004281351,1.442009,0.7210045,-78.95146,-107.0652,-164.8008,-172.9146,0.02956264
20,46,1097,3.703378e-07,1,5,6.983269e-06,7.865305e-06,4,6.794276e-06,3e-05,1,4,2.58805e-07,6.571101e-06,6,1,0.8380288,1.977079e-07,3,5,6.874267e-06,4.731223e+09,0.003326785,1.576828,0.7884139,-79.45002,-107.465,-167.7292,-175.7442,0.003809751
20,47,1098,3.685795e-07,1,6,6.215661e-06,8.037867e-06,4,6.560333e-06,3.589095e-05,1,2,2.197481e-07,6.529048e-06,8,2,0.865042,2.138093e-07,3,6,6.947591e-06,7.162672e+09,0.004225143,1.297853,0.6489266,-70.65946,-99.18448,-161.5025,-170.0276,0.8286462
20,48,1099,4.040015e-07,1,6,6.220508e-06,6.98361e-06,5,5.796037e-06,3.381881e-05,1,4,1.8e-07,5.264088e-06,6,1,0.7886014,1.863307e-07,3,7,7.537604e-06,4.313499e+09,0.002729361,1.398125,0.6990624,-74.1819,-102.531,-162.5179,-170.867,0.01432667
20,49,1100,3.613515e-07,1,5,6.348702e-06,7.93465e-06,5,6.424093e-06,3.909009e-05,1,4,1.8e-07,6.113914e-06,7,1,0.8128803,2.144007e-07,2,5,7.603015e-06,4.217097e+09,0.002879951,1.562945,0.7814727,-77.00086,-105.3067,-164.9073,-173.2131,0.02118439
21,0,1101,4.184719e-07,1,7,6.050188e-06,7.324852e-06,5,6.667793e-06,4.302822e-05,1,3,2.022139e-07,6.630948e-06,8,1,0.8407603,3.265691e-07,3,9,7.365396e-06,4.197143e+09,0.003817315,1.373915,0.6869577,-73.67382,-102.0617,-160.3153,-168.7032,0.02057511
21,1,1102,4.206231e-07,1,7,6.838755e-06,7.582296e-06,6,7.568859e-06,3.690812e-05,1,2,2.871342e-07,6.308456e-06,5,1,0.9288562,2.783862e-07,3,10,7.347285e-06,6.062759e+09,0.004271962,1.102834,0.5514168,-79.2458,-106.6449,-168.5929,-175.992,0.03563648
21,2,1103,3.85461e-07,1,8,6.383188e-06,7.975658e-06,7,7.124895e-06,3.451453e-05,1,3,2.022541e-07,6.586851e-06,7,1,0.8526765,3.200207e-07,3,10,7.393179e-06,4.181691e+09,0.005005262,1.359152,0.6795761,-76.03753,-104.4249,-161.4703,-169.8576,0.02148968
21,3,1104,3.648324e-07,3,6,7.050067e-06,7.949634e-06,5,6.778528e-06,3.435175e-05,1,3,2.886841e-07,5.542049e-06,6,1,0.8859766,2.253565e-07,3,7,7.155518e-06,5.030395e+09,0.005831673,1.629707,0.8148533,-89.27187,-115.2959,-175.646,-181.67,0.007477235
21,4,1105,3.855365e-07,1,5,7.135839e-06,8.007201e-06,8,6.886556e-06,3.024084e-05,1,3,3.224591e-07,6.521159e-06,8,2,0.9557946,1.929641e-07,3,7,7.132026e-06,4.514879e+09,0.005140116,1.398227,0.6991133,-78.59712,-106.9768,-164.5803,-172.96,0.006177354
21,5,1106,3.918222e-07,1,7,6.573347e-06,7.797396e-06,6,6.763768e-06,3.855432e-05,1,2,3.081288e-07,6.251699e-06,9,3,0.9173946,2.512756e-07,3,8,6.926326e-06,5.473737e+09,0.005926341,1.312122,0.6560609,-74.19427,-102.7087,-161.2321,-169.7465,0.005370227
21,6,1107,4.038252e-07,1,5,6.439381e-06,6.603904e-06,5,6.567455e-06,3.811611e-05,1,3,2.306241e-07,6.523745e-06,6,1,0.7711394,2.858392e-07,4,6,6.884635e-06,5.188601e+09,0.00215249,1.084477,0.5422383,-69.45118,-97.87234,-160.4228,-168.8439,4.52726
21,7,1108,3.932393e-07,1,6,6.34855e-06,8.639861e-06,5,6.139793e-06,3.248338e-05,1,3,1.871627e-07,5.768885e-06,6,1,0.8658029,2.496458e-07,3,6,7.544371e-06,5.419438e+09,0.00389445,1.438668,0.7193342,-75.47067,-103.7656,-164.2453,-172.5402,0.003923121
21,8,1109,4.138094e-07,1,7,5.908093e-06,7.11973e-06,5,6.234625e-06,3.630636e-05,1,3,1.880847e-07,5.501933e-06,6,1,0.7879806,2.385111e-07,3,7,7.235216e-06,5.325985e+09,0.002923569,1.298135,0.6490675,-72.11152,-100.4605,-161.9804,-170.3293,0.001963452
21,9,1110,3.928957e-07,1,6,6.606974e-06,7.460452e-06,5,6.32244e-06,3.769848e-05,1,3,1.930634e-07,5.851913e-06,7,1,0.8615927,2.340181e-07,4,6,7.090876e-06,4.891427e+09,0.004061657,1.496874,0.748437,-75.64166,-103.9559,-163.3433,-171.6576,3.060963e-06
21,10,1111,4.016211e-07,1,6,6.846689e-06,7.421293e-06,5,6.417461e-06,3.650223e-05,1,3,1.89809e-07,6.616599e-06,6,1,0.8651438,2.595574e-07,4,8,7.292365e-06,4.578964e+09,0.004198777,1.394329,0.6971646,-74.0148,-102.4114,-160.9989,-169.3955,0.004292544
21,11,1112,3.648233e-07,1,5,6.626419e-06,7.531911e-06,5,6.481295e-06,3.804624e-05,1,3,3.110985e-07,6.484276e-06,7,1,0.9194406,2.850833e-07,3,8,7.044123e-06,4.634861e+09,0.003969323,1.447236,0.7236182,-78.47896,-106.5783,-165.8125,-173.9119,0.002927895
21,12,1113,3.846097e-07,1,5,6.517688e-06,8.271553e-06,6,7.042536e-06,3.316034e-05,1,3,3.192688e-07,6.53987e-06,6,1,0.8550772,2.719571e-07,3,6,7.095815e-06,5.0571e+09,0.00309047,1.201251,0.6006257,-74.72894,-103.0635,-163.9067,-172.2413,0.0
21,13,1114,3.311276e-07,1,6,5.86206e-06,7.035043e-06,4,6.004041e-06,3.906585e-05,1,3,2.606456e-07,5.795682e-06,7,1,0.8227552,2.837259e-07,2,8,7.02492e-06,5.451406e+09,0.003397281,1.532303,0.7661517,-73.7645,-102.1622,-163.1834,-171.5811,0.005211423
21,14,1115,3.440726e-07,2,5,5.961045e-06,6.870507e-06,5,6.33091e-06,3.587449e-05,1,3,2.27809e-07,5.827432e-06,7,1,0.8753803,3.319577e-07,2,7,7.303853e-06,5.367517e+09,0.005508525,1.725445,0.8627225,-88.16905,-113.9222,-175.3542,-181.1073,0.02534054
21,15,1116,3.536681e-07,1,6,6.494822e-06,7.165785e-06,5,6.480022e-06,3.709144e-05,1,3,2.216888e-07,6.309436e-06,8,2,0.8436358,3.259672e-07,3,7,7.376841e-06,4.592878e+09,0.004170308,1.391559,0.6957796,-72.12714,-100.6904,-159.1672,-167.7304,0.003928525
21,16,1117,3.633813e-07,1,5,6.499553e-06,7.623544e-06,6,6.669437e-06,3e-05,1,3,2.167681e-07,5.667149e-06,6,1,0.7894986,2.183921e-07,4,5,7.090273e-06,5.669992e+09,0.002603648,1.098862,0.5494309,-71.30026,-99.78396,-162.2161,-170.6998,0.05916223
21,17,1118,3.895782e-07,1,7,5.563657e-06,7.657722e-06,5,6.939467e-06,3.939526e-05,1,3,1.8e-07,6.973895e-06,7,1,0.7847116,2.660593e-07,3,6,6.984942e-06,4.991838e+09,0.002885311,1.289588,0.6447939,-72.52457,-100.9506,-161.8879,-170.3139,0.0
21,18,1119,3.678292e-07,1,6,6.4957e-06,8.520394e-06,5,6.237483e-06,3.203504e-05,1,3,2.473449e-07,5.768524e-06,7,1,0.8405333,2.056623e-07,3,6,7.206022e-06,5.499298e+09,0.003755253,1.438914,0.7194572,-75.87217,-104.1767,-164.9319,-173.2364,0.006129914
21,19,1120,4.275822e-07,1,5,6.585544e-06,8.184561e-06,7,6.620714e-06,3.41689e-05,1,3,2.936536e-07,5.890329e-06,7,1,0.8920503,2.596558e-07,2,7,7.283067e-06,5.03158e+09,0.003267232,1.300227,0.6501134,-78.49198,-106.5618,-167.3843,-175.4541,0.0
21,20,1121,3.546722e-07,1,6,6.278964e-06,7.587389e-06,5,6.6247e-06,3.722405e-05,1,2,1.8e-07,6.194913e-06,9,2,0.8721647,2.588527e-07,3,9,6.271986e-06,6.433768e+09,0.004568135,1.23637,0.6181848,-70.44574,-99.03232,-160.0177,-168.6042,1.004806
21,21,1122,3.628757e-07,1,5,6.627995e-06,8.577127e-06,6,6.215225e-06,3.069904e-05,1,3,3.263103e-07,6.552954e-06,5,1,0.844114,2.940519e-07,3,5,6.845532e-06,5.562686e+09,0.002938146,1.205573,0.6027866,-75.6373,-103.8249,-165.8623,-174.0499,0.008230632
21,22,1123,3.748582e-07,1,6,6.143502e-06,7.674914e-06,5,6.707691e-06,3.292758e-05,1,3,1.8e-07,6.004314e-06,7,1,0.818877,3.084812e-07,3,5,7.129291e-06,5.600875e+09,0.003296267,1.34297,0.6714848,-72.32855,-100.7822,-162.1134,-170.567,0.00964536
21,23,1124,4.072704e-07,1,8,5.726977e-06,7.615513e-06,5,6.725072e-06,3.805608e-05,1,3,2.005442e-07,6.035833e-06,9,2,0.8085412,2.847966e-07,2,7,7.272698e-06,4.857e+09,0.003699222,1.395438,0.6977191,-74.11012,-102.4695,-162.1564,-170.5157,7.700859e-05
21,24,1125,3.631379e-07,1,8,6.474529e-06,8.392827e-06,5,6.684385e-06,4.014033e-05,1,3,2.520028e-07,6.275061e-06,7,2,0.8207378,2.808335e-07,2,5,7.477282e-06,4.804233e+09,0.004702067,1.669685,0.8348427,-81.87634,-109.6996,-168.7859,-176.6092,0.01317892
21,25,1126,3.726111e-07,1,6,6.564442e-06,7.094304e-06,6,6.907803e-06,3.74723e-05,1,3,2.329688e-07,6.291111e-06,7,1,0.869187,2.317505e-07,2,8,7.191751e-06,4.999452e+09,0.004171368,1.560697,0.7803487,-80.43625,-108.4132,-168.2119,-176.1889,0.001637414
21,26,1127,3.804615e-07,1,6,6.077265e-06,7.793863e-06,5,6.048016e-06,3.364972e-05,1,3,1.933283e-07,5.814365e-06,7,2,0.8088688,2.094957e-07,3,8,7.070639e-06,5.142755e+09,0.00316582,1.232067,0.6160335,-71.58935,-100.0821,-160.8084,-169.3012,7.02817e-05
21,27,1128,3.953532e-07,1,6,6.816663e-06,7.673503e-06,6,6.610468e-06,3.744382e-05,1,3,2.79036e-07,6.362192e-06,7,2,0.9173379,2.17226e-07,3,9,7.257833e-06,4.236791e+09,0.005145754,1.528292,0.7641458,-78.67097,-106.9632,-164.0972,-172.3895,0.01867503
21,28,1129,3.798902e-07,1,5,6.667285e-06,7.898836e-06,5,6.904873e-06,3.475237e-05,1,3,2.13827e-07,6.541457e-06,8,1,0.8287792,2.84988e-07,4,6,7.08283e-06,4.968021e+09,0.003132328,1.213933,0.6069665,-71.3187,-99.82429,-160.2837,-168.7893,0.03087256
21,29,1130,3.436384e-07,1,6,5.758416e-06,7.046957e-06,6,6.418024e-06,3.518884e-05,1,3,1.8e-07,6.068132e-06,5,1,0.7947827,2.61802e-07,3,6,7.26153e-06,5.336677e+09,0.002955451,1.277751,0.6388755,-71.36796,-99.90299,-161.2071,-169.7422,0.01156495
21,30,1131,3.999635e-07,1,6,6.570247e-06,7.86577e-06,5,6.945516e-06,3.647894e-05,1,3,3.793247e-07,6.991812e-06,6,1,0.9388957,2.914299e-07,3,7,6.999789e-06,4.771751e+09,0.003789588,1.406252,0.7031261,-84.98661,-111.7888,-172.7742,-179.5764,0.0006850367
21,31,1132,3.903102e-07,1,8,6.562213e-06,8.416578e-06,6,7.185309e-06,3.541882e-05,1,3,2.591931e-07,7.869243e-06,7,2,0.8601349,2.91955e-07,3,7,7.450099e-06,4.234221e+09,0.005424829,1.489094,0.7445472,-77.25623,-105.6188,-162.4478,-170.8105,0.01846153
21,32,1133,4.094763e-07,1,6,6.491659e-06,8.167605e-06,5,6.71348e-06,3.166407e-05,1,3,1.8e-07,6.133825e-06,7,1,0.8131652,2.621505e-07,4,8,6.918588e-06,5.038329e+09,0.003197773,1.148988,0.5744938,-71.344,-99.77506,-160.3413,-168.7723,0.05059658
21,33,1134,4.169881e-07,1,6,6.532359e-06,7.589624e-06,7,6.980909e-06,3.657819e-05,1,3,2.807139e-07,6.523215e-06,7,1,0.8246841,2.729768e-07,3,7,7.193396e-06,4.59767e+09,0.003219251,1.208419,0.6042095,-74.71516,-103.0377,-162.8884,-171.2109,0.003806896
21,34,1135,3.547081e-07,1,5,6.624591e-06,8.025201e-06,5,6.420394e-06,3.575963e-05,1,3,2.241322e-07,6.340713e-06,5,1,0.8888143,2.531179e-07,3,8,7.721262e-06,4.847134e+09,0.003862768,1.397947,0.6989737,-75.39081,-103.7522,-163.2315,-171.593,0.000116402
21,35,1136,4.245356e-07,1,7,6.041958e-06,7.457787e-06,5,6.440886e-06,3.323418e-05,1,3,3.920803e-07,5.972803e-06,7,1,0.8304377,2.891254e-07,3,8,7.450514e-06,5.016451e+09,0.003170812,1.193884,0.5969419,-74.41727,-102.4709,-163.4135,-171.4671,0.0
21,36,1137,3.939959e-07,1,6,5.934765e-06,6.96837e-06,6,7.137941e-06,4.072063e-05,1,3,2.0985e-07,6.151743e-06,8,1,0.8688968,3.041061e-07,2,7,7.205337e-06,4.800185e+09,0.003707761,1.491566,0.745783,-76.98876,-105.2626,-164.9228,-173.1967,0.0004149531
21,37,1138,4.118601e-07,1,6,6.722931e-06,8.08968e-06,4,6.463538e-06,3e-05,1,3,2.048237e-07,5.680884e-06,5,1,0.8135652,2.289855e-07,2,5,7.183275e-06,6.820445e+09,0.003104837,1.48011,0.7400548,-76.37827,-104.3475,-168.1341,-176.1034,0.1137997
21,38,1139,3.473798e-07,1,5,6.635708e-06,7.99408e-06,4,6.565381e-06,3.680002e-05,1,3,2.318946e-07,5.556304e-06,6,1,0.9007359,2.462607e-07,3,7,6.839005e-06,5.219575e+09,0.003984278,1.544816,0.772408,-79.16324,-107.1631,-167.5124,-175.5123,0.001442369
21,39,1140,4.290966e-07,1,6,6.820089e-06,7.753351e-06,3,5.803936e-06,3.428644e-05,1,3,2.626176e-07,5.850567e-06,8,1,0.7950745,3.33474e-07,3,8,7.738878e-06,5.3499e+09,0.002901927,1.203777,0.6018883,-69.28977,-97.64358,-159.2298,-167.5836,5.555102
21,40,1141,4.408491e-07,1,8,5.739729e-06,6.97226e-06,8,7.465618e-06,4.176165e-05,1,3,2.820705e-07,6.836524e-06,8,1,0.8925213,3.461425e-07,1,7,6.706979e-06,4.558335e+09,0.003916229,1.568921,0.7844606,-91.05848,-116.6209,-178.3059,-183.8683,0.006973106
21,41,1142,4.038004e-07,1,5,5.783083e-06,7.254365e-06,5,6.291839e-06,3.660043e-05,1,3,1.8e-07,6.757236e-06,9,1,0.8289091,2.869723e-07,2,8,7.220878e-06,5.384297e+09,0.002601546,1.221194,0.610597,-71.46161,-99.89868,-161.9319,-170.3689,0.01337393
21,42,1143,3.827754e-07,1,6,6.584077e-06,7.547395e-06,5,6.737118e-06,3.756665e-05,1,2,2.62851e-07,6.902775e-06,7,2,0.9085264,2.637604e-07,3,7,6.673873e-06,6.493776e+09,0.004960424,1.35416,0.6770798,-72.52004,-100.9973,-161.8148,-170.2921,0.07468711
21,43,1144,3.809027e-07,1,8,6.086654e-06,8.731098e-06,6,5.901638e-06,3.877716e-05,1,2,2.416347e-07,6.740862e-06,9,1,0.8496568,2.876614e-07,3,7,7.408407e-06,6.259742e+09,0.004774754,1.297226,0.6486131,-72.99249,-101.4141,-162.1341,-170.5557,0.05171091
21,44,1145,3.340585e-07,1,8,6.03624e-06,7.951319e-06,5,6.336712e-06,3.928297e-05,1,3,1.8e-07,6.114558e-06,7,2,0.8624444,2.310831e-07,3,7,7.284726e-06,4.50174e+09,0.005796793,1.687846,0.8439231,-78.96418,-107.2324,-164.3999,-172.6681,0.0222888
21,45,1146,3.734028e-07,1,6,6.422264e-06,7.922279e-06,6,6.317504e-06,3.933049e-05,1,2,2.060258e-07,6.846678e-06,9,1,0.8782313,2.917334e-07,4,9,7.099552e-06,5.782489e+09,0.004481282,1.146775,0.5733875,-70.57146,-99.11929,-159.2997,-167.8476,0.7935664
21,46,1147,3.989675e-07,1,5,6.589659e-06,7.561064e-06,5,7.250082e-06,3.167243e-05,1,3,2.220806e-07,5.628286e-06,5,1,0.8256093,2.621131e-07,4,7,7.160903e-06,5.242026e+09,0.002839816,1.097528,0.548764,-70.87741,-99.31478,-160.7345,-169.1719,0.4703024
21,47,1148,3.788065e-07,1,6,6.211288e-06,8.037867e-06,5,6.241261e-06,3.485231e-05,1,3,1.8e-07,6.137066e-06,8,2,0.8244952,2.30465e-07,3,7,6.947591e-06,4.986752e+09,0.003499823,1.29461,0.6473051,-72.33465,-100.8177,-160.8505,-169.3336,0.0
21,48,1149,3.607583e-07,2,5,6.507604e-06,7.507988e-06,5,5.660672e-06,3.066796e-05,1,3,2.476481e-07,5.441723e-06,7,1,0.8158179,1.863307e-07,3,6,7.537604e-06,5.77279e+09,0.005120355,1.651843,0.8259214,-85.47703,-112.1565,-173.6117,-180.2912,0.02764998
21,49,1150,3.411543e-07,1,7,6.24071e-06,7.579868e-06,7,6.964863e-06,3.932844e-05,1,3,2.321937e-07,6.324814e-06,7,2,0.8475536,2.861216e-07,2,6,7.17541e-06,4.490912e+09,0.004746985,1.580676,0.7903378,-79.22673,-107.5269,-165.5092,-173.8094,0.009862838
22,0,1151,3.904118e-07,1,6,6.657409e-06,8.048365e-06,5,6.486775e-06,3.384394e-05,1,3,2.022139e-07,6.266815e-06,7,1,0.8407603,2.463686e-07,4,7,7.108158e-06,4.921061e+09,0.003812301,1.331518,0.6657588,-72.97675,-101.4186,-161.0061,-169.4479,0.0
22,1,1152,4.095169e-07,2,6,6.838755e-06,7.034541e-06,7,7.568859e-06,3.690812e-05,1,3,2.709041e-07,6.987407e-06,5,2,0.9196493,2.783862e-07,3,9,7.364702e-06,4.00804e+09,0.007911246,1.709521,0.8547604,-92.21087,-117.6281,-175.2871,-180.7043,0.0526465
22,2,1153,4.361909e-07,1,8,6.392345e-06,7.75353e-06,5,6.760086e-06,4.723229e-05,1,3,3.096038e-07,7.192686e-06,8,1,0.933861,4.091968e-07,3,8,7.04175e-06,3.801315e+09,0.005037574,1.595046,0.7975229,-86.81255,-113.5339,-171.389,-178.1104,0.05429027
22,3,1154,3.649099e-07,2,6,7.050067e-06,7.700892e-06,5,6.85142e-06,3.762482e-05,1,3,2.886841e-07,6.240781e-06,6,1,0.8673368,2.46847e-07,3,6,7.155518e-06,4.923068e+09,0.005477085,1.674808,0.837404,-90.48088,-115.7949,-176.9401,-182.2541,0.01358126
22,4,1155,3.846575e-07,1,6,6.864096e-06,8.583969e-06,7,6.886556e-06,3.844269e-05,1,3,3.676868e-07,6.069618e-06,8,2,0.9275291,2.75455e-07,3,7,7.234841e-06,3.961113e+09,0.005148001,1.500873,0.7504363,-81.66272,-109.7825,-166.5027,-174.6225,0.03671454
22,5,1156,3.918222e-07,1,5,6.954883e-06,8.084065e-06,6,6.666916e-06,3.855432e-05,1,3,2.99014e-07,5.802728e-06,6,2,0.9173946,2.788669e-07,2,7,6.926326e-06,4.70501e+09,0.004178171,1.538951,0.7694757,-80.81384,-108.8123,-168.0552,-176.0537,0.002257866
22,6,1157,4.085418e-07,1,6,6.439381e-06,6.760541e-06,5,6.958572e-06,3.811611e-05,1,3,2.035146e-07,6.523745e-06,5,1,0.8308197,2.858432e-07,2,6,7.134676e-06,5.583481e+09,0.003260926,1.506195,0.7530977,-76.93853,-105.007,-166.7432,-174.8117,0.009004137
22,7,1158,3.702569e-07,1,6,6.405863e-06,7.668889e-06,7,7.065315e-06,3e-05,1,3,3.104937e-07,6.462263e-06,6,1,0.852573,2.250727e-07,2,6,7.09385e-06,5.497485e+09,0.003492614,1.337413,0.6687063,-80.55072,-108.4377,-169.9225,-177.8095,0.006074358
22,8,1159,3.945253e-07,1,7,6.296774e-06,7.201845e-06,5,6.375942e-06,3.630636e-05,1,3,2.700272e-07,6.030057e-06,7,1,0.8298816,2.642257e-07,2,9,7.085982e-06,5.222054e+09,0.003734879,1.488284,0.7441422,-76.97845,-105.0823,-165.6125,-173.7164,0.0005727513
22,9,1160,3.964164e-07,1,6,6.27195e-06,7.061162e-06,5,6.620027e-06,3.769848e-05,1,3,1.930634e-07,5.851913e-06,7,1,0.8385254,2.785872e-07,3,7,7.162777e-06,4.993472e+09,0.003498564,1.39395,0.696975,-73.16211,-101.5666,-161.6913,-170.0958,0.0
22,10,1161,4.04947e-07,1,6,5.830092e-06,7.162842e-06,4,6.392731e-06,3.521589e-05,1,3,1.8e-07,6.898106e-06,6,1,0.8539632,2.901812e-07,3,6,7.333539e-06,5.542121e+09,0.003417301,1.419025,0.7095124,-72.18262,-100.5808,-161.7193,-170.1175,0.00751523
22,11,1162,3.858077e-07,1,6,6.654239e-06,7.629488e-06,4,6.625644e-06,3.804624e-05,1,3,2.353792e-07,6.128218e-06,8,1,0.8719403,2.803509e-07,3,7,7.284405e-06,4.900524e+09,0.004221904,1.542515,0.7712576,-76.63141,-104.8606,-164.1812,-172.4103,0.0008033528
22,12,1163,3.848534e-07,1,6,5.928357e-06,8.304337e-06,5,6.505655e-06,3.204394e-05,1,3,2.019569e-07,6.53987e-06,7,1,0.7816339,2.653994e-07,3,6,7.182449e-06,5.570809e+09,0.002621479,1.144727,0.5723637,-71.07586,-99.52814,-161.8088,-170.261,0.2311763
22,13,1164,3.159594e-07,1,6,5.678914e-06,7.295097e-06,5,6.289402e-06,3.873527e-05,1,3,2.606456e-07,5.493248e-06,7,1,0.8397737,2.465566e-07,2,7,6.88757e-06,5.382755e+09,0.003582757,1.569422,0.784711,-78.24291,-106.4115,-167.3208,-175.4894,0.005215786
22,14,1165,3.364258e-07,1,6,5.961045e-06,6.870507e-06,6,6.698625e-06,4.050209e-05,1,3,1.8e-07,6.276679e-06,7,1,0.8753803,3.319577e-07,2,7,7.267006e-06,4.865094e+09,0.004292036,1.592625,0.7963124,-78.04419,-106.3141,-165.4594,-173.7293,0.003863791
22,15,1166,3.863253e-07,1,6,6.169957e-06,8.216555e-06,5,6.382199e-06,3.709144e-05,1,3,1.916301e-07,5.828009e-06,6,1,0.8269135,2.852188e-07,2,7,7.286904e-06,5.371567e+09,0.003290458,1.42866,0.7143298,-74.5341,-102.8714,-163.9636,-172.3009,0.002835392
22,16,1167,4.008971e-07,1,6,6.374233e-06,8.048766e-06,5,6.669437e-06,3.229741e-05,1,3,1.996855e-07,5.667149e-06,6,1,0.821865,2.404974e-07,4,6,7.097859e-06,5.318524e+09,0.003259495,1.256909,0.6284544,-72.42067,-100.8155,-161.805,-170.1998,0.00183593
22,17,1168,3.709133e-07,1,7,5.728676e-06,7.657722e-06,5,6.451638e-06,3.939526e-05,1,3,1.8e-07,5.595674e-06,8,1,0.7879122,2.946939e-07,3,6,7.050804e-06,5.007215e+09,0.003133206,1.349746,0.6748729,-72.07475,-100.5434,-161.1068,-169.5754,0.0
22,18,1169,3.793273e-07,1,6,6.306743e-06,7.61755e-06,5,6.904901e-06,3.936957e-05,1,3,2.353521e-07,6.697811e-06,7,1,0.8454629,2.689978e-07,3,5,7.148808e-06,4.998365e+09,0.00367287,1.512667,0.7563335,-76.7383,-105.0069,-165.0648,-173.3334,7.131295e-05
22,19,1170,3.64659e-07,1,5,6.585544e-06,7.757118e-06,6,6.968008e-06,3.500053e-05,1,3,2.77099e-07,5.890329e-06,7,1,0.8754442,3.087878e-07,2,7,7.039784e-06,5.13622e+09,0.00348209,1.391015,0.6955073,-77.26429,-105.5008,-166.0588,-174.2953,5.043836e-05
22,20,1171,3.805648e-07,1,7,6.282433e-06,7.445069e-06,5,6.6247e-06,4.011847e-05,1,2,2.938144e-07,6.18067e-06,9,2,0.9294953,2.588527e-07,3,9,7.083368e-06,5.761447e+09,0.005882052,1.412328,0.7061638,-73.90267,-102.3878,-161.418,-169.9031,0.01682094
22,21,1172,3.854588e-07,1,5,6.702266e-06,7.406278e-06,6,6.191561e-06,3e-05,1,3,1.953511e-07,6.128524e-06,5,1,0.8879797,2.849279e-07,3,6,7.103783e-06,5.637149e+09,0.003686948,1.359932,0.6799662,-74.68655,-103.0051,-164.0411,-172.3597,0.01109301
22,22,1173,3.736305e-07,1,6,6.071869e-06,7.384921e-06,5,6.641862e-06,3.576474e-05,1,3,1.8e-07,6.685308e-06,7,1,0.8152595,3.084812e-07,2,6,7.193714e-06,5.596765e+09,0.003218011,1.411142,0.7055709,-73.16849,-101.589,-163.0514,-171.4719,0.009487725
22,23,1174,3.802535e-07,1,7,5.715344e-06,7.075586e-06,6,6.589678e-06,3.701071e-05,1,3,1.980397e-07,6.222964e-06,8,2,0.7954705,2.817116e-07,2,6,6.833199e-06,5.073386e+09,0.003216622,1.323925,0.6619624,-73.52287,-101.9487,-162.5548,-170.9807,0.0
22,24,1175,3.780193e-07,1,6,5.956015e-06,7.267447e-06,5,6.182273e-06,3.873753e-05,1,3,1.8e-07,6.022719e-06,7,2,0.8259271,2.808335e-07,3,5,7.155327e-06,5.068542e+09,0.003354938,1.38599,0.6929951,-72.29166,-100.763,-161.1325,-169.6038,0.0
22,25,1176,3.779926e-07,1,6,5.972796e-06,7.407909e-06,6,7.028868e-06,3.421938e-05,1,3,3.066844e-07,6.308812e-06,9,1,0.845995,3.002118e-07,3,7,7.410151e-06,4.771832e+09,0.003498195,1.246061,0.6230307,-72.99555,-101.4558,-161.1308,-169.5911,0.000684171
22,26,1177,3.992617e-07,1,6,5.562543e-06,7.793863e-06,5,6.220822e-06,3.364972e-05,1,3,1.8e-07,6.562817e-06,8,2,0.784656,2.660435e-07,3,7,7.062608e-06,5.189971e+09,0.002463545,1.063568,0.5317839,-70.99521,-99.4355,-161.3829,-169.8232,0.3189692
22,27,1178,3.953532e-07,1,7,5.965651e-06,8.240067e-06,6,6.565443e-06,3e-05,1,3,2.351513e-07,6.228741e-06,8,2,0.8701868,2.674324e-07,3,7,7.076537e-06,4.915622e+09,0.004502324,1.337827,0.6689133,-74.38382,-102.8295,-161.681,-170.1267,0.0
22,28,1179,3.764795e-07,1,6,6.095033e-06,8.380139e-06,5,6.585188e-06,3.575568e-05,1,3,2.13827e-07,6.343621e-06,7,1,0.8191926,2.315581e-07,4,6,7.158982e-06,4.955049e+09,0.003284082,1.289954,0.6449771,-72.51328,-100.9896,-161.2501,-169.7264,0.0
22,29,1180,3.614923e-07,1,6,5.922302e-06,6.84215e-06,4,6.217013e-06,3.556955e-05,1,3,1.8e-07,6.958058e-06,7,1,0.7910357,2.665687e-07,5,6,6.80744e-06,5.148369e+09,0.002927134,1.219348,0.6096742,-68.85688,-97.41073,-158.4258,-166.9797,6.704402
22,30,1181,3.89189e-07,1,6,6.234362e-06,7.121644e-06,4,6.838782e-06,3.822431e-05,1,3,3.793247e-07,6.991812e-06,7,1,0.8680203,2.914299e-07,3,7,6.999789e-06,4.89701e+09,0.003519162,1.428019,0.7140096,-77.43386,-105.4286,-165.7681,-173.7629,3.723667e-07
22,31,1182,3.559054e-07,1,10,6.41278e-06,8.416578e-06,5,6.635496e-06,3.476126e-05,1,2,2.392316e-07,6.457756e-06,7,2,0.8547171,2.434013e-07,2,7,7.371518e-06,6.94653e+09,0.006667989,1.599024,0.7995118,-79.29474,-107.2694,-167.8902,-175.8648,0.135449
22,32,1183,4.094763e-07,1,6,6.571944e-06,8.0067e-06,6,6.48709e-06,3.649666e-05,1,3,2.064587e-07,6.362819e-06,8,2,0.8572839,2.659596e-07,3,6,7.350395e-06,4.61896e+09,0.003963592,1.357677,0.6788385,-74.707,-103.1113,-162.017,-170.4213,0.003289608
22,33,1184,4.085374e-07,1,6,6.532359e-06,7.583428e-06,6,6.61837e-06,3.427881e-05,1,3,2.807139e-07,6.008949e-06,7,1,0.8246841,2.698371e-07,3,6,7.193396e-06,5.116868e+09,0.003226689,1.279967,0.6399836,-74.25727,-102.5593,-163.3498,-171.6518,1.093943e-05
22,34,1185,3.635042e-07,1,6,5.963062e-06,7.876026e-06,5,6.420394e-06,3.579459e-05,1,3,2.106654e-07,6.846017e-06,7,1,0.8888143,3.114257e-07,3,6,7.721262e-06,4.957796e+09,0.004249579,1.490644,0.7453222,-75.31506,-103.7105,-162.9374,-171.3328,0.0
22,35,1186,3.914229e-07,1,9,6.041958e-06,7.457787e-06,5,6.440886e-06,3.796272e-05,1,3,3.107207e-07,7.523426e-06,7,1,0.8566111,2.891254e-07,3,8,7.553908e-06,4.466287e+09,0.00483451,1.542348,0.7711742,-82.32803,-109.9004,-168.4834,-176.0558,0.008631572
22,36,1187,4.090204e-07,1,7,5.616902e-06,7.359433e-06,6,6.841891e-06,3.848029e-05,1,3,1.8e-07,6.151743e-06,8,1,0.8024363,2.845237e-07,2,7,7.196142e-06,5.054184e+09,0.003038165,1.323665,0.6618323,-74.35337,-102.6944,-163.6003,-171.9413,0.0
22,37,1188,4.118601e-07,1,5,6.486501e-06,8.486928e-06,4,6.400452e-06,3e-05,1,4,2.222997e-07,5.584123e-06,5,1,0.8135652,2.197379e-07,3,5,7.050902e-06,4.863179e+09,0.002569714,1.388071,0.6940356,-74.50107,-102.747,-164.1406,-172.3866,5.646811e-05
22,38,1189,3.857787e-07,1,6,6.203572e-06,7.134961e-06,5,6.671106e-06,3.740329e-05,1,3,2.29987e-07,5e-06,7,1,0.8613213,2.079123e-07,3,7,7.119685e-06,5.095168e+09,0.003727101,1.49691,0.7484552,-77.65247,-105.7984,-166.0819,-174.2278,0.0
22,39,1190,4.290966e-07,1,6,6.234196e-06,7.247722e-06,5,6.514454e-06,3.428644e-05,1,3,2.626176e-07,6.432906e-06,7,1,0.829904,3.139731e-07,3,7,7.394025e-06,5.158706e+09,0.003089188,1.229187,0.6145934,-71.92906,-100.2801,-161.2814,-169.6325,0.0001325048
22,40,1191,3.736949e-07,1,8,6.540567e-06,7.201368e-06,7,7.232967e-06,3.766528e-05,1,3,3.166372e-07,6.631725e-06,5,1,0.9141509,2.755886e-07,3,7,7.123361e-06,4.475671e+09,0.004258207,1.433844,0.7169218,-88.22079,-114.5317,-174.9457,-181.2566,0.007499187
22,41,1192,3.906447e-07,1,6,5.92439e-06,7.329301e-06,4,5.968286e-06,3.528145e-05,1,3,2.508233e-07,6.418067e-06,10,2,0.7791781,2.860431e-07,2,8,7.253504e-06,5.245343e+09,0.002588884,1.157846,0.5789232,-70.2237,-98.68962,-160.4881,-168.954,1.717899
22,42,1193,3.681968e-07,1,6,6.584077e-06,7.249559e-06,5,6.998705e-06,4.030033e-05,1,2,2.46064e-07,6.747143e-06,9,3,0.8769861,2.606498e-07,3,9,6.673873e-06,5.600796e+09,0.004746993,1.189042,0.5945209,-71.56704,-100.1325,-159.7679,-168.3334,0.009642326
22,43,1194,4.200174e-07,1,6,6.323573e-06,7.622584e-06,6,6.8069e-06,3.984404e-05,1,3,2.416347e-07,6.088006e-06,9,1,0.8907544,3.403336e-07,2,8,7.586194e-06,4.562135e+09,0.003989811,1.465294,0.7326468,-77.69583,-105.8833,-164.8697,-173.0571,0.00475438
22,44,1195,3.863904e-07,1,5,6.638672e-06,8.378247e-06,7,6.192159e-06,3.15091e-05,1,3,2.523093e-07,6.114558e-06,6,2,0.8284064,2.699684e-07,3,6,6.778675e-06,5.072937e+09,0.003073255,1.140479,0.5702397,-73.23992,-101.7022,-162.4691,-170.9314,0.0
22,45,1196,4.1246e-07,1,7,5.954267e-06,7.831954e-06,5,6.55611e-06,3.852248e-05,1,2,2.88647e-07,6.55666e-06,8,1,0.8647433,3.06242e-07,4,9,7.241835e-06,5.980577e+09,0.004036841,1.076103,0.5380517,-70.75249,-99.14128,-160.2269,-168.6157,0.7672173
22,46,1197,3.85329e-07,1,5,6.850568e-06,8.236602e-06,6,7.250082e-06,3e-05,1,3,2.709799e-07,5.764769e-06,6,1,0.8196425,1.915012e-07,4,5,6.862537e-06,5.436306e+09,0.002930511,1.137194,0.5685971,-74.14384,-102.5057,-164.1805,-172.5423,0.004348403
22,47,1198,3.788065e-07,1,6,6.028806e-06,7.793183e-06,6,6.353889e-06,3.292088e-05,1,3,1.8e-07,5.994088e-06,8,1,0.8244952,2.185227e-07,3,7,6.947591e-06,5.225008e+09,0.003342577,1.283967,0.6419837,-73.16897,-101.6331,-162.2899,-170.7541,0.0006008117
22,48,1199,4.235929e-07,1,6,6.279233e-06,7.335939e-06,5,6.351459e-06,3.951049e-05,1,3,2.022322e-07,6.33737e-06,7,1,0.8087752,2.302069e-07,3,8,7.249486e-06,4.851806e+09,0.00293251,1.279002,0.6395008,-72.61549,-100.9823,-161.6612,-170.0279,9.673871e-05
22,49,1200,3.886721e-07,1,6,6.348702e-06,7.311807e-06,6,6.705415e-06,3.716103e-05,1,3,2.043293e-07,6.133456e-06,7,1,0.8344671,3.299185e-07,2,7,6.894136e-06,5.132976e+09,0.003473518,1.418391,0.7091953,-75.13493,-103.4746,-163.9346,-172.2743,4.180696e-05
23,0,1201,3.814935e-07,1,6,5.887958e-06,7.29839e-06,5,7.095026e-06,3.408257e-05,1,3,2.022139e-07,6.092504e-06,7,1,0.8407603,2.637972e-07,2,7,7.150281e-06,5.592491e+09,0.003396854,1.420685,0.7103425,-74.20784,-102.5851,-163.8492,-172.2265,0.009325174
23,1,1202,3.994529e-07,1,6,6.839943e-06,7.034541e-06,7,6.929276e-06,3.646115e-05,1,3,2.272109e-07,6.240985e-06,5,2,0.8987368,2.638472e-07,1,9,7.364702e-06,5.059145e+09,0.004539492,1.618053,0.8090265,-84.99373,-112.2586,-172.5052,-179.7701,0.006194012
23,2,1203,4.573016e-07,1,8,5.976014e-06,7.180525e-06,7,6.695204e-06,4.136797e-05,1,2,2.682337e-07,6.645645e-06,8,1,0.8966547,4.091968e-07,3,10,7.0882e-06,5.506312e+09,0.004557016,1.145792,0.5728961,-74.16039,-102.3282,-162.3908,-170.5586,0.006347156
23,3,1204,3.648324e-07,2,6,6.574609e-06,7.798531e-06,5,6.863487e-06,3.924136e-05,1,3,2.387897e-07,6.88825e-06,6,1,0.8703736,2.632955e-07,3,7,7.155518e-06,4.597907e+09,0.006432122,1.738603,0.8693017,-90.96816,-116.3211,-176.1358,-181.4888,0.02910382
23,4,1205,3.799044e-07,1,5,6.982799e-06,8.542339e-06,5,6.886556e-06,3.403367e-05,1,3,3.676868e-07,6.521159e-06,8,3,0.9557946,2.317067e-07,4,7,7.355306e-06,4.07239e+09,0.005234311,1.396802,0.698401,-75.64518,-104.1733,-160.6536,-169.1816,0.02852721
23,5,1206,3.918222e-07,1,6,6.970723e-06,7.475458e-06,6,6.388592e-06,3.855432e-05,1,3,2.351397e-07,6.017032e-06,7,3,0.9173946,2.596647e-07,3,9,7.010867e-06,4.042996e+09,0.005449345,1.517103,0.7585514,-76.90591,-105.3323,-161.6765,-170.103,0.03071957
23,6,1207,4.038252e-07,1,5,6.012222e-06,7.315848e-06,5,6.590971e-06,3.62508e-05,1,3,2.306241e-07,6.523745e-06,6,1,0.8114067,2.858392e-07,3,6,7.321727e-06,5.353831e+09,0.002448182,1.165076,0.5825382,-70.83121,-99.2537,-161.5161,-169.9386,0.5594422
23,7,1208,3.808515e-07,1,6,6.185058e-06,7.680996e-06,6,6.134939e-06,3.155281e-05,1,3,1.823104e-07,5.398669e-06,6,1,0.8009432,2.262292e-07,3,7,7.175266e-06,5.485956e+09,0.003017728,1.218108,0.609054,-72.08319,-100.5287,-162.0714,-170.5169,0.005727118
23,8,1209,4.005093e-07,1,6,6.75661e-06,8.065941e-06,5,6.587172e-06,3.444484e-05,1,3,2.999787e-07,5.657942e-06,7,1,0.8483205,2.686453e-07,2,9,7.085982e-06,5.236289e+09,0.003530957,1.399695,0.6998474,-77.45569,-105.4761,-166.3572,-174.3777,0.0007141334
23,9,1210,3.974093e-07,1,6,6.377447e-06,8.044578e-06,5,6.559455e-06,3.671104e-05,1,3,1.930634e-07,5.851913e-06,8,1,0.8426873,2.785872e-07,3,7,7.321445e-06,4.894454e+09,0.003634687,1.370974,0.6854868,-73.46419,-101.8785,-161.6536,-170.0679,1.280904e-06
23,10,1211,4.04947e-07,1,6,6.846689e-06,7.108329e-06,5,6.47655e-06,3.316799e-05,1,3,2.418999e-07,6.392089e-06,7,1,0.8560147,2.644177e-07,4,8,7.333539e-06,4.800796e+09,0.003968671,1.307912,0.6539561,-72.85211,-101.2403,-160.4919,-168.8801,0.0004098859
23,11,1212,3.549299e-07,1,5,6.208839e-06,6.975344e-06,5,6.604918e-06,3.804624e-05,1,3,1.870956e-07,5.940071e-06,6,1,0.795749,2.850833e-07,3,7,6.989914e-06,5.170977e+09,0.002634291,1.22273,0.6113648,-69.82041,-98.36776,-159.8852,-168.4326,2.664399
23,12,1213,3.863769e-07,1,5,6.610768e-06,7.976583e-06,6,6.518587e-06,3.372651e-05,1,3,2.316634e-07,6.899686e-06,7,1,0.8389324,2.774472e-07,3,6,7.095815e-06,5.135551e+09,0.003155552,1.242706,0.621353,-72.97711,-101.4283,-162.1981,-170.6493,4.859216e-05
23,13,1214,3.487537e-07,1,6,5.869987e-06,7.838283e-06,5,6.341545e-06,3.906585e-05,1,3,2.178511e-07,5.874436e-06,8,1,0.8264566,2.837259e-07,2,7,7.25011e-06,5.164614e+09,0.003427079,1.472827,0.7364133,-73.93275,-102.3913,-162.8443,-171.3028,0.000160515
23,14,1215,3.805438e-07,1,6,6.478602e-06,6.870507e-06,5,6.606601e-06,4.050209e-05,1,3,2.464098e-07,6.838759e-06,7,2,0.8753803,3.319577e-07,2,8,6.95051e-06,4.633355e+09,0.004360751,1.552227,0.7761133,-75.76081,-104.1376,-162.6831,-171.0599,0.004173513
23,15,1216,3.856493e-07,1,6,6.36265e-06,7.777535e-06,5,6.480022e-06,3.797578e-05,1,3,2.871337e-07,5.828009e-06,7,1,0.8399639,3.259672e-07,2,7,7.351662e-06,5.161182e+09,0.003360997,1.441088,0.7205438,-76.71649,-104.8446,-165.7068,-173.8349,0.0001439141
23,16,1217,4.139873e-07,1,6,6.192734e-06,7.400846e-06,5,6.669437e-06,3.531639e-05,1,3,1.8e-07,5.580542e-06,7,1,0.7996648,2.34544e-07,3,8,6.780123e-06,5.230796e+09,0.002823169,1.221347,0.6106733,-71.89885,-100.2878,-161.7628,-170.1518,0.0006577321
23,17,1218,3.580014e-07,1,5,5.563657e-06,7.413221e-06,5,6.759821e-06,3.342768e-05,1,3,1.8e-07,6.32555e-06,8,1,0.7861645,2.354944e-07,2,6,7.116975e-06,5.967227e+09,0.002252739,1.16969,0.5848452,-71.17543,-99.67862,-163.1638,-171.667,0.1321999
23,18,1219,3.550399e-07,1,6,6.274229e-06,7.474299e-06,5,6.503218e-06,3.799181e-05,1,3,2.925457e-07,6.689608e-06,7,1,0.8702031,2.8503e-07,3,6,7.332957e-06,4.885766e+09,0.003992153,1.515068,0.7575342,-78.636,-106.7483,-166.4026,-174.5149,0.0001093511
23,19,1220,3.896961e-07,1,6,6.261618e-06,8.184561e-06,7,6.620714e-06,3.41689e-05,1,3,2.936536e-07,5.890329e-06,7,1,0.8998284,2.559066e-07,2,7,7.283067e-06,4.982818e+09,0.003844226,1.424506,0.7122529,-83.00401,-110.5789,-171.1054,-178.6803,0.0
23,20,1221,3.454425e-07,1,7,6.282433e-06,7.445069e-06,6,6.971615e-06,3.244876e-05,1,3,2.709772e-07,7.019353e-06,6,2,0.8671773,2.002893e-07,2,5,6.473802e-06,5.368985e+09,0.004968539,1.653025,0.8265125,-83.63732,-111.2214,-171.2729,-178.8569,0.01318913
23,21,1222,3.326858e-07,1,5,6.630182e-06,8.767023e-06,7,6.687951e-06,3.46828e-05,1,3,3.280685e-07,6.892156e-06,6,1,0.8821345,3.034716e-07,3,5,7.086296e-06,4.760895e+09,0.003577272,1.320777,0.6603884,-79.60306,-107.7381,-167.6213,-175.7563,0.0008059269
23,22,1223,3.878702e-07,1,7,5.869115e-06,7.048617e-06,5,6.696334e-06,3.392787e-05,1,3,1.8e-07,6.741579e-06,6,1,0.818877,2.58382e-07,3,6,7.193714e-06,5.463384e+09,0.003563854,1.411082,0.7055408,-73.22058,-101.6142,-162.4506,-170.8443,0.005076814
23,23,1224,3.893561e-07,1,8,5.726977e-06,7.078934e-06,5,6.589678e-06,4.249508e-05,1,3,1.8e-07,6.502177e-06,8,2,0.7954705,3.122693e-07,3,8,7.058079e-06,4.292433e+09,0.003631179,1.323895,0.6619476,-72.30848,-100.7714,-159.3621,-167.825,0.01537431
23,24,1225,3.816622e-07,1,6,5.913084e-06,7.744821e-06,5,6.301677e-06,3.754984e-05,1,3,1.878795e-07,6.022719e-06,7,2,0.8254523,2.709983e-07,3,6,7.222037e-06,4.945707e+09,0.003303248,1.31677,0.6583849,-72.16778,-100.6504,-160.8629,-169.3455,0.0
23,25,1226,3.530099e-07,1,6,6.233346e-06,7.094304e-06,5,6.907803e-06,4.030212e-05,1,3,2.481895e-07,6.557747e-06,8,1,0.8279092,2.742837e-07,2,6,7.380168e-06,5.123854e+09,0.003583084,1.54929,0.7746449,-76.42743,-104.7413,-165.0768,-173.3907,0.001101644
23,26,1227,4.033499e-07,1,6,6.43729e-06,8.15475e-06,5,6.43345e-06,3.233725e-05,1,3,2.066159e-07,5.504699e-06,6,2,0.8088688,1.998519e-07,3,7,6.873491e-06,5.382209e+09,0.003165447,1.258183,0.6290916,-72.80874,-101.2133,-162.4236,-170.8282,0.00306198
23,27,1228,3.649963e-07,1,6,6.136474e-06,7.877749e-06,6,6.053653e-06,3.393104e-05,1,3,1.8e-07,6.053488e-06,7,2,0.8369231,2.305939e-07,3,7,7.159628e-06,4.944915e+09,0.003759263,1.319125,0.6595627,-72.81886,-101.3205,-160.951,-169.4527,0.0
23,28,1229,3.764795e-07,1,6,5.799035e-06,7.469157e-06,5,6.69279e-06,3.64878e-05,1,3,1.8e-07,6.446625e-06,7,1,0.8152805,2.318157e-07,3,7,6.863469e-06,5.17153e+09,0.003095252,1.31366,0.6568302,-72.24545,-100.7252,-161.6109,-170.0906,0.0001967148
23,29,1230,3.522271e-07,1,6,5.945778e-06,7.578719e-06,6,6.280317e-06,3.61613e-05,1,3,1.8e-07,6.308049e-06,7,1,0.8105418,2.594512e-07,4,6,7.107621e-06,4.880852e+09,0.003280555,1.271885,0.6359425,-71.6596,-100.2099,-160.27,-168.8204,1.52702e-05
23,30,1231,3.427054e-07,1,6,6.234362e-06,7.323372e-06,4,6.455416e-06,3.822431e-05,1,3,2.730582e-07,6.177359e-06,6,1,0.8103717,2.396395e-07,3,7,7.041097e-06,5.193438e+09,0.003325901,1.44525,0.722625,-73.11411,-101.5361,-162.2041,-170.6261,0.0003356658
23,31,1232,3.559054e-07,1,8,6.467708e-06,8.413978e-06,6,6.386884e-06,3.562588e-05,1,3,2.979699e-07,6.879472e-06,8,1,0.8794112,2.653777e-07,3,7,7.450099e-06,4.534481e+09,0.005314924,1.574333,0.7871667,-85.04408,-112.383,-170.9197,-178.2586,0.00802027
23,32,1233,4.094763e-07,1,5,6.104461e-06,8.16052e-06,6,6.472962e-06,3.501068e-05,1,3,1.83403e-07,6.831931e-06,8,1,0.8572839,2.384887e-07,4,6,7.350395e-06,4.844191e+09,0.003070444,1.185671,0.5928353,-72.98827,-101.4326,-161.8207,-170.265,0.0001297233
23,33,1234,4.085374e-07,2,6,6.879794e-06,8.042165e-06,5,6.61837e-06,3.242506e-05,1,3,2.616485e-07,5.773615e-06,7,1,0.8392097,2.698371e-07,3,7,7.074732e-06,5.084326e+09,0.005598299,1.611804,0.8059019,-88.4158,-114.3158,-175.0599,-180.9599,0.0055556
23,34,1235,3.85574e-07,1,6,6.504892e-06,7.346532e-06,5,6.657574e-06,3.579459e-05,1,3,2.106654e-07,6.764553e-06,7,1,0.8816938,3.114257e-07,3,7,7.721262e-06,4.827398e+09,0.004316941,1.464449,0.7322245,-75.01153,-103.4081,-162.334,-170.7306,0.000219535
23,35,1236,3.727431e-07,1,7,6.179806e-06,7.558662e-06,5,6.440886e-06,3.47747e-05,1,3,3.197522e-07,6.159663e-06,7,1,0.8304377,2.917926e-07,3,8,7.15651e-06,4.880674e+09,0.003730573,1.346378,0.6731892,-74.80732,-103.0707,-162.8592,-171.1226,1.555524e-05
23,36,1237,4.014402e-07,1,6,5.616902e-06,7.359433e-06,6,6.712942e-06,3.545461e-05,1,3,1.921639e-07,5.944624e-06,7,1,0.8097033,2.511775e-07,3,7,7.196142e-06,5.070279e+09,0.002754946,1.172927,0.5864633,-72.27233,-100.6973,-161.9718,-170.3968,0.0
23,37,1238,3.826614e-07,1,6,6.682924e-06,9.016844e-06,4,6.600014e-06,3.225218e-05,1,3,2.279418e-07,5.584123e-06,5,1,0.8536037,1.980199e-07,2,6,7.285102e-06,6.195345e+09,0.003625446,1.554305,0.7771523,-82.60055,-109.8259,-172.8482,-180.0736,0.04743833
23,38,1239,3.923304e-07,1,6,5.954326e-06,7.13269e-06,5,6.607916e-06,3.62355e-05,1,3,1.977449e-07,5e-06,8,1,0.8753636,2.658353e-07,3,8,7.033736e-06,4.946629e+09,0.003845871,1.422787,0.7113934,-74.07834,-102.4726,-162.1146,-170.5088,0.0
23,39,1240,4.007901e-07,1,6,6.820089e-06,8.036712e-06,6,6.301163e-06,3.428644e-05,1,3,2.082865e-07,6.641803e-06,6,1,0.7958749,2.959593e-07,3,5,7.738878e-06,5.254324e+09,0.003082443,1.262324,0.6311619,-73.26163,-101.6309,-162.783,-171.1523,0.0009156405
23,40,1241,3.910598e-07,1,6,6.091903e-06,7.153752e-06,9,7.228288e-06,3.627398e-05,1,3,2.703659e-07,6.631725e-06,6,1,0.877607,2.755886e-07,1,6,6.706979e-06,4.941841e+09,0.003335353,1.414817,0.7074086,-87.85419,-114.6339,-176.5006,-183.2803,0.0
23,41,1242,4.054938e-07,1,5,6.321853e-06,7.401113e-06,5,6.738366e-06,3.528145e-05,1,3,2.508233e-07,6.643684e-06,10,1,0.8289091,2.76957e-07,3,8,7.032351e-06,4.939181e+09,0.002823365,1.151225,0.5756126,-71.25573,-99.7095,-160.6212,-169.0749,0.08438753
23,42,1243,3.303825e-07,1,5,6.584077e-06,7.746433e-06,5,6.737118e-06,3.341225e-05,1,3,2.228332e-07,6.073964e-06,7,2,0.8468512,2.053806e-07,3,6,6.791653e-06,5.216727e+09,0.003794432,1.404048,0.7020241,-72.65958,-101.2428,-161.2161,-169.7993,0.0005238414
23,43,1244,4.298648e-07,1,8,5.601837e-06,7.875454e-06,6,6.8069e-06,4.762792e-05,1,2,1.8e-07,7.05725e-06,9,1,0.892266,3.551711e-07,3,10,7.295074e-06,5.188406e+09,0.004842078,1.25534,0.6276702,-73.15746,-101.5616,-160.6078,-169.012,0.0003004851
23,44,1245,3.514773e-07,1,5,6.638672e-06,8.257126e-06,7,6.192159e-06,3.15091e-05,1,4,1.848768e-07,6.114558e-06,6,2,0.7828656,2.198834e-07,3,5,6.900632e-06,4.040851e+09,0.002708377,1.235982,0.6179912,-74.21576,-102.7171,-162.0181,-170.5194,0.03074292
23,45,1246,4.24256e-07,1,8,6.212378e-06,7.355003e-06,5,6.55611e-06,4.77868e-05,1,3,1.8e-07,6.945053e-06,8,2,0.9104018,3.060747e-07,4,9,7.106126e-06,3.472814e+09,0.00592322,1.578738,0.7893691,-77.54998,-105.883,-160.638,-168.9711,0.08758926
23,46,1247,4.249769e-07,1,6,6.983269e-06,8.109735e-06,6,6.791447e-06,3.589591e-05,1,3,1.94684e-07,6.18243e-06,5,1,0.8078441,2.697686e-07,3,7,6.862537e-06,4.936191e+09,0.003159988,1.252657,0.6263286,-74.30982,-102.5969,-163.1808,-171.4679,0.0
23,47,1248,3.788065e-07,1,6,6.333634e-06,8.037867e-06,5,6.241261e-06,3.46606e-05,1,3,1.8e-07,6.362699e-06,8,1,0.8335426,2.277717e-07,4,7,6.947591e-06,4.943531e+09,0.003666996,1.328561,0.6642807,-72.49848,-100.9892,-160.7361,-169.2269,0.0
23,48,1249,3.800449e-07,1,6,6.279233e-06,7.377818e-06,4,6.467473e-06,3.61738e-05,1,3,1.8e-07,6.638606e-06,7,1,0.794268,2.728464e-07,3,8,7.249486e-06,5.185391e+09,0.003010934,1.266687,0.6333436,-70.13669,-98.62965,-159.6453,-168.1383,1.878136
23,49,1250,3.886721e-07,1,6,6.348702e-06,7.534483e-06,5,6.71919e-06,3.619007e-05,1,3,2.043293e-07,6.133456e-06,7,1,0.8344671,3.067515e-07,2,7,7.427815e-06,5.34697e+09,0.003490286,1.439495,0.7197473,-74.34963,-102.6977,-163.4832,-171.8313,0.00234502
24,0,1251,3.758746e-07,1,6,6.213947e-06,8.0761e-06,5,6.374659e-06,3.481848e-05,1,3,1.8e-07,5.980246e-06,7,1,0.8191732,2.637972e-07,3,7,7.135035e-06,5.174547e+09,0.003359647,1.321432,0.6607161,-72.1749,-100.6514,-161.1894,-169.6659,0.0002136585
24,1,1252,4.073296e-07,1,6,6.838755e-06,7.514482e-06,5,6.933666e-06,3.631254e-05,1,3,2.51998e-07,6.536271e-06,6,1,0.9288562,2.783862e-07,2,9,7.468062e-06,5.008207e+09,0.004429913,1.559479,0.7797394,-83.98262,-111.1143,-171.5123,-178.644,0.001572328
24,2,1253,3.8768e-07,1,7,6.052357e-06,6.80118e-06,7,6.773035e-06,4.068592e-05,1,3,2.271174e-07,7.001645e-06,8,1,0.8584521,3.322639e-07,3,8,7.393179e-06,4.149666e+09,0.004301184,1.414042,0.7070209,-75.38907,-103.8015,-161.4135,-169.8258,0.02344861
24,3,1254,3.709244e-07,3,6,6.72655e-06,7.501153e-06,5,6.778528e-06,3.708996e-05,1,3,2.886841e-07,6.053541e-06,7,2,0.8768321,2.251781e-07,3,8,6.502496e-06,4.467441e+09,0.009799744,1.87522,0.9376101,-92.87912,-117.4674,-175.9681,-180.5564,0.0703663
24,4,1255,3.659084e-07,1,6,6.806933e-06,7.559567e-06,8,6.886556e-06,3.844269e-05,1,3,2.289123e-07,6.47604e-06,7,2,0.8613161,2.896477e-07,3,7,7.234841e-06,4.108023e+09,0.004534581,1.389824,0.6949122,-75.78991,-104.2904,-161.4972,-169.9977,0.02612362
24,5,1256,3.443981e-07,1,7,6.970723e-06,7.551043e-06,5,6.442137e-06,3.855432e-05,1,3,1.94333e-07,6.319299e-06,7,3,0.8398864,2.791878e-07,3,9,6.995077e-06,4.141546e+09,0.005302209,1.491693,0.7458465,-73.79787,-102.3582,-158.8966,-167.4569,0.0239589
24,6,1257,3.768468e-07,1,5,6.583813e-06,7.477019e-06,5,6.595841e-06,3.171681e-05,1,3,2.533795e-07,6.008555e-06,6,1,0.8481641,2.314692e-07,3,7,6.978645e-06,5.537044e+09,0.003230195,1.298118,0.6490589,-72.63892,-101.0572,-162.4122,-170.8305,0.007343624
24,7,1258,3.978761e-07,1,6,6.607656e-06,8.206493e-06,7,6.279996e-06,3.082617e-05,1,3,2.457347e-07,6.462263e-06,6,1,0.8658029,2.64814e-07,3,6,7.141594e-06,5.160536e+09,0.003842406,1.327738,0.6638688,-76.98754,-105.2014,-165.3954,-173.6093,0.0001408929
24,8,1259,3.945253e-07,1,7,6.296774e-06,7.377913e-06,5,6.315215e-06,3.540522e-05,1,3,2.217448e-07,6.019823e-06,6,1,0.8411023,2.846753e-07,3,9,7.085982e-06,4.833719e+09,0.003987775,1.392189,0.6960944,-74.34401,-102.6527,-162.0223,-170.331,0.0001829714
24,9,1260,3.764128e-07,1,6,6.400946e-06,7.534303e-06,5,6.620027e-06,3.769848e-05,1,3,1.8e-07,5.826674e-06,6,1,0.8379149,2.30288e-07,3,7,7.11818e-06,5.033831e+09,0.00370459,1.464025,0.7320126,-74.2837,-102.6261,-162.6343,-170.9766,0.0
24,10,1261,3.821355e-07,1,6,6.574805e-06,7.108329e-06,5,6.751093e-06,3.419666e-05,1,3,2.418999e-07,6.399322e-06,7,1,0.8642761,2.644177e-07,4,7,7.094697e-06,4.858154e+09,0.004090645,1.389925,0.6949624,-73.92755,-102.3273,-161.5391,-169.9388,7.293222e-05
24,11,1262,3.748837e-07,1,5,6.369593e-06,7.983885e-06,5,6.427073e-06,3.804624e-05,1,3,1.8e-07,6.140692e-06,7,1,0.8550004,2.850833e-07,3,7,7.255267e-06,4.887613e+09,0.00336786,1.343036,0.6715178,-72.33003,-100.8341,-160.8384,-169.3425,6.390516e-06
24,12,1263,3.848534e-07,1,6,6.700611e-06,7.637941e-06,7,6.857379e-06,3.382944e-05,1,3,3.333885e-07,6.53987e-06,6,1,0.8757035,2.637661e-07,3,8,7.095815e-06,4.635981e+09,0.003753298,1.277187,0.6385935,-79.45661,-107.371,-167.0353,-174.9497,0.002903218
24,13,1264,3.5181e-07,1,5,5.869987e-06,7.623028e-06,5,6.341545e-06,3e-05,1,3,2.274451e-07,5.885427e-06,7,1,0.8264566,2.173421e-07,3,7,7.032004e-06,5.775063e+09,0.002884197,1.200706,0.6003531,-70.33826,-98.88888,-160.9691,-169.5198,1.252099
24,14,1265,3.370037e-07,1,5,5.762597e-06,7.632056e-06,6,5.916686e-06,4.050209e-05,1,3,1.8e-07,6.583185e-06,8,1,0.8753803,3.056683e-07,3,6,7.373519e-06,4.68431e+09,0.003611167,1.411465,0.7057323,-72.56511,-101.1542,-160.4015,-168.9907,0.001937616
24,15,1266,4.083313e-07,1,6,6.500862e-06,7.851403e-06,5,6.588705e-06,3.544305e-05,1,3,2.631006e-07,6.378458e-06,7,1,0.8390306,2.941036e-07,3,7,7.806626e-06,4.905406e+09,0.003460103,1.302054,0.6510271,-73.15388,-101.51,-161.5765,-169.9326,0.0
24,16,1267,3.832097e-07,1,6,6.379863e-06,8.137801e-06,6,6.480139e-06,3.291824e-05,1,3,1.996855e-07,6.222553e-06,7,1,0.8066093,2.368544e-07,3,6,7.231827e-06,5.25931e+09,0.003192181,1.258726,0.6293629,-73.39747,-101.8277,-162.7752,-171.2054,0.0009757691
24,17,1268,3.722838e-07,1,7,5.750977e-06,7.122534e-06,5,6.752016e-06,4.144637e-05,1,3,1.9686e-07,6.605732e-06,7,1,0.7847116,2.990444e-07,3,6,7.093993e-06,4.870117e+09,0.003077479,1.358272,0.6791359,-72.12453,-100.588,-160.9934,-169.4568,3.719335e-05
24,18,1269,3.672069e-07,1,6,6.060159e-06,6.916963e-06,5,6.755814e-06,3.572091e-05,1,3,1.995614e-07,6.360069e-06,7,1,0.8012466,2.689978e-07,3,6,7.0722e-06,5.355476e+09,0.003064618,1.322794,0.6613972,-71.49095,-99.97958,-161.2031,-169.6918,0.002926328
24,19,1270,4.275822e-07,1,6,6.08177e-06,7.879668e-06,6,6.679511e-06,3.500203e-05,1,3,1.930692e-07,5.890329e-06,7,1,0.8920503,2.779862e-07,2,6,7.283067e-06,5.321442e+09,0.003800125,1.488698,0.744349,-79.26623,-107.2523,-167.9888,-175.9749,0.001885298
24,20,1271,3.669527e-07,1,6,6.282433e-06,7.032773e-06,5,6.596197e-06,3.739585e-05,1,2,2.211372e-07,6.926084e-06,7,2,0.842766,2.588527e-07,3,8,6.271986e-06,6.746317e+09,0.003909939,1.196267,0.5981336,-69.72803,-98.26241,-160.3877,-168.922,3.123423
24,21,1272,3.458237e-07,1,6,6.347776e-06,8.767023e-06,7,6.697747e-06,3.447659e-05,1,3,2.415568e-07,7.083897e-06,6,1,0.8532626,2.82943e-07,3,5,6.904917e-06,4.827326e+09,0.003964087,1.39924,0.69962,-78.02084,-106.3514,-165.7135,-174.0441,0.0002199705
24,22,1273,3.57352e-07,1,6,6.143502e-06,7.412244e-06,4,6.630327e-06,3.649101e-05,1,4,1.956689e-07,6.636366e-06,6,1,0.809231,3.084812e-07,2,6,7.043132e-06,4.437486e+09,0.003236412,1.62072,0.81036,-76.94679,-105.1679,-164.7889,-173.01,0.01538662
24,23,1274,4.027926e-07,1,8,5.716863e-06,6.745113e-06,4,6.590288e-06,3.651842e-05,1,3,2.239822e-07,6.334555e-06,8,1,0.8138202,2.753974e-07,2,8,7.058079e-06,5.527581e+09,0.003703795,1.534139,0.7670694,-74.50759,-102.7499,-163.6718,-171.9141,0.00754702
24,24,1275,3.828455e-07,1,6,6.055699e-06,7.3533e-06,5,6.45323e-06,3.754984e-05,1,3,2.870901e-07,6.022719e-06,7,1,0.8353785,2.965458e-07,3,5,7.365497e-06,5.206843e+09,0.00324927,1.413546,0.7067729,-74.71768,-103.0073,-163.9313,-172.2209,0.0004388823
24,25,1276,3.490725e-07,1,6,6.43834e-06,7.094304e-06,5,6.609692e-06,3.695637e-05,1,3,2.072703e-07,6.118771e-06,9,1,0.8556427,2.4585e-07,3,7,7.410151e-06,4.876021e+09,0.00430045,1.521135,0.7605676,-74.67042,-103.1359,-162.0966,-170.5621,0.0002224792
24,26,1277,3.785454e-07,1,6,6.386914e-06,7.793863e-06,5,6.048016e-06,3.614736e-05,1,3,2.228976e-07,5.981037e-06,7,1,0.8088688,2.225959e-07,4,8,7.0655e-06,4.799885e+09,0.003263792,1.253145,0.6265724,-71.56627,-100.0045,-160.0537,-168.4919,0.0004174476
24,27,1278,3.899597e-07,1,6,6.450413e-06,7.705633e-06,5,6.565443e-06,3.260143e-05,1,3,2.449722e-07,6.309132e-06,7,2,0.83686,2.17226e-07,3,7,7.098594e-06,5.107591e+09,0.003706359,1.328507,0.6642533,-73.04115,-101.5,-161.516,-169.9748,2.215666e-06
24,28,1279,3.929813e-07,1,6,6.100151e-06,8.106118e-06,5,6.585188e-06,3.575568e-05,1,3,2.050347e-07,6.343621e-06,7,1,0.8147904,2.47307e-07,3,7,7.119447e-06,5.095201e+09,0.003109699,1.279509,0.6397544,-72.50481,-100.9391,-161.7209,-170.1551,0.0
24,29,1280,3.641014e-07,1,6,6.208895e-06,7.638013e-06,6,6.543108e-06,3.470427e-05,1,3,1.8e-07,6.597439e-06,7,1,0.813067,3.053352e-07,3,6,7.238656e-06,5.08035e+09,0.003351364,1.289714,0.6448571,-72.33782,-100.8421,-161.2035,-169.7077,0.0
24,30,1281,4.021286e-07,1,6,6.454501e-06,7.121644e-06,5,6.594146e-06,3.796492e-05,1,3,3.201768e-07,6.226987e-06,7,1,0.8840146,2.532643e-07,3,8,6.999789e-06,4.743441e+09,0.00381057,1.446292,0.7231458,-79.19894,-107.0918,-166.9109,-174.8038,0.001020857
24,31,1282,3.719378e-07,1,8,6.276095e-06,7.911135e-06,5,7.185309e-06,3.841199e-05,1,3,2.046708e-07,6.719753e-06,7,2,0.8666345,2.741811e-07,3,7,7.120851e-06,4.385437e+09,0.005573983,1.617318,0.8086592,-78.3176,-106.5998,-163.6962,-171.9784,0.01714485
24,32,1283,4.094763e-07,1,6,6.104461e-06,8.181118e-06,6,6.472962e-06,3.337846e-05,1,3,1.83403e-07,6.831931e-06,8,1,0.8572839,2.986463e-07,4,6,7.366511e-06,4.819992e+09,0.003643676,1.244811,0.6224054,-73.07712,-101.5128,-161.1226,-169.5583,0.0002666077
24,33,1284,4.085374e-07,1,6,6.13007e-06,7.583428e-06,5,6.475687e-06,3.620383e-05,1,3,2.075381e-07,6.030951e-06,7,1,0.8256921,2.394779e-07,3,7,7.193396e-06,5.139721e+09,0.003166684,1.320061,0.6600305,-72.91612,-101.3071,-162.1289,-170.5199,6.065858e-05
24,34,1285,3.585313e-07,1,6,5.963062e-06,7.588103e-06,5,6.629707e-06,3.215382e-05,1,3,2.055945e-07,6.554739e-06,7,1,0.8888143,3.114257e-07,2,5,7.314324e-06,5.895756e+09,0.004136884,1.583741,0.7918704,-79.83827,-107.7471,-169.0823,-176.9911,0.02746223
24,35,1286,4.245356e-07,1,6,6.041958e-06,7.255532e-06,5,6.440886e-06,3e-05,1,3,2.874371e-07,5.972803e-06,6,1,0.7833075,2.891254e-07,3,6,7.395239e-06,5.922922e+09,0.00240424,1.070458,0.5352292,-70.60667,-98.90703,-162.2476,-170.548,1.220624
24,36,1287,3.512774e-07,1,7,5.616902e-06,7.26119e-06,5,6.841891e-06,3.843277e-05,1,3,1.8e-07,6.151743e-06,8,1,0.7939031,2.814505e-07,2,6,7.103003e-06,5.382556e+09,0.003301228,1.462238,0.7311191,-73.52679,-101.9746,-162.9598,-171.4076,0.003069516
24,37,1288,4.201435e-07,1,5,6.486501e-06,8.23578e-06,5,6.537204e-06,3e-05,1,3,1.991352e-07,5.584123e-06,5,1,0.8186205,2.197379e-07,3,6,7.070114e-06,5.958519e+09,0.002619591,1.161134,0.5805668,-72.30984,-100.6376,-163.6303,-171.9581,0.02833734
24,38,1289,3.711209e-07,1,6,6.156892e-06,7.727309e-06,5,6.49408e-06,3.62355e-05,1,3,2.29987e-07,6.039386e-06,8,1,0.8753636,2.513606e-07,3,8,7.006758e-06,4.824321e+09,0.004137918,1.464517,0.7322585,-75.19467,-103.6015,-162.6956,-171.1024,0.0002385414
24,39,1290,4.539746e-07,1,7,6.820089e-06,8.010561e-06,5,6.903156e-06,3.428644e-05,1,3,2.626176e-07,6.641803e-06,7,1,0.8586269,3.258157e-07,3,8,7.401341e-06,4.729358e+09,0.004067489,1.348944,0.6744722,-75.89588,-104.0181,-163.2987,-171.4209,0.001212773
24,40,1291,3.9118e-07,1,6,6.11501e-06,7.514609e-06,7,6.470459e-06,3.627398e-05,1,3,2.703659e-07,6.171521e-06,6,1,0.877607,2.422076e-07,1,7,6.985271e-06,5.436832e+09,0.003396174,1.520892,0.7604462,-86.97989,-113.5994,-176.3769,-182.9964,0.004555996
24,41,1292,3.990528e-07,1,6,5.92439e-06,7.352201e-06,5,6.941295e-06,3.512445e-05,1,3,2.729645e-07,6.757236e-06,8,1,0.8716942,2.828397e-07,1,9,7.256024e-06,5.581117e+09,0.003542545,1.526514,0.763257,-79.65241,-107.5728,-169.0937,-177.014,0.009211864
24,42,1293,3.642552e-07,1,6,6.489683e-06,7.746433e-06,5,6.730163e-06,3.341225e-05,1,3,2.378279e-07,6.304016e-06,7,1,0.8472975,2.312942e-07,3,7,6.926693e-06,5.217984e+09,0.003934653,1.443931,0.7219657,-75.02093,-103.4054,-163.4219,-171.8064,0.0005351885
24,43,1294,4.328728e-07,1,8,5.891029e-06,7.745453e-06,5,6.431973e-06,3.992341e-05,1,3,1.8e-07,6.740862e-06,8,1,0.9414034,3.403336e-07,3,8,7.30641e-06,4.31286e+09,0.005690792,1.628904,0.8144521,-82.04792,-109.75,-167.1915,-174.8936,0.02174291
24,44,1295,3.863421e-07,1,6,6.320835e-06,8.378247e-06,6,6.192159e-06,3.546013e-05,1,3,2.523093e-07,6.088371e-06,7,2,0.82264,2.952239e-07,2,6,6.903822e-06,5.060889e+09,0.003386897,1.341247,0.6706235,-74.43768,-102.8512,-163.2242,-171.6378,0.0
24,45,1296,3.938052e-07,1,6,6.156055e-06,8.385129e-06,5,6.55611e-06,4.77868e-05,1,2,2.046947e-07,6.165745e-06,7,2,0.8707346,2.965664e-07,4,9,7.159976e-06,5.269068e+09,0.004060963,1.155922,0.5779608,-70.8519,-99.37445,-159.2003,-167.7228,0.3924178
24,46,1297,3.674358e-07,1,6,6.983269e-06,8.109735e-06,6,6.791447e-06,3.231612e-05,1,3,1.94684e-07,6.18243e-06,6,1,0.8078441,2.698166e-07,3,7,6.862537e-06,5.126681e+09,0.003591196,1.2895,0.6447502,-73.35595,-101.8102,-162.0003,-170.4546,2.736929e-05
24,47,1298,4.213377e-07,1,7,5.695446e-06,7.310683e-06,5,6.32595e-06,4.335049e-05,1,3,1.8e-07,6.137066e-06,9,2,0.8244952,2.784227e-07,3,7,7.080114e-06,4.380454e+09,0.003403014,1.326242,0.6631209,-73.13563,-101.5225,-160.6474,-169.0343,0.01124233
24,48,1299,4.235929e-07,1,5,6.482934e-06,7.335939e-06,5,6.351459e-06,3.565699e-05,1,3,2.029488e-07,5.910053e-06,7,1,0.8328908,2.302069e-07,4,8,7.249486e-06,4.894624e+09,0.002834559,1.152872,0.5764359,-71.20105,-99.61628,-160.4706,-168.8858,0.1472456
24,49,1300,4.030525e-07,1,6,6.229753e-06,7.739933e-06,6,6.705415e-06,3.448325e-05,1,3,1.8e-07,6.422084e-06,7,1,0.8456485,3.299185e-07,3,7,7.183816e-06,4.890568e+09,0.003551837,1.274036,0.6370178,-73.0874,-101.5136,-161.3701,-169.7963,3.705283e-06
25,0,1301,3.563865e-07,1,6,6.098191e-06,7.519713e-06,5,6.668019e-06,3.590988e-05,1,3,2.022139e-07,6.422886e-06,7,1,0.8360483,2.23879e-07,3,7,6.967054e-06,5.116332e+09,0.003692034,1.435266,0.717633,-73.6452,-102.1272,-162.1517,-170.6337,1.02556e-05
25,1,1302,4.017882e-07,1,6,6.840523e-06,7.034541e-06,7,7.568859e-06,3.690812e-05,1,3,3.106548e-07,6.33963e-06,6,1,0.9288562,2.867492e-07,2,8,7.200139e-06,4.700583e+09,0.003956956,1.445071,0.7225355,-86.57375,-113.2457,-174.0432,-180.7151,0.001656281
25,2,1303,3.866224e-07,1,7,5.962474e-06,7.176804e-06,7,7.124895e-06,4.252332e-05,1,3,1.987637e-07,6.716573e-06,8,1,0.933861,4.091968e-07,3,9,7.330128e-06,3.753585e+09,0.005363602,1.502326,0.751163,-79.09263,-107.356,-163.287,-171.5503,0.05474073
25,3,1304,3.951284e-07,2,7,6.524488e-06,7.650568e-06,5,6.623207e-06,3.568865e-05,1,3,2.886841e-07,5.503056e-06,8,1,0.8513914,2.253565e-07,2,7,7.261765e-06,5.317198e+09,0.005756046,1.736694,0.8683472,-90.37404,-115.4493,-177.2865,-182.3617,0.02671341
25,4,1305,3.453904e-07,1,5,6.806933e-06,8.24635e-06,5,6.059212e-06,3.844269e-05,1,3,1.977854e-07,6.276076e-06,8,3,0.8409659,2.507648e-07,3,7,7.086248e-06,4.402197e+09,0.003749295,1.297026,0.6485131,-72.19724,-100.7906,-159.3311,-167.9245,0.01032101
25,5,1306,3.849834e-07,1,6,6.454243e-06,7.819175e-06,7,6.623496e-06,3.691786e-05,1,3,3.081288e-07,6.251699e-06,7,2,0.9173946,2.385495e-07,3,8,6.858431e-06,4.237028e+09,0.004889774,1.484623,0.7423114,-78.7602,-107.0797,-164.4085,-172.7281,0.01830621
25,6,1307,3.98874e-07,1,6,6.439381e-06,7.477019e-06,5,6.986566e-06,3.811611e-05,1,3,2.306241e-07,7.060923e-06,6,1,0.8446723,3.012873e-07,4,6,7.016542e-06,4.714463e+09,0.003605526,1.359113,0.6795566,-73.54316,-101.9267,-161.4421,-169.8257,0.001433731
25,7,1308,3.640729e-07,1,6,6.531369e-06,8.542041e-06,7,6.585542e-06,3.630997e-05,1,3,2.749478e-07,7.199705e-06,7,1,0.8840596,2.698676e-07,3,6,7.672491e-06,4.484803e+09,0.004352853,1.44082,0.7204102,-79.58984,-107.7914,-166.237,-174.4385,0.007179849
25,8,1309,3.725231e-07,1,6,6.305198e-06,7.377913e-06,5,6.75176e-06,3.699593e-05,1,3,1.8e-07,6.447193e-06,6,1,0.860882,2.664131e-07,2,9,7.085982e-06,5.162378e+09,0.004009985,1.523402,0.7617012,-75.91015,-104.2241,-164.1357,-172.4496,0.0003930057
25,9,1310,3.967974e-07,1,6,6.631642e-06,7.061162e-06,6,6.620027e-06,3.774728e-05,1,3,1.930634e-07,5.851913e-06,7,2,0.8682448,2.785872e-07,3,7,6.940042e-06,4.608314e+09,0.00426874,1.443131,0.7215656,-74.64867,-103.0706,-161.6165,-170.0385,0.00354356
25,10,1311,3.897468e-07,1,6,6.574805e-06,7.404903e-06,5,6.584137e-06,3.2786e-05,1,3,2.418999e-07,6.399322e-06,7,1,0.8618417,2.579731e-07,3,7,7.094697e-06,5.253107e+09,0.003964042,1.430675,0.7153373,-75.04213,-103.3565,-163.4691,-171.7834,0.0009012548
25,11,1312,3.813571e-07,1,5,6.487911e-06,7.983885e-06,5,6.582862e-06,3.804624e-05,1,3,2.21107e-07,6.701449e-06,7,2,0.8550004,2.850833e-07,3,7,7.255267e-06,4.621161e+09,0.003443073,1.28801,0.644005,-72.31629,-100.833,-160.2418,-168.7586,0.003238284
25,12,1313,3.848534e-07,1,5,6.466967e-06,8.104808e-06,5,6.857379e-06,3.204394e-05,1,3,2.690157e-07,6.342794e-06,7,1,0.8288201,2.253874e-07,3,6,7.108825e-06,5.49703e+09,0.002938844,1.228613,0.6143065,-72.48684,-100.9105,-162.6076,-171.0313,0.006060475
25,13,1314,3.487537e-07,1,6,6.393941e-06,7.838283e-06,5,6.341545e-06,3.906585e-05,1,3,2.178882e-07,5.874436e-06,8,1,0.8264566,2.487555e-07,3,7,7.203665e-06,4.800373e+09,0.003758997,1.459306,0.7296532,-73.77327,-102.2634,-161.6481,-170.1381,0.0004133896
25,14,1315,3.627815e-07,1,5,5.961045e-06,6.804488e-06,6,6.33091e-06,3.817562e-05,1,3,2.27809e-07,6.389021e-06,7,1,0.9058792,2.947125e-07,2,6,7.428642e-06,5.24577e+09,0.003688394,1.539742,0.7698711,-78.2198,-106.3957,-166.9476,-175.1235,0.001518926
25,15,1316,3.917782e-07,1,6,6.594042e-06,8.407023e-06,5,6.460947e-06,3.312078e-05,1,3,2.842981e-07,6.252841e-06,8,1,0.8390306,2.626674e-07,2,7,7.376478e-06,5.439785e+09,0.003573508,1.419476,0.7097381,-75.7379,-103.9934,-164.9186,-173.1741,0.004438829
25,16,1317,4.008971e-07,1,6,6.526588e-06,7.670149e-06,5,6.517181e-06,3.412529e-05,1,3,1.996855e-07,5.667149e-06,7,1,0.8623965,2.442522e-07,4,8,6.922878e-06,4.82066e+09,0.003962261,1.345827,0.6729137,-73.48285,-101.8913,-161.1656,-169.574,0.0002621726
25,17,1318,3.74662e-07,1,7,5.928862e-06,7.657722e-06,4,6.939467e-06,3.939526e-05,1,3,1.8e-07,6.818015e-06,7,1,0.7997469,2.946939e-07,3,6,6.998832e-06,5.100448e+09,0.003410336,1.432228,0.7161142,-72.3642,-100.8148,-161.1884,-169.6389,7.720258e-09
25,18,1319,4.063314e-07,1,6,6.517075e-06,7.803601e-06,5,6.755814e-06,3.936957e-05,1,3,2.607616e-07,6.360069e-06,7,1,0.8191903,2.689978e-07,3,7,7.022101e-06,4.778375e+09,0.003222948,1.338194,0.6690969,-73.6683,-102.0202,-162.1714,-170.5232,0.0006161025
25,19,1320,3.939923e-07,1,6,6.585544e-06,7.698579e-06,5,6.411909e-06,3.41689e-05,1,3,2.936536e-07,5.890329e-06,7,1,0.8682324,2.684273e-07,2,7,7.148738e-06,5.5296e+09,0.003680914,1.500022,0.7500111,-80.65201,-108.2875,-169.8463,-177.4818,0.007095571
25,20,1321,3.546722e-07,1,7,6.282433e-06,7.351666e-06,5,6.759038e-06,3.806691e-05,1,2,2.346946e-07,7.019353e-06,8,2,0.9294953,2.588527e-07,3,7,6.731223e-06,6.281612e+09,0.006283947,1.511691,0.7558457,-74.79379,-103.2552,-162.7729,-171.2343,0.05374036
25,21,1322,3.522676e-07,1,7,6.714699e-06,8.767023e-06,6,6.697747e-06,3e-05,1,3,3.018344e-07,7.083897e-06,5,1,0.8988747,3.019514e-07,3,5,7.196469e-06,5.313922e+09,0.004181912,1.4104,0.7052001,-85.92916,-112.6301,-174.2237,-180.9246,0.00175942
25,22,1323,3.878702e-07,1,6,6.049475e-06,7.455811e-06,5,6.788057e-06,3.545186e-05,1,3,1.8e-07,6.544929e-06,7,1,0.8393121,3.070707e-07,3,7,7.330158e-06,5.023354e+09,0.003481798,1.319063,0.6595314,-72.10582,-100.5745,-160.7077,-169.1764,0.0
25,23,1324,3.922547e-07,1,8,5.726977e-06,7.365588e-06,5,6.60682e-06,4.274925e-05,1,3,1.980397e-07,6.735624e-06,8,1,0.7954705,3.026191e-07,3,7,7.168944e-06,4.529047e+09,0.003537762,1.407056,0.7035278,-73.33886,-101.7472,-160.9717,-169.3801,0.005731197
25,24,1325,3.343309e-07,1,6,6.601965e-06,8.146812e-06,5,6.182273e-06,3.670414e-05,1,3,1.8e-07,5.544698e-06,7,3,0.8207378,2.808335e-07,2,5,7.155327e-06,5.089055e+09,0.004020708,1.49007,0.7450348,-73.633,-102.1487,-161.7227,-170.2384,0.0
25,25,1326,3.490725e-07,1,6,6.076221e-06,7.094304e-06,6,6.908347e-06,3.865407e-05,1,3,2.898756e-07,6.600781e-06,9,1,0.8540607,2.768084e-07,3,7,7.267197e-06,4.503527e+09,0.003928399,1.417911,0.7089553,-74.63827,-103.1254,-161.7672,-170.2543,0.006546889
25,26,1327,4.109567e-07,1,6,6.030427e-06,7.597053e-06,5,6.282596e-06,3.469926e-05,1,3,1.933283e-07,5.913474e-06,7,1,0.8109538,2.475893e-07,3,8,7.082633e-06,5.209519e+09,0.002916331,1.219924,0.609962,-71.54368,-99.95258,-161.2313,-169.6402,0.00270958
25,27,1328,3.953532e-07,1,6,6.816663e-06,8.518162e-06,6,6.565443e-06,3.173306e-05,1,3,2.127926e-07,6.07338e-06,6,2,0.8384448,2.17226e-07,3,7,7.127184e-06,4.998639e+09,0.003890446,1.30868,0.6543402,-74.47172,-102.8916,-162.5488,-170.9686,0.0
25,28,1329,3.929487e-07,1,6,6.095033e-06,8.380139e-06,5,6.310776e-06,3.625331e-05,1,3,2.13827e-07,6.333835e-06,7,1,0.7861128,2.302851e-07,3,6,7.158982e-06,5.2725e+09,0.002703571,1.23539,0.6176952,-72.24218,-100.6585,-162.3631,-170.7795,0.001144037
25,29,1330,3.500337e-07,1,7,6.265279e-06,7.187288e-06,5,6.543108e-06,3.771935e-05,1,3,2.071372e-07,7.656354e-06,5,1,0.8722997,2.37244e-07,4,7,6.679312e-06,4.724025e+09,0.004895667,1.594115,0.7970577,-80.07523,-108.1049,-166.6634,-174.693,0.005226523
25,30,1331,3.649633e-07,1,6,6.234362e-06,7.121644e-06,5,6.77263e-06,3.822431e-05,1,3,2.415717e-07,6.541208e-06,8,1,0.8680203,2.810041e-07,3,7,7.212938e-06,4.747452e+09,0.004115646,1.495029,0.7475144,-75.34153,-103.7341,-162.7264,-171.1189,0.0009692106
25,31,1332,3.489034e-07,1,7,6.274412e-06,7.772056e-06,6,7.185309e-06,3.961351e-05,1,3,1.8e-07,7.869243e-06,8,2,0.8744064,2.91955e-07,3,7,7.403996e-06,4.053073e+09,0.005409802,1.518058,0.759029,-75.3007,-103.8318,-160.1246,-168.6557,0.03001934
25,32,1333,3.966153e-07,1,6,6.131189e-06,8.16052e-06,5,6.408958e-06,3.401905e-05,1,3,1.83403e-07,6.831931e-06,8,1,0.838328,2.378112e-07,4,6,7.279173e-06,5.051759e+09,0.003488389,1.296367,0.6481834,-72.63907,-101.0899,-161.2817,-169.7325,0.0
25,33,1334,4.110562e-07,1,6,6.345771e-06,7.420731e-06,5,6.45162e-06,3.620756e-05,1,3,2.036294e-07,6.206855e-06,7,1,0.8246841,2.922769e-07,3,6,7.430835e-06,5.196925e+09,0.003233367,1.336697,0.6683485,-72.72416,-101.101,-161.9425,-170.3194,0.0003611863
25,34,1335,3.705156e-07,1,8,5.963062e-06,7.860075e-06,5,6.63257e-06,3.942464e-05,1,3,2.106654e-07,7.484491e-06,7,1,0.8731598,3.110653e-07,3,7,7.494335e-06,4.47814e+09,0.005169782,1.612309,0.8061547,-80.25506,-108.2921,-166.1423,-174.1794,0.01301813
25,35,1336,3.802871e-07,1,6,5.882259e-06,7.24496e-06,5,6.339335e-06,3.484551e-05,1,3,2.813508e-07,6.184963e-06,7,1,0.8505773,2.713984e-07,3,8,7.450514e-06,4.976066e+09,0.003451752,1.305912,0.6529558,-72.41176,-100.8388,-160.9691,-169.3961,0.0
25,36,1337,4.090204e-07,1,7,5.616902e-06,7.32358e-06,6,6.841891e-06,3.848029e-05,1,3,1.8e-07,6.654905e-06,7,1,0.7980861,2.662466e-07,2,7,7.196142e-06,5.101608e+09,0.002973685,1.322266,0.6611328,-74.42399,-102.7552,-163.8452,-172.1764,9.943583e-08
25,37,1338,4.118601e-07,1,6,6.559712e-06,8.061153e-06,4,6.72667e-06,3.058832e-05,1,3,2.279418e-07,5.584123e-06,6,1,0.8135652,2.256762e-07,2,5,7.170806e-06,6.625353e+09,0.003050721,1.457897,0.7289487,-75.81761,-103.884,-167.3978,-175.4642,0.08945409
25,38,1339,3.711209e-07,1,6,6.249475e-06,7.043922e-06,5,6.504458e-06,3.686326e-05,1,3,2.045259e-07,5.55176e-06,7,1,0.8753636,2.613687e-07,3,8,7.018231e-06,4.89863e+09,0.004155548,1.495183,0.7475916,-75.71051,-104.0468,-163.3257,-171.662,7.82039e-08
25,39,1340,4.290966e-07,1,6,6.820089e-06,7.477341e-06,5,6.538716e-06,3.517722e-05,1,3,2.391882e-07,6.087388e-06,7,1,0.8207901,3.33474e-07,3,7,7.500786e-06,5.027732e+09,0.003245458,1.256119,0.6280593,-72.26663,-100.5884,-161.1813,-169.5031,0.0
25,40,1341,3.991914e-07,1,6,6.373917e-06,7.238356e-06,7,6.844912e-06,3.627398e-05,1,3,2.228495e-07,6.631725e-06,6,1,0.8615592,2.600703e-07,3,6,6.915057e-06,4.840868e+09,0.003756959,1.40413,0.7020652,-77.23416,-105.4867,-165.1843,-173.4368,0.0001456331
25,41,1342,3.741497e-07,1,5,5.92439e-06,7.097482e-06,4,6.763875e-06,3.737672e-05,1,3,2.508233e-07,6.929664e-06,10,2,0.8258387,3.196411e-07,2,8,7.010814e-06,4.92262e+09,0.002824886,1.198853,0.5994263,-70.67394,-99.20616,-160.0079,-168.5401,0.6301768
25,42,1343,3.303825e-07,1,5,6.526801e-06,7.746433e-06,5,6.685185e-06,3.341225e-05,1,3,2.228332e-07,6.061828e-06,7,2,0.8130771,2.191529e-07,3,6,6.791653e-06,5.274431e+09,0.003251538,1.29002,0.6450102,-71.29917,-99.89791,-160.6218,-169.2205,0.01159172
25,43,1344,3.699081e-07,1,6,6.090671e-06,8.434133e-06,6,6.8069e-06,4.973699e-05,1,2,2.373007e-07,6.740862e-06,7,1,0.9078349,3.046711e-07,3,10,7.256625e-06,5.122332e+09,0.004497501,1.252932,0.6264659,-73.21797,-101.6965,-160.8776,-169.3562,1.917455e-05
25,44,1345,3.863904e-07,1,6,6.700295e-06,7.92941e-06,7,6.27935e-06,3.335762e-05,1,3,2.523093e-07,5.916421e-06,5,2,0.8434205,2.699684e-07,3,6,6.899636e-06,4.937845e+09,0.003862826,1.352217,0.6761087,-75.15449,-103.5512,-163.1562,-171.5529,0.0
25,45,1346,4.252406e-07,1,6,5.747734e-06,7.82541e-06,6,6.55611e-06,3.824368e-05,1,2,1.8e-07,6.02041e-06,7,1,0.852752,3.572912e-07,3,9,7.241835e-06,6.366821e+09,0.003237916,1.003493,0.5017466,-70.51494,-98.9391,-161.4907,-169.9149,1.187204
25,46,1347,3.883176e-07,1,8,6.539381e-06,7.661121e-06,6,7.053669e-06,4.065104e-05,1,3,2.098107e-07,6.829176e-06,7,1,0.849319,2.776849e-07,3,8,6.931811e-06,4.262191e+09,0.004990524,1.573777,0.7868883,-80.72606,-108.7476,-166.3373,-174.3588,0.01936203
25,47,1348,3.823279e-07,1,6,6.273332e-06,8.037867e-06,5,6.241261e-06,3.485231e-05,1,3,2.27176e-07,5.920143e-06,8,1,0.8303845,2.674659e-07,2,7,6.947591e-06,5.517332e+09,0.003437938,1.443821,0.7219103,-74.53922,-102.8886,-164.0108,-172.3602,0.006696124
25,48,1349,3.72851e-07,1,6,6.305322e-06,7.335939e-06,5,6.427175e-06,3.669589e-05,1,3,2.022322e-07,6.023717e-06,7,1,0.8087752,2.315443e-07,3,7,7.249486e-06,5.133058e+09,0.003261915,1.3572,0.6786001,-72.41007,-100.8768,-161.4829,-169.9496,4.201618e-05
25,49,1350,3.941702e-07,1,6,6.179422e-06,7.739933e-06,7,6.888398e-06,3.549349e-05,1,3,1.8e-07,6.483529e-06,7,1,0.858327,3.299185e-07,2,7,7.183816e-06,4.914397e+09,0.003727766,1.370956,0.685478,-76.04854,-104.403,-164.1635,-172.5179,0.0
26,0,1351,3.814935e-07,1,6,6.275545e-06,7.519713e-06,4,6.486775e-06,3.601613e-05,1,3,2.159227e-07,6.266815e-06,7,1,0.8249005,2.637972e-07,4,7,7.135035e-06,4.985097e+09,0.003420977,1.320885,0.6604423,-71.08205,-99.56175,-159.694,-168.1737,0.1920668
26,1,1352,3.740448e-07,2,6,6.838755e-06,7.524971e-06,7,7.568859e-06,3.676209e-05,1,3,2.180958e-07,6.081914e-06,6,1,0.9288562,2.437896e-07,2,7,7.107351e-06,4.762033e+09,0.006552501,1.727528,0.863764,-92.22047,-117.4237,-177.6122,-182.8155,0.02380123
26,2,1353,4.134183e-07,1,7,5.976014e-06,7.638646e-06,7,7.124895e-06,4.169615e-05,1,2,2.805477e-07,6.518328e-06,8,2,0.9096445,4.091968e-07,3,10,7.074634e-06,5.181647e+09,0.004927361,1.140747,0.5703736,-72.99809,-101.4526,-160.3613,-168.8159,0.0002562952
26,3,1354,3.792383e-07,2,6,6.368545e-06,7.949634e-06,4,6.778528e-06,3.498502e-05,1,3,2.886841e-07,5.705688e-06,6,1,0.8113219,2.596963e-07,3,7,7.114023e-06,5.167227e+09,0.004698941,1.57447,0.7872351,-87.02532,-113.1705,-174.5705,-180.7156,0.002638562
26,4,1355,3.63749e-07,1,5,6.86275e-06,8.583969e-06,7,6.886556e-06,3.544391e-05,1,3,3.222958e-07,6.883046e-06,8,2,0.9188347,2.928517e-07,3,7,7.234841e-06,4.144011e+09,0.004649255,1.356666,0.6783328,-75.76491,-104.2952,-161.4395,-169.9698,0.0238034
26,5,1356,3.918222e-07,1,6,6.856288e-06,8.084065e-06,7,6.859773e-06,3.722465e-05,1,3,3.081288e-07,6.251699e-06,8,2,0.8921834,2.709588e-07,3,9,7.318102e-06,3.980284e+09,0.00478952,1.3763,0.6881501,-76.27564,-104.7255,-161.471,-169.9209,0.03523023
26,6,1357,3.967598e-07,1,5,6.631354e-06,7.563359e-06,6,6.707776e-06,3.221521e-05,1,3,2.306241e-07,6.280549e-06,7,1,0.8631581,2.507677e-07,3,5,7.063651e-06,5.4591e+09,0.003363054,1.338716,0.6693581,-74.80604,-103.1638,-164.2811,-172.6388,0.004957803
26,7,1358,3.799441e-07,1,6,6.391195e-06,8.090186e-06,4,6.167632e-06,3.155281e-05,1,3,1.938786e-07,6.309818e-06,7,1,0.8352578,2.64814e-07,3,6,7.672491e-06,5.712381e+09,0.003648499,1.405083,0.7025417,-72.00086,-100.4443,-161.5161,-169.9595,0.01441792
26,8,1359,3.945253e-07,1,5,6.419631e-06,7.417506e-06,5,6.315215e-06,3.540522e-05,1,3,2.243801e-07,5.629272e-06,6,1,0.8092268,2.64044e-07,3,9,6.971835e-06,5.114697e+09,0.002634509,1.134545,0.5672723,-70.21906,-98.67,-160.1885,-168.6394,1.768906
26,9,1360,3.964164e-07,1,6,6.489478e-06,7.96265e-06,5,6.226863e-06,3.352672e-05,1,3,2.239593e-07,6.208608e-06,6,1,0.8552233,2.831126e-07,3,7,7.162777e-06,5.216694e+09,0.003737067,1.385807,0.6929034,-74.27843,-102.5944,-162.901,-171.217,0.0005235455
26,10,1361,3.7245e-07,1,6,6.672152e-06,7.108329e-06,5,6.751093e-06,3.419666e-05,1,3,2.270476e-07,6.200276e-06,5,1,0.8642761,2.644177e-07,4,6,7.387053e-06,5.068784e+09,0.003992827,1.424054,0.7120272,-76.61349,-104.7856,-164.6988,-172.8709,0.0
26,11,1362,3.748837e-07,1,5,6.285853e-06,7.62432e-06,5,6.177067e-06,3.804624e-05,1,3,1.984116e-07,5.389129e-06,7,1,0.8148258,2.860955e-07,3,7,7.255267e-06,5.06607e+09,0.002782618,1.239819,0.6199093,-70.64436,-99.14656,-160.2932,-168.7954,0.7283673
26,12,1363,3.694408e-07,1,6,6.407018e-06,7.506658e-06,5,6.857379e-06,3.204394e-05,1,3,3.333885e-07,6.428516e-06,6,1,0.8389324,2.772006e-07,3,7,7.039476e-06,5.28738e+09,0.003380138,1.287122,0.6435608,-74.75976,-102.9842,-163.9352,-172.1597,0.001349918
26,13,1364,3.487537e-07,1,6,5.691573e-06,6.878553e-06,5,6.280017e-06,3.906585e-05,1,3,1.8e-07,5.828256e-06,8,1,0.8299327,2.871305e-07,2,7,7.25011e-06,5.33926e+09,0.003419784,1.48806,0.74403,-72.93362,-101.4173,-162.1433,-170.6269,0.00220089
26,14,1365,3.348677e-07,1,5,5.961045e-06,6.870507e-06,6,6.452226e-06,3.453981e-05,1,3,2.27809e-07,6.385676e-06,7,1,0.8623461,3.319577e-07,2,7,7.337153e-06,5.36597e+09,0.003433166,1.389442,0.694721,-72.7722,-101.3079,-162.0082,-170.544,0.002719732
26,15,1366,4.083313e-07,1,6,6.549401e-06,8.216555e-06,5,6.303575e-06,3.709144e-05,1,3,2.657915e-07,5.828009e-06,7,1,0.8390306,2.534958e-07,3,8,7.29102e-06,4.790653e+09,0.003463651,1.335866,0.6679331,-74.17583,-102.4936,-162.3884,-170.7061,0.0004979951
26,16,1367,4.008971e-07,1,6,5.995995e-06,7.350546e-06,6,6.669437e-06,4.022216e-05,1,3,2.196017e-07,5.667149e-06,7,1,0.8623618,2.183921e-07,3,8,7.216304e-06,4.551083e+09,0.003617105,1.405336,0.702668,-75.88596,-104.229,-163.4646,-171.8076,0.00507052
26,17,1368,3.895782e-07,1,6,6.337224e-06,7.657722e-06,6,6.939467e-06,3.682167e-05,1,3,1.8e-07,6.779458e-06,7,2,0.8217834,2.691982e-07,3,6,6.984064e-06,4.721584e+09,0.003430394,1.273351,0.6366755,-73.49402,-101.9543,-161.6223,-170.0826,0.00132579
26,18,1369,3.560119e-07,1,6,6.274229e-06,7.442098e-06,5,6.440612e-06,3.757072e-05,1,3,2.925457e-07,6.40411e-06,7,1,0.8132919,2.689978e-07,3,6,6.953905e-06,5.090536e+09,0.003303575,1.399396,0.6996979,-73.39228,-101.8177,-162.3377,-170.7631,0.0
26,19,1370,4.275822e-07,1,6,6.585544e-06,8.10853e-06,5,6.526903e-06,3.41689e-05,1,3,2.936536e-07,6.251851e-06,7,1,0.8920503,2.466276e-07,3,7,7.180301e-06,5.047014e+09,0.003875465,1.426767,0.7133834,-79.03039,-106.9242,-167.2078,-175.1016,0.0
26,20,1371,3.546722e-07,1,6,6.659779e-06,7.754066e-06,5,6.684014e-06,3.987355e-05,1,2,2.834156e-07,6.652784e-06,9,2,0.8670979,2.588527e-07,3,9,6.55153e-06,5.92905e+09,0.004680056,1.246054,0.6230272,-70.90771,-99.49016,-159.6649,-168.2474,0.286359
26,21,1372,3.601221e-07,1,6,7.001725e-06,8.010713e-06,6,6.531517e-06,3e-05,1,3,3.13814e-07,6.547211e-06,6,1,0.8635578,2.940519e-07,3,5,7.196469e-06,5.459475e+09,0.00382392,1.380976,0.6904879,-80.90459,-108.5784,-169.8225,-177.4964,0.004968185
26,22,1373,4.010458e-07,1,6,6.049475e-06,7.455811e-06,4,6.558169e-06,3.545186e-05,1,4,1.895355e-07,5.909277e-06,7,1,0.801977,3.070707e-07,3,7,7.330158e-06,4.036104e+09,0.002854173,1.37029,0.6851449,-72.49373,-100.9091,-160.0582,-168.4736,0.03108357
26,23,1374,4.027926e-07,1,6,5.994163e-06,7.12725e-06,6,6.892888e-06,3.681457e-05,1,3,1.980397e-07,6.757377e-06,8,1,0.7954705,2.753974e-07,2,7,7.080007e-06,5.21641e+09,0.002736775,1.243157,0.6215787,-73.42553,-101.8132,-163.4006,-171.7882,0.000521
26,24,1375,3.210366e-07,1,6,5.913084e-06,7.716966e-06,4,6.162263e-06,3.358364e-05,1,3,1.8e-07,6.098931e-06,7,3,0.830982,2.808335e-07,3,6,6.688773e-06,5.155784e+09,0.00394197,1.374044,0.687022,-70.46352,-99.09384,-158.7523,-167.3826,0.82125
26,25,1376,3.675821e-07,1,6,6.148702e-06,7.48826e-06,6,6.794567e-06,3.759151e-05,1,3,2.191337e-07,6.322349e-06,9,1,0.8334709,2.514215e-07,3,7,7.410151e-06,4.655153e+09,0.003614225,1.345076,0.6725378,-73.61987,-102.1105,-161.3984,-169.8891,0.002496876
26,26,1377,3.819277e-07,1,6,6.077265e-06,7.793863e-06,5,6.048016e-06,3.364972e-05,1,3,1.831212e-07,6.414953e-06,8,1,0.8088688,2.094957e-07,3,6,7.070639e-06,5.554852e+09,0.003118316,1.326803,0.6634013,-72.44612,-100.8903,-162.4004,-170.8445,0.007954276
26,27,1378,3.921784e-07,1,6,6.695277e-06,8.497545e-06,7,6.704412e-06,3.425384e-05,1,3,2.845574e-07,6.454967e-06,7,2,0.9027372,2.52958e-07,3,7,7.098594e-06,4.390291e+09,0.004809781,1.423457,0.7117287,-77.49948,-105.8788,-163.5281,-171.9074,0.01082063
26,28,1379,3.704579e-07,1,7,6.095033e-06,7.313082e-06,5,6.585188e-06,3.965575e-05,1,3,2.13827e-07,6.860761e-06,7,1,0.8191926,2.812785e-07,3,6,7.10721e-06,4.888971e+09,0.003816896,1.502911,0.7514555,-74.77737,-103.1573,-162.7446,-171.1245,8.832452e-06
26,29,1380,3.574122e-07,1,6,6.108497e-06,7.238285e-06,6,6.543108e-06,3.68511e-05,1,3,2.393034e-07,6.850703e-06,7,2,0.8740798,2.666863e-07,4,7,7.018193e-06,4.346974e+09,0.004394943,1.37879,0.6893948,-73.2991,-101.8648,-159.6333,-168.199,0.01273793
26,30,1381,3.782001e-07,1,6,6.218933e-06,7.697779e-06,3,6.653913e-06,3.514615e-05,1,3,3.793247e-07,6.991812e-06,6,1,0.8198572,2.58673e-07,3,7,7.051029e-06,5.475275e+09,0.003050807,1.349487,0.6747434,-72.74162,-100.9966,-162.6656,-170.9205,0.005414494
26,31,1382,3.743317e-07,1,7,6.562213e-06,8.016403e-06,5,6.74629e-06,3.729357e-05,1,3,2.698206e-07,6.898664e-06,7,1,0.8728732,2.910696e-07,3,7,7.192605e-06,4.667136e+09,0.00465159,1.547921,0.7739603,-81.29402,-109.112,-167.999,-175.817,0.003279079
26,32,1383,3.674202e-07,1,5,6.131189e-06,8.16052e-06,5,6.408958e-06,3.401905e-05,1,3,1.83403e-07,6.5609e-06,8,1,0.8497417,2.517647e-07,3,6,7.279173e-06,5.3113e+09,0.003252993,1.309313,0.6546567,-72.11987,-100.6415,-161.5011,-170.0227,0.001716562
26,33,1384,3.951555e-07,1,6,6.15206e-06,7.065347e-06,5,6.61837e-06,3.68376e-05,1,3,2.807139e-07,6.19717e-06,7,1,0.8246841,2.698371e-07,3,6,7.193396e-06,5.177031e+09,0.003149428,1.353577,0.6767887,-73.20371,-101.5576,-162.503,-170.8569,0.000228132
26,34,1385,3.635042e-07,1,6,6.020305e-06,7.42939e-06,5,6.34116e-06,3.579459e-05,1,3,1.830592e-07,6.243045e-06,6,1,0.8380511,3.124754e-07,3,5,7.801199e-06,5.355344e+09,0.003561871,1.435813,0.7179066,-73.02185,-101.4662,-162.0808,-170.5252,0.002506749
26,35,1386,4.182118e-07,1,7,5.957005e-06,7.211276e-06,5,6.454227e-06,3.347989e-05,1,3,2.435607e-07,5.954113e-06,7,1,0.8304377,2.806334e-07,3,8,7.579801e-06,5.074703e+09,0.003503639,1.286793,0.6433963,-72.55282,-100.8903,-161.2158,-169.5533,0.0
26,36,1387,4.090204e-07,1,7,6.105983e-06,7.779666e-06,6,6.841891e-06,3.848029e-05,1,3,1.819309e-07,5.928238e-06,7,1,0.8024363,2.845237e-07,3,8,6.912922e-06,4.60273e+09,0.003300214,1.267575,0.6337874,-73.52485,-101.91,-161.5997,-169.9849,0.003680525
26,37,1388,3.567978e-07,1,5,6.426938e-06,8.085906e-06,4,6.414841e-06,3e-05,1,4,2.125051e-07,5.659818e-06,5,1,0.8135652,2.197379e-07,2,5,7.12967e-06,5.222015e+09,0.002830083,1.554763,0.7773813,-77.61736,-105.7318,-167.4561,-175.5706,0.001905246
26,38,1389,3.711209e-07,1,5,6.022977e-06,7.688853e-06,5,6.49408e-06,3.62355e-05,1,3,2.133231e-07,5.472509e-06,8,1,0.8197868,1.900452e-07,3,7,6.897376e-06,5.273277e+09,0.002771377,1.263077,0.6315385,-72.07311,-100.5708,-162.0878,-170.5855,0.001154365
26,39,1390,4.107714e-07,1,6,6.820089e-06,7.876457e-06,5,6.538716e-06,3.484474e-05,1,3,2.411489e-07,6.479655e-06,6,1,0.8509945,3.157077e-07,3,7,7.193172e-06,5.013888e+09,0.00370476,1.365777,0.6828886,-74.60497,-102.8638,-162.9209,-171.1797,0.0
26,40,1391,3.968542e-07,1,6,5.863598e-06,6.858122e-06,7,6.719911e-06,3.574138e-05,1,3,2.703659e-07,6.631725e-06,7,1,0.8241305,2.621624e-07,2,7,6.909294e-06,5.164036e+09,0.003008451,1.294529,0.6472645,-74.84806,-103.1941,-164.3244,-172.6704,0.0001576561
26,41,1392,4.038004e-07,1,5,6.424477e-06,7.510599e-06,5,6.948546e-06,3.336731e-05,1,3,2.236767e-07,6.543845e-06,8,2,0.844285,2.543843e-07,3,7,6.899551e-06,5.023457e+09,0.003117357,1.185635,0.5928177,-72.13303,-100.592,-161.2152,-169.6742,0.0
26,42,1393,3.303825e-07,1,5,6.671481e-06,7.746433e-06,6,6.764597e-06,3.354066e-05,1,3,2.228332e-07,6.136022e-06,7,2,0.8720969,2.053806e-07,3,6,7.04945e-06,4.944638e+09,0.004239115,1.435241,0.7176206,-74.2361,-102.8079,-161.846,-170.4178,0.0
26,43,1394,3.74967e-07,1,6,6.423181e-06,8.381724e-06,5,6.8069e-06,3.950969e-05,1,2,2.089309e-07,6.246845e-06,7,1,0.8476509,2.778691e-07,4,10,7.212726e-06,5.852634e+09,0.003917169,1.059761,0.5298803,-69.7096,-98.22706,-159.1269,-167.6444,3.165098
26,44,1395,3.863904e-07,1,5,6.369774e-06,8.378247e-06,7,6.192159e-06,3.366228e-05,1,3,2.132422e-07,6.392257e-06,7,2,0.8559002,2.699684e-07,3,7,6.965877e-06,4.717178e+09,0.003356689,1.178024,0.5890122,-73.36797,-101.861,-161.5825,-170.0756,0.001392083
26,45,1396,3.973705e-07,1,7,5.947243e-06,7.777967e-06,5,6.221731e-06,4.046161e-05,1,3,1.8e-07,6.846678e-06,9,2,0.9104018,2.983e-07,4,9,7.411461e-06,3.816404e+09,0.00529211,1.420901,0.7104505,-74.18575,-102.6919,-158.5826,-167.0887,0.04890384
26,46,1397,4.110211e-07,1,7,6.324253e-06,8.109735e-06,6,6.6745e-06,3.583237e-05,1,3,1.975029e-07,6.441458e-06,7,1,0.8222019,2.839578e-07,3,7,6.948465e-06,4.797814e+09,0.003702527,1.339664,0.6698322,-74.6903,-103.0337,-162.6262,-170.9696,0.0004348983
26,47,1398,3.713685e-07,1,6,6.211288e-06,7.744277e-06,5,6.241261e-06,3.485231e-05,1,3,1.818147e-07,6.137066e-06,8,1,0.8312537,2.30465e-07,3,7,7.123436e-06,5.201578e+09,0.003601431,1.390028,0.6950142,-72.87162,-101.3485,-161.6296,-170.1065,0.0003966946
26,48,1399,3.659669e-07,1,6,6.305322e-06,7.335939e-06,4,6.427175e-06,3.669589e-05,1,3,2.462669e-07,6.023717e-06,7,1,0.8315673,2.315443e-07,3,7,7.147535e-06,5.259362e+09,0.003578825,1.47479,0.7373952,-73.66541,-102.0573,-162.5467,-170.9385,0.0009764051
26,49,1400,3.941702e-07,1,6,6.179422e-06,7.433669e-06,7,6.888398e-06,3.655189e-05,1,3,1.891347e-07,6.605889e-06,7,1,0.8692347,2.925766e-07,2,7,7.183816e-06,4.896043e+09,0.003876484,1.438118,0.7190591,-77.20374,-105.4961,-165.1163,-173.4087,6.522753e-07
27,0,1401,3.89206e-07,1,6,6.343984e-06,7.519713e-06,5,6.486775e-06,3.666143e-05,1,3,2.022139e-07,6.076601e-06,7,1,0.848239,2.8199e-07,3,7,7.136503e-06,4.98767e+09,0.003718649,1.415188,0.7075938,-73.70356,-102.107,-161.9577,-170.3611,0.0
27,1,1402,4.087019e-07,1,6,6.838755e-06,7.034541e-06,6,6.970515e-06,3.690812e-05,1,3,3.466753e-07,6.156729e-06,6,1,0.8697797,2.719693e-07,1,7,7.364702e-06,5.537831e+09,0.003118895,1.495073,0.7475366,-87.98349,-113.8242,-177.9103,-183.751,0.007370104
27,2,1403,4.362289e-07,1,8,6.394226e-06,7.839955e-06,5,6.875155e-06,3.693179e-05,1,3,2.325254e-07,6.524858e-06,6,1,0.933861,4.091968e-07,3,10,7.393179e-06,4.160449e+09,0.005120974,1.439099,0.7195494,-82.00674,-109.5076,-167.296,-174.7969,0.02277949
27,3,1404,3.865933e-07,1,6,6.477175e-06,7.949634e-06,4,6.448351e-06,3.351052e-05,1,3,3.188436e-07,5.705688e-06,6,1,0.8113219,2.639369e-07,3,7,7.225032e-06,5.469035e+09,0.003020185,1.274508,0.6372539,-72.50609,-100.775,-162.464,-170.7329,0.005235935
27,4,1405,4.042831e-07,1,5,6.596502e-06,8.583969e-06,7,6.721557e-06,3.594546e-05,1,3,3.676868e-07,6.316952e-06,8,4,0.9189883,2.694589e-07,3,7,7.187948e-06,3.836407e+09,0.004238596,1.192368,0.5961838,-75.32902,-103.8094,-160.7353,-169.2156,0.04711494
27,5,1406,3.918222e-07,1,7,6.970723e-06,7.508051e-06,7,6.859773e-06,3.762949e-05,1,3,3.081288e-07,6.383796e-06,8,2,0.8704288,2.589347e-07,3,8,7.103954e-06,4.078205e+09,0.005181952,1.495203,0.7476014,-78.29236,-106.622,-163.3568,-171.6864,0.02812776
27,6,1407,3.982379e-07,1,6,6.238397e-06,7.477019e-06,5,6.958572e-06,3.606188e-05,1,3,1.949802e-07,6.029614e-06,6,1,0.8314315,2.858392e-07,3,7,6.978645e-06,5.084293e+09,0.003338783,1.332041,0.6660206,-72.92741,-101.325,-161.8161,-170.2138,0.0
27,7,1408,3.709053e-07,1,6,6.392715e-06,8.073617e-06,7,6.499981e-06,3.155281e-05,1,3,2.513505e-07,6.309765e-06,6,1,0.8658029,2.64814e-07,3,6,7.341295e-06,5.054635e+09,0.00388864,1.337424,0.6687119,-77.09247,-105.3546,-165.2683,-173.5304,0.0
27,8,1409,3.945253e-07,1,7,6.032909e-06,7.702441e-06,5,6.315215e-06,3.649672e-05,1,3,2.111633e-07,5.703701e-06,8,1,0.8411023,2.846753e-07,3,9,6.903405e-06,4.726984e+09,0.003952076,1.38733,0.693665,-73.51156,-101.9186,-161.035,-169.442,0.001246758
27,9,1410,3.99463e-07,1,6,6.403201e-06,7.061162e-06,5,6.499388e-06,3.647469e-05,1,3,1.930634e-07,5.781247e-06,7,1,0.8214093,2.59365e-07,3,7,6.900378e-06,5.194266e+09,0.003302607,1.365881,0.6829404,-72.7429,-101.1413,-161.8648,-170.2632,0.0003416441
27,10,1411,3.887104e-07,1,6,6.442734e-06,7.108329e-06,5,6.980666e-06,3.789694e-05,1,3,2.361772e-07,6.200276e-06,5,1,0.8819292,2.644177e-07,4,7,7.387053e-06,4.606005e+09,0.003944139,1.407734,0.703867,-77.52474,-105.6195,-164.8317,-172.9265,0.00359987
27,11,1412,3.748837e-07,1,5,6.369593e-06,7.981074e-06,5,6.405335e-06,3.804624e-05,1,3,2.683914e-07,5.997745e-06,7,1,0.8599831,2.776222e-07,3,7,7.334938e-06,4.837506e+09,0.003297543,1.336201,0.6681005,-73.09617,-101.5395,-161.6067,-170.0501,0.0001626619
27,12,1413,3.952543e-07,1,6,6.809407e-06,8.304337e-06,7,6.857379e-06,3.145714e-05,1,3,2.759908e-07,6.603433e-06,6,1,0.8552499,2.597452e-07,3,6,7.095815e-06,4.987947e+09,0.003744567,1.290378,0.6451891,-77.71955,-105.8891,-165.944,-174.1135,0.0
27,13,1414,4.049907e-07,1,6,6.233935e-06,7.838283e-06,5,6.341545e-06,3.808338e-05,1,3,2.178511e-07,6.127816e-06,7,1,0.8101831,2.966766e-07,2,7,7.25011e-06,5.309415e+09,0.002988291,1.365059,0.6825293,-73.42944,-101.7777,-163.1761,-171.5245,0.001686073
27,14,1415,3.605109e-07,1,6,5.961045e-06,7.293578e-06,5,6.33091e-06,3.713164e-05,1,3,1.811067e-07,6.183474e-06,7,1,0.8753803,2.711603e-07,3,7,7.036145e-06,4.991726e+09,0.00415534,1.514741,0.7573704,-74.73396,-103.1638,-162.5129,-170.9428,9.657258e-05
27,15,1416,3.778094e-07,1,6,6.421527e-06,8.033156e-06,5,6.480022e-06,3.768891e-05,1,3,2.722027e-07,6.154855e-06,8,2,0.8774391,3.259672e-07,2,8,7.181446e-06,4.653299e+09,0.004362893,1.496753,0.7483763,-75.3136,-103.7154,-162.2711,-170.6729,0.002534831
27,16,1417,3.943174e-07,1,6,6.29456e-06,8.150727e-06,7,6.669437e-06,3.626395e-05,1,3,2.556077e-07,6.151079e-06,8,2,0.8625031,2.403536e-07,3,8,6.728769e-06,4.325307e+09,0.003985025,1.294882,0.6474408,-75.11215,-103.5694,-161.8282,-170.2855,0.01375563
27,17,1418,3.903347e-07,1,6,5.563657e-06,7.657722e-06,5,6.939467e-06,3.939526e-05,1,3,1.8e-07,6.973895e-06,8,2,0.8033831,2.760972e-07,2,6,7.170425e-06,4.961772e+09,0.002751935,1.233581,0.6167903,-72.77275,-101.2018,-162.2891,-170.7181,0.0
27,18,1419,3.560119e-07,1,6,6.119522e-06,7.442098e-06,5,6.440612e-06,3.757072e-05,1,3,2.925457e-07,6.330445e-06,7,1,0.8251042,2.678652e-07,3,6,7.096367e-06,5.066849e+09,0.003376797,1.413141,0.7065706,-73.9118,-102.3179,-162.7215,-171.1276,0.0
27,19,1420,4.295031e-07,1,6,6.585544e-06,7.22112e-06,6,6.923307e-06,4.127897e-05,1,3,2.936536e-07,6.398779e-06,7,1,0.887604,3.17994e-07,2,9,7.086198e-06,4.53098e+09,0.003748936,1.464183,0.7320916,-80.61711,-108.3853,-168.0019,-175.7701,0.005671639
27,20,1421,3.671516e-07,1,6,6.257299e-06,7.445069e-06,5,6.6247e-06,3.849563e-05,1,3,2.488757e-07,6.252799e-06,8,1,0.9294953,2.588527e-07,3,8,6.271986e-06,4.708437e+09,0.004800535,1.611676,0.8058378,-82.29163,-110.0391,-168.9363,-176.6838,0.007071251
27,21,1422,3.326858e-07,1,6,6.533982e-06,8.076832e-06,6,6.697747e-06,3e-05,1,3,2.508743e-07,7.083897e-06,6,1,0.846437,2.583344e-07,3,5,7.002448e-06,5.492252e+09,0.004066411,1.432689,0.7163443,-76.98728,-105.3094,-165.6902,-174.0123,0.005915481
27,22,1423,3.808461e-07,1,6,6.049475e-06,7.738946e-06,5,6.788057e-06,3.545186e-05,1,3,1.8e-07,6.544929e-06,7,1,0.8578333,3.070707e-07,3,8,7.330158e-06,4.816873e+09,0.00381072,1.337887,0.6689437,-72.45183,-100.9441,-160.2971,-168.7894,0.0002877995
27,23,1424,4.044077e-07,1,7,5.726977e-06,7.399134e-06,5,6.522498e-06,3.648441e-05,1,3,2.316951e-07,6.695575e-06,7,1,0.8085892,3.141058e-07,2,7,7.478569e-06,5.351899e+09,0.003160355,1.370875,0.6854375,-73.26443,-101.6053,-162.8372,-171.1781,0.002439569
27,24,1425,3.343309e-07,1,6,5.913084e-06,7.744821e-06,6,6.532361e-06,3.676241e-05,1,3,1.8e-07,6.212119e-06,7,3,0.8207378,2.68207e-07,3,5,7.015903e-06,4.667595e+09,0.003639623,1.303722,0.6518608,-72.59104,-101.1738,-160.3623,-168.9451,0.002249569
27,25,1426,3.870241e-07,1,6,6.076221e-06,7.094304e-06,5,6.907803e-06,3.720985e-05,1,3,2.554847e-07,6.196376e-06,8,1,0.8215582,2.317505e-07,2,7,7.410151e-06,5.336148e+09,0.003184383,1.422978,0.7114891,-74.33731,-102.6848,-163.8516,-172.1991,0.002144012
27,26,1427,3.804615e-07,1,6,6.047806e-06,7.771308e-06,5,6.259844e-06,3.583544e-05,1,3,1.82511e-07,5.814365e-06,7,2,0.8088688,2.094957e-07,3,6,7.136102e-06,5.194017e+09,0.003146023,1.30098,0.6504901,-72.37692,-100.8432,-161.7094,-170.1756,0.0003398396
27,27,1428,3.823726e-07,1,7,6.462414e-06,8.497545e-06,6,6.732603e-06,3.57836e-05,1,3,2.419254e-07,6.233208e-06,7,1,0.8603573,2.17226e-07,3,7,7.098594e-06,4.720034e+09,0.004479941,1.504833,0.7524164,-80.75394,-108.7531,-167.7201,-175.7193,0.001359304
27,28,1429,3.764795e-07,1,6,6.267791e-06,8.380139e-06,5,6.613568e-06,3.812899e-05,1,3,1.8e-07,6.277894e-06,6,1,0.8191926,2.712273e-07,4,7,7.158982e-06,4.627051e+09,0.003382459,1.280153,0.6400767,-72.06334,-100.5552,-160.0771,-168.569,0.003102919
27,29,1430,3.747976e-07,1,6,5.914067e-06,6.84215e-06,6,6.543108e-06,3.556955e-05,1,3,1.923362e-07,6.888186e-06,6,1,0.8342493,2.671672e-07,3,6,6.618841e-06,5.257976e+09,0.003391172,1.383545,0.6917723,-73.4767,-101.9176,-162.5896,-171.0304,0.0009594882
27,30,1431,3.956452e-07,1,7,6.110735e-06,7.230851e-06,5,6.684502e-06,3.822431e-05,1,3,3.793247e-07,6.562518e-06,7,1,0.8795455,2.914299e-07,3,8,7.066492e-06,4.58385e+09,0.003832185,1.411429,0.7057146,-81.22393,-108.7445,-168.6141,-176.1347,0.004162876
27,31,1432,3.743317e-07,1,7,6.407952e-06,7.163883e-06,5,6.564536e-06,3.729357e-05,1,3,2.49671e-07,6.683895e-06,7,1,0.8579067,2.940866e-07,3,7,7.151922e-06,4.814557e+09,0.004445969,1.543491,0.7717457,-78.55269,-106.6074,-165.7242,-173.7789,0.001144727
27,32,1433,3.966153e-07,1,5,6.462149e-06,8.340568e-06,5,6.408958e-06,3e-05,1,3,1.965065e-07,6.831931e-06,7,1,0.838328,2.378112e-07,4,5,7.30074e-06,5.636458e+09,0.003056561,1.208167,0.6040835,-71.78417,-100.2342,-161.952,-170.402,0.01106446
27,33,1434,3.884544e-07,1,6,6.174326e-06,7.421235e-06,5,6.61837e-06,3.757939e-05,1,3,2.807139e-07,6.008949e-06,7,1,0.8405456,2.712909e-07,3,7,7.220062e-06,4.903233e+09,0.00339293,1.366079,0.6830395,-73.96923,-102.3172,-162.4731,-170.8211,0.0
27,34,1435,3.821165e-07,1,6,6.184269e-06,7.870675e-06,5,6.420394e-06,3.579459e-05,1,3,1.8e-07,6.158592e-06,7,1,0.8888143,2.929957e-07,3,6,7.721262e-06,5.032646e+09,0.00428081,1.507852,0.753926,-75.83319,-104.1508,-163.5539,-171.8715,2.740193e-05
27,35,1436,4.245356e-07,1,6,6.487885e-06,7.777011e-06,6,6.440886e-06,3.296252e-05,1,3,3.347594e-07,6.515484e-06,6,1,0.8304377,2.891254e-07,3,8,7.357503e-06,4.937428e+09,0.003076999,1.133219,0.5666093,-73.46334,-101.6834,-162.4521,-170.6721,0.0
27,36,1437,3.856276e-07,1,6,5.949755e-06,7.57817e-06,6,6.27658e-06,3.600492e-05,1,3,1.8e-07,6.137519e-06,8,1,0.8167025,2.845237e-07,2,7,7.196142e-06,5.290983e+09,0.003113899,1.328794,0.6643971,-73.46034,-101.88,-162.998,-171.4177,0.001402327
27,37,1438,3.805718e-07,1,5,5.866666e-06,8.359639e-06,4,6.685697e-06,3.450806e-05,1,3,2.279418e-07,6.277258e-06,5,1,0.774121,2.524819e-07,2,5,7.20927e-06,6.340668e+09,0.002063627,1.210157,0.6050787,-71.10858,-99.51579,-164.005,-172.4122,0.2936352
27,38,1439,3.711209e-07,1,5,6.022977e-06,7.507673e-06,5,6.49408e-06,3.623801e-05,1,3,2.29987e-07,5.614147e-06,7,1,0.819423,2.079123e-07,3,8,6.839005e-06,5.173544e+09,0.002745153,1.226675,0.6133373,-71.28653,-99.78825,-161.1766,-169.6783,0.04504483
27,39,1440,3.941717e-07,1,7,6.593732e-06,7.393582e-06,5,6.55808e-06,3.702417e-05,1,3,2.391882e-07,6.087388e-06,7,2,0.8207901,3.33474e-07,3,7,7.500786e-06,4.617988e+09,0.004030751,1.374898,0.6874489,-72.96376,-101.4037,-160.199,-168.6389,0.003312402
27,40,1441,3.910598e-07,1,5,6.091903e-06,7.515887e-06,9,6.95722e-06,3.533423e-05,1,3,2.298958e-07,6.631725e-06,7,1,0.867489,2.378392e-07,1,5,6.706979e-06,5.046253e+09,0.00305925,1.31722,0.6586098,-82.23481,-110.2007,-171.438,-179.4039,0.0
27,41,1442,4.038004e-07,1,5,5.79941e-06,6.971553e-06,5,6.948546e-06,3.817338e-05,1,3,2.236767e-07,6.01703e-06,9,2,0.8090784,2.543843e-07,3,7,7.040714e-06,4.814048e+09,0.002401117,1.086719,0.5433596,-71.31419,-99.7686,-161.1603,-169.6147,0.05385462
27,42,1443,3.471594e-07,1,5,6.313648e-06,7.700309e-06,5,6.764597e-06,3.354066e-05,1,3,2.228332e-07,6.136022e-06,7,2,0.8675519,2.375575e-07,3,7,7.051814e-06,5.014669e+09,0.003799603,1.347507,0.6737537,-72.17379,-100.7564,-160.3813,-168.9639,0.0
27,43,1444,3.699081e-07,1,6,6.053645e-06,8.434133e-06,6,6.638805e-06,3.947735e-05,1,3,1.8e-07,6.465209e-06,7,1,0.8244535,2.815469e-07,3,8,7.053967e-06,4.453409e+09,0.003410269,1.282402,0.6412012,-73.1894,-101.6904,-160.8354,-169.3363,0.008306671
27,44,1445,3.975807e-07,1,5,6.638672e-06,8.378247e-06,5,6.133894e-06,3.333523e-05,1,3,2.523093e-07,5.919109e-06,7,1,0.8284064,2.699684e-07,3,7,7.215346e-06,5.292959e+09,0.002931714,1.202288,0.6011438,-71.54569,-99.96906,-161.3484,-169.7718,0.002389082
27,45,1446,4.035654e-07,1,7,5.957404e-06,7.82541e-06,6,6.688495e-06,4.77868e-05,1,3,1.862421e-07,6.85699e-06,8,1,0.8942587,3.073426e-07,3,7,7.020293e-06,3.980231e+09,0.004709476,1.602137,0.8010687,-80.47686,-108.5617,-165.7453,-173.8302,0.03987074
27,46,1447,3.985566e-07,1,6,6.623725e-06,7.835304e-06,6,6.877266e-06,3.85865e-05,1,3,2.438348e-07,6.18243e-06,7,2,0.8078441,2.697686e-07,3,7,7.2025e-06,4.471396e+09,0.003271169,1.237044,0.6185219,-73.45491,-101.8959,-161.3167,-169.7577,0.007651044
27,47,1448,3.859981e-07,1,6,6.211288e-06,7.76313e-06,5,6.241261e-06,3.607331e-05,1,3,2.079707e-07,6.137066e-06,8,1,0.8364665,2.515831e-07,3,7,7.096723e-06,5.065683e+09,0.003534822,1.383061,0.6915304,-73.1256,-101.5651,-161.7347,-170.1742,0.0
27,48,1449,3.874221e-07,1,6,6.321788e-06,7.177657e-06,5,6.494462e-06,3.07143e-05,1,3,1.800549e-07,6.070029e-06,7,1,0.8088145,2.606628e-07,3,7,7.249486e-06,5.632338e+09,0.003183455,1.25115,0.6255749,-71.00183,-99.49219,-160.9866,-169.477,0.2687644
27,49,1450,3.600736e-07,1,6,5.862587e-06,7.739933e-06,5,6.250621e-06,3.549349e-05,1,3,1.8e-07,6.483529e-06,7,1,0.8029948,3.299185e-07,4,6,6.927702e-06,5.052323e+09,0.003059723,1.222104,0.611052,-69.97783,-98.52459,-159.1908,-167.7376,2.176834
28,0,1451,3.918849e-07,1,6,6.275545e-06,7.41036e-06,6,6.702736e-06,4.035122e-05,1,3,2.022139e-07,6.67403e-06,7,1,0.8407603,2.91695e-07,3,7,7.09539e-06,4.553229e+09,0.003575706,1.375013,0.6875064,-74.21049,-102.6318,-161.8433,-170.2646,0.005008346
28,1,1452,3.973436e-07,1,6,6.612298e-06,7.003071e-06,7,7.038985e-06,3.489091e-05,1,3,2.773318e-07,6.240985e-06,5,1,0.9288562,2.620192e-07,3,7,7.275455e-06,4.760893e+09,0.003950678,1.383737,0.6918684,-84.17139,-111.3498,-171.7584,-178.9369,0.0008059476
28,2,1453,4.160023e-07,1,7,6.484901e-06,7.490955e-06,7,7.124895e-06,4.22458e-05,1,2,2.682337e-07,6.798286e-06,8,2,0.933861,4.091968e-07,3,9,7.185124e-06,5.146837e+09,0.005685484,1.263539,0.6317695,-74.29495,-102.7241,-160.9781,-169.4072,8.433976e-05
28,3,1454,3.792383e-07,1,7,6.368545e-06,7.112606e-06,5,6.581003e-06,3.917756e-05,1,3,2.572397e-07,6.571133e-06,8,2,0.8113219,2.765675e-07,3,7,6.781315e-06,4.540434e+09,0.003877274,1.403989,0.7019943,-73.2752,-101.7452,-160.5319,-169.0019,0.005384743
28,4,1455,4.180244e-07,1,5,6.806933e-06,7.846871e-06,8,6.778009e-06,3.604888e-05,1,2,2.902092e-07,6.392377e-06,8,1,0.8867933,2.779781e-07,3,8,7.234841e-06,6.143031e+09,0.003568232,0.9745541,0.4872771,-73.76995,-102.0942,-164.0131,-172.3374,0.04182673
28,5,1456,3.773845e-07,1,7,6.497252e-06,8.084065e-06,6,6.579777e-06,3.855432e-05,1,3,3.081288e-07,6.582929e-06,8,2,0.8533956,2.788669e-07,3,7,7.203011e-06,4.194136e+09,0.004691178,1.470265,0.7351325,-76.22613,-104.6533,-161.9662,-170.3933,0.02075154
28,6,1457,3.982379e-07,1,6,5.974006e-06,7.495431e-06,5,6.639451e-06,3.525482e-05,1,3,2.556491e-07,6.029614e-06,7,1,0.8314315,2.858392e-07,3,7,6.978645e-06,5.133747e+09,0.003161701,1.283498,0.641749,-72.3282,-100.7249,-161.5377,-169.9343,4.378655e-05
28,7,1458,3.590598e-07,1,6,6.26703e-06,8.102949e-06,6,6.297062e-06,3.495717e-05,1,3,2.151209e-07,6.346061e-06,7,1,0.8658029,2.64814e-07,3,6,7.375565e-06,4.963198e+09,0.004135583,1.464086,0.7320428,-76.17755,-104.559,-163.9274,-172.3089,0.0
28,8,1459,3.945253e-07,1,7,6.167144e-06,7.93098e-06,5,6.315215e-06,3.540522e-05,1,3,2.054687e-07,6.189006e-06,7,1,0.8411023,2.76048e-07,3,9,7.153988e-06,4.76384e+09,0.004035606,1.381603,0.6908016,-73.65363,-102.0578,-161.1537,-169.5579,0.0007721572
28,9,1460,3.702944e-07,1,6,5.925332e-06,7.093407e-06,5,6.457587e-06,3.996537e-05,1,3,1.8e-07,5.968675e-06,7,1,0.8323903,2.785872e-07,3,7,7.162777e-06,4.867207e+09,0.00343391,1.404895,0.7024474,-72.51205,-100.9981,-160.8998,-169.3858,4.479002e-05
28,10,1461,3.7245e-07,1,6,6.672152e-06,6.914632e-06,5,6.703709e-06,3.419666e-05,1,3,2.121474e-07,6.200276e-06,5,1,0.8642761,2.755906e-07,4,6,7.387053e-06,5.080936e+09,0.004059956,1.433982,0.716991,-75.84819,-104.0776,-163.8819,-172.1113,0.0
28,11,1462,3.677302e-07,1,6,6.369593e-06,7.388809e-06,4,6.427073e-06,3.964901e-05,1,3,1.8e-07,6.140692e-06,8,1,0.8550004,2.674837e-07,3,8,6.879612e-06,4.830632e+09,0.004090817,1.520549,0.7602747,-73.66033,-102.1088,-161.2223,-169.6708,0.0003880903
28,12,1463,3.848534e-07,1,5,6.896796e-06,8.407952e-06,5,6.857379e-06,3.317197e-05,1,3,1.942117e-07,6.232839e-06,6,1,0.8389324,2.414973e-07,3,6,7.030467e-06,5.40106e+09,0.00329602,1.325137,0.6625683,-73.52085,-101.9416,-162.9905,-171.4113,0.003484707
28,13,1464,3.628964e-07,1,6,5.869987e-06,7.838283e-06,4,6.388204e-06,3.698494e-05,1,3,2.485103e-07,5.82329e-06,8,1,0.8177212,2.458973e-07,3,7,7.155351e-06,5.188369e+09,0.003206745,1.369377,0.6846886,-71.51722,-100.0119,-160.7572,-169.2519,0.0003002327
28,14,1465,3.605109e-07,1,6,6.002454e-06,7.489527e-06,5,6.463174e-06,3.590646e-05,1,3,1.811067e-07,6.423441e-06,7,1,0.8753803,2.711603e-07,4,7,7.036145e-06,4.756642e+09,0.004224072,1.424175,0.7120874,-73.1139,-101.6337,-160.4026,-168.9224,0.0008559592
28,15,1466,3.937273e-07,1,6,6.494822e-06,7.701587e-06,5,6.509927e-06,3.659191e-05,1,3,3.105131e-07,5.828009e-06,7,1,0.8390306,3.259672e-07,2,7,7.806626e-06,5.205043e+09,0.003303909,1.398722,0.6993611,-76.46859,-104.5606,-165.6068,-173.6988,0.0004242263
28,16,1467,4.008971e-07,1,6,6.192734e-06,7.704872e-06,6,6.669437e-06,3.499148e-05,1,3,2.484079e-07,6.11131e-06,7,1,0.8627103,2.449106e-07,4,8,6.888159e-06,4.587401e+09,0.003712494,1.266852,0.6334258,-73.86508,-102.2652,-161.3998,-169.7999,0.004069888
28,17,1468,4.017075e-07,1,6,6.105e-06,7.819861e-06,5,6.717198e-06,3.939526e-05,1,3,2.270167e-07,6.410942e-06,7,1,0.7847116,2.946939e-07,2,7,7.182349e-06,5.200419e+09,0.002615556,1.273808,0.6369039,-72.67396,-101.0491,-162.8191,-171.1942,0.0003876944
28,18,1469,4.062146e-07,1,6,6.609178e-06,7.390122e-06,5,6.599631e-06,3.757072e-05,1,3,2.601528e-07,6.345558e-06,7,1,0.8132919,2.852713e-07,3,6,7.189857e-06,5.074514e+09,0.003172222,1.346776,0.6733882,-73.23295,-101.5733,-162.3272,-170.6675,0.0
28,19,1470,3.978884e-07,1,5,6.116655e-06,7.243542e-06,7,6.620714e-06,3.500237e-05,1,3,1.973522e-07,6.377776e-06,7,1,0.8920503,2.435096e-07,2,7,7.283067e-06,5.165222e+09,0.003494035,1.386039,0.6930193,-76.27804,-104.6174,-165.1065,-173.4459,0.0001635493
28,20,1471,3.646926e-07,1,7,6.282433e-06,7.510445e-06,5,6.6247e-06,4.421089e-05,1,2,2.291651e-07,6.798573e-06,9,1,0.9055174,2.588527e-07,3,9,6.965902e-06,5.829773e+09,0.005487386,1.464416,0.7322081,-74.99734,-103.3872,-162.9167,-171.3066,0.02047552
28,21,1472,3.855585e-07,1,6,7.001725e-06,8.079135e-06,6,6.697747e-06,3e-05,1,3,3.295796e-07,7.083897e-06,6,1,0.8430902,2.940519e-07,3,5,7.312271e-06,5.404049e+09,0.003561063,1.307023,0.6535113,-77.63534,-105.675,-166.7739,-174.8136,0.003554239
28,22,1473,3.834499e-07,1,6,6.097024e-06,7.455811e-06,4,6.788057e-06,3.545186e-05,1,3,1.991323e-07,6.544929e-06,7,1,0.8201091,2.792211e-07,3,7,7.330158e-06,5.269326e+09,0.003252167,1.330289,0.6651446,-71.09679,-99.58407,-160.4102,-168.8974,0.1740988
28,23,1474,3.911246e-07,1,8,5.743947e-06,6.897258e-06,6,6.502396e-06,3.740884e-05,1,3,1.8e-07,6.37713e-06,8,2,0.8227843,2.753974e-07,3,7,7.190589e-06,4.579046e+09,0.004129507,1.383256,0.691628,-73.56727,-102.009,-160.6238,-169.0655,0.00429036
28,24,1475,3.67679e-07,1,6,6.168197e-06,7.589887e-06,6,6.674589e-06,3.754984e-05,1,3,1.8e-07,6.41571e-06,7,1,0.8509727,3.14978e-07,2,5,7.155327e-06,5.262268e+09,0.00377708,1.534017,0.7670087,-77.9705,-106.1779,-166.6224,-174.8298,0.001526641
28,25,1476,3.490725e-07,1,6,6.076221e-06,7.423081e-06,5,6.618239e-06,3.919869e-05,1,3,2.102414e-07,6.196376e-06,8,1,0.8348972,2.313561e-07,3,7,7.133627e-06,4.829591e+09,0.003732228,1.466315,0.7331574,-73.83335,-102.334,-161.7919,-170.2925,0.0002064753
28,26,1477,3.804615e-07,1,6,6.077265e-06,8.01317e-06,5,6.048016e-06,3.299723e-05,1,3,1.933283e-07,5.970991e-06,7,2,0.8307435,2.089759e-07,3,8,7.070639e-06,5.115828e+09,0.003501154,1.281088,0.6405438,-72.15844,-100.6531,-160.8946,-169.3893,9.631989e-06
28,27,1478,3.903491e-07,1,6,6.304039e-06,7.46651e-06,4,6.565443e-06,3.242686e-05,1,3,2.845574e-07,6.233208e-06,6,1,0.8467488,2.17226e-07,3,8,7.098594e-06,5.47081e+09,0.003480703,1.372564,0.6862822,-74.10253,-102.3671,-163.4469,-171.7114,0.005286429
28,28,1479,3.416771e-07,1,6,6.095033e-06,7.961347e-06,4,6.585188e-06,3.313708e-05,1,3,2.124525e-07,6.233678e-06,7,2,0.8305247,1.955116e-07,4,6,6.731542e-06,5.234927e+09,0.003833178,1.388981,0.6944906,-71.70322,-100.2832,-160.2458,-168.8258,0.0006999388
28,29,1480,3.723157e-07,1,6,5.870637e-06,7.113489e-06,5,6.543108e-06,3.556955e-05,1,3,1.857762e-07,6.685345e-06,6,1,0.8339386,2.546793e-07,4,6,6.959794e-06,5.135266e+09,0.003409233,1.345465,0.6727325,-71.88043,-100.3734,-160.7651,-169.2581,4.781612e-05
28,30,1481,3.89189e-07,1,6,6.234362e-06,7.362287e-06,4,6.367426e-06,3.822431e-05,1,3,2.730582e-07,6.991812e-06,7,2,0.8680203,2.914299e-07,3,7,7.07044e-06,4.69107e+09,0.004042997,1.453874,0.7269371,-73.2533,-101.8038,-160.6117,-169.1622,0.001818071
28,31,1482,3.825536e-07,1,6,6.489633e-06,7.598465e-06,6,6.687163e-06,3.660942e-05,1,3,2.49671e-07,6.573819e-06,7,2,0.8847535,2.940866e-07,3,7,7.134264e-06,4.462459e+09,0.004530448,1.440282,0.7201412,-75.14999,-103.6078,-161.5801,-170.0379,0.007973416
28,32,1483,3.689336e-07,1,6,6.131189e-06,8.16052e-06,5,6.035028e-06,3.507536e-05,1,3,1.83403e-07,6.831931e-06,8,1,0.795547,2.378112e-07,4,6,7.150242e-06,5.100233e+09,0.003049803,1.237696,0.6188478,-71.11193,-99.6268,-160.421,-168.9359,0.13928
28,33,1484,3.890773e-07,1,6,6.287837e-06,7.421235e-06,5,6.495711e-06,3.555968e-05,1,3,2.408664e-07,5.840275e-06,7,1,0.8405456,2.341236e-07,3,7,6.947481e-06,5.179074e+09,0.00351996,1.40953,0.7047651,-74.27906,-102.6296,-163.0987,-171.4493,0.0002403968
28,34,1485,3.574346e-07,1,6,5.993315e-06,7.876026e-06,5,6.420394e-06,3.579459e-05,1,3,2.0416e-07,6.846017e-06,8,1,0.8545861,2.824988e-07,3,6,7.429994e-06,5.034345e+09,0.003910261,1.442912,0.7214561,-73.42983,-101.9282,-161.5466,-170.045,0.0
28,35,1486,3.947212e-07,1,6,6.018204e-06,7.457787e-06,5,6.415315e-06,3.323418e-05,1,3,3.920803e-07,5.972803e-06,7,1,0.8480183,2.891254e-07,3,7,7.470983e-06,5.159831e+09,0.003091387,1.220232,0.6101158,-74.16885,-102.3349,-163.52,-171.686,0.0001376294
28,36,1487,4.090204e-07,1,6,6.160532e-06,7.84716e-06,4,6.841891e-06,3.848029e-05,1,3,2.081194e-07,5.92468e-06,8,1,0.8112183,2.906483e-07,2,7,7.56461e-06,5.390857e+09,0.002970142,1.379726,0.6898628,-72.70435,-101.0646,-162.6097,-170.9699,0.003252504
28,37,1488,4.118601e-07,1,5,6.486501e-06,8.379387e-06,6,6.685697e-06,3.452154e-05,1,3,2.279418e-07,5.874053e-06,7,1,0.8135652,2.238247e-07,2,7,6.985521e-06,5.363191e+09,0.002621247,1.193774,0.5968871,-74.58606,-102.9141,-164.9895,-173.3175,0.002663192
28,38,1489,3.711209e-07,1,6,6.022977e-06,7.727309e-06,4,6.21402e-06,3.62355e-05,1,3,2.29987e-07,5e-06,8,1,0.8403892,2.079123e-07,3,8,7.421756e-06,5.161011e+09,0.003545475,1.429454,0.7147272,-73.1164,-101.5505,-161.8743,-170.3085,0.0001431119
28,39,1490,4.112532e-07,1,6,6.539886e-06,7.477341e-06,5,6.397576e-06,3.517722e-05,1,3,2.250459e-07,6.087388e-06,8,1,0.8207901,3.160835e-07,3,7,7.500786e-06,5.039161e+09,0.003274668,1.269684,0.6348421,-71.87302,-100.2694,-160.7685,-169.1649,0.0
28,40,1491,3.895593e-07,1,6,6.301223e-06,7.51862e-06,9,6.696833e-06,3.36471e-05,1,3,2.703659e-07,6.403151e-06,6,1,0.8457012,2.755886e-07,2,6,6.788226e-06,4.941753e+09,0.003364524,1.284809,0.6424043,-79.42402,-107.5444,-168.0324,-176.1527,0.0
28,41,1492,4.038004e-07,1,6,6.424477e-06,7.044348e-06,5,6.826732e-06,3e-05,1,3,2.236767e-07,6.337418e-06,7,1,0.8310336,2.543843e-07,2,6,6.83834e-06,6.211481e+09,0.003354659,1.421531,0.7107654,-74.70243,-102.9675,-165.3098,-173.5749,0.04749673
28,42,1493,3.276533e-07,1,6,6.039641e-06,7.475959e-06,5,6.764597e-06,3.354066e-05,1,3,2.050517e-07,6.155657e-06,7,2,0.8580453,2.445071e-07,3,6,7.04945e-06,5.113046e+09,0.00437171,1.479966,0.7399831,-73.12762,-101.7148,-160.8947,-169.4819,6.543113e-06
28,43,1494,3.803838e-07,1,6,6.090671e-06,8.434133e-06,7,6.8069e-06,4.973699e-05,1,3,2.413573e-07,6.740862e-06,7,1,0.9078349,2.84491e-07,3,8,7.256625e-06,3.634768e+09,0.004366358,1.513879,0.7569395,-81.28318,-109.4337,-166.0915,-174.2421,0.06675835
28,44,1495,3.891334e-07,1,6,6.191389e-06,7.991146e-06,6,6.382547e-06,3.15091e-05,1,3,2.523093e-07,6.114558e-06,7,1,0.8266215,2.699684e-07,3,6,6.97153e-06,5.363895e+09,0.003262733,1.253416,0.6267082,-73.31367,-101.7083,-162.7675,-171.1621,0.002677448
28,45,1496,4.017493e-07,1,7,5.747734e-06,8.025789e-06,6,6.432493e-06,3.865207e-05,1,3,2.318495e-07,6.383915e-06,9,2,0.9104018,2.680941e-07,3,8,7.092442e-06,4.1492e+09,0.004985347,1.478979,0.7394894,-76.45027,-104.864,-161.8326,-170.2464,0.02347777
28,46,1497,4.098571e-07,1,6,6.621177e-06,8.109735e-06,6,6.791447e-06,3.459758e-05,1,3,1.880382e-07,6.478852e-06,5,1,0.8022633,2.697686e-07,3,7,6.985422e-06,5.032924e+09,0.003036775,1.205426,0.6027129,-73.34403,-101.7028,-162.5563,-170.9151,0.0
28,47,1498,3.788065e-07,1,6,6.123003e-06,7.711368e-06,5,6.241261e-06,3.485231e-05,1,3,1.8e-07,6.273773e-06,7,1,0.8244952,2.650596e-07,3,7,6.947591e-06,5.244104e+09,0.003373254,1.340348,0.6701739,-72.09702,-100.5689,-161.21,-169.6818,0.0007983871
28,48,1499,3.72851e-07,1,5,6.414255e-06,7.335939e-06,5,6.71058e-06,3.669589e-05,1,3,2.022322e-07,6.023717e-06,7,1,0.8158839,2.207951e-07,3,7,6.983763e-06,5.200487e+09,0.00288321,1.280329,0.6401646,-71.82198,-100.3148,-161.5441,-170.0369,0.0003882229
28,49,1500,3.941702e-07,1,6,6.532482e-06,7.579874e-06,7,6.747706e-06,3.437584e-05,1,3,2.373773e-07,6.425803e-06,7,1,0.8550595,3.051295e-07,2,7,7.131275e-06,5.031465e+09,0.003749645,1.393804,0.6969022,-77.25834,-105.5016,-165.5523,-173.7956,0.0
29,0,1501,3.773233e-07,1,6,6.19754e-06,7.115326e-06,5,6.535777e-06,3.590988e-05,1,3,1.8e-07,6.275181e-06,7,1,0.8407603,2.472142e-07,3,7,7.135035e-06,5.150836e+09,0.003670557,1.421763,0.7108813,-73.15498,-101.6069,-161.7452,-170.1971,9.935674e-05
29,1,1502,4.021178e-07,1,6,6.838755e-06,7.034541e-06,5,7.568859e-06,3.47609e-05,1,3,1.954991e-07,6.365253e-06,5,1,0.8348853,2.65099e-07,1,7,7.364702e-06,6.04491e+09,0.003442142,1.573981,0.7869906,-83.01456,-110.2649,-173.2741,-180.5245,0.0367599
29,2,1503,4.25716e-07,1,8,6.343357e-06,7.639101e-06,7,6.683453e-06,4.723229e-05,1,3,2.684006e-07,6.408053e-06,7,1,0.8964589,3.053618e-07,3,8,7.393179e-06,3.761447e+09,0.004794006,1.561189,0.7805943,-86.53864,-113.6124,-171.2388,-178.3125,0.05565417
29,3,1504,3.791138e-07,2,6,6.401369e-06,7.289174e-06,4,6.778528e-06,3.649866e-05,1,3,2.553595e-07,6.165093e-06,6,1,0.841867,2.687124e-07,3,7,7.155203e-06,5.062553e+09,0.005484467,1.679471,0.8397357,-88.06966,-113.8414,-174.7657,-180.5374,0.01431554
29,4,1505,3.777335e-07,1,5,6.499253e-06,8.049693e-06,8,6.886556e-06,3.669859e-05,1,2,3.676868e-07,6.521159e-06,8,3,0.9557946,2.507648e-07,3,7,7.092278e-06,5.442748e+09,0.004867915,1.101349,0.5506747,-73.93519,-102.4724,-161.7781,-170.3153,0.004516576
29,5,1506,3.918222e-07,1,6,6.615517e-06,8.084065e-06,5,6.551147e-06,3.884279e-05,1,3,2.3769e-07,6.426509e-06,7,2,0.9173946,2.93167e-07,3,7,7.235826e-06,4.395898e+09,0.005043839,1.566653,0.7833267,-77.80191,-106.1019,-163.6352,-171.9352,0.0125584
29,6,1507,3.770432e-07,1,6,6.120759e-06,7.55989e-06,5,6.958572e-06,3.606188e-05,1,3,1.949802e-07,6.352399e-06,6,1,0.8300854,2.395708e-07,3,7,6.845803e-06,5.131696e+09,0.003428971,1.379284,0.6896418,-73.47248,-101.9085,-162.3261,-170.7621,3.862478e-05
29,7,1508,3.645757e-07,1,6,6.217799e-06,7.982602e-06,7,6.134939e-06,3.442348e-05,1,3,2.175596e-07,6.407793e-06,7,1,0.8577669,2.39817e-07,3,7,7.222004e-06,4.812701e+09,0.00397878,1.379222,0.6896111,-75.30295,-103.7477,-162.9532,-171.398,0.000317417
29,8,1509,3.945253e-07,1,6,6.584702e-06,7.527311e-06,5,6.490883e-06,3.502396e-05,1,3,2.303548e-07,6.134387e-06,7,1,0.8217905,2.939582e-07,3,8,7.085982e-06,4.989564e+09,0.003400313,1.287874,0.6439372,-72.01407,-100.4355,-160.6601,-169.0816,0.0
29,9,1510,3.964164e-07,1,5,6.27195e-06,7.061162e-06,5,6.67448e-06,3.525113e-05,1,3,1.894557e-07,5.851913e-06,7,1,0.8385254,2.785872e-07,3,7,7.057801e-06,5.273341e+09,0.002953864,1.2555,0.6277498,-71.3171,-99.77295,-161.0549,-169.5108,0.05270786
29,10,1511,3.795537e-07,1,6,6.140351e-06,7.381919e-06,4,6.751093e-06,3.419666e-05,1,3,1.8e-07,6.200276e-06,5,1,0.8224933,2.496759e-07,4,6,7.387053e-06,5.393192e+09,0.003306107,1.336351,0.6681756,-71.1554,-99.61527,-160.5991,-169.059,0.1513197
29,11,1512,3.7369e-07,1,6,6.256066e-06,7.983885e-06,5,6.427073e-06,3.618732e-05,1,3,1.8e-07,6.140692e-06,6,1,0.8439464,2.850833e-07,3,6,7.093939e-06,5.17977e+09,0.003713488,1.446317,0.7231586,-74.12893,-102.5361,-162.7173,-171.1245,0.000244644
29,12,1513,3.847974e-07,1,6,6.59622e-06,7.95633e-06,7,6.857379e-06,3.204394e-05,1,3,2.802947e-07,6.53987e-06,7,1,0.8755843,2.765469e-07,3,6,7.095815e-06,4.911753e+09,0.004014992,1.352314,0.676157,-78.13368,-106.3274,-165.9216,-174.1153,0.0
29,13,1514,3.487537e-07,1,6,5.869987e-06,7.838283e-06,5,6.451916e-06,3.906585e-05,1,3,2.178511e-07,5.907142e-06,7,1,0.8182199,2.837259e-07,2,7,6.975885e-06,5.236826e+09,0.003280622,1.458254,0.7291271,-73.93911,-102.3841,-163.1609,-171.6059,0.0007197708
29,14,1515,3.605109e-07,1,6,5.961045e-06,7.694423e-06,5,6.311395e-06,3.447586e-05,1,3,2.303661e-07,6.145866e-06,7,1,0.8753803,2.273e-07,3,7,7.065651e-06,5.185634e+09,0.004050455,1.493535,0.7467673,-76.10329,-104.4423,-164.3243,-172.6633,0.0002819401
29,15,1516,4.083313e-07,1,6,6.37767e-06,7.937774e-06,5,6.360871e-06,3.709144e-05,1,3,1.835448e-07,5.837544e-06,7,1,0.8305274,3.259672e-07,3,7,7.451007e-06,4.904562e+09,0.0033627,1.306645,0.6533223,-72.34688,-100.7534,-160.892,-169.2986,0.0
29,16,1517,4.008971e-07,1,6,6.26165e-06,7.670149e-06,6,6.669437e-06,3.55772e-05,1,3,2.709662e-07,6.204847e-06,7,1,0.8304926,2.321641e-07,4,8,6.728769e-06,4.63012e+09,0.00330438,1.203508,0.6017541,-73.07701,-101.4808,-161.198,-169.6017,0.003033543
29,17,1518,3.824274e-07,1,7,5.563657e-06,7.593815e-06,5,6.939467e-06,3.939526e-05,1,3,1.8e-07,6.688681e-06,8,1,0.8493656,2.946939e-07,2,8,7.161986e-06,4.912863e+09,0.003914427,1.500612,0.7503058,-75.10487,-103.4722,-163.0049,-171.3722,1.662211e-07
29,18,1519,3.733086e-07,1,6,6.274229e-06,7.643647e-06,5,6.10776e-06,3.757072e-05,1,3,2.007261e-07,6.267974e-06,7,1,0.8132919,2.689978e-07,4,6,7.110212e-06,4.924541e+09,0.003315418,1.328066,0.6640329,-71.67692,-100.1665,-160.3188,-168.8084,0.0
29,19,1520,3.883364e-07,1,5,6.647491e-06,8.184561e-06,7,6.620714e-06,3.41689e-05,1,3,2.936536e-07,5.890329e-06,7,1,0.8554252,2.250248e-07,2,7,6.959113e-06,5.102847e+09,0.00319311,1.296438,0.6482189,-77.23809,-105.4953,-166.3522,-174.6094,3.115713e-07
29,20,1521,3.754496e-07,1,7,6.047861e-06,7.445069e-06,4,6.6247e-06,3.890162e-05,1,2,2.834156e-07,6.38924e-06,9,3,0.9294953,2.666781e-07,3,8,6.748806e-06,5.805303e+09,0.005905152,1.385415,0.6927075,-72.7745,-101.3113,-160.3387,-168.8755,0.01912544
29,21,1522,3.326858e-07,1,5,6.737696e-06,8.767023e-06,7,6.697747e-06,3.299055e-05,1,3,3.263103e-07,6.434995e-06,6,1,0.8879797,2.940519e-07,3,5,7.196469e-06,4.894414e+09,0.003587046,1.302694,0.6513471,-80.49358,-108.4801,-168.7402,-176.7268,1.299615e-06
29,22,1523,3.878702e-07,1,6,5.933545e-06,7.568581e-06,5,6.788057e-06,3.545186e-05,1,3,1.8e-07,6.36215e-06,7,1,0.7895067,2.93651e-07,3,7,7.50883e-06,5.133658e+09,0.002724228,1.165962,0.5829811,-70.70471,-99.17372,-160.5608,-169.0298,0.6827872
29,23,1524,4.027926e-07,1,8,5.805673e-06,7.088676e-06,5,6.589678e-06,3.651842e-05,1,3,1.980397e-07,6.369704e-06,8,1,0.7996866,2.768617e-07,3,7,7.092717e-06,5.024524e+09,0.003574354,1.380558,0.6902791,-73.0093,-101.4079,-161.4992,-169.8978,0.0
29,24,1525,3.570132e-07,1,6,5.913084e-06,7.831722e-06,5,6.182273e-06,3.63402e-05,1,3,1.8e-07,6.022719e-06,7,3,0.8207378,2.893595e-07,2,6,7.271618e-06,5.045309e+09,0.003430278,1.330622,0.6653109,-72.35027,-100.8692,-161.0547,-169.5737,0.0
29,25,1526,3.689185e-07,1,6,6.076221e-06,7.43232e-06,5,6.76757e-06,3.786096e-05,1,3,1.8e-07,6.576371e-06,9,1,0.8160779,2.317505e-07,2,7,7.410151e-06,5.242622e+09,0.003320154,1.418076,0.7090378,-73.58972,-102.0327,-162.7691,-171.2121,0.0007820435
29,26,1527,3.804615e-07,1,6,6.005182e-06,8.01317e-06,5,6.048016e-06,3.299723e-05,1,3,1.933283e-07,6.259338e-06,7,1,0.8341292,2.193019e-07,3,7,6.917868e-06,5.440456e+09,0.003432439,1.359143,0.6795714,-72.82643,-101.2766,-162.1831,-170.6333,0.004456384
29,27,1528,3.967918e-07,1,6,6.638137e-06,8.497545e-06,5,6.669444e-06,3e-05,1,3,2.845574e-07,6.203329e-06,7,2,0.8467488,2.861156e-07,3,7,7.378054e-06,5.072035e+09,0.003868376,1.257569,0.6287847,-72.6645,-101.1188,-160.8929,-169.3472,0.0
29,28,1529,3.800559e-07,1,6,6.240863e-06,7.624658e-06,5,6.718505e-06,3.575568e-05,1,3,2.109112e-07,6.016726e-06,6,1,0.8297194,2.315581e-07,3,7,7.158982e-06,5.147153e+09,0.003433131,1.380006,0.690003,-73.68757,-102.0943,-162.562,-170.9687,8.548424e-05
29,29,1530,3.548812e-07,1,6,5.878835e-06,6.84215e-06,6,6.543108e-06,3.618358e-05,1,3,1.8e-07,6.816359e-06,7,1,0.8005249,2.61802e-07,4,6,6.778301e-06,4.98521e+09,0.003082503,1.249331,0.6246655,-71.15062,-99.69633,-160.2153,-168.761,0.09221586
29,30,1531,3.991787e-07,1,6,6.350265e-06,7.121644e-06,4,6.838782e-06,3.629298e-05,1,3,3.793247e-07,6.268265e-06,7,1,0.8605056,2.914299e-07,3,7,6.999789e-06,5.097015e+09,0.003343577,1.375717,0.6878584,-76.98333,-104.9111,-165.8875,-173.8153,0.0
29,31,1532,3.743317e-07,1,7,6.464909e-06,7.259522e-06,5,6.562117e-06,3.447644e-05,1,3,2.014679e-07,6.683895e-06,6,1,0.8247921,2.778607e-07,3,6,7.532063e-06,5.258576e+09,0.004061169,1.488911,0.7444556,-74.94892,-103.2898,-163.2798,-171.6207,0.0009667948
29,32,1533,3.719758e-07,1,6,6.113432e-06,7.67347e-06,5,6.408958e-06,3.609768e-05,1,3,1.946895e-07,6.45284e-06,8,1,0.838328,2.378112e-07,3,6,7.265398e-06,5.174814e+09,0.003632692,1.434428,0.7172141,-73.64652,-102.098,-162.3221,-170.7736,0.0002151906
29,33,1534,4.026623e-07,1,6,6.343949e-06,7.421235e-06,5,6.61837e-06,3.717242e-05,1,3,2.222866e-07,6.008949e-06,7,1,0.8209232,2.712909e-07,3,7,7.220062e-06,5.004033e+09,0.00322147,1.322551,0.6612753,-72.69624,-101.0884,-161.6021,-169.9943,0.0
29,34,1535,3.755972e-07,1,6,6.029345e-06,7.876026e-06,5,6.623914e-06,3.579459e-05,1,3,1.932134e-07,6.461825e-06,7,1,0.8888143,2.800069e-07,3,6,7.721262e-06,5.005463e+09,0.004228409,1.500583,0.7502913,-75.8635,-104.2217,-163.5906,-171.9488,1.50816e-07
29,35,1536,4.245356e-07,1,7,6.041958e-06,7.457787e-06,5,6.440886e-06,3.837051e-05,1,3,2.735883e-07,6.497378e-06,7,1,0.861788,2.891254e-07,3,8,7.288897e-06,4.626859e+09,0.003872088,1.418612,0.709306,-75.38888,-103.5493,-162.8152,-170.9756,0.003107287
29,36,1537,4.090204e-07,1,6,5.616902e-06,7.359433e-06,5,6.402323e-06,3.848029e-05,1,3,1.933283e-07,6.151743e-06,8,1,0.8024363,2.845237e-07,2,7,7.196142e-06,5.388686e+09,0.002615023,1.283449,0.6417246,-72.31985,-100.6983,-162.7748,-171.1532,0.003204147
29,37,1538,3.895337e-07,1,5,6.487651e-06,9.016844e-06,4,6.789857e-06,3e-05,1,3,2.279418e-07,6.026561e-06,6,1,0.8135652,2.197379e-07,2,6,7.041844e-06,6.393472e+09,0.002716749,1.292583,0.6462914,-72.7982,-101.1589,-164.5724,-172.9332,0.0643241
29,38,1539,3.711209e-07,1,6,6.058279e-06,7.2107e-06,5,6.61284e-06,3.75651e-05,1,3,2.29987e-07,5.691682e-06,8,1,0.8753636,2.410873e-07,3,8,6.828513e-06,4.835792e+09,0.004054683,1.493856,0.7469281,-75.85454,-104.2031,-163.4643,-171.8129,0.0001717077
29,39,1540,3.962157e-07,1,6,6.372866e-06,7.487938e-06,5,6.473859e-06,3.517722e-05,1,3,2.391882e-07,6.250959e-06,7,1,0.856084,3.055335e-07,3,7,7.500786e-06,4.984457e+09,0.00372226,1.371349,0.6856747,-73.55046,-101.9217,-161.7947,-170.166,0.0
29,40,1541,4.071196e-07,1,6,6.278425e-06,7.518823e-06,7,6.86272e-06,3.627398e-05,1,3,2.703659e-07,6.631725e-06,6,1,0.8616555,2.534559e-07,1,6,7.007159e-06,5.380639e+09,0.003264043,1.488442,0.7442209,-86.31454,-113.1778,-175.7937,-182.6569,0.003027994
29,41,1542,3.805445e-07,1,5,6.630545e-06,7.619953e-06,4,6.466321e-06,3.067358e-05,1,3,2.006331e-07,5.990772e-06,7,1,0.8025953,2.33529e-07,3,7,7.078504e-06,5.937558e+09,0.002753124,1.21194,0.6059701,-69.74057,-98.22486,-160.8145,-169.2988,3.1781
29,42,1543,3.303825e-07,1,5,6.536234e-06,7.600151e-06,5,6.730573e-06,3.354066e-05,1,3,2.057967e-07,6.273893e-06,7,1,0.8617849,2.053806e-07,3,6,7.165421e-06,5.416141e+09,0.003880736,1.485748,0.7428738,-74.51344,-103.0086,-163.2981,-171.7933,0.003842556
29,43,1544,3.810799e-07,1,5,6.090671e-06,8.277035e-06,6,6.485339e-06,4.040215e-05,1,3,2.373007e-07,6.257166e-06,7,1,0.8688551,3.046711e-07,3,8,6.919985e-06,4.408621e+09,0.003287569,1.27285,0.636425,-73.2537,-101.7387,-160.971,-169.456,0.01005637
29,44,1545,3.709289e-07,1,5,6.133595e-06,7.439616e-06,7,6.192159e-06,3.665373e-05,1,3,2.523093e-07,6.114558e-06,6,1,0.8284064,2.699684e-07,3,7,7.102509e-06,4.851265e+09,0.002849325,1.177938,0.5889689,-72.35713,-100.8352,-161.5268,-170.0049,9.891995e-05
29,45,1546,3.937803e-07,1,8,5.805632e-06,7.472461e-06,5,6.55611e-06,4.77868e-05,1,3,1.8e-07,6.406984e-06,8,1,0.9104018,3.572912e-07,3,8,7.167971e-06,3.931928e+09,0.005497684,1.670552,0.8352759,-82.48241,-110.2816,-166.9727,-174.7719,0.05196019
29,46,1547,4.011283e-07,1,6,6.983269e-06,7.951059e-06,6,6.743921e-06,4.078413e-05,1,3,1.94684e-07,6.18243e-06,6,1,0.834251,2.638216e-07,3,7,6.862537e-06,4.549099e+09,0.003738623,1.433388,0.7166939,-76.40204,-104.6936,-163.8334,-172.125,0.005128355
29,47,1548,3.6424e-07,1,6,6.281237e-06,8.037867e-06,5,6.372911e-06,3.485231e-05,1,3,1.8e-07,6.688187e-06,8,2,0.8772643,2.646255e-07,3,7,6.900183e-06,4.778391e+09,0.004542651,1.440196,0.7200978,-73.30254,-101.8293,-160.3151,-168.8419,0.0006159419
29,48,1549,3.72851e-07,1,6,6.305322e-06,7.534458e-06,5,6.590578e-06,3.669589e-05,1,3,2.128057e-07,5.658584e-06,7,1,0.8087752,2.40378e-07,2,7,7.401962e-06,5.466118e+09,0.003213443,1.432446,0.7162228,-73.9767,-102.4206,-163.6606,-172.1045,0.005153507
29,49,1550,3.941702e-07,1,6,6.180335e-06,7.473851e-06,7,6.888398e-06,3.549349e-05,1,3,1.986697e-07,6.411867e-06,8,1,0.8465541,2.713147e-07,2,7,7.305574e-06,4.965764e+09,0.003587074,1.363229,0.6816146,-75.95623,-104.3149,-164.3285,-172.6872,0.0
