0.00355029	5.07024e+09	1.47025	0.735123	-90.995	-116.126	-179.593	-184.723	0.30374	0.151886	0.219045	-0.0933803	0.50285	
0.00406685	5.04358e+09	1.5063	0.753152	-91.271	-116.374	-179.233	-184.336	-0.268316	-0.2344	0.229731	-0.73142	0.0890343	
0.00403353	5.02299e+09	1.47993	0.739963	-91.0424	-116.248	-179.005	-184.211	0.0114978	-0.699314	0.349509	0.191962	-0.276333	
0.00354	5.07936e+09	1.46871	0.734354	-90.9065	-116.12	-179.533	-184.746	0.922351	0.329253	-0.175562	0.437264	0.151069	
0.00380518	5.05766e+09	1.48265	0.741324	-91.0795	-116.222	-179.355	-184.497	0.218568	0.21146	0.383302	-0.357308	-0.063492	
0.00429236	5.04862e+09	1.52344	0.761719	-91.6587	-116.835	-179.395	-184.572	0.185747	-0.266271	-0.501712	-0.194045	-0.38028	
0.00433328	5.02752e+09	1.52124	0.760621	-91.3326	-116.489	-178.991	-184.148	0.925328	-0.753364	-0.29768	-0.209129	-0.125087	
0.00373816	5.06729e+09	1.47262	0.736311	-90.9311	-116.165	-179.3	-184.534	-0.129788	0.27012	0.0187886	0.319041	-0.364837	
0.00351143	5.07541e+09	1.4518	0.725902	-90.7712	-116.045	-179.426	-184.7	-0.278728	0.165564	-0.126902	0.885037	-0.115913	
0.00361514	5.07437e+09	1.47197	0.735987	-90.9353	-116.145	-179.462	-184.672	0.276485	0.258029	-0.0848664	0.310969	0.0480081	
0.00381582	5.05566e+09	1.48345	0.741725	-91.0526	-116.241	-179.312	-184.5	0.439936	-0.0619209	0.0336921	0.0854755	-0.0343184	
0.00352783	5.07532e+09	1.46973	0.734864	-90.9516	-116.136	-179.586	-184.77	0.142396	0.0428322	-0.148004	0.334564	0.48254	
0.00382308	5.07104e+09	1.49231	0.746157	-91.1213	-116.258	-179.399	-184.536	0.280347	0.563665	0.20155	-0.532004	-0.17325	
0.00384688	5.07605e+09	1.50344	0.751722	-91.1416	-116.313	-179.401	-184.572	0.517268	0.242484	-0.449611	-0.116345	0.104411	
0.00378832	5.05485e+09	1.47166	0.735832	-90.9385	-116.166	-179.228	-184.456	-0.486219	-0.0964265	0.102144	0.354309	-0.249755	
0.0037069	5.06766e+09	1.48907	0.744534	-91.1507	-116.252	-179.557	-184.658	0.289141	0.111124	0.0916466	-0.441381	0.500468	
0.00374019	5.07822e+09	1.48788	0.743939	-91.0127	-116.224	-179.398	-184.609	0.150662	0.302841	-0.35826	0.2039	-0.0452852	
0.00437152	5.03495e+09	1.51321	0.756603	-91.212	-116.402	-178.846	-184.036	-0.00801508	-0.213979	-0.0496966	-0.264829	-0.867713	
0.00389362	5.05265e+09	1.47393	0.736967	-90.4652	-115.723	-178.632	-183.89	0.126622	0.0455161	0.0371988	0.470184	-0.69269	
0.00369055	5.08969e+09	1.48364	0.741822	-90.9863	-116.187	-179.449	-184.65	0.396632	0.931656	-0.0899026	-0.0755381	-0.397463	
0.00381054	5.04055e+09	1.45967	0.729836	-90.8675	-116.11	-179.107	-184.35	-0.0625813	-0.209474	0.44013	0.457199	-0.466733	
0.0039803	5.05688e+09	1.50326	0.751631	-91.1758	-116.339	-179.254	-184.418	0.319238	-0.0530996	-0.164661	-0.223553	-0.0492559	
0.00378006	5.05043e+09	1.47831	0.739155	-91.012	-116.22	-179.304	-184.511	0.392531	-0.381963	-0.0721371	0.376189	0.148659	
0.00390417	5.05236e+09	1.49242	0.746208	-91.0826	-116.286	-179.237	-184.441	0.0619419	-0.388869	-0.273858	0.237474	0.08856	
0.00390351	5.05066e+09	1.49269	0.746343	-91.1315	-116.304	-179.284	-184.456	0.230691	-0.290595	-0.0823187	0.0026057	0.0937482	
0.00345485	5.05415e+09	1.43778	0.718891	-90.7796	-115.976	-179.468	-184.665	-0.0493045	-0.133509	0.646585	0.511103	0.253086	
0.00367416	5.0724e+09	1.48396	0.741982	-91.0589	-116.217	-179.512	-184.67	0.00021375	0.129375	-0.0990313	-0.0486466	0.327701	
0.00400414	5.04875e+09	1.49671	0.748355	-90.9137	-116.153	-178.952	-184.192	-0.00457547	-0.440801	-0.357838	0.304779	-0.11328	
0.00403257	5.04994e+09	1.50501	0.752505	-91.202	-116.36	-179.212	-184.37	-0.248736	-0.307605	-0.154766	-0.234428	0.0352277	
0.00387966	5.0552e+09	1.49251	0.746257	-91.1846	-116.332	-179.371	-184.519	-0.188746	-0.0865294	0.0903842	-0.273534	0.0895721	
0.00362004	5.07639e+09	1.47679	0.738397	-91.0019	-116.171	-179.526	-184.695	-0.0616358	0.329263	0.0184533	-0.00956395	0.17734	
0.00348183	5.08265e+09	1.46927	0.734636	-90.9612	-116.127	-179.665	-184.83	0.0249909	0.260459	-0.0923966	0.179545	0.502699	
0.00401321	5.03657e+09	1.49617	0.748083	-91.3073	-116.464	-179.315	-184.472	-0.0522677	-0.560363	0.105723	-0.182324	0.113556	
0.00402798	5.04502e+09	1.50462	0.752309	-91.2263	-116.367	-179.233	-184.373	0.388749	-0.35855	-0.0559653	-0.310444	0.121742	
0.00347873	5.08887e+09	1.4589	0.729451	-90.8732	-116.057	-179.591	-184.775	-0.535754	0.833575	0.313506	0.0195183	-0.103486	
0.0034776	5.07911e+09	1.45352	0.726759	-90.8481	-116.033	-179.551	-184.736	0.0696131	0.659495	0.449832	0.115409	-0.0748893	
0.00377376	5.05651e+09	1.47079	0.735396	-90.9267	-116.154	-179.236	-184.464	-0.0886573	0.0147225	0.125924	0.345536	-0.304291	
0.00384728	5.07427e+09	1.50491	0.752453	-91.2251	-116.329	-179.481	-184.585	-0.449429	0.277069	-0.111987	-0.662739	0.283088	
0.003379	5.0719e+09	1.43384	0.71692	-90.7057	-115.935	-179.521	-184.751	-0.051061	0.332957	0.481931	0.656365	-0.0153284	
0.00362095	5.0792e+09	1.48912	0.744562	-91.1264	-116.242	-179.654	-184.769	0.456862	0.194291	-0.192301	-0.250682	0.650877	
0.00379638	5.08368e+09	1.49228	0.746141	-90.9991	-116.235	-179.329	-184.565	0.109108	0.469115	-0.51558	0.270759	-0.291009	
0.00369119	5.07365e+09	1.488	0.743998	-91.0852	-116.236	-179.52	-184.671	0.38007	0.177671	-0.153831	-0.104757	0.341158	
0.00339691	5.0902e+09	1.4678	0.733902	-91.014	-116.133	-179.838	-184.957	-0.283663	0.396484	0.0123511	-0.0992011	0.766799	
0.00398434	5.04178e+09	1.48886	0.744431	-91.1185	-116.279	-179.167	-184.327	-0.0279876	-0.158669	0.354169	-0.276049	-0.234285	
0.00405323	5.04306e+09	1.50029	0.750147	-91.1216	-116.261	-179.097	-184.237	-0.0760232	-0.197874	0.203671	-0.449541	-0.131444	
0.00372468	5.08565e+09	1.49277	0.746386	-91.0317	-116.24	-179.448	-184.656	-0.347254	0.310786	-0.543815	0.181414	0.105253	
0.00382237	5.05849e+09	1.47863	0.739313	-90.9553	-116.197	-179.212	-184.454	0.596415	0.0203188	-0.121634	0.433387	-0.332795	
0.00408972	5.02412e+09	1.48888	0.744439	-91.1511	-116.308	-179.055	-184.213	-0.436882	-0.60778	0.481488	-0.255727	-0.184327	
0.00375813	5.07683e+09	1.49422	0.747112	-91.0727	-116.262	-179.435	-184.624	0.282567	0.162766	-0.443532	0.10324	0.186114	
0.0040644	5.08249e+09	1.53214	0.766072	-91.2871	-116.454	-179.319	-184.485	0.0679192	0.124551	-1.01328	-0.291357	0.201054	
0.00388814	5.06705e+09	1.48833	0.744164	-90.9957	-116.274	-179.193	-184.471	-0.0859525	0.171274	-0.308889	0.324321	-0.439336	
0.00410408	5.05206e+09	1.51411	0.757053	-91.2782	-116.402	-179.215	-184.34	0.634314	0.00439579	-0.0515228	-0.618007	-0.109039	
0.00391858	5.06671e+09	1.50858	0.754288	-91.2129	-116.361	-179.376	-184.524	0.389644	-0.0292199	-0.409159	-0.247187	0.258238	
0.00374993	5.05066e+09	1.47135	0.735673	-91.0102	-116.187	-179.337	-184.513	-0.0992536	-0.118178	0.36626	0.0412672	0.0203118	
0.0034897	5.07497e+09	1.45395	0.726974	-90.8387	-116.007	-179.519	-184.687	0.0361281	0.573585	0.546017	0.01457	0.00750952	
0.00393773	5.05149e+09	1.49492	0.74746	-91.102	-116.288	-179.218	-184.404	0.467377	-0.203611	-0.120856	0.0200714	-0.0504066	
0.00361988	5.07652e+09	1.47117	0.735586	-90.8816	-116.136	-179.406	-184.66	0.114072	0.130031	-0.37019	0.663068	0.00623776	
0.00362092	5.06857e+09	1.47235	0.736175	-91.0293	-116.155	-179.539	-184.664	-0.28334	0.281194	0.398627	-0.308264	0.271598	
0.00351728	5.05383e+09	1.45115	0.725577	-90.918	-116.051	-179.528	-184.661	-0.0584821	-0.0941384	0.731138	0.0045643	0.453827	
0.0041954	5.07233e+09	1.52867	0.764336	-91.2371	-116.437	-179.113	-184.314	0.270736	0.146228	-0.879935	-0.115394	-0.339899	
0.00366185	5.07127e+09	1.46402	0.732012	-90.86	-116.106	-179.325	-184.571	-0.119371	0.391579	0.0799058	0.434157	-0.416915	
0.00371902	5.05905e+09	1.46334	0.731668	-90.8499	-116.101	-179.227	-184.478	0.386	0.128551	0.125732	0.535059	-0.420686	
0.00395718	5.07391e+09	1.51146	0.755729	-91.1502	-116.348	-179.283	-184.481	0.592994	0.132313	-0.679605	0.0210643	-0.0261543	
0.00352368	5.06173e+09	1.45124	0.725621	-90.8848	-116.043	-179.501	-184.659	-0.265937	0.200363	0.686375	0.032675	0.157602	
0.00407644	5.04425e+09	1.49783	0.748913	-91.141	-116.326	-179.094	-184.28	-0.0737094	-0.186195	0.0486773	-0.139444	-0.382879	
0.00412734	5.04139e+09	1.50193	0.750964	-91.1426	-116.345	-179.037	-184.24	0.1683	-0.376442	-0.166231	0.0470796	-0.348163	
0.00371326	5.08221e+09	1.48862	0.744308	-91.0483	-116.222	-179.472	-184.646	0.203732	0.562914	-0.142851	-0.140126	-0.0447462	
0.00387214	5.07012e+09	1.50067	0.750335	-91.1344	-116.311	-179.355	-184.532	-0.366753	0.0385985	-0.374883	-0.0762874	0.106703	
0.00399411	5.05056e+09	1.49382	0.746912	-91.1301	-116.302	-179.183	-184.354	0.257982	0.0826291	0.18351	-0.264858	-0.378765	
0.00374322	5.04941e+09	1.47158	0.735788	-91.0204	-116.188	-179.353	-184.52	0.257765	-0.130303	0.388037	0.0120714	0.0791306	
0.00362853	5.06333e+09	1.46318	0.731588	-90.9359	-116.105	-179.427	-184.596	0.0866367	0.321622	0.511386	-0.0416066	-0.0616796	
0.00397386	5.0688e+09	1.5084	0.754199	-91.1841	-116.354	-179.29	-184.46	-0.390655	0.112934	-0.370792	-0.245519	-0.0583639	
0.00396442	5.03109e+09	1.47725	0.738626	-91.0536	-116.23	-179.105	-184.282	-0.105968	-0.354272	0.579167	-0.104117	-0.287345	
0.00395252	5.05537e+09	1.49198	0.745991	-91.0768	-116.276	-179.183	-184.382	-0.0729911	0.00998824	-0.0308324	-0.00969203	-0.332011	
0.00353942	5.09831e+09	1.48366	0.74183	-90.9856	-116.181	-179.645	-184.84	-0.134541	0.526619	-0.545651	0.220708	0.351523	
0.00340281	5.0925e+09	1.46339	0.731694	-90.9071	-116.075	-179.727	-184.895	-0.0222505	0.581202	-0.0200766	0.153149	0.401058	
0.00407621	5.04994e+09	1.50809	0.754046	-91.2483	-116.4	-179.211	-184.364	0.128411	-0.162846	-0.0993733	-0.357774	-0.11015	
0.00400828	5.0512e+09	1.49469	0.747344	-90.8956	-116.058	-178.934	-184.096	0.125892	0.129122	0.210069	-0.323346	-0.42425	
0.00390483	5.05777e+09	1.49733	0.748667	-91.1831	-116.332	-179.346	-184.496	-0.111038	-0.054433	-0.0252342	-0.288416	0.0801874	
0.00330788	5.08306e+09	1.44853	0.724265	-90.8697	-115.999	-179.797	-184.926	0.355554	0.392159	0.348746	0.139318	0.672125	
0.00422176	5.03948e+09	1.51587	0.757936	-91.2954	-116.426	-179.088	-184.219	-0.20583	-0.353044	-0.0195986	-0.570056	-0.156664	
0.00371739	5.06101e+09	1.47764	0.738819	-91.0091	-116.192	-179.391	-184.574	0.383872	0.00978551	0.0656988	0.110961	0.106727	
0.00425219	5.04992e+09	1.51977	0.759886	-91.2556	-116.411	-179.035	-184.191	0.516085	0.0812893	-0.128383	-0.565321	-0.515001	
0.00360724	5.07934e+09	1.47185	0.735925	-90.9191	-116.136	-179.463	-184.681	0.0758622	0.392107	-0.12112	0.319438	-0.0465407	
0.00375691	5.06967e+09	1.48765	0.743823	-91.1377	-116.235	-179.489	-184.586	-0.0606821	0.503706	0.411557	-0.736706	0.0899185	
0.00319755	5.09302e+09	1.45077	0.725387	-90.9332	-115.995	-180.024	-185.087	0.757158	0.413756	0.221262	-0.0748533	1.20419	
0.00409307	5.04283e+09	1.50512	0.752559	-91.1747	-116.344	-179.108	-184.277	-0.502535	-0.498471	-0.16021	-0.140267	-0.0231856	
0.00402791	5.04222e+09	1.49366	0.746832	-91.0342	-116.288	-179.036	-184.289	0.0626608	-0.721096	-0.497673	0.624152	-0.111955	
0.00387381	5.05731e+09	1.49259	0.746295	-91.1257	-116.293	-179.323	-184.49	0.014624	-0.0789024	-0.0402223	-0.11619	0.0416151	
0.00382943	5.06761e+09	1.49222	0.74611	-91.0427	-116.272	-179.307	-184.537	0.541694	-0.0493962	-0.511188	0.395384	-0.0032484	
0.0040448	5.05192e+09	1.50793	0.753963	-91.2402	-116.371	-179.24	-184.371	0.364633	-0.0396845	0.00615949	-0.527638	-0.0588317	
0.0039992	5.07576e+09	1.51875	0.759376	-91.2038	-116.393	-179.294	-184.483	0.232258	0.0559555	-0.819169	-0.0524632	0.0842603	
0.00371398	5.07322e+09	1.48507	0.742533	-91.0464	-116.217	-179.454	-184.624	0.60435	0.366678	-0.0392774	-0.0826273	0.0317776	
0.00396499	5.05741e+09	1.50122	0.75061	-91.2225	-116.384	-179.319	-184.48	0.38416	-0.0145886	-0.147351	-0.187337	-0.0870534	
0.0037499	5.06344e+09	1.47448	0.737239	-90.9864	-116.16	-179.335	-184.509	0.479696	0.462697	0.410112	-0.167329	-0.318511	
0.00372691	5.07687e+09	1.48914	0.74457	-91.0412	-116.239	-179.44	-184.638	-0.130998	0.140983	-0.392126	0.175144	0.169367	
0.00382143	5.06986e+09	1.48892	0.744461	-91.0815	-116.261	-179.359	-184.539	-0.0242437	0.395087	0.0219198	-0.175256	-0.242966	
0.00366869	5.05411e+09	1.45484	0.72742	-90.9557	-116.181	-179.384	-184.609	-0.584278	0.0133354	0.45978	0.377407	-0.259254	
0.00377822	5.07127e+09	1.49045	0.745227	-91.0808	-116.252	-179.41	-184.581	0.471046	0.309221	-0.100235	-0.123312	-0.00849994	
0.00396733	5.04314e+09	1.49902	0.749511	-91.2516	-116.364	-179.321	-184.433	-0.226761	-0.430914	0.151207	-0.463115	0.318901	
0.00394646	5.04563e+09	1.48185	0.740925	-91.0518	-116.235	-179.148	-184.332	-0.229065	0.0100112	0.404656	-0.149567	-0.443068	
0.00373526	5.04778e+09	1.46447	0.732235	-90.9806	-116.157	-179.319	-184.495	0.681508	0.0772384	0.623757	-0.00652148	-0.178943	
0.00408744	5.04506e+09	1.51089	0.755446	-91.2379	-116.399	-179.181	-184.342	0.116524	-0.566488	-0.349653	-0.12034	0.18447	
0.00411983	5.05085e+09	1.5104	0.7552	-91.2276	-116.385	-179.146	-184.304	0.0527171	-0.0879488	-0.118567	-0.37854	-0.250688	
0.00370943	5.06214e+09	1.47435	0.737177	-91.0444	-116.171	-179.438	-184.565	0.0310397	0.373205	0.579898	-0.445812	-0.00524447	
0.00366276	5.02702e+09	1.45137	0.725684	-90.8968	-116.099	-179.285	-184.487	0.260557	-0.948011	0.479005	0.623984	0.441491	
0.00414916	5.03361e+09	1.50887	0.754433	-91.1293	-116.315	-178.987	-184.173	0.714169	-0.799609	-0.352859	0.100483	0.0859869	
0.00387859	5.04396e+09	1.48058	0.740291	-91.0242	-116.237	-179.193	-184.405	-0.0560491	-0.424742	0.0322279	0.296054	-0.069919	
0.00418558	5.05765e+09	1.52729	0.763644	-91.3524	-116.469	-179.214	-184.33	-0.380808	-0.149645	-0.383606	-0.68983	0.0785416	
0.0036191	5.05531e+09	1.45184	0.72592	-90.8436	-116.067	-179.333	-184.556	-0.740095	-0.056971	0.437822	0.440437	-0.116394	
0.00368464	5.05833e+09	1.46862	0.734311	-90.9178	-116.132	-179.334	-184.548	0.39752	-0.052721	0.0914919	0.376779	-0.00509321	
0.00361654	5.06344e+09	1.45833	0.729166	-90.8688	-116.079	-179.375	-184.585	0.333895	0.295726	0.384322	0.27653	-0.210876	
0.00393365	5.04597e+09	1.48979	0.744896	-91.1001	-116.283	-179.211	-184.394	0.139556	-0.300282	0.0445686	0.00947912	-0.0614659	
0.0040057	5.06666e+09	1.52029	0.760146	-91.2765	-116.432	-179.344	-184.499	0.0574173	-0.311899	-0.772025	-0.154496	0.446451	
0.00379797	5.07002e+09	1.49608	0.748041	-91.1118	-116.285	-179.416	-184.589	0.20571	0.00359905	-0.362293	0.00536231	0.262003	
0.00361027	5.08446e+09	1.48012	0.74006	-91.032	-116.178	-179.581	-184.728	-0.191531	0.621547	0.0842196	-0.27629	0.13071	
0.00452543	5.03149e+09	1.53936	0.76968	-91.4616	-116.56	-178.939	-184.037	-0.139086	-0.500622	-0.190835	-0.927962	-0.268088	
0.00328583	5.07865e+09	1.4356	0.717798	-90.7542	-115.938	-179.703	-184.887	0.351084	0.361585	0.432391	0.512555	0.392963	
0.00369311	5.0603e+09	1.47485	0.737427	-90.9909	-116.186	-179.4	-184.596	0.0249265	-0.139911	-0.00819634	0.262661	0.193538	
0.00366359	5.0645e+09	1.47369	0.736843	-90.9977	-116.173	-179.449	-184.624	-0.350352	0.00536212	0.107627	0.0917311	0.21283	
0.00378001	5.06247e+09	1.48555	0.742774	-91.039	-116.245	-179.351	-184.557	0.143538	-0.146348	-0.25705	0.279081	0.129476	
0.00363351	5.07187e+09	1.46507	0.732537	-90.8997	-116.104	-179.4	-184.604	0.170259	0.517266	0.285331	0.134958	-0.284275	
0.00357169	5.07232e+09	1.47378	0.736888	-91.0498	-116.155	-179.625	-184.73	0.369183	0.329716	0.334461	-0.359995	0.458624	
0.00369392	5.07976e+09	1.49124	0.745621	-91.081	-116.247	-179.523	-184.689	-0.212317	0.164995	-0.363725	-0.00972078	0.370001	
0.00362601	5.07891e+09	1.47734	0.738671	-90.9965	-116.168	-179.518	-184.689	-0.210635	0.42167	0.0201638	-0.0405924	0.0989408	
0.0036212	5.06233e+09	1.4731	0.736548	-91.0356	-116.173	-179.534	-184.671	-0.0238142	-0.077716	0.207049	-0.061079	0.490628	
0.0038982	5.04138e+09	1.47798	0.738988	-91.0582	-116.241	-179.201	-184.383	0.0211549	-0.168536	0.430049	-0.0574613	-0.247334	
0.00403832	5.0478e+09	1.50619	0.753097	-91.3021	-116.38	-179.302	-184.38	-0.74747	-0.140572	0.312391	-0.924184	0.170989	
0.00354127	5.0742e+09	1.47295	0.736477	-91.0552	-116.154	-179.671	-184.769	-0.42779	0.166548	0.232351	-0.293201	0.645458	
0.00382102	5.04374e+09	1.47337	0.736687	-91.0073	-116.192	-179.241	-184.425	0.0816628	-0.21872	0.391254	0.0598477	-0.0901641	
0.00388261	5.0346e+09	1.47742	0.738711	-91.5884	-116.752	-179.736	-184.9	0.347586	-0.294756	0.639145	-0.27836	0.00196205	
0.00378522	5.06932e+09	1.48319	0.741597	-91.0544	-116.214	-179.372	-184.532	-0.0921624	0.527819	0.286858	-0.34177	-0.272654	
0.00432832	5.03523e+09	1.51653	0.758265	-91.2946	-116.438	-178.972	-184.115	-0.486548	-0.28957	0.0834276	-0.604854	-0.496582	
0.00393476	5.06285e+09	1.50051	0.750256	-91.164	-116.324	-179.303	-184.463	-0.337483	0.0859639	-0.11168	-0.291087	-0.0683996	
0.00376954	5.04819e+09	1.47492	0.737462	-91.0085	-116.207	-179.308	-184.507	-0.146575	-0.421846	0.0723438	0.302253	0.170288	
0.00400401	5.03011e+09	1.47975	0.739875	-91.0552	-116.255	-179.062	-184.261	0.0777117	-0.441031	0.394189	0.0810336	-0.361853	
0.00360339	5.07275e+09	1.4758	0.737899	-91.0307	-116.172	-179.568	-184.71	-0.00429091	0.227999	0.129908	-0.129592	0.360161	
0.00373606	5.0743e+09	1.49044	0.745221	-91.0985	-116.253	-179.482	-184.637	0.11067	0.274369	-0.119864	-0.186363	0.179334	
0.00396222	5.05388e+09	1.49634	0.748171	-91.1103	-116.303	-179.203	-184.396	0.0929663	-0.157865	-0.162353	0.0181838	-0.13563	
0.00378495	5.04636e+09	1.48201	0.741004	-91.0882	-116.251	-179.367	-184.53	-0.841747	-0.708817	-0.0230137	0.148813	0.556207	
0.0037368	5.0612e+09	1.48622	0.74311	-91.1348	-116.244	-179.495	-184.604	-0.105617	-0.0269576	0.192474	-0.398137	0.444871	
0.00332441	5.08659e+09	1.44892	0.724461	-90.8357	-116.006	-179.747	-184.918	0.390012	0.497261	0.204837	0.331132	0.438798	
0.00385425	5.06507e+09	1.49341	0.746707	-91.1315	-116.286	-179.364	-184.519	0.074977	0.254122	0.0510338	-0.319061	-0.0840712	
0.00354779	5.06585e+09	1.45776	0.728878	-90.8388	-116.082	-179.432	-184.676	0.277084	-0.0770129	-0.0619243	0.728946	0.134568	
0.00370541	5.0768e+09	1.48419	0.742093	-90.9838	-116.207	-179.407	-184.63	0.118647	0.161701	-0.414001	0.36605	0.0580948	
0.00388994	5.05494e+09	1.4872	0.7436	-91.1627	-116.348	-179.338	-184.523	-0.319531	-0.0132074	0.112262	-0.0903974	-0.178253	
0.0037696	5.05502e+09	1.47814	0.73907	-91.0537	-116.216	-179.365	-184.527	-0.470552	-0.0979319	0.256402	-0.0852998	0.109125	
0.00385413	5.05012e+09	1.4869	0.74345	-91.1146	-116.314	-179.321	-184.521	1.01151	-0.309554	-0.14999	0.269375	0.07316	
0.00377734	5.05407e+09	1.47869	0.739344	-91.0919	-116.277	-179.393	-184.578	0.16719	-0.134077	0.120736	0.103652	0.0527782	
0.00391322	5.03663e+09	1.47881	0.739404	-91.0094	-116.212	-179.127	-184.329	-0.513057	-0.576445	0.195914	0.215879	-0.051728	
0.00396817	5.04839e+09	1.48329	0.741647	-91.0693	-116.241	-179.146	-184.319	-0.112046	0.243669	0.53097	-0.347242	-0.599906	
0.00358953	5.08491e+09	1.47987	0.739936	-90.9937	-116.179	-179.569	-184.754	-0.113543	0.353308	-0.264528	0.143912	0.272474	
0.00379572	5.08368e+09	1.49367	0.746834	-91.0087	-116.254	-179.339	-184.584	-0.0282431	0.337322	-0.644274	0.372022	-0.184527	
0.00354313	5.06945e+09	1.46778	0.73389	-90.935	-116.134	-179.54	-184.739	0.198063	-0.157054	-0.182279	0.494254	0.505636	
0.00357087	5.07288e+09	1.46027	0.730137	-90.8703	-116.078	-179.448	-184.655	-0.166234	0.397046	0.248973	0.257727	-0.116585	
0.0036354	5.07147e+09	1.46734	0.733671	-90.8888	-116.118	-179.386	-184.615	0.153304	0.292568	0.00932776	0.391351	-0.170863	
0.00347901	5.08172e+09	1.46791	0.733953	-90.9758	-116.124	-179.681	-184.83	-0.234991	0.299373	0.0536454	0.0336415	0.508495	
0.00379165	5.06311e+09	1.47576	0.73788	-91.0079	-116.224	-179.308	-184.524	0.000297985	0.290964	0.145936	0.139979	-0.421407	
0.00367453	5.06528e+09	1.48235	0.741173	-91.0719	-116.22	-179.512	-184.66	-0.233694	-0.159705	-0.0760031	-0.00457811	0.52536	
0.00356009	5.07569e+09	1.47024	0.735121	-90.9448	-116.135	-179.54	-184.73	0.469408	0.247881	-0.0492712	0.25727	0.235417	
0.00395918	5.03663e+09	1.47626	0.738128	-91.0015	-116.214	-179.068	-184.281	-0.279331	-0.298266	0.368481	0.144722	-0.443765	
0.00383316	5.04361e+09	1.47012	0.735058	-90.9308	-116.171	-179.15	-184.39	0.131678	-0.335285	0.13031	0.491144	-0.261319	
0.00394006	5.05515e+09	1.48878	0.744389	-91.0236	-116.26	-179.143	-184.38	-0.23024	-0.178594	-0.249047	0.344989	-0.313001	
0.00375041	5.06586e+09	1.4862	0.743098	-91.1146	-116.237	-179.467	-184.589	0.0619008	0.260062	0.248434	-0.447816	0.172252	
0.00387586	5.06226e+09	1.49698	0.748491	-91.163	-116.308	-179.366	-184.512	-0.21236	0.050969	-0.0295987	-0.330206	0.090564	
0.00400138	5.06527e+09	1.50161	0.750807	-91.1317	-116.316	-179.202	-184.386	-0.0531368	0.34615	-0.104413	-0.263775	-0.477321	
0.003292	5.09927e+09	1.46122	0.730611	-90.9313	-116.066	-179.907	-185.041	-0.30336	0.4425	-0.165576	0.165904	0.882604	
0.00376802	5.06764e+09	1.49157	0.745784	-91.1122	-116.266	-179.447	-184.601	0.196041	0.0552414	-0.142761	-0.130681	0.267624	
0.00402159	5.05907e+09	1.51393	0.756964	-91.2872	-116.408	-179.325	-184.446	0.047031	-0.10926	-0.253754	-0.516212	0.202218	
0.00395898	5.05753e+09	1.49358	0.746788	-92.1665	-117.312	-180.269	-185.415	-0.193226	0.159307	0.0765521	-0.209082	-0.37242	
0.00356058	5.07112e+09	1.46534	0.73267	-90.9688	-116.117	-179.556	-184.704	-0.383285	0.284537	0.360667	-0.0860545	0.250067	
0.00377935	5.06551e+09	1.48522	0.742609	-91.0347	-116.225	-179.353	-184.544	-0.149341	0.0679319	-0.0938199	0.0700641	0.00534518	
0.00361341	5.05551e+09	1.45428	0.72714	-90.8443	-116.066	-179.34	-184.562	0.0924292	-0.0323531	0.361017	0.470127	-0.0800594	
0.00410729	5.04514e+09	1.50302	0.751511	-91.1326	-116.344	-179.054	-184.266	0.233381	-0.379096	-0.304202	0.141059	-0.287847	
0.00359781	5.06319e+09	1.45817	0.729087	-90.8836	-116.079	-179.412	-184.607	-0.0314905	0.225307	0.423459	0.204288	-0.0705931	
0.0039039	5.05889e+09	1.48011	0.740056	-90.9473	-116.212	-179.113	-184.378	-0.182878	0.0412695	-0.182861	0.494842	-0.605991	
0.00384955	5.05766e+09	1.48307	0.741534	-91.0597	-116.277	-179.285	-184.502	-0.253526	-0.0724896	-0.0776044	0.235953	-0.202453	
0.00372563	5.04534e+09	1.46762	0.73381	-90.9806	-116.174	-179.326	-184.52	-0.483736	-0.490836	0.23485	0.313933	0.236133	
0.00362144	5.0653e+09	1.45887	0.729434	-90.881	-116.084	-179.384	-184.587	-0.608169	0.280094	0.415409	0.186136	-0.182972	
0.00380767	5.072e+09	1.48642	0.743211	-91.0335	-116.236	-179.33	-184.533	-0.355613	0.360531	-0.0828592	0.0080661	-0.286404	
0.00346604	5.08883e+09	1.45329	0.726647	-90.818	-116.021	-179.552	-184.755	0.00785886	0.98056	0.39228	0.128651	-0.317606	
0.00344298	5.05478e+09	1.43376	0.71688	-90.7259	-115.948	-179.431	-184.652	0.530443	-0.0389212	0.619778	0.678204	0.0846001	
0.00383559	5.06319e+09	1.48506	0.742529	-91.0529	-116.237	-179.303	-184.487	0.128246	0.296065	0.129898	-0.114702	-0.296249	
0.00353468	5.06355e+09	1.46411	0.732056	-90.9804	-116.122	-179.586	-184.728	0.0817327	-0.0868892	0.262771	0.0841939	0.573977	
0.00380913	5.05898e+09	1.48052	0.740259	-91.0631	-116.295	-179.336	-184.568	0.127439	-0.0895381	-0.153367	0.378881	-0.151809	
0.00362444	5.07474e+09	1.47919	0.739594	-90.982	-116.183	-179.498	-184.699	0.197457	0.00363035	-0.347261	0.369018	0.364971	
0.00407019	5.05516e+09	1.49405	0.747023	-91.0146	-116.271	-178.993	-184.25	0.736361	0.100012	-0.302843	0.360551	-0.817213	
0.00389388	5.04587e+09	1.48739	0.743696	-91.1181	-116.279	-179.273	-184.434	-0.193544	-0.320022	0.166242	-0.115637	0.087168	
0.00376186	5.07413e+09	1.49645	0.748227	-91.1542	-116.287	-179.507	-184.64	-0.0759944	0.173294	-0.190424	-0.315973	0.353888	
0.00411361	5.04181e+09	1.50032	0.750159	-91.1498	-116.335	-179.059	-184.244	0.831268	-0.129744	0.0433991	-0.146971	-0.47135	
0.00372223	5.05098e+09	1.46781	0.733903	-90.9459	-116.168	-179.305	-184.528	-0.272518	-0.338058	0.090397	0.460343	0.0528618	
0.0034393	5.08229e+09	1.45914	0.729569	-90.9187	-116.071	-179.675	-184.828	-0.692203	0.393551	0.248663	0.0467694	0.403537	
0.00364597	5.0543e+09	1.47103	0.735513	-91.0691	-116.163	-179.524	-184.618	0.405612	-0.0178525	0.594795	-0.402694	0.48547	
0.00382257	5.03415e+09	1.47025	0.735123	-86.6104	-101.765	-174.825	-169.98	0.0897198	-0.53492	0.436502	0.161697	0.078408	
0.00399363	5.0552e+09	1.50152	0.750761	-91.1461	-116.328	-179.207	-184.39	0.216186	-0.120274	-0.210844	-0.0799824	-0.120122	
0.00410422	5.04709e+09	1.49603	0.748014	-90.8905	-116.092	-178.819	-184.021	0.299729	0.174223	0.217681	-0.265584	-0.744672	
0.00384416	5.05587e+09	1.48455	0.742277	-91.0804	-116.245	-179.308	-184.473	-0.146103	0.055111	0.226339	-0.184749	-0.100133	
0.00373504	5.048e+09	1.46813	0.734067	-91.0113	-116.185	-179.351	-184.525	-0.327269	-0.202538	0.440817	0.0525058	0.0757853	
0.00384878	5.06509e+09	1.48782	0.743911	-91.0899	-116.262	-179.328	-184.5	-0.127514	0.354731	0.157591	-0.25536	-0.281246	
0.00365087	5.07873e+09	1.48587	0.742937	-91.0506	-116.222	-179.542	-184.714	-0.576848	0.0482102	-0.348909	0.104103	0.460792	
0.00393262	5.05392e+09	1.4969	0.748451	-92.3218	-117.492	-180.448	-185.618	0.265691	-0.224947	-0.19512	0.00809217	0.0332356	
0.00404901	5.0381e+09	1.4896	0.744802	-91.1158	-116.286	-179.088	-184.258	0.173917	-0.12296	0.396922	-0.264726	-0.448095	
0.0037427	5.04585e+09	1.47742	0.738708	-91.0723	-116.22	-179.399	-184.547	0.14872	-0.503533	0.183703	0.0481256	0.492172	
0.00380185	5.05586e+09	1.48297	0.741485	-91.1014	-116.23	-179.377	-184.506	0.243363	0.159986	0.429831	-0.428391	0.0285395	
0.00372263	5.08213e+09	1.48999	0.744997	-91.0734	-116.242	-179.486	-184.655	-0.0581124	0.531507	-0.144809	-0.187944	-0.00907467	
0.00397833	5.03284e+09	1.47597	0.737983	-90.985	-116.22	-179.024	-184.259	-0.0792715	-0.492666	0.213799	0.376991	-0.429192	
0.00388612	5.05234e+09	1.49151	0.745757	-91.1037	-116.285	-179.278	-184.46	-0.196232	-0.366685	-0.167194	0.105573	0.151129	
0.0040298	5.03903e+09	1.49184	0.74592	-91.1317	-116.291	-179.126	-184.285	0.158042	-0.189322	0.333943	-0.295275	-0.279643	
0.00394068	5.06692e+09	1.51153	0.755765	-91.2545	-116.376	-179.394	-184.515	-0.421186	-0.0600253	-0.335977	-0.476072	0.34827	
0.00402564	5.06049e+09	1.50761	0.753805	-91.2095	-116.392	-179.245	-184.427	-0.0432809	0.0147818	-0.281587	-0.209376	-0.167892	
0.00389275	5.06905e+09	1.50507	0.752536	-91.1661	-116.341	-179.362	-184.537	-0.480937	-0.151902	-0.533891	-0.0249766	0.282356	
0.00394604	5.03795e+09	1.48615	0.743073	-91.6321	-116.818	-179.716	-184.901	0.197112	-0.498983	0.108755	0.113653	-0.0342991	
0.00395393	5.04592e+09	1.48024	0.740118	-90.963	-116.198	-179.051	-184.287	-0.0794034	-0.151417	0.0882368	0.29506	-0.535936	
0.00361735	5.07998e+09	1.47922	0.739608	-91.0325	-116.178	-179.566	-184.712	0.102238	0.516878	0.104717	-0.228044	0.166412	
0.00347343	5.07931e+09	1.46899	0.734495	-91.0134	-116.14	-179.722	-184.848	-0.517093	0.111272	0.0274381	0.00152763	0.720434	
0.00373683	5.06804e+09	1.48031	0.740153	-91.0508	-116.203	-179.423	-184.575	0.16259	0.443135	0.305328	-0.303055	-0.108576	
0.00380138	5.05166e+09	1.48099	0.740494	-91.2664	-116.474	-179.536	-184.743	0.230062	-0.352959	-0.0982003	0.327702	0.120848	
0.00351101	5.06505e+09	1.45271	0.726353	-90.8938	-116.043	-179.531	-184.68	0.297461	0.366904	0.69953	-0.0497784	0.128752	
0.00415262	5.04086e+09	1.49465	0.747327	-91.1059	-116.306	-178.973	-184.172	-0.256737	-0.0363934	0.217907	-0.160827	-0.789107	
0.00392514	5.06978e+09	1.5031	0.751551	-91.1941	-116.34	-179.355	-184.501	-0.0287257	0.39391	-0.0565015	-0.492974	-0.170412	
0.00384224	5.0595e+09	1.49287	0.746433	-91.1298	-116.28	-179.366	-184.517	0.104683	-0.0287447	-0.00475271	-0.222072	0.148007	
0.00411119	5.05107e+09	1.50368	0.75184	-91.1187	-116.339	-179.047	-184.267	0.439609	-0.153063	-0.357384	0.160643	-0.474002	
0.00394443	5.03163e+09	1.48163	0.740814	-91.072	-116.257	-179.146	-184.331	0.543609	-0.551678	0.278803	0.106287	-0.0525355	
0.00406199	5.028e+09	1.48209	0.741044	-91.0541	-116.263	-178.995	-184.204	0.164346	-0.448899	0.351723	0.114652	-0.499577	
0.00397887	5.0367e+09	1.49588	0.747941	-91.3317	-116.443	-179.377	-184.488	-0.217763	-0.624893	0.150071	-0.291233	0.319937	
0.00374569	5.05494e+09	1.47552	0.73776	-91.0127	-116.191	-179.352	-184.53	0.224268	-0.0713605	0.204593	0.0745938	0.0595578	
0.00390364	5.03373e+09	1.48402	0.742008	-91.1542	-116.28	-179.277	-184.403	0.517753	-0.453158	0.477921	-0.299405	0.209202	
0.00377786	5.07505e+09	1.50119	0.750593	-91.1541	-116.305	-179.49	-184.641	0.214143	0.00516222	-0.484245	-0.100093	0.477218	
0.00408384	5.04633e+09	1.49902	0.749511	-91.1627	-116.334	-179.112	-184.283	0.746376	0.0837473	0.170856	-0.312197	-0.523286	
0.00371299	5.05543e+09	1.46999	0.734994	-91.0104	-116.164	-179.388	-184.542	-0.56255	0.0268432	0.491711	-0.152731	0.0702026	
0.00326396	5.10222e+09	1.45094	0.725471	-90.8309	-115.99	-179.849	-185.008	-0.281969	0.807801	0.104248	0.190793	0.469199	
0.00353963	5.08115e+09	1.46009	0.730045	-90.809	-116.067	-179.439	-184.697	-0.312603	0.347842	-0.166156	0.666869	-0.130428	
0.00361824	5.05329e+09	1.44957	0.724787	-90.845	-116.04	-179.331	-184.527	0.696711	0.297363	0.788132	0.158751	-0.307647	
0.00376589	5.0677e+09	1.49411	0.747056	-91.1513	-116.284	-179.489	-184.622	-0.0944219	-0.029591	-0.1561	-0.239799	0.438498	
0.00416814	5.07591e+09	1.53977	0.769883	-91.4168	-116.511	-179.328	-184.422	-0.291854	0.172336	-0.683453	-0.928763	0.230733	
0.00344835	5.10063e+09	1.48542	0.742711	-91.1175	-116.183	-179.894	-184.96	0.0213089	0.620753	-0.187094	-0.552554	0.930018	
0.00409863	5.05424e+09	1.51145	0.755726	-91.2371	-116.448	-179.184	-184.395	0.362656	-0.354554	-0.621807	0.181218	-0.10795	
0.00376247	5.04808e+09	1.4674	0.733699	-90.9795	-116.179	-179.287	-184.487	-1.15215	-0.310125	0.330248	0.213035	-0.0113082	
0.00390152	5.04447e+09	1.48635	0.743177	-90.5892	-115.759	-178.733	-183.903	-0.0306157	-0.293443	0.212659	-0.111971	0.0214174	
0.00377625	5.05318e+09	1.47119	0.735596	-90.9702	-116.195	-179.271	-184.496	-0.519259	-0.191461	0.0983655	0.371786	-0.148704	
0.00360009	5.08144e+09	1.48179	0.740897	-91.0627	-116.193	-179.619	-184.749	0.242512	0.474481	0.0410754	-0.283885	0.335506	
0.00324209	5.10787e+09	1.44702	0.723511	-90.7219	-115.972	-179.778	-185.028	-0.210047	0.701786	-0.373568	0.852379	0.317483	
0.00382181	5.07261e+09	1.48957	0.744787	-91.0219	-116.223	-179.304	-184.505	0.42163	0.438066	-0.133462	-0.00370964	-0.315325	
0.00415449	5.03093e+09	1.50073	0.750365	-91.1208	-116.347	-178.969	-184.195	0.786357	-0.78657	-0.336837	0.386129	-0.204331	
0.00346515	5.08344e+09	1.47491	0.737457	-91.088	-116.172	-179.814	-184.898	0.042056	0.276696	0.070915	-0.329653	0.868511	
0.00375604	5.05516e+09	1.47375	0.736877	-91.022	-116.208	-179.349	-184.535	-0.268027	-0.0465764	0.253283	0.073882	-0.035344	
0.00377916	5.04457e+09	1.47435	0.737177	-91.0076	-116.219	-179.29	-184.502	-0.0349897	-0.584927	-0.00993674	0.450899	0.21014	
0.00356458	5.07466e+09	1.46426	0.732129	-90.8666	-116.1	-179.455	-184.688	-0.0567095	0.163416	-0.125276	0.55239	0.0587969	
0.00354342	5.0635e+09	1.45969	0.729845	-90.9572	-116.09	-179.552	-184.685	-0.0489291	0.173649	0.570876	-0.119546	0.329891	
0.0038709	5.06076e+09	1.49673	0.748365	-91.1721	-116.32	-179.378	-184.527	-0.476749	-0.10849	-0.102316	-0.241837	0.207079	
0.00412558	5.04052e+09	1.50753	0.753764	-91.2053	-116.36	-179.1	-184.255	0.318788	-0.345334	-0.0305814	-0.316022	-0.133592	
0.00357885	5.0656e+09	1.47086	0.735428	-90.9977	-116.157	-179.553	-184.712	-0.0387306	-0.131935	0.0407495	0.161962	0.539618	
0.00379065	5.05058e+09	1.46845	0.734225	-90.9372	-116.159	-179.217	-184.439	0.0330267	-0.0475537	0.278227	0.29541	-0.32211	
0.00408321	5.07301e+09	1.51999	0.759997	-91.2208	-116.415	-179.216	-184.41	-0.552636	0.0712083	-0.731953	-0.127149	-0.144004	
0.00374065	5.04601e+09	1.46982	0.734912	-91.0406	-116.176	-179.37	-184.506	0.131016	-0.100495	0.643895	-0.237725	0.137095	
0.00373312	5.06989e+09	1.48631	0.743157	-91.05	-116.237	-179.429	-184.616	-0.538028	-0.0593775	-0.27017	0.14822	0.265936	
0.00400256	5.05108e+09	1.51276	0.75638	-91.2952	-116.345	-179.339	-184.389	0.307697	-0.178983	0.108492	-0.978532	0.485123	
0.0035216	5.08317e+09	1.46147	0.730733	-90.8651	-116.071	-179.52	-184.726	0.353639	0.700266	0.177884	0.211308	-0.160145	
0.00356203	5.09524e+09	1.48431	0.742156	-91.0089	-116.185	-179.635	-184.812	-0.220056	0.547599	-0.394835	0.048718	0.327796	
0.00378814	5.07268e+09	1.49438	0.747188	-91.0747	-116.277	-179.395	-184.597	0.655851	0.0818315	-0.474887	0.20646	0.131021	
0.00364087	5.07973e+09	1.48525	0.742626	-91.0495	-116.213	-179.554	-184.718	0.56085	0.314368	-0.219099	-0.00437937	0.306848	
0.00399174	5.06832e+09	1.50771	0.753855	-91.225	-116.394	-179.311	-184.479	-0.0771061	0.260281	-0.262911	-0.320647	-0.22438	
0.00405217	5.04268e+09	1.50483	0.752414	-91.5428	-116.676	-179.519	-184.652	0.265478	-0.310646	0.0872351	-0.468728	0.0680878	
0.00369501	5.07855e+09	1.48958	0.744788	-91.086	-116.24	-179.525	-184.679	-0.234171	0.255601	-0.202156	-0.142257	0.298544	
0.00424497	5.02416e+09	1.50522	0.752608	-91.2555	-116.392	-178.998	-184.134	0.149525	-0.495161	0.347996	-0.521729	-0.31832	
0.00409575	5.04638e+09	1.5135	0.756749	-91.2674	-116.413	-179.204	-184.349	-0.193779	-0.557279	-0.334934	-0.251917	0.249463	
0.00403813	5.06185e+09	1.50882	0.754411	-91.2683	-116.444	-179.293	-184.468	-0.695737	-0.053501	-0.338387	-0.207048	-0.125357	
0.00348153	5.1001e+09	1.48699	0.743496	-91.0617	-116.206	-179.796	-184.94	-0.314295	0.316825	-0.63206	0.0550121	0.866569	
0.00363483	5.06813e+09	1.46077	0.730387	-90.8666	-116.091	-179.359	-184.583	0.053999	0.386476	0.26927	0.314981	-0.324833	
0.00366049	5.05993e+09	1.46203	0.731015	-90.9238	-116.108	-179.371	-184.555	0.637498	0.361439	0.543855	0.032476	-0.237964	
0.00404817	5.0533e+09	1.50122	0.750611	-91.1261	-116.329	-179.125	-184.328	-0.0865667	-0.138129	-0.236836	0.018134	-0.315445	
0.00395117	5.04123e+09	1.50215	0.751075	-91.2539	-116.365	-179.337	-184.448	0.103275	-0.716974	-0.0872337	-0.294224	0.619314	
0.00367255	5.06743e+09	1.47278	0.736391	-90.9769	-116.161	-179.423	-184.607	-0.241377	0.21152	0.163462	0.0636523	0.000686591	
0.00379692	5.07591e+09	1.49678	0.748388	-91.0798	-116.28	-179.396	-184.596	0.213249	0.108302	-0.530113	0.166544	0.136611	
0.00350252	5.09492e+09	1.47659	0.738295	-91.0366	-116.148	-179.736	-184.847	-0.135995	0.885302	0.175695	-0.481449	0.301656	
0.00390496	5.06129e+09	1.502	0.750998	-91.1699	-116.34	-179.339	-184.509	-0.059649	-0.231095	-0.379799	-0.0361687	0.250537	
0.00395131	5.05785e+09	1.50103	0.750515	-91.1849	-116.34	-179.297	-184.452	-0.559921	-0.133996	-0.134048	-0.254314	0.0638152	
0.0037838	5.07006e+09	1.48085	0.740423	-91.008	-116.22	-179.329	-184.541	-0.807108	0.279212	-0.0223122	0.0994017	-0.291103	
0.00400727	5.04838e+09	1.49157	0.745786	-91.1126	-116.285	-179.147	-184.319	-0.0271375	0.0734643	0.281378	-0.291652	-0.446318	
0.00387381	5.03848e+09	1.46885	0.734427	-90.9519	-116.182	-179.117	-184.346	-0.251452	-0.364606	0.316744	0.366805	-0.340302	
0.00379885	5.05795e+09	1.47858	0.73929	-91.0537	-116.239	-179.337	-184.522	-0.72774	0.016453	0.204594	-0.0205802	-0.107227	
0.00406941	5.04114e+09	1.49239	0.746194	-91.1472	-116.321	-179.102	-184.277	-0.258503	-0.0594947	0.361357	-0.328635	-0.4964	
0.00378765	5.05433e+09	1.4838	0.741901	-91.062	-116.249	-179.352	-184.539	0.575479	-0.255089	-0.0809115	0.186362	0.199251	
0.00350047	5.0843e+09	1.4729	0.736448	-91.0257	-116.144	-179.709	-184.828	0.0607264	0.493635	0.146692	-0.252785	0.486691	
0.0034603	5.07772e+09	1.46483	0.732417	-90.9625	-116.112	-179.685	-184.834	-0.0533571	0.146114	0.0567653	0.13982	0.608721	
0.0039092	5.0603e+09	1.48581	0.742907	-91.0285	-116.233	-179.191	-184.395	0.192775	0.330066	0.130974	-0.0512696	-0.561451	
0.00417457	5.03982e+09	1.50961	0.754807	-91.2358	-116.392	-179.078	-184.234	-0.347297	-0.399841	-0.0451858	-0.349011	-0.186888	
0.0038764	5.09119e+09	1.51499	0.757495	-91.2202	-116.357	-179.472	-184.609	-0.00613271	0.699794	-0.473064	-0.587811	0.0203197	
0.00387115	5.0598e+09	1.49492	0.747461	-91.1409	-116.304	-179.345	-184.508	-0.0824068	-0.0745993	-0.106031	-0.142325	0.106161	
0.00377698	5.07288e+09	1.49307	0.746537	-91.1035	-116.269	-179.437	-184.602	-0.544813	0.109556	-0.23538	-0.106922	0.205607	
0.00376857	5.04987e+09	1.4668	0.7334	-90.964	-116.162	-179.268	-184.466	-0.247705	-0.0193266	0.449881	0.119865	-0.236728	
0.0034986	5.07666e+09	1.4661	0.733049	-90.955	-116.11	-179.628	-184.783	0.655544	0.335201	0.14535	0.0786036	0.377936	
0.00412803	5.06414e+09	1.51527	0.757633	-91.177	-116.383	-179.11	-184.316	0.410259	0.0942242	-0.580657	-0.0225667	-0.420432	
0.0039338	5.06775e+09	1.50789	0.753945	-91.2072	-116.38	-179.355	-184.528	0.336481	0.00149017	-0.47454	-0.115202	0.120128	
0.00385416	5.04885e+09	1.4787	0.739349	-89.8776	-115.062	-178.082	-183.267	0.565964	-0.0532629	0.22423	0.0980203	-0.244223	
0.00386063	5.04628e+09	1.4723	0.736151	-90.9529	-116.184	-179.146	-184.377	0.35161	-0.11723	0.209391	0.343546	-0.427177	
0.00411502	5.04934e+09	1.50894	0.754469	-91.2022	-116.38	-179.123	-184.301	-0.1616	-0.269736	-0.251356	-0.16142	-0.187027	
0.00357941	5.06186e+09	1.46636	0.733178	-90.9718	-116.132	-179.52	-184.68	0.141052	-0.0955277	0.208599	0.148183	0.439819	
0.00356476	5.06934e+09	1.46763	0.733813	-90.9258	-116.132	-179.505	-184.711	0.349456	-0.0504513	-0.133702	0.479054	0.344126	
0.00368264	5.07092e+09	1.47954	0.739771	-91.0412	-116.196	-179.481	-184.636	0.116498	0.338332	0.158102	-0.17515	0.0874373	
0.00368516	5.06623e+09	1.47525	0.737624	-91.0141	-116.179	-179.443	-184.608	-0.091822	0.22366	0.226415	-0.0816239	0.0582998	
0.00402886	5.0568e+09	1.49896	0.749481	-91.122	-116.324	-179.148	-184.35	0.0826295	0.0464525	-0.196904	0.016404	-0.457131	
0.00400559	5.05539e+09	1.50479	0.752397	-91.1985	-116.353	-179.247	-184.401	0.317054	-0.0320539	-0.103125	-0.325069	-0.0795936	
0.00409069	5.05363e+09	1.50856	0.754278	-91.1762	-116.367	-179.13	-184.321	-0.134367	-0.221446	-0.35824	-0.0578667	-0.193414	
0.00412144	5.04129e+09	1.50199	0.750993	-91.1941	-116.352	-179.094	-184.252	-0.0934242	-0.180708	0.16635	-0.38196	-0.34602	
0.00353273	5.09463e+09	1.47413	0.737063	-90.9021	-116.129	-179.563	-184.79	0.294263	0.654997	-0.37134	0.386769	0.015813	
0.00366576	5.06476e+09	1.466	0.733	-90.9285	-116.122	-179.378	-184.572	-0.458316	0.245841	0.328733	0.100567	-0.139858	
0.00370087	5.05912e+09	1.47326	0.73663	-90.9745	-116.18	-179.373	-184.578	0.780428	-0.0262449	0.0358368	0.308962	0.0378939	
0.00388824	5.04771e+09	1.47728	0.73864	-90.956	-116.205	-179.12	-184.369	-0.375221	-0.349609	-0.0765912	0.509424	-0.301272	
0.0036135	5.05249e+09	1.45922	0.729611	-90.8739	-116.094	-179.365	-184.585	0.0817652	-0.386724	0.107299	0.613341	0.249177	
0.00379469	5.05595e+09	1.48292	0.74146	-91.064	-116.24	-179.348	-184.524	-0.316048	-0.178298	0.0497178	0.0285986	0.135124	
0.00370311	5.05293e+09	1.46831	0.734156	-91.0088	-116.156	-179.394	-184.541	0.0975062	0.0636585	0.579091	-0.176333	0.0624315	
0.0036351	5.06026e+09	1.46524	0.732621	-90.9312	-116.129	-179.409	-184.607	-0.0562354	-0.0414088	0.190361	0.293937	0.113792	
0.0039019	5.05338e+09	1.47921	0.739605	-90.9588	-116.206	-179.118	-184.365	-0.319927	-0.0807201	-0.0424207	0.38875	-0.489899	
0.00374385	5.05393e+09	1.47613	0.738065	-91.0121	-116.187	-179.351	-184.527	-0.0562195	-0.187876	0.163693	0.0933383	0.163748	
0.0037854	5.07513e+09	1.49125	0.745625	-91.0293	-116.247	-179.357	-184.575	-0.540589	0.061399	-0.477904	0.269462	0.0519419	
0.00404992	5.04769e+09	1.50672	0.753359	-91.2364	-116.378	-179.224	-184.365	-0.0706996	-0.299761	-0.0747421	-0.368126	0.0582972	
0.00367729	5.06622e+09	1.47398	0.736991	-91.022	-116.164	-179.46	-184.602	-0.280342	0.315125	0.409477	-0.285895	0.0700848	
0.00377833	5.04591e+09	1.45807	0.729037	-90.7927	-116.06	-179.079	-184.345	-0.271709	-0.215567	0.2409	0.668576	-0.474711	
0.0040948	5.03673e+09	1.49233	0.746164	-91.1563	-116.309	-179.077	-184.23	-0.134581	-0.0661354	0.519439	-0.476079	-0.506735	
0.00367043	5.06664e+09	1.4904	0.745199	-91.1852	-116.259	-179.632	-184.707	0.459143	-0.0778634	0.0161234	-0.477253	0.831806	
0.00363306	5.06267e+09	1.46458	0.732292	-90.9184	-116.12	-179.403	-184.605	-0.132302	0.0584569	0.205534	0.282675	0.028869	
0.003867	5.06363e+09	1.49157	0.745785	-91.1032	-116.271	-179.319	-184.487	-0.148595	0.216311	0.0489564	-0.231033	-0.164851	
0.00392605	5.06349e+09	1.50272	0.751358	-91.1996	-116.341	-179.349	-184.49	0.17579	0.157058	-0.0765632	-0.418964	-0.00391874	
0.00375131	5.06237e+09	1.48897	0.744486	-91.146	-116.261	-179.491	-184.606	-0.176345	-0.0572374	0.0877157	-0.356774	0.452711	
0.00374622	5.06401e+09	1.4796	0.739802	-91.0093	-116.205	-179.363	-184.559	0.101815	0.102403	0.00592239	0.128607	-0.0478334	
0.00320314	5.09203e+09	1.44082	0.72041	-90.8119	-115.972	-179.894	-185.054	-0.156835	0.35456	0.117508	0.486316	0.786092	
0.00392478	5.0423e+09	1.48107	0.740537	-91.0105	-116.237	-179.125	-184.351	0.252486	-0.370368	0.0283031	0.343445	-0.26033	
0.00437481	5.03427e+09	1.52084	0.760419	-91.2934	-116.458	-178.923	-184.087	0.0154479	-0.411997	-0.164471	-0.383862	-0.504713	
0.00404263	5.06077e+09	1.52113	0.760563	-91.3336	-116.444	-179.351	-184.462	0.483905	-0.179852	-0.440515	-0.542719	0.378926	
0.00380103	5.0725e+09	1.49639	0.748196	-91.1453	-116.284	-179.451	-184.589	0.0275633	0.296826	-0.0803994	-0.37887	0.135507	
0.00376186	5.08007e+09	1.48635	0.743177	-91.033	-116.218	-179.396	-184.582	-0.569874	0.615136	-0.00629449	-0.182897	-0.290701	
0.00386149	5.04749e+09	1.48349	0.741745	-91.0976	-116.256	-179.292	-184.45	0.621322	-0.0808875	0.309217	-0.164409	-0.0489555	
0.0036524	5.0496e+09	1.46201	0.731003	-90.9698	-116.122	-179.409	-184.562	0.0185976	-0.124123	0.593948	-0.0159059	0.214318	
0.00386133	5.07915e+09	1.50621	0.753104	-91.1782	-116.323	-179.427	-184.571	0.482344	0.489689	-0.282632	-0.431107	0.0100146	
0.00395726	5.04593e+09	1.4866	0.743302	-91.1539	-116.245	-179.239	-184.33	-0.169201	0.342649	0.930156	-0.999615	-0.319283	
0.00375539	5.05925e+09	1.47636	0.73818	-91.0074	-116.224	-179.343	-184.559	-0.112785	-0.0946658	-0.0394794	0.322664	-0.0462083	
0.00379335	5.05353e+09	1.47358	0.736791	-91.0247	-116.194	-179.306	-184.475	-0.288835	0.134511	0.495246	-0.169615	-0.208125	
0.00362577	5.06976e+09	1.48038	0.740192	-91.0904	-116.205	-179.596	-184.711	0.31217	0.141396	0.135301	-0.273804	0.514685	
0.00393922	5.03898e+09	1.47745	0.738726	-90.9866	-116.224	-179.079	-184.317	-0.665865	-0.528371	0.0599008	0.426436	-0.282258	
0.00370756	5.07767e+09	1.47826	0.739129	-90.9868	-116.171	-179.409	-184.593	-0.259145	0.641649	0.163815	-0.141906	-0.294634	
0.00329241	5.07347e+09	1.44254	0.721269	-90.8503	-115.982	-179.781	-184.913	0.431744	0.0557288	0.389211	0.326564	0.839536	
0.00375808	5.06774e+09	1.47194	0.735969	-90.9362	-116.174	-179.283	-184.521	0.149402	0.413115	0.0778857	0.295025	-0.544427	
0.0039943	5.05754e+09	1.49905	0.749524	-91.1221	-116.31	-179.186	-184.375	0.0356453	0.0543899	-0.114981	-0.124089	-0.310564	
0.0039175	5.05608e+09	1.49878	0.749391	-91.1562	-116.336	-179.302	-184.482	0.583641	-0.235711	-0.300457	0.0493114	0.12659	
0.00387825	5.06481e+09	1.49383	0.746914	-91.0936	-116.303	-179.299	-184.508	-0.0662055	-0.00544375	-0.32608	0.162435	-0.100818	
0.00392388	5.06556e+09	1.50363	0.751815	-91.154	-116.33	-179.309	-184.485	0.400085	0.0374572	-0.362283	-0.0913832	0.019865	
0.00423733	5.02988e+09	1.50587	0.752937	-91.1915	-116.381	-178.952	-184.142	0.394637	-0.55054	-0.0603394	-0.0587626	-0.413006	
0.00423567	5.0378e+09	1.51901	0.759505	-91.2823	-116.438	-179.058	-184.213	0.899739	-0.505666	-0.292956	-0.276459	-0.0750902	
0.00370019	5.06283e+09	1.47245	0.736227	-90.9693	-116.169	-179.375	-184.574	-0.330123	0.0365346	0.100049	0.20342	-0.00351165	
0.00366664	5.08095e+09	1.4817	0.740852	-91.0176	-116.196	-179.494	-184.672	-0.198929	0.491346	-0.0652307	-0.0483549	-0.00929049	
0.00389224	5.05275e+09	1.49212	0.746061	-91.1504	-116.322	-179.319	-184.491	-0.203153	-0.266109	-0.063872	-0.0398682	0.106428	
0.00436249	5.02405e+09	1.51353	0.756765	-91.2834	-116.439	-178.907	-184.062	-0.591685	-0.628502	0.0954951	-0.423231	-0.439076	
0.00362421	5.03532e+09	1.44715	0.723573	-90.8659	-116.059	-179.314	-184.507	0.125146	-0.512652	0.712321	0.410925	0.207141	
0.00425925	5.04044e+09	1.51553	0.757763	-91.2487	-116.421	-179.005	-184.177	-0.0715586	-0.374216	-0.212239	-0.266803	-0.353449	
0.00390382	5.0557e+09	1.50142	0.750711	-91.2012	-116.337	-179.362	-184.497	0.0350588	-0.296273	-0.181879	-0.249329	0.373453	
0.00357459	5.08324e+09	1.46987	0.734937	-90.936	-116.126	-179.526	-184.716	0.214039	0.681757	0.119056	0.0457664	-0.112243	
0.00374267	5.04761e+09	1.46273	0.731367	-91.0321	-116.237	-179.362	-184.567	-0.714152	-0.149867	0.501673	0.16805	-0.140425	
0.00393503	5.05554e+09	1.48588	0.742942	-83.6721	-104.221	-171.798	-172.347	-0.152914	-0.190536	-0.328657	0.528916	-0.405976	
0.00383125	5.06353e+09	1.49251	0.746253	-91.0373	-116.279	-179.293	-184.535	-0.0631504	-0.441451	-0.703078	0.609507	0.252	
0.00367385	5.05135e+09	1.46876	0.734381	-90.9898	-116.164	-179.407	-184.581	0.228218	-0.292657	0.234812	0.205022	0.314706	
0.00430065	5.05591e+09	1.52811	0.764054	-91.2802	-116.459	-179.021	-184.2	-0.14571	-0.122984	-0.579557	-0.308383	-0.386597	
0.00376034	5.07599e+09	1.49193	0.745964	-91.0603	-116.253	-179.418	-184.611	-0.311387	0.127435	-0.389906	0.108465	0.149358	
0.00373073	5.05057e+09	1.47409	0.737044	-91.0344	-116.179	-179.383	-184.528	0.286059	-0.142609	0.385364	-0.102058	0.226259	
0.00381689	5.0695e+09	1.49153	0.745764	-91.0883	-116.278	-179.371	-184.56	0.108772	0.192723	-0.199666	0.00510294	-0.063336	
0.00368195	5.05954e+09	1.46831	0.734154	-90.9711	-116.146	-179.393	-184.567	0.106384	0.15647	0.386924	0.00970676	-0.029557	
0.00366458	5.05477e+09	1.4677	0.73385	-90.9722	-116.15	-179.406	-184.584	0.144586	-0.150391	0.266579	0.177513	0.212617	
0.00393447	5.05486e+09	1.49554	0.747769	-90.791	-116.001	-178.916	-184.126	-0.00325374	-0.23351	-0.240497	0.104721	-0.0319322	
0.00364324	5.05769e+09	1.46496	0.73248	-90.9297	-116.133	-179.394	-184.597	-0.266687	-0.182087	0.14852	0.366295	0.172898	
0.00352817	5.06981e+09	1.4625	0.731249	-90.9571	-116.106	-179.581	-184.73	-0.0610948	0.221396	0.357554	-0.00517107	0.336133	
0.00412422	5.04929e+09	1.51365	0.756824	-91.2456	-116.398	-179.157	-184.309	0.500562	-0.208217	-0.227711	-0.338238	-0.0960874	
0.00354568	5.06598e+09	1.45127	0.725637	-90.8246	-116.038	-179.421	-184.634	-0.754105	0.179006	0.399319	0.371715	-0.0549883	
0.00451396	5.04033e+09	1.54518	0.77259	-91.4816	-116.578	-178.985	-184.082	0.220993	-0.354067	-0.377925	-0.958043	-0.205917	
0.00365455	5.06406e+09	1.47102	0.735512	-90.9985	-116.161	-179.46	-184.623	-0.580501	0.0685461	0.260685	-0.0194032	0.187505	
0.00385099	5.05517e+09	1.4826	0.741301	-91.3007	-116.505	-179.52	-184.724	-0.142597	-0.00104293	0.130704	0.0180635	-0.192943	
0.00415181	5.04173e+09	1.50952	0.754761	-91.1988	-116.39	-179.068	-184.259	-0.376634	-0.633614	-0.377324	0.0372985	-0.0454295	
0.00365862	5.06187e+09	1.47202	0.73601	-91.0051	-116.163	-179.458	-184.616	0.144818	0.0788559	0.273606	-0.0314886	0.19994	
0.00373038	5.0683e+09	1.49047	0.745236	-91.127	-116.256	-179.507	-184.636	-0.105196	0.00603499	-0.0872153	-0.237604	0.448837	
0.00376927	5.0557e+09	1.47816	0.73908	-91.0605	-116.226	-179.374	-184.539	-0.148192	-0.029326	0.255057	-0.0737178	0.0498972	
0.00378423	5.07295e+09	1.48042	0.740209	-91.004	-116.188	-179.329	-184.513	0.416933	0.762635	0.284176	-0.236438	-0.550714	
0.00361633	5.07751e+09	1.48035	0.740177	-91.0077	-116.193	-179.538	-184.723	-0.264336	0.05129	-0.310678	0.23763	0.416841	
0.00367633	5.06488e+09	1.47396	0.736981	-90.9519	-116.17	-179.389	-184.608	0.186513	-0.0709129	-0.15358	0.434329	0.118509	
0.00349751	5.05541e+09	1.45194	0.725968	-90.9077	-116.052	-179.545	-184.689	-0.0552799	-0.20472	0.547012	0.165635	0.560008	
0.00367718	5.06245e+09	1.47707	0.738533	-90.9868	-116.2	-179.419	-184.632	0.374297	-0.290758	-0.295211	0.507225	0.349414	
0.00375798	5.04708e+09	1.46787	0.733934	-91.0489	-116.215	-179.36	-184.526	0.371486	0.01918	0.614468	-0.0985539	-0.112277	
0.00391671	5.05507e+09	1.49328	0.746638	-91.1743	-116.304	-179.32	-184.449	-0.228313	0.117186	0.297829	-0.525359	-0.0805406	
0.00371345	5.07807e+09	1.49266	0.746329	-91.1228	-116.265	-179.539	-184.681	-0.337003	0.219062	-0.211918	-0.232827	0.365147	
0.00389128	5.06029e+09	1.49051	0.745255	-91.6259	-116.865	-179.808	-185.047	-0.163626	-0.154113	-0.346466	0.334212	-0.140819	
0.00360736	5.05858e+09	1.46035	0.730176	-90.9637	-116.092	-179.472	-184.601	-0.140219	0.249736	0.776772	-0.290764	0.129627	
0.00394076	5.0341e+09	1.488	0.744002	-90.8714	-116.006	-178.954	-184.089	-0.0341188	-0.541525	0.374814	-0.297753	0.227566	
0.00366758	5.06141e+09	1.48047	0.740233	-91.0882	-116.217	-179.53	-184.659	-0.0567989	-0.189493	0.0703093	-0.110957	0.584386	
0.00387402	5.06636e+09	1.49247	0.746237	-91.0714	-116.265	-179.284	-184.478	0.0741169	0.230989	-0.12751	-0.0392103	-0.246607	
0.00404859	5.04887e+09	1.49794	0.748968	-91.1511	-116.322	-179.142	-184.313	-0.555786	-0.0779752	0.110399	-0.288326	-0.33615	
0.00419536	5.02753e+09	1.50442	0.752208	-91.2358	-116.385	-179.035	-184.184	0.319693	-0.526874	0.197107	-0.358235	-0.224905	
0.0036235	5.06056e+09	1.45509	0.727544	-90.8563	-116.064	-179.349	-184.557	-0.176803	0.253938	0.513089	0.239342	-0.247957	
0.00381362	5.05993e+09	1.48417	0.742087	-91.1473	-116.341	-179.417	-184.611	0.0713048	0.0380612	0.0135315	0.0504917	-0.0931358	
0.00374393	5.0715e+09	1.49243	0.746213	-91.1122	-116.261	-179.482	-184.631	0.160313	0.10108	-0.195674	-0.150938	0.335	
0.00362384	5.08737e+09	1.48819	0.744094	-91.0154	-116.219	-179.554	-184.758	0.102478	0.186916	-0.634627	0.331163	0.410126	
0.00371652	5.08476e+09	1.49429	0.747146	-91.1239	-116.26	-179.548	-184.684	-0.513216	0.51303	-0.140044	-0.412964	0.196491	
0.00368929	5.05971e+09	1.47321	0.736606	-90.9774	-116.165	-179.391	-184.578	-0.14919	-0.11447	0.0817245	0.203625	0.17783	
0.0038949	5.06466e+09	1.50403	0.752017	-91.2066	-116.349	-179.393	-184.535	-0.209763	-0.0883644	-0.282441	-0.277821	0.287312	
0.0041062	5.0347e+09	1.49988	0.749938	-91.1671	-116.355	-179.072	-184.26	-0.551635	-0.707833	-0.105533	0.0355587	-0.0582819	
0.00406248	5.03897e+09	1.49066	0.745329	-91.0823	-116.287	-179.041	-184.246	0.238109	-0.254824	0.123988	0.0422484	-0.479698	
0.00355336	5.07327e+09	1.467	0.733501	-90.9134	-116.12	-179.513	-184.719	-0.0472983	0.0623416	-0.107285	0.426304	0.283932	
0.00352218	5.04984e+09	1.44876	0.724381	-90.9039	-116.048	-179.501	-184.645	-0.303949	-0.251227	0.720735	0.121286	0.478166	
0.00388921	5.06096e+09	1.50057	0.750287	-91.1839	-116.335	-179.37	-184.521	0.360502	-0.0793838	-0.206522	-0.204128	0.204885	
0.00425941	5.04148e+09	1.52116	0.760582	-91.3673	-116.464	-179.125	-184.221	0.160808	-0.126113	0.122967	-0.927709	-0.206775	
0.00414401	5.05196e+09	1.51119	0.755596	-90.9547	-116.152	-178.85	-184.047	-0.0619184	-0.167806	-0.320104	-0.137956	-0.316706	
0.00426068	5.0454e+09	1.53074	0.76537	-91.3342	-116.49	-179.097	-184.254	0.722165	-0.682905	-0.745833	-0.176282	0.236691	
0.00390556	5.07212e+09	1.50159	0.750797	-91.1791	-116.329	-179.366	-184.516	-0.144373	0.452485	-0.0520913	-0.47812	-0.195604	
0.00367291	5.07024e+09	1.47325	0.736625	-90.9881	-116.156	-179.439	-184.607	0.0257922	0.4468	0.302187	-0.129373	-0.10506	
0.00421088	5.06474e+09	1.52112	0.760558	-91.9612	-117.138	-179.809	-184.986	0.0804282	0.354502	-0.346148	-0.462513	-0.628968	
0.0037924	5.04743e+09	1.47631	0.738157	-91.0424	-116.217	-179.315	-184.489	0.0944202	-0.249276	0.27083	0.0484136	0.0856545	
0.00361998	5.06963e+09	1.47443	0.737217	-90.9961	-116.168	-179.509	-184.681	-0.168958	0.055757	0.00578097	0.115495	0.318192	
0.00433097	5.04723e+09	1.53134	0.765671	-87.8117	-110.97	-175.507	-178.666	-0.489334	-0.43008	-0.504068	-0.476192	-0.0988312	
0.00415278	5.05335e+09	1.52179	0.760896	-91.3236	-116.45	-179.212	-184.338	-0.0377578	-0.229726	-0.323847	-0.548869	0.078016	
0.00372804	5.07579e+09	1.48922	0.744609	-91.1016	-116.242	-179.497	-184.637	-0.138481	0.406627	0.0275861	-0.354791	0.124939	
0.00394694	5.05933e+09	1.50222	0.751112	-91.185	-116.337	-179.304	-184.456	0.163079	-0.0066511	-0.135457	-0.281827	0.0123935	
0.00406925	5.04407e+09	1.49476	0.747378	-91.1002	-116.306	-179.061	-184.267	0.169057	-0.175323	-0.00574617	0.0356075	-0.491389	
0.00355011	5.07716e+09	1.46904	0.734518	-90.9535	-116.129	-179.564	-184.739	-0.301067	0.275918	0.0583546	0.119617	0.264479	
0.00381416	5.06714e+09	1.4892	0.744598	-91.0628	-116.26	-179.344	-184.541	0.414577	0.176195	-0.172483	0.0748635	-0.10675	
0.00384167	5.05633e+09	1.48369	0.741846	-91.0716	-116.24	-179.303	-184.472	0.133462	0.125338	0.244872	-0.170826	-0.167586	
0.00360012	5.06521e+09	1.46363	0.731815	-90.9454	-116.107	-179.474	-184.636	0.0505338	0.284626	0.459586	-0.0426595	0.072812	
0.00357965	5.06745e+09	1.46033	0.730164	-90.8703	-116.088	-179.428	-184.646	-0.0079497	0.149703	0.147571	0.419137	-0.0022566	
0.00414879	5.05666e+09	1.50313	0.751565	-91.1062	-116.325	-179.004	-184.224	0.116136	0.248966	-0.16969	-0.0581664	-0.874482	
0.00361038	5.07415e+09	1.47045	0.735226	-90.9721	-116.143	-179.504	-184.674	-0.692704	0.328618	0.200182	-0.0261039	0.0987806	
0.00406079	5.04852e+09	1.50605	0.753027	-91.208	-116.366	-179.185	-184.344	0.122843	-0.240336	-0.115357	-0.270241	-0.0707487	
0.00365113	5.0642e+09	1.46163	0.730817	-90.8885	-116.097	-179.354	-184.563	-0.184189	0.291759	0.360028	0.209829	-0.247016	
0.00397912	5.05895e+09	1.49591	0.747954	-91.0404	-116.29	-179.124	-184.374	-0.251569	-0.242384	-0.527108	0.449298	-0.260367	
0.00336771	5.08598e+09	1.43806	0.719032	-90.7006	-115.943	-179.555	-184.797	-0.24212	0.700273	0.316969	0.613965	-0.201947	
0.00377135	5.04818e+09	1.47185	0.735924	-90.9782	-116.181	-179.276	-184.478	0.291474	-0.230983	0.21121	0.261609	-0.0284922	
0.00332444	5.08133e+09	1.45343	0.726717	-90.9203	-116.049	-179.823	-184.952	-0.413656	0.0571575	0.118662	0.231814	0.926255	
0.0035914	5.07399e+09	1.47432	0.737159	-91.0207	-116.169	-179.575	-184.723	-0.141721	0.242173	0.1176	-0.0825795	0.338999	
0.00411475	5.05298e+09	1.51101	0.755503	-91.2049	-116.385	-179.132	-184.312	-0.544502	-0.257768	-0.337654	-0.16114	-0.154669	
0.00375272	5.06632e+09	1.47506	0.737531	-90.9154	-116.17	-179.266	-184.521	-0.222388	0.0293678	-0.240268	0.556707	-0.238058	
0.00408967	5.03786e+09	1.50264	0.751321	-91.6463	-116.839	-179.574	-184.768	0.294917	-0.558798	-0.13735	-0.0272334	-0.0428437	
0.00402778	5.05311e+09	1.49478	0.74739	-91.059	-116.289	-179.08	-184.309	-0.699069	-0.137896	-0.170445	0.122217	-0.428728	
0.00415335	5.03213e+09	1.5019	0.750949	-91.1985	-116.361	-179.05	-184.212	0.58759	-0.407894	0.149678	-0.258705	-0.283584	
0.00353656	5.06568e+09	1.45655	0.728273	-90.8569	-116.071	-179.464	-184.678	-0.466846	-0.0555054	0.135332	0.502588	0.214206	
0.00360475	5.06922e+09	1.47146	0.735732	-90.9704	-116.159	-179.501	-184.689	0.223305	0.0710329	-0.0168076	0.250808	0.254187	
0.00365214	5.08501e+09	1.48145	0.740727	-91.0135	-116.181	-179.514	-184.681	-0.138171	0.707836	0.0411249	-0.208341	-0.0872633	
0.00419919	5.05075e+09	1.52289	0.761443	-91.3311	-116.46	-179.167	-184.295	0.0332152	-0.205723	-0.274921	-0.583402	-0.048356	
0.00353178	5.06791e+09	1.4522	0.726099	-90.8201	-116.036	-179.437	-184.653	0.145091	0.291815	0.344362	0.409891	-0.0922541	
0.0040799	5.03649e+09	1.49593	0.747963	-91.1503	-116.325	-179.086	-184.261	-0.11551	-0.405578	0.145413	-0.15129	-0.237372	
0.00376286	5.05922e+09	1.48231	0.741154	-91.0567	-116.237	-179.383	-184.563	0.0225159	-0.109724	-0.0108685	0.0857759	0.148406	
0.00386266	5.06432e+09	1.49778	0.74889	-91.1316	-116.302	-179.353	-184.524	0.231557	-0.0297709	-0.270793	-0.0630735	0.136797	
0.00365163	5.05899e+09	1.46796	0.733978	-90.9669	-116.147	-179.423	-184.604	-0.476461	-0.131757	0.207506	0.182674	0.230944	
0.00432077	5.02498e+09	1.50303	0.751516	-91.1224	-116.36	-178.79	-184.027	0.0986312	-0.72997	-0.23341	0.316787	-0.681536	
0.00372406	5.06595e+09	1.48587	0.742934	-91.0488	-116.242	-179.432	-184.625	-0.156209	-0.266497	-0.373433	0.306659	0.414954	
0.00376418	5.07141e+09	1.48419	0.742095	-91.0277	-116.225	-179.374	-184.571	0.290391	0.36324	-0.0597843	0.0358826	-0.194315	
0.00377803	5.06327e+09	1.46164	0.730822	-90.8276	-116.092	-179.144	-184.408	-0.291342	0.447017	0.264246	0.427606	-0.873708	
0.0037357	5.07548e+09	1.48957	0.744786	-91.0613	-116.246	-179.447	-184.632	-0.559345	0.0920674	-0.328383	0.0789976	0.219825	
0.00399986	5.04181e+09	1.49531	0.747654	-91.147	-116.318	-179.178	-184.349	0.0795038	-0.405964	0.0343352	-0.0923178	-0.0300518	
0.0034004	5.07187e+09	1.44482	0.722411	-90.8404	-115.995	-179.628	-184.783	-0.0926157	0.352081	0.62682	0.125185	0.311027	
0.00370884	5.06702e+09	1.48291	0.741457	-91.0703	-116.212	-179.473	-184.615	0.462489	0.232427	0.145571	-0.229601	0.186543	
0.00357516	5.09012e+09	1.47932	0.739661	-91.0286	-116.167	-179.63	-184.768	-0.185806	0.79296	0.108896	-0.357396	0.123718	
0.00386183	5.05514e+09	1.47968	0.73984	-90.8693	-116.109	-179.076	-184.316	-0.462665	-0.10411	-0.0332262	0.314166	-0.312406	
0.00364604	5.06436e+09	1.46816	0.734079	-90.9215	-116.135	-179.394	-184.608	-0.524052	-0.0704284	0.00274972	0.394018	0.105142	
0.00373261	5.0753e+09	1.49389	0.746945	-91.1575	-116.27	-179.547	-184.659	-0.541913	0.230848	-0.0415192	-0.480988	0.403512	
0.00383106	5.05041e+09	1.48295	0.741477	-91.0546	-116.239	-179.288	-184.472	0.120716	-0.253171	0.0628979	0.0973139	0.0593841	
0.00362005	5.08318e+09	1.48807	0.744036	-91.0644	-116.225	-179.6	-184.76	0.0248595	0.164225	-0.407492	0.0511906	0.53757	
0.00394335	5.05007e+09	1.4976	0.748801	-91.4256	-116.581	-179.533	-184.688	0.605183	-0.186046	-0.0119283	-0.207671	0.0588841	
0.00414484	5.036e+09	1.51065	0.755324	-91.2633	-116.408	-179.13	-184.275	-0.155605	-0.691725	-0.151699	-0.268031	0.152249	
0.00361087	5.10172e+09	1.49535	0.747677	-91.0371	-116.236	-179.615	-184.814	0.273804	0.574049	-0.779032	0.17333	0.332378	
0.00375138	5.06372e+09	1.48713	0.743566	-91.0918	-116.248	-179.439	-184.595	-0.179335	-0.0855241	-0.0724438	-0.0696667	0.323008	
0.00372918	5.08333e+09	1.49557	0.747787	-91.1102	-116.26	-179.517	-184.667	0.0773162	0.463726	-0.249149	-0.273475	0.181338	
0.00351475	5.07945e+09	1.47323	0.736613	-91.0181	-116.156	-179.676	-184.813	-0.157466	0.195712	-0.0112076	-0.0276921	0.596666	
0.00380637	5.04604e+09	1.47105	0.735524	-91.0058	-116.189	-179.26	-184.442	0.244633	-0.0525958	0.479661	0.0102113	-0.199795	
0.00371576	5.05906e+09	1.46787	0.733936	-90.9353	-116.15	-179.316	-184.531	-0.351866	0.0431837	0.207585	0.269121	-0.168562	
0.00372249	5.06437e+09	1.48442	0.742209	-91.0872	-116.241	-179.469	-184.623	0.0263817	-0.0192798	-0.00718326	-0.0807639	0.311919	
0.00397391	5.05394e+09	1.50123	0.750614	-91.1807	-116.334	-179.261	-184.415	0.513314	-0.0415566	-0.0372905	-0.295522	-0.0557424	
0.00353539	5.0497e+09	1.44382	0.721912	-90.8194	-116.018	-179.4	-184.599	0.131634	-0.154436	0.644091	0.432762	0.131463	
0.00365317	5.05175e+09	1.45978	0.729889	-90.9431	-116.106	-179.385	-184.548	-0.380103	-0.0252424	0.642355	-0.013353	0.0780332	
0.00394387	5.05299e+09	1.49763	0.748817	-91.8222	-117.037	-179.934	-185.148	0.341231	-0.440798	-0.457502	0.321999	0.0967858	
0.00374156	5.04878e+09	1.46692	0.733462	-90.9443	-116.166	-179.277	-184.499	-0.538903	-0.362903	0.158093	0.431786	0.00802862	
0.00357189	5.08703e+09	1.4743	0.737152	-90.9259	-116.144	-179.526	-184.745	-0.501736	0.373384	-0.317848	0.366953	0.12159	
0.00396861	5.04126e+09	1.48828	0.744138	-91.1091	-116.278	-179.174	-184.342	0.40674	-0.204288	0.280099	-0.161265	-0.195315	
0.00414474	5.0381e+09	1.48492	0.742458	-90.9976	-116.249	-178.868	-184.12	0.191327	-0.0768805	0.11097	0.294998	-1.07748	
0.00383395	5.05351e+09	1.494	0.747002	-91.174	-116.308	-179.409	-184.543	0.172474	-0.362512	-0.0829259	-0.16625	0.473687	
0.00346032	5.09854e+09	1.47517	0.737585	-90.9989	-116.14	-179.757	-184.897	-0.663249	0.685744	-0.111049	-0.155982	0.451595	
0.00402396	5.04237e+09	1.4969	0.748451	-91.3323	-116.499	-179.338	-184.505	0.476734	-0.263007	0.0842854	-0.17648	-0.150988	
0.00393979	5.04539e+09	1.48895	0.744476	-91.0132	-116.184	-179.116	-184.287	0.164414	-0.183033	0.205299	-0.150902	-0.124281	
0.00387814	5.06688e+09	1.4904	0.745202	-91.0412	-116.244	-179.25	-184.453	-0.11753	0.266053	-0.11721	0.0165349	-0.350724	
0.00399328	5.05481e+09	1.50419	0.752094	-91.2608	-116.451	-179.322	-184.512	0.106701	-0.220688	-0.273478	-0.100672	0.0242696	
0.00395012	5.0538e+09	1.49522	0.74761	-91.1048	-116.294	-179.211	-184.401	0.440329	-0.0899084	-0.109744	-0.00609593	-0.166625	
0.00402344	5.0309e+09	1.48928	0.744638	-91.1295	-116.3	-179.116	-184.287	0.135496	-0.556939	0.263228	-0.0773423	-0.0880801	
0.00366581	5.07028e+09	1.48629	0.743143	-91.0576	-116.232	-179.517	-184.69	0.587346	-0.15634	-0.393818	0.240332	0.563284	
0.00399326	5.0541e+09	1.49765	0.748825	-91.1328	-116.313	-179.192	-184.372	-0.118735	-0.0245212	-0.0303021	-0.168704	-0.259796	
0.00324627	5.08671e+09	1.44253	0.721265	-90.8468	-115.984	-179.862	-184.999	-0.585117	0.278352	0.279693	0.29431	0.807096	
0.00389719	5.06002e+09	1.49636	0.748181	-91.1151	-116.312	-179.291	-184.488	0.249529	-0.159335	-0.337975	0.136485	0.0377812	
0.00385272	5.03865e+09	1.48107	0.740534	-91.132	-116.259	-179.321	-184.447	-0.419643	-0.473722	0.451308	-0.274988	0.307394	
0.00385485	5.0466e+09	1.47317	0.736585	-90.9795	-116.183	-179.179	-184.383	-0.0102998	-0.0509164	0.379943	0.0960226	-0.358241	
0.00350805	5.06628e+09	1.45817	0.729086	-90.9331	-116.062	-179.576	-184.706	-0.129379	0.187724	0.548861	-0.104832	0.406565	
0.00408559	5.04522e+09	1.49509	0.747545	-91.102	-116.309	-179.047	-184.254	-0.801599	-0.209763	0.00949499	-0.017053	-0.499915	
0.00405316	5.0508e+09	1.51312	0.756561	-91.2986	-116.402	-179.288	-184.392	0.071183	-0.230214	-0.0737071	-0.647495	0.233309	
0.00383281	5.04675e+09	1.46917	0.734587	-91.0223	-116.186	-179.247	-184.411	0.082852	0.260416	0.813561	-0.314693	-0.452616	
0.00368394	5.06244e+09	1.47085	0.735427	-90.959	-116.151	-179.383	-184.575	0.243526	0.138494	0.194652	0.148071	-0.0331213	
0.00349309	5.06464e+09	1.45882	0.729411	-90.9248	-116.092	-179.584	-184.751	-0.0579399	-0.157868	0.177607	0.321986	0.577745	
0.00404712	5.05844e+09	1.51232	0.75616	-91.2756	-116.425	-179.285	-184.434	-0.420251	-0.170028	-0.325009	-0.331186	0.0666687	
0.00389605	5.04457e+09	1.48283	0.741416	-90.2994	-115.472	-178.45	-183.622	0.483949	-0.179404	0.238859	-0.0033786	-0.154783	
0.00397677	5.06334e+09	1.50781	0.753905	-91.2598	-116.393	-179.353	-184.487	0.0347059	0.160064	-0.104223	-0.526314	-0.0234458	
0.00370742	5.073e+09	1.48317	0.741586	-91.004	-116.215	-179.419	-184.629	-0.459639	-0.00198045	-0.34858	0.319215	0.179456	
0.00357913	5.06271e+09	1.44708	0.723539	-90.7688	-116.02	-179.319	-184.57	-0.468815	0.183569	0.369696	0.599071	-0.328991	
0.00395826	5.04564e+09	1.50327	0.751635	-91.2771	-116.361	-179.36	-184.444	0.551689	-0.311092	0.159284	-0.653873	0.423188	
0.00410011	5.04061e+09	1.50943	0.754717	-91.2624	-116.394	-179.184	-184.316	0.30976	-0.449303	-0.0518012	-0.403283	0.108691	
0.00402751	5.04796e+09	1.49257	0.746284	-91.07	-116.286	-179.082	-184.298	0.318209	-0.105078	-0.0499628	0.11175	-0.487886	
0.00423782	5.04101e+09	1.51004	0.755019	-91.1783	-116.383	-178.957	-184.162	0.311931	-0.32768	-0.269092	-0.00955577	-0.522578	
0.00383062	5.06629e+09	1.48677	0.743387	-91.0239	-116.24	-179.285	-184.501	0.137087	0.16195	-0.18321	0.185901	-0.238011	
0.00373149	5.07292e+09	1.49177	0.745887	-91.1277	-116.257	-179.514	-184.644	-0.0763771	0.205237	-0.0630583	-0.330908	0.333242	
0.0041102	5.0496e+09	1.506	0.753001	-91.1973	-116.377	-179.124	-184.303	0.0805874	-0.092558	-0.11676	-0.216828	-0.367936	
0.00377846	5.06579e+09	1.49706	0.748532	-91.209	-116.297	-179.529	-184.617	0.554547	0.108688	0.0531394	-0.598853	0.489634	
0.00404641	5.06475e+09	1.50957	0.754783	-91.148	-116.354	-179.168	-184.375	-0.125931	-0.00416094	-0.524114	0.0140592	-0.238431	
0.00362839	5.06463e+09	1.47557	0.737786	-91.0556	-116.185	-179.549	-184.679	-0.155156	-0.0221654	0.193628	-0.146646	0.497517	
0.00356106	5.06184e+09	1.46524	0.732622	-90.9602	-116.129	-179.531	-184.7	0.304185	-0.165015	0.124347	0.273593	0.490931	
0.00385501	5.05075e+09	1.48513	0.742563	-91.0797	-116.258	-179.287	-184.465	0.0582258	-0.202179	0.0887663	0.00976284	0.0162427	
0.00389192	5.04247e+09	1.48861	0.744304	-91.1604	-116.298	-179.312	-184.449	-0.505917	-0.50403	0.193615	-0.205865	0.312474	
0.0043644	5.05103e+09	1.53018	0.76509	-91.3463	-116.482	-179.015	-184.151	-0.308315	0.0275327	-0.233758	-0.754505	-0.516999	
0.00380358	5.06814e+09	1.49	0.744998	-91.0971	-116.247	-179.392	-184.542	-0.0846801	0.309281	0.0870492	-0.319375	-0.0354919	
0.00411287	5.04597e+09	1.50863	0.754317	-91.228	-116.387	-179.145	-184.305	-0.212353	-0.321349	-0.132757	-0.289163	-0.104586	
0.00385562	5.05104e+09	1.49147	0.745737	-91.176	-116.344	-179.383	-184.55	0.297165	-0.396259	-0.127236	0.0416873	0.304576	
0.0039027	5.05337e+09	1.48957	0.744783	-91.058	-116.276	-179.216	-184.434	-0.202137	-0.250259	-0.148767	0.1724	-0.0672777	
0.00376697	5.07305e+09	1.49063	0.745314	-91.0945	-116.257	-179.44	-184.602	-0.672999	0.189399	-0.124613	-0.169433	0.137372	
0.00394453	5.05622e+09	1.49701	0.748505	-91.1622	-116.316	-179.279	-184.433	0.214746	0.0757149	0.0618375	-0.317931	-0.142292	
0.00374891	5.0513e+09	1.47855	0.739275	-91.048	-116.218	-179.377	-184.547	-0.0561171	-0.375053	0.0745436	0.127493	0.338635	
0.00370119	5.07237e+09	1.48152	0.740759	-91.0242	-116.204	-179.445	-184.625	-0.277133	0.233955	-0.0389551	0.00483794	0.0697092	
0.00374319	5.06568e+09	1.46984	0.734918	-90.8984	-116.157	-179.259	-184.517	0.14681	0.224549	-0.0527508	0.511927	-0.457051	
0.00370097	5.05948e+09	1.47775	0.738873	-91.0471	-116.196	-179.446	-184.595	0.401899	0.0032455	0.210762	-0.0958137	0.261056	
0.00371658	5.04274e+09	1.47054	0.73527	-91.052	-116.186	-179.404	-184.537	-0.114808	-0.46727	0.44959	-0.0571357	0.467806	
0.0039302	5.0443e+09	1.48207	0.741035	-91.0357	-116.244	-179.148	-184.356	-0.164857	-0.250599	0.146006	0.152298	-0.292831	
0.00370798	5.05882e+09	1.45761	0.728805	-91.0092	-116.273	-179.399	-184.662	0.647414	0.259765	0.237542	0.582084	-0.605847	
0.00406899	5.02354e+09	1.47884	0.739421	-91.0247	-116.244	-178.95	-184.169	0.626644	-0.491698	0.393952	0.213762	-0.571115	
0.00376282	5.05405e+09	1.47626	0.738128	-91.044	-116.22	-179.362	-184.538	0.301334	-0.0372116	0.247004	0.0235125	0.0106789	
0.00357196	5.07431e+09	1.46865	0.734325	-90.9306	-116.125	-179.509	-184.703	0.741612	0.338007	0.0418223	0.237829	0.0992259	
0.0037324	5.05604e+09	1.4652	0.732599	-90.9192	-116.132	-179.276	-184.489	-0.026344	0.133332	0.362985	0.216473	-0.314897	
0.00396637	5.07647e+09	1.51112	0.755559	-91.1586	-116.349	-179.286	-184.477	0.101182	0.278057	-0.57698	-0.112015	-0.149185	
0.00343316	5.07079e+09	1.44254	0.721268	-90.7997	-115.98	-179.544	-184.724	0.0672477	0.483364	0.687387	0.197619	0.0108474	
0.00433011	5.05124e+09	1.5207	0.760352	-91.2042	-116.418	-178.907	-184.121	-0.274284	-0.145121	-0.527821	-0.0629128	-0.693261	
0.00376226	5.05662e+09	1.48273	0.741366	-91.0782	-116.24	-179.401	-184.562	0.321073	-0.127634	0.07527	-0.0204649	0.226793	
0.00345886	5.07101e+09	1.45145	0.725726	-90.834	-116.041	-179.547	-184.754	-0.363701	0.0650642	0.175388	0.512095	0.287791	
0.00379771	5.06362e+09	1.49032	0.745158	-91.1165	-116.266	-179.411	-184.56	-0.388026	-0.00309977	-0.0139603	-0.209545	0.210299	
0.00393632	5.05833e+09	1.48968	0.744842	-91.046	-116.265	-179.175	-184.395	0.083027	0.0781804	-0.10935	0.138698	-0.429252	
0.00392615	5.04866e+09	1.49039	0.745193	-91.201	-116.343	-179.325	-184.467	0.236474	-0.014523	0.316353	-0.377791	-0.102426	
0.00367651	5.03403e+09	1.45468	0.727342	-90.9383	-116.092	-179.322	-184.476	0.180377	-0.433093	0.837098	0.061507	0.246558	
0.0035311	5.07968e+09	1.46591	0.732954	-90.9162	-116.109	-179.554	-184.747	-0.123358	0.387451	0.0499413	0.218944	0.136346	
0.00354093	5.05749e+09	1.46297	0.731483	-90.9969	-116.112	-179.584	-184.7	0.666539	-0.114037	0.449878	-0.0583875	0.636644	
0.00342844	5.09744e+09	1.46741	0.733707	-90.8823	-116.072	-179.678	-184.868	0.623935	0.779962	-0.165083	0.230524	0.203172	
0.00382543	5.04652e+09	1.46495	0.732473	-90.9058	-116.135	-179.139	-184.368	-0.12427	-0.00893241	0.425907	0.283756	-0.523386	
0.0038209	5.04734e+09	1.48333	0.741664	-91.1121	-116.249	-179.352	-184.488	-0.0245891	-0.279013	0.285937	-0.210911	0.256806	
0.00368812	5.09631e+09	1.50662	0.753308	-91.2169	-116.32	-179.694	-184.797	-0.389337	0.479058	-0.529267	-0.539331	0.643255	
0.00371525	5.06602e+09	1.47276	0.736378	-90.948	-116.17	-179.341	-184.564	0.518288	0.258285	0.0355995	0.299697	-0.259251	
0.00397422	5.05822e+09	1.49102	0.745509	-91.0718	-116.275	-179.159	-184.362	-0.00454284	0.259794	0.0699535	-0.0919025	-0.595159	
0.00383708	5.04558e+09	1.47511	0.737557	-91.0518	-116.21	-179.27	-184.429	-0.403515	-0.0844357	0.546491	-0.206087	-0.119646	
0.00399401	5.02617e+09	1.47457	0.737287	-90.9784	-116.215	-178.989	-184.226	0.181985	-0.656731	0.245077	0.442071	-0.384319	
0.00387621	5.0561e+09	1.49009	0.745047	-91.1181	-116.315	-179.31	-184.507	-0.0495916	-0.206091	-0.177987	0.151727	-0.000223512	
0.00393344	5.05934e+09	1.50313	0.751567	-91.2213	-116.346	-179.355	-184.48	0.0881125	0.036013	-0.00950881	-0.505642	0.115132	
0.00416561	5.03635e+09	1.48455	0.742273	-90.9779	-116.252	-178.823	-184.097	-0.294986	-0.294941	-0.056311	0.504025	-1.04092	
0.00378721	5.07038e+09	1.49259	0.746296	-91.0871	-116.271	-179.405	-184.588	0.0506532	0.0588379	-0.308191	0.0521564	0.156024	
0.00396244	5.04286e+09	1.49521	0.747603	-91.1649	-116.334	-179.239	-184.408	0.057271	-0.521902	-0.0646455	-0.0166283	0.15912	
0.00376379	5.03061e+09	1.46172	0.730861	-91.0362	-116.183	-179.312	-184.459	-0.584646	-0.554727	0.816654	-0.0765849	0.232745	
0.00379921	5.06914e+09	1.49181	0.745905	-91.0886	-116.269	-179.39	-184.57	0.0496442	0.119137	-0.211352	-0.0152399	0.0688045	
0.00395621	5.0674e+09	1.49826	0.749128	-91.1337	-116.303	-179.257	-184.426	-0.415246	0.429602	0.0223938	-0.372562	-0.443943	
0.00357925	5.07479e+09	1.47392	0.736961	-91.0129	-116.164	-179.583	-184.735	-0.7844	0.113735	0.0399218	-0.0190313	0.447027	
0.00348614	5.08605e+09	1.45645	0.728224	-90.7885	-116.036	-179.493	-184.74	0.416297	0.650196	-0.0278779	0.566764	-0.227172	
0.00406472	5.03314e+09	1.48889	0.744447	-91.0993	-116.29	-179.046	-184.236	0.0290887	-0.391464	0.259722	-0.0341502	-0.379557	
0.00390022	5.07569e+09	1.50491	0.752453	-91.1438	-116.321	-179.343	-184.52	0.302559	0.353761	-0.382394	-0.188518	-0.112371	
0.00352068	5.07618e+09	1.45859	0.729295	-90.8511	-116.066	-179.496	-184.71	0.418969	0.437977	0.154247	0.37384	-0.0511299	
0.00425887	5.02842e+09	1.49914	0.749571	-91.182	-116.347	-178.918	-184.083	-0.0429854	-0.173768	0.457648	-0.451045	-0.78139	
0.00398304	5.04742e+09	1.48995	0.744973	-91.1054	-116.279	-179.165	-184.338	-0.199043	-0.0322576	0.254017	-0.224037	-0.342755	
0.00376137	5.05472e+09	1.47279	0.736395	-91.0371	-116.223	-179.358	-184.544	-0.0780295	0.024528	0.315367	0.0474913	-0.115309	
0.00372034	5.08991e+09	1.50315	0.751577	-91.1557	-116.296	-179.584	-184.724	0.270089	0.449279	-0.504426	-0.291455	0.399055	
0.00361239	5.09464e+09	1.48726	0.743632	-91.0336	-116.203	-179.598	-184.768	0.371853	0.788046	-0.254433	-0.135168	0.0803951	
0.00398445	5.04654e+09	1.49186	0.74593	-91.0913	-116.302	-179.147	-184.358	0.328631	-0.288295	-0.110824	0.178589	-0.237316	
0.00388459	5.06161e+09	1.49134	0.745669	-89.6861	-114.874	-177.878	-183.067	0.0113246	-0.0565315	-0.2898	0.229784	-0.149045	
0.00376595	5.069e+09	1.49205	0.746023	-91.1581	-116.261	-179.498	-184.601	-0.0330959	0.293615	0.18262	-0.601111	0.263947	
0.00386874	5.05127e+09	1.48384	0.741919	-91.1002	-116.259	-179.293	-184.452	-0.366392	-0.0351027	0.316529	-0.230166	-0.0966309	
0.00408382	5.04386e+09	1.49458	0.74729	-91.1367	-116.321	-179.081	-184.266	-0.619558	-0.118623	0.193723	-0.213641	-0.498813	
0.00400262	5.06167e+09	1.50981	0.754907	-91.3016	-116.46	-179.364	-184.522	0.2041	-0.0182957	-0.320055	-0.279946	0.0114198	
0.00380352	5.057e+09	1.48637	0.743185	-91.1201	-116.228	-179.396	-184.504	-0.0512395	0.113523	0.405586	-0.554762	0.175409	
0.00405088	5.06217e+09	1.50812	0.754062	-90.6243	-115.82	-178.636	-183.831	-0.528678	0.0286367	-0.322591	-0.181366	-0.254563	
0.00408795	5.04729e+09	1.50711	0.753555	-91.2217	-116.373	-179.168	-184.32	0.080104	-0.197734	-0.0447501	-0.365953	-0.136974	
0.00361864	5.07393e+09	1.46633	0.733167	-90.8961	-116.119	-179.417	-184.64	-0.554208	0.291758	0.0332179	0.343759	-0.124427	
0.00390103	5.05879e+09	1.50224	0.751118	-91.2085	-116.347	-179.378	-184.516	-0.204721	-0.248858	-0.223325	-0.253529	0.358297	
0.00390331	5.07077e+09	1.50338	0.751691	-91.1715	-116.334	-179.359	-184.521	-0.0308418	0.230742	-0.26099	-0.273157	-0.0309019	
0.00375881	5.06559e+09	1.48495	0.742475	-91.0174	-116.24	-179.36	-184.583	-0.234988	-0.232776	-0.421268	0.445586	0.199419	
0.00342601	5.11285e+09	1.47422	0.737109	-90.8842	-116.102	-179.71	-184.928	0.0848358	1.01337	-0.508837	0.317319	0.111197	
0.00385379	5.05067e+09	1.48315	0.741575	-90.9847	-116.231	-179.193	-184.439	0.391274	-0.487203	-0.356418	0.621314	0.0202805	
0.00382808	5.06505e+09	1.48117	0.740584	-90.9616	-116.186	-179.223	-184.448	-0.308066	0.219741	-0.0400527	0.19502	-0.403312	
0.00362992	5.07543e+09	1.4803	0.740151	-91.0274	-116.193	-179.538	-184.703	-0.070071	0.177058	-0.107293	0.0258924	0.334685	
0.00394848	5.06654e+09	1.51265	0.756323	-91.2404	-116.387	-179.37	-184.517	0.374166	-0.0954037	-0.50269	-0.252706	0.311105	
0.00383869	5.05611e+09	1.48409	0.742047	-91.0799	-116.247	-179.314	-184.482	0.158679	0.097316	0.228379	-0.166664	-0.128713	
0.00397874	5.05244e+09	1.49392	0.746959	-91.1169	-116.299	-179.189	-184.371	0.0222479	0.00668452	0.0655084	-0.153901	-0.316574	
0.0037276	5.06393e+09	1.46766	0.733829	-90.9228	-116.147	-179.298	-184.523	-0.790414	0.203876	0.198902	0.256889	-0.343376	
0.0037116	5.05147e+09	1.46152	0.73076	-90.9569	-116.118	-179.33	-184.491	-0.107395	0.225575	0.803026	-0.191369	-0.220154	
0.00395197	5.06961e+09	1.49437	0.747183	-91.0349	-116.264	-179.166	-184.396	-0.164829	0.378265	-0.249395	0.0942111	-0.615691	
0.00417996	5.04364e+09	1.50052	0.750262	-90.2586	-115.493	-178.102	-183.336	0.0907671	-0.254075	-0.268969	0.241539	-0.69555	
0.00367326	5.04793e+09	1.45688	0.72844	-90.9636	-116.179	-179.375	-184.591	-0.453987	-0.256799	0.420448	0.396595	-0.0170095	
0.00419597	5.06318e+09	1.52874	0.76437	-91.337	-116.476	-179.197	-184.336	-0.204924	0.00748649	-0.513315	-0.571935	-0.0913713	
0.00405901	5.0551e+09	1.50487	0.752433	-91.1754	-116.351	-179.166	-184.342	0.800279	0.122703	-0.106109	-0.244999	-0.389266	
0.00379467	5.0743e+09	1.49263	0.746314	-91.0941	-116.259	-179.41	-184.575	-0.201497	0.363134	-0.0964387	-0.227863	-0.0373386	
0.00386585	5.05911e+09	1.49201	0.746006	-91.0819	-116.278	-179.291	-184.487	0.0234594	-0.166992	-0.240102	0.136098	0.0473935	
0.00415717	5.03051e+09	1.49785	0.748923	-91.1946	-116.354	-179.039	-184.198	-0.358247	-0.41865	0.317889	-0.341407	-0.345796	
0.00408759	5.05306e+09	1.50411	0.752057	-91.1733	-116.367	-179.13	-184.323	0.0624457	-0.0415384	-0.191716	-0.0978202	-0.415734	
0.00357437	5.04838e+09	1.44389	0.721946	-90.8067	-116.024	-179.338	-184.555	-0.922786	-0.284239	0.588494	0.51154	0.0604779	
0.00415598	5.02857e+09	1.48736	0.743678	-91.0903	-116.283	-178.932	-184.125	-0.332154	-0.259449	0.484026	-0.166616	-0.743879	
0.00399709	5.05157e+09	1.50501	0.752507	-91.1793	-116.353	-179.23	-184.404	0.175588	-0.420314	-0.357068	-0.0155057	0.179358	
0.00377461	5.06851e+09	1.49365	0.746824	-91.1618	-116.29	-179.491	-184.619	-0.0634196	0.123705	-0.0363386	-0.35988	0.308403	
0.00396453	5.04269e+09	1.48605	0.743026	-91.0902	-116.265	-179.162	-184.337	0.10265	-0.13865	0.321693	-0.152589	-0.289938	
0.00397771	5.05971e+09	1.49827	0.749133	-91.0814	-116.302	-179.168	-184.388	-0.31183	-0.124571	-0.379645	0.188618	-0.227407	
0.00398577	5.03897e+09	1.48277	0.741384	-91.0608	-116.259	-179.102	-184.3	-0.0722552	-0.239545	0.304776	0.0172654	-0.400231	
0.00371734	5.06589e+09	1.47577	0.737887	-90.958	-116.176	-179.349	-184.567	-0.297464	0.0380867	-0.0835122	0.315686	-0.0428867	
0.00353174	5.06667e+09	1.46197	0.730985	-90.9252	-116.106	-179.54	-184.72	0.0663113	-0.0156324	0.144834	0.303415	0.385078	
0.00395774	5.0608e+09	1.50624	0.753118	-91.2097	-116.355	-179.32	-184.465	0.119061	-0.0376198	-0.21367	-0.335355	0.110241	
0.00377376	5.05901e+09	1.4861	0.743048	-91.0978	-116.249	-179.411	-184.563	0.0616052	-0.0940346	0.0496568	-0.122886	0.258907	
0.00371688	5.0668e+09	1.48336	0.741681	-91.0771	-116.221	-179.47	-184.614	0.300723	0.209166	0.133815	-0.225231	0.182352	
0.00358527	5.08856e+09	1.49219	0.746097	-91.1438	-116.249	-179.73	-184.836	0.174205	0.313986	-0.328076	-0.319912	0.759241	
0.00379617	5.06394e+09	1.50069	0.750347	-91.2101	-116.323	-179.506	-184.619	0.320237	-0.254894	-0.294785	-0.273457	0.696619	
0.00395341	5.06463e+09	1.48702	0.743508	-94.7909	-119.8	-182.912	-187.921	-0.639232	-0.0493347	-0.561354	0.700765	-0.599458	
0.0040029	5.03196e+09	1.48347	0.741733	-91.0456	-116.265	-179.057	-184.276	-0.111879	-0.654336	0.0798795	0.314337	-0.209921	
0.00400918	5.03179e+09	1.49674	0.748369	-91.1879	-116.295	-179.192	-184.299	-0.0361542	-0.661224	0.274375	-0.423434	0.334187	
0.00369669	5.06148e+09	1.47507	0.737533	-91.0143	-116.184	-179.422	-184.591	-0.55856	-0.0482675	0.158191	0.025584	0.20064	
0.00379019	5.06905e+09	1.48498	0.742489	-91.0028	-116.227	-179.315	-184.539	0.420318	0.186206	-0.252956	0.285541	-0.191795	
0.00382633	5.05288e+09	1.46878	0.734389	-90.9341	-116.15	-179.177	-184.393	-0.323648	0.176842	0.427971	0.114882	-0.550264	
0.00423474	5.0138e+09	1.48307	0.741534	-91.0834	-116.275	-178.818	-184.01	-0.0357092	-0.418983	0.745875	-0.188249	-0.907861	
0.00404437	5.07397e+09	1.5238	0.761902	-91.2924	-116.434	-179.331	-184.473	-0.348329	0.0811251	-0.635533	-0.45787	0.163159	
0.00406501	5.03803e+09	1.50833	0.754163	-91.2955	-116.4	-179.25	-184.354	-0.349441	-0.658675	0.0067595	-0.514014	0.410221	
0.00376657	5.06692e+09	1.49262	0.746312	-91.1259	-116.272	-179.461	-184.607	0.265134	0.00393934	-0.159	-0.152322	0.349305	
0.00372133	5.05936e+09	1.47702	0.738508	-91.0655	-116.194	-179.44	-184.569	-0.613882	0.0550307	0.405943	-0.329675	0.22104	
0.00376095	5.06011e+09	1.48721	0.743603	-91.0864	-116.25	-179.417	-184.581	0.57761	-0.148247	-0.114593	0.0374492	0.321879	
0.00418133	5.04816e+09	1.51522	0.757612	-91.0026	-116.188	-178.852	-184.038	-0.163145	-0.219973	-0.210717	-0.377091	-0.222124	
0.00364401	5.06363e+09	1.46208	0.731039	-90.9256	-116.101	-179.399	-184.575	-0.245044	0.368829	0.553504	-0.047801	-0.174102	
0.00384005	5.05525e+09	1.48561	0.742807	-91.0726	-116.254	-179.304	-184.486	0.17533	-0.0621012	0.0609494	-0.00609677	-0.040408	
0.00377986	5.0581e+09	1.46641	0.733204	-91.1585	-116.391	-179.463	-184.696	-0.585108	0.171373	0.267931	0.301852	-0.519328	
0.00427122	5.03037e+09	1.50974	0.754871	-91.2019	-116.393	-178.928	-184.119	0.526446	-0.569557	-0.156533	-0.0479196	-0.409773	
0.00348111	5.06198e+09	1.44686	0.723429	-90.8078	-116.018	-179.477	-184.687	0.246631	-0.000528226	0.355423	0.547966	0.187033	
0.0039803	5.04865e+09	1.49515	0.747575	-91.1594	-116.311	-179.224	-184.375	-0.527808	-0.151751	0.175118	-0.341594	-0.0947906	
0.00420999	5.04195e+09	1.50822	0.754109	-91.2379	-116.373	-179.047	-184.182	-0.241227	0.0359881	0.310352	-0.722665	-0.538697	
0.00385164	5.05899e+09	1.49637	0.748185	-91.1608	-116.315	-179.386	-184.54	0.327492	-0.182878	-0.187953	-0.108375	0.292672	
0.00399315	5.04974e+09	1.50428	0.752141	-91.3962	-116.533	-179.448	-184.586	0.126222	-0.337979	-0.149285	-0.253598	0.18507	
0.00375537	5.0813e+09	1.49457	0.747287	-91.0514	-116.257	-179.424	-184.63	0.222739	0.262495	-0.531152	0.177389	0.0911	
0.00409937	5.05856e+09	1.51099	0.755497	-91.1954	-116.367	-179.149	-184.32	-0.066844	0.0326493	-0.288543	-0.249067	-0.316482	
0.00395792	5.05315e+09	1.48614	0.743068	-90.9879	-116.241	-179.084	-184.338	-0.564849	-0.244745	-0.258522	0.456268	-0.405028	
0.00393347	5.0483e+09	1.49188	0.745938	-91.1036	-116.284	-179.219	-184.399	0.351149	-0.232482	0.00183634	-0.0188857	-0.0617757	
0.0035182	5.0831e+09	1.46078	0.73039	-90.8363	-116.07	-179.496	-184.73	0.284203	0.55081	-0.0230756	0.465964	-0.140404	
0.00376362	5.07722e+09	1.49742	0.74871	-91.1478	-116.284	-179.504	-184.64	-0.0619786	0.282137	-0.207742	-0.33808	0.282484	
0.00374281	5.05653e+09	1.47791	0.738954	-91.0376	-116.207	-179.383	-184.552	0.220659	-0.0647232	0.172337	0.0141262	0.13181	
0.00379678	5.05997e+09	1.47791	0.738953	-91.0148	-116.212	-179.304	-184.501	0.22978	0.211008	0.186548	0.0472199	-0.291919	
0.00377647	5.04962e+09	1.48159	0.740795	-91.131	-116.237	-179.425	-184.531	0.158441	-0.138049	0.454418	-0.432739	0.350165	
0.00390471	5.05828e+09	1.49776	0.748881	-91.1449	-116.326	-179.309	-184.49	0.337595	-0.175605	-0.278639	0.0277339	0.0965942	
0.00375992	5.05299e+09	1.48339	0.741696	-91.1665	-116.278	-179.486	-184.597	-0.0203929	-0.186455	0.301542	-0.352157	0.438403	
0.00408754	5.04496e+09	1.50652	0.753262	-91.2009	-116.375	-179.143	-184.318	-0.0329761	-0.441495	-0.23117	-0.101718	-0.0308793	
0.0038704	5.07225e+09	1.50732	0.75366	-91.2214	-116.347	-179.448	-184.574	-0.416221	0.0538035	-0.337486	-0.421079	0.367546	
0.00395704	5.0715e+09	1.51345	0.756723	-91.2003	-116.363	-179.329	-184.492	-0.502343	-0.0714463	-0.604402	-0.190861	0.246959	
0.00383113	5.04094e+09	1.46857	0.734284	-90.885	-116.104	-179.102	-184.321	0.279701	-0.273526	0.332881	0.324411	-0.263281	
0.00369289	5.07438e+09	1.47813	0.739065	-91.0137	-116.173	-179.448	-184.607	0.338385	0.627445	0.279459	-0.265856	-0.173346	
0.00342387	5.07063e+09	1.44839	0.724195	-90.8225	-116.022	-179.579	-184.779	0.167193	0.101767	0.236294	0.519696	0.332646	
0.00405943	5.06712e+09	1.5148	0.7574	-91.1436	-116.37	-179.154	-184.381	0.389169	-0.129442	-0.85054	0.244216	-0.122883	
0.00433881	5.03536e+09	1.51923	0.759614	-91.2539	-116.441	-178.921	-184.108	0.0797681	-0.562561	-0.357128	-0.119752	-0.387359	
0.00353233	5.08602e+09	1.4781	0.739052	-91.0419	-116.17	-179.689	-184.817	0.0239274	0.484342	0.00110785	-0.223432	0.459318	
0.00392944	5.04721e+09	1.48328	0.74164	-91.0803	-116.287	-179.198	-184.405	0.186428	-0.115267	0.143937	0.1075	-0.355974	
0.00414489	5.06137e+09	1.5168	0.758402	-91.2543	-116.414	-179.165	-184.325	-0.0853701	0.182929	-0.266893	-0.461008	-0.385924	
0.0042718	5.05231e+09	1.51953	0.759766	-91.2585	-116.426	-179.022	-184.19	-0.408024	0.0312165	-0.214789	-0.469189	-0.580042	
0.00426101	5.02651e+09	1.50145	0.750724	-91.1873	-116.363	-178.917	-184.094	0.0956076	-0.390454	0.262643	-0.27313	-0.628636	
0.00355562	5.06256e+09	1.45685	0.728425	-90.8764	-116.076	-179.455	-184.654	-0.34434	-0.0355148	0.266344	0.377754	0.194798	
0.00410292	5.05916e+09	1.50405	0.752026	-91.066	-116.32	-179.017	-184.271	-0.36894	-0.153368	-0.605228	0.367516	-0.509222	
0.00393359	5.05857e+09	1.49358	0.746791	-91.0624	-116.278	-179.195	-184.411	-0.317069	-0.137731	-0.276201	0.188905	-0.178781	
0.00365264	5.05841e+09	1.46804	0.734021	-90.974	-116.149	-179.428	-184.603	-0.0669428	-0.0644796	0.261178	0.132918	0.198402	
0.0036485	5.07262e+09	1.48093	0.740463	-91.0369	-116.203	-179.52	-184.687	-0.415318	0.0320936	-0.136146	0.0599406	0.393601	
0.00375908	5.06316e+09	1.4815	0.740748	-91.0497	-116.226	-179.387	-184.564	0.431491	0.188239	0.114231	-0.0449756	-0.0464875	
0.00383488	5.0586e+09	1.48677	0.743385	-91.0456	-116.249	-179.289	-184.492	0.305502	-0.087954	-0.144662	0.186688	-0.0422564	
0.00428088	5.05018e+09	1.53214	0.766072	-91.3362	-116.493	-179.087	-184.244	0.0692387	-0.520577	-0.715769	-0.284139	0.0899424	
0.00375146	5.06351e+09	1.4878	0.743901	-91.1084	-116.248	-179.455	-184.595	0.132089	0.0110619	0.0309778	-0.216551	0.313579	
0.00348387	5.06817e+09	1.44687	0.723435	-90.8152	-116.003	-179.492	-184.68	0.508896	0.470187	0.623543	0.214443	-0.0773779	
0.00386232	5.08153e+09	1.50353	0.751766	-91.1036	-116.301	-179.355	-184.552	0.210038	0.409267	-0.519532	-0.0378233	-0.117761	
0.00403785	5.05242e+09	1.50294	0.75147	-91.2014	-116.344	-179.21	-184.352	-0.180776	0.0353542	0.117826	-0.504459	-0.213705	
0.00379595	5.07345e+09	1.49001	0.745005	-91.074	-116.247	-179.387	-184.56	-0.451554	0.37096	-0.0422269	-0.199362	-0.115284	
0.00378098	5.05508e+09	1.47994	0.739968	-91.0594	-116.235	-179.358	-184.533	-0.0957037	-0.120103	0.139017	0.0241852	0.080703	
0.0035718	5.05589e+09	1.4636	0.7318	-90.9652	-116.127	-179.512	-184.674	0.0629755	-0.346524	0.198331	0.270452	0.58147	
0.0036324	5.06373e+09	1.46127	0.730633	-90.8677	-116.127	-179.355	-184.615	0.48336	0.0223657	-0.0600809	0.714532	-0.155207	
0.00350184	5.06512e+09	1.46865	0.734326	-91.0384	-116.148	-179.687	-184.797	0.513268	-0.206338	0.127821	0.0129681	0.91111	
0.00396389	5.07049e+09	1.51249	0.756244	-91.2346	-116.384	-179.354	-184.504	-0.628671	0.0145082	-0.452275	-0.340362	0.179138	
0.00353207	5.06111e+09	1.44474	0.72237	-90.7814	-116.016	-179.386	-184.62	-0.452458	0.0716495	0.424601	0.577073	-0.108535	
0.00350201	5.08435e+09	1.47081	0.735405	-90.9736	-116.136	-179.655	-184.818	-0.620799	0.297816	-0.0685147	0.0904701	0.455385	
0.00417467	5.05962e+09	1.52319	0.761595	-91.3112	-116.44	-179.187	-184.316	0.0712563	0.11969	-0.251803	-0.68879	-0.20569	
0.00412193	5.04336e+09	1.49708	0.748539	-91.118	-116.315	-179.021	-184.219	0.24502	-0.0436531	0.102866	-0.125417	-0.652118	
0.00349622	5.08921e+09	1.46409	0.732047	-90.885	-116.084	-179.582	-184.781	0.89548	0.876621	0.11207	0.154576	-0.143393	
0.00378702	5.07457e+09	1.49338	0.74669	-91.0768	-116.265	-179.402	-184.59	-0.289363	0.154425	-0.339151	0.0328733	0.093833	
0.00359197	5.06578e+09	1.45472	0.727361	-90.8652	-116.055	-179.405	-184.595	-0.236839	0.452026	0.612158	0.069871	-0.247403	
0.00410834	5.06908e+09	1.51761	0.758806	-91.2246	-116.398	-179.187	-184.36	0.402979	0.362533	-0.404462	-0.37284	-0.425574	
0.00384247	5.05468e+09	1.48107	0.740536	-90.8732	-116.11	-179.101	-184.338	0.0639238	-0.158352	-0.0925349	0.339032	-0.178195	
0.00402898	5.06827e+09	1.5167	0.758352	-91.2838	-116.407	-179.329	-184.453	0.723456	0.361047	-0.213548	-0.671811	-0.0983919	
0.00392539	5.06517e+09	1.49634	0.74817	-91.125	-116.312	-179.278	-184.465	-0.739144	0.11792	-0.163101	-0.104574	-0.21812	
0.00426013	5.00183e+09	1.48917	0.744587	-91.1571	-116.327	-178.845	-184.016	-0.555804	-1.06847	0.608945	-0.15875	-0.330951	
0.00362023	5.0769e+09	1.47847	0.739233	-91.0292	-116.182	-179.554	-184.706	-0.386832	0.301516	0.0416014	-0.123224	0.276664	
0.00361623	5.08036e+09	1.47183	0.735916	-90.945	-116.147	-179.48	-184.682	-0.463461	0.490158	0.0216869	0.134701	-0.101645	
0.00353694	5.08827e+09	1.47512	0.737561	-91.0023	-116.15	-179.647	-184.795	-0.193493	0.645132	0.067134	-0.187619	0.231627	
0.00398803	5.0473e+09	1.49958	0.749788	-91.0972	-116.267	-179.151	-184.32	-0.52569	-0.46282	-0.137195	-0.103135	0.144952	
0.00390431	5.05104e+09	1.48156	0.740781	-91.0298	-116.227	-179.182	-184.379	-0.143942	0.0361212	0.249836	-0.0157801	-0.393462	
0.00350336	5.06627e+09	1.45616	0.728082	-90.8202	-116.07	-179.469	-184.719	-0.194672	-0.347898	-0.240112	0.913336	0.422652	
0.00374472	5.06757e+09	1.4984	0.749201	-91.2583	-116.327	-179.62	-184.688	0.124906	-0.0503484	-0.0486965	-0.62687	0.771493	
0.00386405	5.06654e+09	1.4874	0.7437	-91.0897	-116.301	-179.314	-184.525	0.439538	0.381405	-0.0399243	0.0330895	-0.461447	
0.00387398	5.07443e+09	1.49952	0.749758	-91.0926	-116.302	-179.319	-184.529	0.1686	0.215888	-0.483566	0.108871	-0.127033	
0.00389001	5.0608e+09	1.49669	0.748345	-91.091	-116.307	-179.276	-184.492	-0.169136	-0.353599	-0.535498	0.337006	0.163336	
0.00384109	5.05033e+09	1.47633	0.738167	-89.6495	-114.828	-177.871	-183.05	-0.150384	-0.146181	0.135786	0.242855	-0.241737	
0.00381802	5.0656e+09	1.47863	0.739314	-89.9752	-115.212	-178.249	-183.486	-0.577008	0.158266	-0.112057	0.343763	-0.421522	
0.00389364	5.04164e+09	1.48428	0.742138	-91.2457	-116.396	-179.394	-184.544	0.109356	-0.361114	0.246504	-0.0697299	0.0532974	
0.00392781	5.05119e+09	1.48919	0.744596	-91.1058	-116.273	-179.232	-184.399	-0.383228	-0.0549016	0.203649	-0.218393	-0.172679	
0.00442028	5.05002e+09	1.53495	0.767477	-91.3366	-116.502	-178.948	-184.113	-0.147019	-0.199979	-0.559683	-0.451305	-0.46814	
0.00393694	5.06037e+09	1.4911	0.745549	-91.0104	-116.259	-179.142	-184.391	0.0640235	-0.0818283	-0.399835	0.424014	-0.353364	
0.00363981	5.09322e+09	1.48933	0.744665	-90.999	-116.216	-179.528	-184.745	0.111424	0.452911	-0.635934	0.295687	0.164597	
0.00358872	5.07152e+09	1.4723	0.736152	-90.9856	-116.154	-179.539	-184.707	-0.162311	0.100976	0.0334189	0.108554	0.349926	
0.0034114	5.0596e+09	1.43633	0.718166	-90.7377	-115.967	-179.491	-184.72	-0.327948	-0.246811	0.340082	0.824481	0.336038	
0.00347708	5.06358e+09	1.45664	0.728319	-90.9756	-116.072	-179.653	-184.749	-0.360076	0.027981	0.631679	-0.217307	0.67819	
0.00371114	5.06903e+09	1.49018	0.74509	-91.1065	-116.255	-179.51	-184.659	0.111587	-0.109634	-0.263512	-0.0239105	0.535253	
0.00421033	5.04178e+09	1.52009	0.760047	-91.3367	-116.455	-179.145	-184.263	-0.266715	-0.453449	-0.149818	-0.600009	0.0683782	
0.00363761	5.07369e+09	1.47951	0.739757	-91.0353	-116.189	-179.534	-184.688	0.20573	0.271726	0.0365685	-0.0951705	0.261	
0.00351843	5.05396e+09	1.44847	0.724234	-90.82	-116.045	-179.429	-184.654	0.120517	-0.365198	0.214732	0.733795	0.318426	
0.0038575	5.07651e+09	1.4992	0.7496	-91.109	-116.292	-179.357	-184.541	0.110989	0.404916	-0.294307	-0.144867	-0.158888	
0.00401747	5.07188e+09	1.51293	0.756464	-91.2151	-116.371	-179.279	-184.435	-0.202787	0.345001	-0.307393	-0.457536	-0.217591	
0.00376067	5.05295e+09	1.47914	0.739571	-91.068	-116.225	-179.386	-184.543	-0.165678	-0.217955	0.196165	-0.0419659	0.246861	
0.00358734	5.07454e+09	1.47255	0.736275	-90.9805	-116.152	-179.541	-184.712	0.193221	0.283484	0.0620881	0.0658902	0.225629	
0.00386588	5.06057e+09	1.48851	0.744255	-91.1024	-116.296	-179.314	-184.507	-0.305522	0.0452902	-0.0394565	0.0015538	-0.169351	
0.0041196	5.03893e+09	1.5051	0.752548	-91.2008	-116.373	-179.099	-184.271	0.527344	-0.428372	-0.0961672	-0.136286	-0.149758	
0.00373253	5.06819e+09	1.48184	0.740922	-91.0399	-116.213	-179.417	-184.59	-0.161508	0.214272	0.0560767	-0.0629582	0.0173963	
0.00376761	5.06435e+09	1.49607	0.748034	-91.2035	-116.293	-179.533	-184.623	0.46684	0.00195913	0.0184047	-0.528715	0.566609	
0.00367347	5.07017e+09	1.47485	0.737423	-90.968	-116.176	-179.418	-184.625	-0.38175	0.120021	-0.0713094	0.25985	0.0335479	
0.00364993	5.07846e+09	1.48975	0.744877	-91.1587	-116.243	-179.651	-184.735	0.242532	0.39286	0.0850833	-0.604833	0.528007	
0.0037447	5.06279e+09	1.49027	0.745135	-91.1501	-116.272	-179.504	-184.626	0.242484	-0.0933138	-0.0223093	-0.260553	0.496366	
0.00399515	5.03039e+09	1.49079	0.745394	-91.1581	-116.31	-179.175	-184.327	0.259455	-0.668294	0.231355	-0.123824	0.149314	
0.00363394	5.08499e+09	1.47716	0.738579	-90.8978	-116.158	-179.42	-184.68	-0.418516	0.233902	-0.556124	0.637888	-0.00264429	
0.00375655	5.05335e+09	1.48665	0.743325	-91.183	-116.256	-179.507	-184.58	0.397309	-0.127403	0.380445	-0.602896	0.581756	
0.00341254	5.08417e+09	1.45011	0.725055	-90.7589	-116.015	-179.553	-184.809	0.047385	0.345658	-0.126945	0.805179	0.0725038	
0.00388916	5.04118e+09	1.49088	0.745439	-91.2033	-116.298	-179.355	-184.451	0.209082	-0.390669	0.3728	-0.51321	0.413791	
0.00337101	5.06993e+09	1.4529	0.726449	-90.9158	-116.046	-179.738	-184.869	0.509738	-0.0918194	0.232269	0.271142	0.884019	
0.00315116	5.08722e+09	1.42997	0.714987	-90.7515	-115.899	-179.896	-185.044	-0.221688	0.262803	0.342141	0.535323	0.864243	
0.00385849	5.06807e+09	1.49879	0.749397	-91.1504	-116.309	-179.383	-184.541	0.52242	0.216273	-0.166858	-0.241671	0.0265573	
0.00378099	5.08005e+09	1.50096	0.75048	-91.1414	-116.296	-179.483	-184.638	-0.154312	0.226097	-0.419359	-0.194277	0.29756	
0.00364696	5.04251e+09	1.45985	0.729926	-90.9266	-116.111	-179.36	-184.544	-0.0901529	-0.590087	0.336254	0.395919	0.41935	
0.00376326	5.08339e+09	1.49826	0.749128	-91.1027	-116.288	-179.47	-184.655	-0.394347	0.232026	-0.54508	0.0304892	0.212556	
0.00396977	5.05349e+09	1.49881	0.749405	-91.2336	-116.327	-179.318	-184.412	-1.14082	0.0485113	0.397162	-0.853268	0.0427106	
0.00411622	5.03919e+09	1.49888	0.749441	-91.1476	-116.333	-179.05	-184.235	0.264975	-0.263139	0.0694267	-0.130428	-0.412026	
0.00382507	5.06661e+09	1.4876	0.743801	-91.0382	-116.244	-179.306	-184.512	0.0718826	0.170129	-0.151998	0.110046	-0.187582	
0.00380419	5.05635e+09	1.47113	0.735567	-90.9674	-116.163	-179.242	-184.437	-0.339616	0.268483	0.458942	-0.0421719	-0.453601	
0.00367312	5.06305e+09	1.47361	0.736803	-91.004	-116.171	-179.442	-184.608	-0.120832	0.0608212	0.198588	0.00909889	0.171503	
0.00385441	5.04191e+09	1.46309	0.731544	-90.8832	-116.134	-179.076	-184.326	0.262742	-0.111604	0.368121	0.466438	-0.624436	
0.00372195	5.05487e+09	1.47845	0.739227	-91.0791	-116.208	-179.446	-184.575	0.258273	-0.0982249	0.308956	-0.211224	0.342025	
0.00348423	5.06894e+09	1.44501	0.722504	-90.7509	-115.997	-179.428	-184.674	0.199621	0.243384	0.260393	0.686324	-0.127335	
0.00356214	5.06096e+09	1.45245	0.726226	-90.8087	-116.055	-179.376	-184.622	-0.275212	-0.124203	0.123391	0.711228	0.0302032	
0.0037171	5.04097e+09	1.45989	0.729943	-90.9359	-116.139	-179.284	-184.488	0.339656	-0.327035	0.479028	0.333623	-0.00833414	
0.00418102	5.06135e+09	1.52088	0.76044	-91.289	-116.456	-179.161	-184.328	-0.405636	0.0485592	-0.418069	-0.397207	-0.314232	
0.00362461	5.08041e+09	1.47877	0.739383	-90.9652	-116.173	-179.491	-184.698	0.0270691	0.258669	-0.298611	0.299587	0.157593	
0.0035968	5.07673e+09	1.47743	0.738717	-90.9906	-116.176	-179.543	-184.728	0.213456	0.126593	-0.231234	0.244372	0.362988	
0.00370901	5.06882e+09	1.47173	0.735863	-90.9213	-116.17	-179.327	-184.576	-0.182929	0.145747	-0.146067	0.504002	-0.244097	
0.00373629	5.07484e+09	1.48223	0.741116	-90.9847	-116.212	-179.369	-184.596	-0.300803	0.211038	-0.294804	0.321594	-0.116083	
0.00365462	5.07069e+09	1.47782	0.738911	-91.0363	-116.182	-179.509	-184.655	0.338191	0.333455	0.196437	-0.190701	0.16711	
0.00383261	5.04564e+09	1.47238	0.736192	-90.9855	-116.215	-179.209	-184.439	-0.25025	-0.207871	0.29375	0.20919	-0.223256	
0.00391379	5.0584e+09	1.49187	0.745937	-91.4222	-116.632	-179.577	-184.786	-0.150402	0.00254236	-0.0880945	0.00790265	-0.212627	
0.00385923	5.05588e+09	1.49051	0.745253	-91.1454	-116.286	-179.356	-184.497	-0.0449806	-0.00254186	0.178734	-0.333759	0.0736632	
0.00396584	5.06586e+09	1.50595	0.752974	-91.1999	-116.354	-179.31	-184.464	-0.360846	0.142761	-0.195616	-0.371567	-0.0700602	
0.0039087	5.04641e+09	1.47003	0.735016	-90.8925	-116.142	-179.032	-184.282	-0.207507	-0.0105551	0.262982	0.372117	-0.729757	
0.00359439	5.05796e+09	1.45461	0.727306	-90.8155	-116.074	-179.339	-184.597	-0.130742	-0.240595	0.0264919	0.803975	0.0212174	
0.00389903	5.06379e+09	1.48874	0.744369	-90.5624	-115.778	-178.742	-183.958	0.206842	0.250618	-0.108059	0.109244	-0.463046	
0.00402411	5.06491e+09	1.51693	0.758464	-91.2705	-116.427	-179.315	-184.471	0.12254	-0.130731	-0.566826	-0.23938	0.185522	
0.00358238	5.08559e+09	1.47911	0.739556	-91.0549	-116.174	-179.64	-184.759	0.0694609	0.728724	0.218909	-0.457368	0.200995	
0.0038223	5.064e+09	1.48529	0.742645	-91.0734	-116.248	-179.34	-184.514	-0.0532053	0.287691	0.152911	-0.178558	-0.217585	
0.00359966	5.07634e+09	1.47322	0.736612	-90.9683	-116.149	-179.517	-184.698	-0.0576953	0.324503	0.0235905	0.0916942	0.142873	
0.00369653	5.07704e+09	1.48848	0.744242	-91.1145	-116.242	-179.549	-184.676	-0.251451	0.381046	0.0368754	-0.400567	0.256894	
0.00409858	5.07674e+09	1.53742	0.768712	-91.3833	-116.495	-179.369	-184.481	0.388714	0.0275167	-0.878276	-0.64028	0.427946	
0.00366347	5.07298e+09	1.48006	0.740031	-91.0258	-116.192	-179.492	-184.658	0.259504	0.297171	0.0216926	-0.051766	0.144294	
0.00391372	5.03037e+09	1.46923	0.734615	-90.972	-116.182	-179.078	-184.288	-0.13322	-0.459516	0.505542	0.215761	-0.314693	
0.00373816	5.07436e+09	1.48934	0.744669	-91.0651	-116.241	-179.446	-184.622	-0.266093	0.166849	-0.229522	-0.0154497	0.176991	
0.00375354	5.05262e+09	1.46247	0.731235	-90.8601	-116.115	-179.186	-184.441	0.0447867	-0.0631567	0.167169	0.570845	-0.405796	
0.00364518	5.0845e+09	1.48787	0.743934	-91.0426	-116.221	-179.55	-184.728	-0.166721	0.266515	-0.398771	0.0825384	0.344458	
0.00407855	5.02937e+09	1.4995	0.74975	-91.2004	-116.366	-179.126	-184.291	0.221253	-0.809327	-0.0184526	-0.0368286	0.138721	
0.00360155	5.06144e+09	1.45791	0.728956	-90.876	-116.087	-179.397	-184.608	0.427995	0.15951	0.326775	0.356892	-0.0885714	
0.00410298	5.04922e+09	1.50504	0.752521	-84.0089	-99.2844	-171.942	-167.218	-0.317703	-0.239536	-0.213041	-0.0846184	-0.284746	
0.00391918	5.06529e+09	1.48691	0.743455	-90.9993	-116.239	-179.159	-184.399	-0.497733	0.241184	-0.155602	0.214414	-0.596586	
0.00348628	5.06311e+09	1.45224	0.726119	-90.8949	-116.045	-179.56	-184.71	0.103888	0.116519	0.567419	0.0924243	0.358495	
0.00384457	5.08296e+09	1.51523	0.757614	-91.24	-116.368	-179.514	-184.642	-0.0151799	0.11813	-0.687	-0.36316	0.55627	
0.00389542	5.05046e+09	1.49857	0.749283	-91.2085	-116.341	-179.37	-184.503	-0.282665	-0.508085	-0.142805	-0.195013	0.500116	
0.00371619	5.06498e+09	1.46443	0.732217	-90.8325	-116.125	-179.223	-184.516	-0.277339	-0.0158869	-0.251702	0.869822	-0.390442	
0.00359988	5.07805e+09	1.48751	0.743753	-91.152	-116.227	-179.703	-184.779	0.628731	0.291846	0.0394555	-0.532404	0.721597	
0.00421899	5.03792e+09	1.51683	0.758417	-91.3298	-116.446	-179.123	-184.239	-0.312456	-0.43153	0.0135126	-0.653974	-0.0334029	
0.0042325	5.03095e+09	1.49748	0.748739	-91.1361	-116.339	-178.903	-184.106	0.218145	-0.273967	0.177531	-0.0777583	-0.790891	
0.00382517	5.04802e+09	1.47024	0.735119	-90.3474	-115.547	-178.583	-183.783	0.106091	-0.00591604	0.383288	0.157735	-0.376591	
0.0039208	5.0388e+09	1.48294	0.741468	-91.0758	-116.249	-179.189	-184.362	0.849746	-0.256594	0.327442	-0.0490959	-0.138454	
0.00409045	5.04746e+09	1.49929	0.749644	-91.1803	-116.479	-179.124	-184.423	-0.245286	-0.273264	-0.228099	0.135966	-0.411565	
0.00372034	5.08003e+09	1.48512	0.74256	-90.9589	-116.197	-179.37	-184.608	-0.115236	0.224269	-0.49668	0.426803	-0.0467239	
0.00379699	5.061e+09	1.4908	0.745401	-91.1456	-116.276	-179.436	-184.566	0.0128843	-0.0084428	0.0732989	-0.321208	0.280618	
0.00402311	5.05074e+09	1.50943	0.754713	-91.2933	-116.398	-179.315	-184.419	0.154149	-0.180859	0.00411837	-0.632683	0.200648	
0.00402038	5.02671e+09	1.48716	0.743582	-91.1571	-116.294	-179.14	-184.277	-0.287853	-0.574438	0.539988	-0.349626	0.00749356	
0.00414892	5.0209e+09	1.4999	0.74995	-91.2375	-116.369	-179.074	-184.205	0.364144	-0.708872	0.36315	-0.410035	0.00186731	
0.00435615	5.02526e+09	1.51991	0.759955	-91.36	-116.474	-178.992	-184.106	-0.212168	-0.610662	0.125756	-0.711873	-0.189781	
0.00372502	5.05989e+09	1.48153	0.740766	-91.1036	-116.224	-179.475	-184.596	-0.4822	-0.051121	0.26269	-0.322613	0.381552	
0.00390941	5.0648e+09	1.49913	0.749563	-91.1503	-116.354	-179.32	-184.524	-0.0142739	-0.0713735	-0.42611	0.128547	-0.0184674	
0.0037982	5.07449e+09	1.49972	0.749858	-91.0981	-116.298	-179.41	-184.61	0.223406	-0.104449	-0.688491	0.254041	0.349566	
0.00348078	5.05561e+09	1.43091	0.715453	-90.6837	-115.938	-179.342	-184.597	0.576142	0.12775	0.630224	0.785273	-0.276044	
0.00432012	5.05712e+09	1.52084	0.76042	-91.2115	-116.415	-178.935	-184.138	-0.376311	0.139345	-0.421317	-0.240992	-0.846565	
0.00369592	5.05034e+09	1.46188	0.730938	-90.8899	-116.129	-179.279	-184.518	-0.0311744	-0.306698	0.127	0.597566	-0.0416292	
0.004328	5.05088e+09	1.5335	0.766749	-91.4164	-116.512	-179.121	-184.217	-0.136514	-0.0767354	-0.251541	-0.906583	-0.196359	
0.00387847	5.07045e+09	1.50806	0.754028	-91.2236	-116.353	-179.438	-184.567	0.0990639	0.035152	-0.36482	-0.373457	0.36188	
0.00358134	5.0647e+09	1.4674	0.733699	-90.9274	-116.133	-179.478	-184.684	0.285586	-0.188601	-0.110924	0.498522	0.391227	
0.00344269	5.08136e+09	1.45817	0.729087	-90.8995	-116.063	-179.65	-184.814	0.155548	0.499538	0.269364	0.104999	0.270183	
0.00359069	5.07386e+09	1.46814	0.734068	-90.9343	-116.122	-179.489	-184.677	0.194766	0.376524	0.149723	0.132453	0.0273826	
0.00366945	5.08079e+09	1.48357	0.741783	-91.0009	-116.205	-179.473	-184.677	0.0707004	0.311791	-0.32214	0.212452	0.0896278	
0.00418463	5.04569e+09	1.51313	0.756564	-91.2015	-116.397	-179.043	-184.239	0.540345	-0.358149	-0.407324	-0.0125945	-0.262838	
0.00338254	5.09424e+09	1.44254	0.721269	-90.6561	-115.951	-179.505	-184.8	0.324856	0.784651	-0.12631	0.954891	-0.369056	
0.00361403	5.08697e+09	1.49219	0.746095	-91.1247	-116.251	-179.674	-184.8	-0.0524509	0.270411	-0.364365	-0.211397	0.649952	
0.00391151	5.05032e+09	1.47145	0.735724	-90.8867	-116.175	-179.03	-184.318	-0.113862	-0.127397	-0.0999453	0.715795	-0.733598	
0.0038599	5.05454e+09	1.49223	0.746115	-91.1701	-116.289	-179.378	-184.497	-0.482257	-0.127163	0.194853	-0.444546	0.255554	
0.00334964	5.09087e+09	1.45699	0.728496	-90.9121	-116.04	-179.798	-184.926	-0.177632	0.601803	0.253355	-0.0458731	0.552804	
0.00404576	5.04671e+09	1.50107	0.750534	-91.2068	-116.344	-179.197	-184.334	-0.426699	-0.140415	0.186193	-0.496928	-0.128332	
0.00403018	5.05935e+09	1.51279	0.756395	-91.2838	-116.397	-179.312	-184.426	-0.428597	-0.0287878	-0.125523	-0.645492	0.11832	
0.00335372	5.10578e+09	1.45112	0.725558	-90.7463	-115.989	-179.652	-184.895	-0.0873696	1.11883	-0.0372499	0.48872	-0.238243	
0.00387241	5.05448e+09	1.48456	0.742278	-91.0674	-116.239	-179.261	-184.433	-0.0310821	0.0672671	0.214944	-0.128877	-0.218895	
0.00373656	5.053e+09	1.46904	0.734521	-91.0138	-116.199	-179.36	-184.545	0.367161	0.0570871	0.40728	0.0635108	-0.125242	
0.00384064	5.06676e+09	1.48966	0.74483	-91.0305	-116.251	-179.281	-184.502	0.207656	0.0804612	-0.312711	0.251825	-0.161269	
0.00374283	5.09527e+09	1.50465	0.752327	-91.1238	-116.296	-179.535	-184.708	-0.563428	0.47092	-0.678585	-0.135667	0.270832	
0.0036182	5.03814e+09	1.4506	0.725299	-90.8942	-116.079	-179.355	-184.54	-0.175711	-0.566254	0.601158	0.389874	0.337704	
0.00377829	5.0559e+09	1.47771	0.738853	-91.0093	-116.248	-179.312	-184.551	0.680231	-0.238955	-0.225535	0.559267	-0.0330659	
0.00397983	5.03343e+09	1.4793	0.739651	-91.0379	-116.253	-179.077	-184.292	0.442928	-0.404512	0.25958	0.228497	-0.378291	
0.00363952	5.06227e+09	1.46202	0.73101	-90.9346	-116.103	-179.411	-184.58	0.281594	0.403018	0.603675	-0.0882566	-0.1625	
0.00376511	5.05608e+09	1.47221	0.736105	-90.9708	-116.177	-179.289	-184.495	-0.12892	0.0168801	0.211065	0.189544	-0.19036	
0.0038206	5.07134e+09	1.5029	0.751449	-91.2026	-116.328	-179.484	-184.609	0.519324	0.138971	-0.254725	-0.377912	0.36066	
0.00354481	5.09273e+09	1.47558	0.737788	-90.9665	-116.144	-179.61	-184.787	-0.150528	0.766476	-0.0568149	-0.0434822	0.0482595	
0.00382903	5.05415e+09	1.47502	0.737508	-90.9421	-116.184	-179.184	-184.426	0.0224828	-0.0901933	-0.00720869	0.42929	-0.346537	
0.00362637	5.06669e+09	1.46935	0.734677	-90.9327	-116.142	-179.432	-184.642	-0.074008	-0.00675796	-0.0356612	0.379029	0.152877	
0.00360121	5.08944e+09	1.47997	0.739984	-90.9958	-116.174	-179.565	-184.743	-0.662977	0.600048	-0.125941	-0.0510228	0.0834871	
0.0035629	5.07993e+09	1.47158	0.73579	-90.9413	-116.138	-179.54	-184.737	-0.11802	0.289011	-0.119767	0.259948	0.206826	
0.00383153	5.0699e+09	1.4975	0.748751	-91.1244	-116.299	-179.391	-184.565	-0.162303	0.0317539	-0.337363	-0.047044	0.169288	
0.00409962	5.06048e+09	1.51822	0.75911	-91.2571	-116.416	-179.213	-184.373	0.362202	-0.0508274	-0.448055	-0.316543	-0.0604675	
0.00385988	5.06029e+09	1.48577	0.742884	-89.8198	-115.006	-178.038	-183.224	0.27242	0.0769926	-0.095289	0.179823	-0.27887	
0.00343505	5.08601e+09	1.45694	0.728468	-90.8223	-116.03	-179.591	-184.798	0.0401921	0.529388	0.0497762	0.389066	0.118542	
0.0040213	5.0455e+09	1.4948	0.7474	-91.0483	-116.283	-179.063	-184.298	0.213005	-0.407054	-0.255707	0.28636	-0.224891	
0.00346566	5.08027e+09	1.44943	0.724714	-90.7993	-116.013	-179.519	-184.733	-0.73391	0.549419	0.343831	0.336579	-0.115179	
0.00353843	5.04272e+09	1.44992	0.724961	-90.8879	-116.072	-179.453	-184.637	0.171853	-0.688352	0.367899	0.576074	0.62869	
0.00362821	5.05207e+09	1.45276	0.726382	-90.8606	-116.054	-179.333	-184.526	0.0612307	0.073767	0.656603	0.205208	-0.132389	
0.00388347	5.05851e+09	1.48114	0.74057	-91.9922	-117.241	-180.18	-185.429	-0.0758729	0.440337	0.442866	-0.298316	-0.561903	
0.00377422	5.0593e+09	1.48366	0.74183	-91.0807	-116.239	-179.394	-184.553	0.238492	0.0226598	0.125011	-0.115559	0.113252	
0.0039098	5.06526e+09	1.51142	0.755708	-91.2665	-116.378	-179.437	-184.548	0.443385	-0.111421	-0.364538	-0.447202	0.495114	
0.00381673	5.05629e+09	1.48111	0.740553	-91.0572	-116.243	-179.317	-184.503	0.0628013	0.0270661	0.153015	0.00810415	-0.128947	
0.00410527	5.05336e+09	1.49615	0.748077	-90.2367	-115.432	-178.175	-183.37	-0.34405	-0.0544577	-0.310353	0.307862	-0.752638	
0.00383348	5.04536e+09	1.47916	0.73958	-91.1097	-116.299	-179.332	-184.521	0.350367	-0.337045	0.128469	0.186318	0.0269804	
0.00374561	5.09178e+09	1.49462	0.747311	-91.0346	-116.245	-179.437	-184.647	-0.29349	0.632719	-0.488978	0.0501622	-0.150759	
0.00409773	5.02779e+09	1.49231	0.746153	-91.1514	-116.318	-179.054	-184.22	0.169123	-0.492783	0.341633	-0.194116	-0.261538	
0.00407134	5.03133e+09	1.49767	0.748834	-91.1827	-116.344	-179.119	-184.281	0.335978	-0.627781	0.098202	-0.127312	0.00835377	
0.003915	5.04891e+09	1.48247	0.741237	-91.0165	-116.232	-179.153	-184.368	0.105826	-0.116586	0.0893396	0.175886	-0.355038	
0.00353263	5.11386e+09	1.49834	0.74917	-91.1015	-116.231	-179.795	-184.925	-0.365182	0.846468	-0.659305	-0.331384	0.610702	
0.00379773	5.07429e+09	1.48863	0.744315	-91.014	-116.221	-179.326	-184.534	-0.377528	0.284854	-0.240614	0.0990737	-0.173735	
0.0039498	5.05747e+09	1.48753	0.743765	-91.0502	-116.266	-179.163	-184.379	-0.0030111	0.19984	0.0455618	0.0390219	-0.585082	
0.00386588	5.05544e+09	1.48173	0.740867	-102.69	-119.245	-190.893	-187.447	-0.590065	0.0466408	0.206916	-0.0469295	-0.273543	
0.0036199	5.07759e+09	1.474	0.736998	-90.9391	-116.155	-179.465	-184.681	-0.259711	0.226525	-0.199244	0.348543	0.0799357	
0.00367215	5.05333e+09	1.46395	0.731977	-90.9514	-116.136	-179.374	-184.558	0.194153	-0.0426305	0.408596	0.160534	0.0344675	
0.00373755	5.05816e+09	1.48421	0.742105	-91.092	-116.236	-179.446	-184.59	0.690483	-0.108277	0.0602363	-0.0911409	0.357535	
0.00349276	5.06058e+09	1.44971	0.724854	-90.8451	-116.039	-179.497	-184.692	-0.139485	-0.10922	0.356396	0.455365	0.322864	
0.0039758	5.0516e+09	1.49684	0.748422	-91.7537	-116.922	-179.828	-184.996	-0.00637271	-0.054856	0.0807644	-0.28294	-0.150575	
0.00384573	5.06712e+09	1.49298	0.746491	-91.0663	-116.278	-179.312	-184.524	-0.247628	-0.0490157	-0.394409	0.222027	0.00248884	
0.00390757	5.06357e+09	1.49847	0.749233	-91.1578	-116.315	-179.328	-184.485	-0.438186	0.0951404	-0.0752616	-0.299416	-0.0319218	
0.00408877	5.04855e+09	1.5053	0.752651	-91.2163	-116.365	-179.164	-184.313	-0.322764	-0.100729	0.0583495	-0.447966	-0.232299	
0.00408886	5.04991e+09	1.50379	0.751897	-91.1759	-116.362	-179.126	-184.312	-0.253415	-0.160672	-0.141392	-0.140964	-0.319382	
0.00385121	5.04241e+09	1.47946	0.73973	-91.1112	-116.226	-179.308	-184.423	0.0862121	-0.0786646	0.696515	-0.519338	0.0504933	
0.00401432	5.06642e+09	1.51332	0.756659	-91.1948	-116.39	-179.253	-184.448	0.217477	-0.0866898	-0.637892	-0.0152946	0.0238284	
0.00361125	5.07818e+09	1.47803	0.739016	-91.0163	-116.177	-179.554	-184.714	0.163645	0.394014	0.0193031	-0.0710099	0.204224	
0.00326176	5.09686e+09	1.44657	0.723284	-90.8283	-115.971	-179.84	-184.983	0.0739069	0.822197	0.336423	0.0959623	0.444496	
0.00380484	5.06232e+09	1.48375	0.741876	-91.0348	-116.239	-179.318	-184.522	-0.44695	-0.0244438	-0.092285	0.154554	-0.0610674	
0.00335067	5.09079e+09	1.46038	0.73019	-90.9139	-116.065	-179.798	-184.949	0.398588	0.460426	-0.0165056	0.191797	0.630921	
0.00377023	5.05561e+09	1.47709	0.738544	-91.0557	-116.19	-179.368	-184.502	0.0388076	0.180209	0.517904	-0.359663	-0.0258589	
0.00423223	5.05929e+09	1.52574	0.762869	-91.3103	-116.474	-179.126	-184.291	0.167595	0.0256161	-0.487287	-0.409216	-0.328867	
0.00377307	5.09033e+09	1.50267	0.751334	-91.1444	-116.29	-179.512	-184.658	-0.0941052	0.700019	-0.308504	-0.446427	0.0402971	
0.00357017	5.06823e+09	1.43999	0.719993	-90.6707	-115.978	-179.241	-184.548	-0.166893	0.356473	0.18169	0.974254	-0.709242	
0.00380255	5.06584e+09	1.49256	0.746279	-91.0978	-116.266	-179.39	-184.558	-0.089666	-0.0318278	-0.205644	-0.0424718	0.211984	
0.00388917	5.07628e+09	1.50761	0.753805	-91.2106	-116.35	-179.423	-184.563	-0.188925	0.327774	-0.287984	-0.461938	0.0896241	
0.00356309	5.07246e+09	1.47319	0.736597	-91.0129	-116.162	-179.599	-184.749	0.0797636	0.0922292	0.0322814	0.0369815	0.495961	
0.00353163	5.07169e+09	1.46249	0.731244	-90.8631	-116.097	-179.486	-184.72	-0.117761	-0.0983304	-0.218793	0.690901	0.314934	
0.00349606	5.06527e+09	1.45447	0.727235	-90.8741	-116.061	-179.53	-184.718	0.367154	0.0586709	0.29192	0.365499	0.295645	
0.00333275	5.07986e+09	1.43595	0.717977	-90.7453	-115.928	-179.634	-184.817	0.0382895	0.632973	0.645498	0.299786	0.0835347	
0.00400729	5.07028e+09	1.50408	0.752042	-91.138	-116.33	-179.21	-184.402	0.388886	0.517433	-0.197511	-0.244994	-0.580466	
0.00360867	5.07006e+09	1.46595	0.732976	-90.9587	-116.114	-179.485	-184.641	-0.316244	0.439188	0.473553	-0.16973	-0.000949163	
0.0035469	5.05891e+09	1.45582	0.727911	-90.8623	-116.073	-179.445	-184.656	0.230236	-0.18942	0.168015	0.554577	0.27332	
0.00358007	5.05799e+09	1.46865	0.734324	-90.99	-116.151	-179.531	-184.691	0.600902	-0.329815	0.0534181	0.281302	0.632728	
0.00375263	5.03551e+09	1.46726	0.733632	-91.0025	-116.178	-179.3	-184.476	0.685622	-0.557423	0.409361	0.230451	0.260893	
0.00392864	5.07709e+09	1.50558	0.752788	-91.1448	-116.332	-179.315	-184.502	0.05094	0.418848	-0.399213	-0.173296	-0.250513	
0.00390143	5.0532e+09	1.48704	0.74352	-91.0614	-116.255	-179.221	-184.414	0.0379481	-0.0485092	0.0645815	0.0110792	-0.224602	
0.00401819	5.04146e+09	1.48941	0.744704	-91.084	-116.286	-179.095	-184.297	-0.549817	-0.360591	0.0828282	0.0586974	-0.300436	
0.00392686	5.04703e+09	1.47628	0.73814	-90.9373	-116.196	-179.058	-184.316	-0.230632	-0.218134	-0.0118882	0.501939	-0.548569	
0.0042025	5.02737e+09	1.50273	0.751363	-91.1364	-116.366	-178.928	-184.158	-0.0547544	-0.996328	-0.391268	0.41597	-0.154309	
0.00376926	5.05062e+09	1.47098	0.735489	-90.9743	-116.183	-179.279	-184.487	-0.177385	-0.191829	0.203482	0.271428	-0.0831075	
0.00435072	5.04446e+09	1.5282	0.7641	-91.2909	-116.474	-178.962	-184.145	-0.33366	-0.549279	-0.628858	-0.155694	-0.223632	
0.00386343	5.05244e+09	1.48615	0.743073	-91.1059	-116.264	-179.306	-184.464	-0.0689061	-0.0457047	0.2313	-0.209982	-0.0348442	
0.00363545	5.07367e+09	1.47865	0.739323	-91.0376	-116.192	-179.538	-184.693	0.524277	0.340983	0.075056	-0.10019	0.202618	
0.00420003	5.04812e+09	1.51276	0.756379	-89.9252	-114.968	-177.755	-182.798	-0.465271	0.0534254	0.123733	-0.703479	-0.449896	
0.00376029	5.05163e+09	1.47462	0.737308	-91.0345	-116.194	-179.351	-184.511	0.268175	-0.0278587	0.394647	-0.0943473	0.0327705	
0.00356065	5.03595e+09	1.43823	0.719117	-90.8024	-116.001	-179.329	-184.527	0.372989	-0.431249	0.839766	0.497325	0.16951	
0.00397437	5.04788e+09	1.48032	0.740161	-90.9889	-116.23	-179.058	-184.299	-0.321524	-0.0715363	0.0821355	0.293564	-0.664754	
0.00361054	5.05542e+09	1.46178	0.73089	-90.9442	-116.113	-179.444	-184.613	-0.258743	-0.166261	0.376765	0.169015	0.301815	
0.00386054	5.07087e+09	1.49211	0.746057	-91.0869	-116.271	-179.322	-184.506	0.112074	0.472972	-0.019961	-0.194129	-0.363416	
0.00404957	5.04522e+09	1.49408	0.747041	-91.1651	-116.358	-179.149	-184.341	0.11922	-0.106883	0.0832454	-0.0742815	-0.46044	
0.00357483	5.08503e+09	1.48006	0.740031	-90.9932	-116.183	-179.587	-184.776	-0.328058	0.202181	-0.384698	0.25107	0.41862	
0.00381675	5.05511e+09	1.48349	0.741744	-91.1114	-116.273	-179.369	-184.531	0.00229749	-0.0163105	0.211464	-0.150595	0.0152822	
0.00339745	5.08801e+09	1.45899	0.729493	-90.8838	-116.061	-179.703	-184.88	0.167687	0.501755	0.0448232	0.25649	0.370925	
0.00401821	5.0358e+09	1.48289	0.741443	-91.0018	-116.246	-179.003	-184.247	0.0985026	-0.511474	-0.0212308	0.446271	-0.431845	
0.00355491	5.06554e+09	1.45799	0.728996	-90.8994	-116.081	-179.484	-184.665	-0.126896	0.184061	0.393219	0.17822	0.116505	
0.00362517	5.07615e+09	1.48391	0.741953	-91.0628	-116.215	-179.58	-184.732	-0.00991961	0.0769032	-0.21375	0.00311381	0.523601	
0.00402233	5.04082e+09	1.48848	0.744239	-91.0291	-116.266	-179.034	-184.271	0.196636	-0.427457	-0.128956	0.370767	-0.371459	
0.00358755	5.07774e+09	1.45915	0.729573	-90.8322	-116.063	-179.398	-184.628	-0.0681884	0.639873	0.227393	0.314792	-0.416362	
0.00361881	5.05191e+09	1.4624	0.7312	-90.9195	-116.127	-179.403	-184.611	0.367379	-0.408047	0.090792	0.541648	0.34012	
0.00360314	5.08009e+09	1.4787	0.739352	-91.0086	-116.178	-179.559	-184.728	0.116666	0.363145	-0.0855147	0.0133154	0.240665	
0.00399401	5.05878e+09	1.49969	0.749845	-90.6434	-115.802	-178.71	-183.869	-0.148637	0.144267	-0.0290445	-0.2687	-0.327173	
0.00372256	5.04769e+09	1.46597	0.732983	-90.9405	-116.185	-179.294	-184.538	0.169987	-0.484838	-0.0311484	0.691506	0.0630707	
0.00388275	5.06642e+09	1.48838	0.744189	-91.0665	-116.271	-179.269	-184.474	-0.30295	0.308546	-0.047433	0.00261906	-0.440644	
0.00388752	5.05953e+09	1.48897	0.744487	-91.1125	-116.287	-179.298	-184.472	-0.259161	0.165358	0.127182	-0.193971	-0.247983	
0.00393326	5.06948e+09	1.49899	0.749496	-92.4836	-117.695	-180.635	-185.846	-0.464685	0.158618	-0.363954	0.0457483	-0.264212	
0.00411582	5.05137e+09	1.5131	0.75655	-91.2124	-116.395	-179.136	-184.318	0.255185	-0.329602	-0.440287	-0.0742356	-0.0693631	
0.0037458	5.0702e+09	1.48452	0.742261	-91.0439	-116.224	-179.409	-184.589	-0.299198	0.204404	-0.0482731	-0.0294662	0.0189789	
0.00371244	5.06326e+09	1.46769	0.733844	-90.9288	-116.144	-179.321	-184.536	-0.363079	0.22654	0.240566	0.209591	-0.289847	
0.00369261	5.05696e+09	1.47477	0.737384	-91.0114	-116.19	-179.416	-184.594	0.171054	-0.21097	0.0632414	0.194549	0.288619	
0.00398855	5.0748e+09	1.50321	0.751603	-91.093	-116.314	-179.193	-184.414	-0.411775	0.390589	-0.433219	0.00941783	-0.523545	
0.00424191	5.04027e+09	1.52826	0.76413	-91.4418	-116.494	-179.215	-184.268	0.389086	-0.373167	-0.0108434	-1.09294	0.276896	
0.00371198	5.04835e+09	1.471	0.735502	-91.0437	-116.177	-179.411	-184.544	0.0485658	-0.189326	0.511488	-0.171854	0.300678	
0.00359198	5.08751e+09	1.47808	0.739039	-90.9645	-116.165	-179.541	-184.742	-0.470991	0.447179	-0.258939	0.186876	0.127181	
0.00414649	5.03409e+09	1.50255	0.751276	-91.2221	-116.39	-179.084	-184.251	0.508936	-0.408768	0.0810681	-0.214515	-0.272102	
0.00352932	5.06062e+09	1.45966	0.729831	-90.9586	-116.096	-179.566	-184.703	0.327223	-0.0134197	0.450765	0.034016	0.481511	
0.00346489	5.07917e+09	1.458	0.729002	-90.9026	-116.065	-179.622	-184.784	0.0927939	0.513164	0.348563	0.0540717	0.199504	
0.00387539	5.05645e+09	1.5012	0.7506	-91.2396	-116.337	-179.433	-184.531	0.0695511	-0.198412	0.000833354	-0.534199	0.481422	
0.00388578	5.04503e+09	1.47365	0.736827	-90.8284	-116.077	-178.991	-184.239	0.0367383	-0.259409	0.0690251	0.480893	-0.424101	
0.0036987	5.06965e+09	1.47081	0.735403	-90.9223	-116.144	-179.341	-184.563	-0.0535241	0.361673	0.0988497	0.236507	-0.313249	
0.00369824	5.06203e+09	1.47384	0.73692	-90.9787	-116.173	-179.385	-184.58	0.382306	0.0710223	0.0935744	0.188699	0.0138375	
0.00383805	5.06732e+09	1.50311	0.751554	-91.2292	-116.337	-179.484	-184.591	0.00689712	0.0124551	-0.164348	-0.493489	0.448989	
0.00342254	5.10525e+09	1.47152	0.735759	-90.9126	-116.107	-179.729	-184.924	-0.492732	0.757576	-0.360253	0.232178	0.311254	
0.00413469	5.05384e+09	1.51813	0.759063	-91.2333	-116.42	-179.141	-184.328	-0.36439	-0.503625	-0.661222	-0.00211606	0.102043	
0.00366317	5.04319e+09	1.44714	0.72357	-90.8659	-116.059	-179.281	-184.474	-0.144645	0.00848964	0.922509	0.155506	-0.268689	
0.00379877	5.05681e+09	1.47533	0.737667	-91.002	-116.193	-179.283	-184.474	0.082262	0.180731	0.309062	0.000384441	-0.299121	
0.00372547	5.0583e+09	1.4643	0.732148	-90.8812	-116.125	-179.249	-184.493	-0.291372	0.0342911	0.143443	0.476181	-0.337287	
0.00385915	5.04586e+09	1.48571	0.742853	-91.1256	-116.264	-179.319	-184.458	0.27112	-0.231595	0.299816	-0.251169	0.159449	
0.00365652	5.06735e+09	1.47984	0.73992	-91.06	-116.202	-179.525	-184.667	-0.286127	-0.00199563	0.052209	-0.102548	0.437824	
0.00399454	5.04533e+09	1.5045	0.752249	-91.2603	-116.369	-179.303	-184.412	-0.280007	-0.44561	0.0259267	-0.497677	0.362246	
0.00406918	5.06057e+09	1.49546	0.747728	-94.1452	-113.125	-182.134	-181.113	0.114929	0.157142	-0.392965	0.372383	-0.844884	
0.00412092	5.03658e+09	1.50297	0.751486	-91.2301	-116.371	-179.123	-184.264	-0.088116	-0.35772	0.190342	-0.430529	-0.155903	
0.00394616	5.04663e+09	1.48974	0.744872	-91.1001	-116.278	-179.198	-184.376	0.199852	-0.176776	0.125216	-0.0773773	-0.16482	
0.00380292	5.08295e+09	1.49805	0.749025	-91.1346	-116.281	-179.456	-184.602	0.115002	0.732318	-0.0593667	-0.500923	-0.162691	
0.0042302	5.04359e+09	1.51707	0.758533	-91.2413	-116.425	-179.032	-184.217	-0.605515	-0.576215	-0.448548	-0.0902594	-0.122717	
0.00394113	5.03978e+09	1.48789	0.743944	-91.1331	-116.283	-179.225	-184.375	-0.235781	-0.386425	0.301011	-0.222437	0.0506507	
0.0041269	5.0462e+09	1.51473	0.757367	-91.2884	-116.419	-179.191	-184.322	0.128434	-0.334746	-0.156574	-0.475761	0.0659811	
0.00408458	5.05235e+09	1.50617	0.753086	-91.1943	-116.359	-179.153	-184.318	-0.0612253	-0.0169862	-0.0647967	-0.334367	-0.311348	
0.00412079	5.03995e+09	1.49651	0.748257	-91.101	-116.319	-179	-184.218	-0.00332929	-0.35262	-0.0946862	0.141586	-0.498326	
0.00397666	5.05422e+09	1.49514	0.747568	-91.0888	-116.293	-179.167	-184.371	-0.0484514	-0.117463	-0.161623	0.068613	-0.257781	
0.00404008	5.05815e+09	1.5146	0.757302	-92.0688	-117.245	-180.085	-185.261	0.183126	-0.34721	-0.581526	-0.0801475	0.216949	
0.0038474	5.06804e+09	1.49689	0.748446	-91.0579	-116.291	-179.303	-184.536	-0.167769	-0.302625	-0.725873	0.478541	0.216957	
0.00395802	5.04396e+09	1.49141	0.745703	-91.1367	-116.293	-179.217	-184.373	-0.0141681	-0.251392	0.214855	-0.23494	-0.0466741	
0.00377877	5.04248e+09	1.46415	0.732076	-90.9806	-116.165	-179.26	-184.444	-0.279398	-0.133322	0.650284	0.0174376	-0.176356	
0.00397138	5.05997e+09	1.50351	0.751756	-91.1336	-116.331	-179.227	-184.425	0.497112	-0.122365	-0.427307	0.0777103	-0.0508037	
0.00381686	5.07653e+09	1.49684	0.748422	-91.1038	-116.277	-179.398	-184.571	0.379569	0.42903	-0.225104	-0.185062	-0.0803283	
0.00409997	5.07875e+09	1.51757	0.758787	-91.1436	-116.376	-179.131	-184.363	-0.452324	0.298409	-0.82592	0.0709847	-0.491369	
0.00412687	5.05977e+09	1.50835	0.754174	-91.0098	-116.26	-178.936	-184.187	0.00015283	-0.117067	-0.658123	0.316232	-0.500204	
0.00410994	5.048e+09	1.5109	0.755449	-91.2118	-116.386	-179.136	-184.31	0.416859	-0.340219	-0.32271	-0.125129	-0.0720926	
0.00388179	5.05864e+09	1.49067	0.745337	-91.1373	-116.329	-179.328	-184.519	-0.194791	-0.260414	-0.365091	0.346759	-0.0231782	
0.00366164	5.06542e+09	1.46759	0.733795	-90.9737	-116.128	-179.429	-184.584	-0.165193	0.428912	0.551014	-0.231769	-0.109088	
0.00379901	5.05206e+09	1.47729	0.738647	-91.1191	-116.283	-179.392	-184.555	-0.36275	-0.0490817	0.368128	-0.136739	-0.0205319	
0.00402636	5.06744e+09	1.51239	0.756195	-91.1805	-116.372	-179.227	-184.419	0.181228	0.0478827	-0.558936	-0.0707949	-0.128103	
0.00377261	5.06244e+09	1.48394	0.741969	-91.0367	-116.221	-179.358	-184.542	0.176908	0.0263335	-0.0363401	0.0624788	0.0437935	
0.00387817	5.05516e+09	1.48177	0.740884	-90.9738	-116.217	-179.162	-184.406	-0.0479758	-0.145971	-0.165444	0.429364	-0.316871	
0.00360857	5.08762e+09	1.49006	0.745028	-91.1178	-116.239	-179.675	-184.796	0.0135116	0.426862	-0.219169	-0.318652	0.529661	
0.00414552	5.06338e+09	1.51742	0.75871	-91.2466	-116.416	-179.16	-184.329	0.325654	0.265592	-0.321097	-0.408954	-0.452175	
0.00402505	5.06079e+09	1.51338	0.756691	-91.2446	-116.394	-179.281	-184.431	-0.105949	-0.155336	-0.403804	-0.298839	0.140619	
0.00351499	5.06753e+09	1.45906	0.729531	-90.928	-116.083	-179.565	-184.72	0.071349	0.174655	0.392309	0.0774869	0.329291	
0.00378761	5.08245e+09	1.49656	0.74828	-91.0729	-116.27	-179.411	-184.608	-0.453457	0.32415	-0.465119	0.033972	0.0132417	
0.00375753	5.0844e+09	1.48995	0.744975	-91.0589	-116.224	-179.435	-184.599	0.574356	0.926099	0.0626517	-0.389516	-0.369447	
0.0035946	5.07992e+09	1.47507	0.737533	-90.9885	-116.154	-179.549	-184.715	0.111564	0.493685	0.0777265	-0.0616598	0.116103	
0.00349693	5.10795e+09	1.48454	0.742272	-90.9825	-116.173	-179.711	-184.901	-0.0570473	0.790536	-0.584691	0.137009	0.323956	
0.00401046	5.06659e+09	1.50861	0.754303	-91.2374	-116.387	-179.3	-184.449	-0.0201054	0.342065	-0.109779	-0.520007	-0.267385	
0.00386257	5.06373e+09	1.50067	0.750335	-91.1894	-116.327	-179.41	-184.547	-0.186798	-0.0971748	-0.205173	-0.28469	0.330273	
0.00353638	5.07866e+09	1.46763	0.733816	-90.9211	-116.12	-179.551	-184.749	0.0397173	0.282284	-0.0589156	0.305006	0.210549	
0.00350868	5.07595e+09	1.4691	0.734552	-90.9576	-116.137	-179.616	-184.796	-0.0142117	-0.0109191	-0.172958	0.348931	0.576121	
0.00363913	5.06153e+09	1.47502	0.737509	-91.0436	-116.181	-179.519	-184.657	0.272246	-0.0674711	0.184173	-0.0658953	0.464525	
0.00376408	5.06247e+09	1.47777	0.738884	-90.9836	-116.199	-179.314	-184.53	-0.139978	0.0401638	-0.0337283	0.2594	-0.137152	
0.00389907	5.05078e+09	1.48923	0.744616	-91.1461	-116.335	-179.304	-184.493	0.210483	-0.224803	-0.0410483	0.0763819	-0.0486531	
0.00375777	5.06001e+09	1.47452	0.73726	-90.9501	-116.184	-179.284	-184.517	0.0550462	-0.0454181	-0.074882	0.429701	-0.163711	
0.00408971	5.03943e+09	1.50291	0.751455	-91.2014	-116.352	-179.132	-184.282	0.0965876	-0.349535	0.0986348	-0.348826	-0.10283	
0.00391756	5.07615e+09	1.50938	0.754692	-91.2095	-116.35	-179.39	-184.53	-0.54398	0.305954	-0.305399	-0.484038	0.0583182	
0.00361575	5.0792e+09	1.48052	0.740261	-91.0397	-116.188	-179.574	-184.721	0.0199651	0.390608	0.00916811	-0.161473	0.272787	
0.00374277	5.04009e+09	1.46561	0.732803	-91.1284	-116.313	-179.445	-184.63	0.321265	-0.400479	0.437721	0.212308	0.125699	
0.00379806	5.05837e+09	1.49015	0.745073	-91.1398	-116.273	-179.424	-184.558	-0.139207	-0.1493	0.0387738	-0.246679	0.353387	
0.00367375	5.06286e+09	1.46737	0.733683	-90.9127	-116.137	-179.35	-184.574	-0.69087	-0.0559172	0.0355132	0.416069	-0.0239363	
0.00386167	5.04956e+09	1.48674	0.743371	-91.1648	-116.285	-179.362	-184.482	-0.275518	-0.0828453	0.413459	-0.473862	0.126844	
0.00408593	5.04719e+09	1.50075	0.750373	-91.1225	-116.331	-179.071	-184.279	0.49248	-0.203243	-0.20263	0.0764335	-0.395611	
0.0041601	5.04086e+09	1.50348	0.751741	-90.9765	-116.177	-178.836	-184.036	-0.454557	-0.41519	-0.154337	-0.0101038	-0.371252	
0.00400309	5.04615e+09	1.49403	0.747013	-90.8642	-116.067	-178.899	-184.102	0.0909034	-0.303324	-0.099733	0.102234	-0.21814	
0.00421495	5.04298e+09	1.51445	0.757226	-88.4323	-113.069	-176.238	-180.875	-0.0277053	-0.286093	-0.144577	-0.365634	-0.288335	
0.00437733	5.0338e+09	1.51628	0.758139	-91.2587	-116.429	-178.885	-184.055	0.123922	-0.232106	-0.00127977	-0.415009	-0.756026	
0.00441294	5.034e+09	1.5247	0.76235	-91.2798	-116.468	-178.871	-184.058	0.410968	-0.569767	-0.443862	-0.129276	-0.461496	
0.00374746	5.06715e+09	1.48147	0.740736	-91.0072	-116.208	-179.365	-184.566	0.507106	0.211254	-0.0595469	0.141442	-0.100078	
0.00392336	5.04288e+09	1.49217	0.746085	-91.1656	-116.31	-179.283	-184.427	-0.132411	-0.473299	0.100823	-0.169961	0.240603	
0.00408014	5.05327e+09	1.51938	0.759691	-91.3571	-116.434	-179.322	-184.399	-0.0680245	-0.203799	-0.107472	-0.861629	0.342349	
0.00375765	5.06954e+09	1.48656	0.743278	-91.0083	-116.223	-179.358	-184.573	0.0618428	-0.0374169	-0.396049	0.34824	0.108954	
0.00382077	5.05414e+09	1.48344	0.741719	-91.0472	-116.237	-179.299	-184.488	0.662974	-0.0970254	0.016551	0.124589	-0.0314257	
0.00359056	5.06769e+09	1.46313	0.731565	-90.8495	-116.104	-179.394	-184.649	0.090844	-0.102387	-0.222062	0.767082	0.102881	
0.00407083	5.05587e+09	1.5148	0.7574	-91.327	-116.41	-179.306	-184.389	0.0487062	0.110348	0.094617	-0.939288	0.031057	
0.00402802	5.06856e+09	1.51404	0.757019	-91.1783	-116.376	-179.225	-184.422	0.0865197	-0.019683	-0.661929	-0.00891739	-0.0628247	
0.00391808	5.06781e+09	1.50085	0.750425	-91.1396	-116.328	-179.305	-184.494	-0.289202	0.081291	-0.338876	-0.0562011	-0.0796968	
0.00362544	5.07029e+09	1.47154	0.735771	-90.9408	-116.15	-179.448	-184.657	0.535482	0.168235	-0.0639128	0.340495	0.0751608	
0.00346736	5.06402e+09	1.44529	0.722643	-90.8414	-116.007	-179.531	-184.697	-0.280339	0.226303	0.702176	0.14288	0.181029	
