gen,idx,total_index,L5,NF5,NM5,W5,LCAP,NMCAP,WCAp,IRL,NML,NTL,L34,W34,NM34,NF34,VB,L12,NF12,NM12,W12,Fosc_Hz,PD_W,V1pk_V,V1rms_V,PN_100k_dBc,PN_1M_dBc,FOM_100k,FOM_1M,cost
0,0,1,4.897828e-07,1,7,9.547672e-06,6.758462e-06,9,8.272179e-06,3.04214e-05,1,3,4.807927e-07,6.020411e-06,7,4,0.8796904,2.654902e-07,2,6,8.516489e-06,4.049751e+09,0.005761481,1.384017,0.6920086,-82.45903,-110.3151,-167.0023,-174.8583,0.03010926
0,1,2,4.159724e-07,4,10,7.556908e-06,8.810287e-06,5,7.35531e-06,3.599101e-05,1,2,3.394193e-07,6.097937e-06,5,3,1.064041,4.843156e-07,5,8,8.027111e-06,4.602787e+09,0.01220267,1.525439,0.7627194,-90.18886,-116.6109,-172.5847,-179.0068,0.05248432
0,2,3,4.800572e-07,2,9,9.388278e-06,6.733447e-06,3,8.353848e-06,4.26978e-05,1,1,4.242444e-07,5.783623e-06,9,3,0.7823799,2.68444e-07,2,8,8.737248e-06,8.903282e+09,0.008847933,1.353433,0.6767166,-77.78693,-105.2058,-167.3095,-174.7284,0.5561304
0,3,4,3.807656e-07,2,9,5.627889e-06,6.802419e-06,9,8.452469e-06,3.116705e-05,1,6,4.004015e-07,7.093455e-06,8,4,0.8517594,3.151797e-07,2,7,5.46603e-06,1.880168e+09,0.008818767,1.88392,0.9419602,-100.5738,-123.467,-176.6037,-179.4968,0.4453249
0,4,5,4.401412e-07,4,6,7.881025e-06,5.112768e-06,9,5.709949e-06,3.189018e-05,1,5,3.793107e-07,9.548206e-06,5,4,1.078712,2.512967e-07,1,8,9.566481e-06,2.639644e+09,0.01338443,2.00245,1.001225,-94.915,-119.4082,-172.0799,-176.5731,0.4395413
0,5,6,2.38425e-07,3,8,9.356663e-06,9.123568e-06,2,8.513472e-06,3.101691e-05,1,9,3.282393e-07,7.904108e-06,8,2,1.065729,2.663653e-07,2,8,7.059406e-06,1.394373e+09,0.01458057,2.104408,1.052204,-91.57069,-117.202,-162.8205,-168.4518,0.8840218
0,6,7,3.227646e-07,4,9,5.344926e-06,8.296284e-06,10,9.163636e-06,3.779457e-05,1,10,4.943943e-07,5.575181e-06,6,3,1.035946,1.834765e-07,2,9,8.567792e-06,8.928626e+08,0.009477802,2.006131,1.003066,-101.633,-125.6202,-170.8816,-174.8688,0.7826221
0,7,8,2.645004e-07,2,8,8.636558e-06,8.845255e-06,4,5.281942e-06,3.941342e-05,1,5,1.985903e-07,9.848815e-06,9,4,1.133164,4.754058e-07,3,9,8.779353e-06,1.740598e+09,0.02867011,2.080438,1.040219,-94.21517,-120.033,-164.4548,-170.2727,4.051204
0,8,9,4.541426e-07,1,9,9.19589e-06,5.735951e-06,9,6.138414e-06,4.56525e-05,1,5,3.346363e-07,7.883886e-06,9,4,0.8269864,3.183285e-07,3,7,7.443325e-06,1.863128e+09,0.006629415,1.802007,0.9010036,-92.8891,-119.4403,-170.0792,-176.6304,0.4246517
0,9,10,4.715807e-07,1,9,9.846422e-06,9.93358e-06,8,8.884974e-06,4.676385e-05,1,3,3.93954e-07,7.149278e-06,6,4,0.8142057,4.807474e-07,4,10,5.837592e-06,2.720011e+09,0.00626557,1.349541,0.6747706,-81.01356,-109.1712,-161.7354,-169.893,0.1979323
0,10,11,3.817841e-07,4,8,5.569069e-06,7.175151e-06,4,8.926409e-06,4.212222e-05,1,3,2.008583e-07,6.17163e-06,6,1,0.8089544,2.140079e-07,1,9,9.416348e-06,5.094814e+09,0.007907374,1.894835,0.9474173,-89.9094,-115.389,-175.0716,-180.5513,0.0692864
0,11,12,4.702539e-07,3,6,7.878249e-06,9.928463e-06,3,6.382051e-06,3.256744e-05,1,2,2.1949e-07,6.676218e-06,9,5,1.174648,4.58e-07,3,6,8.270158e-06,5.282095e+09,0.01915656,1.851885,0.9259426,-93.25994,-117.6296,-174.8929,-179.2626,0.8947336
0,12,13,1.872962e-07,1,9,5.439915e-06,6.185172e-06,1,5.850592e-06,3.736089e-05,1,3,2.599667e-07,5.031833e-06,6,4,0.8101192,4.109322e-07,4,7,9.990366e-06,3.945979e+09,0.007232418,1.633005,0.8165026,-68.74636,-97.61706,-152.0766,-160.9473,5.724158
0,13,14,4.743351e-07,3,6,5.216017e-06,9.322284e-06,9,5.124314e-06,4.61624e-05,1,5,2.008536e-07,7.000758e-06,7,1,0.8759928,3.567475e-07,2,6,8.612272e-06,2.409019e+09,0.006706652,1.893061,0.9465303,-95.24553,-120.4566,-174.6173,-179.8283,0.3270986
0,14,15,3.953455e-07,3,10,9.614253e-06,7.13135e-06,2,8.642917e-06,4.119737e-05,1,6,4.748339e-07,9.135869e-06,7,3,1.177324,3.34563e-07,2,9,7.539361e-06,1.807567e+09,0.0141162,2.055782,1.027891,-97.36277,-120.9338,-171.0075,-174.5785,0.7050152
0,15,16,2.194066e-07,3,10,5.941565e-06,9.866248e-06,5,6.280944e-06,3.506467e-05,1,6,3.560127e-07,8.44284e-06,6,5,1.042496,2.302094e-07,3,9,9.427438e-06,1.571372e+09,0.0247717,2.065435,1.032718,-94.75592,-120.5265,-164.7419,-170.5125,2.785593
0,16,17,4.859461e-07,3,7,9.387188e-06,7.068518e-06,9,6.640033e-06,3.726623e-05,1,7,2.408926e-07,9.18092e-06,9,4,1.103524,4.854372e-07,4,6,6.053401e-06,nil,0.02033339,nil,nil,nil,nil,1e+12,1e+12,3e+12
0,17,18,4.967585e-07,2,9,7.699551e-06,9.270336e-06,1,7.549267e-06,4.008119e-05,1,9,2.636764e-07,5.241125e-06,9,4,0.9541746,4.166674e-07,2,6,5.337961e-06,1.37095e+09,0.01040263,2.104737,1.052369,-94.02776,-118.2705,-166.5968,-170.8395,0.6828663
0,18,19,3.800108e-07,4,9,9.076615e-06,7.317598e-06,5,7.89355e-06,3.498256e-05,1,4,3.235245e-07,8.209873e-06,7,3,0.9361893,4.504407e-07,3,7,6.774903e-06,2.911469e+09,0.01564424,1.982818,0.9914092,-97.45061,-120.5948,-174.7893,-177.9335,0.5868723
0,19,20,4.910848e-07,3,6,6.168143e-06,8.152746e-06,2,5.408236e-06,3.168541e-05,1,4,3.026542e-07,9.651865e-06,10,1,1.038449,4.307923e-07,3,6,6.812181e-06,3.943297e+09,0.008874793,1.919293,0.9596467,-93.6963,-117.1684,-176.1319,-179.6041,0.1162572
0,20,21,4.114488e-07,3,8,5.858958e-06,5.95535e-06,10,8.929024e-06,4.209648e-05,1,3,1.878115e-07,5.91554e-06,6,3,0.9498699,3.270893e-07,2,8,7.706506e-06,3.589512e+09,0.01348267,1.914003,0.9570016,-93.78786,-119.2532,-173.5908,-179.0561,0.2689946
0,21,22,2.828977e-07,3,9,8.524248e-06,6.802522e-06,9,8.577397e-06,3.003004e-05,1,3,2.18177e-07,9.99618e-06,10,4,1.054659,2.071034e-07,4,8,9.352515e-06,3.039334e+09,0.04173254,2.018232,1.009116,-93.6716,-119.5848,-167.1224,-173.0356,10.3331
0,22,23,3.285736e-07,3,6,7.443518e-06,8.356273e-06,4,5.477195e-06,3.23082e-05,1,4,3.984833e-07,6.756846e-06,8,1,0.856218,2.949211e-07,3,5,5.37304e-06,4.42894e+09,0.005538075,1.796516,0.8982578,-91.90046,-116.0651,-177.3929,-181.5576,0.04831813
0,23,24,3.319674e-07,4,6,7.971006e-06,8.625748e-06,3,6.312999e-06,3.804337e-05,1,2,1.999e-07,5.661724e-06,8,3,0.8655299,2.040207e-07,2,8,5.852519e-06,6.881421e+09,0.01676579,1.984141,0.9920703,-86.17756,-112.5328,-170.6869,-177.0421,0.6839428
0,24,25,2.878395e-07,3,8,5.098794e-06,8.84292e-06,2,5.663252e-06,3.009248e-05,1,6,2.099961e-07,7.956213e-06,5,4,1.134966,3.960465e-07,3,5,9.688726e-06,2.278941e+09,0.01829758,2.085785,1.042892,-91.30385,-116.8811,-165.8346,-171.4119,1.127135
0,25,26,4.830302e-07,2,5,5.045784e-06,7.134048e-06,7,7.797455e-06,4.367086e-05,1,8,2.730207e-07,9.458715e-06,6,4,0.9277367,2.241078e-07,3,8,6.352436e-06,1.201625e+09,0.005714212,1.917829,0.9589146,-98.21496,-122.5721,-172.2408,-176.5979,0.64727
0,26,27,3.339561e-07,1,9,7.874252e-06,8.30177e-06,10,6.972508e-06,4.031667e-05,1,9,3.555062e-07,7.851841e-06,9,4,1.033582,4.665372e-07,2,6,7.274599e-06,9.429653e+08,0.01052062,2.022893,1.011447,-100.9509,-124.9939,-170.2204,-174.2634,0.7763792
0,27,28,4.850477e-07,5,6,6.219819e-06,9.446694e-06,4,9.759342e-06,3.568619e-05,1,5,4.477715e-07,8.812007e-06,10,5,1.037521,3.349825e-07,3,8,9.39411e-06,1.640721e+09,0.0196757,1.977756,0.9888779,-102.5457,-125.4606,-173.9071,-176.822,1.480074
0,28,29,2.062673e-07,2,9,8.15271e-06,8.997017e-06,7,7.367318e-06,3.85917e-05,1,8,4.059013e-07,5.273724e-06,8,4,0.8808349,4.809384e-07,3,8,9.461505e-06,1.071158e+09,0.01373801,2.032052,1.016026,-100.4042,-124.6806,-169.622,-173.8984,0.8761203
0,29,30,4.606993e-07,2,7,8.569857e-06,9.495686e-06,3,8.099345e-06,4.076144e-05,1,3,2.23035e-07,7.966351e-06,6,2,0.9351276,4.675992e-07,2,6,6.861056e-06,4.628315e+09,0.00898007,1.90314,0.9515701,-92.75978,-116.855,-176.5354,-180.6307,0.0753063
0,30,31,3.696026e-07,4,6,6.492248e-06,8.851805e-06,8,5.009934e-06,3.12221e-05,1,6,4.058965e-07,8.223041e-06,7,4,1.18437,2.395264e-07,4,6,9.029445e-06,1.730695e+09,0.01845915,2.025064,1.012532,-98.28395,-122.3827,-170.3862,-174.485,1.256449
0,31,32,2.695589e-07,5,10,7.071779e-06,7.515564e-06,3,8.889377e-06,4.829015e-05,1,9,1.896955e-07,7.65587e-06,8,4,1.040961,4.461619e-07,3,7,9.168714e-06,nil,0.0318224,nil,nil,nil,nil,1e+12,1e+12,3e+12
0,32,33,3.647617e-07,2,7,6.416535e-06,9.276851e-06,9,5.629847e-06,4.641273e-05,1,9,1.851299e-07,9.462815e-06,6,5,1.148058,3.598389e-07,3,6,6.69936e-06,nil,0.01725085,nil,nil,nil,nil,1e+12,1e+12,3e+12
0,33,34,2.899179e-07,2,6,6.868959e-06,9.174622e-06,8,5.598532e-06,3.963009e-05,1,7,4.807869e-07,7.397376e-06,6,2,1.158636,3.389342e-07,1,9,8.113194e-06,1.736559e+09,0.006501465,1.930052,0.9650259,-99.5926,-122.4736,-176.2563,-179.1373,0.4989971
0,34,35,4.445529e-07,5,7,9.213793e-06,8.939862e-06,7,8.84316e-06,4.34509e-05,1,3,4.415464e-07,7.699586e-06,8,1,1.119264,4.727691e-07,5,8,5.173049e-06,3.189005e+09,0.006789294,1.494295,0.7471474,-93.86234,-119.2659,-175.6172,-181.0208,0.1219286
0,35,36,3.200038e-07,2,8,6.887355e-06,8.798859e-06,9,7.640961e-06,4.335706e-05,1,6,3.325082e-07,5.016308e-06,7,2,0.9721513,2.452064e-07,2,6,9.86201e-06,1.827139e+09,0.00839367,1.927647,0.9638237,-99.46777,-123.0134,-175.4637,-179.0094,0.4745535
0,36,37,4.464048e-07,2,6,8.249238e-06,9.358402e-06,7,8.854653e-06,4.384536e-05,1,8,2.845862e-07,8.303227e-06,6,3,0.8990566,3.534147e-07,2,6,5.350565e-06,1.269392e+09,0.008316406,1.999559,0.9997794,-100.006,-123.3264,-172.8785,-176.1989,0.6599079
0,37,38,1.91121e-07,3,8,7.556706e-06,7.995377e-06,10,9.416693e-06,3.18549e-05,1,1,2.518282e-07,5.7079e-06,9,3,0.8902201,3.482147e-07,3,5,6.483008e-06,7.725231e+09,0.0164019,1.49246,0.7462301,-92.53474,-117.2664,-178.144,-182.8757,0.6748122
0,38,39,2.184559e-07,4,5,7.235034e-06,6.547065e-06,3,5.270676e-06,4.2813e-05,1,5,4.53869e-07,9.000116e-06,7,3,0.9319889,4.894815e-07,1,7,9.252342e-06,2.44452e+09,0.009618782,2.00657,1.003285,-98.45274,-120.7753,-176.3854,-178.708,0.3651701
0,39,40,2.259119e-07,3,9,6.839688e-06,8.402927e-06,8,9.62082e-06,4.984371e-05,1,4,1.847737e-07,7.959365e-06,7,4,1.026936,4.741608e-07,5,9,9.866939e-06,nil,nil,nil,nil,nil,nil,1e+12,1e+12,4e+12
0,40,41,3.763996e-07,3,7,7.347947e-06,6.666678e-06,9,9.606219e-06,4.475511e-05,1,10,2.144265e-07,8.339051e-06,6,4,1.002714,3.346834e-07,2,7,7.037749e-06,nil,0.01681618,nil,nil,nil,nil,1e+12,1e+12,3e+12
0,41,42,2.821951e-07,4,9,6.671388e-06,6.091661e-06,3,9.989816e-06,4.667489e-05,1,10,3.83887e-07,5.622534e-06,8,2,0.9835186,1.97408e-07,3,7,9.878219e-06,9.948919e+08,0.01162105,2.100561,1.050281,-95.47905,-120.8079,-164.7821,-170.1109,0.8217243
0,42,43,2.57296e-07,2,10,6.745665e-06,9.271472e-06,2,9.978608e-06,3.831763e-05,1,4,4.190621e-07,9.770003e-06,8,2,1.07113,4.924904e-07,3,10,9.872479e-06,2.393174e+09,0.01379751,1.897666,0.9488332,-99.72277,-122.5981,-175.9042,-178.7796,0.476226
0,43,44,3.161936e-07,1,10,5.313759e-06,6.105567e-06,6,6.166055e-06,4.480087e-05,1,8,2.149395e-07,7.802059e-06,10,2,0.978613,2.848604e-07,2,8,6.617052e-06,1.419834e+09,0.009180667,2.059371,1.029685,-92.17065,-118.2554,-165.5867,-171.6714,0.6435028
0,44,45,3.610707e-07,1,8,6.564575e-06,5.357729e-06,4,8.432216e-06,4.570334e-05,1,4,4.138096e-07,6.197947e-06,9,4,0.8333161,4.253314e-07,1,9,9.999358e-06,2.723092e+09,0.005101919,1.699236,0.8496182,-83.91167,-111.9427,-165.5356,-173.5667,0.2150154
0,45,46,4.32294e-07,2,9,9.488023e-06,9.303476e-06,7,5.966373e-06,3.737448e-05,1,4,4.807419e-07,6.832662e-06,10,1,0.7557772,2.510399e-07,2,7,9.542214e-06,3.207294e+09,0.005750558,1.686879,0.8434397,-95.69358,-119.6007,-178.2193,-182.1263,0.1348576
0,46,47,4.725044e-07,3,6,8.223656e-06,9.030409e-06,9,7.359964e-06,4.982458e-05,1,6,4.061581e-07,8.285936e-06,7,1,0.9273291,2.460452e-07,4,6,6.998329e-06,1.645023e+09,0.006485799,1.853006,0.926503,-101.3811,-124.497,-177.5849,-180.7008,0.4966531
0,47,48,2.556629e-07,2,9,5.881325e-06,7.59576e-06,7,6.168142e-06,4.06398e-05,1,4,4.466845e-07,8.912158e-06,6,3,1.18613,4.748304e-07,2,9,6.966688e-06,2.682375e+09,0.0109246,1.914067,0.9570337,-99.46177,-121.9313,-177.6481,-180.1176,0.2895751
0,48,49,2.431016e-07,3,10,9.519683e-06,5.87168e-06,3,9.554819e-06,4.136801e-05,1,8,3.969275e-07,9.142745e-06,5,4,1.007154,2.412473e-07,2,6,7.125131e-06,1.365554e+09,0.01534343,2.10264,1.05132,-92.50769,-118.0303,-163.3546,-168.8773,0.9672299
0,49,50,4.621313e-07,1,9,8.575247e-06,9.399314e-06,2,5.574655e-06,4.698082e-05,1,4,4.068397e-07,6.8943e-06,8,2,0.8816545,3.150476e-07,3,8,6.664938e-06,3.021228e+09,0.006438489,1.876588,0.9382941,-94.31672,-118.4465,-175.8325,-179.9623,0.2100436
1,0,51,4.195185e-07,2,8,5.088219e-06,7.530549e-06,9,5.360686e-06,5e-05,1,2,5e-07,9.179437e-06,5,2,1.08925,4.606063e-07,3,6,6.923934e-06,4.823562e+09,0.00618238,1.49381,0.746905,-92.52304,-116.6806,-178.2788,-182.4364,0.0002433481
1,1,52,1.815082e-07,3,10,5.663923e-06,7.770116e-06,4,7.045604e-06,3.904124e-05,1,2,3.394193e-07,6.097937e-06,5,2,1.068996,4.503328e-07,1,10,8.027111e-06,6.932921e+09,0.007032292,1.69904,0.8495199,-90.47376,-115.0008,-178.8211,-183.3482,0.1467732
1,2,53,4.800572e-07,3,5,7.425734e-06,6.130643e-06,6,5e-06,3.968814e-05,1,6,4.245565e-07,8.58784e-06,9,3,1.034783,4.226623e-07,2,6,8.997076e-06,1.794076e+09,0.01056921,2.003404,1.001702,-100.2321,-122.8069,-175.0685,-177.6433,0.5176505
1,3,54,2.196962e-07,3,10,8.616069e-06,6.802419e-06,4,8.097544e-06,4.656295e-05,1,6,1.8e-07,1e-05,8,4,1.040974,5e-07,5,7,1e-05,1.075823e+09,0.04166114,2.103529,1.051765,-92.04028,-119.2103,-156.4778,-163.6478,10.79526
1,4,55,4.401412e-07,4,5,7.881025e-06,1e-05,10,8.991375e-06,4.53045e-05,1,4,3.793107e-07,7.116736e-06,7,1,0.9244775,4.859653e-07,5,6,9.566481e-06,2.032618e+09,0.006232599,1.438036,0.7190181,-96.40954,-122.2581,-174.624,-180.4725,0.3424355
1,5,56,5e-07,3,7,6.31981e-06,1e-05,1,8.452144e-06,4.144459e-05,1,10,4.560653e-07,8.485264e-06,10,2,1.082289,2.663653e-07,2,9,7.059406e-06,nil,0.01093099,nil,nil,nil,nil,1e+12,1e+12,3e+12
1,6,57,4.821294e-07,5,9,9.372923e-06,9.993626e-06,2,9.571905e-06,3.779457e-05,1,7,4.986073e-07,1e-05,8,3,1.2,2.713188e-07,2,8,7.115687e-06,1.449306e+09,0.01613591,2.070494,1.035247,-96.6987,-121.2137,-167.844,-172.3589,1.017075
1,7,58,4.258276e-07,2,6,1e-05,1e-05,2,6.269958e-06,3.790624e-05,1,2,1.985903e-07,9.848815e-06,7,3,0.9747305,4.754058e-07,3,5,5e-06,6.340586e+09,0.01203003,1.856619,0.9283095,-90.66387,-115.1716,-175.9038,-180.4115,0.156905
1,8,59,2.946027e-07,1,9,7.813424e-06,1e-05,9,1e-05,5e-05,1,5,2.383101e-07,7.846004e-06,6,2,0.8269864,2.820942e-07,3,8,7.607232e-06,1.710592e+09,0.007713153,1.829351,0.9146756,-99.41145,-124.0861,-175.2021,-179.8767,0.4718802
1,9,60,2.030366e-07,4,9,6.963479e-06,6.524187e-06,7,1e-05,4.676385e-05,1,1,2.628381e-07,5e-06,9,1,0.75,2.46133e-07,2,7,8.384899e-06,8.80198e+09,0.008438823,1.301561,0.6507806,-84.45527,-111.8633,-174.0841,-181.4921,0.5268995
1,10,61,2.88878e-07,2,8,5.911724e-06,7.707202e-06,1,5e-06,3e-05,1,1,2.022563e-07,6.17163e-06,6,5,1.112392,2.140079e-07,1,7,1e-05,1.251322e+10,0.0166604,1.859171,0.9295853,-83.12339,-109.3348,-172.8539,-179.0653,2.613819
1,11,62,4.702539e-07,3,9,6.015892e-06,8.41218e-06,1,9.016652e-06,4.826582e-05,1,2,3.059302e-07,6.676218e-06,10,3,0.9873051,2.395445e-07,2,6,7.510282e-06,5.654279e+09,0.0141069,1.965139,0.9825697,-89.53351,-114.731,-173.0867,-178.2843,0.2766357
1,12,63,2.145308e-07,3,8,5.439915e-06,6.185172e-06,1,6.849751e-06,4.49359e-05,1,10,5e-07,5.497434e-06,9,3,0.8753759,3.258505e-07,4,8,9.557595e-06,nil,0.01187929,nil,nil,nil,nil,1e+12,1e+12,3e+12
1,13,64,4.080694e-07,3,7,7.234655e-06,8.122319e-06,10,1e-05,4.325792e-05,1,5,4.667646e-07,5.969477e-06,7,1,0.8974987,4.684897e-07,5,7,8.612272e-06,1.718462e+09,0.00461879,1.334963,0.6674815,-95.44018,-121.4139,-173.4977,-179.4715,0.421582
1,14,65,1.8e-07,4,5,7.412439e-06,7.102404e-06,2,8.642917e-06,4.944393e-05,1,4,4.862672e-07,9.135869e-06,6,2,1.166048,5e-07,1,8,1e-05,3.117993e+09,0.007635202,1.945031,0.9725154,-96.5307,-118.9928,-177.58,-180.0421,0.2202827
1,15,66,4.773718e-07,3,9,6.815517e-06,9.691361e-06,10,5e-06,3e-05,1,10,3.560127e-07,8.44284e-06,9,5,1.091643,2.161024e-07,5,5,7.121664e-06,7.362668e+08,0.02212269,2.082524,1.041262,-97.16421,-122.7731,-161.0565,-166.6654,2.342473
1,16,67,2.655558e-07,5,10,9.387188e-06,7.068518e-06,6,7.699472e-06,3.726623e-05,1,1,2.77038e-07,9.39494e-06,9,4,1.045111,3.480229e-07,4,8,9.576268e-06,6.22547e+09,0.03924988,1.822553,0.9112767,-93.73678,-118.2666,-173.6818,-178.2117,8.650494
1,17,68,4.967585e-07,2,9,6.06449e-06,9.270336e-06,10,7.549267e-06,4.008119e-05,1,3,1.8e-07,5.241125e-06,6,5,0.9102651,4.166674e-07,5,8,8.67075e-06,2.736977e+09,0.01097998,1.605594,0.8027972,-86.45341,-114.207,-164.7928,-172.5464,0.2094224
1,18,69,3.800108e-07,3,8,6.903442e-06,1e-05,9,9.25299e-06,4.447982e-05,1,3,2.530748e-07,5.394981e-06,10,2,0.7993573,4.504407e-07,5,5,7.823678e-06,2.833829e+09,0.01090793,1.736229,0.8681145,-97.7393,-122.2984,-176.4094,-180.9685,0.2108486
1,19,70,3.990751e-07,5,8,1e-05,8.302368e-06,2,9.580029e-06,3.951012e-05,1,4,1.8e-07,8.968688e-06,9,4,0.8441592,2.630319e-07,4,6,8.444982e-06,2.454724e+09,0.03221774,2.09121,1.045605,-91.10509,-117.0559,-163.8242,-169.775,5.340661
1,20,71,2.517047e-07,4,8,5.858958e-06,1e-05,10,8.929024e-06,3.187848e-05,1,10,4.303935e-07,8.073432e-06,6,3,1.11523,3.270893e-07,1,9,6.689203e-06,9.156212e+08,0.0100663,2.007348,1.003674,-101.3064,-125.1031,-170.512,-174.3087,0.7756392
1,21,72,5e-07,2,9,6.161831e-06,9.678625e-06,2,9.161216e-06,3.003004e-05,1,1,2.671601e-07,9.99618e-06,10,4,0.9342654,2.071034e-07,3,5,9.352515e-06,8.40355e+09,0.01217701,1.273529,0.6367647,-75.35359,-103.4927,-162.9874,-171.1266,0.4669803
1,22,73,3.285736e-07,1,6,1e-05,1e-05,9,7.04082e-06,3.928512e-05,1,1,3.628266e-07,7.482061e-06,5,5,0.8705713,2.949211e-07,5,10,5e-06,6.986025e+09,0.007447709,0.8081467,0.4040733,-76.98392,-105.3927,-165.1483,-173.5571,0.1367585
1,23,74,4.889915e-07,3,7,5.933625e-06,9.649987e-06,6,1e-05,3.804337e-05,1,2,1.999e-07,1e-05,9,5,0.8655299,2.040207e-07,2,5,8.432454e-06,4.376909e+09,0.01092231,1.485574,0.7427868,-83.04519,-110.9074,-165.4854,-173.3476,0.01990289
1,24,75,3.846061e-07,4,5,6.996996e-06,1e-05,6,6.897111e-06,4.048357e-05,1,5,4.50851e-07,7.497008e-06,6,1,0.9477911,2.2966e-07,4,5,5.549129e-06,2.63485e+09,0.004874374,1.722068,0.861034,-96.36204,-120.4031,-177.898,-181.939,0.2356161
1,25,76,1.8e-07,2,10,5.211198e-06,5e-06,1,7.797455e-06,3.35838e-05,1,7,2.620481e-07,6.427259e-06,5,4,0.9451831,2.432821e-07,3,5,1e-05,2.004413e+09,0.01611914,2.106234,1.053117,-86.54605,-113.6522,-160.5124,-167.6186,0.8869866
1,26,77,3.179555e-07,3,7,5.73727e-06,8.191981e-06,10,7.904848e-06,4.54702e-05,1,4,3.555062e-07,9.241185e-06,6,4,1.041835,4.665372e-07,2,6,6.762375e-06,2.294727e+09,0.01194499,1.918594,0.959297,-101.6426,-123.914,-178.0854,-180.3568,0.3983985
1,27,78,5e-07,2,7,5.942932e-06,9.446694e-06,9,7.449958e-06,3.121432e-05,1,3,1.8e-07,9.61638e-06,10,5,0.7736444,1.8e-07,3,5,7.730408e-06,3.505933e+09,0.004728073,0.9718589,0.4859294,-80.18375,-108.151,-164.333,-172.3002,0.08094227
1,28,79,4.904088e-07,4,6,6.477046e-06,1e-05,10,6.714591e-06,3.236994e-05,1,6,4.172702e-07,6.953055e-06,6,2,1.124458,1.8e-07,5,5,5.3931e-06,1.952446e+09,0.008687984,1.853132,0.9265659,-98.75854,-122.966,-175.1809,-179.3884,0.4172754
1,29,80,2.995887e-07,1,7,5e-06,9.495686e-06,2,9.016555e-06,4.137551e-05,1,2,1.8e-07,7.302041e-06,7,5,0.8166376,3.473019e-07,3,7,1e-05,5.502726e+09,0.003903393,1.040117,0.5200587,-68.20594,-96.9168,-157.1031,-165.8139,9.512376
1,30,81,4.796409e-07,3,8,6.730426e-06,9.814811e-06,9,5e-06,3e-05,1,10,3.560127e-07,1e-05,10,4,0.9960088,1.8e-07,4,5,6.463424e-06,nil,0.01834147,nil,nil,nil,nil,1e+12,1e+12,3e+12
1,31,82,3.093743e-07,5,8,5.929231e-06,8.446511e-06,10,5.891097e-06,4.121671e-05,1,5,3.82943e-07,8.634338e-06,8,4,0.7873942,3.113267e-07,1,5,9.168714e-06,2.002086e+09,0.01193693,1.95837,0.9791849,-99.77589,-123.0872,-175.0366,-178.3479,0.4806629
1,32,83,2.155164e-07,2,10,6.289749e-06,6.196813e-06,9,5.629847e-06,4.641273e-05,1,10,4.028765e-07,6.943097e-06,10,1,1.003639,1.8e-07,3,7,9.1156e-06,nil,0.008846158,nil,nil,nil,nil,1e+12,1e+12,3e+12
1,33,84,2.899179e-07,2,5,5e-06,5.383308e-06,8,5.598532e-06,3.932565e-05,1,7,2.167824e-07,7.397376e-06,5,2,1.158636,3.389342e-07,3,9,8.113194e-06,1.623592e+09,0.01026664,2.027597,1.013798,-95.61063,-121.0947,-169.7059,-175.19,0.5715249
1,34,85,4.445529e-07,2,6,6.597707e-06,7.418377e-06,3,8.799786e-06,4.316611e-05,1,2,2.282979e-07,1e-05,10,5,0.8027578,4.04e-07,5,8,1e-05,3.974339e+09,0.005866292,0.9885784,0.4942892,-74.66845,-103.0273,-158.9701,-167.329,0.03568714
1,35,86,3.200038e-07,1,6,6.887355e-06,1e-05,9,8.61374e-06,4.29527e-05,1,9,3.282531e-07,5.995325e-06,5,2,0.9721513,4.488196e-07,3,6,9.86201e-06,9.8189e+08,0.005412702,1.878713,0.9393564,-104.2017,-127.2943,-176.7089,-179.8014,0.7031267
1,36,87,4.464048e-07,2,7,5.89781e-06,7.029612e-06,10,5.309108e-06,4.955752e-05,1,10,2.845862e-07,7.922447e-06,10,1,0.922264,1.8e-07,2,5,7.381013e-06,nil,0.007303286,nil,nil,nil,nil,1e+12,1e+12,3e+12
1,37,88,1.91121e-07,3,7,1e-05,1e-05,6,6.290716e-06,4.578935e-05,1,2,3.540568e-07,8.559006e-06,8,1,0.8902201,4.219538e-07,4,5,6.051623e-06,5.298071e+09,0.008234655,1.644936,0.8224678,-92.43675,-117.2041,-177.7627,-182.53,0.0108445
1,38,89,2.135716e-07,1,10,5.197017e-06,7.59576e-06,6,6.351272e-06,4.006253e-05,1,3,3.583194e-07,9.000116e-06,7,4,1.098546,4.499632e-07,2,8,5.746727e-06,3.521848e+09,0.01137475,1.874632,0.937316,-97.36069,-120.699,-177.7367,-181.075,0.1603814
1,39,90,2.984934e-07,5,9,5e-06,8.912558e-06,10,8.987788e-06,4.679714e-05,1,5,3.821216e-07,5e-06,10,4,0.75,3.355853e-07,5,9,1e-05,1.374784e+09,0.0149327,1.909733,0.9548665,-103.0677,-126.7165,-174.091,-177.7398,0.8355115
1,40,91,2.863829e-07,1,7,6.934689e-06,6.666678e-06,7,5.364312e-06,4.886227e-05,1,10,2.742198e-07,6.614318e-06,8,4,1.002714,3.894362e-07,2,9,5e-06,nil,0.009082901,nil,nil,nil,nil,1e+12,1e+12,3e+12
1,41,92,4.199759e-07,3,9,6.671388e-06,5e-06,7,1e-05,4.667489e-05,1,1,1.8e-07,5e-06,5,1,0.75,3.092263e-07,1,10,9.878219e-06,9.890349e+09,0.006128425,1.21624,0.6081201,-80.0878,-108.4355,-172.1185,-180.4663,0.8822547
1,42,93,4.570204e-07,3,10,6.680805e-06,9.271472e-06,1,1e-05,3.422375e-05,1,1,4.190621e-07,8.354748e-06,7,3,0.9149438,4.924904e-07,3,10,9.872479e-06,7.619583e+09,0.01294132,1.299328,0.6496638,-84.62741,-110.5112,-171.1462,-177.0301,0.3305852
1,43,94,3.161936e-07,2,6,8.369725e-06,6.105567e-06,3,7.315532e-06,3.93668e-05,1,5,2.149395e-07,8.025872e-06,10,5,0.978613,4.70671e-07,1,8,9.968036e-06,2.123678e+09,0.01443595,2.009421,1.00471,-97.43807,-120.9904,-172.3854,-175.9377,0.6331459
1,44,95,5e-07,3,7,6.621844e-06,7.996142e-06,4,1e-05,4.656092e-05,1,1,1.8e-07,6.197947e-06,9,5,0.75,4.820546e-07,5,9,9.797339e-06,6.512656e+09,0.006846861,0.8190735,0.4095367,-75.07818,-103.1824,-162.9984,-171.1026,0.07672424
1,45,96,1.912779e-07,5,5,5.18644e-06,9.303476e-06,1,1e-05,5e-05,1,2,4.661729e-07,8.290502e-06,7,1,1.2,4.448512e-07,1,7,1e-05,6.978573e+09,0.00506179,1.693026,0.846513,-88.92777,-113.0689,-178.7601,-182.9012,0.1522395
1,46,97,4.725044e-07,3,6,8.223656e-06,1e-05,10,6.55502e-06,4.982458e-05,1,5,4.061581e-07,7.713215e-06,6,4,1.012722,2.425372e-07,4,5,5e-06,1.787772e+09,0.01194586,1.974651,0.9873253,-100.2853,-123.7876,-174.5594,-178.0616,0.5414079
1,47,98,2.556629e-07,2,5,5.968562e-06,7.59576e-06,10,5e-06,4.06398e-05,1,8,4.526216e-07,7.999987e-06,6,4,1.18613,4.892333e-07,2,7,6.966688e-06,1.226693e+09,0.009600896,2.021791,1.010896,-100.9942,-124.124,-172.9458,-176.0756,0.682989
1,48,99,2.431016e-07,3,9,8.257991e-06,6.982949e-06,2,5.714851e-06,3e-05,1,1,3.080992e-07,7.533148e-06,9,4,0.938665,2.412473e-07,3,6,7.177597e-06,9.269577e+09,0.02336432,1.816066,0.908033,-88.09928,-113.5099,-173.7549,-179.1656,2.498861
1,49,100,3.648846e-07,4,6,6.787986e-06,8.474991e-06,8,5.229205e-06,3.44515e-05,1,6,4.799885e-07,8.368205e-06,6,2,1.2,3.275246e-07,3,8,9.264591e-06,1.84261e+09,0.009445452,1.889092,0.9445461,-100.2785,-123.1339,-175.835,-178.6903,0.4566082
2,0,101,2.006859e-07,1,10,5e-06,5.939175e-06,8,5.360686e-06,5e-05,1,7,4.225696e-07,5e-06,5,2,0.8569124,3.200322e-07,3,6,5.459287e-06,1.818851e+09,0.004620045,1.921936,0.960968,-96.269,-120.6264,-174.8185,-179.1758,0.4745213
2,1,102,4.066447e-07,2,6,9.973457e-06,1e-05,5,1e-05,5e-05,1,1,3.394193e-07,6.487196e-06,5,1,0.75,4.902377e-07,3,10,5e-06,8.170487e+09,0.004012209,0.6044431,0.3022215,-87.04398,-110.4257,-179.2551,-182.6368,0.3624717
2,2,103,3.747143e-07,3,5,1e-05,9.41221e-06,1,5e-06,3.646959e-05,1,2,4.245565e-07,8.58784e-06,5,2,1.034783,4.226623e-07,5,7,5e-06,6.448985e+09,0.008195804,1.638752,0.8193762,-88.19587,-113.0679,-175.2498,-180.1218,0.07852044
2,3,104,3.711673e-07,4,9,5.627889e-06,9.750464e-06,9,1e-05,4.231978e-05,1,6,3.341181e-07,7.093455e-06,6,5,0.8637775,1.8e-07,2,7,9.661382e-06,1.436493e+09,0.01661028,2.003482,1.001741,-98.57333,-123.3304,-169.5156,-174.2727,1.049242
2,4,105,2.095847e-07,2,5,8.17469e-06,5.951428e-06,9,6.537269e-06,3.740987e-05,1,6,2.496427e-07,9.821348e-06,7,5,1.016784,4.859653e-07,1,8,9.566481e-06,1.689354e+09,0.01483443,2.014853,1.007427,-97.82396,-121.9602,-170.6657,-174.8019,0.7808588
2,5,106,2.808705e-07,3,8,1e-05,6.830824e-06,4,8.374867e-06,4.869802e-05,1,8,3.138721e-07,7.368946e-06,5,2,1.065729,2.663653e-07,1,7,5.301887e-06,1.750051e+09,0.007650016,2.057773,1.028886,-91.49596,-116.741,-167.5204,-172.7654,0.5515234
2,6,107,4.229477e-07,4,9,5.678923e-06,8.894932e-06,1,9.163636e-06,3.779457e-05,1,2,4.943943e-07,6.704105e-06,9,1,0.8351591,1.8e-07,2,8,9.278991e-06,7.443242e+09,0.005995687,1.581316,0.7906578,-84.49889,-110.2421,-174.1557,-179.899,0.2140415
2,7,108,1.8e-07,2,9,5.784283e-06,8.106525e-06,5,7.543879e-06,3.790624e-05,1,3,4.094717e-07,9.107816e-06,10,2,1.02091,4.754058e-07,2,6,5e-06,4.005794e+09,0.009784314,1.86571,0.9328549,-98.11825,-120.3383,-180.2667,-182.4868,0.09274461
2,8,109,2.230065e-07,3,5,5.996446e-06,5.735951e-06,4,8.347018e-06,4.811564e-05,1,2,3.721789e-07,5.80753e-06,5,1,0.9607543,3.37468e-07,1,10,9.719473e-06,6.798009e+09,0.003917422,1.42607,0.7130348,-84.3921,-111.1076,-175.1097,-181.8252,0.110851
2,9,110,4.715807e-07,1,5,9.846422e-06,7.935113e-06,1,5e-06,3e-05,1,3,4.373524e-07,1e-05,5,2,1.106015,4.083783e-07,3,6,5e-06,5.908186e+09,0.005507023,1.723408,0.8617041,-88.15244,-112.6361,-176.1724,-180.656,0.04729483
2,10,111,5e-07,3,10,5e-06,9.534777e-06,5,1e-05,4.323566e-05,1,1,2.008583e-07,5.6431e-06,6,4,0.8729921,2.140079e-07,3,9,1e-05,7.357678e+09,0.01264238,1.353827,0.6769133,-78.8615,-106.7434,-165.178,-173.06,0.2657889
2,11,112,1.8e-07,2,10,7.994858e-06,5.398748e-06,1,9.016652e-06,3.16181e-05,1,1,3.059302e-07,5.139462e-06,8,4,0.812412,2.395445e-07,5,8,1e-05,8.068065e+09,0.01927997,1.578626,0.7893128,-78.56246,-106.8446,-163.8468,-172.1289,1.20262
2,12,113,1.8e-07,5,5,5.439915e-06,6.525726e-06,1,7.482198e-06,5e-05,1,5,5e-07,1e-05,7,1,1.080039,4.262615e-07,4,6,1e-05,2.122471e+09,0.00703046,1.862683,0.9313417,-97.44683,-120.6065,-175.5138,-178.6735,0.3797724
2,13,114,4.743351e-07,2,6,6.507111e-06,8.555362e-06,1,5.124314e-06,4.61624e-05,1,4,3.382823e-07,6.447023e-06,7,4,0.8847784,3.567475e-07,1,6,5.114373e-06,3.647174e+09,0.005797563,1.924289,0.9621443,-93.30667,-116.9561,-176.9133,-180.5627,0.145381
2,14,115,3.001801e-07,4,5,1e-05,6.603232e-06,2,8.642917e-06,4.516672e-05,1,7,3.097077e-07,8.9087e-06,5,2,1.06819,3.092384e-07,1,6,5e-06,2.367368e+09,0.007357333,2.061352,1.030676,-90.36101,-115.131,-169.1791,-173.9491,0.4071997
2,15,116,4.773718e-07,4,9,9.621494e-06,1e-05,10,8.609956e-06,3e-05,1,5,4.14767e-07,6.448063e-06,9,1,0.8443232,3.316209e-07,5,6,7.121664e-06,2.154345e+09,0.006973728,1.542376,0.7711878,-98.92714,-123.2379,-177.1588,-181.4696,0.3147765
2,16,117,4.416102e-07,4,9,5.314491e-06,7.253239e-06,5,6.615271e-06,3.586885e-05,1,2,3.313235e-07,6.906779e-06,9,4,1.084117,3.938008e-07,5,9,8.728421e-06,4.049495e+09,0.02106013,1.772341,0.8861707,-95.76902,-119.9996,-174.6824,-178.913,1.286356
2,17,118,2.978431e-07,2,9,5e-06,8.165093e-06,10,7.105822e-06,3.841617e-05,1,1,2.630906e-07,6.848773e-06,10,1,0.9808115,5e-07,2,8,5.406963e-06,8.536451e+09,0.007647576,1.126218,0.563109,-86.87759,-112.9864,-176.6679,-182.7767,0.4540252
2,18,119,1.8e-07,2,8,6.903442e-06,9.586075e-06,10,9.25299e-06,4.615392e-05,1,7,4.314371e-07,7.377193e-06,10,1,1.057442,4.504407e-07,1,5,7.823678e-06,1.403935e+09,0.005177467,1.821291,0.9106455,-104.1926,-126.115,-179.9984,-181.9208,0.5549366
2,19,120,5e-07,5,7,6.163857e-06,8.152746e-06,5,8.583135e-06,3.391916e-05,1,4,4.998533e-07,5.195772e-06,6,1,0.9076422,1.8e-07,4,6,9.554161e-06,3.45478e+09,0.003726366,1.301224,0.6506118,-89.07487,-115.2077,-174.1304,-180.2633,0.08699124
2,20,121,4.573263e-07,3,8,8.834141e-06,1e-05,10,8.929024e-06,3.65312e-05,1,3,4.608753e-07,5.91554e-06,9,2,0.7965988,4.394303e-07,2,6,7.706506e-06,3.343442e+09,0.007072238,1.508901,0.7544505,-98.9338,-122.1216,-180.9221,-184.1099,0.1009462
2,21,122,4.220306e-07,1,9,7.948051e-06,7.317781e-06,10,9.161216e-06,4.118175e-05,1,1,1.8e-07,6.166362e-06,7,5,1.010683,5e-07,4,8,9.153082e-06,6.376231e+09,0.01128584,1.054239,0.5271193,-75.43994,-103.8495,-161.0059,-169.4154,0.0791545
2,22,123,3.285736e-07,3,7,7.443518e-06,8.41218e-06,1,5.477195e-06,4.992478e-05,1,3,3.076824e-07,6.756846e-06,8,4,0.856218,1.8e-07,3,5,6.300288e-06,3.933087e+09,0.01493724,2.054779,1.027389,-90.73282,-115.9763,-170.8848,-176.1282,0.4194932
2,23,124,5e-07,2,5,5.860485e-06,6.60218e-06,6,7.514198e-06,3.465626e-05,1,7,3.554329e-07,9.595756e-06,5,2,1.038086,2.040207e-07,2,6,6.040349e-06,2.061275e+09,0.006330519,1.961873,0.9809365,-96.52044,-120.3516,-174.7888,-178.62,0.4304371
2,24,125,3.846061e-07,2,6,6.996996e-06,1e-05,10,7.047772e-06,4.261233e-05,1,9,4.557034e-07,7.497008e-06,6,2,0.8794849,3.888945e-07,3,9,5.844272e-06,9.968231e+08,0.006259595,1.927877,0.9639387,-104.48,-127.0316,-176.4869,-179.0385,0.715887
2,25,126,2.068173e-07,2,9,9.690166e-06,1e-05,10,7.988183e-06,4.15325e-05,1,1,2.730207e-07,9.458715e-06,7,2,0.9080607,4.638977e-07,5,6,8.541087e-06,6.110644e+09,0.01724778,1.373466,0.6867332,-88.57708,-115.5161,-171.9315,-178.8705,0.5645726
2,26,127,5e-07,3,9,6.916031e-06,8.192002e-06,1,6.686301e-06,4.208781e-05,1,5,5e-07,9.241185e-06,10,2,0.8112482,4.665372e-07,1,7,8.820651e-06,2.552296e+09,0.007450248,1.964743,0.9823713,-97.85199,-120.3591,-177.2689,-179.776,0.3255526
2,27,128,5e-07,4,6,5.219322e-06,6.714759e-06,2,1e-05,5e-05,1,2,1.8e-07,8.468155e-06,10,5,0.9066745,5e-07,5,10,1e-05,3.213268e+09,0.01277675,1.427067,0.7135334,-78.31962,-106.5883,-157.3944,-165.6631,0.1955986
2,28,129,2.360703e-07,3,5,5.741343e-06,5e-06,7,6.714591e-06,3.236994e-05,1,2,4.172702e-07,5.949402e-06,5,3,1.135025,4.871286e-07,5,10,9.334074e-06,4.523611e+09,0.009760585,1.206172,0.6030862,-84.41885,-111.5921,-167.6338,-174.8071,0.005900402
2,29,130,3.50894e-07,2,10,7.651736e-06,7.189733e-06,10,9.487815e-06,3.488886e-05,1,6,5e-07,5e-06,7,2,0.8678275,4.967809e-07,1,8,5.449299e-06,2.037509e+09,0.004269064,1.670653,0.8353265,-102.0676,-124.0451,-181.9463,-183.9238,0.3542117
2,30,131,2.682381e-07,5,8,7.894003e-06,6.84737e-06,1,9.872662e-06,4.689657e-05,1,6,3.873099e-07,8.223041e-06,5,3,1.099831,5e-07,4,6,9.029445e-06,1.674038e+09,0.01308541,2.051866,1.025933,-98.87042,-121.9118,-172.1779,-175.2192,0.6639934
2,31,132,3.093743e-07,4,8,8.543335e-06,1e-05,10,6.874038e-06,3e-05,1,6,4.008009e-07,8.634338e-06,8,4,0.75,1.8e-07,5,5,5e-06,1.663141e+09,0.01681099,1.97422,0.9871098,-97.34751,-122.3409,-169.5102,-174.5036,1.000215
2,32,133,3.835783e-07,1,6,1e-05,9.448265e-06,6,5e-06,3.303422e-05,1,6,5e-07,6.943097e-06,6,1,1.16268,2.797523e-07,1,8,7.792744e-06,2.765528e+09,0.003534342,1.704325,0.8521623,-95.24688,-118.8571,-178.5994,-182.2096,0.208308
2,33,134,2.74237e-07,5,7,6.868959e-06,6.53756e-06,1,8.358026e-06,3.916237e-05,1,5,4.334924e-07,9.441417e-06,6,2,1.158636,5e-07,5,5,5.887165e-06,2.559302e+09,0.01008101,1.985268,0.992634,-97.02536,-119.6561,-175.1527,-177.7835,0.3329167
2,34,135,1.8e-07,1,6,5e-06,7.030233e-06,9,6.393475e-06,4.316611e-05,1,1,3.981162e-07,6.663405e-06,9,3,1.004382,4.04e-07,2,8,7.412836e-06,7.779978e+09,0.007741223,1.07769,0.5388448,-68.21469,-97.10071,-157.1462,-166.0322,8.682012
2,35,136,5e-07,1,10,5.02932e-06,1e-05,10,8.499225e-06,4.335706e-05,1,6,1.8e-07,5.846017e-06,7,5,0.75,2.452064e-07,2,6,7.573468e-06,1.640662e+09,0.002470534,1.151036,0.575518,-83.37932,-111.3482,-163.7518,-171.7207,0.4424524
2,36,137,4.576199e-07,2,7,1e-05,1e-05,10,5.626475e-06,3.675644e-05,1,5,3.737076e-07,8.303227e-06,9,1,0.911185,2.450608e-07,1,8,5.350565e-06,2.610973e+09,0.006209064,1.815085,0.9075426,-97.51397,-121.4523,-177.9198,-181.8581,0.2623515
2,37,138,4.904477e-07,3,10,7.397777e-06,8.5339e-06,10,1e-05,3.982971e-05,1,2,3.540568e-07,5e-06,10,4,0.7797285,4.935667e-07,1,7,6.051623e-06,4.453941e+09,0.007772054,1.405127,0.7025634,-96.83058,-120.3724,-180.9001,-184.4419,0.008286922
2,38,139,3.759614e-07,2,7,9.106405e-06,7.59576e-06,7,7.169541e-06,4.056723e-05,1,6,3.583194e-07,9.000116e-06,7,1,1.043059,4.499632e-07,1,8,5.746727e-06,2.305537e+09,0.005355876,1.89117,0.9455848,-98.9258,-121.3027,-178.8929,-181.2699,0.3483575
2,39,140,5e-07,5,6,5e-06,9.642986e-06,4,7.385255e-06,4.679714e-05,1,5,4.998533e-07,7.610785e-06,8,1,0.75,3.355853e-07,3,9,8.558289e-06,2.122126e+09,0.00490576,1.699853,0.8499265,-97.79816,-121.2349,-177.4265,-180.8633,0.3391421
2,40,141,2.863829e-07,1,6,1e-05,1e-05,7,5.518027e-06,3.655509e-05,1,2,4.302236e-07,8.021651e-06,5,1,1.02073,4.860226e-07,2,6,5e-06,6.834379e+09,0.003514299,1.180665,0.5903323,-87.34216,-112.894,-178.5778,-184.1296,0.1156505
2,41,142,2.670078e-07,5,5,5e-06,8.912558e-06,6,5e-06,4.833526e-05,1,5,4.285741e-07,9.027401e-06,8,3,0.9079408,2.154541e-07,1,5,6.982064e-06,2.180847e+09,0.01016255,2.003714,1.001857,-95.9137,-120.5202,-172.6162,-177.2227,0.4209784
2,42,143,5e-07,3,10,8.659037e-06,1e-05,1,8.776714e-06,3e-05,1,5,1.8e-07,9.965442e-06,10,3,0.75,4.924904e-07,3,5,9.872479e-06,2.419744e+09,0.01237902,1.951905,0.9759524,-94.73575,-118.9581,-171.4843,-175.7066,0.4035735
2,43,144,3.161936e-07,4,8,7.699443e-06,9.517435e-06,4,7.315532e-06,4.668931e-05,1,5,2.149395e-07,6.6422e-06,10,2,0.75,4.490616e-07,3,6,9.968036e-06,2.026988e+09,0.01476586,2.039252,1.019626,-95.53939,-120.3499,-169.9838,-174.7943,0.7001568
2,44,145,4.391178e-07,3,9,5e-06,9.637423e-06,4,8.014279e-06,4.94263e-05,1,6,5e-07,7.48909e-06,10,1,0.75,3.414344e-07,2,6,9.205041e-06,1.925036e+09,0.005041207,1.877376,0.9386878,-99.72028,-122.2338,-178.3837,-180.8972,0.431908
2,45,146,3.385157e-07,1,9,9.888608e-06,9.806529e-06,10,7.36931e-06,3.924219e-05,1,2,4.404699e-07,7.253094e-06,9,2,0.8217114,4.924984e-07,1,5,5e-06,5.080893e+09,0.004532384,1.119095,0.5595477,-92.64044,-117.3889,-180.196,-184.9445,0.0
2,46,147,2.541485e-07,4,5,8.430957e-06,8.679482e-06,10,7.854906e-06,3.774512e-05,1,6,5e-07,8.242188e-06,7,1,0.8615123,5e-07,3,6,9.449309e-06,1.689967e+09,0.005370525,1.62771,0.8138549,-100.9245,-124.1612,-178.1819,-181.4186,0.4364164
2,47,148,3.203844e-07,4,7,7.230471e-06,7.59576e-06,7,8.822993e-06,4.837351e-05,1,4,3.579808e-07,7.307127e-06,6,3,0.9511442,5e-07,2,6,6.55633e-06,2.601463e+09,0.009765162,1.932717,0.9663587,-99.91742,-122.2028,-178.325,-180.6103,0.3032644
2,48,149,1.8e-07,2,10,9.519683e-06,1e-05,10,6.711745e-06,4.541198e-05,1,2,4.086161e-07,8.539508e-06,6,1,1.004339,5e-07,4,8,6.875197e-06,4.247479e+09,0.006423353,1.18092,0.5904601,-87.53537,-114.7494,-172.0204,-179.2344,0.0177336
2,49,150,1.8e-07,2,10,5.84187e-06,9.399314e-06,2,6.855535e-06,4.506196e-05,1,3,4.836928e-07,6.8943e-06,8,1,1.106153,5e-07,2,7,6.664938e-06,4.725911e+09,0.004869353,1.702155,0.8510777,-91.31639,-115.2946,-177.9314,-181.9096,0.0194253
3,0,151,5e-07,4,8,8.629925e-06,1e-05,5,7.821454e-06,3.69897e-05,1,3,5e-07,6.140892e-06,8,2,0.7583513,1.8e-07,1,9,9.524386e-06,4.263057e+09,0.007455603,1.725968,0.8629842,-91.82774,-117.2942,-175.6973,-181.1638,0.03959106
3,1,152,2.471338e-07,2,6,7.556908e-06,1e-05,3,7.35531e-06,4.889614e-05,1,4,4.881345e-07,1e-05,6,1,0.9822399,4.434157e-07,1,5,5.466148e-06,3.78082e+09,0.003582107,1.795282,0.897641,-96.10415,-118.469,-182.1145,-184.4794,0.09092021
3,2,153,1.8e-07,1,9,8.986165e-06,9.893828e-06,9,5e-06,4.026758e-05,1,3,4.858742e-07,9.350236e-06,10,2,0.8372266,4.226623e-07,1,5,5e-06,3.715952e+09,0.005938232,1.64065,0.8203249,-96.24596,-120.2652,-179.9108,-183.93,0.06718327
3,3,154,5e-07,5,10,7.382186e-06,8.152746e-06,5,8.316142e-06,3e-05,1,5,5e-07,5e-06,7,1,0.8515342,1.8e-07,4,6,5.46603e-06,3.197763e+09,0.003949194,1.524255,0.7621275,-91.748,-117.1285,-175.8798,-181.2604,0.120945
3,4,155,5e-07,2,10,7.881025e-06,1e-05,5,8.991375e-06,4.26417e-05,1,3,1.8e-07,7.116736e-06,10,5,0.9519627,2.94984e-07,5,5,6.776176e-06,2.928047e+09,0.0176431,1.92519,0.9625948,-95.71496,-120.4187,-172.5808,-177.2846,0.8264765
3,5,156,2.228276e-07,4,5,9.192396e-06,6.661315e-06,5,8.374867e-06,3.83297e-05,1,9,4.901489e-07,8.453261e-06,5,1,1.065729,3.510833e-07,4,5,5e-06,1.467871e+09,0.00428705,1.907651,0.9538255,-99.2218,-121.984,-176.234,-178.9961,0.564466
3,6,157,4.229477e-07,3,7,5e-06,8.894932e-06,1,6.278897e-06,3.779457e-05,1,4,4.379125e-07,6.704105e-06,9,1,0.926157,3.951636e-07,1,10,1e-05,4.164431e+09,0.005156421,1.819981,0.9099907,-91.96396,-115.4864,-177.2316,-180.754,0.06804064
3,7,158,1.8e-07,1,5,8.619494e-06,7.994149e-06,6,5.490309e-06,3.47175e-05,1,5,5e-07,8.366651e-06,10,2,1.070022,4.754058e-07,2,6,9.990004e-06,2.356923e+09,0.008650744,1.886068,0.9430339,-98.21563,-121.7695,-176.292,-179.8459,0.3355999
3,8,159,2.135716e-07,1,10,5e-06,8.998461e-06,4,8.347018e-06,3.781982e-05,1,2,3.583194e-07,8.753765e-06,6,4,1.098546,2.841695e-07,1,6,5e-06,5.869772e+09,0.008482894,1.707546,0.8537732,-91.64759,-116.7346,-177.7346,-182.8216,0.04192627
3,9,160,4.405879e-07,1,9,9.846422e-06,9.705258e-06,5,5e-06,5e-05,1,3,2.176282e-07,1e-05,10,3,0.989785,2.85087e-07,1,7,5e-06,3.510157e+09,0.009880878,1.888499,0.9442494,-93.61809,-118.4343,-174.5767,-179.3929,0.1475331
3,10,161,2.392904e-07,5,8,6.99994e-06,6.014571e-06,1,8.771062e-06,4.651844e-05,1,3,3.022907e-07,8.350719e-06,6,4,1.2,2.140079e-07,5,7,9.253868e-06,3.123921e+09,0.02899293,2.071669,1.035834,-92.81639,-118.1126,-168.0875,-173.3837,3.883941
3,11,162,1.8e-07,1,10,6.015892e-06,9.19275e-06,6,5e-06,3.560558e-05,1,2,5e-07,1e-05,7,3,0.9873051,3.062724e-07,1,6,5e-06,5.731987e+09,0.007547394,1.597785,0.7988925,-90.04384,-115.7515,-176.432,-182.1397,0.01960565
3,12,163,4.331408e-07,1,6,1e-05,9.883019e-06,7,7.204117e-06,3.74292e-05,1,4,2.664962e-07,8.133646e-06,5,2,1.100694,4.262615e-07,4,5,5.315977e-06,3.068299e+09,0.007359361,1.794862,0.8974312,-97.1768,-120.801,-178.2464,-181.8705,0.1783805
3,13,164,3.714324e-07,2,10,8.961755e-06,7.771699e-06,10,6.448593e-06,4.61624e-05,1,4,2.415451e-07,6.447023e-06,6,3,0.800671,1.8e-07,1,5,5e-06,3.018766e+09,0.009032824,1.9331,0.9665499,-92.92157,-118.6142,-172.9599,-178.6525,0.2307655
3,14,165,1.8e-07,5,10,7.412439e-06,5.972557e-06,6,8.236144e-06,4.242561e-05,1,3,4.862672e-07,9.135869e-06,10,5,0.9949356,4.374057e-07,1,10,1e-05,2.644304e+09,0.02022223,1.938226,0.9691128,-104.5573,-127.1182,-179.9452,-182.5061,1.342209
3,15,166,5e-07,1,10,5e-06,8.734401e-06,7,8.351658e-06,4.448002e-05,1,5,2.144043e-07,6.448063e-06,10,5,0.75,4.110205e-07,1,7,9.863533e-06,2.069623e+09,0.002447483,1.080332,0.5401659,-80.22927,-108.2664,-162.6599,-170.697,0.3336539
3,16,167,3.186402e-07,2,7,8.852502e-06,1e-05,5,6.615271e-06,4.48583e-05,1,3,4.334375e-07,6.865672e-06,9,1,1.084117,3.938008e-07,3,7,6.240751e-06,3.874241e+09,0.006223056,1.668091,0.8340454,-94.18375,-118.3158,-178.0074,-182.1395,0.05638019
3,17,168,4.967585e-07,1,6,8.462353e-06,9.270336e-06,1,7.660812e-06,4.008119e-05,1,2,2.675863e-07,9.154092e-06,5,3,1.071509,5e-07,3,5,8.67075e-06,6.244887e+09,0.007071198,1.621828,0.8109138,-81.79242,-108.9509,-169.208,-176.3665,0.0569911
3,18,169,3.800108e-07,1,10,7.878859e-06,1e-05,6,1e-05,4.859397e-05,1,8,1.8e-07,5e-06,5,4,0.9448343,2.137334e-07,2,7,5e-06,1.285401e+09,0.009727697,2.03393,1.016965,-93.95463,-119.7963,-166.2553,-172.0969,0.6708645
3,19,170,5e-07,1,5,6.01733e-06,1e-05,5,5.385424e-06,3.830625e-05,1,1,2.846734e-07,8.508746e-06,6,4,0.9076422,5e-07,3,5,8.53949e-06,9.094263e+09,0.00310837,0.5151128,0.2575564,-78.56725,-103.2513,-172.8173,-177.5013,0.6133847
3,20,171,4.185048e-07,3,5,1e-05,7.609927e-06,1,7.550543e-06,3.933494e-05,1,1,4.608753e-07,6.965903e-06,9,2,1.038876,5e-07,4,10,7.706506e-06,7.775643e+09,0.01029086,1.200107,0.6000537,-83.06464,-108.9183,-170.7549,-176.6085,0.2760888
3,21,172,5e-07,1,8,9.966081e-06,1e-05,10,6.346999e-06,3.540337e-05,1,1,2.60247e-07,7.287388e-06,9,5,0.75,4.623481e-07,4,5,5e-06,7.244612e+09,0.0039449,0.3833755,0.1916877,-80.45096,-104.7731,-171.6909,-176.013,0.2312355
3,22,173,3.789156e-07,3,8,7.443518e-06,5e-06,9,9.851972e-06,3.466217e-05,1,4,3.639535e-07,5e-06,9,5,0.9663236,4.924094e-07,3,5,5.37304e-06,2.786629e+09,0.0118381,1.897902,0.9489512,-100.155,-122.5023,-178.3238,-180.6711,0.2901732
3,23,174,4.48599e-07,2,5,8.775972e-06,8.702834e-06,10,1e-05,4.279085e-05,1,4,1.999e-07,1e-05,10,3,0.75,3.77487e-07,3,5,7.795771e-06,2.219142e+09,0.004794994,1.271286,0.6356429,-81.81603,-109.992,-161.9318,-170.1078,0.2993335
3,24,175,3.074885e-07,2,9,9.520753e-06,1e-05,1,8.647648e-06,4.048357e-05,1,1,5e-07,7.238438e-06,5,1,1.087904,5e-07,4,5,7.961194e-06,nil,0.003740445,nil,nil,nil,nil,1e+12,1e+12,3e+12
3,25,176,1.8e-07,4,5,1e-05,5.680215e-06,1,6.259447e-06,4.15325e-05,1,7,4.668104e-07,8.006527e-06,6,2,1.140082,4.638977e-07,2,6,8.541087e-06,1.966553e+09,0.007995537,2.041092,1.020546,-96.1734,-119.0535,-173.019,-175.8992,0.4885216
3,26,177,4.717988e-07,2,8,8.248792e-06,8.192002e-06,7,6.686301e-06,3.985931e-05,1,3,1.845563e-07,8.408151e-06,6,2,1.048811,2.941902e-07,1,5,5.11956e-06,4.773004e+09,0.008338649,1.878192,0.9390961,-92.92069,-117.3193,-177.2856,-181.6842,0.06424033
3,27,178,1.8e-07,3,7,1e-05,9.446694e-06,2,5e-06,3.121432e-05,1,7,5e-07,5.470241e-06,7,1,1.2,5e-07,3,5,6.316795e-06,2.477295e+09,0.003655407,1.772774,0.886387,-93.86456,-117.2826,-176.1148,-179.5328,0.2775299
3,28,179,1.8e-07,1,7,1e-05,9.074655e-06,6,5.37224e-06,4.69003e-05,1,5,3.000368e-07,9.542872e-06,5,2,1.131391,5e-07,1,7,5e-06,2.738574e+09,0.006544642,1.957708,0.9788538,-97.7927,-120.0229,-178.3843,-180.6146,0.2876851
3,29,180,4.04e-07,1,10,8.491028e-06,9.495686e-06,10,5.876674e-06,3.265126e-05,1,1,2.23035e-07,8.875866e-06,9,2,0.75,2.76e-07,5,6,5.286483e-06,8.568142e+09,0.005075873,0.6914189,0.3457094,-86.75304,-111.4573,-178.3557,-183.0599,0.4624379
3,30,181,4.600703e-07,5,6,6.859876e-06,5.032355e-06,7,7.255175e-06,4.689657e-05,1,3,4.8064e-07,5e-06,5,3,1.016461,2.803445e-07,5,10,9.660295e-06,2.815653e+09,0.008222127,1.544511,0.7722555,-94.61172,-119.7021,-174.4535,-179.5438,0.181826
3,31,182,4.243323e-07,1,8,1e-05,1e-05,10,5.891097e-06,4.009658e-05,1,3,3.246818e-07,9.550621e-06,5,1,0.9966986,4.434157e-07,1,5,5e-06,4.294159e+09,0.003667246,1.459136,0.7295682,-97.87164,-120.5742,-184.8858,-187.5884,0.0152871
3,32,183,2.918056e-07,1,10,8.578076e-06,8.35697e-06,6,7.298832e-06,3.820593e-05,1,3,4.500889e-07,7.398948e-06,7,2,1.2,5e-07,3,10,7.792744e-06,3.343973e+09,0.008910838,1.635406,0.8177031,-95.58138,-119.7373,-176.5674,-180.7233,0.1089909
3,33,184,5e-07,5,8,1e-05,6.53756e-06,10,8.358026e-06,3.830573e-05,1,1,1.899335e-07,5e-06,9,4,0.75,5e-07,5,6,9.670955e-06,6.518305e+09,0.01796825,1.384921,0.6924607,-80.41861,-108.0371,-164.1562,-171.7747,0.7122698
3,34,185,4.445529e-07,1,6,7.647653e-06,7.418377e-06,3,5.152618e-06,4.316611e-05,1,2,2.176909e-07,1e-05,6,4,1.071718,5e-07,1,5,6.870282e-06,6.320332e+09,0.006173091,1.629797,0.8148984,-87.16825,-112.8267,-175.278,-180.9364,0.06474295
3,35,186,4.623088e-07,5,5,1e-05,9.099962e-06,10,8.499225e-06,3e-05,1,7,4.517519e-07,7.929821e-06,8,1,0.75,2.452064e-07,5,5,9.769017e-06,1.494902e+09,0.006662339,1.713595,0.8567973,-102.3572,-125.5147,-177.6132,-180.7707,0.5031877
3,36,187,3.528404e-07,1,10,9.454333e-06,7.091371e-06,7,5.626475e-06,3.675644e-05,1,5,2.636826e-07,8.036748e-06,7,1,1.2,5e-07,1,10,7.492046e-06,2.98569e+09,0.006945804,1.915975,0.9579875,-96.59847,-119.5538,-177.6821,-180.6375,0.2295319
3,37,188,3.505714e-07,1,7,1e-05,7.873684e-06,4,5.167745e-06,3.982971e-05,1,3,1.8e-07,1e-05,10,2,1.2,5e-07,1,9,6.051623e-06,4.536193e+09,0.01084065,1.941235,0.9706177,-92.41404,-116.7825,-175.1973,-179.5658,0.09910774
3,38,189,2.164929e-07,4,7,5.197017e-06,6.966975e-06,4,9.938815e-06,4.006253e-05,1,4,4.934396e-07,9.000116e-06,9,4,1.026735,5e-07,1,7,1e-05,2.431205e+09,0.01235975,1.924282,0.9621408,-101.6669,-123.5707,-178.4633,-180.367,0.3895413
3,39,190,5e-07,2,7,5e-06,6.574321e-06,9,9.699439e-06,3.782871e-05,1,5,1.8e-07,5e-06,5,5,0.9584587,2.903328e-07,5,9,1e-05,1.757799e+09,0.008410965,1.698993,0.8494964,-90.66452,-118.1599,-166.3154,-173.8109,0.4288205
3,40,191,3.761462e-07,1,5,1e-05,1e-05,2,5.518027e-06,4.299501e-05,1,2,2.744598e-07,8.897657e-06,8,2,1.100569,5e-07,1,9,9.894963e-06,6.221647e+09,0.007948764,1.756576,0.8782878,-87.27095,-113.1275,-174.1461,-180.0026,0.07762774
3,41,192,5e-07,5,5,9.229275e-06,8.067834e-06,5,8.400261e-06,4.203182e-05,1,5,1.8e-07,9.108069e-06,8,3,0.8417596,2.154541e-07,1,5,8.096851e-06,2.405232e+09,0.01377927,2.026162,1.013081,-90.05173,-116.5467,-166.2826,-172.7776,0.5250916
3,42,193,4.570204e-07,4,5,8.878969e-06,1e-05,1,8.248953e-06,4.056871e-05,1,4,2.942963e-07,6.834943e-06,6,1,0.7720894,4.924904e-07,3,5,5.475186e-06,4.368322e+09,0.005021457,1.863598,0.9317991,-91.34793,-115.0912,-177.1459,-180.8892,0.07053068
3,43,194,5e-07,2,6,8.369725e-06,6.105567e-06,10,7.315532e-06,3.102375e-05,1,2,2.801216e-07,7.071853e-06,10,1,0.8166644,3.568925e-07,4,8,8.069376e-06,5.644521e+09,0.006402438,1.139421,0.5697106,-76.60711,-104.4984,-163.5762,-171.4675,0.0113996
3,44,195,2.653984e-07,3,9,6.882613e-06,9.030887e-06,1,5.908063e-06,4.158116e-05,1,1,2.515936e-07,6.197947e-06,10,3,0.75,4.754058e-07,1,9,5.311958e-06,1.08971e+10,0.009968857,1.692372,0.8461862,-85.98345,-111.035,-176.7432,-181.7948,1.308501
3,45,196,2.311133e-07,1,7,5e-06,8.694315e-06,6,9.395162e-06,3.93429e-05,1,3,3.118082e-07,7.253094e-06,10,3,0.8819528,2.791994e-07,1,5,5.28374e-06,3.796976e+09,0.005474934,1.541295,0.7706473,-82.34917,-110.7736,-166.5541,-174.9786,0.05143104
3,46,197,2.541485e-07,2,7,8.819145e-06,1e-05,10,5.876894e-06,3.046638e-05,1,3,5e-07,5e-06,7,1,0.75,5e-07,1,6,6.646579e-06,4.843e+09,0.00262774,0.9559349,0.4779674,-92.99285,-116.5773,-182.4993,-186.0837,0.0001353175
3,47,198,5e-07,4,6,5e-06,7.59576e-06,1,9.236711e-06,3.703004e-05,1,3,1.981099e-07,9.615707e-06,9,4,0.9386419,4.748304e-07,2,9,6.966688e-06,3.754252e+09,0.01242716,1.860057,0.9300283,-91.87409,-116.9406,-172.4208,-177.4873,0.171204
3,48,199,3.096183e-07,4,5,8.438095e-06,5.701077e-06,8,5.502369e-06,4.541198e-05,1,2,4.698529e-07,5e-06,7,1,1.124924,5e-07,5,10,1e-05,4.251283e+09,0.004441045,0.8027978,0.4013989,-79.48182,-106.8767,-165.5774,-172.9723,0.01752744
3,49,200,1.8e-07,2,10,5e-06,7.826257e-06,3,6.855535e-06,4.506196e-05,1,4,4.221486e-07,6.8943e-06,10,1,1.15296,4.703489e-07,2,6,5e-06,3.7407e+09,0.005690574,1.892139,0.9460696,-94.9352,-117.6495,-178.8427,-181.5569,0.1243194
4,0,201,2.666976e-07,4,8,5.088219e-06,9.643918e-06,9,6.30706e-06,5e-05,1,5,5e-07,8.449426e-06,10,1,0.75,4.606063e-07,2,6,5e-06,2.119027e+09,0.005328955,1.804832,0.9024161,-101.2966,-123.4805,-180.5529,-182.7368,0.3634069
4,1,202,4.899419e-07,4,10,5e-06,5.032355e-06,7,6.954316e-06,3.599101e-05,1,5,3.394193e-07,5e-06,5,5,1.064041,1.8e-07,5,10,9.567168e-06,1.992297e+09,0.01587471,1.963438,0.9817189,-98.76462,-123.1085,-172.7446,-177.0885,0.7927112
4,2,203,2.587511e-07,1,9,5e-06,5.788624e-06,2,6.034029e-06,3.914293e-05,1,2,3.409756e-07,9.350236e-06,7,5,1.100926,4.174547e-07,2,10,7.270152e-06,4.869224e+09,0.01142861,1.698919,0.8494595,-81.86807,-110.0673,-165.0373,-173.2366,0.03803471
4,3,204,2.76e-07,1,9,6.718028e-06,9.654651e-06,5,8.083569e-06,5e-05,1,7,3.817101e-07,5.51013e-06,5,4,0.9091845,2.628251e-07,1,5,9.696786e-06,1.65364e+09,0.006687717,1.992251,0.9961256,-97.57357,-121.4449,-173.6896,-177.5609,0.5466299
4,4,205,3.63307e-07,4,10,5.239978e-06,6.832893e-06,7,7.829529e-06,3.707846e-05,1,1,3.793107e-07,5.633618e-06,5,3,1.089846,2.893779e-07,4,6,9.566481e-06,8.293071e+09,0.0105095,1.225595,0.6127974,-84.44159,-111.1906,-172.6001,-179.3491,0.3945874
4,5,206,2.808705e-07,3,5,7.843216e-06,9.717447e-06,7,1e-05,3.503301e-05,1,8,1.8e-07,1e-05,5,5,0.75,1.813402e-07,2,7,8.569737e-06,1.20564e+09,0.009614064,1.978883,0.9894413,-93.66211,-120.0422,-165.4574,-171.8375,0.670366
4,6,207,1.8e-07,3,10,5e-06,8.894932e-06,6,6.278897e-06,4.284167e-05,1,2,4.000767e-07,7.190751e-06,10,2,0.8099747,3.951636e-07,3,6,6.755391e-06,5.053267e+09,0.01136951,1.766552,0.883276,-94.77391,-118.4526,-178.2879,-181.9667,0.05033342
4,7,208,2.513389e-07,3,9,7.736132e-06,8.283832e-06,8,5e-06,5e-05,1,3,4.29748e-07,7.497008e-06,10,1,1.139164,4.5366e-07,5,8,8.722908e-06,2.715259e+09,0.008984854,1.61771,0.8088551,-95.07664,-120.2972,-174.2178,-179.4383,0.2049541
4,8,209,2.135716e-07,3,7,8.496197e-06,8.998461e-06,10,9.419207e-06,3.781982e-05,1,2,3.535542e-07,6.059867e-06,10,2,0.75,4.135945e-07,3,7,8.986544e-06,4.260129e+09,0.0115472,1.512572,0.7562859,-92.33795,-118.5742,-174.3016,-180.5379,0.04106106
4,9,210,4.715807e-07,2,9,8.099422e-06,7.935113e-06,10,5e-06,3.544189e-05,1,3,4.685717e-07,8.403202e-06,5,2,1.091586,4.083783e-07,2,6,7.855282e-06,4.274743e+09,0.006519528,1.639916,0.8199581,-95.00946,-118.6254,-179.4855,-183.1015,0.0249833
4,10,211,3.557084e-07,3,8,7.488632e-06,1e-05,10,7.953976e-06,3e-05,1,3,2.008583e-07,6.5e-06,7,2,0.8285995,2.712207e-07,1,5,6.085059e-06,4.286407e+09,0.008854947,1.698159,0.8490793,-96.8467,-120.5322,-180.0167,-183.7022,0.03313277
4,11,212,2.133575e-07,2,8,5.228396e-06,9.19275e-06,1,5.875222e-06,4.288879e-05,1,4,5e-07,9.643698e-06,7,3,1.081389,4.871053e-07,3,7,5e-06,2.830666e+09,0.01047713,1.969149,0.9845745,-98.01052,-120.3753,-176.8459,-179.2107,0.2784474
4,12,213,5e-07,4,10,5.687314e-06,9.434599e-06,10,1e-05,4.997198e-05,1,3,4.250158e-07,5.597758e-06,10,4,0.75,5e-07,4,10,8.281298e-06,2.162617e+09,0.01030097,1.563742,0.7818708,-89.64241,-117.0018,-166.2132,-173.5726,0.314801
4,13,214,2.644326e-07,2,5,6.507111e-06,8.555362e-06,5,5.104726e-06,4.61624e-05,1,6,4.78457e-07,8.235416e-06,8,2,0.7938141,2.328779e-07,1,5,5.114373e-06,2.220198e+09,0.005165312,1.941001,0.9705004,-96.95956,-120.4108,-176.7564,-180.2077,0.3855342
4,14,215,1.8e-07,1,5,7.692152e-06,9.177174e-06,2,5e-06,3.014951e-05,1,3,5e-07,8.403202e-06,5,1,1.2,5e-07,1,5,5e-06,7.911426e+09,0.002611327,1.619428,0.809714,-88.13751,-111.698,-181.934,-185.4945,0.3102267
4,15,216,1.8e-07,4,5,7.670555e-06,7.793078e-06,10,5e-06,3.212533e-05,1,5,4.420892e-07,5.664581e-06,6,2,0.9484434,5e-07,2,9,7.121664e-06,2.6095e+09,0.006549469,1.738658,0.8693292,-97.774,-120.9552,-177.9431,-181.1242,0.2438231
4,16,217,3.186402e-07,2,6,5.337259e-06,1e-05,9,6.834554e-06,3e-05,1,1,4.334375e-07,6.865672e-06,7,1,0.75,3.435443e-07,4,7,1e-05,8.200103e+09,0.003935993,0.2569759,0.128488,-79.34228,-102.2104,-171.6681,-174.5363,0.6057407
4,17,218,1.8e-07,5,6,6.374459e-06,6.805083e-06,5,5e-06,4.008119e-05,1,3,5e-07,5.717072e-06,5,1,0.9844288,4.266145e-07,3,9,8.321616e-06,4.273601e+09,0.003330605,1.142562,0.5712809,-82.66422,-109.9987,-170.0549,-177.3894,0.0163422
4,18,219,2.720039e-07,1,9,6.903442e-06,9.212761e-06,9,8.167054e-06,4.447982e-05,1,2,1.8e-07,1e-05,10,5,0.8602169,5e-07,3,7,7.260502e-06,3.696314e+09,0.008877601,1.231635,0.6158173,-75.04062,-103.7784,-156.913,-165.6508,0.060344
4,19,220,3.352856e-07,1,6,7.33332e-06,8.431511e-06,1,8.583135e-06,4.502575e-05,1,5,4.998533e-07,5.195772e-06,5,3,1.178969,3.612508e-07,4,8,9.554161e-06,2.115488e+09,0.006079384,1.783914,0.8919572,-96.86264,-120.7765,-175.5323,-179.4461,0.3587537
4,20,221,2.118821e-07,5,5,8.5e-06,8.836671e-06,5,5.157792e-06,5e-05,1,9,5e-07,8.086804e-06,7,1,0.9353495,2.479642e-07,1,6,7.871719e-06,1.474496e+09,0.004869729,2.003582,1.001791,-95.32874,-119.6431,-171.8266,-176.1409,0.6014249
4,21,222,1.8e-07,1,5,8.862078e-06,1e-05,9,5e-06,3.208211e-05,1,2,1.8e-07,6.229792e-06,8,1,0.7532786,5e-07,4,5,6.581485e-06,6.349435e+09,0.004973373,1.144664,0.5723322,-66.17627,-95.06039,-155.2645,-164.1486,24.4598
4,22,223,2.617383e-07,5,6,8.209952e-06,7.088627e-06,2,6.754914e-06,3e-05,1,4,3.984833e-07,5.941417e-06,8,1,1.081485,5e-07,4,5,5.457418e-06,4.478386e+09,0.005392868,1.731131,0.8655655,-90.34461,-114.9541,-176.0488,-180.6584,0.0311464
4,23,224,4.889915e-07,5,10,5e-06,7.162873e-06,4,6.492916e-06,3.804337e-05,1,4,1.999e-07,5e-06,6,1,1.024855,4.486301e-07,3,7,5.563595e-06,3.84902e+09,0.007081041,1.868491,0.9342453,-91.69244,-116.8539,-174.8985,-180.06,0.1063531
4,24,225,1.8e-07,1,10,5e-06,8.774959e-06,1,5.542806e-06,4.512245e-05,1,5,4.50851e-07,7.497008e-06,8,1,1.2,5e-07,1,6,5.549129e-06,3.769839e+09,0.003876895,1.936837,0.9684187,-93.67278,-115.9233,-179.3144,-181.5649,0.1380091
4,25,226,4.609221e-07,5,5,6.026571e-06,1e-05,5,5e-06,4.212261e-05,1,5,4.668104e-07,7.416753e-06,6,2,0.75,4.638977e-07,2,5,5e-06,2.821031e+09,0.004738526,1.848423,0.9242116,-97.54507,-120.0784,-179.7968,-182.3301,0.233968
4,26,227,4.905311e-07,5,5,7.522497e-06,7.066098e-06,1,1e-05,3.580356e-05,1,3,2.933688e-07,1e-05,5,4,1.048811,3.662e-07,4,5,7.061109e-06,4.246576e+09,0.01594472,1.992952,0.996476,-93.31673,-117.3792,-173.8513,-177.9138,0.47918
4,27,228,4.924887e-07,1,10,7.266034e-06,9.446694e-06,8,1e-05,3.534456e-05,1,1,1.8e-07,1e-05,10,5,0.8321232,4.032028e-07,3,5,8.627361e-06,6.595437e+09,0.005625035,0.5274158,0.2637079,-90.22402,-112.4059,-179.1076,-181.2896,0.08597966
4,28,229,4.340341e-07,2,5,8.023574e-06,5e-06,10,5e-06,3.166693e-05,1,1,3.266769e-07,5e-06,5,1,0.75,4.871286e-07,3,10,9.773492e-06,9.541446e+09,0.003280377,0.3147769,0.1573884,-73.92258,-97.39475,-168.3556,-171.8278,7.682969
4,29,230,5e-07,4,6,8.569857e-06,1e-05,10,7.965714e-06,3.983062e-05,1,3,2.23035e-07,7.424829e-06,5,2,0.9794972,3.863036e-07,4,6,7.535441e-06,3.191886e+09,0.01214764,1.775352,0.8876758,-97.60656,-122.0209,-176.8426,-181.2569,0.201339
4,30,231,5e-07,5,6,5e-06,9.75009e-06,1,5e-06,4.316747e-05,1,6,5e-07,7.762587e-06,7,2,0.75,2.803445e-07,1,7,5e-06,2.70727e+09,0.004980182,1.985913,0.9929565,-93.48343,-117.3533,-175.1616,-179.0315,0.3051909
4,31,232,3.119536e-07,3,7,1e-05,8.97373e-06,5,5.891097e-06,4.238916e-05,1,1,5e-07,6.273461e-06,10,1,0.9966986,5e-07,2,8,5e-06,1.011737e+10,0.004964603,1.054535,0.5272673,-83.43195,-108.9498,-176.5745,-182.0924,0.9678592
4,32,233,4.190058e-07,1,10,1e-05,1e-05,10,5e-06,3.261674e-05,1,4,5e-07,6.71766e-06,7,1,0.75,5e-07,1,5,5.611425e-06,3.772102e+09,0.00260809,1.302385,0.6511925,-96.51144,-119.3745,-183.8799,-186.743,0.05298436
4,33,234,5e-07,4,7,5.353623e-06,9.617264e-06,10,8.358026e-06,3.242895e-05,1,4,4.334924e-07,1e-05,6,2,0.75,1.8e-07,4,5,5.887165e-06,2.810582e+09,0.006659584,1.591972,0.7959859,-94.50518,-120.2491,-175.2466,-180.9905,0.1855865
4,34,235,4.179166e-07,5,5,6.054977e-06,1e-05,5,5e-06,5e-05,1,6,4.266888e-07,6.995152e-06,10,2,0.8027578,1.8e-07,1,5,5.473019e-06,2.070192e+09,0.007081007,2.003615,1.001807,-93.83014,-119.13,-171.6494,-176.9492,0.4462435
4,35,236,5e-07,3,10,8.329971e-06,8.37747e-06,1,7.192058e-06,4.14344e-05,1,3,2.46349e-07,7.004638e-06,5,3,0.8281005,4.519246e-07,3,8,7.064292e-06,4.183112e+09,0.01209146,1.950991,0.9754956,-92.63214,-116.8084,-174.2373,-178.4136,0.1555437
4,36,237,2.022691e-07,1,10,5e-06,7.091371e-06,7,6.841581e-06,3.675644e-05,1,2,2.636826e-07,1e-05,10,5,1.005887,4.054437e-07,4,9,7.943987e-06,3.865446e+09,0.01389618,1.472848,0.7364242,-72.82152,-101.7083,-153.1366,-162.0233,0.1963797
4,37,238,4.904477e-07,3,8,5e-06,6.260797e-06,1,1e-05,3.628567e-05,1,3,1.8e-07,5e-06,10,5,1.117763,4.935667e-07,3,10,6.236899e-06,3.718685e+09,0.01702767,1.946468,0.9732341,-92.31769,-117.54,-171.4139,-176.6362,0.6405968
4,38,239,3.816005e-07,1,10,1e-05,1e-05,10,6.351272e-06,3e-05,1,2,3.583194e-07,5e-06,8,1,0.75,5e-07,2,6,7.014561e-06,6.266144e+09,0.003831586,0.8624917,0.4312458,-86.04336,-111.8687,-176.1496,-181.9749,0.05228341
4,39,240,5e-07,5,6,6.655536e-06,6.91346e-06,4,9.041421e-06,3.526738e-05,1,5,4.998533e-07,7.610785e-06,5,3,0.8945407,1.8e-07,5,8,7.920597e-06,2.243519e+09,0.00990466,1.868998,0.934499,-98.1923,-122.1241,-175.2525,-179.1843,0.35443
4,40,241,1.8e-07,3,6,1e-05,1e-05,6,5.518027e-06,3.580953e-05,1,6,2.744598e-07,5.026782e-06,7,2,1.054275,5e-07,2,10,7.422362e-06,2.047314e+09,0.01056407,1.97886,0.98943,-97.79879,-121.3298,-173.7842,-177.3152,0.4440303
4,41,242,5e-07,5,8,5e-06,8.912558e-06,4,1e-05,4.833526e-05,1,6,3.99994e-07,5.18583e-06,8,1,0.75,2.20163e-07,4,5,5.253606e-06,2.125764e+09,0.004668877,1.851428,0.9257138,-97.50886,-121.1972,-177.367,-181.0554,0.3754388
4,42,243,2.502798e-07,3,7,8.609747e-06,5.281491e-06,1,9.414764e-06,3.073045e-05,1,2,2.315245e-07,7.74969e-06,10,3,0.7720894,4.924904e-07,5,7,8.957418e-06,4.964653e+09,0.01701273,1.718778,0.8593891,-78.65119,-107.0835,-160.2612,-168.6935,0.5130564
4,43,244,5e-07,3,6,8.296946e-06,6.105567e-06,1,5.877803e-06,4.136693e-05,1,4,2.958221e-07,5.682054e-06,5,5,0.8166644,4.19154e-07,2,8,6.004577e-06,3.582668e+09,0.008613723,1.975702,0.9878509,-92.97301,-116.7415,-174.7052,-178.4737,0.172851
4,44,245,5e-07,1,10,9.170008e-06,6.858566e-06,8,8.09313e-06,3.715641e-05,1,1,1.8e-07,8.606533e-06,10,4,0.75,4.599883e-07,1,9,6.589106e-06,8.250797e+09,0.004498104,0.6285499,0.314275,-85.04908,-110.3826,-176.8487,-182.1822,0.381681
4,45,246,2.762536e-07,1,10,5.803249e-06,7.091371e-06,10,6.334659e-06,3.342323e-05,1,2,1.875537e-07,1e-05,7,2,0.9446942,4.401741e-07,1,8,7.075461e-06,6.174666e+09,0.008603722,1.623742,0.8118711,-87.60312,-114.3874,-174.0685,-180.8528,0.05120779
4,46,247,1.8e-07,2,10,8.819145e-06,7.229935e-06,2,5.744513e-06,3.204484e-05,1,1,5e-07,1e-05,10,5,1.093524,5e-07,1,6,6.646579e-06,7.277744e+09,0.01144611,1.129458,0.5647289,-81.02101,-108.1391,-167.6744,-174.7924,0.2032486
4,47,248,1.8e-07,2,6,1e-05,7.966596e-06,10,7.454252e-06,4.10204e-05,1,8,4.914278e-07,5.9657e-06,6,1,1.011059,4.748304e-07,1,6,6.966688e-06,1.513091e+09,0.002928839,1.700583,0.8502915,-102.2085,-124.3718,-181.1388,-183.3022,0.4956472
4,48,249,2.844132e-07,4,9,8.031506e-06,7.51683e-06,8,5.502369e-06,4.212679e-05,1,2,4.576462e-07,6.882192e-06,9,3,1.124924,5e-07,5,10,1e-05,3.352441e+09,0.01777752,1.594913,0.7974563,-96.23946,-120.9004,-174.248,-178.9089,0.7086499
4,49,250,1.8e-07,5,7,6.374459e-06,7.717006e-06,2,5.565286e-06,3.841064e-05,1,3,4.458949e-07,6.171907e-06,7,1,0.9179013,4.182068e-07,4,8,8.793301e-06,4.041211e+09,0.00545747,1.407869,0.7039343,-85.30467,-112.3817,-170.065,-177.142,0.03071716
5,0,251,4.195185e-07,3,10,1e-05,7.530549e-06,9,5.360686e-06,5e-05,1,7,1.8e-07,7.493681e-06,5,1,1.08925,1.8e-07,1,6,6.923934e-06,1.928987e+09,0.009031365,2.034083,1.017041,-88.38746,-115.6464,-164.5365,-171.7954,0.4944102
5,1,252,5e-07,3,5,7.796979e-06,8.810287e-06,1,7.35531e-06,3.599101e-05,1,4,2.796954e-07,6.097937e-06,8,3,0.75,4.28636e-07,4,5,6.62693e-06,3.5499e+09,0.005614247,1.756049,0.8780244,-82.8978,-110.146,-166.4092,-173.6574,0.1050554
5,2,253,4.970488e-07,1,9,6.801307e-06,5.788624e-06,2,8.421377e-06,3.002509e-05,1,2,1.914522e-07,1e-05,9,4,0.9181168,2.936444e-07,2,5,7.168946e-06,6.666193e+09,0.006530913,1.336503,0.6682514,-74.99586,-103.1379,-163.3237,-171.4657,0.09430837
5,3,254,5e-07,5,7,5.047794e-06,6.762961e-06,1,8.817645e-06,4.122374e-05,1,2,2.951025e-07,9.334263e-06,8,5,1.103451,5e-07,5,10,8.326125e-06,3.521936e+09,0.02291524,1.798732,0.8993658,-95.37804,-120.1642,-172.7124,-177.4986,1.786792
5,4,255,4.401412e-07,2,5,5e-06,1e-05,2,9.206153e-06,4.53045e-05,1,2,3.793107e-07,9.929093e-06,8,1,0.9244775,2.76e-07,5,5,5.800789e-06,6.044535e+09,0.00506982,1.505903,0.7529513,-80.47626,-107.969,-169.0536,-176.5463,0.03431559
5,5,256,1.8e-07,2,6,1e-05,6.538181e-06,3,6.923632e-06,4.214361e-05,1,2,4.929016e-07,1e-05,7,3,1.065729,5e-07,1,9,9.822476e-06,5.111441e+09,0.01110065,1.795876,0.8979379,-95.95626,-118.5646,-179.6736,-182.282,0.05102718
5,6,257,1.8e-07,3,5,9.264929e-06,6.83859e-06,1,5e-06,3e-05,1,3,3.552851e-07,6.824253e-06,10,3,0.8099747,5e-07,2,6,5.359956e-06,5.111441e+09,0.01076738,1.928109,0.9640546,-94.98348,-117.5028,-178.8332,-181.3526,0.08735049
5,7,258,4.775569e-07,1,7,5e-06,5.607399e-06,1,5.234308e-06,5e-05,1,3,4.094717e-07,9.492189e-06,7,5,1.130427,2.989658e-07,2,9,5.550874e-06,3.235506e+09,0.006427309,1.697153,0.8485767,-86.86234,-114.2374,-168.9809,-176.3559,0.1326665
5,8,259,5e-07,3,10,8.496197e-06,6.642035e-06,10,9.419207e-06,3e-05,1,5,5e-07,5e-06,5,2,1.040525,3.411783e-07,1,7,7.620951e-06,2.796726e+09,0.004134652,1.50982,0.7549102,-97.5936,-121.1521,-180.3622,-183.9207,0.1842895
5,9,260,4.499815e-07,1,9,6.646138e-06,9.112164e-06,6,1e-05,3.427518e-05,1,1,1.8e-07,8.403202e-06,10,5,1.091586,5e-07,2,7,7.267558e-06,7.233902e+09,0.01030504,1.057432,0.5287162,-78.68701,-106.8502,-165.744,-173.9072,0.1759992
5,10,261,1.8e-07,3,8,6.899211e-06,7.956515e-06,6,8.420386e-06,3.324425e-05,1,3,2.008583e-07,6.349723e-06,10,1,0.9437586,4.14922e-07,2,6,6.208229e-06,4.835273e+09,0.01064661,1.882197,0.9410984,-94.5699,-118.088,-177.9862,-181.5043,0.06927747
5,11,262,2.098431e-07,3,8,8.496197e-06,8.998461e-06,10,8.795439e-06,3.258394e-05,1,3,5e-07,5e-06,10,2,0.75,3.062724e-07,1,7,5e-06,3.916255e+09,0.005920723,1.469749,0.7348743,-97.9555,-121.2739,-182.0892,-185.4075,0.04030633
5,12,263,3.914554e-07,1,6,8.33958e-06,9.848439e-06,5,5e-06,4.61624e-05,1,2,2.664962e-07,6.447023e-06,8,4,0.8137045,5e-07,1,6,6.198345e-06,5.785373e+09,0.004108541,1.291914,0.6459568,-75.02453,-103.3513,-164.1343,-172.4611,0.01805984
5,13,264,2.824119e-07,2,6,5.51894e-06,8.555362e-06,1,5.945136e-06,3.607239e-05,1,2,4.484869e-07,6.514818e-06,5,4,1.191323,4.746341e-07,3,10,8.243212e-06,5.323163e+09,0.009794064,1.57523,0.7876149,-87.65512,-113.5875,-172.2689,-178.2012,0.004430069
5,14,265,3.541027e-07,1,10,9.581201e-06,7.640934e-06,10,5.958931e-06,3.928204e-05,1,4,1.8e-07,8.457785e-06,7,5,1.003829,4.509902e-07,1,6,6.14136e-06,2.778062e+09,0.01026747,1.872627,0.9363137,-97.95742,-121.3471,-176.7176,-180.1073,0.2499581
5,15,266,1.8e-07,1,10,6.876174e-06,9.356594e-06,10,5e-06,3.212533e-05,1,5,5e-07,5.664581e-06,5,1,0.9484434,5e-07,1,9,5.305498e-06,3.090657e+09,0.002408314,1.297816,0.648908,-94.42882,-118.6602,-180.4127,-184.6441,0.1363483
5,16,267,3.11253e-07,2,7,6.10906e-06,6.163145e-06,7,9.367268e-06,4.465104e-05,1,3,1.8e-07,1e-05,10,5,0.9908239,4.9099e-07,5,8,1e-05,2.19838e+09,0.0167614,1.777169,0.8885845,-88.51113,-116.5922,-163.1101,-171.1911,0.7952971
5,17,268,4.968637e-07,3,7,8.834141e-06,9.088077e-06,7,8.363738e-06,3.820175e-05,1,3,5e-07,5.460706e-06,7,2,0.8631263,4.47838e-07,1,7,7.234822e-06,4.130307e+09,0.004744602,1.519064,0.7595319,-96.66431,-119.7416,-182.222,-185.2993,0.02483569
5,18,269,4.046699e-07,4,9,6.176403e-06,7.356171e-06,5,7.845619e-06,3.767428e-05,1,1,3.431034e-07,1e-05,8,5,0.971382,4.397962e-07,3,9,7.260502e-06,6.359855e+09,0.02149286,1.57899,0.7894949,-91.027,-116.4097,-173.773,-179.1557,1.384656
5,19,270,5e-07,3,7,8.10322e-06,8.204566e-06,10,7.055693e-06,3.113954e-05,1,3,2.623827e-07,8.931876e-06,7,5,0.9825055,2.966855e-07,1,6,9.8706e-06,3.633354e+09,0.01439844,1.819023,0.9095113,-96.18977,-120.5718,-175.8128,-180.1948,0.3055179
5,20,271,4.042262e-07,2,7,8.711871e-06,1e-05,10,5e-06,4.121092e-05,1,5,4.669131e-07,5.91554e-06,7,2,0.75,5e-07,1,5,5e-06,2.563989e+09,0.003574689,1.66923,0.834615,-100.5048,-122.5591,-183.1508,-185.2051,0.2400064
5,21,272,1.8e-07,2,5,6.624909e-06,5.832799e-06,10,9.161216e-06,3e-05,1,3,5e-07,5.180846e-06,7,2,0.9151962,4.981076e-07,2,9,8.367701e-06,4.067989e+09,0.005802082,1.331596,0.6657981,-90.15799,-116.0724,-174.7097,-180.6241,0.02883138
5,22,273,5e-07,5,6,8.209952e-06,7.68855e-06,2,6.754914e-06,3.957691e-05,1,2,1.8e-07,1e-05,7,5,0.75,4.747387e-07,4,7,9.49253e-06,4.46034e+09,0.01200056,1.540764,0.770382,-77.43793,-105.4076,-159.6333,-167.6029,0.04881188
5,23,274,3.806897e-07,1,9,5.354955e-06,1e-05,10,5.622854e-06,3.953807e-05,1,2,5e-07,9.179437e-06,5,2,0.8268031,4.606063e-07,2,5,5e-06,5.568549e+09,0.003550041,1.006981,0.5034903,-81.6476,-109.5204,-171.0601,-178.9329,0.008440519
5,24,275,1.8e-07,1,7,5e-06,1e-05,1,6.112709e-06,4.375453e-05,1,2,4.818227e-07,1e-05,6,2,1.090591,2.008745e-07,4,6,5e-06,6.381929e+09,0.008044413,1.801351,0.9006756,-87.21964,-113.0601,-174.2637,-180.1042,0.1035423
5,25,276,3.801502e-07,4,5,6.954004e-06,5.941128e-06,1,5e-06,4.664099e-05,1,5,4.426849e-07,7.416753e-06,6,2,1.01684,4.04e-07,4,9,1e-05,1.906899e+09,0.008955765,1.887088,0.9435438,-99.79836,-122.7187,-175.8839,-178.8042,0.4397159
5,26,277,5e-07,2,5,8.144653e-06,8.491688e-06,1,7.65985e-06,5e-05,1,3,1.8e-07,8.408151e-06,10,5,0.75,4.328e-07,1,5,9.484496e-06,3.615264e+09,0.003994288,1.360281,0.6801406,-76.29186,-104.3117,-161.4403,-169.4601,0.06874414
5,27,278,5e-07,5,6,5.942932e-06,8.550966e-06,5,7.277534e-06,3.878556e-05,1,3,2.903572e-07,5e-06,5,5,0.75,3.387316e-07,3,5,7.730408e-06,4.108622e+09,0.007996025,1.792498,0.8962492,-92.46504,-117.2457,-175.7102,-180.4909,0.06410863
5,28,279,2.360703e-07,3,7,1e-05,6.415737e-06,7,9.747381e-06,3.224696e-05,1,2,4.172702e-07,5.949402e-06,10,1,0.75,3.141648e-07,4,6,8.589708e-06,5.748511e+09,0.007006156,1.269176,0.6345878,-86.73547,-113.2766,-173.4718,-180.013,0.01616943
5,29,280,1.8e-07,2,9,7.284722e-06,5e-06,4,5.373185e-06,4.114557e-05,1,1,5e-07,1e-05,8,5,0.9351276,4.675992e-07,1,10,1e-05,6.642738e+09,0.01553179,1.495687,0.7478434,-87.3396,-113.8923,-171.8743,-178.427,0.3975117
5,30,281,4.176457e-07,1,9,1e-05,9.73494e-06,10,5.891097e-06,3.414269e-05,1,1,2.925258e-07,9.42054e-06,5,3,1.017508,5e-07,1,6,5.558612e-06,8.853154e+09,0.006545186,0.9563936,0.4781968,-92.09786,-114.7424,-182.8806,-185.5252,0.5415674
5,31,282,4.243323e-07,2,5,5e-06,5e-06,8,5.903971e-06,4.009658e-05,1,1,4.835088e-07,7.591321e-06,6,1,0.9966986,4.434157e-07,4,10,9.478175e-06,8.298832e+09,0.004046334,0.4952314,0.2476157,-82.60782,-106.4951,-174.9175,-178.8048,0.3934984
5,32,283,5e-07,5,10,5.565307e-06,7.240822e-06,7,1e-05,3.261674e-05,1,3,4.767795e-07,5e-06,10,4,0.75,3.091757e-07,3,8,6.377845e-06,3.501334e+09,0.01075419,1.708709,0.8543546,-96.39861,-120.4336,-176.9675,-181.0025,0.106525
5,33,284,3.997736e-07,3,7,1e-05,9.984977e-06,10,8.358026e-06,3.242895e-05,1,3,4.338989e-07,1e-05,6,1,0.75,1.8e-07,1,5,5.112466e-06,4.116862e+09,0.004724568,1.33643,0.6682152,-94.84502,-119.771,-180.3927,-185.3187,0.02554375
5,34,285,2.76e-07,2,6,5.588723e-06,9.393659e-06,9,5e-06,4.02733e-05,1,2,2.903572e-07,5.465207e-06,5,5,0.8178364,5e-07,1,8,7.618035e-06,5.572201e+09,0.006548173,1.514115,0.7570575,-81.41406,-109.5648,-168.1734,-176.3242,0.00866117
5,35,286,5e-07,3,10,1e-05,8.37747e-06,8,6.613695e-06,4.868133e-05,1,3,5e-07,7.004638e-06,8,3,1.01925,5e-07,2,9,7.064292e-06,2.969949e+09,0.01055115,1.825936,0.9129679,-99.70758,-122.2344,-178.9296,-181.4564,0.2054006
5,36,287,3.626976e-07,4,10,5.967407e-06,5.460429e-06,7,9.74229e-06,3.233789e-05,1,4,4.042271e-07,5e-06,5,3,0.75,4.506e-07,4,8,5.995209e-06,3.052305e+09,0.007460883,1.673362,0.8366809,-95.92929,-119.9486,-176.8939,-180.9133,0.1555472
5,37,288,4.14188e-07,3,7,5e-06,6.832817e-06,1,1e-05,4.524076e-05,1,3,3.585404e-07,6.429093e-06,7,2,0.9244775,4.6542e-07,5,7,6.051623e-06,3.73866e+09,0.00804504,1.792262,0.8961311,-92.92158,-117.105,-175.3206,-179.5041,0.09413604
5,38,289,2.867346e-07,1,6,1e-05,1e-05,10,6.351272e-06,3.889848e-05,1,1,3.922278e-07,5e-06,7,2,0.75,3.987489e-07,2,5,5e-06,8.668503e+09,0.003946858,0.4059445,0.2029722,-84.60144,-106.7199,-177.3978,-179.5163,0.5249749
5,39,290,3.808757e-07,2,10,1e-05,1e-05,10,6.506356e-06,3.965154e-05,1,3,3.535542e-07,7.135637e-06,10,1,0.75,4.149191e-07,2,5,7.057151e-06,3.777638e+09,0.006350086,1.622662,0.8113308,-97.53545,-120.9544,-181.0521,-184.471,0.05915256
5,40,291,3.583064e-07,1,5,7.961907e-06,1e-05,10,5.518027e-06,3.4335e-05,1,2,4.016334e-07,8.266161e-06,5,2,0.981236,4.140924e-07,2,9,5.364016e-06,5.773463e+09,0.004916024,1.1748,0.5874,-81.98725,-109.745,-170.2998,-178.0576,0.01743763
5,41,292,5e-07,1,10,9.358139e-06,8.912558e-06,9,6.366923e-06,3e-05,1,2,2.251215e-07,5e-06,8,2,0.75,5e-07,1,5,5.66364e-06,7.035867e+09,0.003959422,1.104109,0.5520545,-84.12921,-111.0349,-175.0992,-182.005,0.1440823
5,42,293,1.882118e-07,3,6,6.162703e-06,7.987214e-06,1,8.950112e-06,3.166968e-05,1,1,3.640887e-07,5.814269e-06,7,4,0.825044,4.701777e-07,3,5,1e-05,9.677017e+09,0.01184787,1.490603,0.7453015,-75.81542,-104.0976,-164.7938,-173.076,0.8395706
5,43,294,5e-07,4,6,5.932668e-06,9.553012e-06,10,8.227492e-06,3.205561e-05,1,2,1.9781e-07,7.071853e-06,8,5,0.75,3.342283e-07,3,5,5e-06,4.984284e+09,0.006853747,1.082622,0.5413108,-81.82681,-109.5912,-167.4196,-175.184,0.0
5,44,295,2.984008e-07,3,5,8.729105e-06,7.332799e-06,4,5.442594e-06,3.756183e-05,1,1,3.791774e-07,9.446646e-06,5,1,0.75,4.453848e-07,1,6,9.797339e-06,1.285172e+10,0.004385864,1.215714,0.6078571,-80.71032,-106.7932,-176.469,-182.5519,2.310232
5,45,296,2.167253e-07,4,7,6.100388e-06,5e-06,6,6.226189e-06,4.049836e-05,1,2,5e-07,7.032249e-06,9,2,0.8217114,4.422183e-07,5,10,5e-06,4.736579e+09,0.01018232,1.567445,0.7837226,-91.51574,-116.3994,-174.9466,-179.8303,0.003466415
5,46,297,2.309707e-07,1,5,6.265864e-06,5.726707e-06,10,5.876894e-06,3.046638e-05,1,2,3.831411e-07,5e-06,6,4,0.75,5e-07,1,8,8.338016e-06,7.007527e+09,0.002916794,0.851391,0.4256955,-69.07939,-97.87169,-161.3416,-170.1339,4.669582
5,47,298,5e-07,4,5,8.230452e-06,5.48274e-06,7,1e-05,4.998068e-05,1,2,4.532527e-07,5.175671e-06,8,4,0.9101702,2.379457e-07,2,9,1e-05,4.298226e+09,0.01106149,1.732809,0.8664044,-94.48997,-118.8513,-176.7176,-181.079,0.05043894
5,48,299,1.8e-07,5,6,8.438095e-06,6.638243e-06,2,6.754914e-06,3e-05,1,5,3.984833e-07,5.204262e-06,7,1,1.2,5e-07,4,8,5.24327e-06,3.191294e+09,0.004808826,1.637773,0.8188864,-89.66071,-115.5344,-172.9197,-178.7933,0.1300386
5,49,300,3.583064e-07,1,8,9.632835e-06,9.399314e-06,7,5.458194e-06,3.618919e-05,1,2,3.708276e-07,9.669407e-06,5,1,1.106153,4.933275e-07,2,7,5e-06,6.736113e+09,0.004660516,1.378038,0.6890189,-89.0855,-114.3529,-178.9693,-184.2367,0.1029168
6,0,301,1.8e-07,1,8,5e-06,1e-05,9,5e-06,5e-05,1,1,5e-07,9.425606e-06,5,2,1.08925,3.972989e-07,5,6,5e-06,7.514444e+09,0.006801549,1.018788,0.5093939,-79.76535,-107.4483,-168.9572,-176.6401,0.2241268
6,1,302,1.8e-07,1,9,5.696406e-06,8.810287e-06,2,5.52315e-06,4.681309e-05,1,2,4.650977e-07,1e-05,10,3,1.2,4.843156e-07,1,5,5.46881e-06,4.923934e+09,0.007170925,1.626596,0.8132981,-90.78003,-115.9664,-176.0705,-181.2569,0.007122942
6,2,303,1.8e-07,4,7,7.712785e-06,5.788624e-06,7,8.982984e-06,3.914293e-05,1,3,5e-07,5.435338e-06,10,1,0.8624855,3.963786e-07,2,6,7.404192e-06,4.4056e+09,0.004890532,1.531869,0.7659347,-92.71433,-117.0826,-178.7009,-183.0691,0.01063182
6,3,304,5e-07,5,10,5e-06,6.238706e-06,10,5e-06,4.609706e-05,1,1,5e-07,5.114305e-06,10,1,0.9428325,4.178441e-07,4,9,5.46603e-06,8.51012e+09,0.005038478,0.8324602,0.4162301,-80.52437,-106.6685,-172.1001,-178.2442,0.4470942
6,4,305,1.8e-07,2,10,5e-06,6.368071e-06,9,6.150062e-06,3e-05,1,3,5e-07,7.923554e-06,6,4,0.8577158,2.943729e-07,2,7,5.800789e-06,4.162242e+09,0.01046056,1.777351,0.8886757,-95.44056,-119.4441,-177.6316,-181.6351,0.05897867
6,5,306,1.8e-07,2,5,6.679387e-06,6.538181e-06,10,5e-06,3e-05,1,3,4.929016e-07,7.397152e-06,5,3,1.2,4.39555e-07,3,9,6.230747e-06,4.103741e+09,0.008694318,1.621942,0.8109712,-94.32999,-118.4327,-177.2012,-181.3039,0.03301575
6,6,307,3.987664e-07,3,5,6.434329e-06,5e-06,3,9.347352e-06,3e-05,1,4,4.000767e-07,5e-06,6,2,1.123397,1.985656e-07,5,10,1e-05,2.992774e+09,0.007787274,1.581626,0.7908131,-93.51552,-118.888,-174.1231,-179.4956,0.1544611
6,7,308,3.151166e-07,2,6,1e-05,1e-05,4,6.143577e-06,3.790624e-05,1,3,3.986375e-07,8.537555e-06,6,1,1.02091,4.91745e-07,2,5,5e-06,5.343225e+09,0.004425687,1.686557,0.8432783,-93.04276,-116.5742,-181.139,-184.6705,0.0177426
6,8,309,2.135716e-07,4,7,5e-06,5.513092e-06,1,7.606222e-06,3.123938e-05,1,3,4.231169e-07,6.059867e-06,10,5,0.75,4.135945e-07,3,7,8.939859e-06,3.648682e+09,0.01263044,1.818103,0.9090515,-87.47513,-115.0407,-167.7037,-175.2692,0.1793797
6,9,310,1.8e-07,1,8,6.24923e-06,1e-05,9,8.969663e-06,3.544189e-05,1,1,4.118918e-07,8.900875e-06,5,3,0.7563745,2.042066e-07,3,8,7.855282e-06,7.279578e+09,0.005798316,0.5381212,0.2690606,-90.94613,-112.2654,-180.5552,-181.8745,0.1826436
6,10,311,4.054184e-07,3,9,5e-06,7.985891e-06,10,6.47703e-06,3.71751e-05,1,2,3.61311e-07,6.023712e-06,6,2,0.75,2.089007e-07,2,6,7.730408e-06,5.882457e+09,0.006264348,1.448932,0.7244658,-88.31241,-114.5465,-175.7348,-181.9689,0.02353862
6,11,312,3.349802e-07,1,10,9.622428e-06,9.893908e-06,10,5e-06,4.356712e-05,1,2,3.340941e-07,1e-05,10,3,0.7791306,3.062724e-07,1,6,7.563362e-06,4.516105e+09,0.007465769,1.41708,0.70854,-79.92905,-108.2705,-164.2936,-172.635,0.006138076
6,12,313,3.914554e-07,2,10,7.397777e-06,8.544416e-06,5,8.27315e-06,4.519705e-05,1,2,2.664962e-07,6.447023e-06,8,4,0.9524174,5e-07,1,6,5.972897e-06,5.330223e+09,0.008671562,1.724261,0.8621305,-95.38001,-118.494,-180.5339,-183.6479,0.02439023
6,13,314,5e-07,5,6,7.15744e-06,8.555362e-06,8,5.945136e-06,3e-05,1,5,4.730649e-07,6.514818e-06,7,1,0.9311128,1.8e-07,3,5,5e-06,3.174017e+09,0.004654298,1.650183,0.8250916,-92.93447,-118.2458,-176.2881,-181.5994,0.1340985
6,14,315,4.325936e-07,1,7,7.412439e-06,1e-05,10,5e-06,4.944393e-05,1,2,5e-07,9.135869e-06,5,2,0.75,5e-07,1,5,5e-06,5.355019e+09,0.002504358,0.8947899,0.447395,-83.39638,-110.8801,-173.9846,-181.4683,0.002500365
6,15,316,1.8e-07,2,10,8.559912e-06,1e-05,10,1e-05,5e-05,1,1,1.955731e-07,5e-06,10,5,0.75,5e-07,1,5,6.028942e-06,6.208716e+09,0.009604529,1.038727,0.5193637,-90.11727,-115.7006,-176.1525,-181.7359,0.04726075
6,16,317,4.407401e-07,2,9,8.329971e-06,8.387986e-06,5,5.641944e-06,4.52685e-05,1,3,2.216659e-07,5.980926e-06,5,3,1.017738,5e-07,4,7,6.240751e-06,3.615528e+09,0.01210378,1.921042,0.9605211,-94.71493,-119.0015,-175.0492,-179.3357,0.1917642
6,17,318,4.442724e-07,5,10,9.980842e-06,1e-05,7,9.187193e-06,4.008119e-05,1,3,2.676973e-07,9.32954e-06,5,3,0.9844288,4.698179e-07,1,5,5e-06,3.794989e+09,0.007389548,1.713594,0.8567968,-99.44628,-121.6976,-182.3443,-184.5957,0.07113243
6,18,319,2.720039e-07,5,5,6.903442e-06,9.982783e-06,1,8.167054e-06,4.447982e-05,1,3,4.230484e-07,1e-05,6,1,0.9998914,4.559378e-07,3,7,7.260502e-06,4.319873e+09,0.006486289,1.747308,0.8736541,-91.38908,-115.7882,-175.9785,-180.3776,0.04119978
6,19,320,2.896132e-07,1,6,7.425837e-06,1e-05,5,5e-06,4.619253e-05,1,2,4.108516e-07,5.651985e-06,8,2,1.2,5e-07,4,10,6.416836e-06,4.550234e+09,0.007445683,1.431431,0.7157157,-85.18155,-112.2044,-169.6232,-176.646,0.005095232
6,20,321,5e-07,5,8,7.995167e-06,5.039531e-06,3,9.721254e-06,5e-05,1,2,3.537223e-07,5.121965e-06,7,5,1.016461,4.715522e-07,2,10,1e-05,4.36269e+09,0.01582759,1.879906,0.939953,-95.5997,-118.9057,-176.4006,-179.7066,0.415778
6,21,322,5e-07,4,8,8.908954e-06,8.984635e-06,4,9.161216e-06,3.39635e-05,1,4,2.980143e-07,9.82608e-06,5,2,0.7544724,4.981076e-07,2,7,8.367701e-06,3.312624e+09,0.009164033,1.865521,0.9327606,-96.42408,-119.7043,-177.2067,-180.4868,0.1643267
6,22,323,2.991287e-07,5,6,9.38651e-06,1e-05,10,1e-05,5e-05,1,1,1.8e-07,5.941417e-06,9,5,0.922689,4.60391e-07,1,5,5.457418e-06,6.189226e+09,0.01045824,1.093083,0.5465415,-89.68054,-115.592,-175.3187,-181.2301,0.04771364
6,23,324,3.806897e-07,2,10,5.354955e-06,9.226453e-06,10,5.622854e-06,5e-05,1,1,5e-07,8.193106e-06,8,2,0.8268031,4.32393e-07,2,5,6.228774e-06,7.581217e+09,0.006076588,1.00239,0.501195,-87.8023,-113.2329,-177.5605,-182.9911,0.2366951
6,24,325,2.360068e-07,2,8,7.946839e-06,1e-05,1,6.112709e-06,4.766944e-05,1,3,2.712222e-07,9.150839e-06,10,3,1.2,4.892107e-07,1,6,6.771549e-06,3.937381e+09,0.01150021,1.975447,0.9877233,-95.71969,-118.4937,-177.0168,-179.7908,0.1615665
6,25,326,4.670671e-07,5,5,1e-05,9.55294e-06,10,5e-06,4.096425e-05,1,5,1.940847e-07,8.576446e-06,10,4,0.75,3.144354e-07,2,5,7.283749e-06,1.967986e+09,0.01249213,1.959812,0.9799061,-97.62145,-121.3534,-172.5355,-176.2675,0.5141218
6,26,327,1.8e-07,2,9,6.942911e-06,9.93254e-06,4,5.744605e-06,4.786866e-05,1,3,5e-07,6.115237e-06,10,1,1.048811,4.164814e-07,1,8,6.103468e-06,4.636679e+09,0.004532663,1.726148,0.8630742,-93.88578,-117.0387,-180.6464,-183.7993,0.02561812
6,27,328,1.8e-07,5,5,5.504328e-06,5e-06,4,5e-06,3e-05,1,4,4.63511e-07,6.478978e-06,5,5,1.2,4.448061e-07,3,9,7.730408e-06,3.049372e+09,0.01342175,1.892654,0.9463272,-96.88071,-120.0799,-175.2868,-178.486,0.3282487
6,28,329,2.360703e-07,3,5,5e-06,7.129739e-06,10,5.477175e-06,3e-05,1,2,4.172702e-07,8.108981e-06,5,3,1.032381,4.871286e-07,4,7,9.334074e-06,5.070759e+09,0.01015124,1.383086,0.6915431,-85.74281,-112.908,-169.7791,-176.9443,0.0002287319
6,29,330,3.107494e-07,2,10,8.569857e-06,9.806529e-06,7,8.137381e-06,4.66085e-05,1,3,4.627327e-07,6.272752e-06,10,2,0.9351276,4.782943e-07,2,5,5.613715e-06,3.417622e+09,0.007172468,1.747842,0.8739212,-99.64441,-121.9516,-181.7622,-184.0694,0.1188224
6,30,331,2.776396e-07,5,5,7.086546e-06,7.810478e-06,1,5.604672e-06,4.689657e-05,1,3,3.181573e-07,5e-06,10,4,1.016461,5e-07,3,6,6.518538e-06,3.736592e+09,0.01494814,2.027876,1.013938,-95.76199,-118.704,-175.4656,-178.4077,0.4250594
6,31,332,4.243323e-07,2,10,5.806038e-06,8.215302e-06,6,8.616595e-06,4.097328e-05,1,2,5e-07,9.550621e-06,10,1,1.155407,4.238318e-07,1,6,7.420549e-06,5.764805e+09,0.005442436,1.480163,0.7400816,-94.25993,-117.627,-182.1177,-185.4848,0.01699216
6,32,333,4.190058e-07,1,6,9.658189e-06,1e-05,1,6.984951e-06,3.261674e-05,1,4,4.530897e-07,6.683099e-06,10,1,0.75,5e-07,2,5,5e-06,5.049214e+09,0.002897919,1.632793,0.8163965,-80.95746,-107.9699,-170.4011,-177.4135,0.007837327
6,33,334,5e-07,5,7,9.908896e-06,9.984977e-06,10,1e-05,4.723331e-05,1,2,3.638166e-07,5e-06,10,5,0.75,4.428302e-07,1,10,5.112466e-06,3.724055e+09,0.01011201,1.546367,0.7731835,-99.50998,-122.5876,-180.8819,-183.9595,0.05867556
6,34,335,1.874721e-07,1,9,7.316102e-06,1e-05,4,5e-06,3.505633e-05,1,1,3.729826e-07,7.859122e-06,5,1,0.8178364,3.330109e-07,3,6,5.120006e-06,1.235913e+10,0.004541478,1.058724,0.5293621,-76.5795,-103.9722,-171.8473,-179.24,2.025949
6,35,336,2.971851e-07,4,9,6.859062e-06,9.399314e-06,1,9.129802e-06,4.14344e-05,1,3,4.021041e-07,7.722371e-06,7,1,0.8066156,4.519246e-07,3,5,6.005783e-06,5.296686e+09,0.00555451,1.791776,0.8958881,-90.43063,-114.4521,-177.4643,-181.4857,0.03932437
6,36,337,2.098716e-07,3,5,6.256805e-06,5e-06,8,5.749683e-06,3.233789e-05,1,2,4.042271e-07,6.879243e-06,5,4,0.75,2.985158e-07,3,10,7.836193e-06,5.61966e+09,0.008649707,1.463074,0.7315368,-71.33864,-100.089,-156.9628,-165.7131,0.01038241
6,37,338,4.904477e-07,4,5,9.768499e-06,7.146499e-06,4,1e-05,4.713703e-05,1,2,4.208989e-07,5.094047e-06,8,1,1.075452,5e-07,5,9,8.001302e-06,4.38239e+09,0.005233375,1.032779,0.5163894,-81.51474,-109.2098,-167.1611,-174.8562,0.01115867
6,38,339,4.694501e-07,5,7,5e-06,8.550966e-06,5,7.089764e-06,3.839461e-05,1,2,4.1308e-07,5e-06,5,5,0.75,3.50765e-07,2,5,7.730408e-06,6.013601e+09,0.006996513,1.601129,0.8005643,-89.74795,-114.7777,-176.8818,-181.9116,0.03663556
6,39,340,3.151166e-07,3,5,9.517577e-06,1e-05,8,6.506356e-06,3e-05,1,4,4.111045e-07,7.135637e-06,5,1,1.02091,4.149191e-07,1,5,5e-06,4.033e+09,0.002962557,1.365294,0.6826469,-96.71168,-119.6468,-184.1076,-187.0427,0.03130736
6,40,341,2.79001e-07,3,8,5e-06,5.332936e-06,3,5.971083e-06,4.823988e-05,1,2,4.981395e-07,8.694029e-06,5,4,1.152641,4.048962e-07,2,7,7.86249e-06,5.110604e+09,0.010717,1.832486,0.916243,-94.34705,-117.4473,-178.2158,-181.3161,0.05427719
6,41,342,4.020674e-07,1,7,1e-05,1e-05,10,7.176544e-06,3e-05,1,2,5e-07,9.517682e-06,8,1,0.9839485,4.088413e-07,2,7,5e-06,5.783637e+09,0.004748192,0.9918339,0.4959169,-92.17924,-116.0516,-180.658,-184.5304,0.01796847
6,42,343,1.8e-07,3,10,6.942911e-06,9.158992e-06,8,5.860936e-06,4.722966e-05,1,3,4.427778e-07,5e-06,6,1,0.7720894,4.924904e-07,1,8,7.332242e-06,4.203877e+09,0.003009696,1.36179,0.6808952,-91.94467,-117.1231,-179.6324,-184.8109,0.02018271
6,43,344,5e-07,1,8,5.932668e-06,1e-05,10,5e-06,3.759995e-05,1,1,1.9781e-07,1e-05,8,2,1.142684,4.538007e-07,3,7,5e-06,8.374178e+09,0.007840076,1.117547,0.5587736,-78.76622,-106.67,-168.2819,-176.1857,0.4121586
6,44,345,4.606993e-07,3,5,6.621844e-06,8.092044e-06,5,1e-05,4.656092e-05,1,4,2.474666e-07,5e-06,9,1,0.7842277,4.272084e-07,3,9,8.85802e-06,2.521503e+09,0.005519524,1.621289,0.8106446,-90.0431,-116.6339,-170.6573,-177.248,0.2421587
6,45,346,2.105499e-07,3,9,1e-05,9.158992e-06,8,6.048707e-06,3.924219e-05,1,4,3.20055e-07,7.253094e-06,6,1,0.8217114,4.80457e-07,1,8,7.332242e-06,3.431045e+09,0.005266002,1.731803,0.8659015,-97.17041,-120.2769,-180.6641,-183.7706,0.1137533
6,46,347,3.12087e-07,1,10,6.485686e-06,8.882661e-06,8,5e-06,4.228342e-05,1,1,3.689887e-07,8.584084e-06,7,5,0.8984191,2.942947e-07,2,10,9.83361e-06,7.036233e+09,0.009274083,1.050452,0.5252261,-71.71357,-100.3746,-158.9877,-167.6487,0.1441369
6,47,348,4.041999e-07,3,5,1e-05,6.289783e-06,5,1e-05,3.888559e-05,1,2,4.532527e-07,7.476288e-06,8,1,1.2,4.994782e-07,5,8,8.36743e-06,4.680662e+09,0.006619788,1.124664,0.5623318,-84.17352,-111.148,-169.3712,-176.3457,0.002003707
6,48,349,1.8e-07,1,8,6.173791e-06,6.90757e-06,6,5.502369e-06,4.066319e-05,1,2,5e-07,1e-05,10,1,1.2,5e-07,1,8,5.914915e-06,6.397588e+09,0.005436178,1.597311,0.7986555,-92.21803,-115.8062,-180.9854,-184.5736,0.06894279
6,49,350,5e-07,2,10,1e-05,9.399314e-06,10,6.971421e-06,4.506196e-05,1,4,4.539085e-07,5.54408e-06,7,2,1.106153,5e-07,1,6,9.749837e-06,2.68953e+09,0.005508873,1.697733,0.8488664,-100.6463,-123.0208,-181.8292,-184.2037,0.220883
7,0,351,2.872431e-07,3,7,1e-05,1e-05,10,9.948877e-06,5e-05,1,3,3.583684e-07,6.239343e-06,10,1,0.9396373,4.950768e-07,3,5,7.001209e-06,2.81961e+09,0.006933849,1.571376,0.7856882,-100.0673,-123.55,-180.6613,-184.1441,0.1825234
7,1,352,1.8e-07,2,5,5.696406e-06,8.584847e-06,2,9.397345e-06,4.583493e-05,1,1,1.8e-07,6.654336e-06,10,5,1.049537,4.873113e-07,5,5,9.156555e-06,6.73613e+09,0.01780909,1.543032,0.7715158,-69.96938,-98.86434,-154.0312,-162.9261,2.003279
7,2,353,3.277928e-07,4,6,1e-05,1e-05,6,6.362791e-06,4.446905e-05,1,3,4.334375e-07,6.835174e-06,9,1,0.8466418,4.213764e-07,2,6,5e-06,4.244966e+09,0.005238578,1.684637,0.8423187,-95.32915,-118.7637,-180.6945,-184.129,0.03302202
7,3,354,3.453714e-07,1,7,1e-05,8.152746e-06,4,6.306765e-06,3.039279e-05,1,5,5e-07,9.245554e-06,9,1,0.9839485,5e-07,1,7,5e-06,3.496348e+09,0.00408248,1.765223,0.8826117,-96.50459,-118.8022,-181.2676,-183.5652,0.1133228
7,4,355,2.026035e-07,5,9,5e-06,7.162873e-06,2,8.329299e-06,4.295686e-05,1,3,4.730578e-07,5.748034e-06,6,1,0.7810785,2.76e-07,4,8,8.330914e-06,4.170446e+09,0.00434787,1.385992,0.692996,-85.33946,-112.0953,-171.3603,-178.1162,0.02216783
7,5,356,2.324695e-07,4,10,7.328577e-06,6.538181e-06,10,8.267435e-06,4.11406e-05,1,2,4.553211e-07,1e-05,5,1,1.2,1.8e-07,1,6,6.230747e-06,5.9699e+09,0.004957572,1.358456,0.6792279,-89.94462,-115.6669,-178.5113,-184.2336,0.02909366
7,6,357,5e-07,3,8,5e-06,5e-06,10,5.799727e-06,3.764132e-05,1,2,4.677438e-07,7.190751e-06,5,3,1.039695,4.640072e-07,3,6,1e-05,5.232501e+09,0.007804117,1.459946,0.7299731,-90.90563,-115.3933,-176.3566,-180.8442,0.0006749917
7,7,358,3.151166e-07,3,10,1e-05,6.949675e-06,4,6.033921e-06,3.327315e-05,1,3,5e-07,8.794155e-06,6,1,1.0441,2.046088e-07,2,5,7.933943e-06,5.893733e+09,0.005295805,1.662595,0.8312977,-86.79027,-112.3935,-174.9588,-180.562,0.03597181
7,8,359,5e-07,3,9,8.496197e-06,8.998461e-06,10,8.241715e-06,3.460553e-05,1,4,4.25161e-07,1e-05,6,1,0.9492131,2.194157e-07,1,5,5e-06,3.199261e+09,0.004764018,1.559497,0.7797485,-96.52817,-121.1139,-179.8494,-184.4352,0.1220445
7,9,360,4.726184e-07,2,7,8.099422e-06,8.394251e-06,10,6.110825e-06,3.259725e-05,1,2,2.389927e-07,5e-06,5,3,0.75,2.198798e-07,2,8,7.855282e-06,6.209892e+09,0.005669073,1.252228,0.626114,-78.60341,-106.5237,-166.93,-174.8503,0.04736101
7,10,361,3.427596e-07,5,5,5e-06,7.985891e-06,10,5.442015e-06,3.71751e-05,1,2,4.263219e-07,5.099841e-06,5,5,0.8180773,3.524021e-07,4,6,9.46152e-06,4.809769e+09,0.009100076,1.462096,0.7310482,-86.03085,-113.1571,-170.0829,-177.2091,0.0003390916
7,11,362,1.8e-07,5,8,5e-06,5e-06,10,9.718569e-06,4.356712e-05,1,4,4.730578e-07,5e-06,5,2,0.75,3.384864e-07,1,9,7.563362e-06,3.098739e+09,0.004600301,1.638134,0.819067,-96.60974,-120.2912,-179.8056,-183.4871,0.1436134
7,12,363,2.035328e-07,5,6,9.707345e-06,5e-06,6,5e-06,4.274002e-05,1,3,5e-07,5.109694e-06,8,1,1.077447,3.963786e-07,5,7,9.071568e-06,3.602163e+09,0.004795619,1.280215,0.6401077,-85.38707,-112.4079,-169.7099,-176.7307,0.0701533
7,13,364,2.229224e-07,2,6,5.998666e-06,7.162873e-06,1,9.459988e-06,4.202289e-05,1,2,4.88868e-07,6.597615e-06,7,1,0.75,2.016606e-07,3,6,8.207655e-06,7.453769e+09,0.004291454,1.486735,0.7433676,-81.94493,-108.351,-173.0664,-179.4725,0.2130037
7,14,365,3.971461e-07,1,7,7.412439e-06,1e-05,1,9.034439e-06,3.885349e-05,1,3,3.301103e-07,9.135869e-06,7,1,0.8964412,5e-07,2,5,5e-06,6.114883e+09,0.004136106,1.773452,0.886726,-88.50194,-112.8621,-178.0638,-182.424,0.07283343
7,15,366,2.67576e-07,1,10,9.298847e-06,1e-05,5,5.219827e-06,5e-05,1,3,4.509069e-07,8.299766e-06,10,5,0.75,4.21911e-07,1,5,5.912487e-06,2.823219e+09,0.006641103,1.600278,0.800139,-87.67055,-115.4248,-168.463,-176.2173,0.1841036
7,16,367,1.902689e-07,2,5,5e-06,8.988753e-06,1,6.615271e-06,4.33756e-05,1,1,4.975152e-07,5e-06,8,4,1.2,5e-07,5,10,8.687085e-06,6.518065e+09,0.01133536,1.09941,0.5497051,-75.58303,-103.7888,-161.3211,-169.5268,0.09514479
7,17,368,1.8e-07,2,6,8.723092e-06,5.811352e-06,9,5e-06,3.801742e-05,1,2,4.980461e-07,5.717072e-06,8,1,0.9844288,3.885957e-07,3,10,1e-05,5.305882e+09,0.005067838,1.027442,0.5137208,-82.20411,-109.1382,-169.651,-176.5852,0.001629654
7,18,369,3.902091e-07,1,5,1e-05,9.982783e-06,1,6.984951e-06,4.447982e-05,1,4,2.89637e-07,5e-06,10,2,0.7945931,5e-07,2,6,5.838841e-06,3.926465e+09,0.003778164,1.761358,0.8806792,-81.08419,-108.6922,-167.1914,-174.7994,0.06983323
7,19,370,2.896132e-07,1,5,8.390107e-06,1e-05,8,5e-06,4.869684e-05,1,1,3.766029e-07,1e-05,6,4,0.7791306,5e-07,1,5,5e-06,7.904935e+09,0.003625944,0.5029299,0.251465,-75.8035,-101.6393,-168.1673,-174.003,0.302486
7,20,371,4.30885e-07,4,7,9.585331e-06,8.392671e-06,10,1e-05,3.415725e-05,1,3,2.62809e-07,5.91554e-06,10,2,0.75,4.090912e-07,2,7,7.706506e-06,3.502503e+09,0.0109724,1.729062,0.8645312,-98.11918,-121.7833,-178.6037,-182.2678,0.1141165
7,21,372,3.798801e-07,2,8,1e-05,5.832799e-06,10,7.798217e-06,3.088935e-05,1,4,4.344785e-07,5.180846e-06,6,1,0.9151962,1.8e-07,1,9,5e-06,4.102442e+09,0.003440856,1.429031,0.7145155,-91.27727,-116.9445,-178.1715,-183.8387,0.02649308
7,22,373,4.043843e-07,4,6,5e-06,7.088627e-06,4,9.27213e-06,4.897988e-05,1,1,1.8e-07,6.08015e-06,8,5,1.058926,4.642985e-07,5,10,5.457418e-06,6.392881e+09,0.01903958,1.58822,0.7941098,-83.22458,-110.8386,-166.5419,-174.1559,0.8848639
7,23,374,3.806897e-07,4,5,6.873768e-06,5.385312e-06,10,5.622854e-06,3e-05,1,3,3.644406e-07,5e-06,7,4,0.75,4.606063e-07,5,9,7.294863e-06,3.613235e+09,0.008061295,1.383824,0.691912,-76.25904,-104.5915,-158.3529,-166.6854,0.06896142
7,24,375,3.830583e-07,2,7,5.061567e-06,7.948238e-06,10,5e-06,3.368181e-05,1,2,3.149512e-07,6.541477e-06,5,2,1.090591,5e-07,4,7,8.748207e-06,5.259402e+09,0.007515625,1.288174,0.6440872,-85.01234,-111.9155,-170.6714,-177.5745,0.0009768891
7,25,376,2.110356e-07,1,5,6.026571e-06,1e-05,10,5e-06,3.407713e-05,1,3,4.668104e-07,7.416753e-06,5,1,1.2,4.266542e-07,1,10,5e-06,4.759648e+09,0.003033333,1.207345,0.6036723,-91.99509,-116.6773,-180.7274,-185.4096,0.0008204417
7,26,377,4.442478e-07,3,7,9.351814e-06,7.018344e-06,10,8.424666e-06,5e-05,1,3,5e-07,5e-06,8,5,0.9947065,4.371445e-07,3,8,8.048914e-06,2.557796e+09,0.01235153,1.812362,0.9061812,-101.2967,-123.8599,-178.5368,-181.1,0.3271464
7,27,378,1.8e-07,5,10,9.13987e-06,5.245104e-06,6,9.182171e-06,3e-05,1,4,4.553211e-07,1e-05,8,1,1.2,1.8e-07,1,7,7.730408e-06,4.110114e+09,0.007808258,1.820755,0.9103775,-88.15321,-114.6165,-171.5047,-177.9681,0.07171198
7,28,379,2.360703e-07,2,8,7.167591e-06,7.26994e-06,7,5.787562e-06,3e-05,1,3,4.172702e-07,5e-06,7,5,0.75,3.816085e-07,4,5,6.148056e-06,4.205052e+09,0.009089568,1.722236,0.8611181,-87.97434,-115.1212,-170.8643,-178.0112,0.04206527
7,29,380,4.606993e-07,4,7,8.569857e-06,6.975746e-06,9,5.37009e-06,4.632057e-05,1,3,5e-07,1e-05,5,1,1.194653,1.8e-07,1,6,7.127181e-06,4.559782e+09,0.004553324,1.651055,0.8255273,-89.29465,-115.3251,-175.8902,-181.9207,0.01496195
7,30,381,1.8e-07,3,9,6.949149e-06,7.587243e-06,10,7.255175e-06,3.656453e-05,1,2,5e-07,5e-06,6,1,1.065,5e-07,1,7,7.429375e-06,6.285206e+09,0.002660548,0.7538569,0.3769285,-90.71013,-114.2844,-182.4268,-186.0011,0.05400666
7,31,382,1.8e-07,3,8,6.690977e-06,1e-05,1,6.713981e-06,3.644426e-05,1,3,4.289383e-07,5e-06,10,1,0.9695936,4.434157e-07,3,7,5e-06,5.59128e+09,0.005268853,1.707523,0.8537616,-88.57837,-113.2947,-176.3114,-181.0278,0.02841976
7,32,383,5e-07,1,6,5.417496e-06,1e-05,10,5.770507e-06,4.272281e-05,1,2,4.030011e-07,1e-05,5,1,1.054611,4.644998e-07,2,6,5e-06,5.58301e+09,0.003107167,1.016214,0.508107,-88.38612,-113.9667,-178.3998,-183.9804,0.008969578
7,33,384,3.997736e-07,1,7,9.574783e-06,9.984977e-06,10,6.579685e-06,3e-05,1,4,4.588761e-07,1e-05,6,1,0.75,4.404434e-07,1,5,5e-06,3.557204e+09,0.002771195,1.170886,0.585443,-92.94469,-118.2272,-179.5402,-184.8227,0.07509797
7,34,385,4.112087e-07,2,7,6.277148e-06,1e-05,10,5e-06,4.372751e-05,1,3,5e-07,8.297306e-06,5,2,0.75,4.080973e-07,1,8,5e-06,3.951973e+09,0.003735516,1.462664,0.731332,-92.27455,-117.6427,-178.4873,-183.8555,0.03743257
7,35,386,3.540544e-07,2,9,6.859062e-06,9.045683e-06,10,9.333981e-06,3.198841e-05,1,1,4.021041e-07,8.204808e-06,7,3,0.75,4.519246e-07,3,5,8.214116e-06,7.192178e+09,0.007470307,0.6540363,0.3270181,-91.16141,-113.2183,-179.5652,-181.6221,0.1682895
7,36,387,2.681551e-07,3,5,6.147804e-06,6.973537e-06,1,5.749683e-06,5e-05,1,2,4.641723e-07,8.505054e-06,7,1,0.75,5e-07,5,10,1e-05,4.131155e+09,0.005479076,1.036274,0.5181371,-74.38725,-102.4043,-159.3216,-167.3387,0.02461983
7,37,388,4.904477e-07,5,9,8.979058e-06,5e-06,8,1e-05,4.086401e-05,1,2,3.540568e-07,5e-06,9,4,0.7797285,1.8e-07,1,7,7.913682e-06,5.348447e+09,0.01315253,1.832179,0.9160894,-89.25598,-115.7311,-172.6304,-179.1055,0.150799
7,38,389,4.694501e-07,5,7,5e-06,8.550966e-06,10,9.229517e-06,3.734758e-05,1,2,2.952073e-07,7.239246e-06,10,5,0.75,5e-07,2,5,7.706506e-06,4.210879e+09,0.008524667,1.217943,0.6089715,-82.57493,-110.4676,-165.7556,-173.6483,0.01977875
7,39,390,1.8e-07,4,5,5e-06,1e-05,8,6.506356e-06,4.660712e-05,1,2,4.111045e-07,7.049695e-06,5,2,1.02091,4.149191e-07,3,7,1e-05,4.408379e+09,0.007937334,1.431436,0.7157181,-91.19453,-117.0681,-175.0834,-180.957,0.01006626
7,40,391,3.705442e-07,1,5,1e-05,1e-05,10,6.626442e-06,3.3124e-05,1,3,4.734931e-07,6.865672e-06,10,1,1.068654,3.990575e-07,3,6,5.760787e-06,3.954966e+09,0.004849646,1.312549,0.6562743,-93.29511,-118.1535,-178.3809,-183.2393,0.03719658
7,41,392,5e-07,2,7,8.999632e-06,1e-05,3,5.539825e-06,4.06873e-05,1,3,1.819732e-07,5.012237e-06,8,5,0.75,4.466687e-07,1,5,5e-06,4.858937e+09,0.005499134,1.734568,0.8672838,-90.43888,-115.0448,-176.7668,-181.3727,0.02452442
7,42,393,3.571806e-07,4,9,6.942911e-06,9.158992e-06,10,6.851658e-06,3.902546e-05,1,3,5e-07,5e-06,9,1,1.042176,4.924904e-07,1,8,6.193486e-06,4.052075e+09,0.00350991,1.272878,0.636439,-95.24788,-119.1719,-181.9485,-185.8725,0.02994492
7,43,394,3.419584e-07,2,6,7.423296e-06,5e-06,10,8.227492e-06,3.362642e-05,1,2,4.580932e-07,6.879243e-06,5,4,0.8863329,1.8e-07,2,9,7.742868e-06,5.619122e+09,0.008770513,1.554245,0.7771226,-88.06768,-114.6581,-173.6308,-180.2212,0.01166871
7,44,395,4.282025e-07,2,7,6.621844e-06,7.948238e-06,7,1e-05,4.375615e-05,1,2,2.683574e-07,6.197947e-06,6,2,1.2,4.256606e-07,5,8,9.797339e-06,3.862828e+09,0.01080743,1.443912,0.7219561,-89.97668,-116.752,-171.3776,-178.1529,0.05132277
7,45,396,3.385157e-07,4,10,9.888608e-06,8.119809e-06,10,1e-05,4.762813e-05,1,2,3.806925e-07,6.323713e-06,10,3,0.8217114,2.785767e-07,1,6,5e-06,4.192411e+09,0.009726904,1.639475,0.8197373,-97.63826,-121.4623,-180.2078,-184.0318,0.02949892
7,46,397,5e-07,3,5,5e-06,5.893659e-06,9,5e-06,3.162222e-05,1,3,5e-07,6.998732e-06,5,4,1.020623,4.748051e-07,2,9,1e-05,3.956084e+09,0.007069262,1.53255,0.7662748,-90.10984,-115.6372,-173.5614,-179.0887,0.0375795
7,47,398,3.271265e-07,1,6,1e-05,1e-05,10,7.176544e-06,3.822727e-05,1,2,4.894964e-07,8.764293e-06,8,2,1.2,4.088413e-07,5,8,8.36743e-06,3.926599e+09,0.009593089,1.282693,0.6413464,-88.77625,-115.4976,-170.837,-177.5584,0.03946311
7,48,399,3.096183e-07,1,9,1e-05,1e-05,10,6.736842e-06,3.686232e-05,1,4,5e-07,1e-05,10,2,0.8021073,5e-07,1,7,5e-06,2.633158e+09,0.00567267,1.588879,0.7944397,-98.42714,-122.4959,-179.2988,-183.3675,0.2175289
7,49,400,1.8e-07,2,5,5.84187e-06,7.687067e-06,10,5e-06,4.506196e-05,1,3,4.887124e-07,5e-06,8,1,1.10317,5e-07,3,9,6.664938e-06,3.578725e+09,0.004046357,1.271164,0.6355819,-88.22441,-114.582,-173.2283,-179.5859,0.07271007
8,0,401,4.195185e-07,2,10,7.034518e-06,7.530549e-06,10,1e-05,5e-05,1,3,3.712565e-07,5e-06,10,2,0.75,3.545229e-07,2,6,6.113015e-06,3.133021e+09,0.00635763,1.659346,0.8296732,-98.17923,-121.9458,-180.0655,-183.8321,0.1413231
8,1,402,1.8e-07,5,5,5e-06,8.602997e-06,8,5.52315e-06,4.752475e-05,1,2,4.819895e-07,1e-05,5,1,1.2,1.954224e-07,3,6,5.46881e-06,5.71678e+09,0.005419892,1.440929,0.7204643,-88.6531,-114.3782,-176.4562,-182.1813,0.01462584
8,2,403,3.280618e-07,4,5,6.577974e-06,8.111224e-06,10,7.033531e-06,3e-05,1,3,4.176592e-07,1e-05,5,1,0.8974686,1.8e-07,2,6,8.146318e-06,4.619665e+09,0.005715805,1.44438,0.7221902,-91.87801,-117.45,-177.5994,-183.1714,0.003273113
8,3,404,2.982515e-07,1,9,9.352462e-06,8.152746e-06,4,5e-06,4.827676e-05,1,5,3.653693e-07,7.280666e-06,10,3,0.75,4.718093e-07,1,7,7.474266e-06,2.271089e+09,0.005993377,1.896355,0.9481776,-97.56287,-120.7648,-176.9108,-180.1128,0.3576667
8,4,405,3.942332e-07,5,9,5e-06,1e-05,3,8.329299e-06,4.006605e-05,1,4,3.799419e-07,5.528342e-06,6,1,0.75,2.76e-07,4,6,6.546142e-06,3.52469e+09,0.004543989,1.635855,0.8179277,-91.74716,-116.9683,-176.1152,-181.3363,0.08698167
8,5,406,2.324695e-07,3,7,7.328577e-06,9.57952e-06,1,7.890862e-06,4.11406e-05,1,2,3.423245e-07,1e-05,5,1,1.2,4.663472e-07,5,6,7.120884e-06,5.8834e+09,0.007388861,1.535926,0.7679629,-84.59174,-111.8544,-171.2985,-178.5612,0.02416902
8,6,407,3.273093e-07,5,9,5.546212e-06,9.566719e-06,4,5.799727e-06,3.764132e-05,1,2,4.133265e-07,7.486222e-06,5,4,1.039695,5e-07,1,5,6.248218e-06,6.526793e+09,0.006704033,1.682645,0.8413227,-93.04652,-116.341,-181.0772,-184.3716,0.09309387
8,7,408,2.601273e-07,4,10,1e-05,1e-05,5,1e-05,3.659025e-05,1,3,5e-07,8.286621e-06,8,1,0.8122205,4.91745e-07,3,5,5.166941e-06,4.161373e+09,0.005271307,1.507348,0.7536738,-95.2219,-118.9822,-180.3874,-184.1478,0.02274658
8,8,409,3.926726e-07,4,7,8.496197e-06,5.654348e-06,8,5e-06,3.620158e-05,1,4,3.535542e-07,6.059867e-06,8,2,0.75,4.959813e-07,3,5,8.986544e-06,3.231909e+09,0.008577297,1.863965,0.9319823,-96.63047,-119.6716,-177.4861,-180.5273,0.1747661
8,9,410,3.342386e-07,1,9,7.452652e-06,1e-05,10,5e-06,5e-05,1,1,2.975023e-07,5.788031e-06,7,4,0.75,4.947433e-07,1,8,7.510721e-06,7.864449e+09,0.004534367,0.7502174,0.3751087,-82.33517,-109.4048,-173.6834,-180.753,0.293817
8,10,411,3.268172e-07,3,6,5e-06,1e-05,4,8.494195e-06,3.702924e-05,1,4,4.263219e-07,1e-05,5,1,0.7824967,2.67745e-07,4,5,9.46152e-06,3.237277e+09,0.004950209,1.593796,0.7968982,-92.79694,-117.9223,-176.0543,-181.1797,0.1190558
8,11,412,2.716011e-07,1,10,1e-05,1e-05,4,7.969441e-06,4.704061e-05,1,2,3.877355e-07,7.253094e-06,9,2,0.7791306,5e-07,3,5,5e-06,5.296601e+09,0.007079427,1.657767,0.8288836,-89.14435,-115.2726,-175.1243,-181.2525,0.01254848
8,12,413,3.186222e-07,1,10,1e-05,9.848439e-06,10,6.809501e-06,3.770259e-05,1,2,4.410494e-07,8.10181e-06,9,1,0.8137045,4.535581e-07,1,5,5e-06,5.632377e+09,0.003795264,1.050163,0.5250815,-95.92269,-118.3052,-185.1441,-187.5266,0.01089676
8,13,414,2.671839e-07,2,5,5e-06,5.753015e-06,2,7.064325e-06,3e-05,1,4,4.630427e-07,5e-06,5,2,1.108747,5e-07,5,5,6.786129e-06,3.962358e+09,0.0046023,1.535653,0.7678265,-88.31217,-113.7395,-173.6415,-179.0689,0.03718186
8,14,415,1.8e-07,4,8,6.665679e-06,1e-05,7,5e-06,5e-05,1,2,4.490621e-07,5e-06,5,1,1.001917,5e-07,1,5,5e-06,6.715222e+09,0.002110935,1.112603,0.5563013,-89.65118,-114.3788,-182.9476,-187.6752,0.1003054
8,15,416,1.8e-07,2,10,8.559912e-06,8.221582e-06,7,5e-06,5e-05,1,1,4.578794e-07,8.821831e-06,7,3,1.2,4.79059e-07,1,5,7.10138e-06,8.135709e+09,0.0078051,1.351344,0.675672,-87.749,-113.0398,-177.0331,-182.3239,0.3543073
8,16,417,2.393322e-07,5,7,5.269966e-06,7.457242e-06,1,9.750246e-06,3.869452e-05,1,2,4.027405e-07,9.248034e-06,5,1,1.080616,2.576998e-07,3,7,8.182963e-06,7.181953e+09,0.006299734,1.555294,0.777647,-84.06374,-110.4473,-173.1954,-179.5789,0.1680075
8,17,418,1.8e-07,2,8,5e-06,5.811352e-06,9,5e-06,5e-05,1,3,5e-07,7.44397e-06,10,1,1.2,4.380116e-07,1,8,6.431635e-06,4.188771e+09,0.005098187,1.752653,0.8763265,-95.69683,-118.5097,-181.0644,-183.8772,0.04943865
8,18,419,4.538541e-07,1,8,6.826443e-06,1e-05,1,5e-06,4.03037e-05,1,3,4.230484e-07,1e-05,5,1,1.000263,4.559378e-07,2,5,5e-06,6.529733e+09,0.00350997,1.755826,0.8779129,-88.32638,-111.86,-179.1713,-182.7048,0.1076779
8,19,420,5e-07,5,5,5.165383e-06,1e-05,10,7.335054e-06,3e-05,1,2,2.392205e-07,5.651985e-06,5,2,0.75,2.473409e-07,5,6,9.133353e-06,5.3566e+09,0.005977417,0.9708328,0.4854164,-78.71096,-106.4999,-165.5236,-173.3126,0.002531477
8,20,421,5e-07,3,6,8.256418e-06,9.070943e-06,10,8.203022e-06,3.65312e-05,1,2,3.343585e-07,9.476377e-06,8,3,0.8965236,3.322967e-07,1,5,6.550815e-06,4.782353e+09,0.008454907,1.460285,0.7301423,-94.57979,-119.1507,-178.9015,-183.4724,0.0005764647
8,21,422,3.707964e-07,2,5,6.895468e-06,8.177358e-06,10,5e-06,3.770311e-05,1,4,5e-07,7.416753e-06,5,1,1.196257,2.262111e-07,1,10,5.004408e-06,3.74287e+09,0.003318584,1.499581,0.7497904,-93.51776,-118.0913,-179.7723,-184.3459,0.05576634
8,22,423,4.098197e-07,5,6,8.209952e-06,1e-05,10,6.754914e-06,3e-05,1,2,2.764994e-07,5.941417e-06,8,5,0.75,1.8e-07,4,5,9.997666e-06,4.848051e+09,0.01397399,1.5992,0.7996,-85.07801,-112.7432,-167.3362,-175.0014,0.1624123
8,23,424,4.027444e-07,5,9,6.577974e-06,8.71053e-06,10,7.008919e-06,3.502257e-05,1,2,4.239954e-07,7.893602e-06,5,2,0.75,4.606063e-07,2,5,8.23553e-06,5.549994e+09,0.006421987,1.356002,0.6780008,-93.53917,-117.6864,-180.3483,-184.4955,0.007785268
8,24,425,4.833745e-07,1,8,5.914817e-06,6.237472e-06,5,5.661596e-06,3.368181e-05,1,2,5e-07,1e-05,6,2,1.2,5e-07,3,7,5.771329e-06,6.284932e+09,0.00581821,1.40365,0.7018252,-85.47363,-111.2542,-173.7918,-179.5723,0.05398172
8,25,426,2.379096e-07,2,10,6.026571e-06,5.72521e-06,4,5e-06,3.74545e-05,1,5,5e-07,5.636208e-06,5,1,0.9548271,2.623874e-07,1,9,5.704048e-06,4.13484e+09,0.002771199,1.682595,0.8412977,-88.90044,-113.5151,-176.8029,-181.4176,0.0392027
8,26,427,1.8e-07,2,10,9.352462e-06,9.599538e-06,10,5.744605e-06,4.782946e-05,1,3,4.044115e-07,6.115237e-06,10,3,0.75,3.245726e-07,1,7,6.103468e-06,3.240475e+09,0.009754883,1.850299,0.9251493,-99.35599,-122.1184,-179.6759,-182.4384,0.1692405
8,27,428,3.661433e-07,5,5,6.577974e-06,9.393785e-06,10,8.469414e-06,3.142531e-05,1,2,2.903572e-07,1e-05,5,1,0.75,3.387316e-07,2,5,8.225045e-06,5.665386e+09,0.006190341,1.21225,0.606125,-91.64372,-116.9913,-178.7912,-184.1388,0.01228994
8,28,429,5e-07,3,5,6.0873e-06,7.129739e-06,10,8.290516e-06,3.105443e-05,1,1,4.172702e-07,7.932658e-06,8,4,1.024232,4.871286e-07,4,7,1e-05,6.703802e+09,0.01085589,0.9530155,0.4765077,-80.2567,-108.0817,-166.4265,-174.2514,0.1062176
8,29,430,3.066206e-07,5,10,5e-06,6.260244e-06,2,9.121716e-06,4.61462e-05,1,2,4.198546e-07,7.773555e-06,5,2,0.7810785,2.484244e-07,5,7,9.44318e-06,4.912723e+09,0.009288643,1.611812,0.8059059,-89.93683,-115.3695,-174.0838,-179.5165,0.005556396
8,30,431,4.029457e-07,5,7,5.486837e-06,7.948364e-06,10,7.079948e-06,3.656453e-05,1,2,3.011947e-07,1e-05,5,2,0.9891099,2.745964e-07,2,6,1e-05,5.368937e+09,0.01191983,1.709692,0.8548459,-93.62557,-118.3072,-177.4606,-182.1423,0.05918082
8,31,432,3.105002e-07,4,5,1e-05,9.365432e-06,5,5.891097e-06,3.453438e-05,1,2,3.290821e-07,9.442763e-06,8,1,0.9972137,4.117852e-07,4,7,5e-06,6.213822e+09,0.009392095,1.65259,0.8262949,-90.40995,-115.5788,-176.5495,-181.7183,0.05804531
8,32,433,1.8e-07,5,8,5e-06,5e-06,1,6.984951e-06,3.261674e-05,1,4,5e-07,5e-06,5,2,0.75,2.523533e-07,2,5,9.230679e-06,5.129065e+09,0.004874945,1.796339,0.8981695,-87.44945,-112.123,-174.7705,-179.4441,0.03906215
8,33,434,5e-07,2,6,8.21519e-06,1e-05,10,5e-06,3e-05,1,3,3.421278e-07,1e-05,5,2,0.75,4.076199e-07,2,5,5.112466e-06,4.739978e+09,0.004413254,1.336138,0.6680692,-82.49073,-110.0303,-169.5587,-177.0983,0.001066513
8,34,435,1.8e-07,3,9,8.02032e-06,1e-05,9,1e-05,5e-05,1,1,1.8e-07,6.117759e-06,10,5,0.8258901,5e-07,3,5,5.514863e-06,5.853614e+09,0.0200345,1.582311,0.7911554,-94.77697,-119.2707,-177.1077,-181.6014,1.031758
8,35,436,2.971851e-07,5,7,5.442683e-06,8.212189e-06,7,9.129802e-06,3.309834e-05,1,2,3.964053e-07,1e-05,5,1,0.75,4.519246e-07,2,5,7.977133e-06,6.262372e+09,0.004964609,1.21938,0.60969,-89.20052,-114.7924,-178.1764,-183.7683,0.05194575
8,36,437,1.8e-07,2,10,5e-06,9.027271e-06,2,5e-06,5e-05,1,3,5e-07,7.758093e-06,5,2,1.087089,2.985158e-07,1,7,5e-06,5.270685e+09,0.005220455,1.890144,0.9450719,-90.92687,-114.5722,-178.1871,-181.8325,0.06876993
8,37,438,5e-07,2,6,7.397777e-06,6.289783e-06,6,8.945551e-06,3e-05,1,3,4.049691e-07,9.541502e-06,8,4,1.010363,4.943687e-07,4,7,6.051623e-06,3.467659e+09,0.01034035,1.614165,0.8070825,-90.26258,-116.8676,-170.918,-177.523,0.09239885
8,38,439,3.48334e-07,5,7,9.636742e-06,5.31504e-06,6,1e-05,4.370472e-05,1,3,4.704524e-07,7.239246e-06,9,1,0.75,3.604343e-07,5,7,7.706506e-06,3.334844e+09,0.006967052,1.546545,0.7732726,-93.02565,-118.1519,-175.0567,-180.183,0.1029918
8,39,440,4.159707e-07,5,6,6.694513e-06,5e-06,8,7.343852e-06,4.582325e-05,1,2,4.093638e-07,5e-06,5,2,1.095536,5e-07,3,10,1e-05,4.502386e+09,0.006269074,1.207789,0.6038947,-84.17058,-111.6351,-169.2674,-176.7319,0.006584619
8,40,441,5e-07,1,5,7.172361e-06,9.174014e-06,9,5e-06,4.04842e-05,1,3,3.953311e-07,8.266161e-06,5,2,0.9874751,4.076199e-07,3,6,5e-06,4.125378e+09,0.003907831,1.416914,0.7084569,-84.58186,-111.9237,-170.9718,-178.3137,0.02499121
8,41,442,1.8e-07,1,5,1e-05,6.461692e-06,9,5e-06,3e-05,1,2,5e-07,9.517682e-06,6,1,1.043727,4.458527e-07,4,10,9.169241e-06,5.480458e+09,0.005672346,0.9123054,0.4561527,-79.31493,-106.4345,-166.5536,-173.6732,0.005565115
8,42,443,3.630131e-07,3,10,6.162585e-06,8.791739e-06,9,6.07141e-06,4.615638e-05,1,2,3.349469e-07,5e-06,9,1,0.8386463,5e-07,1,8,7.332242e-06,5.627582e+09,0.004771339,1.429001,0.7145004,-92.59849,-117.3521,-180.8185,-185.5722,0.01070138
8,43,444,2.742224e-07,1,7,1e-05,7.082959e-06,10,5.842241e-06,3.495754e-05,1,3,5e-07,7.936363e-06,6,1,1.096873,3.669537e-07,3,10,5e-06,4.238768e+09,0.004509173,1.312515,0.6562576,-89.85417,-115.3958,-175.858,-181.3996,0.01821025
8,44,445,1.943338e-07,5,9,5e-06,5.120037e-06,1,1e-05,4.375615e-05,1,3,5e-07,8.297178e-06,5,2,1.2,1.8e-07,5,7,1e-05,3.648473e+09,0.009694786,1.76334,0.8816701,-91.9096,-116.999,-173.2864,-178.3758,0.09605747
8,45,446,4.632713e-07,2,7,9.888608e-06,8.53248e-06,10,6.545624e-06,3.924219e-05,1,2,4.404699e-07,7.253094e-06,9,4,0.8965236,3.448746e-07,1,5,5.394363e-06,4.710364e+09,0.007327709,1.425313,0.7126563,-91.58635,-117.2607,-176.3978,-182.0721,0.001497787
8,46,447,3.406309e-07,2,10,1e-05,7.009182e-06,4,7.8304e-06,4.265851e-05,1,4,4.679578e-07,6.504559e-06,10,1,1.03253,1.8e-07,1,8,5e-06,3.941366e+09,0.005675399,1.862453,0.9312264,-88.71586,-114.7936,-173.0888,-179.1666,0.0966624
8,47,448,4.041999e-07,2,5,1e-05,1e-05,5,6.925222e-06,4.500604e-05,1,2,1.80472e-07,9.27401e-06,10,4,1.2,1.992422e-07,1,5,5e-06,4.883458e+09,0.01323812,1.807204,0.9036018,-90.54479,-116.5026,-173.1011,-179.0589,0.1468094
8,48,449,4.50951e-07,4,5,6.5e-06,7.244515e-06,4,8.000776e-06,3.014429e-05,1,5,4.698529e-07,8.641759e-06,10,4,1.124924,5e-07,2,10,6.894554e-06,2.060906e+09,0.01375058,1.923328,0.9616639,-101.8173,-124.0047,-176.7152,-178.9027,0.5560284
8,49,450,4.504023e-07,3,8,5.84187e-06,9.22819e-06,10,5e-06,4.07013e-05,1,2,4.836928e-07,7.907602e-06,5,2,1.117459,4.025998e-07,3,5,7.855282e-06,5.290064e+09,0.006456783,1.412642,0.7063212,-92.16752,-116.6721,-178.5366,-183.0412,0.001388868
9,0,451,3.087773e-07,2,5,5.088219e-06,1e-05,4,5.360686e-06,3.94483e-05,1,3,3.993419e-07,1e-05,6,1,1.108506,4.865674e-07,1,6,5e-06,5.559852e+09,0.003771876,1.707217,0.8536085,-93.72083,-116.6274,-182.8565,-185.7631,0.02721405
9,1,452,1.8e-07,2,5,8.045645e-06,8.810287e-06,4,9.330815e-06,3.076103e-05,1,2,4.650977e-07,1e-05,7,4,0.9968735,3.958383e-07,1,8,9.624223e-06,5.248745e+09,0.01219777,1.666388,0.8331939,-92.60828,-117.8509,-176.1466,-181.3892,0.06145687
9,2,453,2.272458e-07,4,6,6.577974e-06,1e-05,10,5e-06,3e-05,1,2,3.327672e-07,7.066316e-06,9,5,0.8974686,2.419877e-07,3,6,8.146318e-06,4.790426e+09,0.02138404,1.815339,0.9076696,-94.93286,-119.6409,-175.2394,-179.9475,1.340658
9,3,454,3.2977e-07,1,6,1e-05,7.55409e-06,4,6.306765e-06,3e-05,1,3,4.535096e-07,8.108981e-06,5,4,1.032381,5e-07,4,7,7.155269e-06,3.977912e+09,0.008654378,1.618403,0.8092013,-87.46998,-114.3851,-170.0907,-177.0059,0.04164289
9,4,455,4.764999e-07,5,9,7.12789e-06,1e-05,6,5e-06,3.703419e-05,1,4,4.446399e-07,1e-05,5,1,0.9591679,4.096407e-07,4,8,5e-06,3.232534e+09,0.005531927,1.622601,0.8113004,-93.49465,-118.207,-176.2568,-180.9691,0.122484
9,5,456,2.247614e-07,3,7,5e-06,5.136901e-06,2,6.862472e-06,4.728453e-05,1,2,5e-07,7.402292e-06,5,1,1.019492,3.644646e-07,5,8,1e-05,4.925724e+09,0.004377581,1.007575,0.5037877,-79.68476,-106.8929,-167.1218,-174.3299,0.0
9,6,457,5e-07,1,5,9.519112e-06,1e-05,4,6.143577e-06,4.770767e-05,1,2,4.206373e-07,7.190751e-06,6,3,0.7818006,5e-07,3,5,5e-06,5.859811e+09,0.002760678,1.026564,0.5132822,-72.5929,-100.7088,-163.5404,-171.6563,0.02219582
9,7,458,3.151166e-07,3,6,1e-05,1e-05,1,9.038581e-06,3e-05,1,2,3.459748e-07,5e-06,6,4,1.191323,4.141502e-07,2,10,1e-05,6.338088e+09,0.01335506,1.75762,0.8788101,-90.56203,-115.2017,-175.3447,-179.9844,0.2009948
9,8,459,5e-07,2,5,8.293165e-06,1e-05,10,5e-06,3.059807e-05,1,4,2.610762e-07,1e-05,5,1,0.872491,3.73262e-07,2,5,5.112466e-06,3.817033e+09,0.00484193,1.634726,0.8173628,-95.75378,-119.5271,-180.5381,-184.3115,0.05691417
9,9,460,4.391619e-07,2,10,1e-05,1e-05,4,8.781959e-06,4.090935e-05,1,3,4.685717e-07,1e-05,6,1,0.988844,4.09763e-07,2,5,5e-06,4.64531e+09,0.004609957,1.637661,0.8188306,-94.39715,-117.8869,-181.1005,-184.5903,0.01112416
9,10,461,4.445946e-07,3,8,5.143144e-06,5.770381e-06,9,5.217224e-06,3.71751e-05,1,2,3.091444e-07,5e-06,5,3,1.2,5e-07,4,10,1e-05,4.411527e+09,0.01030272,1.378889,0.6894447,-86.85786,-114.0464,-169.6201,-176.8087,0.01085413
9,11,462,3.815949e-07,4,6,6.626802e-06,7.413215e-06,10,5e-06,5e-05,1,1,5e-07,5.718821e-06,7,3,0.9272579,5e-07,3,9,7.563362e-06,6.896547e+09,0.008680469,1.118666,0.5593329,-86.3866,-111.6992,-173.7738,-179.0864,0.12409
9,12,463,3.375404e-07,3,8,7.22232e-06,9.848439e-06,1,8.487668e-06,3.358589e-05,1,3,4.410494e-07,7.101139e-06,7,1,0.9268969,5e-07,2,6,5e-06,6.511948e+09,0.004243318,1.716846,0.858423,-88.92976,-112.9208,-178.9269,-182.9179,0.09754606
9,13,464,2.184259e-07,5,10,5e-06,7.413325e-06,1,1e-05,4.496983e-05,1,3,4.541983e-07,5.769706e-06,7,1,0.75,4.746341e-07,4,7,8.243212e-06,3.956741e+09,0.004724471,1.449343,0.7246713,-85.86421,-112.5734,-171.0674,-177.7766,0.03705694
9,14,465,1.8e-07,4,6,8.119096e-06,9.604251e-06,4,5e-06,3.89431e-05,1,3,3.871873e-07,7.965527e-06,8,1,0.768821,3.84445e-07,4,6,8.954455e-06,3.996716e+09,0.007964169,1.694356,0.8471779,-92.08616,-117.0947,-175.1088,-180.1174,0.05077116
9,15,466,3.762151e-07,2,6,5e-06,8.976816e-06,10,6.640696e-06,5e-05,1,3,4.03365e-07,5e-06,5,5,1.2,4.645573e-07,1,10,5.581531e-06,3.254364e+09,0.006585375,1.727296,0.8636481,-99.93542,-122.3725,-181.9989,-184.436,0.1357528
9,16,467,3.186402e-07,2,8,8.423525e-06,7.562227e-06,10,7.784668e-06,4.039709e-05,1,2,4.065657e-07,6.682512e-06,10,2,0.9884138,3.938008e-07,2,8,8.716942e-06,4.638588e+09,0.01065914,1.62034,0.8101702,-95.60908,-119.5492,-178.6596,-182.5997,0.01362722
9,17,468,5e-07,1,10,1e-05,1e-05,1,9.171916e-06,3.927282e-05,1,4,4.980461e-07,5.717072e-06,8,1,1.186511,5e-07,3,5,5e-06,4.334113e+09,0.003633375,1.70516,0.85258,-91.05615,-114.7096,-178.1911,-181.8445,0.03204422
9,18,469,3.183869e-07,5,7,5e-06,8.38499e-06,5,9.443093e-06,3.894116e-05,1,2,2.80749e-07,5.789843e-06,10,4,0.75,5e-07,3,5,7.900337e-06,4.844758e+09,0.01131201,1.671358,0.8356788,-85.78793,-113.275,-168.958,-176.445,0.03039125
9,19,470,2.563591e-07,5,8,7.673402e-06,9.794867e-06,5,7.335054e-06,3e-05,1,3,3.323237e-07,5.719954e-06,10,1,0.75,5e-07,1,5,5.929878e-06,5.671928e+09,0.004590172,1.618053,0.8090263,-94.93067,-117.9565,-183.387,-186.4129,0.01876998
9,20,471,1.8e-07,3,10,6.658376e-06,7.165811e-06,9,5.576573e-06,4.687628e-05,1,2,5e-07,5e-06,8,1,1.127052,3.322967e-07,1,9,6.804414e-06,6.161171e+09,0.003739464,1.307558,0.653779,-89.39811,-114.4514,-179.4633,-184.5166,0.0432943
9,21,472,1.8e-07,1,8,1e-05,7.942656e-06,9,5e-06,3.643398e-05,1,2,5e-07,5.180846e-06,8,1,0.9569947,1.8e-07,2,7,7.763864e-06,6.729517e+09,0.004375373,1.22559,0.6127949,-86.53131,-112.3858,-176.6808,-182.5354,0.1020887
9,22,473,5e-07,5,6,5e-06,9.242687e-06,10,6.080488e-06,3e-05,1,1,3.984833e-07,7.45954e-06,5,1,1.081485,2.83745e-07,4,5,5.457418e-06,9.758487e+09,0.004590328,0.581791,0.2908955,-88.52626,-110.311,-181.6955,-183.4802,0.8343522
9,23,474,4.027444e-07,5,9,5e-06,5e-06,10,5e-06,4.613177e-05,1,2,4.380562e-07,5e-06,5,5,1.080524,3.524021e-07,5,10,1e-05,3.645169e+09,0.0132471,1.555188,0.7775942,-93.77402,-118.9376,-173.7872,-178.9507,0.1723712
9,24,475,4.344327e-07,2,5,9.147025e-06,7.390007e-06,8,5e-06,4.385131e-05,1,2,4.009963e-07,7.286313e-06,6,2,1.06629,4.398647e-07,5,10,8.554249e-06,4.028602e+09,0.00850176,1.307129,0.6535647,-87.26199,-113.5877,-170.07,-176.3957,0.03162579
9,25,476,2.770481e-07,4,10,5.845616e-06,8.357618e-06,10,9.204443e-06,4.384249e-05,1,2,4.34596e-07,5e-06,9,2,1.02628,4.635637e-07,1,6,7.112766e-06,4.793877e+09,0.005963011,1.38722,0.69361,-97.28112,-120.2428,-183.1402,-186.1019,0.0004690563
9,26,477,3.323371e-07,5,5,7.709794e-06,9.93254e-06,4,7.082574e-06,3e-05,1,2,2.378528e-07,5e-06,7,1,0.75,1.969335e-07,5,9,1e-05,5.641137e+09,0.00820058,1.250622,0.6253111,-81.26729,-109.8147,-167.1562,-175.7036,0.01125832
9,27,478,2.576395e-07,2,5,6.577974e-06,1e-05,10,5e-06,3.371246e-05,1,1,2.903572e-07,1e-05,5,3,1.063265,5e-07,4,8,8.397868e-06,7.136772e+09,0.01274875,1.194076,0.5970382,-76.29688,-104.759,-162.3122,-170.7743,0.2350503
9,28,479,2.360703e-07,5,6,5e-06,5e-06,10,8.164616e-06,4.595831e-05,1,2,3.983162e-07,7.392598e-06,6,3,0.9692942,3.697157e-07,4,7,1e-05,4.06538e+09,0.01348624,1.690989,0.8454945,-95.16896,-119.59,-176.0521,-180.4731,0.166763
9,29,480,3.606229e-07,4,7,6.557256e-06,9.502971e-06,2,9.121716e-06,3.996377e-05,1,2,2.812335e-07,1e-05,10,4,0.75,3.688939e-07,2,5,8.764723e-06,4.80564e+09,0.01142606,1.69932,0.84966,-84.44318,-112.0423,-167.4992,-175.0983,0.03836449
9,30,481,1.8e-07,3,10,5e-06,8.648322e-06,10,7.255175e-06,5e-05,1,1,4.986527e-07,9.190099e-06,6,3,0.9071746,2.264969e-07,4,6,1e-05,6.104501e+09,0.01415818,1.332599,0.6662994,-90.17223,-115.8459,-174.3752,-180.0488,0.211698
9,31,482,4.243323e-07,4,9,1e-05,7.993781e-06,10,7.35997e-06,3.114114e-05,1,3,3.246818e-07,9.550621e-06,10,1,0.8171519,4.852468e-07,3,5,5e-06,4.18672e+09,0.008686433,1.699879,0.8499397,-97.59731,-120.6325,-180.6464,-183.6815,0.03894616
9,32,483,4.190058e-07,3,10,7.820545e-06,8.5339e-06,10,6.984951e-06,4.015618e-05,1,2,4.645673e-07,5e-06,10,3,0.7797285,5e-07,1,8,7.125502e-06,4.876368e+09,0.007249205,1.481741,0.7408705,-96.29885,-119.4793,-181.4579,-184.6383,2.326035e-05
9,33,484,1.8e-07,1,8,8.819145e-06,8.005707e-06,4,6.871214e-06,3.754298e-05,1,3,5e-07,6.611715e-06,7,1,0.8909905,5e-07,2,7,7.023515e-06,4.912002e+09,0.00396344,1.476093,0.7380467,-89.07876,-114.163,-176.9232,-182.0074,0.0
9,34,485,4.868207e-07,1,9,9.684181e-06,1e-05,10,5e-06,4.849732e-05,1,1,3.529537e-07,1e-05,5,4,0.9948508,4.354968e-07,1,5,6.578476e-06,7.648023e+09,0.006637861,1.085043,0.5425213,-87.76777,-113.0931,-177.2185,-182.5438,0.2496124
9,35,486,3.758977e-07,1,10,6.859062e-06,8.97373e-06,10,9.129802e-06,5e-05,1,2,5e-07,8.679479e-06,9,1,0.7708099,4.519246e-07,1,6,5e-06,4.523994e+09,0.003261432,0.9200434,0.4600217,-94.11819,-118.2554,-182.0945,-186.2318,0.005888414
9,36,487,4.195016e-07,3,6,5.754043e-06,5e-06,10,5.749683e-06,3e-05,1,2,4.040626e-07,9.715833e-06,5,1,1.146334,2.985158e-07,3,6,9.118005e-06,6.854783e+09,0.005745228,1.274354,0.637177,-84.7425,-111.2706,-173.8693,-180.3974,0.1183877
9,37,488,5e-07,5,9,7.397777e-06,5.745519e-06,9,7.879682e-06,3.982971e-05,1,2,4.683298e-07,7.620926e-06,5,1,0.7960051,2.954824e-07,5,7,9.705993e-06,4.985028e+09,0.004728478,0.9426585,0.4713292,-82.68227,-109.6738,-169.8884,-176.88,0.0
9,38,489,4.028535e-07,1,5,8.857616e-06,9.1677e-06,10,7.506915e-06,3.099772e-05,1,2,3.778214e-07,7.239246e-06,10,4,0.8003416,5e-07,3,5,7.706506e-06,4.951461e+09,0.003506705,0.5780619,0.289031,-90.37748,-112.5475,-178.8232,-180.9932,0.0
9,39,490,4.954556e-07,1,6,6.694513e-06,8.898307e-06,7,9.290687e-06,4.086693e-05,1,2,4.077468e-07,8.986496e-06,10,2,0.9162114,4.921331e-07,4,6,5.656639e-06,4.785495e+09,0.004163918,0.9234948,0.4617474,-77.48295,-105.6848,-164.8865,-173.0884,0.000546083
9,40,491,3.686451e-07,5,6,5e-06,9.821224e-06,7,7.577631e-06,3e-05,1,2,2.603532e-07,5.40767e-06,5,4,0.75,3.751763e-07,2,5,7.435547e-06,6.304816e+09,0.008037896,1.512789,0.7563946,-85.93466,-112.9257,-172.8767,-179.8678,0.0558813
9,41,492,3.808757e-07,1,8,1e-05,9.66112e-06,10,5e-06,4.033397e-05,1,2,3.287513e-07,6.059867e-06,10,3,0.75,4.135945e-07,4,10,8.773833e-06,4.417465e+09,0.005048412,0.9508165,0.4754082,-73.27516,-101.7453,-159.1471,-167.6173,0.009697636
9,42,493,4.324806e-07,2,9,9.781587e-06,7.069086e-06,8,6.701553e-06,4.478704e-05,1,3,5e-07,1e-05,5,1,1.053114,5e-07,2,5,7.332242e-06,4.157311e+09,0.004068603,1.515069,0.7575345,-93.78584,-117.8111,-180.0676,-184.0929,0.02307411
9,43,494,5e-07,2,7,5.932668e-06,9.553012e-06,10,7.678244e-06,4.850542e-05,1,2,4.013995e-07,1e-05,8,2,0.8965236,4.733357e-07,3,5,5e-06,4.218936e+09,0.006324857,1.369436,0.6847181,-89.10465,-115.8129,-173.5982,-180.3064,0.01931898
9,44,495,3.268455e-07,3,8,5e-06,8.106772e-06,1,5.794802e-06,4.028826e-05,1,2,5e-07,5.772911e-06,5,4,1.2,5e-07,5,9,9.797339e-06,4.187734e+09,0.01013286,1.382764,0.6913818,-88.70793,-114.474,-171.0902,-176.8563,0.02130619
9,45,496,3.533541e-07,3,9,9.888608e-06,1e-05,10,7.36931e-06,4.742334e-05,1,1,3.35998e-07,6.729844e-06,5,2,0.8217114,4.769392e-07,1,5,5.973682e-06,7.852055e+09,0.00499626,0.5256695,0.2628348,-91.51153,-111.5491,-182.4248,-182.4623,0.2911883
9,46,497,2.541485e-07,1,6,8.819145e-06,6.338051e-06,9,5e-06,3.359352e-05,1,2,5e-07,7.492161e-06,7,1,1.064537,5e-07,3,10,8.392221e-06,5.680749e+09,0.004807722,0.9705983,0.4852992,-80.96608,-107.4392,-169.2348,-175.7079,0.01296691
9,47,498,2.261829e-07,3,10,1e-05,1e-05,10,5e-06,4.113232e-05,1,2,3.88913e-07,7.962547e-06,9,3,0.75,3.623959e-07,1,8,6.334706e-06,4.794469e+09,0.0114653,1.738886,0.869443,-97.08078,-120.2464,-180.1017,-183.2674,0.04729769
9,48,499,3.796433e-07,3,6,6.921482e-06,8.230869e-06,10,5.502369e-06,4.541198e-05,1,3,3.227171e-07,1e-05,8,1,0.853228,2.870896e-07,1,5,5e-06,4.199445e+09,0.005604774,1.758304,0.8791522,-96.10619,-119.7108,-181.0844,-184.689,0.05009439
9,49,500,4.504023e-07,4,10,5e-06,8.137881e-06,10,7.458921e-06,3.638066e-05,1,2,4.989338e-07,7.907602e-06,5,4,0.9697564,3.568377e-07,5,7,9.591534e-06,4.056822e+09,0.01216952,1.441344,0.7206718,-94.40324,-118.9256,-175.7142,-180.2366,0.07667874
10,0,501,4.066538e-07,4,6,9.264693e-06,6.99099e-06,9,5.45917e-06,4.552371e-05,1,1,4.285875e-07,9.179437e-06,5,2,1.070824,4.674907e-07,4,9,8.58354e-06,6.904111e+09,0.009770094,1.083014,0.5415071,-83.48638,-110.1773,-170.3696,-177.0605,0.1251371
10,1,502,2.426305e-07,1,10,5.696406e-06,5.964484e-06,9,7.846923e-06,5e-05,1,2,5e-07,8.22309e-06,10,1,1.033257,5e-07,1,5,5.606653e-06,5.480157e+09,0.003892349,1.404818,0.7024088,-94.00014,-117.5579,-182.8739,-186.4316,0.005556304
10,2,503,4.385147e-07,1,8,7.412439e-06,8.111224e-06,7,5e-06,5e-05,1,2,5e-07,9.124016e-06,5,2,1.065,5e-07,2,8,8.146318e-06,5.011221e+09,0.005470418,1.44994,0.7249699,-89.08895,-114.2047,-175.7076,-180.8234,0.0
10,3,504,5e-07,1,9,1e-05,9.683567e-06,10,5e-06,3e-05,1,3,3.876274e-07,8.108981e-06,5,2,0.7590212,4.858964e-07,1,7,5.646566e-06,4.902767e+09,0.003743285,1.301469,0.6507347,-86.43091,-113.0722,-174.5072,-181.1485,0.0
10,4,505,2.044551e-07,2,9,8.5e-06,7.318051e-06,4,9.133682e-06,4.295686e-05,1,2,3.323237e-07,8.882332e-06,10,1,0.9079551,5e-07,4,8,8.330914e-06,4.541283e+09,0.01136686,1.624561,0.8122804,-91.12945,-116.995,-173.7166,-179.5822,0.03093819
10,5,506,2.247614e-07,4,10,7.397777e-06,5e-06,5,6.862472e-06,4.478333e-05,1,2,4.683298e-07,8.749127e-06,5,1,1.019492,2.954824e-07,5,8,1e-05,4.79266e+09,0.005775049,1.142875,0.5714373,-82.57187,-110.0582,-168.5678,-176.0542,0.000479881
10,6,507,2.426305e-07,1,8,6.297455e-06,8.292281e-06,10,5.799727e-06,4.769104e-05,1,2,4.062201e-07,9.521906e-06,10,2,1.10362,5e-07,1,5,5e-06,4.810388e+09,0.005687851,1.4589,0.7294499,-92.59799,-117.5603,-178.6921,-183.6544,0.0003344581
10,7,508,3.787693e-07,2,8,1e-05,7.619801e-06,9,5.524778e-06,3e-05,1,3,4.501205e-07,8.345418e-06,5,3,0.75,3.448574e-07,1,9,5e-06,4.745285e+09,0.006352342,1.649677,0.8248385,-94.40429,-118.2396,-179.9002,-183.7355,0.01095393
10,8,509,4.766413e-07,1,10,1e-05,8.998461e-06,10,6.992846e-06,3.680869e-05,1,3,5e-07,1e-05,9,1,0.9098156,4.135945e-07,1,5,8.986544e-06,3.931277e+09,0.004720058,1.451074,0.7255371,-97.24916,-120.4085,-182.4004,-185.5597,0.03908469
10,9,510,5e-07,3,10,9.072279e-06,8.952378e-06,10,9.008623e-06,4.090935e-05,1,3,4.791986e-07,1e-05,7,1,0.777919,3.484152e-07,2,5,8.780739e-06,3.416363e+09,0.005702983,1.459362,0.7296811,-97.33483,-121.1564,-180.4451,-184.2667,0.09167758
10,10,511,3.078941e-07,1,6,5.588723e-06,7.985891e-06,10,5.256423e-06,4.73409e-05,1,2,2.025501e-07,5.099841e-06,5,5,0.9905254,3.524021e-07,1,6,7.618035e-06,5.5267e+09,0.005885483,1.566481,0.7832406,-83.82609,-111.6328,-170.9776,-178.7843,0.008964438
10,11,512,3.059674e-07,2,10,7.326598e-06,7.839257e-06,10,6.529698e-06,3.737612e-05,1,1,3.831385e-07,1e-05,8,3,1.011371,4.445481e-07,3,6,6.881246e-06,7.044695e+09,0.01450328,1.420382,0.7101909,-90.83705,-115.989,-176.1796,-181.3315,0.3481945
10,12,513,1.8e-07,2,8,7.52187e-06,5e-06,8,6.992846e-06,3.840667e-05,1,2,4.980461e-07,5.078127e-06,10,1,1.182709,4.535581e-07,1,10,1e-05,6.416009e+09,0.004632401,1.315879,0.6579395,-87.30364,-112.9689,-176.7909,-182.4561,0.0665851
10,13,514,3.830583e-07,2,6,5e-06,8.598578e-06,10,5.945136e-06,3e-05,1,2,2.483546e-07,5e-06,5,1,0.9880246,4.40531e-07,5,8,1e-05,5.293834e+09,0.00495817,0.7660957,0.3830478,-77.8893,-106.0328,-165.4115,-173.555,0.001444503
10,14,515,3.025015e-07,5,7,5e-06,9.614193e-06,3,5.815923e-06,3.17995e-05,1,2,1.8e-07,5e-06,5,2,0.7528923,2.294428e-07,5,10,1e-05,5.280503e+09,0.01158901,1.529116,0.764558,-81.22064,-109.1983,-165.0337,-173.0113,0.02687882
10,15,516,3.101898e-07,4,5,5.621916e-06,7.255976e-06,10,9.837424e-06,3.057054e-05,1,3,4.75096e-07,5e-06,10,3,0.8017051,4.788093e-07,5,6,8.243793e-06,3.235851e+09,0.008669015,1.391969,0.6959845,-84.67856,-112.6752,-165.4986,-173.4952,0.1153432
10,16,517,5e-07,4,7,8.266681e-06,1e-05,8,7.784668e-06,4.542531e-05,1,2,3.482681e-07,1e-05,5,1,0.7728334,3.477416e-07,1,8,7.393616e-06,5.280056e+09,0.005217967,1.391756,0.6958781,-93.93835,-118.284,-181.2161,-185.5618,0.001246454
10,17,518,4.319974e-07,1,7,1e-05,9.41739e-06,8,7.904971e-06,3.801742e-05,1,2,4.452887e-07,5.717072e-06,9,2,0.9844288,3.885957e-07,1,10,6.394823e-06,5.381129e+09,0.005687914,1.349843,0.6749213,-92.41272,-117.1255,-179.4807,-184.1934,0.003038583
10,18,519,1.8e-07,2,8,5e-06,5.381525e-06,8,6.412949e-06,3.894116e-05,1,1,2.80749e-07,9.411969e-06,9,3,0.9176197,5e-07,2,6,7.900337e-06,8.023484e+09,0.01340426,1.520435,0.7602176,-78.85107,-107.2275,-165.6659,-174.0423,0.4446709
10,19,520,5e-07,1,5,5.165383e-06,7.523254e-06,4,8.165977e-06,5e-05,1,2,5e-07,8.681131e-06,5,1,1.182333,2.473409e-07,3,9,9.133353e-06,5.343463e+09,0.003217087,1.065993,0.5329967,-81.41077,-107.6088,-170.8926,-177.0907,0.00227891
10,20,521,3.302387e-07,5,9,5.303128e-06,1e-05,1,8.203022e-06,3.051395e-05,1,2,3.343585e-07,6.941488e-06,8,2,0.75,1.8e-07,1,7,6.550815e-06,9.086715e+09,0.009603348,1.888009,0.9440046,-83.1912,-109.7164,-172.5351,-179.0603,0.6779803
10,21,522,4.464577e-07,2,10,8.103144e-06,8.637346e-06,10,7.633567e-06,4.593192e-05,1,3,5e-07,1e-05,5,4,1.036498,5e-07,1,5,5e-06,3.125084e+09,0.00575007,1.561618,0.7808089,-98.62643,-122.0802,-180.9269,-184.3807,0.1328964
10,22,523,2.455021e-07,4,5,8.906666e-06,5e-06,8,6.754914e-06,3e-05,1,2,5e-07,6.169131e-06,8,2,1.006132,3.5473e-07,4,10,8.047404e-06,5.317233e+09,0.009632102,1.337762,0.668881,-88.01695,-113.9486,-172.6935,-178.6251,0.001814317
10,23,524,4.467372e-07,5,5,6.577974e-06,7.203795e-06,7,5e-06,3.502257e-05,1,2,4.239954e-07,5.630648e-06,5,2,1.147145,5e-07,5,10,1e-05,4.527217e+09,0.00697472,0.9798327,0.4899164,-81.55725,-108.9476,-166.2386,-173.629,0.005787897
10,24,525,1.8e-07,2,6,5e-06,7.948238e-06,1,6.24987e-06,4.666459e-05,1,2,5e-07,7.925915e-06,5,1,1.090591,2.3317e-07,5,7,1e-05,5.477394e+09,0.004680004,1.202679,0.6013393,-81.89667,-108.7815,-169.9657,-176.8505,0.005475834
10,25,526,2.879198e-07,5,10,5e-06,6.097678e-06,4,9.204443e-06,3.628208e-05,1,2,3.377628e-07,5.487935e-06,9,2,1.062148,3.484511e-07,5,9,7.112766e-06,4.944435e+09,0.01390403,1.669491,0.8347455,-91.46266,-117.0474,-173.9136,-179.4983,0.1651823
10,26,527,2.653676e-07,2,7,5e-06,8.536207e-06,10,7.082574e-06,3e-05,1,2,2.897634e-07,5e-06,5,3,0.75,4.913553e-07,3,9,9.424857e-06,5.366231e+09,0.005555782,0.9208957,0.4604479,-70.63639,-99.3137,-157.7823,-166.4596,0.4737388
10,27,528,3.661433e-07,2,10,6.577974e-06,6.308485e-06,9,8.886335e-06,5e-05,1,2,5e-07,9.06383e-06,7,1,0.75,4.248025e-07,2,7,8.294195e-06,4.818118e+09,0.004736602,1.274581,0.6372904,-89.76024,-114.9878,-176.6631,-181.8906,0.0002792427
10,28,529,3.453438e-07,1,9,1e-05,1e-05,10,7.539737e-06,3.924219e-05,1,2,4.172702e-07,6.984049e-06,10,2,0.8362784,5e-07,1,5,5e-06,4.985355e+09,0.004752981,1.130605,0.5653025,-92.84855,-117.5911,-180.0328,-184.7754,0.0
10,29,530,3.750884e-07,2,10,6.150078e-06,7.523254e-06,4,8.779803e-06,3.671571e-05,1,2,5e-07,7.773555e-06,6,2,1.182333,2.473409e-07,3,10,9.44318e-06,5.236669e+09,0.008839494,1.463452,0.731726,-90.04835,-115.2587,-174.9652,-180.1755,0.000718124
10,30,531,4.029645e-07,5,5,7.372846e-06,7.587243e-06,7,6.518017e-06,4.56457e-05,1,2,3.881658e-07,8.330684e-06,6,1,0.8923404,5e-07,2,10,1e-05,4.936049e+09,0.005954802,1.317115,0.6585576,-86.18754,-113.0437,-172.3065,-179.1626,0.0
10,31,532,4.150926e-07,1,10,8.019635e-06,8.793242e-06,10,9.769281e-06,4.579986e-05,1,2,3.246818e-07,8.679479e-06,10,2,0.75,4.434157e-07,1,6,5e-06,4.434866e+09,0.004289013,0.9639342,0.4819671,-83.78255,-111.5663,-170.3966,-178.1803,0.00901082
10,32,533,4.840665e-07,1,10,1e-05,1e-05,10,6.443057e-06,3e-05,1,2,3.554155e-07,8.886889e-06,10,3,0.7797285,5e-07,1,8,5.374867e-06,5.297858e+09,0.00552185,0.9484625,0.4742313,-81.33431,-109.0862,-168.3955,-176.1474,0.001505108
10,33,534,2.129138e-07,1,8,8.819145e-06,7.039833e-06,4,6.871214e-06,3.526569e-05,1,2,5e-07,8.865399e-06,6,1,0.8909905,5e-07,5,10,9.592744e-06,4.858825e+09,0.005381713,0.8579673,0.4289836,-78.9306,-105.8089,-165.352,-172.2304,7.061206e-05
10,34,535,5e-07,2,5,5e-06,7.948238e-06,9,5e-06,3.424538e-05,1,1,1.8e-07,8.133464e-06,6,2,1.090591,3.231387e-07,1,7,9.932965e-06,1.050936e+10,0.007100006,1.277949,0.6389746,-80.31808,-107.6632,-172.237,-179.5822,1.124998
10,35,536,5e-07,1,10,6.859062e-06,8.97373e-06,9,9.129802e-06,4.361739e-05,1,3,5e-07,1e-05,9,1,1.08283,4.135945e-07,2,5,9.356342e-06,3.279425e+09,0.005383783,1.478378,0.7391891,-97.62933,-121.1514,-180.6344,-184.1565,0.1093821
10,36,537,3.270083e-07,2,10,6.256805e-06,6.070577e-06,8,9.227643e-06,5e-05,1,3,5e-07,9.551823e-06,8,1,1.155855,4.693434e-07,3,5,7.836193e-06,3.345855e+09,0.006169088,1.645044,0.822522,-96.82855,-120.2407,-179.4165,-182.8287,0.1099485
10,37,538,5e-07,4,10,6.321514e-06,5.745519e-06,2,7.45952e-06,4.862726e-05,1,2,5e-07,5e-06,5,1,0.8018884,3.920402e-07,3,10,9.818765e-06,5.605069e+09,0.00293689,0.9130415,0.4565207,-77.43374,-104.4845,-167.7265,-174.7772,0.00980758
10,38,539,3.17268e-07,1,9,8.857616e-06,9.1677e-06,10,5e-06,4.403817e-05,1,2,3.011361e-07,8.54256e-06,10,3,0.8003416,5e-07,1,5,5e-06,4.889119e+09,0.005718118,1.349074,0.6745369,-86.31602,-113.4359,-172.5281,-179.648,4.931299e-06
10,39,540,1.8e-07,2,10,9.347132e-06,8.175342e-06,7,9.290687e-06,4.533346e-05,1,3,5e-07,8.986496e-06,8,1,0.9162114,4.127983e-07,2,6,7.33164e-06,3.60523e+09,0.005986516,1.610212,0.805106,-96.43332,-119.9969,-179.8002,-183.3638,0.07522069
10,40,541,3.314845e-07,5,5,5e-06,1e-05,8,5e-06,3.986771e-05,1,1,2.366673e-07,5.372956e-06,5,2,1.078358,5e-07,5,10,9.457626e-06,6.555611e+09,0.01091893,0.95106,0.47553,-76.84377,-105.7811,-162.7942,-171.7315,0.08990539
10,41,542,1.8e-07,1,10,1e-05,8.527571e-06,5,7.658551e-06,4.442378e-05,1,3,5e-07,7.627972e-06,5,1,0.75,4.585267e-07,3,5,8.184527e-06,4.120336e+09,0.0036091,1.35265,0.6763248,-88.51808,-114.283,-175.2427,-181.0077,0.02531763
10,42,543,3.41199e-07,3,8,1e-05,1e-05,10,7.539737e-06,3.885294e-05,1,2,4.172702e-07,5e-06,10,1,0.8386463,5e-07,1,5,5e-06,5.489796e+09,0.003373059,0.8530023,0.4265011,-97.39363,-117.8724,-186.9045,-187.3833,0.005841636
10,43,544,3.72667e-07,4,5,1e-05,8.132139e-06,10,5.912454e-06,3.190083e-05,1,2,5e-07,7.071853e-06,6,1,1.157716,3.638661e-07,3,10,8.562588e-06,5.575568e+09,0.004747362,0.8810061,0.440503,-83.32824,-109.9412,-171.4895,-178.1025,0.008695291
10,44,545,5e-07,4,7,5e-06,1e-05,8,1e-05,3.200162e-05,1,2,2.019858e-07,1e-05,10,5,0.75,3.322967e-07,1,5,5.081051e-06,4.61367e+09,0.006457034,0.9112742,0.4556371,-83.11246,-110.5368,-168.2931,-175.7174,0.003414619
10,45,546,5e-07,1,10,1e-05,1e-05,10,1e-05,4.892942e-05,1,3,3.917229e-07,1e-05,10,1,0.8618709,5e-07,1,5,5.805246e-06,2.989496e+09,0.004389023,1.390974,0.695487,-101.0106,-123.5038,-184.0988,-186.5921,0.1520211
10,46,547,4.15743e-07,2,7,5e-06,6.560717e-06,2,7.808359e-06,4.709415e-05,1,3,5e-07,5e-06,5,1,1.2,1.8e-07,2,10,1e-05,4.804321e+09,0.002938277,1.37434,0.6871702,-84.53951,-110.8054,-173.4912,-179.7571,0.0003812799
10,47,548,3.63529e-07,1,10,1e-05,5.782062e-06,10,1e-05,3.108359e-05,1,5,5e-07,5.547382e-06,7,1,1.2,2.369084e-07,5,8,6.705011e-06,2.374697e+09,0.0044176,1.314987,0.6574935,-93.71759,-119.3066,-174.7779,-180.3669,0.2656041
10,48,549,3.293693e-07,1,7,8.553838e-06,9.980839e-06,8,5.350972e-06,3.776593e-05,1,2,5e-07,7.71327e-06,7,1,1.174632,3.88587e-07,5,10,5e-06,5.162299e+09,0.005050345,1.027316,0.5136581,-84.61866,-110.7053,-171.8423,-177.9289,0.0001492198
10,49,550,4.504023e-07,1,10,6.117986e-06,8.746095e-06,10,1e-05,5e-05,1,2,5e-07,9.483255e-06,10,1,1.047824,4.025998e-07,1,5,5e-06,4.350343e+09,0.003904909,1.064128,0.5320639,-97.34584,-120.1558,-184.2002,-187.0102,0.01258322
11,0,551,3.670258e-07,4,8,5e-06,6.728151e-06,9,1e-05,3.244486e-05,1,2,5e-07,6.432908e-06,10,4,0.9482799,4.606063e-07,3,5,5.424657e-06,4.682155e+09,0.01070489,1.514236,0.757118,-96.00401,-119.7178,-179.1171,-182.8309,0.007035356
11,1,552,3.41199e-07,5,9,9.884232e-06,1e-05,10,7.846923e-06,3e-05,1,2,2.086602e-07,5.923209e-06,10,4,1.033257,5e-07,1,5,5e-06,5.335293e+09,0.009095409,1.367966,0.6839828,-92.9751,-118.0625,-177.93,-183.0174,0.002128516
11,2,553,4.108756e-07,2,8,1e-05,1e-05,10,6.040088e-06,3e-05,1,2,2.960622e-07,6.677912e-06,10,3,1.184268,4.834618e-07,2,8,5e-06,5.324994e+09,0.01297218,1.667825,0.8339123,-96.87736,-119.9443,-180.2736,-183.3405,0.1028029
11,3,554,5e-07,1,9,1e-05,8.887401e-06,10,6.085131e-06,3.49302e-05,1,2,3.876274e-07,1e-05,7,3,0.7590212,4.680047e-07,1,8,5.646566e-06,5.391926e+09,0.004448676,0.958075,0.4790375,-79.56706,-107.4208,-167.7196,-175.5734,0.003276458
11,4,555,4.620303e-07,2,5,5.68367e-06,7.51335e-06,9,7.759395e-06,3.550074e-05,1,3,4.730578e-07,6.664852e-06,7,3,0.7810785,5e-07,4,5,7.258907e-06,3.780404e+09,0.003474238,0.9845239,0.4922619,-76.65471,-104.8593,-162.7969,-171.0015,0.05220719
11,5,556,2.247614e-07,3,8,5e-06,8.821091e-06,10,7.678721e-06,4.728453e-05,1,2,5e-07,6.997339e-06,5,1,0.82188,3.891799e-07,3,5,6.290439e-06,4.942956e+09,0.003371487,0.9294948,0.4647474,-89.324,-114.647,-177.9255,-183.2485,0.0
11,6,557,1.8e-07,1,9,6.297455e-06,8.656047e-06,4,5.242924e-06,3.32976e-05,1,4,5e-07,5e-06,6,1,0.788424,5e-07,2,8,7.09055e-06,4.180963e+09,0.002788075,1.323746,0.6618728,-84.74335,-111.0766,-172.7158,-179.0491,0.02153331
11,7,558,1.8e-07,1,8,6.951759e-06,8.231608e-06,9,5e-06,3e-05,1,3,4.501205e-07,5e-06,5,2,0.8359094,5e-07,2,9,7.770569e-06,4.649548e+09,0.004534024,1.279994,0.6399968,-83.87298,-111.1556,-170.6564,-177.939,0.002612497
11,8,559,5e-07,2,10,6.839008e-06,1e-05,6,1e-05,3e-05,1,3,5e-07,1e-05,9,1,0.8175525,2.691308e-07,1,5,5e-06,4.579889e+09,0.004471936,1.387154,0.693577,-94.67951,-118.8671,-181.3917,-185.5792,0.004267845
11,9,560,3.054644e-07,4,10,5e-06,9.090996e-06,7,8.110165e-06,4.090935e-05,1,1,4.685717e-07,7.512472e-06,6,3,0.75,5e-07,2,5,5e-06,8.216323e+09,0.00661776,1.007746,0.503873,-91.65739,-114.8709,-181.7438,-184.9573,0.3733743
11,10,561,5e-07,5,9,5.672625e-06,6.50278e-06,6,9.551624e-06,4.704932e-05,1,2,4.711027e-07,9.253672e-06,7,1,0.9131759,3.489708e-07,5,7,7.056279e-06,4.614013e+09,0.006740792,1.350334,0.6751669,-88.7659,-114.6942,-173.7604,-179.6886,0.00340643
11,11,562,3.349802e-07,1,7,8.404793e-06,8.01912e-06,5,6.988152e-06,3.514133e-05,1,3,3.340941e-07,6.998738e-06,6,2,0.7556131,5e-07,1,6,7.563362e-06,5.223615e+09,0.003796624,1.515955,0.7579776,-78.75854,-106.8729,-167.324,-175.4383,0.0007006376
11,12,563,5e-07,1,10,1e-05,1e-05,10,1e-05,5e-05,1,2,4.443183e-07,9.939645e-06,9,1,0.8137045,4.535581e-07,1,5,5e-06,4.194387e+09,0.00374323,0.9432572,0.4716286,-99.41078,-120.5038,-186.1317,-187.2247,0.02073678
11,13,564,3.644736e-07,2,6,9.234666e-06,8.825255e-06,9,8.037941e-06,3.770259e-05,1,2,4.410494e-07,5.757824e-06,5,1,0.7873879,4.40531e-07,1,5,5e-06,6.137806e+09,0.002251553,0.4517683,0.2258842,-89.43159,-110.5642,-181.667,-182.7997,0.05071389
11,14,565,1.8e-07,1,7,1e-05,1e-05,10,9.518571e-06,5e-05,1,1,3.491952e-07,5e-06,10,3,0.8103949,5e-07,1,5,5e-06,6.524001e+09,0.005560049,0.1344669,0.06723347,-81.39567,-100.7847,-170.2352,-169.6242,0.6124192
11,15,566,1.8e-07,1,10,7.973646e-06,1e-05,10,1e-05,3e-05,1,3,3.867646e-07,5e-06,9,4,0.838945,5e-07,1,5,6.370928e-06,3.562061e+09,0.006666576,1.36721,0.6836049,-96.28894,-121.1616,-179.0839,-183.9566,0.07455559
11,16,567,1.835748e-07,3,8,6.56882e-06,1e-05,7,7.784668e-06,3.575183e-05,1,3,3.339522e-07,5.34839e-06,10,3,0.7728334,5e-07,1,5,5.552942e-06,4.025607e+09,0.006816168,1.662818,0.8314089,-98.35708,-120.9891,-182.1183,-184.7503,0.0436256
11,17,568,1.8e-07,3,8,1e-05,9.926138e-06,8,8.849586e-06,3.013302e-05,1,3,4.980461e-07,5e-06,8,1,0.75,5e-07,1,5,5e-06,4.64407e+09,0.002643593,0.8489725,0.4244863,-97.29293,-118.1094,-186.409,-187.2254,0.002728034
11,18,569,4.192372e-07,1,5,8.785898e-06,8.38499e-06,5,7.345771e-06,3.804718e-05,1,3,2.695169e-07,7.847797e-06,9,2,0.75,5e-07,3,5,7.900337e-06,4.415463e+09,0.002550961,1.021924,0.5109618,-72.31614,-100.686,-161.1486,-169.5185,0.009778254
11,19,570,1.8e-07,3,5,1e-05,5e-06,10,5e-06,3.646953e-05,1,1,4.583289e-07,5e-06,8,3,1.182333,5e-07,4,10,8.047404e-06,7.214476e+09,0.01175102,1.136354,0.5681772,-83.7487,-110.4354,-170.212,-176.8988,0.2025566
11,20,571,4.329399e-07,1,9,9.68614e-06,7.715739e-06,10,1e-05,3.65312e-05,1,3,5e-07,1e-05,9,1,1.132553,3.848057e-07,1,7,6.550815e-06,3.707355e+09,0.005186765,1.435899,0.7179496,-98.57683,-121.5441,-182.8091,-185.7764,0.05924205
11,21,572,2.919614e-07,3,8,5e-06,5.832799e-06,10,7.678721e-06,4.886364e-05,1,4,3.546178e-07,6.821033e-06,5,4,0.75,1.8e-07,2,5,5e-06,2.798495e+09,0.007985759,1.915251,0.9576254,-96.18507,-120.3767,-176.1004,-180.292,0.2605739
11,22,573,5e-07,1,7,9.594841e-06,1e-05,4,6.754914e-06,5e-05,1,3,3.365579e-07,6.169131e-06,9,1,0.9705,5e-07,2,5,8.117425e-06,4.203811e+09,0.004651042,1.699006,0.849503,-93.3419,-117.1111,-179.1393,-182.9084,0.03778805
11,23,574,4.660647e-07,5,5,6.562567e-06,7.203795e-06,4,5e-06,5e-05,1,1,3.845269e-07,1e-05,7,3,0.9493627,5e-07,3,10,1e-05,6.305385e+09,0.01385657,1.393029,0.6965143,-84.78585,-111.3841,-169.3635,-175.9618,0.2045924
11,24,575,3.550617e-07,2,7,5.061567e-06,7.948238e-06,10,1e-05,5e-05,1,2,5e-07,6.679642e-06,6,1,0.75,3.744448e-07,2,7,5.677907e-06,4.642271e+09,0.00294607,0.7924572,0.3962286,-88.77837,-114.1922,-177.4205,-182.8344,0.00276652
11,25,576,2.770481e-07,4,6,7.697851e-06,8.357618e-06,6,8.977533e-06,3e-05,1,3,2.634559e-07,5.03472e-06,9,4,0.75,3.342283e-07,4,6,6.41646e-06,3.954288e+09,0.01352921,1.839161,0.9195805,-94.37686,-119.0978,-175.0055,-179.7264,0.212928
11,26,577,2.769051e-07,5,6,6.733319e-06,7.850461e-06,10,7.100532e-06,3.003388e-05,1,2,3.846508e-07,5e-06,8,5,0.8682753,3.47151e-07,5,6,1e-05,4.474252e+09,0.01732401,1.628876,0.8144379,-94.02878,-119.0984,-174.6567,-179.7264,0.5513417
11,27,578,2.220202e-07,5,10,6.577974e-06,6.308485e-06,9,5.126662e-06,4.15439e-05,1,3,4.074624e-07,5e-06,7,4,0.75,3.724634e-07,5,5,8.682933e-06,3.318918e+09,0.01356744,1.872082,0.936041,-97.0838,-120.5238,-176.1788,-179.6188,0.292913
11,28,579,1.8e-07,2,9,6.060442e-06,6.388657e-06,10,5e-06,3.072162e-05,1,2,3.385811e-07,7.199896e-06,7,5,0.997534,3.51154e-07,2,9,5e-06,5.571593e+09,0.01596525,1.817594,0.9087968,-95.13536,-118.7232,-178.0232,-181.6111,0.4092224
11,29,580,3.727802e-07,1,10,1e-05,1e-05,10,7.987372e-06,3.671571e-05,1,2,5e-07,6.984049e-06,6,3,0.8217114,5e-07,1,5,5e-06,5.044778e+09,0.004236603,0.9280634,0.4640317,-96.20549,-118.651,-183.9922,-186.4376,0.0
11,30,581,3.215935e-07,1,5,5.636124e-06,7.587243e-06,10,5e-06,5e-05,1,2,3.373634e-07,1e-05,8,2,1.086193,5e-07,1,5,1e-05,5.049328e+09,0.005273545,1.483888,0.7419442,-83.59501,-111.4143,-170.4387,-178.2579,0.0
11,31,582,5e-07,1,10,8.019635e-06,8.793242e-06,10,1e-05,3e-05,1,3,4.376938e-07,6.5e-06,7,1,0.75,2.275025e-07,4,7,5e-06,4.011249e+09,0.003395628,0.8078042,0.4039021,-85.30921,-112.0403,-172.0656,-178.7967,0.03289792
11,32,583,2.386374e-07,4,8,8.161509e-06,7.66137e-06,3,7.543765e-06,4.256107e-05,1,2,4.493858e-07,6.394384e-06,6,1,0.75,2.603355e-07,1,10,7.125502e-06,7.718701e+09,0.004174907,1.49688,0.7484399,-85.61445,-111.2007,-177.1589,-182.7451,0.2636523
11,33,584,1.8e-07,1,10,1e-05,1e-05,4,5.894318e-06,3.812972e-05,1,3,5e-07,5.533751e-06,9,1,0.8362784,5e-07,1,6,6.152605e-06,5.490357e+09,0.003350811,1.58079,0.7903949,-92.7866,-116.1391,-182.3271,-185.6796,0.008759345
11,34,585,2.76e-07,5,6,5.588723e-06,8.05394e-06,9,5e-06,3e-05,1,2,3.103729e-07,5.657669e-06,5,5,0.9060768,2.686626e-07,4,5,1e-05,5.650894e+09,0.01570432,1.761602,0.8808008,-92.50505,-117.3806,-175.5872,-180.4628,0.3674769
11,35,586,3.758977e-07,3,9,1e-05,8.97373e-06,8,9.129802e-06,4.65998e-05,1,2,3.419319e-07,9.930111e-06,9,1,0.7872317,4.510601e-07,1,7,5e-06,4.99955e+09,0.006108625,1.517923,0.7589616,-97.15654,-120.0423,-183.2757,-186.1615,0.0001427739
11,36,587,1.8e-07,1,10,8.417045e-06,6.621376e-06,8,1e-05,5e-05,1,1,4.984341e-07,6.879243e-06,8,1,0.75,5e-07,3,7,9.014454e-06,7.379765e+09,0.004806068,0.603399,0.3016995,-84.33379,-110.0524,-174.8767,-180.5953,0.1998204
11,37,588,5e-07,1,7,7.378103e-06,5.745519e-06,9,5.526401e-06,5e-05,1,2,4.14475e-07,7.620926e-06,6,3,0.75,5e-07,1,5,5e-06,5.857853e+09,0.002416165,0.9907921,0.4953961,-75.04704,-103.0011,-166.5705,-174.5246,0.02208152
11,38,589,4.07676e-07,3,7,7.152868e-06,9.535548e-06,10,6.977586e-06,3.444051e-05,1,2,2.295164e-07,8.163273e-06,10,2,0.8003416,3.375179e-07,2,5,7.706506e-06,5.261955e+09,0.01022426,1.594983,0.7974915,-90.30716,-116.4881,-174.6338,-180.8148,0.005521036
11,39,590,2.104924e-07,1,10,6.694513e-06,7.560442e-06,10,6.43306e-06,4.161986e-05,1,2,5e-07,8.451078e-06,6,2,0.8619717,5e-07,4,8,5.656639e-06,4.646319e+09,0.006877327,1.318509,0.6592544,-83.09542,-110.914,-168.0634,-175.882,0.002680305
11,40,591,3.151088e-07,1,10,7.961907e-06,1e-05,8,5e-06,4.4e-05,1,3,4.016334e-07,7.06842e-06,5,2,0.8771168,5e-07,2,8,7.839809e-06,3.709855e+09,0.005824416,1.616941,0.8084705,-93.52248,-118.2261,-177.2571,-181.9607,0.0650718
11,41,592,2.398874e-07,4,5,6.174911e-06,8.469876e-06,4,1e-05,4.40129e-05,1,3,4.10312e-07,8.440044e-06,8,1,0.75,1.8e-07,1,5,5.916484e-06,4.728493e+09,0.005414668,1.776449,0.8882243,-91.30711,-116.7011,-177.4659,-182.8599,0.03519125
11,42,593,1.937767e-07,3,6,7.084093e-06,1e-05,6,7.539737e-06,3e-05,1,3,2.597696e-07,5e-06,6,1,0.8294967,5e-07,4,9,9.417763e-06,3.710247e+09,0.00644939,1.171925,0.5859626,-80.90601,-110.1472,-164.1989,-173.4401,0.05895507
11,43,594,5e-07,2,10,1e-05,9.553012e-06,10,6.984951e-06,3.757891e-05,1,3,5e-07,6.097253e-06,10,3,0.75,4.901275e-07,3,8,5e-06,3.163149e+09,0.00787108,1.557696,0.778848,-94.46953,-119.695,-175.5116,-180.737,0.1271209
11,44,595,4.77576e-07,2,7,7.929353e-06,9.092064e-06,10,5e-06,3e-05,1,3,3.80816e-07,6.61238e-06,10,2,0.9974349,5e-07,3,8,8.270311e-06,3.719841e+09,0.009418547,1.599429,0.7997144,-94.19093,-118.8153,-175.8616,-180.4859,0.06240191
11,45,596,1.8e-07,1,7,1e-05,7.112032e-06,10,5e-06,3.924219e-05,1,2,4.404699e-07,7.773053e-06,7,1,0.8217114,5e-07,1,5,8.083671e-06,6.69778e+09,0.00384922,1.35609,0.678045,-90.46631,-115.1671,-181.1312,-185.832,0.09815079
11,46,597,2.541485e-07,1,5,5.716236e-06,5.386913e-06,8,5.876894e-06,3.046638e-05,1,3,5e-07,5.396471e-06,7,2,0.75,5e-07,1,10,6.646579e-06,5.578847e+09,0.002369006,1.037276,0.5186378,-67.82722,-96.56853,-159.0125,-167.7538,11.78382
11,47,598,3.215935e-07,2,5,5.568887e-06,6.289783e-06,5,5e-06,5e-05,1,1,3.359957e-07,9.37375e-06,9,1,1.151599,4.22017e-07,5,7,1e-05,7.175557e+09,0.008871922,1.137778,0.5688892,-77.81932,-105.4746,-165.4563,-173.1115,0.1656262
11,48,599,1.8e-07,2,6,8.553838e-06,9.980839e-06,10,6.875104e-06,4.848842e-05,1,2,3.373634e-07,8.503029e-06,8,1,1.136509,3.88587e-07,2,5,1e-05,4.576064e+09,0.008150284,1.567808,0.7839041,-95.47389,-119.7811,-179.572,-183.8792,0.00641398
11,49,600,4.516415e-07,3,5,5.84187e-06,9.135558e-06,10,5e-06,4.10961e-05,1,2,4.721047e-07,7.99495e-06,5,5,0.75,3.779075e-07,3,5,7.982584e-06,4.866366e+09,0.004585126,1.013142,0.5065711,-75.93097,-104.1486,-163.0616,-171.2792,4.71163e-05
12,0,601,2.458157e-07,1,10,1e-05,1e-05,9,7.037839e-06,5e-05,1,2,4.587346e-07,6.578524e-06,9,3,0.75,5e-07,1,5,5e-06,4.406089e+09,0.005117684,1.318647,0.6593237,-90.93311,-116.9332,-176.7234,-182.7235,0.01016028
12,1,602,3.41199e-07,5,9,1e-05,8.217267e-06,9,7.846923e-06,3.121278e-05,1,2,5e-07,5.653363e-06,10,2,0.75,5e-07,4,6,8.294195e-06,4.950518e+09,0.009213438,1.322511,0.6612554,-91.65494,-116.6839,-175.9037,-180.9327,0.0
12,2,603,4.385147e-07,5,6,1e-05,5.424439e-06,9,8.53273e-06,3e-05,1,2,5e-07,9.124016e-06,10,1,1.020699,3.5473e-07,4,8,8.146318e-06,5.337006e+09,0.008809442,1.28633,0.6431648,-88.64216,-114.4405,-173.7386,-179.537,0.002159619
12,3,604,5e-07,4,8,6.951759e-06,6.983695e-06,8,5.21503e-06,3e-05,1,3,5e-07,8.108981e-06,5,2,0.7755146,5e-07,1,10,1e-05,4.796814e+09,0.005572874,1.521131,0.7605653,-92.74543,-116.464,-178.9037,-182.6223,0.0006418991
12,4,605,1.8e-07,5,5,5e-06,7.162873e-06,9,7.506915e-06,3.099772e-05,1,1,4.730578e-07,8.225336e-06,10,3,0.999636,4.719694e-07,4,7,1e-05,6.485185e+09,0.01703136,1.28595,0.642975,-85.33742,-112.6347,-169.2634,-176.5607,0.568169
12,5,606,5e-07,3,7,7.443137e-06,8.762877e-06,7,1e-05,4.701e-05,1,1,3.660757e-07,1e-05,10,3,0.9664094,4.86882e-07,3,5,5e-06,6.372152e+09,0.01131509,1.276265,0.6381324,-91.14478,-116.0018,-176.6939,-181.551,0.07951571
12,6,607,2.426305e-07,1,8,5e-06,1e-05,6,8.165977e-06,4.769104e-05,1,2,3.241131e-07,1e-05,6,4,0.8673334,5e-07,1,7,6.832887e-06,4.617587e+09,0.005739963,1.3333,0.6666502,-75.48862,-104.2009,-161.1878,-169.9001,0.003321837
12,7,608,3.165219e-07,1,10,6.951759e-06,1e-05,10,5.96047e-06,3e-05,1,2,4.73193e-07,6.908527e-06,8,3,0.8359094,4.928637e-07,1,9,7.770569e-06,5.486795e+09,0.006125319,1.146142,0.5730709,-80.25792,-108.4485,-167.173,-175.3636,0.005752026
12,8,609,3.494608e-07,1,10,8.625762e-06,8.111224e-06,8,5.141892e-06,4.390328e-05,1,2,5e-07,7.01285e-06,6,1,0.8175525,2.691308e-07,2,6,6.470787e-06,6.431878e+09,0.003571966,1.271033,0.6355165,-87.61993,-112.8371,-178.2576,-183.4748,0.06820062
12,9,610,4.237163e-07,1,6,1e-05,9.991696e-06,9,5e-06,3.150768e-05,1,3,3.529537e-07,8.374404e-06,7,2,1.031101,4.09763e-07,2,7,5.231722e-06,4.438155e+09,0.006655726,1.635677,0.8178385,-93.76644,-118.2673,-178.4785,-182.9794,0.0170653
12,10,611,3.427596e-07,3,10,6.297455e-06,7.985891e-06,4,7.46864e-06,5e-05,1,3,5e-07,1e-05,10,2,0.9587577,3.848283e-07,1,5,5e-06,3.608903e+09,0.006684097,1.822808,0.9114041,-97.40959,-120.2613,-180.3067,-183.1584,0.11574
12,11,612,3.791245e-07,1,6,6.950283e-06,8.01912e-06,10,5e-06,3.514133e-05,1,2,4.871584e-07,9.593797e-06,5,1,0.9459968,4.140924e-07,1,9,5e-06,6.94097e+09,0.002978383,1.055421,0.5277106,-88.02173,-112.8784,-180.1103,-184.967,0.1303026
12,12,613,3.578592e-07,1,10,1e-05,1e-05,9,5e-06,4.02733e-05,1,3,4.410494e-07,8.10181e-06,5,1,0.75,5e-07,1,7,5e-06,4.613221e+09,0.002847049,1.345122,0.6725612,-94.36211,-117.9641,-183.0982,-186.7003,0.003425335
12,13,614,3.830583e-07,1,9,1e-05,1e-05,6,6.257905e-06,3.052722e-05,1,4,3.904305e-07,5e-06,5,1,0.905402,4.227305e-07,2,5,5e-06,4.3854e+09,0.002686247,1.346663,0.6733314,-90.87186,-116.0977,-179.4206,-184.6464,0.01102927
12,14,615,2.968493e-07,1,10,7.412439e-06,1e-05,10,5.800093e-06,3.683391e-05,1,2,5e-07,9.135869e-06,5,2,0.75,3.88587e-07,4,10,5e-06,5.031332e+09,0.005052808,0.982794,0.491397,-74.08048,-102.5607,-161.0788,-169.5591,0.0
12,15,616,3.215935e-07,1,6,9.136124e-06,7.36574e-06,10,5e-06,4.859886e-05,1,3,4.673126e-07,8.676287e-06,5,5,1.092507,5e-07,1,6,1e-05,3.180484e+09,0.007496789,1.767721,0.8838607,-98.50422,-121.6078,-179.8053,-182.9089,0.1550014
12,16,617,5e-07,5,7,5e-06,9.680611e-06,6,8.5e-06,3.64237e-05,1,2,2.153854e-07,1e-05,5,5,0.7728334,4.205108e-07,3,7,7.138267e-06,4.839892e+09,0.009477356,1.423605,0.7118023,-79.83189,-107.747,-163.7617,-171.6769,0.0001504764
12,17,618,4.594476e-07,2,10,8.723092e-06,5.982468e-06,10,9.431086e-06,4.592053e-05,1,1,5e-07,6.221809e-06,7,1,0.9854723,2.69977e-07,5,7,1e-05,7.130868e+09,0.004947462,0.5677268,0.2838634,-88.54907,-111.8038,-178.6681,-181.9228,0.1585707
12,18,619,1.8e-07,1,8,6.198909e-06,7.102859e-06,5,5e-06,3.295959e-05,1,3,4.656821e-07,6.193784e-06,5,3,0.75,3.593263e-07,1,8,6.651648e-06,5.473837e+09,0.004588867,1.658685,0.8293426,-80.39416,-108.5339,-168.5429,-176.6827,0.01656465
12,19,620,4.677885e-07,5,5,5.778306e-06,6.621186e-06,7,8.165977e-06,3.101997e-05,1,2,3.384704e-07,5.809286e-06,8,1,1.132186,5e-07,5,10,1e-05,4.699472e+09,0.007185682,0.9253068,0.4626534,-79.93135,-108.0464,-164.8077,-172.9227,0.001674786
12,20,621,4.457881e-07,3,6,8.44789e-06,7.408122e-06,5,5.113048e-06,3e-05,1,3,2.0456e-07,6.679636e-06,6,3,0.9437108,5e-07,1,7,9.283799e-06,5.471307e+09,0.0101974,1.899106,0.9495531,-92.03302,-116.1226,-176.7099,-180.7995,0.07648393
12,21,622,4.605369e-07,4,5,9.938247e-06,8.018398e-06,10,1e-05,3e-05,1,2,2.446428e-07,8.050682e-06,10,3,0.9625249,4.096615e-07,4,7,7.077412e-06,4.448912e+09,0.01889388,1.684805,0.8424026,-95.62676,-120.2094,-175.8286,-180.4113,0.8146656
12,22,623,1.8e-07,1,7,9.797455e-06,5.918701e-06,9,6.849727e-06,4.941436e-05,1,2,5e-07,7.755307e-06,8,2,1.2,5e-07,2,6,5.860415e-06,4.953276e+09,0.007235991,1.655789,0.8278943,-95.72327,-118.7539,-181.0261,-184.0568,0.01078671
12,23,624,3.830583e-07,5,7,5e-06,7.203795e-06,9,5e-06,4.056261e-05,1,1,4.239954e-07,6.199839e-06,5,1,1.11648,5e-07,5,7,1e-05,7.948609e+09,0.004230362,0.4243962,0.2121981,-80.85231,-104.2101,-172.5944,-175.9522,0.3348426
12,24,625,2.698681e-07,2,8,6.485996e-06,8.71775e-06,10,5.135776e-06,5e-05,1,2,3.149512e-07,9.395376e-06,9,2,1.146587,5e-07,1,7,7.969764e-06,4.733342e+09,0.009988746,1.782623,0.8913116,-97.74798,-120.2446,-181.2562,-183.7528,0.0366572
12,25,626,2.770481e-07,1,10,5.845616e-06,9.032271e-06,10,7.387616e-06,3.099772e-05,1,2,3.940611e-07,7.427578e-06,9,4,0.7901448,4.947489e-07,3,5,7.706506e-06,4.933353e+09,0.005813899,0.9219623,0.4609811,-74.21564,-102.8997,-160.4338,-169.1178,0.0
12,26,627,3.323371e-07,1,5,5.72604e-06,9.364244e-06,8,7.082574e-06,3.547232e-05,1,2,3.787272e-07,9.479542e-06,6,2,1.047386,4.138367e-07,4,10,5.823663e-06,5.045905e+09,0.005530401,1.065251,0.5326253,-73.49906,-102.117,-160.1303,-168.7482,0.0
12,27,628,5e-07,2,6,9.34187e-06,9.739291e-06,10,5e-06,3e-05,1,3,3.934439e-07,8.7731e-06,5,5,0.75,4.456091e-07,2,6,7.531873e-06,3.997178e+09,0.005359799,1.227096,0.6135481,-79.33192,-107.3046,-164.0755,-172.0482,0.03394785
12,28,629,3.798801e-07,3,10,9.398951e-06,5e-06,9,7.571879e-06,3.319831e-05,1,4,5e-07,5e-06,5,1,0.8448332,1.8e-07,4,10,7.208625e-06,3.377456e+09,0.003225796,1.10686,0.5534298,-86.24708,-113.0542,-171.7325,-178.5396,0.09654895
12,29,630,5e-07,5,5,5e-06,1e-05,10,7.497381e-06,3e-05,1,1,1.8e-07,5.672737e-06,7,4,0.8217114,2.926e-07,5,6,6.705647e-06,7.827376e+09,0.008794277,0.9164433,0.4582216,-79.49909,-107.2882,-167.9294,-175.7185,0.2859893
12,30,631,5e-07,4,5,9.773104e-06,1e-05,9,1e-05,4.64022e-05,1,2,1.974399e-07,1e-05,10,2,0.7872317,4.760589e-07,1,5,1e-05,4.174877e+09,0.009450094,1.563073,0.7815366,-96.25062,-120.3381,-178.9091,-182.9966,0.02366744
12,31,632,3.798858e-07,1,6,1e-05,8.69653e-06,5,7.094636e-06,4.063998e-05,1,3,3.246818e-07,8.679479e-06,7,1,0.7895642,4.434157e-07,1,6,5.668807e-06,5.061755e+09,0.003588616,1.60564,0.8028202,-90.56867,-115.7852,-179.1054,-184.3219,0.004959951
12,32,633,3.349842e-07,1,10,8.404793e-06,1e-05,2,6.984951e-06,4.196677e-05,1,2,2.572365e-07,9.447782e-06,7,2,0.7797285,5e-07,1,5,8.031527e-06,7.158855e+09,0.005810712,1.716398,0.8581988,-85.27062,-111.6009,-174.7252,-181.0555,0.1837838
12,33,634,1.8e-07,3,5,7.788505e-06,6.480839e-06,7,6.871214e-06,3.306494e-05,1,2,5e-07,6.611715e-06,8,1,1.2,2.868979e-07,5,10,7.133183e-06,5.399865e+09,0.006146506,1.051927,0.5259635,-83.69098,-110.5442,-170.4524,-177.3055,0.003457102
12,34,635,3.881776e-07,1,8,1e-05,9.770194e-06,10,5e-06,3e-05,1,3,2.903572e-07,8.264379e-06,5,2,0.8178364,5e-07,1,6,5.144471e-06,4.98686e+09,0.004556175,1.490904,0.7454521,-93.93452,-118.0762,-181.3051,-185.4467,0.0
12,35,636,4.365821e-07,3,5,5.114775e-06,9.847973e-06,10,9.129802e-06,3.577393e-05,1,1,3.368503e-07,7.431393e-06,7,1,0.9337505,4.510601e-07,3,8,5.262886e-06,7.458892e+09,0.005245056,0.3830282,0.1915141,-84.13506,-106.4562,-174.391,-176.7122,0.2686617
12,36,637,2.893587e-07,3,9,5.451714e-06,6.327408e-06,9,5.749683e-06,4.256107e-05,1,2,4.598876e-07,6.394384e-06,5,1,0.9880246,5e-07,4,10,1e-05,4.657526e+09,0.004061436,0.7900671,0.3950336,-79.16887,-106.4885,-166.4452,-173.7648,0.00244871
12,37,638,4.852093e-07,1,6,7.397777e-06,1e-05,10,5.575327e-06,3.376111e-05,1,2,2.883764e-07,1e-05,8,3,0.7960051,5e-07,3,6,5.568697e-06,5.34951e+09,0.002910879,0.635395,0.3176975,-87.5786,-112.8628,-177.5046,-182.7889,0.002393506
12,38,639,1.8e-07,4,5,5.803231e-06,8.821091e-06,10,1e-05,5e-05,1,1,3.778214e-07,5e-06,9,4,0.82188,4.67169e-07,1,5,7.706506e-06,6.460457e+09,0.008024582,0.9715808,0.4857904,-93.08018,-116.9997,-180.2412,-184.1607,0.07115894
12,39,640,3.58671e-07,2,10,8.474382e-06,8.898307e-06,7,6.729466e-06,3.618849e-05,1,1,4.077468e-07,5e-06,9,2,0.75,5e-07,1,7,5.656639e-06,9.900509e+09,0.005119572,0.9376471,0.4688235,-91.52829,-113.5873,-184.3491,-186.4081,0.8860012
12,40,641,3.583064e-07,1,5,5.765334e-06,1e-05,7,5.518027e-06,3.4335e-05,1,3,1.8e-07,1e-05,5,5,0.75,4.140924e-07,1,9,5.45768e-06,4.513865e+09,0.001925736,0.7809833,0.3904917,-75.60311,-103.9987,-165.8481,-174.2437,0.006209912
12,41,642,4.704498e-07,1,7,9.479594e-06,9.295422e-06,4,5.866928e-06,3e-05,1,3,5e-07,9.547064e-06,6,3,1.043727,5e-07,4,5,6.440671e-06,4.208775e+09,0.007169772,1.586754,0.7933772,-90.0984,-115.6826,-174.0265,-179.6107,0.02324475
12,42,643,3.41199e-07,1,7,5e-06,1e-05,10,5.915423e-06,5e-05,1,2,4.172702e-07,8.088297e-06,5,2,1.027152,5e-07,2,5,5e-06,4.938688e+09,0.004121334,1.292343,0.6461717,-89.28738,-115.639,-177.0092,-183.3608,0.0
12,43,644,3.326959e-07,3,6,5.517557e-06,1e-05,10,1e-05,3.88923e-05,1,1,1.8e-07,1e-05,10,5,0.75,3.322967e-07,1,5,5e-06,6.238827e+09,0.006579317,0.5050706,0.2525353,-92.11217,-113.1388,-179.8324,-180.859,0.0498626
12,44,645,3.219065e-07,1,5,5e-06,1e-05,9,5.362619e-06,4.584319e-05,1,2,1.8e-07,1e-05,8,5,0.75,4.398647e-07,1,6,1e-05,4.687247e+09,0.001842474,0.5114718,0.2557359,-90.24741,-113.7376,-181.0118,-184.5019,0.001885216
12,45,646,3.085148e-07,2,10,5e-06,9.806529e-06,10,5e-06,5e-05,1,2,5e-07,7.253094e-06,5,1,0.952236,3.610114e-07,4,10,5e-06,4.746766e+09,0.003812053,0.9913549,0.4956774,-85.06221,-111.4209,-172.7786,-179.1373,0.0009779547
12,46,647,3.064795e-07,2,8,5.010245e-06,7.616623e-06,9,7.019203e-06,5e-05,1,1,5e-07,8.580317e-06,8,2,1.133133,4.652277e-07,3,6,6.471338e-06,7.118937e+09,0.008274836,1.174218,0.5871091,-88.57823,-113.6897,-176.4489,-181.5605,0.1567131
12,47,648,2.643662e-07,1,5,1e-05,5e-06,9,6.739924e-06,3e-05,1,5,5e-07,5e-06,7,1,0.9031419,2.356424e-07,1,8,5.297567e-06,3.693574e+09,0.002895564,1.539498,0.7697489,-92.97019,-117.2941,-179.7018,-184.0257,0.06131239
12,48,649,3.830583e-07,1,8,5e-06,9.642417e-06,10,5e-06,3.776593e-05,1,3,2.814033e-07,6.039527e-06,5,3,0.9866276,5e-07,3,6,7.187605e-06,3.829346e+09,0.005589519,1.481513,0.7407563,-82.84235,-110.8565,-167.0311,-175.0453,0.04774259
12,49,650,4.516415e-07,2,9,5.84187e-06,9.135558e-06,4,8.781959e-06,4.10961e-05,1,3,4.721047e-07,7.99495e-06,6,2,1.048981,4.09763e-07,3,6,6.939398e-06,3.897611e+09,0.006925757,1.706111,0.8530555,-95.40739,-118.7965,-178.8187,-182.2078,0.06072932
13,0,651,3.349802e-07,1,7,1e-05,7.530549e-06,6,5e-06,3e-05,1,4,2.776025e-07,7.340377e-06,6,3,0.75,5e-07,1,6,5e-06,4.292412e+09,0.00435595,1.666082,0.8330412,-87.03284,-113.7316,-173.296,-179.9948,0.02763464
13,1,652,3.293693e-07,1,6,1e-05,1e-05,6,5.785195e-06,3.538173e-05,1,2,5e-07,9.378622e-06,7,4,1.158412,4.761069e-07,4,10,5e-06,4.406418e+09,0.01099178,1.506219,0.7531093,-86.91757,-114.2357,-169.3886,-176.7068,0.02000031
13,2,653,5e-07,2,6,1e-05,7.086415e-06,7,5e-06,3e-05,1,3,5e-07,8.453549e-06,5,1,1.013626,4.855311e-07,2,9,8.003767e-06,5.050564e+09,0.003871278,1.238523,0.6192617,-85.59533,-111.4899,-173.7836,-179.6781,0.0
13,3,654,4.320305e-07,4,5,5e-06,1e-05,5,7.364368e-06,4.040462e-05,1,2,1.8e-07,8.108981e-06,5,5,0.7520235,3.784161e-07,3,6,5.646566e-06,5.528672e+09,0.005577093,1.272242,0.6361211,-75.46495,-103.69,-162.8533,-171.0784,0.007064977
13,4,655,2.174838e-07,1,7,1e-05,7.009252e-06,6,1e-05,3.536979e-05,1,3,4.715403e-07,7.034835e-06,8,1,0.9821354,4.994782e-07,3,8,6.806829e-06,3.96835e+09,0.005206013,1.364216,0.6821078,-90.09517,-115.8357,-174.9023,-180.6428,0.03615044
13,5,656,2.152706e-07,1,5,7.991772e-06,7.968213e-06,10,5e-06,4.201257e-05,1,2,5e-07,1e-05,8,4,0.75,4.622758e-07,1,6,1e-05,4.629625e+09,0.003984813,0.8823868,0.4411934,-68.74799,-97.59944,-156.0548,-164.9063,5.765741
13,6,657,2.426305e-07,4,9,6.297455e-06,9.613539e-06,9,5.629802e-06,4.389569e-05,1,2,3.214518e-07,8.638163e-06,7,2,0.7502329,4.514254e-07,1,8,6.142799e-06,5.31366e+09,0.00847202,1.708843,0.8544213,-96.54816,-119.4729,-181.7762,-184.7009,0.02113968
13,7,658,3.844861e-07,2,9,5.722363e-06,8.231608e-06,3,1e-05,3.359893e-05,1,3,4.625267e-07,9.22283e-06,10,2,0.8151668,2.790033e-07,1,5,6.341757e-06,4.571433e+09,0.006418487,1.723506,0.861753,-92.63033,-117.3479,-177.757,-182.4746,0.02669848
13,8,659,1.8e-07,2,6,1e-05,6.452303e-06,6,5e-06,3.168116e-05,1,2,5e-07,9.246766e-06,7,1,1.138492,2.691308e-07,5,5,8.791348e-06,6.433978e+09,0.006912518,1.342212,0.671106,-85.62575,-111.7181,-173.399,-179.4913,0.06841588
13,9,660,4.24697e-07,3,8,9.491772e-06,6.706208e-06,8,8.781959e-06,3.826855e-05,1,3,5e-07,6.716007e-06,6,1,0.8557721,4.682714e-07,1,6,5e-06,4.718604e+09,0.002800449,1.2959,0.6479499,-94.80787,-118.2037,-183.8119,-187.2077,0.001370447
13,10,661,2.756691e-07,1,8,7.903076e-06,8.948056e-06,7,5e-06,3.71751e-05,1,2,3.176307e-07,5.099841e-06,5,3,0.8180773,5e-07,1,5,6.687106e-06,7.120909e+09,0.004524722,1.506945,0.7534723,-88.0857,-113.7979,-178.5805,-184.2927,0.1570407
13,11,662,2.459721e-07,1,7,1e-05,7.797341e-06,10,5e-06,3.373135e-05,1,1,5e-07,6.998738e-06,6,2,0.9626739,4.674066e-07,3,10,7.66836e-06,8.32716e+09,0.006716417,0.7929692,0.3964846,-80.08419,-106.5625,-170.2227,-176.701,0.4004061
13,12,663,4.510609e-07,5,7,5e-06,8.957615e-06,9,5e-06,3.379819e-05,1,2,1.8e-07,8.10181e-06,5,2,0.9687688,5e-07,1,9,9.602232e-06,6.281934e+09,0.01096592,1.753357,0.8766784,-92.63508,-117.0756,-178.1965,-182.637,0.09156763
13,13,664,5e-07,2,5,1e-05,8.598578e-06,8,5.945136e-06,3e-05,1,3,4.434673e-07,6.491396e-06,7,3,0.75,4.898718e-07,4,8,9.809143e-06,3.767272e+09,0.004813913,1.017133,0.5085667,-75.61157,-103.6823,-160.3071,-168.3779,0.05343912
13,14,665,4.968189e-07,1,10,5e-06,1e-05,6,1e-05,3.760685e-05,1,2,4.354227e-07,9.135869e-06,5,2,0.75,2.737522e-07,2,5,5e-06,5.84563e+09,0.002386925,0.6458968,0.3229484,-91.12623,-113.0511,-182.6845,-184.6094,0.02137504
13,15,666,1.8e-07,2,8,5e-06,1e-05,10,1e-05,4.874664e-05,1,2,3.72627e-07,6.031651e-06,10,2,1.057395,5e-07,2,5,7.047181e-06,3.960357e+09,0.008537022,1.522342,0.7611709,-99.39701,-122.4145,-182.0386,-185.0561,0.03699526
13,16,667,5e-07,3,9,1e-05,6.498118e-06,6,8.536278e-06,3.28324e-05,1,4,2.153854e-07,6.993004e-06,5,5,0.7728334,5e-07,1,5,5.452596e-06,3.681079e+09,0.00745823,1.821209,0.9106043,-95.87387,-119.0902,-178.467,-181.6833,0.1077367
13,17,668,1.8e-07,1,6,5.451714e-06,7.72883e-06,9,5e-06,5e-05,1,2,5e-07,9.48268e-06,5,1,0.9844288,5e-07,1,6,7.305937e-06,6.0159e+09,0.003146698,1.306051,0.6530253,-88.95926,-114.3304,-179.5667,-184.9379,0.03225196
13,18,669,4.79888e-07,5,5,7.133769e-06,8.505376e-06,9,8.332877e-06,4.879496e-05,1,3,3.505899e-07,8.550919e-06,8,4,0.7840029,3.181442e-07,3,5,7.522121e-06,2.741644e+09,0.010297,1.788946,0.8944729,-97.44008,-121.8861,-176.0732,-180.5193,0.232012
13,19,670,5e-07,1,7,5.778306e-06,6.621186e-06,7,8.165977e-06,4.15887e-05,1,3,3.384704e-07,9.768929e-06,7,1,0.8558166,4.921331e-07,4,7,1e-05,3.604075e+09,0.003278217,1.024576,0.5122879,-74.35364,-102.5387,-160.3331,-168.5182,0.0699468
13,20,671,1.8e-07,3,6,7.96453e-06,9.760713e-06,8,7.226077e-06,4.209783e-05,1,2,5e-07,7.014943e-06,8,1,1.2,3.322967e-07,5,5,5e-06,5.164293e+09,0.005534264,1.248672,0.624336,-90.34696,-115.7694,-177.1766,-182.599,0.0001589247
13,21,672,3.798801e-07,3,8,6.510398e-06,6.723781e-06,10,7.033754e-06,3.088935e-05,1,2,5e-07,6.641437e-06,9,1,1.004021,2.665963e-07,3,9,9.531835e-06,5.581319e+09,0.006213882,1.076944,0.5384722,-86.45789,-112.48,-173.459,-179.4811,0.008906865
13,22,673,3.457035e-07,1,9,8.942722e-06,1e-05,10,7.20454e-06,5e-05,1,2,4.420892e-07,7.996851e-06,5,4,1.006132,5e-07,4,5,8.047404e-06,3.764463e+09,0.009172121,1.519061,0.7595305,-93.26596,-118.9931,-175.1553,-180.8824,0.05386593
13,23,674,5e-07,5,8,6.577974e-06,7.52771e-06,5,8.640673e-06,3.120533e-05,1,2,1.932163e-07,1e-05,5,5,0.754721,3.549226e-07,4,8,9.529154e-06,4.894425e+09,0.01304938,1.509403,0.7547017,-78.64864,-106.5741,-161.2868,-169.2123,0.09302796
13,24,675,4.040554e-07,5,9,5e-06,7.948238e-06,1,1e-05,4.367084e-05,1,3,3.599871e-07,5e-06,7,1,0.8429992,3.139031e-07,5,8,8.912445e-06,3.681668e+09,0.005574067,1.456304,0.7281519,-85.90863,-113.4116,-169.7678,-177.2708,0.06182147
13,25,676,3.186602e-07,4,8,5.845616e-06,5.346412e-06,9,5.770482e-06,3e-05,1,2,3.416467e-07,5e-06,5,1,0.9606357,4.583717e-07,5,10,1e-05,5.376327e+09,0.004580327,0.7001322,0.3500661,-76.01214,-104.5311,-164.0129,-172.5318,0.002935661
13,26,677,2.256764e-07,2,8,1e-05,6.874475e-06,9,7.082574e-06,3.085438e-05,1,2,4.97013e-07,5.593237e-06,6,1,1.047386,4.145154e-07,2,9,8.5e-06,6.47788e+09,0.003625947,0.850611,0.4253055,-82.28917,-108.857,-172.9236,-179.4915,0.07299321
13,27,678,1.8e-07,1,8,6.577974e-06,1e-05,9,1e-05,5e-05,1,2,2.499043e-07,9.06383e-06,10,2,0.75,4.705192e-07,1,5,8.294195e-06,4.137751e+09,0.005598939,1.200972,0.6004861,-76.34545,-105.1651,-161.1997,-170.0194,0.02419924
13,28,679,5e-07,1,9,9.212135e-06,8.864031e-06,4,9.036383e-06,3.21715e-05,1,4,3.246818e-07,6.984049e-06,8,1,0.75,3.991996e-07,1,6,5e-06,4.423535e+09,0.003283029,1.59675,0.7983751,-92.34398,-116.6738,-180.0966,-184.4264,0.01361545
13,29,680,2.494586e-07,1,7,8.692873e-06,1e-05,9,5.970153e-06,3.671571e-05,1,2,2.955724e-07,1e-05,10,2,0.8217114,5e-07,1,5,5e-06,5.485468e+09,0.005554644,1.288061,0.6440306,-84.45899,-112.0697,-171.7967,-179.4075,0.005712643
13,30,681,4.774301e-07,1,6,9.265334e-06,1e-05,10,5.278678e-06,3e-05,1,2,3.373634e-07,1e-05,5,5,1.086193,5e-07,1,7,1e-05,5.356934e+09,0.007521824,1.310759,0.6553795,-85.75261,-112.9424,-171.5677,-178.7575,0.002538064
13,31,682,4.360052e-07,1,6,6.455902e-06,1e-05,7,6.808774e-06,3.598436e-05,1,2,4.164768e-07,8.679479e-06,6,2,1.2,4.062557e-07,5,10,5e-06,4.925553e+09,0.006426041,1.197708,0.5988539,-82.23198,-109.7194,-168.0016,-175.4891,0.0
13,32,683,3.278313e-07,3,10,1e-05,8.5339e-06,10,5e-06,3.478374e-05,1,3,4.645673e-07,1e-05,10,3,0.75,4.636392e-07,1,7,5e-06,3.481498e+09,0.00866108,1.665853,0.8329267,-97.82264,-121.3053,-179.2822,-182.7649,0.09603002
13,33,684,3.590732e-07,2,6,5e-06,7.812808e-06,10,5e-06,3.545034e-05,1,2,2.732801e-07,6.611715e-06,7,1,1.090591,5e-07,4,7,7.023515e-06,5.553444e+09,0.006422513,1.28207,0.6410351,-83.73609,-111.1363,-170.5503,-177.9505,0.007905098
13,34,685,4.046421e-07,4,9,6.186285e-06,7.357347e-06,3,1e-05,4.610611e-05,1,3,4.737782e-07,6.37444e-06,10,1,0.8178364,3.956475e-07,1,5,7.411714e-06,4.926962e+09,0.004322567,1.745758,0.872879,-93.57213,-116.8005,-181.0663,-184.2947,0.02684313
13,35,686,2.455898e-07,1,5,9.726897e-06,7.596273e-06,10,9.129802e-06,3e-05,1,2,3.419319e-07,9.620648e-06,6,2,0.7872317,4.458527e-07,4,8,5e-06,5.444842e+09,0.005214437,0.9243237,0.4621619,-72.50424,-101.2507,-160.0519,-168.7984,0.00457194
13,36,687,2.417004e-07,5,10,1e-05,6.327408e-06,8,7.846923e-06,3.840409e-05,1,2,5e-07,5.648343e-06,5,1,0.75,5e-07,4,6,7.841599e-06,5.765082e+09,0.003164132,0.8148558,0.4074279,-80.17781,-107.154,-170.3914,-177.3676,0.0170063
13,37,688,4.109461e-07,1,10,9.68614e-06,1e-05,6,9.831916e-06,3.326207e-05,1,3,5e-07,9.938537e-06,8,1,0.8677505,3.85171e-07,1,5,9.705993e-06,4.29626e+09,0.004608894,1.417125,0.7085624,-95.80113,-119.3223,-181.827,-185.3481,0.01518128
13,38,689,1.8e-07,1,9,8.857616e-06,6.957343e-06,10,7.506915e-06,3.126794e-05,1,2,5e-07,8.622785e-06,8,4,0.75,2.767408e-07,3,10,7.706506e-06,4.596477e+09,0.008912703,1.194937,0.5974684,-69.47798,-98.37041,-153.2264,-162.1188,2.659414
13,39,690,5e-07,1,6,6.510398e-06,7.728774e-06,10,5.364841e-06,3e-05,1,1,3.427077e-07,6.117813e-06,8,1,1.148883,3.817679e-07,4,9,5.656639e-06,9.60709e+09,0.004651896,0.6505739,0.325287,-83.90257,-109.038,-176.8781,-182.0136,0.7810021
13,40,691,2.640249e-07,5,8,7.299669e-06,5e-06,7,1e-05,4.725699e-05,1,3,5e-07,6.43244e-06,5,1,1.186516,3.426782e-07,1,9,8.804516e-06,4.324998e+09,0.003295491,1.392339,0.6961697,-90.19038,-115.4993,-177.7309,-183.0399,0.01377041
13,41,692,2.854368e-07,2,9,6.340552e-06,6.856047e-06,10,5.545893e-06,3.917807e-05,1,2,5e-07,7.10094e-06,8,1,1.2,5e-07,3,6,5e-06,5.969511e+09,0.004681455,1.290052,0.645026,-89.12305,-114.3602,-177.938,-183.1752,0.02906764
13,42,693,5e-07,3,10,5.472777e-06,1e-05,7,1e-05,5e-05,1,2,4.457545e-07,8.088297e-06,10,1,0.9725925,5e-07,1,5,5e-06,4.805107e+09,0.004034657,1.239343,0.6196716,-96.71966,-119.6787,-184.2957,-187.2547,0.0003750418
13,43,694,4.257219e-07,2,9,5e-06,7.975578e-06,10,5e-06,5e-05,1,2,1.9781e-07,8.205566e-06,8,2,1.075086,3.342283e-07,3,5,6.34737e-06,5.010719e+09,0.01186275,1.848787,0.9243936,-92.27741,-117.1878,-175.5336,-180.444,0.08876629
13,44,695,2.646067e-07,1,8,5e-06,9.455448e-06,8,8.238462e-06,4.8335e-05,1,2,1.8e-07,1e-05,8,5,0.75,3.715824e-07,1,8,1e-05,4.212676e+09,0.003476746,0.8277906,0.4138953,-74.93553,-103.6142,-162.015,-170.6936,0.01967576
13,45,696,5e-07,4,9,1e-05,5e-06,8,8.41934e-06,3.523405e-05,1,3,5e-07,5.633491e-06,6,1,1.040311,4.924984e-07,2,6,6.782261e-06,4.974594e+09,0.003177352,1.270171,0.6350857,-88.02561,-113.7913,-176.9401,-182.7058,0.0
13,46,697,1.8e-07,1,7,8.222791e-06,9.518022e-06,10,8.329016e-06,3.78578e-05,1,3,4.683123e-07,9.305941e-06,8,1,0.8211595,4.396857e-07,1,7,5e-06,3.742059e+09,0.004213071,1.337741,0.6688706,-96.8054,-120.9192,-182.0216,-186.1355,0.05584451
13,47,698,4.13035e-07,3,6,5.991772e-06,6.706208e-06,9,1e-05,4.507724e-05,1,2,4.532527e-07,6.706547e-06,8,1,1.2,4.682714e-07,2,5,5e-06,5.321967e+09,0.004128459,1.237824,0.6189122,-93.73515,-117.7646,-182.0987,-186.1281,0.001894251
13,48,699,3.359221e-07,2,6,5e-06,9.756113e-06,10,7.945119e-06,4.787451e-05,1,2,5e-07,7.990282e-06,5,3,1.174632,2.731397e-07,2,5,5e-06,4.404107e+09,0.006553564,1.451481,0.7257403,-96.37648,-120.3816,-181.0889,-185.094,0.01024196
13,49,700,2.197464e-07,5,6,5.84187e-06,5.743537e-06,8,5e-06,3e-05,1,2,5e-07,6.471755e-06,9,1,0.75,3.779075e-07,5,7,8.939527e-06,5.850509e+09,0.006001593,1.050561,0.5252807,-82.03758,-108.6744,-169.5988,-176.2356,0.02165568
14,0,701,2.770169e-07,1,9,5.088219e-06,1e-05,9,5.640796e-06,5e-05,1,2,2.324464e-07,8.008702e-06,5,3,0.8273041,5e-07,1,5,6.923934e-06,5.180504e+09,0.004804291,1.407331,0.7036656,-80.67902,-108.9954,-168.1502,-176.4666,0.0002491668
14,1,702,4.574218e-07,1,5,5e-06,8.478572e-06,9,5e-06,3.121278e-05,1,3,1.8e-07,1e-05,5,5,0.75,5e-07,1,9,8.95768e-06,4.610711e+09,0.001338644,0.5158803,0.2579401,-90.55775,-113.0486,-182.5665,-185.0573,0.003485556
14,2,703,3.93092e-07,3,5,5e-06,6.692796e-06,8,5e-06,3e-05,1,1,5e-07,6.43457e-06,9,1,1.2,3.902822e-07,5,7,5e-06,1.029791e+10,0.00510842,0.7899063,0.3949531,-80.3711,-105.8181,-173.5432,-178.9902,1.038764
14,3,704,1.8e-07,5,8,5e-06,5.618328e-06,1,7.464611e-06,4.464029e-05,1,3,4.69782e-07,6.724102e-06,5,1,0.7590212,2.76e-07,5,9,5.646566e-06,4.344204e+09,0.004246671,1.445667,0.7228334,-85.02884,-111.6325,-171.5066,-178.1102,0.01286586
14,4,705,3.806427e-07,1,9,5e-06,7.162873e-06,9,5e-06,4.257078e-05,1,3,2.451281e-07,1e-05,6,4,0.75,4.579053e-07,1,5,5e-06,4.125407e+09,0.002743029,1.108734,0.5543671,-75.65593,-103.9997,-163.583,-171.9267,0.02498938
14,5,706,2.247614e-07,1,5,5e-06,8.545855e-06,4,7.599604e-06,4.728453e-05,1,2,1.922668e-07,9.062732e-06,10,4,0.75,4.579053e-07,3,5,1e-05,4.909999e+09,0.002529507,0.7962216,0.3981108,-67.96506,-96.80418,-157.7563,-166.5955,10.21324
14,6,707,1.8e-07,1,8,8.692749e-06,9.345162e-06,9,5.128372e-06,3.67501e-05,1,3,5e-07,8.148547e-06,7,1,0.7901448,5e-07,2,5,7.706506e-06,4.366953e+09,0.004185256,1.418675,0.7093376,-91.67183,-116.8007,-178.2582,-183.3871,0.01183418
14,7,708,3.048846e-07,1,7,6.951759e-06,9.410133e-06,6,7.226077e-06,3e-05,1,3,5e-07,5.932427e-06,6,1,0.8359094,3.221685e-07,5,8,5e-06,4.664122e+09,0.003191973,0.9617819,0.4808909,-81.55235,-108.2558,-169.8872,-176.5906,0.002317296
14,8,709,1.932117e-07,2,6,7.128588e-06,1e-05,10,5e-06,3.678758e-05,1,3,5e-07,5e-06,5,5,0.8175525,3.524021e-07,1,5,5e-06,4.108694e+09,0.005235746,1.58531,0.7926551,-96.30956,-120.0157,-181.3939,-185.1,0.02931391
14,9,710,3.768692e-07,3,8,7.800337e-06,1e-05,8,6.392698e-06,3.539775e-05,1,2,3.262467e-07,6.160129e-06,6,5,0.8557721,5e-07,1,6,7.657286e-06,5.424642e+09,0.00882778,1.597825,0.7989126,-95.87414,-119.0968,-181.103,-184.3257,0.008305223
14,10,711,1.8e-07,5,5,5.787865e-06,8.65359e-06,10,5.442015e-06,5e-05,1,1,5e-07,5e-06,5,1,0.8180773,4.33396e-07,5,5,6.290439e-06,8.206267e+09,0.002774939,0.2942084,0.1471042,-78.88211,-101.5286,-172.7325,-175.379,0.5403695
14,11,712,5e-07,3,10,1e-05,8.142442e-06,5,6.988152e-06,3.569129e-05,1,4,5e-07,9.136972e-06,9,1,0.75,3.066629e-07,1,5,7.563362e-06,3.865078e+09,0.005156486,1.768017,0.8840085,-93.86835,-117.9292,-178.488,-182.5488,0.07653487
14,12,713,3.924939e-07,2,9,5.19315e-06,5.830004e-06,8,8.860686e-06,5e-05,1,2,4.868036e-07,8.277556e-06,7,1,1.2,5e-07,2,7,5e-06,5.379769e+09,0.004371619,1.388285,0.6941425,-92.1519,-116.4395,-180.3608,-184.6483,0.003009257
14,13,714,3.830583e-07,1,10,1e-05,1e-05,10,8.184818e-06,3.846495e-05,1,1,5e-07,6.379157e-06,6,1,0.8217114,4.821462e-07,3,6,5e-06,nil,0.003176512,nil,nil,nil,nil,1e+12,1e+12,3e+12
14,14,715,2.968493e-07,5,10,1e-05,1e-05,7,9.798434e-06,3.421607e-05,1,2,5e-07,7.583169e-06,5,1,0.75,3.493711e-07,3,10,7.133183e-06,5.242013e+09,0.004307614,0.8065083,0.4032542,-85.43396,-111.692,-173.4816,-179.7396,0.0007753827
14,15,716,4.217243e-07,3,8,5e-06,9.084655e-06,10,5.486144e-06,3.616588e-05,1,2,3.215799e-07,9.462547e-06,5,2,1.057395,3.007336e-07,4,5,8.55954e-06,5.270866e+09,0.01042944,1.615791,0.8078954,-92.82207,-117.6565,-177.0771,-181.9116,0.008925563
14,16,717,5e-07,1,7,8.780364e-06,6.691465e-06,9,7.33796e-06,5e-05,1,2,3.889381e-07,1e-05,9,1,0.7728334,4.205108e-07,1,7,6.876936e-06,5.415226e+09,0.0032255,1.118864,0.5594321,-79.10104,-106.9642,-168.6874,-176.5506,0.003820366
14,17,718,1.8e-07,4,5,5e-06,5.811352e-06,10,5.05693e-06,3e-05,1,2,2.633765e-07,5e-06,5,4,0.9007701,3.885957e-07,5,7,1e-05,5.064695e+09,0.01431891,1.589549,0.7947743,-83.95603,-111.8198,-166.488,-174.3517,0.1900938
14,18,719,3.372069e-07,1,8,8.785898e-06,1e-05,5,7.345771e-06,3.804718e-05,1,3,2.483546e-07,7.847797e-06,5,2,0.9074253,5e-07,3,6,9.283278e-06,3.845685e+09,0.00782232,1.682091,0.8410454,-88.70731,-115.4752,-171.4734,-178.2413,0.06103304
14,19,720,3.052561e-07,4,7,5.778306e-06,9.733687e-06,1,9.070662e-06,3.835316e-05,1,3,4.426702e-07,7.347601e-06,7,2,0.9294613,2.10379e-07,5,8,5e-06,4.370531e+09,0.01024418,1.87724,0.9386199,-92.00497,-116.6022,-174.7109,-179.3081,0.07552093
14,20,721,3.508936e-07,3,5,9.923727e-06,9.760713e-06,8,5e-06,3.198898e-05,1,2,4.656563e-07,6.529545e-06,6,2,1.147237,5e-07,5,8,8.191875e-06,4.895737e+09,0.007934042,1.145626,0.5728131,-85.84658,-112.3862,-170.648,-177.1876,7.56748e-07
14,21,722,4.005674e-07,3,5,6.166149e-06,6.723781e-06,8,5e-06,3.088935e-05,1,2,3.86642e-07,5e-06,5,1,1.153416,5e-07,5,10,9.531835e-06,5.476494e+09,0.0038016,0.6241274,0.3120637,-78.42522,-105.9797,-167.3956,-174.9501,0.005449749
14,22,723,2.916453e-07,4,10,5.845616e-06,7.622394e-06,10,7.443194e-06,3e-05,1,2,5e-07,5e-06,7,4,0.8377988,4.335251e-07,5,5,7.32957e-06,5.020748e+09,0.01039472,1.412433,0.7062165,-93.31935,-117.7648,-177.1666,-181.6121,0.001558009
14,23,724,4.251681e-07,3,9,5e-06,6.12461e-06,10,7.189814e-06,4.016938e-05,1,2,4.239954e-07,5e-06,6,1,1.094854,5e-07,4,10,9.423436e-06,4.718678e+09,0.004022819,0.7515336,0.3757668,-79.50029,-106.8853,-166.9314,-174.3164,0.001369333
14,24,725,1.8e-07,1,5,1e-05,8.244252e-06,10,5e-06,3e-05,1,2,5e-07,1e-05,7,3,1.090591,5e-07,4,7,8.748207e-06,4.643909e+09,0.01157146,1.41691,0.708455,-81.02719,-109.4559,-163.731,-172.1597,0.0274262
14,25,726,2.903773e-07,5,5,5e-06,5.494621e-06,10,6.974885e-06,3.099772e-05,1,1,4.517795e-07,5e-06,9,4,1.053161,3.622746e-07,5,8,7.706506e-06,7.177599e+09,0.01413665,1.230402,0.6152008,-85.5844,-111.9641,-171.2005,-177.5802,0.3370707
14,26,727,2.583619e-07,1,8,5e-06,8.76329e-06,10,5.560065e-06,3.567308e-05,1,1,3.86642e-07,5.477624e-06,6,2,0.9688773,4.138367e-07,5,10,7.429198e-06,7.593023e+09,0.006024416,0.6211002,0.3105501,-79.14503,-106.8013,-168.9542,-176.6105,0.2389529
14,27,728,3.199236e-07,2,9,1e-05,9.587093e-06,7,8.457194e-06,3e-05,1,3,5e-07,5.47494e-06,10,1,0.75,4.248025e-07,3,7,5e-06,4.403316e+09,0.004580597,1.25008,0.62504,-91.54276,-116.4906,-177.8091,-182.757,0.01027467
14,28,729,3.453438e-07,4,5,5.627891e-06,8.025308e-06,9,7.940191e-06,3.926645e-05,1,2,5e-07,6.024199e-06,5,4,0.817466,3.556974e-07,4,5,7.982584e-06,4.74441e+09,0.007469448,1.374297,0.6871484,-88.13676,-114.73,-172.9275,-179.5208,0.001008257
14,29,730,3.537912e-07,3,7,6.950323e-06,7.979389e-06,10,7.418175e-06,3.512997e-05,1,2,2.525979e-07,8.810395e-06,10,4,0.9096139,3.839598e-07,2,5,5e-06,4.720947e+09,0.01292652,1.651016,0.825508,-95.28336,-119.5895,-177.6491,-181.9553,0.09711614
14,30,731,1.8e-07,4,9,5e-06,7.587243e-06,4,7.626965e-06,3.536652e-05,1,2,3.752016e-07,6.562367e-06,9,3,0.7617017,5e-07,5,5,1e-05,4.695217e+09,0.01457373,1.690567,0.8452837,-88.80019,-115.6411,-170.5976,-177.4385,0.2270768
14,31,732,5e-07,3,7,1e-05,9.078451e-06,9,5e-06,3e-05,1,3,4.645673e-07,5e-06,9,3,0.9642669,5e-07,1,9,5e-06,4.526234e+09,0.006531989,1.631095,0.8155473,-96.84303,-119.5295,-181.8073,-184.4938,0.01345659
14,32,733,4.190058e-07,2,10,1e-05,8.5339e-06,10,9.994136e-06,3e-05,1,2,2.88467e-07,5.50874e-06,10,5,0.75,4.115354e-07,1,5,5e-06,4.998084e+09,0.0075003,1.166067,0.5830335,-90.75436,-116.5115,-175.9796,-181.7368,0.0
14,33,734,1.8e-07,1,8,1e-05,6.632577e-06,10,6.871214e-06,3e-05,1,3,5e-07,6.611715e-06,7,1,1.025744,5e-07,2,8,8.401535e-06,4.485549e+09,0.004334205,1.195689,0.5978447,-88.2781,-114.2495,-174.9453,-180.9167,0.007154084
14,34,735,4.678628e-07,1,10,1e-05,1e-05,10,5.250654e-06,3e-05,1,3,4.392021e-07,1e-05,5,1,0.75,5e-07,1,10,5e-06,4.863831e+09,0.003251864,1.174228,0.587114,-91.04247,-115.6308,-179.6607,-184.249,5.44865e-05
14,35,736,3.891922e-07,3,7,1e-05,8.97373e-06,7,9.578165e-06,4.209917e-05,1,3,5e-07,9.851686e-06,9,1,0.7872317,4.495854e-07,1,7,5e-06,3.789969e+09,0.004701892,1.539691,0.7698456,-98.46805,-121.1569,-183.318,-186.0069,0.05201911
14,36,737,2.893587e-07,2,7,5.5973e-06,7.948238e-06,9,5.108786e-06,3e-05,1,3,3.149512e-07,6.394384e-06,5,2,1.090591,4.819594e-07,4,9,5.568583e-06,4.17794e+09,0.008001384,1.567529,0.7837645,-91.03604,-116.8949,-174.4236,-180.2824,0.02374149
14,37,738,5e-07,5,6,7.044814e-06,5.745519e-06,6,9.254826e-06,3.982971e-05,1,2,2.288612e-07,9.107777e-06,10,1,0.7960051,4.510601e-07,4,10,8.5e-06,4.452641e+09,0.01136392,1.542842,0.771421,-85.83307,-112.6591,-168.2501,-175.0762,0.02775369
14,38,739,4.771857e-07,1,5,8.857616e-06,7.797617e-06,5,6.428087e-06,3.099772e-05,1,2,2.554333e-07,7.239246e-06,6,2,0.7619279,5e-07,1,5,8.015958e-06,8.473884e+09,0.002392121,0.9593811,0.4796905,-72.47447,-100.5912,-167.2483,-175.365,0.437643
14,39,740,1.8e-07,1,7,6.694513e-06,5.876087e-06,8,6.844908e-06,4.87314e-05,1,2,5e-07,6.944858e-06,10,2,0.9162114,5e-07,1,9,5.205805e-06,5.191377e+09,0.005768786,1.587429,0.7937146,-89.37132,-115.5715,-176.0661,-182.2663,0.003718299
14,40,741,3.583064e-07,4,5,5.765334e-06,9.757267e-06,7,5.709812e-06,3.756153e-05,1,2,1.8e-07,9.824436e-06,6,2,1.140418,4.140924e-07,5,10,6.496787e-06,4.424161e+09,0.01866356,1.78037,0.8901849,-92.00851,-118.0723,-172.2152,-178.279,0.7949396
14,41,742,1.8e-07,2,9,8.951714e-06,8.818678e-06,9,5e-06,3e-05,1,3,4.3443e-07,8.570671e-06,5,2,1.043727,4.901275e-07,2,8,7.356191e-06,4.415924e+09,0.007849955,1.631281,0.8156405,-94.62354,-118.5427,-178.5753,-182.4945,0.01741951
14,42,743,1.8e-07,1,5,7.938735e-06,6.887429e-06,10,5e-06,5e-05,1,1,3.787272e-07,9.14192e-06,5,2,1.027152,5e-07,2,10,8.742132e-06,7.654982e+09,0.00763933,1.148413,0.5742063,-74.23866,-102.7443,-163.087,-171.5926,0.2509779
14,43,744,5e-07,4,6,5.932668e-06,5.805399e-06,8,7.15045e-06,5e-05,1,2,3.72958e-07,1e-05,8,1,1.2,5e-07,1,5,6.869301e-06,5.88301e+09,0.005179443,1.644673,0.8223364,-94.85986,-117.8101,-183.109,-186.0593,0.03287424
14,44,745,4.779481e-07,1,5,5e-06,1e-05,8,1e-05,3.860457e-05,1,1,4.59994e-07,7.744728e-06,10,4,0.8692041,4.398647e-07,5,5,8.065024e-06,nil,0.002330634,nil,nil,nil,nil,1e+12,1e+12,3e+12
14,45,746,3.472816e-07,5,10,9.30576e-06,9.882179e-06,10,5e-06,3e-05,1,2,4.07829e-07,7.582563e-06,8,3,0.75,3.827235e-07,5,6,1e-05,4.541029e+09,0.0166631,1.603079,0.8015396,-94.7169,-119.2113,-175.6424,-180.1368,0.4540584
14,46,747,4.185256e-07,3,8,7.230842e-06,8.708366e-06,9,9.61271e-06,4.432036e-05,1,2,3.416702e-07,1e-05,7,4,0.75,3.087623e-07,1,5,6.646579e-06,4.199176e+09,0.008276748,1.456485,0.7282427,-90.4418,-116.9801,-173.7265,-180.2648,0.02045626
14,47,748,5e-07,3,5,5e-06,6.706208e-06,7,6.889935e-06,4.507724e-05,1,2,1.8e-07,7.146369e-06,5,4,1.106574,4.682714e-07,3,5,1e-05,4.951354e+09,0.01080886,1.723689,0.8618443,-89.24746,-115.2941,-172.8041,-178.8508,0.02878108
14,48,749,4.477103e-07,4,8,8.553838e-06,6.737952e-06,10,7.134705e-06,3.776593e-05,1,3,4.332329e-07,7.71327e-06,7,1,0.8538949,3.88587e-07,3,9,9.423436e-06,3.469348e+09,0.006299384,1.380331,0.6901653,-90.78563,-116.9837,-173.5976,-179.7957,0.08524631
14,49,750,3.177272e-07,5,7,5.84187e-06,9.135558e-06,10,8.503198e-06,4.439959e-05,1,1,5e-07,6.164722e-06,5,5,0.75,3.891799e-07,5,5,7.996086e-06,6.265766e+09,0.009998066,0.9909736,0.4954868,-83.87944,-110.9338,-169.8198,-176.8742,0.05224956
15,0,751,4.131618e-07,2,6,5.088219e-06,7.751692e-06,10,7.164734e-06,3.938695e-05,1,1,4.418977e-07,5.977635e-06,5,1,1.2,4.606063e-07,3,6,7.969764e-06,8.469807e+09,0.003242212,0.2535239,0.1267619,-77.49556,-99.3256,-170.9446,-172.7747,1.134406
15,1,752,4.160725e-07,1,7,1e-05,8.261085e-06,8,9.831032e-06,3.382083e-05,1,2,3.294839e-07,7.323017e-06,10,4,0.9064927,5e-07,4,5,8.166153e-06,4.523902e+09,0.008069215,1.157636,0.5788181,-77.72908,-106.1296,-161.771,-170.1716,0.005891296
15,2,753,2.962117e-07,1,9,1e-05,7.086415e-06,7,7.226077e-06,3e-05,1,3,4.326006e-07,8.217492e-06,5,2,0.75,3.221685e-07,2,9,5e-06,4.934147e+09,0.005474367,1.553129,0.7765644,-86.63832,-113.4943,-173.1192,-179.9752,0.001254521
15,3,754,3.670924e-07,1,8,5e-06,7.448091e-06,10,7.448293e-06,5e-05,1,1,3.876274e-07,5.803231e-06,6,1,1.2,4.858964e-07,4,8,7.995275e-06,7.185711e+09,0.004047531,0.4220817,0.2110409,-82.55786,-105.4572,-173.6154,-176.5147,0.1915357
15,4,755,3.219065e-07,3,9,5e-06,6.721503e-06,8,7.756157e-06,4.950703e-05,1,2,4.730578e-07,5.748034e-06,9,4,0.9469026,4.444861e-07,2,5,1e-05,4.230935e+09,0.01063286,1.727234,0.8636169,-97.18583,-120.3104,-179.4481,-182.5727,0.04559832
15,5,756,4.015418e-07,2,9,1e-05,9.364115e-06,7,7.678721e-06,3e-05,1,3,5e-07,5.414475e-06,6,1,1.013338,3.663769e-07,5,10,5e-06,4.197982e+09,0.003684831,0.9118617,0.4559308,-84.20547,-110.9162,-171.0021,-177.7129,0.02052599
15,6,757,2.426305e-07,1,5,6.297455e-06,1e-05,10,5e-06,3.598436e-05,1,2,4.062201e-07,9.521906e-06,10,3,1.2,4.588939e-07,1,9,6.194063e-06,4.766822e+09,0.007937903,1.410032,0.7050162,-84.06846,-112.1428,-168.636,-176.7103,0.0007387093
15,7,758,3.147037e-07,1,7,7.348409e-06,1e-05,9,6.100727e-06,4.129789e-05,1,3,3.508803e-07,1e-05,10,3,0.904968,4.944932e-07,2,8,5.459647e-06,3.070699e+09,0.007164139,1.522569,0.7612847,-82.41821,-110.8504,-163.6113,-172.0436,0.1395992
15,8,759,5e-07,2,5,7.686159e-06,6.476094e-06,5,1e-05,3.760685e-05,1,2,5e-07,8.959031e-06,9,1,1.082489,2.691308e-07,4,9,8.362285e-06,5.122733e+09,0.006487893,1.259279,0.6296393,-87.37187,-112.7882,-173.4409,-178.8572,1.986942e-05
15,9,760,4.064349e-07,2,9,9.491772e-06,1e-05,10,7.257261e-06,3.311678e-05,1,1,4.399823e-07,6.716007e-06,6,1,0.9843995,4.583717e-07,4,6,5e-06,8.264673e+09,0.00427992,0.2690118,0.1345059,-80.66303,-102.1803,-172.6932,-174.2105,0.5984723
15,10,761,4.839409e-07,3,9,1e-05,7.985891e-06,10,5.442015e-06,3e-05,1,2,3.463778e-07,6.272539e-06,5,5,0.75,3.839598e-07,2,6,5e-06,6.154928e+09,0.009038779,1.601053,0.8005266,-93.57421,-117.382,-179.7976,-183.6054,0.04732492
15,11,762,3.708512e-07,1,7,1e-05,1e-05,5,6.988152e-06,3.045724e-05,1,4,1.958914e-07,1e-05,5,4,0.75,4.398647e-07,1,6,5e-06,3.759622e+09,0.004338291,1.496072,0.7480362,-79.95237,-108.0592,-165.0821,-173.1889,0.0541633
15,12,763,2.047737e-07,5,10,5.19315e-06,7.125508e-06,9,1e-05,4.161986e-05,1,1,4.680131e-07,6.274791e-06,10,1,0.8575463,5e-07,5,5,6.876974e-06,7.451398e+09,0.006306199,0.7153596,0.3576798,-86.58884,-111.8216,-176.0359,-181.2687,0.212575
15,13,764,3.830583e-07,2,9,5e-06,8.598578e-06,7,7.720435e-06,3.712207e-05,1,2,4.061687e-07,5.748216e-06,6,1,1.153416,5e-07,4,8,9.749963e-06,5.018578e+09,0.004474248,0.8333507,0.4166753,-80.15244,-107.4893,-167.6569,-174.9937,0.0
15,14,765,1.8e-07,1,5,9.909251e-06,5.263739e-06,10,5.553481e-06,4.112768e-05,1,2,5e-07,5.00762e-06,5,1,0.75,3.88587e-07,4,9,8.96286e-06,5.521856e+09,0.002722033,0.6930369,0.3465184,-76.79657,-103.9648,-167.2893,-174.4575,0.006842095
15,15,766,5e-07,3,5,1e-05,9.435859e-06,10,6.754841e-06,3e-05,1,3,4.158427e-07,9.462547e-06,5,2,0.8847653,5e-07,2,6,6.398322e-06,4.168264e+09,0.006321164,1.496696,0.7483482,-96.61387,-119.9066,-181.005,-184.2977,0.02230058
15,16,767,3.162463e-07,1,7,9.150128e-06,9.090996e-06,6,8.5e-06,3.64237e-05,1,2,2.153854e-07,6.80122e-06,9,3,0.8153966,5e-07,2,5,7.138267e-06,5.619013e+09,0.006366278,1.333639,0.6668194,-75.72358,-104.2541,-162.6779,-171.2085,0.01035658
15,17,768,3.150857e-07,2,10,8.723092e-06,8.465531e-06,9,5e-06,3.966293e-05,1,2,5e-07,5.388085e-06,5,2,1.020363,3.885957e-07,1,5,5e-06,6.824266e+09,0.00341609,1.306158,0.6530789,-92.36274,-116.0277,-183.7086,-187.3735,0.1143057
15,18,769,4.192372e-07,4,9,8.119689e-06,7.56716e-06,5,7.345771e-06,3.374501e-05,1,4,4.811405e-07,6.205851e-06,9,1,0.8026391,4.903396e-07,2,8,7.981808e-06,3.504299e+09,0.00508269,1.59266,0.7963301,-93.23534,-117.5649,-177.0664,-181.396,0.08494801
15,19,770,3.283227e-07,1,5,5.765334e-06,1e-05,7,7.295843e-06,4.080453e-05,1,2,2.688391e-07,9.103769e-06,9,5,0.7629094,4.140924e-07,5,8,1e-05,4.042188e+09,0.002284765,0.4255081,0.212754,-87.70435,-111.7378,-176.2483,-180.2818,0.05284345
15,20,771,4.508515e-07,3,9,5e-06,9.637367e-06,10,7.23579e-06,5e-05,1,2,5e-07,1e-05,5,2,0.9754661,5e-07,3,5,5e-06,4.366182e+09,0.005998566,1.407799,0.7038995,-96.6778,-119.9067,-181.6994,-184.9283,0.01186844
15,21,772,2.717883e-07,3,7,5.602098e-06,6.723781e-06,6,5e-06,4.683993e-05,1,2,2.414382e-07,6.406382e-06,9,2,0.75,5e-07,4,6,9.2977e-06,4.754094e+09,0.009092458,1.611752,0.8058758,-74.82578,-103.2077,-158.7803,-167.1623,0.006437063
15,22,773,3.215921e-07,2,5,9.880631e-06,1e-05,8,5.640796e-06,4.341171e-05,1,2,5e-07,7.612319e-06,6,2,0.8377988,5e-07,4,7,5.56813e-06,4.810029e+09,0.006197531,1.334166,0.667083,-88.04476,-114.1029,-173.7655,-179.8237,0.0003371414
15,23,774,4.251681e-07,4,9,5e-06,6.12461e-06,10,7.521297e-06,4.016938e-05,1,2,4.897513e-07,5e-06,6,1,1.2,4.737782e-07,4,8,8.040353e-06,5.146591e+09,0.003464844,0.7688926,0.3844463,-80.87385,-107.7533,-169.7074,-176.5869,8.345569e-05
15,24,775,2.38858e-07,2,7,8.375236e-06,1e-05,10,5e-06,3e-05,1,2,4.14475e-07,5.366267e-06,10,3,0.75,5e-07,4,5,8.541133e-06,5.180018e+09,0.009086705,1.328776,0.6643878,-75.42011,-104.0283,-160.1227,-168.7308,0.0002461713
15,25,776,3.323371e-07,1,10,5e-06,7.119013e-06,5,7.387616e-06,4.079711e-05,1,1,4.57388e-07,1e-05,9,1,1.2,2.621008e-07,3,5,7.724666e-06,9.599011e+09,0.006780983,1.215279,0.6076396,-83.67213,-109.6252,-175.0037,-180.9568,0.7782044
15,26,777,3.41816e-07,2,9,5.72604e-06,6.252771e-06,10,5.437108e-06,4.465654e-05,1,2,5e-07,9.479542e-06,10,1,1.2,5e-07,2,5,6.782261e-06,5.521837e+09,0.005968163,1.554515,0.7772574,-93.91905,-117.3344,-181.0023,-184.4177,0.008162294
15,27,778,3.661433e-07,1,10,5e-06,6.308485e-06,9,8.502207e-06,5e-05,1,2,3.983503e-07,1e-05,9,2,1.2,4.248025e-07,1,5,5e-06,4.779523e+09,0.005614611,1.494588,0.7472939,-93.44349,-118.0645,-179.538,-184.159,0.0006045258
15,28,779,5e-07,5,6,5e-06,7.306977e-06,6,5.719526e-06,4.97956e-05,1,2,4.172702e-07,1e-05,10,3,1.055036,4.049639e-07,4,7,8.420721e-06,3.651452e+09,0.01556444,1.786755,0.8933774,-96.89618,-120.629,-176.2242,-179.957,0.4111014
15,29,780,3.727802e-07,1,6,8.277458e-06,1e-05,10,7.683858e-06,4.072342e-05,1,2,3.279982e-07,1e-05,9,3,1.193859,5e-07,1,10,5e-06,4.28251e+09,0.008075185,1.406711,0.7033556,-92.83599,-118.6048,-176.3984,-182.1672,0.01588063
15,30,781,5e-07,1,7,5e-06,7.356039e-06,9,5.178559e-06,5e-05,1,2,3.215799e-07,9.493045e-06,5,2,1.2,3.511471e-07,3,5,9.906294e-06,4.999454e+09,0.005810537,1.492472,0.7462361,-85.27615,-112.27,-171.6124,-178.6063,0.0
15,31,782,5e-07,5,10,6.455902e-06,1e-05,10,6.537073e-06,3e-05,1,2,4.213392e-07,8.679479e-06,9,2,0.75,4.901275e-07,5,6,7.330331e-06,4.698871e+09,0.01096282,1.376369,0.6881845,-91.11296,-116.429,-174.1536,-179.4696,0.01095514
15,32,783,3.895501e-07,4,5,7.240032e-06,8.5339e-06,7,9.994136e-06,3e-05,1,2,4.442166e-07,5.140711e-06,5,5,1.2,5e-07,5,10,1e-05,4.035381e+09,0.01216237,1.196198,0.5980992,-89.26621,-115.4497,-170.5337,-176.7172,0.07789406
15,33,784,1.8e-07,1,8,1e-05,9.967783e-06,9,5e-06,3e-05,1,2,5e-07,6.611715e-06,8,1,1.023732,3.10604e-07,5,10,8.5e-06,5.163598e+09,0.005955252,0.8718131,0.4359065,-82.62677,-109.3747,-169.1368,-175.8848,0.0001555071
15,34,785,3.881776e-07,5,10,6.378645e-06,5e-06,9,8.517845e-06,3e-05,1,2,2.903572e-07,5.569042e-06,5,1,0.7633961,3.611035e-07,1,6,5.144471e-06,8.199938e+09,0.003654324,1.259252,0.6296262,-89.34182,-114.5452,-181.99,-187.1933,0.3694584
15,35,786,5e-07,4,8,1e-05,5.455908e-06,8,9.129802e-06,4.65998e-05,1,4,4.954964e-07,6.110474e-06,5,1,1.018524,4.863017e-07,1,7,5.340303e-06,3.462558e+09,0.002499452,1.459561,0.7297805,-95.48792,-119.0731,-182.2974,-185.8826,0.0860575
15,36,787,4.603434e-07,2,6,5.451714e-06,8.723503e-06,8,7.422875e-06,3.978843e-05,1,2,4.598876e-07,1e-05,5,1,0.9880246,2.743502e-07,4,10,1e-05,4.642511e+09,0.004911201,0.9226459,0.461323,-83.8853,-109.9194,-170.3085,-176.3426,0.002761382
15,37,788,5e-07,5,5,8.949134e-06,1e-05,9,5e-06,3e-05,1,4,4.683298e-07,7.620926e-06,5,5,0.7679212,4.039642e-07,1,8,9.705993e-06,3.031638e+09,0.008575453,1.756452,0.8782258,-98.51396,-121.562,-178.8149,-181.8629,0.1746184
15,38,789,1.8e-07,5,10,5e-06,6.835102e-06,7,9.646611e-06,5e-05,1,2,5e-07,7.239246e-06,10,1,0.843635,2.925152e-07,5,5,8.301703e-06,4.457536e+09,0.007498898,1.434142,0.7170708,-91.24573,-116.6187,-175.4777,-180.8506,0.008153879
15,39,790,4.954556e-07,1,7,1e-05,8.898307e-06,9,6.751978e-06,4.086693e-05,1,3,4.115215e-07,6.61643e-06,10,1,0.75,5e-07,1,6,5e-06,4.224901e+09,0.002807014,1.224466,0.6122331,-87.00764,-113.7986,-175.0415,-181.8325,0.01898201
15,40,791,4.591926e-07,1,6,5.765334e-06,6.063661e-06,6,1e-05,4.263983e-05,1,1,3.745726e-07,6.975298e-06,10,1,0.75,4.657421e-07,5,10,5.45768e-06,7.941827e+09,0.001823827,0.08150822,0.04075411,-65.86544,-87.25766,-161.254,-162.6462,163.3782
15,41,792,1.8e-07,1,5,8.5e-06,8.765916e-06,9,6.960309e-06,4.967843e-05,1,2,3.731545e-07,9.517682e-06,6,1,1.2,4.544656e-07,4,10,9.169241e-06,3.778997e+09,0.007220196,1.201408,0.6007041,-84.22814,-111.9748,-167.1902,-174.9368,0.05233849
15,42,793,5e-07,3,5,6.880311e-06,9.199866e-06,8,9.669491e-06,3.26787e-05,1,1,2.342449e-07,1e-05,7,5,0.9838207,4.157024e-07,3,5,7.160226e-06,7.013281e+09,0.01196513,1.109874,0.5549372,-81.48884,-109.266,-167.6281,-175.4053,0.1793573
15,43,794,3.659521e-07,1,6,5.932668e-06,9.553012e-06,10,7.816945e-06,3.909585e-05,1,2,5e-07,6.377652e-06,8,3,0.7956492,4.816197e-07,2,5,7.305937e-06,4.77387e+09,0.002883366,0.5755847,0.2877923,-86.59332,-111.0145,-175.5717,-179.9929,0.0006625873
15,44,795,3.368856e-07,1,5,7.585483e-06,6.740315e-06,10,6.28259e-06,4.726207e-05,1,1,4.598876e-07,7.130519e-06,5,2,0.978086,5e-07,1,8,1e-05,8.729351e+09,0.004123578,0.7618296,0.3809148,-84.07993,-110.0586,-176.7468,-182.7255,0.5064278
15,45,796,2.676533e-07,5,10,1e-05,8.752087e-06,8,7.615907e-06,3e-05,1,3,5e-07,5e-06,8,1,0.75,5e-07,3,6,5.452515e-06,4.592116e+09,0.00376512,1.130744,0.5653721,-89.3494,-115.0945,-176.8319,-182.577,0.003948055
15,46,797,2.691707e-07,2,9,5.799669e-06,1e-05,9,5.766456e-06,3.046638e-05,1,2,5e-07,5e-06,5,1,1.2,4.35875e-07,5,10,9.064267e-06,5.165075e+09,0.003112498,0.3824158,0.1912079,-86.59617,-109.5094,-175.9266,-178.8398,0.05546698
15,47,798,3.741497e-07,2,6,5e-06,7.630707e-06,9,8.730334e-06,3.831687e-05,1,3,4.995349e-07,6.059042e-06,8,2,1.2,3.695911e-07,5,7,7.988278e-06,3.121345e+09,0.007310342,1.449884,0.7249422,-94.2571,-119.2697,-175.5046,-180.5171,0.1317624
15,48,799,3.279838e-07,1,10,8.553838e-06,1e-05,10,9.253514e-06,3.776593e-05,1,1,5e-07,7.1422e-06,7,1,0.952173,4.445072e-07,3,6,5e-06,7.359139e+09,0.00404858,5.199826e-05,2.599913e-05,-20.80493,-40.00414,-112.0684,-111.2677,3600.699
15,49,800,3.41389e-07,1,8,1e-05,1e-05,9,6.027309e-06,4.10961e-05,1,2,4.244443e-07,9.909655e-06,9,3,0.7587535,4.907797e-07,1,5,5e-06,4.731226e+09,0.004805581,1.061247,0.5306233,-79.42224,-107.5123,-166.1043,-174.1943,0.001186365
16,0,801,4.195185e-07,4,6,5.088219e-06,8.027423e-06,3,7.602855e-06,5e-05,1,4,1.8e-07,8.624334e-06,5,5,0.75,3.352815e-07,1,8,7.78932e-06,2.953991e+09,0.006799188,1.906121,0.9530603,-92.54187,-117.1538,-173.6255,-178.2374,0.2310278
16,1,802,1.8e-07,1,6,7.7025e-06,6.619091e-06,1,6.17176e-06,3.644091e-05,1,4,3.838659e-07,6.621998e-06,7,1,0.8447216,5e-07,2,8,8.817868e-06,3.977537e+09,0.004697792,1.705187,0.8525933,-86.1184,-112.6238,-171.3918,-177.8972,0.05415277
16,2,803,3.357953e-07,1,10,9.347132e-06,7.370312e-06,7,5e-06,3.567964e-05,1,3,5e-07,8.453549e-06,5,1,1.132836,5e-07,2,9,7.272718e-06,4.658833e+09,0.003929381,1.336966,0.6684832,-87.28467,-113.1229,-174.707,-180.5452,0.00242238
16,3,804,2.128955e-07,1,5,8.213727e-06,9.574404e-06,9,5e-06,3.641188e-05,1,2,5e-07,7.878831e-06,5,1,1.2,3.9149e-07,5,10,5e-06,5.446815e+09,0.004061631,0.8577709,0.4288855,-81.71974,-108.2335,-170.3556,-176.8694,0.004624407
16,4,805,2.026035e-07,5,5,5.544814e-06,1e-05,4,8.329299e-06,3.001912e-05,1,3,1.8e-07,1e-05,6,5,0.7810785,4.388661e-07,4,8,8.51002e-06,3.325047e+09,0.01677846,1.825192,0.9125958,-84.61433,-112.8194,-162.8028,-171.0078,0.6097848
16,5,806,4.322784e-07,3,7,5.159461e-06,9.720514e-06,10,8.841318e-06,4.728453e-05,1,3,2.218506e-07,6.001172e-06,9,4,0.82188,3.891799e-07,1,5,5e-06,3.038983e+09,0.006646876,1.593697,0.7968486,-98.24751,-122.1394,-179.6759,-183.5678,0.1481494
16,6,807,3.440334e-07,3,5,8.816277e-06,8.292281e-06,5,6.517048e-06,4.769104e-05,1,2,3.501979e-07,5e-06,8,2,0.8384157,5e-07,5,10,8.127665e-06,3.888426e+09,0.008858574,1.367157,0.6835787,-85.52415,-112.5979,-167.846,-174.9198,0.04261901
16,7,808,3.048846e-07,4,7,8.780881e-06,8.316167e-06,6,7.226077e-06,3e-05,1,2,4.683298e-07,5.932427e-06,5,1,1.093248,3.221685e-07,5,9,7.400057e-06,6.01639e+09,0.003937683,0.7583441,0.379172,-79.65446,-106.929,-169.2888,-176.5633,0.03228647
16,8,809,2.972196e-07,4,10,8.813841e-06,8.76392e-06,8,8.030626e-06,4.39784e-05,1,2,3.408273e-07,7.663315e-06,6,1,0.9532747,4.565669e-07,4,8,7.865327e-06,4.414426e+09,0.00724806,1.266564,0.6332822,-85.96756,-114.0005,-170.2628,-178.2958,0.00982016
16,9,810,4.487442e-07,5,10,7.77254e-06,5.29827e-06,8,1e-05,4.521278e-05,1,3,5e-07,7.691265e-06,8,1,1.065,4.682714e-07,3,7,5.815402e-06,3.635428e+09,0.005561336,1.551665,0.7758327,-94.3531,-118.6681,-178.1124,-182.4274,0.06778954
16,10,811,1.929896e-07,2,8,1e-05,8.283235e-06,4,5.413412e-06,3.510464e-05,1,3,4.263219e-07,5e-06,5,1,0.8180773,5e-07,3,6,8.681263e-06,4.996833e+09,0.003177378,1.184832,0.592416,-80.97095,-108.6181,-169.9242,-177.5713,0.0
16,11,812,3.349802e-07,2,7,6.210644e-06,8.483842e-06,10,5e-06,3.794264e-05,1,2,4.801861e-07,6.529965e-06,5,4,0.8858857,4.145352e-07,4,7,8.119644e-06,4.701349e+09,0.008085511,1.367883,0.6839414,-84.08421,-111.5323,-168.4516,-175.8997,0.001643576
16,12,813,3.924939e-07,5,5,5e-06,9.713877e-06,10,8.227492e-06,3.205561e-05,1,1,2.846924e-07,5.043176e-06,7,5,0.75,3.342283e-07,5,5,5e-06,7.603186e+09,0.007304617,0.7517802,0.3758901,-87.08094,-112.5806,-176.0649,-181.5645,0.2409051
16,13,814,3.830583e-07,2,5,8.597936e-06,5e-06,8,9.659699e-06,3.712207e-05,1,2,5e-07,5e-06,10,1,1.148924,5e-07,1,9,6.008322e-06,6.603945e+09,0.003599205,1.191726,0.5958629,-89.41963,-114.0447,-180.2536,-184.8787,0.08696084
16,14,815,4.553604e-07,2,6,9.666149e-06,7.14302e-06,8,5.800093e-06,3e-05,1,3,4.328753e-07,9.135869e-06,5,1,0.9445539,5e-07,3,10,7.492753e-06,4.2758e+09,0.004835149,1.185275,0.5926375,-85.42197,-111.9481,-171.1982,-177.7243,0.01622764
16,15,816,5e-07,5,6,6.423727e-06,1e-05,6,5.486144e-06,3.648557e-05,1,2,2.664261e-07,6.867168e-06,5,5,0.9576109,4.822607e-07,4,5,6.770193e-06,5.2938e+09,0.01364432,1.781636,0.8908178,-94.30799,-118.0189,-177.4338,-181.1448,0.1695075
16,16,817,3.699652e-07,3,7,7.072086e-06,5.133337e-06,10,8.5e-06,5e-05,1,2,5e-07,8.271577e-06,5,1,0.8240405,4.025925e-07,1,8,6.263959e-06,5.69456e+09,0.003286648,1.233421,0.6167107,-91.21942,-115.6954,-181.1611,-185.637,0.01359097
16,17,818,4.844895e-07,2,10,1e-05,8.522814e-06,4,5.455404e-06,3e-05,1,4,3.687679e-07,7.234468e-06,6,2,0.75,4.066705e-07,2,9,7.074898e-06,3.851923e+09,0.007170301,1.799067,0.8995336,-93.83076,-117.4193,-176.9889,-180.5775,0.08550199
16,18,819,4.412291e-07,1,5,8.943589e-06,9.986588e-06,6,6.800622e-06,3.033028e-05,1,2,5e-07,7.847797e-06,5,2,1.2,3.703613e-07,5,10,5e-06,5.683373e+09,0.005530737,1.047343,0.5236716,-83.69499,-109.7432,-171.3593,-177.4075,0.01308435
16,19,820,5e-07,5,10,7.637335e-06,8.310327e-06,7,1e-05,3.101997e-05,1,2,1.8e-07,8.752353e-06,8,5,0.7659834,3.55893e-07,5,6,5e-06,4.665761e+09,0.01936925,1.747828,0.8739142,-91.94025,-117.5823,-172.4476,-178.0897,0.9074104
16,20,821,3.111043e-07,1,9,6.227288e-06,9.794356e-06,8,5.117368e-06,4.406313e-05,1,2,5e-07,9.089048e-06,5,2,1.147237,4.062557e-07,4,10,5e-06,4.724487e+09,0.006755935,1.378689,0.6893447,-89.19869,-114.8609,-174.3889,-180.0511,0.001282999
16,21,822,5e-07,2,8,6.166149e-06,5e-06,8,7.240243e-06,5e-05,1,2,3.702532e-07,9.625527e-06,6,1,1.153416,3.511471e-07,3,6,9.906294e-06,5.063897e+09,0.006581297,1.527205,0.7636023,-89.88997,-115.2945,-175.7966,-181.2011,0.0003289299
16,22,823,4.587994e-07,4,5,8.535111e-06,5e-06,8,7.879682e-06,3.982971e-05,1,2,5e-07,1e-05,5,1,1.001614,5e-07,5,7,5.56813e-06,5.436521e+09,0.004784466,1.121391,0.5606953,-84.58657,-110.8235,-172.4947,-178.7316,0.004353951
16,23,824,4.251681e-07,1,5,7.740971e-06,8.002587e-06,7,8.898622e-06,3.459665e-05,1,2,3.403481e-07,6.462076e-06,10,4,0.797956,5e-07,3,5,9.048263e-06,5.230568e+09,0.002899339,0.6352362,0.3176181,-85.37308,-111.5994,-175.1211,-181.3474,0.0006554368
16,24,825,5e-07,3,9,9.005042e-06,1e-05,9,6.401952e-06,3.655434e-05,1,2,2.681881e-07,1e-05,10,3,0.85004,3.568377e-07,4,7,7.286061e-06,4.181207e+09,0.01757904,1.731038,0.8655192,-93.99484,-119.1826,-173.9709,-179.1587,0.6196603
16,25,826,1.8e-07,3,10,1e-05,9.56945e-06,8,5e-06,3e-05,1,3,4.274776e-07,5e-06,7,2,0.75,4.947489e-07,3,5,1e-05,4.337284e+09,0.007194857,1.534829,0.7674144,-92.4259,-117.4413,-176.6,-181.6154,0.01372734
16,26,827,4.870584e-07,1,8,7.316304e-06,6.721643e-06,7,7.082574e-06,3.547232e-05,1,2,3.787272e-07,1e-05,6,1,1.069623,4.138367e-07,1,10,6.128469e-06,6.939193e+09,0.004532118,1.400068,0.7000339,-89.69826,-114.2431,-179.9614,-184.5062,0.1300512
16,27,828,1.828188e-07,1,8,1e-05,1e-05,9,6.064217e-06,3.569687e-05,1,3,5e-07,6.984049e-06,9,2,0.75,5e-07,1,7,5.448637e-06,3.996025e+09,0.005175222,1.519643,0.7598214,-93.02203,-118.6535,-177.9153,-183.5468,0.03420609
16,28,829,4.439003e-07,3,10,1e-05,7.705567e-06,7,7.499954e-06,5e-05,1,2,3.025629e-07,1e-05,6,1,1.066993,5e-07,1,5,6.539851e-06,5.890959e+09,0.005278051,1.640852,0.8204259,-95.40031,-118.4227,-183.5793,-186.6017,0.03287038
16,29,830,2.747644e-07,1,7,1e-05,8.328916e-06,9,5.709634e-06,4.315105e-05,1,2,4.052375e-07,7.203202e-06,8,2,1.065,5e-07,3,6,6.235196e-06,4.975626e+09,0.008114997,1.595439,0.7977194,-93.16381,-117.7821,-178.0079,-182.6261,0.004048253
16,30,831,4.436629e-07,4,7,5e-06,9.863906e-06,10,8.479972e-06,4.605561e-05,1,1,1.9781e-07,7.579975e-06,8,5,0.8029367,3.167809e-07,4,5,5e-06,6.395574e+09,0.009899487,1.02239,0.5111949,-80.78879,-108.7107,-166.9503,-174.8721,0.06453333
16,31,832,5e-07,1,5,7.635956e-06,5.928197e-06,2,9.887199e-06,4.254147e-05,1,3,4.241868e-07,8.679479e-06,8,2,1.04725,2.691308e-07,4,9,8.497966e-06,3.55455e+09,0.005563183,1.527237,0.7636184,-81.06096,-108.9999,-164.6234,-172.5623,0.07572474
16,32,833,2.916928e-07,1,5,8.857616e-06,1e-05,10,8.02272e-06,3.099772e-05,1,2,2.88467e-07,6.255922e-06,10,4,0.75,5e-07,2,5,5e-06,5.175776e+09,0.003479227,0.6084947,0.3042473,-91.6449,-114.3226,-180.5096,-183.1873,0.0002207589
16,33,834,4.472879e-07,3,5,8.819145e-06,1e-05,9,8.859086e-06,3.754298e-05,1,3,5e-07,6.43841e-06,9,5,0.7918369,4.551805e-07,1,7,5e-06,3.035512e+09,0.006456779,1.398557,0.6992783,-94.1126,-119.7558,-175.6571,-181.3002,0.1447861
16,34,835,3.881776e-07,4,8,1e-05,8.403926e-06,9,8.015911e-06,4.840502e-05,1,2,2.903572e-07,6.926028e-06,10,2,1.165541,5e-07,1,5,5.581531e-06,4.871161e+09,0.007315733,1.617089,0.8085446,-97.62471,-120.4039,-182.7348,-185.514,0.006127927
16,35,836,3.758977e-07,3,9,7.534707e-06,7.99485e-06,8,6.415339e-06,4.264668e-05,1,3,3.419319e-07,5.661258e-06,7,1,0.8813872,4.510601e-07,4,7,7.33164e-06,3.561264e+09,0.005789428,1.470263,0.7351316,-89.69297,-116.5741,-173.0987,-179.9799,0.07464444
16,36,837,3.571599e-07,1,7,1e-05,1e-05,10,7.977304e-06,3.029555e-05,1,2,4.216491e-07,8.551521e-06,9,5,0.75,5e-07,1,10,5e-06,4.622024e+09,0.004544229,0.6166296,0.3083148,-91.43817,-114.4769,-178.1602,-181.199,0.00321826
16,37,838,1.8e-07,2,10,1e-05,7.332259e-06,1,5.265459e-06,3.65541e-05,1,2,5e-07,5e-06,6,1,0.75,5e-07,2,5,9.521159e-06,8.989216e+09,0.002946719,1.298222,0.6491111,-78.33799,-105.0229,-172.719,-179.404,0.5815455
16,38,839,3.737689e-07,2,8,6.012313e-06,9.295023e-06,10,8.560605e-06,5e-05,1,2,3.066225e-07,9.640085e-06,6,2,0.7559712,5e-07,1,5,5e-06,4.538759e+09,0.00451471,1.226724,0.6133619,-91.43869,-117.3417,-178.0311,-183.9341,0.005435043
16,39,840,4.954556e-07,2,6,8.416441e-06,8.898307e-06,9,6.238989e-06,4.53882e-05,1,2,5e-07,6.771788e-06,6,2,0.7736108,5e-07,3,6,5e-06,5.122743e+09,0.00425941,1.189796,0.5948979,-84.63009,-111.2793,-172.5266,-179.1759,1.988635e-05
16,40,841,5e-07,1,7,5.169877e-06,6.095502e-06,9,9.192876e-06,3.4335e-05,1,2,3.254654e-07,9.142813e-06,8,2,1.101307,5e-07,3,6,5.613776e-06,5.546704e+09,0.005400433,1.192938,0.5964689,-79.94037,-107.9106,-167.4968,-175.4671,0.007671839
16,41,842,2.529086e-07,1,6,1e-05,8.804597e-06,9,5.281631e-06,4.422692e-05,1,2,1.8e-07,1e-05,10,5,0.8035279,4.398647e-07,1,6,1e-05,4.297197e+09,0.007025739,1.239323,0.6196615,-73.94168,-102.6709,-158.1385,-166.8677,0.01513419
16,42,843,3.41199e-07,2,8,5e-06,5.850394e-06,10,5.915423e-06,4.332494e-05,1,2,5e-07,6.10864e-06,6,2,1.2,5e-07,4,9,1e-05,4.244639e+09,0.00666806,1.135501,0.5677504,-85.83172,-112.0149,-170.1485,-176.3317,0.01788832
16,43,844,5e-07,2,8,6.291002e-06,6.959467e-06,7,8.227492e-06,3.205561e-05,1,2,5e-07,7.672196e-06,8,1,1.054622,3.130362e-07,4,8,6.55623e-06,5.89382e+09,0.005478599,1.119014,0.559507,-86.23148,-111.7292,-174.2527,-179.7504,0.02422722
16,44,845,3.748682e-07,4,9,7.263007e-06,5.301138e-06,9,8.685513e-06,4.584319e-05,1,2,3.118145e-07,1e-05,8,3,0.75,4.398647e-07,2,7,1e-05,4.237457e+09,0.01393787,1.784667,0.8923334,-95.05051,-119.4168,-176.1507,-180.5169,0.209366
16,45,846,2.695578e-07,4,7,1e-05,6.354358e-06,9,9.912579e-06,4.842027e-05,1,2,5e-07,7.193025e-06,7,1,1.040311,2.931925e-07,2,5,8.644039e-06,5.089502e+09,0.004898442,1.293132,0.646566,-91.24507,-116.3932,-178.478,-183.6262,0.0
16,46,847,2.843374e-07,2,5,5.015271e-06,8.765824e-06,6,5e-06,3.046638e-05,1,3,5e-07,8.767032e-06,5,2,0.8486933,4.398327e-07,4,6,9.399044e-06,4.255042e+09,0.005196435,1.286125,0.6430623,-75.14007,-103.5363,-160.5611,-168.9573,0.0173249
16,47,848,1.8e-07,1,5,8.987687e-06,6.609144e-06,8,5.245681e-06,3.543615e-05,1,1,5e-07,9.131906e-06,7,1,1.2,4.682714e-07,5,10,9.068111e-06,7.589638e+09,0.006355188,0.6160498,0.3080249,-80.6471,-107.2339,-170.2202,-176.8071,0.2383043
16,48,849,2.90921e-07,1,10,9.347132e-06,9.331896e-06,8,7.632432e-06,4.026224e-05,1,2,5e-07,6.057503e-06,5,1,1.104102,5e-07,2,7,8.324974e-06,5.561865e+09,0.003003052,0.7842802,0.3921401,-84.76597,-110.7188,-174.8948,-180.8476,0.008201448
16,49,850,4.524887e-07,1,8,5e-06,6.552033e-06,6,5e-06,5e-05,1,2,4.721047e-07,9.32469e-06,5,1,1.16869,3.511471e-07,2,6,9.806093e-06,6.135722e+09,0.003746858,1.366691,0.6833455,-85.82773,-111.0734,-175.8484,-181.0941,0.04124263
17,0,851,3.366188e-07,2,8,6.667028e-06,5e-06,2,1e-05,4.24876e-05,1,2,5e-07,6.907019e-06,9,1,0.7892437,1.8e-07,3,8,1e-05,6.073892e+09,0.005638806,1.467885,0.7339423,-85.77627,-111.526,-173.9337,-179.6835,0.03646542
17,1,852,2.981246e-07,5,10,1e-05,7.596687e-06,10,6.440201e-06,5e-05,1,2,4.132321e-07,5.653363e-06,5,1,0.9157031,5e-07,1,6,8.294195e-06,5.635533e+09,0.002993883,1.125025,0.5625126,-89.29229,-115.1337,-179.5486,-185.39,0.01102638
17,2,853,3.458646e-07,4,6,7.446731e-06,8.92684e-06,8,5e-06,3e-05,1,2,5e-07,8.453549e-06,9,2,0.8171857,5e-07,5,10,1e-05,4.224396e+09,0.011136,1.181351,0.5906756,-84.02564,-111.2252,-166.0736,-173.2732,0.03191546
17,3,854,5e-07,1,6,9.062067e-06,1e-05,7,6.683783e-06,3e-05,1,3,3.876274e-07,8.108981e-06,5,1,0.7590212,4.324697e-07,5,7,5e-06,4.686911e+09,0.002633797,0.8270576,0.4135288,-76.30971,-104.0529,-165.5216,-173.2648,0.001891169
17,4,855,2.026035e-07,5,6,8.395332e-06,1e-05,7,5e-06,3.024636e-05,1,3,4.730578e-07,1e-05,5,4,0.8596323,3.506617e-07,4,10,5.320376e-06,3.576737e+09,0.01591344,1.816063,0.9080317,-96.80025,-120.5019,-175.8523,-179.554,0.467015
17,5,856,3.836389e-07,3,5,5.042201e-06,8.774452e-06,10,6.754841e-06,4.179451e-05,1,1,4.652405e-07,7.386135e-06,9,5,0.82188,3.8778e-07,4,5,9.424542e-06,6.270773e+09,0.006702111,0.6366594,0.3183297,-89.41289,-111.6655,-177.0972,-179.3498,0.05269932
17,6,857,2.426305e-07,4,6,8.616364e-06,1e-05,7,6.94871e-06,3e-05,1,2,2.370581e-07,5e-06,7,5,1.10362,5e-07,3,5,5e-06,5.848042e+09,0.01472997,1.787129,0.8935644,-96.09054,-119.129,-179.7487,-182.7872,0.2818806
17,7,858,5e-07,3,7,6.951759e-06,1e-05,5,6.215692e-06,3.580913e-05,1,3,5e-07,9.714182e-06,6,5,0.8034662,5e-07,4,8,6.161609e-06,3.098893e+09,0.008858873,1.539384,0.7696919,-84.5333,-112.1765,-164.8837,-172.5268,0.1357991
17,8,859,3.723834e-07,4,5,1e-05,7.208763e-06,5,8.438805e-06,4.488317e-05,1,2,5e-07,7.808275e-06,5,1,1.082489,2.691308e-07,4,9,8.362285e-06,5.094419e+09,0.004640891,1.075227,0.5376135,-83.24599,-110.1608,-170.7219,-177.6367,0.0
17,9,860,4.300763e-07,3,10,5e-06,5e-06,8,1e-05,4.95493e-05,1,2,5e-07,6.716007e-06,6,1,1.185148,5e-07,1,6,8.324974e-06,5.842624e+09,0.003186245,1.237874,0.6189372,-90.32242,-115.1073,-180.6218,-185.4067,0.021203
17,10,861,4.41348e-07,4,5,1e-05,9.78984e-06,8,5.413412e-06,4.490363e-05,1,2,1.8e-07,1e-05,7,5,0.75,5e-07,1,5,8.681263e-06,4.618139e+09,0.009532868,1.607569,0.8037846,-91.60137,-116.9574,-175.0985,-180.4545,0.008451581
17,11,862,5e-07,1,5,1e-05,8.01912e-06,10,7.469052e-06,3.514133e-05,1,2,4.425536e-07,7.363191e-06,10,4,0.75,5e-07,2,5,5e-06,4.920337e+09,0.002458439,0.4363665,0.2181832,-80.82675,-105.3578,-170.76,-175.2911,0.0161969
17,12,863,4.33293e-07,2,7,9.491772e-06,7.263733e-06,9,5.891097e-06,3e-05,1,4,4.638977e-07,5.549994e-06,5,2,0.8771954,5e-07,1,5,5e-06,4.243365e+09,0.003155495,1.50222,0.7511101,-96.17229,-118.8986,-183.7358,-186.4621,0.01796011
17,13,864,2.409423e-07,1,5,5e-06,8.598578e-06,7,5.407659e-06,3e-05,1,3,1.859318e-07,9.897811e-06,5,5,0.75,4.579751e-07,2,10,5e-06,4.733215e+09,0.002364723,0.8590935,0.4295468,-69.40574,-98.20043,-159.1711,-167.9658,3.239611
17,14,865,3.550756e-07,3,10,8.416441e-06,6.765351e-06,9,7.629553e-06,4.524146e-05,1,2,5e-07,5e-06,5,1,0.75,5e-07,4,9,5e-06,5.261802e+09,0.002723096,0.7541136,0.3770568,-81.42966,-107.9776,-171.5017,-178.0497,0.001006527
17,15,866,4.42898e-07,1,5,1e-05,1e-05,10,6.201149e-06,4.596177e-05,1,2,4.082118e-07,1e-05,8,2,0.8421061,5e-07,2,6,5e-06,4.719312e+09,0.004104141,1.034052,0.5170258,-79.18467,-107.3588,-166.53,-174.7041,0.001359772
17,16,867,5e-07,5,8,1e-05,1e-05,10,5e-06,3e-05,1,4,2.153854e-07,9.417978e-06,5,3,0.7728334,4.858964e-07,1,5,5e-06,3.598652e+09,0.007330195,1.758391,0.8791956,-97.58621,-120.4395,-180.0578,-182.9111,0.1002072
17,17,868,2.480026e-07,1,8,1e-05,6.822799e-06,9,5e-06,3e-05,1,3,4.980461e-07,1e-05,5,1,0.9844288,4.359801e-07,3,10,7.727283e-06,4.302836e+09,0.004931402,1.198668,0.5993338,-85.98884,-112.3332,-171.7342,-178.0786,0.01485235
17,18,869,4.06319e-07,2,10,5e-06,7.481156e-06,10,7.345771e-06,3.965891e-05,1,2,4.241054e-07,6.630217e-06,8,2,0.75,5e-07,3,8,5.489526e-06,5.045866e+09,0.005242889,1.11885,0.5594249,-76.97866,-105.1408,-163.8417,-172.0038,0.0
17,19,870,5e-07,2,6,6.811293e-06,6.63765e-06,8,7.509356e-06,3.101997e-05,1,2,2.109322e-07,1e-05,8,1,1.2,3.948783e-07,1,5,9.906294e-06,7.088256e+09,0.007796628,1.650425,0.8252125,-92.5798,-116.5248,-180.6715,-184.6166,0.1620429
17,20,871,3.397487e-07,1,5,7.984e-06,7.36517e-06,10,5.024059e-06,4.928602e-05,1,2,4.234565e-07,9.315414e-06,7,2,0.8858857,3.511471e-07,2,5,8.191875e-06,5.11822e+09,0.00477677,1.367569,0.6837844,-75.99285,-104.4699,-163.3839,-171.861,1.27625e-05
17,21,872,1.8e-07,5,10,1e-05,7.035322e-06,8,6.565453e-06,3e-05,1,2,4.905736e-07,5e-06,6,1,0.753603,5e-07,4,6,1e-05,6.236719e+09,0.003519196,0.735193,0.3675965,-78.79173,-105.9097,-169.2264,-176.3444,0.04967821
17,22,873,2.541077e-07,1,5,1e-05,1e-05,10,5e-06,3e-05,1,2,3.870589e-07,8.107334e-06,9,4,0.75,5e-07,4,7,1e-05,4.89172e+09,0.004526133,0.742741,0.3713705,-74.16476,-102.8843,-161.3967,-170.1162,2.855096e-06
17,23,874,4.251681e-07,1,8,9.326042e-06,7.086415e-06,7,5.560065e-06,3.478374e-05,1,3,4.897513e-07,1e-05,5,1,1.013626,4.737782e-07,2,8,5.524974e-06,4.97731e+09,0.003884032,1.435121,0.7175607,-90.24238,-114.7637,-178.2894,-182.8108,0.0
17,24,875,5e-07,1,7,8.551647e-06,6.804546e-06,8,7.066365e-06,4.728902e-05,1,2,4.907625e-07,7.66794e-06,7,2,0.75,5e-07,2,7,5e-06,5.507987e+09,0.00282789,0.9599282,0.4799641,-75.92203,-103.929,-166.2273,-174.2343,0.006399602
17,25,876,2.770481e-07,1,10,5e-06,8.086265e-06,10,7.986567e-06,4.589164e-05,1,2,3.857212e-07,6.695559e-06,9,1,0.9440061,5e-07,2,8,5e-06,4.930109e+09,0.004757303,1.262144,0.6310721,-89.58148,-115.7959,-176.665,-182.8795,0.0
17,26,877,2.145993e-07,1,5,5.72604e-06,7.709671e-06,8,7.082574e-06,3.72162e-05,1,2,3.849467e-07,9.479542e-06,10,3,1.074385,5e-07,2,5,6.894554e-06,4.824048e+09,0.007465602,1.376672,0.6883358,-76.2596,-105.0059,-161.1972,-169.9435,0.0002402623
17,27,878,2.585663e-07,1,6,1e-05,6.308485e-06,3,5e-06,4.23434e-05,1,3,5e-07,7.00398e-06,5,1,1.133077,3.95803e-07,3,5,1e-05,4.847148e+09,0.003533019,1.425494,0.7127469,-85.29929,-111.2647,-173.5276,-179.4929,0.0001163391
17,28,879,2.766518e-07,3,10,1e-05,9.281611e-06,9,7.637028e-06,3.052962e-05,1,2,4.172702e-07,5.317345e-06,10,1,0.7760622,5e-07,1,6,5.041133e-06,6.436083e+09,0.003805216,0.9371837,0.4685919,-94.96368,-116.8681,-185.3323,-187.2368,0.068632
17,29,880,3.981556e-07,2,9,1e-05,7.481156e-06,10,7.987372e-06,3.671571e-05,1,1,3.913823e-07,6.623595e-06,9,3,0.8217114,5e-07,4,7,5.489526e-06,7.132747e+09,0.01087392,1.152011,0.5760053,-84.44034,-111.3357,-171.1416,-178.037,0.1665018
17,30,881,5e-07,5,5,5.711069e-06,7.356039e-06,9,6.856128e-06,3.135208e-05,1,1,3.371027e-07,5.183036e-06,9,1,1.197592,4.22017e-07,5,10,1e-05,7.387174e+09,0.007354253,0.6439214,0.3219607,-80.55919,-107.8243,-169.2634,-176.5284,0.2011214
17,31,882,4.455803e-07,4,9,5e-06,1e-05,7,8.546013e-06,5e-05,1,2,5e-07,5.075213e-06,6,2,1.2,4.27083e-07,2,5,5e-06,5.047636e+09,0.004400309,1.326572,0.6632861,-94.69231,-118.3947,-182.3192,-186.0217,0.0
17,32,883,4.825663e-07,1,7,7.393835e-06,8.5339e-06,10,9.994136e-06,5e-05,1,2,3.764736e-07,9.647161e-06,5,2,0.75,3.695889e-07,3,5,9.934406e-06,4.227138e+09,0.002607491,0.6396289,0.3198144,-94.67402,-116.3129,-183.0327,-184.6716,0.01885645
17,33,884,3.342805e-07,1,9,8.5e-06,7.880189e-06,4,8.129087e-06,3.474193e-05,1,2,2.955211e-07,9.146645e-06,8,1,0.8644779,5e-07,3,9,9.749963e-06,5.389904e+09,0.007364207,1.309407,0.6547033,-76.56521,-104.742,-162.5256,-170.7024,0.003231236
17,34,885,3.881776e-07,4,10,6.808076e-06,5e-06,7,9.509325e-06,4.109531e-05,1,3,4.73429e-07,6.453875e-06,5,2,1.073689,3.640743e-07,1,6,8.434406e-06,4.623295e+09,0.005149996,1.683176,0.8415882,-94.12404,-117.7795,-180.305,-183.9604,0.01810161
17,35,886,3.342287e-07,4,5,5.706664e-06,8.97373e-06,10,5e-06,3.919528e-05,1,2,4.813422e-07,9.930111e-06,5,1,0.7872317,3.003334e-07,4,5,8.885891e-06,5.503781e+09,0.00473553,1.124645,0.5623225,-86.1052,-112.0297,-174.1647,-180.0893,0.006268324
17,36,887,3.807184e-07,3,6,6.5e-06,6.327408e-06,9,8.044725e-06,4.256107e-05,1,2,4.598876e-07,9.880802e-06,5,1,1.2,1.889954e-07,1,10,9.772508e-06,5.7536e+09,0.005325305,1.36255,0.6812749,-89.25936,-115.0256,-177.1947,-182.9609,0.01642418
17,37,888,5e-07,5,7,5e-06,5.745519e-06,9,6.070306e-06,5e-05,1,1,1.8e-07,7.620926e-06,5,1,1.155847,4.199867e-07,2,5,1e-05,9.415255e+09,0.008683851,1.490614,0.7453072,-83.43194,-111.3353,-173.5215,-181.4248,0.7159332
17,38,889,4.219882e-07,1,5,7.035734e-06,1e-05,10,6.563768e-06,4.899627e-05,1,2,3.309618e-07,1e-05,8,4,0.7946207,4.398647e-07,2,8,5.219246e-06,4.185076e+09,0.002606022,0.6409495,0.3204748,-83.08738,-110.7666,-171.3617,-179.0409,0.02128762
17,39,890,5e-07,5,6,5e-06,8.947903e-06,10,6.449676e-06,4.53882e-05,1,2,2.361942e-07,7.779484e-06,5,5,0.75,2.487635e-07,4,6,7.087809e-06,4.45601e+09,0.007220143,1.355884,0.6779418,-80.00387,-107.9452,-164.3973,-172.3387,0.008210224
17,40,891,3.583064e-07,3,10,5.760885e-06,6.562118e-06,10,8.601436e-06,4.184797e-05,1,2,5e-07,6.432304e-06,8,1,0.8201113,4.7779e-07,3,8,5e-06,5.150013e+09,0.004451341,1.096265,0.5481327,-88.84973,-114.2776,-176.601,-182.0288,9.616605e-05
17,41,892,1.862034e-07,1,9,6.553391e-06,8.450736e-06,9,6.054208e-06,4.771236e-05,1,3,3.924517e-07,6.091126e-06,5,1,0.75,5e-07,1,10,6.44695e-06,4.051646e+09,0.003041844,1.351103,0.6755516,-90.23705,-116.3131,-177.5583,-183.6344,0.02997518
17,42,893,1.8e-07,1,7,5.684222e-06,1e-05,10,5.662943e-06,5e-05,1,2,4.623016e-07,5.419078e-06,5,2,1.027152,5e-07,2,5,5.475037e-06,5.113868e+09,0.003928201,1.263557,0.6317787,-92.03841,-116.9911,-180.2715,-185.2242,7.393941e-06
17,43,894,4.609708e-07,2,5,1e-05,9.553012e-06,7,9.389301e-06,3.262318e-05,1,2,4.059001e-07,7.071853e-06,10,4,0.8664666,3.383916e-07,3,5,5e-06,4.840925e+09,0.008341621,1.302507,0.6512533,-82.23441,-110.1483,-166.7205,-174.6343,0.0001453524
17,44,895,2.858334e-07,2,5,1e-05,1e-05,10,5.362619e-06,4.584319e-05,1,2,4.206585e-07,9.062647e-06,7,5,0.75,4.398647e-07,4,5,1e-05,3.775308e+09,0.007901817,1.233239,0.6166193,-74.23959,-102.8943,-156.8014,-165.4561,0.05268358
17,45,896,4.280775e-07,4,6,5e-06,6.354358e-06,7,9.912579e-06,3.977242e-05,1,2,5e-07,5e-06,5,3,1.2,2.931925e-07,5,6,7.234312e-06,5.03291e+09,0.006955194,1.33034,0.6651698,-89.69814,-115.139,-175.3114,-180.7522,0.0
17,46,897,2.344648e-07,1,6,1e-05,6.683335e-06,10,5.876894e-06,3e-05,1,2,3.519269e-07,9.416446e-06,6,3,0.75,3.839274e-07,2,9,6.646579e-06,6.048488e+09,0.00555615,1.127943,0.5639715,-69.23922,-98.02393,-157.4244,-166.2091,3.939437
17,47,898,2.614445e-07,3,10,5e-06,7.024994e-06,6,1e-05,5e-05,1,2,4.446373e-07,6.706547e-06,9,1,0.8692286,2.76e-07,3,5,5.75403e-06,5.371686e+09,0.005893082,1.531554,0.7657772,-91.90225,-116.6824,-178.801,-183.5812,0.003280393
17,48,899,2.075177e-07,2,8,1e-05,1e-05,8,6.639086e-06,3.325212e-05,1,2,5e-07,7.863793e-06,5,2,1.174632,3.311756e-07,5,10,5e-06,5.063909e+09,0.008048746,1.2434,0.6217,-89.09683,-115.0308,-174.1293,-180.0632,0.0
17,49,900,3.45313e-07,3,7,5.84187e-06,8.308224e-06,10,8.119241e-06,4.10961e-05,1,3,5e-07,7.99495e-06,6,3,0.9672578,4.548009e-07,3,5,6.033318e-06,3.227661e+09,0.008102473,1.670934,0.8354669,-99.77134,-122.4791,-180.8629,-183.5707,0.1294673
18,0,901,1.8e-07,4,8,6.901536e-06,5e-06,10,7.015778e-06,4.489822e-05,1,1,4.75877e-07,5.134236e-06,8,1,0.832094,2.555616e-07,5,9,1e-05,7.399668e+09,0.0053932,0.6527868,0.3263934,-81.2009,-107.7157,-171.2667,-177.7815,0.2033245
18,1,902,5e-07,2,8,9.786021e-06,8.573317e-06,9,7.940191e-06,3e-05,1,3,4.205503e-07,6.138231e-06,5,1,0.8264872,5e-07,2,7,5.646566e-06,4.642891e+09,0.003126714,1.001854,0.5009272,-88.69199,-114.521,-177.0769,-182.9059,0.002753227
18,2,903,4.950336e-07,2,7,5e-06,1e-05,7,7.226077e-06,3.776727e-05,1,3,4.804733e-07,5e-06,5,4,0.75,2.746069e-07,2,9,5e-06,4.114817e+09,0.003305176,1.142148,0.5710738,-78.66814,-106.6312,-165.7632,-173.7262,0.02567733
18,3,904,5e-07,3,6,5.088219e-06,9.683567e-06,7,5e-06,5e-05,1,3,3.876274e-07,9.140575e-06,5,2,1.02475,4.17175e-07,2,5,9.277533e-06,3.71638e+09,0.006630714,1.789897,0.8949485,-96.26623,-119.408,-179.453,-182.5948,0.09570012
18,4,905,4.772165e-07,5,10,5.3162e-06,7.109797e-06,6,8.770945e-06,3.412622e-05,1,3,4.113068e-07,7.476069e-06,5,2,0.9394506,4.626056e-07,5,10,7.138267e-06,3.299323e+09,0.008648106,1.453718,0.7268592,-91.55232,-117.639,-172.5516,-178.6383,0.1067124
18,5,906,3.300665e-07,4,9,7.383355e-06,1e-05,4,9.812728e-06,4.728453e-05,1,3,5e-07,6.997339e-06,7,2,0.82188,3.891799e-07,1,5,5e-06,4.075846e+09,0.004804793,1.710143,0.8550715,-97.0517,-119.7786,-182.4393,-185.1662,0.04791612
18,6,907,4.109461e-07,5,10,1e-05,7.596292e-06,10,9.845851e-06,3.053071e-05,1,2,5e-07,5.864628e-06,6,2,0.75,5e-07,4,5,6.271587e-06,5.359489e+09,0.005949608,1.050767,0.5253837,-90.47255,-115.5689,-177.3101,-182.4065,0.002588792
18,7,908,3.109493e-07,1,5,6.951759e-06,1e-05,6,5.969528e-06,3e-05,1,2,4.31464e-07,7.417299e-06,7,3,1.081719,4.480946e-07,4,9,5.823663e-06,5.475097e+09,0.007047813,1.21441,0.607205,-74.49155,-103.062,-160.7788,-169.3493,0.005409371
18,8,909,3.29881e-07,3,5,5.387854e-06,1e-05,10,8.438805e-06,4.34408e-05,1,2,3.108807e-07,7.808275e-06,6,5,0.75,2.566542e-07,2,5,5e-06,4.344826e+09,0.005560097,1.079664,0.539832,-78.6461,-107.0583,-163.9547,-172.3669,0.01283709
18,9,910,4.081494e-07,3,5,1e-05,9.993668e-06,6,8.781959e-06,3.826855e-05,1,3,4.222831e-07,6.834666e-06,5,1,0.75,4.682714e-07,3,7,7.576884e-06,3.883728e+09,0.003749445,1.144324,0.5721621,-87.15783,-113.6063,-173.2031,-179.6517,0.04301574
18,10,911,3.808875e-07,1,10,1e-05,9.587093e-06,7,9.097991e-06,3.924219e-05,1,3,4.96329e-07,5.461614e-06,8,1,0.896415,3.75518e-07,2,6,5e-06,4.116867e+09,0.003485592,1.275924,0.6379622,-94.12418,-118.3477,-180.9928,-185.2163,0.02554339
18,11,912,1.8e-07,1,7,1e-05,5e-06,4,5e-06,3e-05,1,3,3.340941e-07,8.758661e-06,6,1,1.117875,3.729147e-07,1,10,1e-05,6.103498e+09,0.006678622,1.77744,0.8887201,-89.23304,-113.8916,-176.6978,-181.3563,0.07292645
18,12,913,3.924939e-07,1,5,5.732746e-06,6.116696e-06,8,8.860686e-06,4.776834e-05,1,2,5e-07,6.558579e-06,5,1,1.02994,4.300609e-07,4,7,8.434406e-06,5.014703e+09,0.002734166,0.7728415,0.3864207,-80.99313,-107.033,-170.6298,-176.6697,0.0
18,13,914,5e-07,2,10,5e-06,5.182891e-06,10,8.624553e-06,5e-05,1,2,3.848573e-07,9.868085e-06,9,2,1.153416,3.95803e-07,4,8,9.749963e-06,3.63765e+09,0.01230175,1.64148,0.8207398,-94.45578,-119.3416,-174.7725,-179.6583,0.1282459
18,14,915,2.968493e-07,1,5,6.871864e-06,8.792625e-06,10,6.577347e-06,3.683391e-05,1,2,3.565581e-07,1e-05,5,2,0.75,2.862214e-07,5,10,9.117858e-06,4.695434e+09,0.002711603,0.5309597,0.2654799,-91.40396,-114.4373,-180.5052,-183.5385,0.001742907
18,15,916,5e-07,5,5,7.272548e-06,6.533137e-06,10,7.895108e-06,4.131844e-05,1,2,3.869293e-07,5e-06,8,1,1.041141,5e-07,4,6,8.5e-06,4.929249e+09,0.005079246,1.074802,0.537401,-83.95987,-111.4065,-170.7575,-178.2041,0.0
18,16,917,2.0555e-07,1,7,1e-05,6.933317e-06,6,6.972243e-06,3e-05,1,3,5e-07,5.594805e-06,5,1,1.041519,3.263601e-07,5,7,5e-06,5.130114e+09,0.003127359,1.038843,0.5194214,-82.80124,-109.5271,-172.052,-178.7779,3.486668e-05
18,17,918,1.8e-07,2,7,5.500104e-06,7.891906e-06,9,8.722113e-06,5e-05,1,2,4.372559e-07,9.259139e-06,6,1,0.9376538,2.849828e-07,2,5,1e-05,4.788759e+09,0.005704197,1.386075,0.6930375,-92.72155,-117.7653,-178.7641,-183.8078,0.0005153958
18,18,919,1.8e-07,4,7,5e-06,9.042594e-06,10,7.678721e-06,3.965891e-05,1,1,4.241054e-07,5.077439e-06,9,2,0.8155652,3.990524e-07,3,5,8.316636e-06,7.537686e+09,0.008272946,0.9918877,0.4959438,-87.04962,-112.9515,-175.4178,-181.3196,0.2284627
18,19,920,5e-07,2,7,9.387795e-06,6.697414e-06,6,5e-06,3.765959e-05,1,3,5e-07,5.809286e-06,5,2,1.115297,4.462026e-07,5,7,6.871728e-06,3.906963e+09,0.005447625,1.406013,0.7030066,-88.8685,-114.4599,-173.3432,-178.9346,0.04107131
18,20,921,3.397819e-07,3,5,5.376986e-06,5e-06,7,1e-05,5e-05,1,2,4.656563e-07,5.583497e-06,6,1,1.147237,4.177234e-07,4,6,7.98181e-06,5.101038e+09,0.003723093,1.054704,0.5273519,-82.92853,-109.7774,-171.3727,-178.2216,4.142395e-08
18,21,922,3.358365e-07,1,8,1e-05,5e-06,4,5.707984e-06,5e-05,1,3,5e-07,1e-05,5,1,1.2,4.282099e-07,3,10,7.878573e-06,3.565156e+09,0.004932076,1.50001,0.7500048,-89.56403,-115.0376,-173.6753,-179.1489,0.07421105
18,22,923,2.541077e-07,1,5,5e-06,1e-05,10,6.418397e-06,3.965891e-05,1,2,4.570172e-07,5.554155e-06,7,4,0.75,5e-07,2,7,5e-06,5.013068e+09,0.002189096,0.4831862,0.2415931,-78.15203,-105.3281,-168.7514,-175.9276,0.001130818
18,23,924,4.454381e-07,3,8,9.326042e-06,8.690529e-06,9,5.817006e-06,3.092673e-05,1,2,4.451246e-07,8.968821e-06,6,5,1.013626,4.737782e-07,4,9,8.559148e-06,4.134794e+09,0.01755668,1.603383,0.8016915,-95.97804,-120.0376,-175.8627,-179.9223,0.6001714
18,24,925,3.835385e-07,4,5,1e-05,5.820106e-06,10,5e-06,4.113982e-05,1,3,4.14475e-07,5.366267e-06,5,1,1.103109,1.961929e-07,5,9,1e-05,3.510021e+09,0.004312906,1.105593,0.5527967,-84.02861,-111.9412,-168.5871,-176.4997,0.08046821
18,25,926,2.855151e-07,2,10,1e-05,8.602993e-06,4,5e-06,4.589164e-05,1,4,4.381767e-07,8.908995e-06,9,1,0.8653227,5e-07,1,7,5.697774e-06,3.715152e+09,0.00513648,1.887557,0.9437783,-96.23583,-118.4793,-180.5287,-182.7722,0.1252256
18,26,927,4.014176e-07,4,5,8.97885e-06,8.706132e-06,9,1e-05,4.425927e-05,1,2,3.426051e-07,9.06662e-06,10,1,1.047386,4.829708e-07,1,5,5e-06,4.886735e+09,0.005187838,1.317093,0.6585463,-97.28319,-120.3107,-183.9137,-186.9413,7.32916e-06
18,27,928,1.8e-07,1,6,1e-05,6.308485e-06,8,5e-06,4.725212e-05,1,3,5e-07,9.669482e-06,5,1,1.2,3.931008e-07,5,10,5e-06,3.435275e+09,0.005054795,1.418568,0.709284,-89.61055,-115.5636,-173.2927,-179.2458,0.08935524
18,28,929,3.42565e-07,2,6,9.491772e-06,5e-06,5,5.891097e-06,3.924219e-05,1,4,5e-07,5e-06,10,2,1.097864,4.295914e-07,2,5,8.5e-06,3.542869e+09,0.006740101,1.870845,0.9354227,-95.56787,-118.381,-178.2683,-181.0814,0.1378327
18,29,930,4.810722e-07,2,10,5.932668e-06,1e-05,10,7.598144e-06,3.671571e-05,1,2,1.8e-07,6.494895e-06,10,5,0.75,4.958367e-07,1,5,5e-06,4.794359e+09,0.005443838,0.9918815,0.4959407,-84.50099,-111.7037,-170.7565,-177.9593,0.0004648038
18,30,931,3.671721e-07,3,5,1e-05,1e-05,9,6.396607e-06,5e-05,1,2,4.391496e-07,9.493045e-06,5,2,1.012593,2.664101e-07,4,10,6.851582e-06,3.99554e+09,0.009777808,1.542653,0.7713264,-94.43646,-119.2489,-176.5655,-181.378,0.03487973
18,31,932,2.919978e-07,1,8,5.63672e-06,8.731676e-06,9,5.440176e-06,4.257688e-05,1,3,4.100961e-07,1e-05,5,1,1.2,4.816447e-07,1,5,5.367482e-06,4.562129e+09,0.003293748,1.513343,0.7566714,-96.30347,-119.2,-184.3099,-187.2065,0.004833677
18,32,933,4.190058e-07,1,10,1e-05,1e-05,6,5e-06,3e-05,1,2,2.88467e-07,5.50874e-06,5,2,0.7575973,4.115354e-07,1,6,8.22345e-06,8.125839e+09,0.004546798,1.422943,0.7114715,-84.70414,-110.9504,-176.3244,-182.5707,0.3520071
18,33,934,3.620605e-07,1,10,5e-06,8.005707e-06,10,6.02036e-06,4.377156e-05,1,3,5e-07,9.289492e-06,5,2,0.9403705,4.220109e-07,2,10,7.423116e-06,3.425609e+09,0.005218366,1.481827,0.7409134,-88.73905,-115.5423,-172.2585,-179.0617,0.09053851
18,34,935,4.263592e-07,2,10,1e-05,9.798966e-06,8,5e-06,3.928436e-05,1,2,3.419319e-07,1e-05,9,2,0.8178364,5e-07,2,6,5.144471e-06,5.365345e+09,0.009193312,1.687887,0.8439433,-95.42916,-118.5888,-180.3864,-183.546,0.01839645
18,35,936,4.979375e-07,5,6,1e-05,8.97373e-06,7,8.845047e-06,5e-05,1,2,3.419319e-07,5.10726e-06,9,1,0.8588326,4.647479e-07,3,7,5e-06,4.87011e+09,0.005686055,1.41216,0.7060801,-91.32124,-117.136,-177.5239,-183.3387,3.721013e-05
18,36,937,1.8e-07,3,8,5.451714e-06,6.69017e-06,5,8.370705e-06,4.256107e-05,1,3,4.435921e-07,7.097331e-06,6,1,0.7913018,2.849828e-07,3,10,1e-05,3.594523e+09,0.005422845,1.398675,0.6993376,-88.77252,-115.2892,-172.5431,-179.0598,0.07098165
18,37,938,5e-07,5,9,5.378266e-06,7.521161e-06,8,5.278829e-06,5e-05,1,2,5e-07,8.908521e-06,6,1,1.184014,4.606063e-07,5,7,6.546041e-06,4.614507e+09,0.005443491,1.240144,0.6200718,-86.47838,-112.8934,-172.4021,-178.8172,0.003394689
18,38,939,1.931027e-07,1,9,8.857616e-06,9.1677e-06,7,7.506915e-06,3.955821e-05,1,3,4.484253e-07,7.239246e-06,10,1,0.7976541,3.88587e-07,3,5,5.270947e-06,4.047578e+09,0.005584761,1.601353,0.8006767,-95.13006,-119.2035,-179.8039,-183.8774,0.03482896
18,39,940,4.018603e-07,3,5,1e-05,6.150249e-06,5,6.926546e-06,4.53882e-05,1,3,5e-07,1e-05,5,1,0.9846363,2.507755e-07,3,6,5.404792e-06,4.645933e+09,0.004745772,1.662984,0.8314919,-90.72179,-115.4106,-177.3002,-181.9889,0.01449456
18,40,941,2.580635e-07,2,8,8.375236e-06,1e-05,10,5.313344e-06,3e-05,1,2,5e-07,5.366267e-06,8,4,0.75,5e-07,4,5,5e-06,5.338552e+09,0.0081193,1.350702,0.6753509,-83.78608,-111.5305,-169.2394,-176.9838,0.002187888
18,41,942,2.942433e-07,1,7,5.073173e-06,9.677136e-06,6,7.305539e-06,4.803339e-05,1,2,5e-07,8.081894e-06,5,1,1.2,4.78835e-07,3,10,9.169241e-06,4.596412e+09,0.003803066,0.8848439,0.442422,-81.95612,-108.2466,-169.4032,-175.6936,0.003838628
18,42,943,3.41199e-07,1,6,6.559344e-06,5e-06,4,8.536248e-06,5e-05,1,2,4.484253e-07,6.558579e-06,5,1,1.077594,4.300609e-07,2,7,9.858685e-06,6.205927e+09,0.003212577,1.210011,0.6050053,-81.38176,-107.7863,-172.1694,-178.5739,0.04702324
18,43,944,3.678274e-07,1,10,5e-06,9.387336e-06,9,5.923669e-06,3.704262e-05,1,2,3.530425e-07,6.889368e-06,8,1,0.8384157,5e-07,3,9,8.528612e-06,5.235651e+09,0.004303395,0.9115334,0.4557667,-73.96834,-102.2114,-162.0096,-170.2527,0.0007074613
18,44,945,4.968189e-07,3,5,7.985614e-06,1e-05,10,6.746623e-06,4.520938e-05,1,2,1.8e-07,5e-06,9,2,1.025465,5e-07,3,6,5.205805e-06,4.712108e+09,0.01021743,1.689952,0.8449761,-94.96916,-119.4609,-178.34,-182.8318,0.0179795
18,45,946,1.8e-07,2,6,5e-06,8.142288e-06,10,1e-05,3.977242e-05,1,1,5e-07,5.67086e-06,5,3,0.8332993,3.503507e-07,4,5,6.591886e-06,7.282906e+09,0.006140063,0.5995343,0.2997671,-88.78313,-112.163,-178.1475,-181.5274,0.1832017
18,46,947,5e-07,4,5,6.5e-06,5e-06,5,8.438805e-06,3.68407e-05,1,2,5e-07,6.168484e-06,5,1,0.75,3.407658e-07,1,9,9.466656e-06,7.846625e+09,0.002746583,1.109892,0.554946,-83.33638,-108.663,-176.8421,-182.1688,0.2900403
18,47,948,5e-07,5,6,5.726187e-06,6.706208e-06,9,9.463279e-06,4.507724e-05,1,2,3.55974e-07,7.981482e-06,5,1,1.2,3.95803e-07,3,7,9.455613e-06,4.684678e+09,0.005757104,1.201981,0.6009904,-86.17979,-113.7222,-171.9913,-179.5337,0.001931015
18,48,949,5e-07,5,10,5e-06,5e-06,8,8.132162e-06,5e-05,1,2,5e-07,8.371398e-06,5,1,1.03348,3.311756e-07,4,10,5e-06,5.073922e+09,0.004527476,1.203221,0.6016105,-85.47022,-111.9231,-173.0185,-179.4715,0.0
18,49,950,4.927223e-07,4,5,6.475136e-06,6.163145e-06,4,1e-05,3.098762e-05,1,3,4.495119e-07,5e-06,5,3,0.75,3.779075e-07,5,7,7.982584e-06,4.167213e+09,0.005392101,1.28752,0.6437601,-79.60157,-106.8397,-164.6809,-171.919,0.0223647
19,0,951,5e-07,2,8,6.472879e-06,7.530549e-06,10,9.649949e-06,4.201685e-05,1,2,3.80463e-07,5e-06,9,1,1.07638,5e-07,3,6,6.894554e-06,4.823758e+09,0.004802697,1.079713,0.5398566,-88.71893,-114.9289,-175.5718,-181.7818,0.0002420998
19,1,952,3.048465e-07,5,9,1e-05,9.94361e-06,9,7.846923e-06,3.087165e-05,1,3,5e-07,5.653363e-06,5,3,0.75,5e-07,1,6,6.41646e-06,4.202696e+09,0.004900225,1.36868,0.68434,-97.86964,-120.6222,-183.438,-186.1906,0.02025127
19,2,953,5e-07,5,6,9.437722e-06,7.086415e-06,7,7.747156e-06,4.276791e-05,1,3,4.718202e-07,5e-06,9,1,1.013626,5e-07,3,5,9.339896e-06,3.844364e+09,0.0045338,1.403932,0.701966,-90.39502,-116.1256,-175.5269,-181.2575,0.04641261
19,3,954,2.834486e-07,1,7,1e-05,1e-05,10,8.378758e-06,4.025313e-05,1,2,5e-07,7.115194e-06,6,3,1.02225,4.815538e-07,1,6,5e-06,4.705692e+09,0.004995298,1.125823,0.5629113,-95.4194,-119.2445,-181.8863,-185.7114,0.001572495
19,4,955,2.026035e-07,1,5,7.008228e-06,7.162873e-06,9,8.329299e-06,3e-05,1,2,3.021679e-07,9.854179e-06,6,3,0.9079722,4.396857e-07,5,10,1e-05,4.528968e+09,0.007382798,0.955869,0.4779345,-67.72512,-96.61951,-152.1629,-161.0573,11.43344
19,5,956,2.731965e-07,2,6,1e-05,1e-05,10,7.585986e-06,4.728453e-05,1,2,4.366441e-07,5.386187e-06,10,4,0.7530355,5e-07,3,5,6.894554e-06,3.87319e+09,0.008617561,1.447917,0.7239585,-82.70173,-111.0237,-165.1093,-173.4312,0.04391251
19,6,957,1.8e-07,1,9,9.697205e-06,8.607419e-06,9,5.346234e-06,4.256107e-05,1,3,4.579694e-07,9.795479e-06,5,1,0.949194,4.655282e-07,1,6,8.644471e-06,4.353746e+09,0.004036331,1.536076,0.7680379,-95.1497,-118.7105,-181.8671,-185.4279,0.01300632
19,7,958,5e-07,5,8,6.951759e-06,5e-06,9,7.226077e-06,3.638378e-05,1,2,5e-07,5.834112e-06,6,1,0.9796475,4.237844e-07,5,7,6.205993e-06,5.874282e+09,0.003831507,0.9233334,0.4616667,-81.28471,-108.0775,-170.8301,-177.6229,0.02304931
19,8,959,2.653406e-07,1,10,7.599426e-06,7.540672e-06,5,7.776958e-06,4.473292e-05,1,3,5e-07,7.264921e-06,5,2,1.082489,2.691308e-07,4,5,8.362285e-06,3.844597e+09,0.006554477,1.684469,0.8422345,-93.83851,-118.0687,-177.3701,-181.6003,0.0615161
19,9,960,4.45268e-07,2,8,9.491772e-06,6.706208e-06,10,5e-06,4.649584e-05,1,3,4.064708e-07,6.357366e-06,6,1,0.9918298,4.682714e-07,1,5,1e-05,4.532689e+09,0.003605915,1.569954,0.7849768,-93.75152,-117.7197,-181.3085,-185.2767,0.007794116
19,10,961,1.929896e-07,1,9,7.408219e-06,5.737914e-06,6,7.532052e-06,4.238373e-05,1,3,5e-07,6.585005e-06,6,1,0.8180773,3.263601e-07,3,6,5e-06,4.778969e+09,0.00358803,1.483513,0.7417564,-90.02962,-114.9229,-178.0677,-182.961,0.0006100951
19,11,962,3.306942e-07,1,5,8.997787e-06,9.049286e-06,10,5.46397e-06,3.726529e-05,1,2,4.006902e-07,9.902486e-06,10,4,1.003055,5e-07,2,5,6.894554e-06,4.370191e+09,0.007573842,1.240437,0.6202184,-78.34235,-106.8443,-162.3592,-170.8611,0.01169087
19,12,963,3.924939e-07,3,10,8.149264e-06,7.513999e-06,10,1e-05,3.469465e-05,1,1,4.046011e-07,5.112236e-06,10,4,0.7951488,3.959884e-07,2,6,5e-06,7.347601e+09,0.01005405,1.114705,0.5573527,-92.18901,-116.2794,-179.4885,-183.5789,0.194251
19,13,964,5e-07,4,6,8.524449e-06,8.598578e-06,10,7.667684e-06,3e-05,1,3,1.8e-07,5.748216e-06,5,5,0.75,3.342283e-07,4,6,5.10113e-06,3.934527e+09,0.009702077,1.664772,0.832386,-89.06296,-115.6846,-171.0922,-177.7138,0.05088947
19,14,965,4.48635e-07,1,10,7.412439e-06,1e-05,7,6.078395e-06,3.036083e-05,1,3,3.806342e-07,6.783352e-06,5,1,1.15973,4.901275e-07,3,7,5e-06,4.873805e+09,0.003817656,1.23236,0.6161798,-87.12775,-113.6218,-175.0671,-181.5612,2.857972e-05
19,15,966,5e-07,5,5,7.152868e-06,9.687109e-06,7,7.608396e-06,5e-05,1,2,2.78472e-07,6.20144e-06,8,1,0.8588326,4.10633e-07,4,7,5e-06,4.781391e+09,0.006977056,1.522965,0.7614827,-91.63935,-117.292,-176.7937,-182.4464,0.0008203334
19,16,967,1.8e-07,2,5,6.076113e-06,9.739351e-06,8,9.563062e-06,3e-05,1,2,4.597005e-07,9.315807e-06,5,1,0.8637436,3.675217e-07,3,10,5.889257e-06,5.507067e+09,0.004766684,0.8133603,0.4066802,-83.60093,-110.4685,-171.6372,-178.5048,0.006370761
19,17,968,3.206015e-07,2,7,8.223475e-06,7.606461e-06,4,6.190632e-06,3.702509e-05,1,3,3.668172e-07,6.895161e-06,5,2,0.75,4.732527e-07,2,7,9.967446e-06,4.545967e+09,0.006023131,1.658638,0.8293188,-88.02781,-113.9595,-173.3821,-179.3138,0.01640515
19,18,969,3.892009e-07,1,10,8.23611e-06,1e-05,10,5e-06,3.189164e-05,1,3,3.31101e-07,8.463399e-06,8,2,0.75,5e-07,1,9,5e-06,4.418884e+09,0.004611601,1.349782,0.6748908,-80.61793,-108.6096,-166.8857,-174.8773,0.00964066
19,19,970,2.026035e-07,5,8,8.5e-06,6.974136e-06,1,8.204307e-06,3e-05,1,4,5e-07,5.809286e-06,6,1,0.75,3.700688e-07,5,10,1e-05,3.021393e+09,0.004370654,1.07829,0.5391449,-82.92828,-110.4274,-166.127,-173.6261,0.1469873
19,20,971,2.878032e-07,3,8,6.43579e-06,1e-05,10,6.389492e-06,3.18529e-05,1,2,5e-07,5e-06,7,1,1.147237,5e-07,3,7,8.177199e-06,5.61182e+09,0.003663736,0.6854114,0.3427057,-85.48243,-111.3245,-174.8253,-180.6674,0.01007151
19,21,972,5e-07,5,8,9.005042e-06,5e-06,4,9.840757e-06,5e-05,1,1,4.778309e-07,9.642924e-06,5,1,1.114692,1.8e-07,5,10,1e-05,7.382436e+09,0.006454936,0.832755,0.4163775,-80.06156,-106.9768,-169.3266,-176.2418,0.2002889
19,22,973,2.541077e-07,4,5,8.434287e-06,6.562118e-06,10,8.961428e-06,3.10842e-05,1,3,5e-07,5e-06,7,1,0.8201113,5e-07,4,8,5e-06,4.170814e+09,0.003549631,0.9499438,0.4749719,-85.90164,-112.2686,-172.8042,-179.1712,0.02214542
19,23,974,4.251681e-07,1,7,5.468212e-06,7.538763e-06,7,5.560065e-06,5e-05,1,2,5e-07,9.783644e-06,5,1,0.8660815,2.360255e-07,1,8,8.904084e-06,6.227393e+09,0.002921353,1.257159,0.6285795,-81.76012,-108.9047,-172.9904,-180.135,0.04886642
19,24,975,3.25383e-07,1,10,1e-05,1e-05,10,5e-06,3.85531e-05,1,3,3.096022e-07,5.366267e-06,8,2,0.8572002,5e-07,1,5,5e-06,4.396493e+09,0.00474654,1.611106,0.805553,-97.62722,-120.2072,-183.7256,-186.3055,0.01604537
19,25,976,4.908953e-07,2,5,5e-06,5e-06,7,6.920229e-06,4.736109e-05,1,2,3.432731e-07,1e-05,5,1,1.2,5e-07,5,10,1e-05,4.000404e+09,0.005769039,1.032729,0.5163644,-81.46281,-108.4599,-165.8939,-172.891,0.03370565
19,26,977,4.665498e-07,3,5,5.72604e-06,6.961293e-06,8,7.371397e-06,5e-05,1,2,3.787272e-07,9.479542e-06,5,1,1.2,5e-07,3,6,5e-06,5.340678e+09,0.004740604,1.412721,0.7063605,-90.62013,-115.8514,-178.4137,-183.645,0.00222706
19,27,978,2.585663e-07,1,9,5e-06,6.910018e-06,8,5e-06,5e-05,1,2,3.214126e-07,8.326912e-06,5,2,0.9527855,3.95803e-07,3,10,1e-05,4.337838e+09,0.00740216,1.444508,0.7222542,-76.94499,-105.461,-160.9969,-169.5128,0.01316228
19,28,979,3.453438e-07,1,10,7.228361e-06,8.446523e-06,1,7.175147e-06,3.924219e-05,1,2,5e-07,7.135339e-06,10,1,0.8362784,3.432e-07,2,8,6.905155e-06,7.385676e+09,0.004812766,1.531383,0.7656913,-83.16732,-108.9971,-173.7112,-179.541,0.2012956
19,29,980,3.727802e-07,5,10,1e-05,1e-05,10,8.546013e-06,5e-05,1,2,5e-07,5e-06,5,3,1.2,3.416182e-07,1,5,5e-06,4.494052e+09,0.004512721,1.212961,0.6064804,-97.69399,-120.5467,-184.2024,-187.0551,0.006863551
19,30,981,5e-07,2,9,9.491772e-06,7.356039e-06,10,5.178559e-06,3.46953e-05,1,3,4.729139e-07,8.892294e-06,6,2,0.8144328,4.583988e-07,1,7,5e-06,4.596636e+09,0.004973123,1.606897,0.8034485,-95.91739,-118.7875,-182.1999,-185.07,0.008911617
19,31,982,2.430055e-07,4,9,8.573173e-06,7.72327e-06,7,7.230493e-06,4.445161e-05,1,2,5e-07,9.995038e-06,5,1,1.2,3.682684e-07,5,10,8.177262e-06,4.267856e+09,0.005977619,1.037199,0.5185995,-84.21939,-111.392,-169.0583,-176.231,0.01664332
19,32,983,4.190058e-07,1,10,1e-05,8.488164e-06,10,5e-06,3e-05,1,3,3.219815e-07,1e-05,8,5,0.75,5e-07,1,7,5.646566e-06,3.778669e+09,0.005512479,1.169523,0.5847615,-79.26621,-107.4222,-163.3995,-171.5555,0.05236919
19,33,984,3.414869e-07,5,10,5e-06,1e-05,4,7.404998e-06,4.962806e-05,1,3,5e-07,5e-06,5,1,1.164761,4.27083e-07,2,6,5e-06,4.703427e+09,0.002428162,1.340188,0.6700942,-88.5485,-114.0884,-178.144,-183.684,0.001609368
19,34,985,3.881776e-07,4,5,5e-06,7.043863e-06,8,8.048236e-06,3e-05,1,2,3.384704e-07,6.750069e-06,5,1,1.182502,4.224259e-07,4,6,8.597371e-06,6.090924e+09,0.005103326,0.9947853,0.4973927,-80.48691,-108.4964,-169.102,-177.1116,0.03775201
19,35,986,2.021865e-07,2,8,8.847007e-06,8.97373e-06,10,6.699115e-06,3.135238e-05,1,1,4.216491e-07,5e-06,10,4,0.75,5e-07,3,5,8.173651e-06,7.519961e+09,0.01082782,1.093722,0.5468608,-76.57411,-105.0857,-163.753,-172.2646,0.2320053
19,36,987,2.893587e-07,1,6,1e-05,7.685163e-06,5,5e-06,3.467522e-05,1,3,4.451814e-07,5.879163e-06,5,1,1.064476,5e-07,2,5,9.849623e-06,5.521601e+09,0.003039587,1.313781,0.6568906,-84.05397,-110.4972,-174.0671,-180.5104,0.006833795
19,37,988,3.727802e-07,3,10,8.968984e-06,5.745519e-06,9,6.924921e-06,4.230392e-05,1,2,5e-07,9.344028e-06,5,3,0.7916817,2.954824e-07,2,7,5e-06,5.33096e+09,0.008753054,1.682974,0.8414868,-93.42108,-117.5947,-178.5356,-182.7092,0.01693056
19,38,989,3.240801e-07,1,5,5e-06,1e-05,10,5e-06,5e-05,1,1,1.822201e-07,1e-05,10,5,0.8995569,5e-07,1,5,8.5e-06,6.672053e+09,0.003580191,0.4376932,0.2188466,-88.14841,-110.2454,-179.0945,-181.1916,0.110544
19,39,990,3.723551e-07,1,7,1e-05,1e-05,10,5.27497e-06,3.49302e-05,1,2,5e-07,1e-05,5,2,0.9274391,5e-07,1,6,6.312831e-06,5.916428e+09,0.004395474,1.195501,0.5977506,-92.12418,-116.3137,-181.1353,-185.3249,0.02562689
19,40,991,5e-07,3,6,5e-06,9.559345e-06,10,8.497913e-06,4.184797e-05,1,1,1.837387e-07,1e-05,8,5,0.9498799,3.342283e-07,2,5,5e-06,6.542604e+09,0.009543355,0.9793029,0.4896514,-83.54392,-110.9159,-170.0619,-177.4339,0.08001174
19,41,992,2.942433e-07,1,7,5e-06,7.912273e-06,7,6.171724e-06,3.32405e-05,1,3,4.447418e-07,8.321793e-06,5,1,1.2,4.471024e-07,1,5,8.466669e-06,5.450135e+09,0.003147408,1.400368,0.7001841,-91.90346,-116.0813,-181.6521,-185.8299,0.00471336
19,42,993,3.41199e-07,1,7,5e-06,5.652469e-06,10,1e-05,5e-05,1,1,4.172702e-07,6.498687e-06,9,2,1.036418,4.555799e-07,2,5,5e-06,7.784775e+09,0.004808084,0.8206594,0.4103297,-88.88108,-113.5195,-179.8863,-184.5247,0.2771249
19,43,994,3.918719e-07,1,8,8.971909e-06,9.553012e-06,4,5e-06,4.808631e-05,1,3,4.029763e-07,9.83373e-06,8,1,1.10657,3.342283e-07,4,6,1e-05,3.464081e+09,0.007523615,1.74473,0.8723652,-94.40781,-118.5584,-176.4353,-180.5859,0.1124943
19,44,995,2.807243e-07,2,8,7.975899e-06,5.314144e-06,10,5.333295e-06,4.057184e-05,1,2,3.840509e-07,1e-05,9,1,0.8208236,4.398647e-07,3,6,8.294195e-06,5.424823e+09,0.008132592,1.586895,0.7934477,-90.24612,-115.5555,-175.8315,-181.1409,0.007412445
19,45,996,4.477998e-07,4,9,7.216418e-06,5e-06,9,1e-05,4.285222e-05,1,2,5e-07,5e-06,5,1,0.8941518,5e-07,5,6,5e-06,5.583518e+09,0.002683791,0.7706412,0.3853206,-81.66635,-108.2243,-172.317,-178.875,0.008988452
19,46,997,5e-07,5,7,8.819145e-06,5e-06,7,8.695956e-06,5e-05,1,2,3.480841e-07,8.565067e-06,7,1,1.185619,5e-07,4,5,1e-05,4.657023e+09,0.008085241,1.554589,0.7772943,-89.77487,-116.1254,-174.0601,-180.4106,0.003783284
19,47,998,1.8e-07,1,6,1e-05,8.888344e-06,4,6.027237e-06,3e-05,1,4,4.458486e-07,5e-06,6,1,0.8180773,5e-07,2,5,5e-06,4.996794e+09,0.0026869,1.476213,0.7381065,-89.4253,-114.2701,-179.1066,-183.9514,0.0
19,48,999,2.623016e-07,2,7,9.173402e-06,5e-06,10,6.062402e-06,3.486765e-05,1,3,4.172702e-07,5.595215e-06,10,1,0.7860804,5e-07,1,10,6.152605e-06,5.004727e+09,0.004599302,1.588283,0.7941415,-93.28367,-117.1439,-180.6444,-184.5046,0.003463943
19,49,1000,1.8e-07,1,5,5e-06,1e-05,10,6.475232e-06,5e-05,1,2,3.516243e-07,7.99495e-06,9,3,1.090147,3.779075e-07,1,5,7.982584e-06,4.250985e+09,0.006907629,1.486013,0.7430065,-83.80177,-112.2292,-167.9783,-176.4057,0.01754355
20,0,1001,3.878439e-07,2,8,8.207888e-06,6.473621e-06,10,5e-06,4.168532e-05,1,3,5e-07,1e-05,9,1,1.2,4.855311e-07,1,9,6.109213e-06,4.21945e+09,0.005558673,1.701266,0.8506332,-96.54696,-119.2625,-181.6024,-184.318,0.03729345
20,1,1002,3.41199e-07,1,9,1e-05,1e-05,10,5e-06,3e-05,1,2,5e-07,5.653363e-06,5,1,0.75,5e-07,1,10,5e-06,7.110465e+09,0.002233812,0.4724893,0.2362446,-85.28132,-107.7148,-178.8288,-181.2623,0.1584279
20,2,1003,5e-07,2,9,6.5e-06,9.208738e-06,10,6.352651e-06,3.318799e-05,1,2,5e-07,8.453549e-06,7,1,0.7701823,4.855311e-07,1,7,5e-06,6.264308e+09,0.003176743,0.8576389,0.4288194,-94.84488,-116.2762,-185.7625,-187.1939,0.05211893
20,3,1004,5e-07,5,8,5.778306e-06,8.178976e-06,10,1e-05,3e-05,1,1,1.903973e-07,5e-06,10,4,0.8640316,5e-07,4,10,6.5e-06,6.650366e+09,0.01729489,1.272476,0.6362381,-81.82098,-109.5053,-165.8987,-173.583,0.6245655
20,4,1005,4.397543e-07,4,6,5e-06,7.198043e-06,7,6.251115e-06,4.504498e-05,1,2,4.750923e-07,5.392098e-06,5,1,1.2,5e-07,5,8,8.330914e-06,4.889421e+09,0.003265357,0.7546075,0.3773038,-78.81425,-105.8473,-167.4601,-174.4932,4.661155e-06
20,5,1006,3.18172e-07,4,10,7.74785e-06,6.231223e-06,10,9.60938e-06,4.329822e-05,1,2,4.418444e-07,1e-05,5,1,0.75,1.8e-07,3,5,6.290439e-06,5.319043e+09,0.005697574,1.339051,0.6695257,-90.08213,-116.038,-177.0419,-182.9977,0.001844667
20,6,1007,2.426305e-07,1,7,6.297455e-06,7.188655e-06,6,5.799727e-06,4.672614e-05,1,2,5e-07,5.121182e-06,6,2,1.2,5e-07,5,9,7.953021e-06,4.340289e+09,0.005599094,1.084469,0.5422346,-82.41802,-109.2049,-167.6872,-174.4741,0.01304776
20,7,1008,4.647212e-07,3,8,5e-06,9.380085e-06,10,6.328728e-06,3e-05,1,1,5e-07,6.445564e-06,5,3,1.149487,3.221685e-07,5,7,1e-05,7.433231e+09,0.008519256,0.7858958,0.3929479,-85.35142,-110.2552,-173.471,-178.3747,0.2093028
20,8,1009,3.048846e-07,3,5,7.604626e-06,7.208763e-06,5,9.36033e-06,4.488317e-05,1,2,5e-07,5e-06,8,3,0.75,3.103254e-07,5,8,5e-06,4.749622e+09,0.007173791,1.462306,0.7311532,-81.29106,-109.2372,-166.2668,-174.2128,0.0009418323
20,9,1010,3.956432e-07,3,7,9.491772e-06,1e-05,4,8.29568e-06,4.683769e-05,1,3,4.369922e-07,5.333178e-06,5,2,0.8557721,4.27083e-07,1,5,6.451685e-06,4.667253e+09,0.003844134,1.668293,0.8341465,-94.71165,-117.7301,-182.2449,-185.2634,0.01484397
20,10,1011,1.8e-07,1,6,5.875704e-06,9.10302e-06,9,5.413412e-06,5e-05,1,2,3.7161e-07,1e-05,7,2,0.8180773,3.005299e-07,1,5,1e-05,5.046426e+09,0.005246094,1.457711,0.7288556,-73.33651,-102.1709,-160.1978,-169.0322,0.0
20,11,1012,3.871607e-07,5,9,7.74785e-06,8.01912e-06,5,9.844365e-06,3.982971e-05,1,2,4.823198e-07,8.440515e-06,6,1,0.75,5e-07,5,6,1e-05,4.76502e+09,0.005437223,1.016789,0.5083943,-83.57646,-110.3288,-169.784,-176.5363,0.0007588388
20,12,1013,3.924939e-07,1,6,5.151002e-06,5.019792e-06,8,1e-05,5e-05,1,2,5e-07,6.167586e-06,5,1,1.168065,3.670183e-07,4,6,8.587267e-06,5.11098e+09,0.002848117,0.8644023,0.4322011,-82.37278,-108.1998,-171.9973,-177.8243,4.635086e-06
20,13,1014,5e-07,2,5,1e-05,7.913243e-06,5,6.700619e-06,4.165491e-05,1,2,5e-07,6.06713e-06,5,2,0.9676587,4.196428e-07,5,8,9.749963e-06,4.636856e+09,0.005447436,1.033457,0.5167284,-83.70164,-109.5086,-169.6642,-175.4711,0.002884004
20,14,1015,1.8e-07,1,9,1e-05,9.485267e-06,8,5.800093e-06,3e-05,1,3,4.420892e-07,6.983639e-06,5,1,0.7869135,4.711254e-07,2,6,5e-06,5.225932e+09,0.003273523,1.223966,0.6119832,-89.59736,-115.0691,-178.8105,-184.2822,0.0006097185
20,15,1016,4.160452e-07,2,8,7.982774e-06,7.681518e-06,10,9.840245e-06,3e-05,1,3,4.74235e-07,5e-06,9,1,1.041141,3.221685e-07,5,9,6.326188e-06,3.650193e+09,0.005016001,0.9950735,0.4975367,-88.04695,-114.4242,-172.2897,-178.6669,0.06505691
20,16,1017,1.8e-07,1,9,5e-06,8.412421e-06,9,8.577077e-06,3.895052e-05,1,2,3.008302e-07,8.590987e-06,9,1,1.041519,3.263601e-07,3,7,5.576564e-06,5.099319e+09,0.008469044,1.536464,0.768232,-90.53874,-117.0216,-175.4106,-181.8935,0.0005909438
20,17,1018,1.8e-07,1,6,1e-05,9.839135e-06,9,5e-06,3e-05,1,4,3.532501e-07,7.232416e-06,6,1,0.75,5e-07,1,7,6.747708e-06,3.97916e+09,0.003792945,1.515174,0.7575869,-93.11273,-118.1423,-179.3188,-184.3484,0.0354187
20,18,1019,4.06319e-07,5,9,7.708513e-06,5.745519e-06,9,8.493508e-06,4.015618e-05,1,2,5e-07,7.364539e-06,5,1,0.75,5e-07,3,8,5.489526e-06,5.679834e+09,0.003610669,0.9830473,0.4915236,-84.48454,-110.7684,-173.9954,-180.2793,0.01292608
20,19,1020,4.356078e-07,5,8,8.633769e-06,6.668804e-06,10,7.16445e-06,3.101997e-05,1,1,4.825646e-07,5.275133e-06,8,2,1.004863,5e-07,5,6,1e-05,7.652138e+09,0.008349763,0.8067549,0.4033774,-82.3234,-108.5317,-170.7823,-176.9906,0.2504195
20,20,1021,3.372113e-07,2,5,1e-05,7.137895e-06,7,1e-05,5e-05,1,3,2.88467e-07,5e-06,10,4,0.8486933,4.177234e-07,1,5,6.41646e-06,3.366453e+09,0.007403648,1.782062,0.8910311,-98.39047,-121.3437,-180.2395,-183.1927,0.133309
20,21,1022,2.927674e-07,4,6,5e-06,6.516495e-06,8,1e-05,4.890081e-05,1,2,5e-07,9.625527e-06,6,1,0.8524117,3.511471e-07,5,6,9.906294e-06,4.183512e+09,0.005727218,1.13307,0.5665351,-87.20525,-113.3868,-172.0566,-178.2382,0.0213809
20,22,1023,5e-07,1,7,9.686513e-06,1e-05,7,8.392664e-06,3e-05,1,2,4.308501e-07,5e-06,7,1,0.75,5e-07,3,10,5e-06,6.14963e+09,0.002689014,0.464762,0.232381,-81.43277,-100.4791,-172.9138,-171.9601,0.04732455
20,23,1024,4.251681e-07,3,9,9.326042e-06,8.676717e-06,7,8.596216e-06,4.765356e-05,1,1,3.887333e-07,5e-06,5,1,1.2,5e-07,5,7,9.978966e-06,6.911497e+09,0.003896084,0.3063954,0.1531977,-79.16536,-102.2988,-170.0505,-173.184,0.2760949
20,24,1025,5e-07,1,7,9.349949e-06,7.40995e-06,9,6.715465e-06,3e-05,1,3,2.51582e-07,1e-05,10,2,1.034284,3.511471e-07,1,5,6.507424e-06,4.524558e+09,0.006977158,1.625923,0.8129616,-93.72036,-118.1689,-178.3951,-182.8436,0.01291817
20,25,1026,2.466767e-07,1,10,8.862665e-06,1e-05,10,5e-06,3.671571e-05,1,2,3.857212e-07,6.695559e-06,6,2,0.8217114,5e-07,2,5,7.478793e-06,5.774388e+09,0.006018522,1.418141,0.7090707,-90.05238,-115.7725,-177.4876,-183.2077,0.01748553
20,26,1027,4.813599e-07,3,8,1e-05,6.123599e-06,9,1e-05,3e-05,1,3,5e-07,5e-06,7,1,0.8910113,5e-07,4,5,5e-06,4.611371e+09,0.003267073,1.013499,0.5067494,-88.01557,-113.7962,-176.1506,-181.9312,0.00346967
20,27,1028,4.790046e-07,3,6,1e-05,9.011731e-06,3,5e-06,4.23434e-05,1,3,3.560032e-07,7.064838e-06,5,1,1.133077,3.383916e-07,3,5,7.49807e-06,5.152132e+09,0.00491912,1.696919,0.8484595,-88.42296,-113.816,-175.7438,-181.1368,0.01733877
20,28,1029,3.453438e-07,1,7,6.504694e-06,6.027405e-06,9,1e-05,3.924219e-05,1,2,4.172702e-07,5.389528e-06,10,1,0.8671914,5e-07,2,5,5.301447e-06,5.916828e+09,0.003381233,1.055914,0.5279571,-86.29904,-112.7924,-176.4501,-182.9435,0.025652
20,29,1030,3.727802e-07,3,10,1e-05,1e-05,9,5e-06,3e-05,1,3,4.719213e-07,6.984049e-06,5,1,0.8652435,5e-07,1,9,8.585299e-06,4.973029e+09,0.003375069,1.160447,0.5802236,-88.85994,-114.6179,-177.5095,-183.2675,0.0
20,30,1031,5e-07,5,5,1e-05,5.668829e-06,3,8.779885e-06,3.349798e-05,1,2,3.869293e-07,6.976639e-06,7,1,1.2,3.467049e-07,3,10,1e-05,5.900888e+09,0.006933991,1.276887,0.6384434,-82.17414,-109.8545,-169.1827,-176.863,0.02466057
20,31,1032,5e-07,4,8,5e-06,8.503976e-06,10,1e-05,5e-05,1,1,3.798379e-07,5.564615e-06,10,2,1.2,4.27083e-07,4,8,7.305937e-06,5.927439e+09,0.0109682,1.107077,0.5535384,-89.3173,-115.0331,-174.3733,-180.0891,0.03569686
20,32,1033,3.425072e-07,1,6,1e-05,8.5339e-06,10,6.162676e-06,3.0796e-05,1,2,2.88467e-07,5.50874e-06,9,5,0.75,4.115354e-07,3,6,5e-06,5.631415e+09,0.004153526,0.8477365,0.4238683,-75.1941,-103.6685,-164.0223,-172.4967,0.01085742
20,33,1034,5e-07,1,8,9.542128e-06,7.797617e-06,5,6.871214e-06,3.514133e-05,1,4,3.153009e-07,8.918638e-06,7,1,0.8909905,4.901275e-07,1,7,5.537165e-06,4.214698e+09,0.004195643,1.741476,0.8707381,-94.9103,-117.8896,-181.1776,-184.1569,0.04547602
20,34,1035,3.881776e-07,2,9,1e-05,9.770194e-06,6,5.677806e-06,3e-05,1,3,4.897513e-07,8.264379e-06,9,2,0.9633103,5e-07,3,9,6.927603e-06,3.792898e+09,0.01026886,1.66465,0.832325,-96.25125,-119.6462,-177.7154,-181.1104,0.06382007
20,35,1036,2.240777e-07,1,6,8.409736e-06,1e-05,7,8.845047e-06,3e-05,1,2,4.116391e-07,7.630507e-06,9,3,0.8253899,5e-07,3,9,5e-06,5.125203e+09,0.006769156,1.058506,0.5292531,-71.69667,-100.5031,-157.5855,-166.392,2.442186e-05
20,36,1037,4.2955e-07,2,7,8.142903e-06,5e-06,9,7.230564e-06,4.256107e-05,1,2,4.091773e-07,7.704473e-06,5,1,1.2,2.221631e-07,5,10,7.017945e-06,4.99198e+09,0.005461428,1.136112,0.568056,-83.72282,-111.1263,-170.3152,-177.7187,0.0
20,37,1038,5e-07,1,9,6.113185e-06,9.778497e-06,9,5e-06,5e-05,1,3,4.00462e-07,8.423228e-06,5,1,0.9806935,4.901275e-07,1,5,5.452596e-06,4.226511e+09,0.002720881,1.453348,0.7266739,-96.30864,-119.2949,-184.4812,-187.4675,0.01889159
20,38,1039,1.8e-07,1,7,8.857616e-06,9.1677e-06,9,1e-05,4.012523e-05,1,2,5e-07,5e-06,5,4,0.82188,3.486116e-07,4,6,5e-06,4.551579e+09,0.006591552,1.245416,0.6227082,-84.27625,-112.3532,-169.2496,-177.3265,0.005056112
20,39,1040,4.954556e-07,5,6,8.416441e-06,9.405323e-06,10,9.156772e-06,3e-05,1,2,5e-07,6.771788e-06,10,2,0.75,5e-07,3,7,6.210656e-06,4.832058e+09,0.007795966,1.16677,0.5833852,-92.46351,-117.0443,-177.2274,-181.8082,0.0001922577
20,40,1041,5e-07,5,10,8.028229e-06,5e-06,6,8.601436e-06,4.222447e-05,1,3,5e-07,1e-05,8,1,1.082214,3.128203e-07,4,10,5.367482e-06,3.650725e+09,0.008021139,1.680207,0.8401035,-93.67492,-118.0929,-175.8801,-180.2982,0.07943476
20,41,1042,2.609429e-07,4,7,1e-05,1e-05,10,7.305539e-06,4.803339e-05,1,2,5e-07,8.081894e-06,9,3,0.75,4.78835e-07,4,9,5e-06,3.52533e+09,0.01315643,1.640809,0.8204045,-98.65589,-122.122,-178.4085,-181.8746,0.1871481
20,42,1043,3.865437e-07,1,7,8.404793e-06,6.99285e-06,5,8.706231e-06,5e-05,1,3,4.172702e-07,5.966022e-06,6,4,0.75,4.380748e-07,1,6,5e-06,3.950954e+09,0.003375138,1.482847,0.7414234,-79.70366,-107.7952,-166.3548,-174.4463,0.03751308
20,43,1044,4.594061e-07,2,7,1e-05,9.683567e-06,10,5e-06,3e-05,1,3,3.277599e-07,5.470261e-06,9,3,0.75,5e-07,1,5,8.125359e-06,4.479125e+09,0.005872967,1.53122,0.7656101,-92.44286,-117.5131,-177.7781,-182.8484,0.007810774
20,44,1045,3.219065e-07,5,8,5e-06,1e-05,9,5e-06,3.68808e-05,1,3,5e-07,1e-05,5,1,0.993057,3.423688e-07,3,8,1e-05,3.683507e+09,0.00541817,1.29448,0.64724,-89.55496,-115.6926,-173.5417,-179.6793,0.06163495
20,45,1046,4.917143e-07,4,8,5.191477e-06,1e-05,7,7.851911e-06,3.977242e-05,1,2,5e-07,5e-06,5,3,0.9015275,5e-07,1,5,7.234312e-06,5.740212e+09,0.0040965,1.227782,0.6138908,-94.52195,-117.6057,-183.5764,-186.6602,0.01575825
20,46,1047,5e-07,2,6,8.819145e-06,8.42603e-06,7,5e-06,3e-05,1,3,5e-07,1e-05,7,2,0.877822,4.07542e-07,3,10,6.646579e-06,3.98092e+09,0.007336952,1.510941,0.7554706,-88.60673,-114.7507,-171.9512,-178.0952,0.03523468
20,47,1048,4.070019e-07,3,6,8.034849e-06,5e-06,7,7.187504e-06,4.183613e-05,1,2,4.458486e-07,6.820675e-06,5,1,1.2,3.382033e-07,2,10,5e-06,6.836088e+09,0.003826505,1.2952,0.6476002,-84.61089,-111.0217,-175.479,-181.8898,0.1158785
20,48,1049,5e-07,1,10,5e-06,6.733272e-06,8,5.486296e-06,4.172385e-05,1,3,5e-07,8.978054e-06,5,1,1.03348,4.365738e-07,1,7,6.907851e-06,4.916497e+09,0.002897222,1.44201,0.7210052,-92.09726,-115.8665,-181.3106,-185.0798,0.0
20,49,1050,4.2955e-07,1,9,7.368423e-06,5e-06,8,6.772159e-06,4.863816e-05,1,2,3.975041e-07,1e-05,5,5,1.2,1.8e-07,4,10,8.002351e-06,3.917577e+09,0.01317007,1.744465,0.8722327,-91.99301,-118.1692,-172.6575,-178.8336,0.1672529
21,0,1051,5e-07,3,10,1e-05,9.929905e-06,10,8.684287e-06,3e-05,1,2,2.688119e-07,5e-06,9,5,0.75,4.115354e-07,1,6,6.093249e-06,5.080616e+09,0.009336126,1.394506,0.6972531,-95.65112,-119.5082,-180.0678,-183.9249,0.0
21,1,1052,4.380739e-07,5,8,5e-06,6.177136e-06,7,6.175401e-06,5e-05,1,2,5e-07,8.133669e-06,5,2,1.2,2.843491e-07,4,6,1e-05,4.676293e+09,0.00807254,1.546313,0.7731567,-91.09374,-116.1279,-175.4217,-180.4559,0.003037624
21,2,1053,1.8e-07,2,6,6.76389e-06,5e-06,4,1e-05,3e-05,1,2,5e-07,5e-06,6,1,1.2,4.855311e-07,5,7,6.986137e-06,6.823722e+09,0.003376638,0.7828953,0.3914476,-76.38935,-103.3906,-167.7849,-174.7862,0.1142336
21,3,1054,1.8e-07,1,9,6.866335e-06,7.478999e-06,8,7.798157e-06,3.6e-05,1,3,4.372559e-07,9.859189e-06,6,1,0.75,2.115427e-07,1,7,1e-05,4.529085e+09,0.004916569,1.543403,0.7717013,-89.97278,-116.3627,-176.1764,-182.5663,0.006567258
21,4,1055,2.639986e-07,1,6,5e-06,5.875576e-06,5,7.626769e-06,3.493904e-05,1,4,5e-07,6.338655e-06,5,1,1.2,3.041501e-07,3,7,5e-06,4.160863e+09,0.002960298,1.434346,0.7171732,-89.29938,-114.3694,-176.9697,-182.0398,0.02275401
21,5,1056,2.247614e-07,5,7,8.224375e-06,8.821091e-06,10,8.976996e-06,4.728453e-05,1,2,4.683298e-07,6.997339e-06,5,1,0.930054,3.891799e-07,5,5,1e-05,4.171049e+09,0.004348194,0.8577811,0.4288906,-85.58098,-112.5255,-171.6028,-178.5473,0.0221312
21,6,1057,3.034719e-07,1,8,6.297455e-06,7.648099e-06,3,5e-06,4.521925e-05,1,3,5e-07,9.521906e-06,10,2,1.10362,5e-07,3,5,1e-05,3.360622e+09,0.00850515,1.796522,0.8982609,-93.67144,-118.6508,-174.903,-179.8824,0.1377736
21,7,1058,5e-07,2,10,1e-05,8.657297e-06,10,6.718079e-06,3e-05,1,3,2.974652e-07,7.076265e-06,6,4,0.75,4.239712e-07,1,7,5.646566e-06,4.242389e+09,0.007372732,1.613149,0.8065744,-96.31799,-119.8531,-180.1939,-183.729,0.02370139
21,8,1059,2.771437e-07,5,9,1e-05,7.882464e-06,10,9.302453e-06,5e-05,1,1,4.85005e-07,7.808275e-06,5,1,0.75,2.691308e-07,4,5,9.217153e-06,7.16498e+09,0.004603472,0.5618701,0.2809351,-91.12988,-112.6306,-181.6033,-183.104,0.1639424
21,9,1060,3.640289e-07,3,9,9.491772e-06,6.706208e-06,8,5e-06,5e-05,1,3,5e-07,1e-05,5,1,1.083796,4.209249e-07,2,7,7.811159e-06,3.97747e+09,0.004727191,1.602288,0.8011441,-92.42167,-116.8465,-177.6678,-182.0926,0.04009626
21,10,1061,4.274812e-07,1,6,5.875704e-06,5.537299e-06,2,5.253467e-06,5e-05,1,2,3.7161e-07,8.244232e-06,5,2,1.149605,3.95803e-07,1,5,8.847395e-06,7.679192e+09,0.004471808,1.767551,0.8837755,-87.20897,-111.51,-178.4104,-182.7115,0.2875717
21,11,1062,4.894217e-07,4,10,5e-06,9.582756e-06,10,8.386756e-06,3.514133e-05,1,1,4.7226e-07,8.240547e-06,9,3,1.2,4.27083e-07,1,5,5e-06,nil,0.006827575,nil,nil,nil,nil,1e+12,1e+12,3e+12
21,12,1063,3.048145e-07,1,10,5.419731e-06,6.113274e-06,8,8.860686e-06,4.429358e-05,1,2,5e-07,6.761752e-06,5,1,0.9390776,4.090649e-07,3,7,6.5e-06,5.57845e+09,0.00313067,0.9348234,0.4674117,-83.83686,-109.7729,-173.8108,-179.7468,0.00880102
21,13,1064,3.782497e-07,1,9,8.839551e-06,7.55195e-06,10,7.720435e-06,4.348577e-05,1,3,3.702532e-07,5.748216e-06,7,1,1.153416,4.959124e-07,1,8,9.49488e-06,3.810887e+09,0.004245263,1.435955,0.7179775,-94.72307,-119.3805,-180.0645,-184.722,0.04940302
21,14,1065,4.15042e-07,1,8,6.866375e-06,1e-05,9,8.660279e-06,5e-05,1,2,5e-07,9.135869e-06,5,1,0.7946131,2.868986e-07,4,5,8.228601e-06,4.442963e+09,0.003212838,0.7890858,0.3945429,-82.63218,-109.7607,-170.5167,-177.6452,0.008699844
21,15,1066,5e-07,4,8,8.142903e-06,5e-06,8,1e-05,4.131844e-05,1,2,5e-07,5e-06,5,1,1.2,1.8e-07,5,6,5.081964e-06,6.150082e+09,0.003045555,0.922302,0.461151,-83.85379,-110.1694,-174.7947,-181.1104,0.0423942
21,16,1067,2.0555e-07,1,10,1e-05,6.307824e-06,9,6.972243e-06,3e-05,1,3,4.417999e-07,5e-06,8,3,0.808118,5e-07,1,7,5e-06,4.784388e+09,0.005571678,1.597429,0.7987146,-95.52112,-118.8365,-181.6578,-184.9732,0.004775557
21,17,1068,3.603468e-07,4,7,9.948779e-06,6.095153e-06,9,8.915525e-06,4.338394e-05,1,2,4.200048e-07,6.837842e-06,6,1,0.9032931,2.849828e-07,3,8,5.443816e-06,5.431983e+09,0.005097519,1.262679,0.6313396,-87.96263,-114.3692,-175.5882,-181.9948,0.004237321
21,18,1069,4.06319e-07,2,5,6.854196e-06,9.762557e-06,7,5.349087e-06,4.170642e-05,1,2,2.597273e-07,1e-05,6,3,1.2,5e-07,3,6,9.906294e-06,4.588517e+09,0.01213643,1.698075,0.8490373,-91.13876,-116.963,-173.5313,-179.3556,0.06712137
21,19,1070,1.988778e-07,4,10,5.778306e-06,9.943981e-06,10,8.165977e-06,3.647126e-05,1,2,5e-07,7.0515e-06,10,1,1.132186,5e-07,3,5,7.633484e-06,4.829758e+09,0.006096589,1.131532,0.565766,-92.42767,-117.4181,-178.2553,-183.2457,0.0002054929
21,20,1071,4.535857e-07,2,5,5.200126e-06,8.523213e-06,7,8.82189e-06,5e-05,1,2,5e-07,5.608615e-06,5,2,1.147237,3.94566e-07,3,6,8.434406e-06,4.714819e+09,0.004342557,1.159282,0.5796409,-88.60739,-113.8589,-175.6992,-180.9507,0.001428233
21,21,1072,4.367044e-07,1,6,1e-05,7.7333e-06,8,7.506915e-06,3e-05,1,3,3.973481e-07,7.560265e-06,10,1,0.98488,5e-07,2,8,7.721335e-06,4.371582e+09,0.005362373,1.395884,0.697942,-89.31638,-115.1728,-174.8356,-180.692,0.01162956
21,22,1073,3.029768e-07,2,7,5e-06,1e-05,8,5e-06,4.789275e-05,1,2,3.405382e-07,7.150549e-06,10,1,1.2,5e-07,1,5,8.324974e-06,5.751504e+09,0.005396327,1.605589,0.8027944,-94.97439,-118.2302,-182.849,-186.1048,0.02127414
21,23,1074,5e-07,5,6,5e-06,7.086415e-06,10,8.638297e-06,3.478374e-05,1,3,4.897513e-07,5e-06,7,1,1.029824,4.84453e-07,5,8,8.5e-06,3.417629e+09,0.003894002,0.8484338,0.4242169,-84.40569,-111.0461,-169.1762,-175.8166,0.09152115
21,24,1075,1.8e-07,1,7,1e-05,1e-05,6,5e-06,3e-05,1,4,5e-07,7.400412e-06,5,1,0.865508,3.784521e-07,2,10,6.135299e-06,3.968789e+09,0.003622337,1.369769,0.6848847,-89.06156,-114.6622,-175.4448,-181.0455,0.03611636
21,25,1076,2.770481e-07,4,5,9.664057e-06,8.313901e-06,10,5.323596e-06,4.524949e-05,1,2,3.869293e-07,6.240252e-06,9,1,0.9440061,5e-07,3,6,6.935981e-06,5.105101e+09,0.006262188,1.433548,0.7167738,-90.53404,-116.3342,-176.7269,-182.5271,1.000223e-06
21,26,1077,4.061587e-07,1,7,6.5e-06,9.364244e-06,8,8.985696e-06,4.523394e-05,1,2,4.172702e-07,9.479542e-06,7,3,1.151278,3.552347e-07,2,10,5e-06,4.222622e+09,0.007811433,1.468238,0.734119,-89.36574,-116.3386,-172.9501,-179.9229,0.01911041
21,27,1078,4.46284e-07,1,10,7.637335e-06,9.019004e-06,3,9.444041e-06,4.23434e-05,1,2,4.114558e-07,7.251413e-06,7,1,1.118669,5e-07,1,7,1e-05,6.698126e+09,0.004295481,1.454782,0.727391,-89.01305,-113.7067,-179.202,-183.8957,0.09819331
21,28,1079,1.8e-07,1,5,6.339033e-06,1e-05,8,7.246971e-06,3.547232e-05,1,2,4.137483e-07,9.83441e-06,7,2,0.7800401,3.784046e-07,3,5,5.889257e-06,5.495407e+09,0.004155556,0.9484639,0.4742319,-69.49133,-98.37119,-158.105,-166.9849,2.659029
21,29,1080,3.727802e-07,3,7,1e-05,9.706379e-06,9,1e-05,3.383062e-05,1,1,2.625818e-07,5.959392e-06,10,5,0.9518554,3.610936e-07,3,9,6.217217e-06,6.299167e+09,0.02161846,1.504758,0.7523789,-92.15582,-117.6854,-174.7932,-180.3228,1.405183
21,30,1081,5e-07,3,5,5e-06,8.839556e-06,9,5.178559e-06,4.173815e-05,1,2,1.803746e-07,9.493045e-06,5,4,1.065,3.342283e-07,4,5,5.025703e-06,5.182641e+09,0.01056381,1.713441,0.8567207,-89.76947,-115.6914,-173.8223,-179.7442,0.0236891
21,31,1082,4.455803e-07,4,5,9.375704e-06,1e-05,10,8.546013e-06,5e-05,1,2,2.929492e-07,9.391649e-06,6,3,1.2,3.350557e-07,1,5,9.1171e-06,4.109213e+09,0.01141435,1.724048,0.8620239,-99.06396,-121.9626,-180.7646,-183.6632,0.06835902
21,32,1083,5e-07,1,10,5e-06,8.018312e-06,5,7.356558e-06,3e-05,1,3,5e-07,5.50874e-06,5,1,1.2,5e-07,3,5,7.004737e-06,5.522437e+09,0.002465971,1.000899,0.5004495,-82.96368,-108.8044,-173.8864,-179.7272,0.006860938
21,33,1084,5e-07,1,9,9.52663e-06,6.183567e-06,9,5.947569e-06,3.846629e-05,1,3,3.240515e-07,1e-05,7,2,1.074021,2.914106e-07,4,7,5.906523e-06,3.782004e+09,0.01014402,1.826365,0.9131827,-95.14411,-119.2371,-176.6364,-180.7294,0.09960526
21,34,1085,3.881776e-07,2,5,8.441296e-06,6.869118e-06,9,5.431187e-06,3e-05,1,3,4.721047e-07,7.760104e-06,5,5,0.75,3.556974e-07,2,6,5.144471e-06,4.41554e+09,0.004942795,1.33279,0.6663951,-76.56012,-104.8495,-162.5201,-170.8094,0.009775174
21,35,1086,3.547832e-07,1,9,8.409736e-06,9.752771e-06,10,5e-06,3.369104e-05,1,3,4.302607e-07,1e-05,9,2,1.010093,5e-07,1,7,5.01537e-06,4.009116e+09,0.006191331,1.584553,0.7922767,-96.63791,-120.0691,-180.781,-184.2123,0.03623347
21,36,1087,2.542029e-07,1,7,8.142903e-06,5e-06,9,8.065989e-06,4.256107e-05,1,2,4.091773e-07,5.284079e-06,10,2,0.9262296,5e-07,1,5,8.918069e-06,5.859964e+09,0.005437957,1.5448,0.7724,-91.14682,-116.1686,-179.1504,-184.1721,0.02309673
21,37,1088,4.925543e-07,2,5,5e-06,8.898307e-06,9,5.10197e-06,5e-05,1,2,5e-07,7.544761e-06,5,2,0.907222,2.954824e-07,5,6,5e-06,4.986359e+09,0.004098271,1.214882,0.6074411,-81.34982,-108.7622,-169.1795,-176.5919,0.0
21,38,1089,3.31085e-07,1,9,6.448042e-06,5.771185e-06,9,6.986777e-06,3.955472e-05,1,3,3.778214e-07,8.385275e-06,7,1,1.136888,3.511471e-07,2,5,1e-05,4.34367e+09,0.005769601,1.660963,0.8304813,-93.85805,-118.0376,-179.0037,-183.1833,0.02440571
21,39,1090,4.954556e-07,3,6,9.73611e-06,8.422054e-06,9,5.279212e-06,4.53882e-05,1,3,5e-07,1e-05,6,1,1.002859,2.823261e-07,3,6,7.610514e-06,3.747888e+09,0.005615229,1.584193,0.7920963,-93.94446,-118.3646,-177.9265,-182.3466,0.05843413
21,40,1091,4.269331e-07,2,10,5.760885e-06,6.562118e-06,9,5e-06,3e-05,1,3,5e-07,9.38276e-06,8,1,0.75,4.876156e-07,2,8,5e-06,5.06222e+09,0.004337274,1.426611,0.7133057,-88.43788,-113.7751,-176.1525,-181.4898,0.0
21,41,1092,2.054201e-07,1,8,7.452914e-06,8.418614e-06,7,5.953756e-06,5e-05,1,2,4.420892e-07,8.120824e-06,6,2,1.02486,4.78835e-07,1,5,7.023515e-06,5.61463e+09,0.005157388,1.610712,0.805356,-94.45765,-117.762,-182.3198,-185.6242,0.01563001
21,42,1093,3.41199e-07,1,7,5e-06,6.812319e-06,9,7.979812e-06,5e-05,1,2,3.123619e-07,1e-05,5,2,1.027152,5e-07,2,5,1e-05,4.817103e+09,0.005610945,1.43163,0.7158152,-81.90137,-109.9795,-168.0667,-176.1449,0.0002862082
21,43,1094,1.8e-07,3,10,5.932668e-06,1e-05,10,1e-05,3.647126e-05,1,1,4.381474e-07,6.475371e-06,10,5,1.00042,5e-07,4,5,5.530847e-06,5.797701e+09,0.01649492,1.269705,0.6348523,-94.50263,-118.9617,-177.5942,-182.0533,0.4405554
21,44,1095,5e-07,5,7,6.5e-06,7.005926e-06,7,9.624043e-06,4.986862e-05,1,1,1.8e-07,8.332027e-06,8,1,0.75,4.398647e-07,5,10,1e-05,6.061388e+09,0.01040935,0.992448,0.496224,-74.86637,-102.5963,-160.3436,-168.0735,0.03721074
21,45,1096,2.480875e-07,4,10,6.299968e-06,1e-05,10,6.425172e-06,3.709889e-05,1,3,3.025472e-07,5e-06,9,2,0.75,5e-07,1,5,5e-06,4.121816e+09,0.005451711,1.591578,0.7957891,-99.04637,-121.3065,-183.9828,-186.2429,0.02894894
21,46,1097,3.252603e-07,2,8,8.862665e-06,8.5339e-06,10,9.994136e-06,3e-05,1,1,2.482545e-07,5e-06,10,5,0.75,5e-07,1,5,6.646579e-06,7.628892e+09,0.007658232,0.7148669,0.3574334,-92.23021,-114.3758,-181.0382,-183.1837,0.2458783
21,47,1098,3.504135e-07,1,5,5.612992e-06,9.251416e-06,4,5e-06,3e-05,1,2,4.758089e-07,1e-05,6,3,0.75,1.8e-07,3,5,5.175026e-06,7.388874e+09,0.00190838,0.6308972,0.3154486,-78.74603,-105.8074,-173.3109,-180.3723,0.2014204
21,48,1099,4.928182e-07,2,6,5e-06,8.638948e-06,7,5e-06,4.4e-05,1,3,5e-07,5.872405e-06,5,1,0.8931919,4.365738e-07,5,6,5e-06,4.224199e+09,0.002581068,1.101304,0.5506519,-84.60971,-110.2693,-173.0066,-178.6662,0.01902153
21,49,1100,4.516415e-07,5,10,6.116645e-06,1e-05,10,1e-05,4.640107e-05,1,2,4.721047e-07,7.99495e-06,9,4,1.196071,3.651578e-07,2,5,7.982584e-06,3.497141e+09,0.01460311,1.683883,0.8419417,-100.4566,-123.4767,-179.6864,-182.7065,0.3088805
22,0,1101,2.93885e-07,1,10,1e-05,9.929905e-06,7,5e-06,3e-05,1,4,4.667769e-07,5e-06,5,2,0.7592857,3.643485e-07,2,8,5e-06,4.028498e+09,0.004098816,1.535764,0.7678819,-92.93909,-117.2156,-178.9154,-183.1919,0.03220179
22,1,1102,2.635298e-07,5,10,8.414318e-06,8.083355e-06,10,9.355546e-06,3.842862e-05,1,3,5e-07,5.117025e-06,10,1,0.998056,5e-07,4,5,7.05692e-06,3.435757e+09,0.004957411,1.241064,0.6205322,-92.56271,-118.208,-176.3306,-181.9759,0.08929646
22,2,1103,5e-07,5,6,1e-05,1e-05,10,1e-05,3.265171e-05,1,1,2.88467e-07,5e-06,10,5,0.75,3.926289e-07,5,9,8.294195e-06,5.924575e+09,0.01420446,0.9676813,0.4838407,-80.18101,-108.0435,-164.1099,-171.9724,0.2029155
22,3,1104,4.305306e-07,1,8,5e-06,9.683567e-06,10,5.767504e-06,4.102071e-05,1,2,2.057372e-07,7.572801e-06,7,5,0.7590212,5e-07,1,7,5e-06,5.186453e+09,0.002344238,0.6313075,0.3156537,-84.27356,-111.2338,-174.871,-181.8312,0.0002873529
22,4,1105,3.167107e-07,1,6,5e-06,5e-06,9,7.843197e-06,5e-05,1,2,3.652564e-07,1e-05,5,1,1.2,1.8e-07,4,9,8.212009e-06,4.780419e+09,0.005539099,1.363599,0.6817996,-85.57728,-112.6895,-171.7322,-178.8444,0.0005955688
22,5,1106,2.247614e-07,2,8,5e-06,7.358056e-06,10,8.854121e-06,5e-05,1,1,3.702532e-07,1e-05,6,1,1.2,4.092695e-07,3,10,9.324763e-06,6.487252e+09,0.007901994,0.8700643,0.4350322,-82.20123,-109.4849,-169.4651,-176.7488,0.07398955
22,6,1107,1.8e-07,1,8,6.018227e-06,9.79019e-06,6,9.882059e-06,3e-05,1,2,3.459572e-07,6.914007e-06,9,2,1.091253,5e-07,4,10,8.324974e-06,4.570364e+09,0.01140486,1.332996,0.6664979,-78.74431,-107.3456,-161.3724,-169.9738,0.02426193
22,7,1108,3.678647e-07,1,7,5.457007e-06,9.780976e-06,10,7.226077e-06,4.120725e-05,1,2,3.323793e-07,9.066651e-06,6,3,0.9203218,4.545012e-07,3,8,5e-06,4.61584e+09,0.005076186,1.036397,0.5181983,-76.87478,-105.3858,-163.1044,-171.6154,0.003363044
22,8,1109,4.968355e-07,1,7,8.163593e-06,7.208763e-06,6,8.622271e-06,4.616e-05,1,3,3.529107e-07,8.847202e-06,5,1,1.082489,2.221631e-07,3,9,6.333505e-06,3.876918e+09,0.005071657,1.595418,0.7977088,-92.98418,-117.8979,-177.7024,-182.6161,0.04764068
22,9,1110,4.24697e-07,2,10,1e-05,1e-05,8,7.41083e-06,3e-05,1,3,5e-07,6.380297e-06,6,2,0.9639657,5e-07,1,6,5.646566e-06,4.597915e+09,0.004250765,1.348784,0.674392,-96.56486,-119.4581,-183.5314,-186.4247,0.003800724
22,10,1111,3.262767e-07,1,5,5.708354e-06,8.078184e-06,7,5.413412e-06,5e-05,1,1,4.151091e-07,6.626327e-06,5,2,1.2,3.784156e-07,5,8,9.01097e-06,7.355329e+09,0.005459962,0.7928013,0.3964006,-75.4004,-102.9988,-165.3605,-172.959,0.1955597
22,11,1112,3.349802e-07,1,10,5e-06,9.549716e-06,6,6.988152e-06,3.514133e-05,1,3,3.340941e-07,8.729614e-06,6,1,1.080975,5e-07,3,6,1e-05,3.981183e+09,0.005719286,1.439208,0.7196038,-88.46749,-114.925,-172.8943,-179.3518,0.03516138
22,12,1113,3.035658e-07,3,9,7.124054e-06,6.116696e-06,9,7.178747e-06,4.821352e-05,1,1,4.062201e-07,6.558579e-06,10,3,1.10362,4.300609e-07,4,5,8.434406e-06,6.654484e+09,0.01528991,1.524275,0.7621376,-92.38639,-116.7735,-177.0046,-181.3917,0.3729967
22,13,1114,3.830583e-07,1,7,1e-05,8.598578e-06,7,5e-06,3e-05,1,3,4.391496e-07,8.322036e-06,5,2,1.153416,5e-07,5,8,5e-06,4.172656e+09,0.006853654,1.479033,0.7395166,-90.7979,-115.9337,-174.8469,-179.9828,0.02203369
22,14,1115,4.022229e-07,1,5,5e-06,1e-05,6,6.179986e-06,5e-05,1,2,5e-07,8.864791e-06,5,2,1.2,4.78835e-07,2,10,6.863304e-06,4.910752e+09,0.004257907,1.246209,0.6231045,-81.65769,-109.1869,-169.1887,-176.7179,0.0
22,15,1116,1.936658e-07,5,9,5.778306e-06,1e-05,10,8.112365e-06,3.647126e-05,1,2,5e-07,5.687701e-06,10,1,1.041141,4.610347e-07,4,6,8.5e-06,4.622631e+09,0.005825932,0.9744372,0.4872186,-88.18947,-114.4337,-173.8336,-180.0779,0.003204239
22,16,1117,2.0555e-07,1,5,7.466693e-06,6.429587e-06,6,6.972243e-06,4.632941e-05,1,2,5e-07,6.949637e-06,6,1,1.082712,5e-07,5,10,8.434406e-06,4.414773e+09,0.00424706,0.8412302,0.4206151,-79.23114,-106.1042,-165.8484,-172.7215,0.009806122
22,17,1118,1.936658e-07,4,9,5e-06,1e-05,9,8.237356e-06,5e-05,1,1,5e-07,6.415349e-06,10,2,1.057703,3.669659e-07,5,5,5.530847e-06,6.431037e+09,0.01026357,1.172318,0.5861591,-91.82323,-116.3419,-177.8759,-182.3945,0.06880918
22,18,1119,3.189847e-07,1,5,7.079607e-06,7.481156e-06,9,6.417798e-06,3e-05,1,2,3.778214e-07,6.630217e-06,8,4,0.7864377,3.97728e-07,5,6,5.489526e-06,5.780702e+09,0.003204738,0.6941552,0.3470776,-79.08823,-107.2177,-169.2699,-177.3994,0.01781449
22,19,1120,1.906325e-07,4,5,1e-05,7.020213e-06,2,5e-06,4.521925e-05,1,3,5e-07,9.317089e-06,5,2,1.044927,2.561739e-07,2,5,7.633484e-06,4.915507e+09,0.007835116,1.905663,0.9528313,-89.24102,-113.931,-174.1319,-178.8219,0.07313876
22,20,1121,4.440517e-07,1,5,5e-06,1e-05,5,7.348756e-06,3.708859e-05,1,2,4.443732e-07,9.019562e-06,5,2,1.114852,3.990212e-07,5,10,7.127976e-06,5.021531e+09,0.0043185,0.9161412,0.4580706,-74.44984,-102.6862,-162.1132,-170.3496,0.0
22,21,1122,3.614786e-07,2,7,7.847132e-06,7.35007e-06,8,5e-06,4.360606e-05,1,2,5e-07,6.226866e-06,6,1,1.2,5e-07,4,6,9.906294e-06,5.220216e+09,0.003939637,0.968042,0.484021,-81.09114,-107.8756,-169.4904,-176.2748,0.0005556309
22,22,1123,2.541077e-07,1,5,5e-06,9.642748e-06,8,5.664142e-06,5e-05,1,1,3.215799e-07,9.413761e-06,5,3,1.2,3.8073e-07,4,7,9.875111e-06,6.82604e+09,0.007914337,1.031601,0.5158003,-69.90206,-98.69809,-157.6013,-166.3973,1.809514
22,23,1124,2.808042e-07,4,7,1e-05,7.224826e-06,7,6.296339e-06,3.478374e-05,1,3,4.897513e-07,5e-06,7,1,1.04936,4.737782e-07,5,8,5.045916e-06,4.235773e+09,0.003905255,1.141691,0.5708457,-84.57052,-111.5776,-171.1927,-178.1998,0.0183756
22,24,1125,4.676308e-07,1,7,8.375236e-06,1e-05,10,5.073231e-06,3e-05,1,3,1.8e-07,8.785065e-06,10,5,0.75,5e-07,1,7,6.60113e-06,3.946836e+09,0.00307319,0.7876931,0.3938466,-79.67524,-107.636,-166.7243,-174.685,0.03783929
22,25,1126,2.770481e-07,1,7,5e-06,1e-05,10,5.645175e-06,4.182301e-05,1,2,5e-07,5.796134e-06,9,1,0.75,5e-07,3,8,7.443044e-06,5.125535e+09,0.002618119,0.6062439,0.303122,-84.06172,-110.8327,-174.0766,-180.8476,2.506787e-05
22,26,1127,1.8e-07,1,5,9.46738e-06,9.339835e-06,7,7.61304e-06,4.4e-05,1,2,4.420892e-07,5e-06,6,2,1.2,3.350292e-07,5,10,5e-06,4.620487e+09,0.006485485,1.263094,0.631547,-87.41992,-114.0746,-172.5942,-179.249,0.003253953
22,27,1128,2.585663e-07,4,6,1e-05,5.98195e-06,10,1e-05,4.23434e-05,1,3,3.274058e-07,5e-06,10,5,0.8096036,3.374553e-07,1,5,1e-05,3.218661e+09,0.01315854,1.881293,0.9406463,-99.35865,-122.2373,-178.3201,-181.1987,0.2821175
22,28,1129,3.785156e-07,3,5,5e-06,1e-05,10,7.539737e-06,3.237411e-05,1,2,4.172702e-07,6.984049e-06,9,5,0.8362784,2.921336e-07,2,5,8.5e-06,4.618737e+09,0.007032527,1.032489,0.5162445,-78.3085,-106.717,-163.1278,-171.5363,0.003294836
22,29,1130,2.693316e-07,1,8,5.500104e-06,1e-05,10,6.314949e-06,3.958178e-05,1,3,4.372559e-07,9.71083e-06,6,1,0.88945,4.364631e-07,1,5,9.749038e-06,3.975229e+09,0.003796639,1.361983,0.6809913,-93.65339,-118.8298,-179.8466,-185.0231,0.03561856
22,30,1131,5e-07,1,7,5e-06,9.985355e-06,9,5e-06,5e-05,1,3,3.215799e-07,9.372472e-06,5,2,1.2,2.954824e-07,3,6,5e-06,3.618514e+09,0.005557613,1.701079,0.8505397,-94.42694,-119.1305,-178.1487,-182.8522,0.0863669
22,31,1132,4.455803e-07,4,5,7.326598e-06,8.604768e-06,9,7.382789e-06,5e-05,1,2,5e-07,1e-05,6,4,0.9837955,2.270361e-07,2,8,1e-05,3.753734e+09,0.01321085,1.73094,0.86547,-96.6776,-120.9984,-176.9576,-181.2784,0.1815232
22,32,1133,4.190058e-07,1,5,5e-06,8.236809e-06,7,7.822025e-06,5e-05,1,2,2.88467e-07,8.617108e-06,7,3,1.11933,4.78835e-07,1,9,5e-06,4.922152e+09,0.004505038,1.313997,0.6569986,-81.65724,-109.646,-168.9634,-176.9521,0.0
22,33,1134,1.8e-07,1,8,6.297455e-06,8.292281e-06,4,5e-06,3.754298e-05,1,2,3.672813e-07,6.611715e-06,7,2,1.044016,5e-07,3,7,6.489583e-06,6.130792e+09,0.008091906,1.645549,0.8227743,-85.9867,-112.6598,-172.6565,-179.3296,0.05026619
22,34,1135,3.881776e-07,2,8,1e-05,1e-05,10,5e-06,3e-05,1,3,4.120216e-07,7.224049e-06,5,5,0.8178364,5e-07,2,7,5.144471e-06,4.007098e+09,0.008536856,1.661741,0.8308707,-97.09114,-120.3661,-179.8348,-183.1097,0.04483269
22,35,1136,2.240777e-07,1,10,8.819145e-06,1e-05,10,5.391311e-06,3e-05,1,2,5e-07,5.079284e-06,7,1,0.75,4.704171e-07,1,5,5e-06,7.08015e+09,0.002333323,0.3477612,0.1738806,-87.80415,-108.1308,-181.1253,-181.4519,0.243456
22,36,1137,1.8e-07,1,5,8.142903e-06,6.308485e-06,3,5.209324e-06,4.256107e-05,1,3,4.381474e-07,8.792687e-06,5,1,0.8708502,4.468449e-07,5,10,1e-05,3.152691e+09,0.004808367,1.117809,0.5589046,-76.37024,-104.6892,-159.5239,-167.8428,0.127159
22,37,1138,4.102345e-07,2,10,1e-05,1e-05,9,5e-06,3e-05,1,2,2.554333e-07,8.08402e-06,6,3,0.907222,2.954824e-07,1,6,5.611874e-06,6.574091e+09,0.009900741,1.694667,0.8473335,-93.53489,-117.4904,-179.9349,-183.8904,0.100385
22,38,1139,4.579916e-07,1,6,5e-06,7.638725e-06,8,8.853667e-06,4.642248e-05,1,2,2.88467e-07,6.651315e-06,7,4,1.2,5e-07,2,7,7.706506e-06,4.543812e+09,0.006024924,1.337886,0.6689432,-81.68383,-109.7643,-167.0327,-175.1132,0.005284035
22,39,1140,3.541996e-07,2,6,8.416441e-06,1e-05,7,7.691258e-06,3e-05,1,3,4.844264e-07,5e-06,8,1,0.75,5e-07,4,5,6.037438e-06,4.532911e+09,0.003372347,1.006209,0.5031046,-86.31143,-112.0418,-174.1596,-179.89,0.005612438
22,40,1141,3.031053e-07,1,9,5e-06,1e-05,9,6.138388e-06,3e-05,1,2,5e-07,6.690648e-06,8,1,1.2,4.876156e-07,2,5,5e-06,6.621688e+09,0.003546564,0.9050705,0.4525352,-91.11845,-114.636,-182.0398,-185.5573,0.08902473
22,41,1142,2.942433e-07,1,10,7.383355e-06,9.677136e-06,4,9.040762e-06,3e-05,1,2,2.900346e-07,5.366e-06,7,1,1.047289,5e-07,3,10,1e-05,5.641097e+09,0.006251441,1.03339,0.5166949,-78.52409,-106.9137,-165.5916,-173.9812,0.01125665
22,42,1143,5e-07,1,7,1e-05,1e-05,10,5e-06,3e-05,1,3,4.172702e-07,6.523233e-06,5,3,0.75,5e-07,2,7,5e-06,4.640172e+09,0.003277367,1.032715,0.5163573,-78.88715,-106.7949,-167.0626,-174.9703,0.002811778
22,43,1144,5e-07,4,6,7.192103e-06,6.595692e-06,9,5.783335e-06,3.859163e-05,1,3,4.993659e-07,7.409847e-06,8,2,0.8605492,3.342283e-07,1,5,8.225842e-06,4.326139e+09,0.006059313,1.72134,0.8606702,-95.17149,-118.7656,-180.0693,-183.6634,0.03548982
22,44,1145,3.219065e-07,1,5,7.589843e-06,8.898307e-06,9,5.074999e-06,3.924513e-05,1,2,5e-07,5.382954e-06,5,1,0.75,5e-07,3,7,6.152605e-06,6.259055e+09,0.002021829,0.583748,0.291874,-83.76327,-109.5955,-176.636,-182.4683,0.0516497
22,45,1146,2.477883e-07,1,5,8.095411e-06,6.116696e-06,10,6.378477e-06,3.376834e-05,1,2,4.401325e-07,6.762317e-06,8,2,0.75,4.811028e-07,5,7,1e-05,5.219026e+09,0.00362201,0.7367411,0.3683705,-70.20157,-98.9589,-158.9639,-167.7212,1.084437
22,46,1147,3.007355e-07,5,9,8.819145e-06,8.208616e-06,10,7.427881e-06,3.046638e-05,1,2,5e-07,5.168644e-06,10,1,1.132186,5e-07,4,5,7.046655e-06,5.726847e+09,0.004995311,0.9627847,0.4813923,-86.54015,-112.6654,-174.7128,-180.8381,0.01510716
22,47,1148,1.843532e-07,4,6,9.93579e-06,8.14441e-06,7,7.472353e-06,3.4793e-05,1,2,5e-07,5.669953e-06,6,1,0.8180773,5e-07,4,7,7.535098e-06,5.739925e+09,0.003735507,0.8240138,0.4120069,-80.71927,-107.6025,-170.1739,-177.0571,0.0157441
22,48,1149,2.356769e-07,2,6,9.950441e-06,1e-05,10,5e-06,3e-05,1,2,5e-07,5e-06,10,4,0.75,5e-07,4,7,5.106727e-06,5.054685e+09,0.009015061,1.322096,0.6610481,-76.82047,-105.38,-161.3447,-169.9042,0.0
22,49,1150,4.501843e-07,3,7,5e-06,7.602271e-06,7,7.919733e-06,3.892348e-05,1,3,4.803449e-07,7.99495e-06,5,2,0.75,2.931925e-07,3,8,7.438085e-06,3.826791e+09,0.004886522,1.412407,0.7062037,-83.18176,-110.6089,-167.9485,-175.3756,0.04797077
23,0,1151,5e-07,1,10,9.491772e-06,1e-05,10,5e-06,4.016938e-05,1,3,4.146075e-07,7.13511e-06,9,2,0.75,5e-07,1,6,5.070002e-06,3.985637e+09,0.003880099,1.394891,0.6974457,-87.6919,-114.3662,-173.8134,-180.4878,0.03482135
23,1,1152,2.938598e-07,1,9,1e-05,9.536952e-06,9,9.443776e-06,3.924219e-05,1,2,2.691971e-07,7.734692e-06,10,2,0.9847536,5e-07,1,6,5e-06,4.882404e+09,0.00705258,1.409259,0.7046295,-96.4167,-120.0275,-181.7059,-185.3167,1.289482e-05
23,2,1153,1.8e-07,1,6,5.213518e-06,7.891906e-06,7,1e-05,4.967354e-05,1,1,3.754033e-07,1e-05,5,2,1.013626,2.849828e-07,3,7,8.847395e-06,7.239624e+09,0.007600145,1.048149,0.5240746,-70.85031,-99.66357,-159.2364,-168.0497,0.2891934
23,3,1154,1.8e-07,1,9,7.558932e-06,9.431571e-06,10,6.223305e-06,3.035241e-05,1,2,4.200048e-07,5e-06,5,3,0.7590212,5e-07,3,8,5.106727e-06,5.766841e+09,0.005669815,1.093005,0.5465026,-75.58228,-104.1649,-163.2654,-171.8479,0.0170964
23,4,1155,3.271468e-07,1,5,5e-06,8.286891e-06,9,7.784038e-06,5e-05,1,1,2.776591e-07,9.406511e-06,5,2,1.2,2.093041e-07,3,5,1e-05,7.614433e+09,0.006492025,1.04086,0.52043,-76.10689,-104.5825,-165.6158,-174.0915,0.2430746
23,5,1156,2.247614e-07,3,10,5e-06,8.76828e-06,10,7.523848e-06,3.642367e-05,1,3,4.916937e-07,5e-06,5,1,1.178313,3.891799e-07,5,10,7.855408e-06,3.347614e+09,0.003209379,0.7278662,0.3639331,-83.92265,-110.9742,-169.3532,-176.4047,0.1003708
23,6,1157,1.8e-07,1,8,1e-05,8.292281e-06,10,5e-06,4.769104e-05,1,3,3.870589e-07,9.521906e-06,10,3,0.75,5e-07,1,7,5e-06,3.116265e+09,0.00706424,1.689754,0.8448768,-92.17573,-118.8554,-173.5578,-180.2374,0.1485188
23,7,1158,3.048846e-07,1,6,5.009614e-06,9.384918e-06,6,5.046294e-06,5e-05,1,2,5e-07,8.728061e-06,5,1,0.8359094,5e-07,3,8,5e-06,5.771364e+09,0.002675424,1.007624,0.5038121,-72.56992,-100.8806,-163.5216,-171.8323,0.0173291
23,8,1159,2.394009e-07,1,9,1e-05,7.208763e-06,5,8.438805e-06,3.623273e-05,1,2,4.287039e-07,6.736209e-06,6,1,1.082489,3.076278e-07,5,8,8.362285e-06,5.399897e+09,0.005359114,1.036293,0.5181466,-81.49948,-108.966,-168.8563,-176.3228,0.003457837
23,9,1160,5e-07,4,5,5e-06,1e-05,10,7.672912e-06,4.605561e-05,1,1,1.9781e-07,9.360844e-06,8,5,0.8609369,4.409607e-07,1,7,6.304313e-06,6.502839e+09,0.007720514,0.858623,0.4293115,-83.79414,-110.9136,-171.1797,-178.2992,0.07566151
23,10,1161,3.324317e-07,3,8,1e-05,9.10302e-06,2,5.413412e-06,4.319235e-05,1,3,5e-07,1e-05,5,1,1.133077,3.95803e-07,3,5,1e-05,4.53592e+09,0.005066728,1.60772,0.8038598,-89.05845,-114.0916,-175.1445,-180.1777,0.01067792
23,11,1162,3.36488e-07,2,7,5e-06,8.01912e-06,10,7.067575e-06,4.712415e-05,1,2,5e-07,5.586521e-06,8,1,0.75,3.996795e-07,4,6,5e-06,5.069664e+09,0.003294797,0.9383795,0.4691898,-81.60469,-108.7226,-170.526,-177.6439,0.0
23,12,1163,3.143146e-07,1,7,5.736334e-06,9.019004e-06,5,1e-05,3.465899e-05,1,1,5e-07,8.154259e-06,5,3,1.02994,5e-07,5,10,8.434406e-06,6.998397e+09,0.006704927,0.5976042,0.2988021,-83.51357,-109.6808,-172.1496,-178.3168,0.1385587
23,13,1164,3.936137e-07,2,5,5.073173e-06,9.782516e-06,4,7.19036e-06,5e-05,1,2,4.319221e-07,9.426978e-06,5,1,1.2,4.640195e-07,2,10,9.169241e-06,5.123129e+09,0.004572628,1.260972,0.6304861,-84.98922,-111.1904,-172.5783,-178.7795,2.056709e-05
23,14,1165,5e-07,3,6,5e-06,8.445957e-06,6,6.179986e-06,5e-05,1,2,4.750923e-07,8.864791e-06,5,1,1.2,4.489581e-07,4,7,6.024977e-06,5.157387e+09,0.004290925,1.216476,0.6082378,-85.56061,-111.6663,-173.4837,-179.5894,0.0001266135
23,15,1166,3.756416e-07,3,5,5e-06,8.363377e-06,9,5e-06,5e-05,1,2,3.869293e-07,5.802663e-06,7,1,1.041141,5e-07,4,8,6.766895e-06,4.683788e+09,0.004757083,1.159887,0.5799434,-83.90934,-110.9766,-170.5479,-177.6151,0.001947004
23,16,1167,4.408274e-07,1,6,1e-05,6.933317e-06,8,9.87206e-06,3.232209e-05,1,2,5e-07,6.553219e-06,7,3,1.041519,1.8e-07,5,7,7.057971e-06,5.043968e+09,0.007763604,1.29039,0.645195,-85.66339,-112.8892,-170.8182,-178.0441,0.0
23,17,1168,3.312188e-07,1,7,6.366231e-06,1e-05,3,8.722113e-06,4.323876e-05,1,3,5e-07,8.376338e-06,5,1,0.9376538,2.849828e-07,3,5,1e-05,4.360527e+09,0.003589145,1.409012,0.7045062,-88.19097,-113.732,-175.4318,-180.9729,0.01212124
23,18,1169,2.536498e-07,1,5,8.112856e-06,1e-05,6,7.345771e-06,3e-05,1,2,3.168746e-07,1e-05,7,3,1.100159,4.840611e-07,3,10,5.823663e-06,5.164418e+09,0.01013388,1.435037,0.7175187,-77.12776,-105.7712,-161.3304,-169.9739,0.0003387737
23,19,1170,2.529036e-07,4,10,5.497787e-06,7.870536e-06,10,7.554567e-06,4.838944e-05,1,1,4.67445e-07,8.804313e-06,10,3,1.091374,5e-07,2,5,6.793425e-06,6.310031e+09,0.01190843,1.3279,0.6639501,-93.20148,-117.3793,-178.4436,-182.6214,0.09271395
23,20,1171,4.412919e-07,5,9,5e-06,7.093303e-06,10,1e-05,4.43023e-05,1,1,5e-07,6.43605e-06,8,3,1.114852,2.931925e-07,5,10,9.077751e-06,5.580087e+09,0.0138754,1.083628,0.5418141,-89.25989,-114.6667,-172.7703,-178.177,0.1590485
23,21,1172,1.927241e-07,2,8,6.166149e-06,7.271185e-06,10,7.240243e-06,3e-05,1,2,3.508991e-07,6.019147e-06,9,1,1.048472,3.055142e-07,5,8,9.953695e-06,4.974393e+09,0.00848242,1.119419,0.5597093,-83.899,-111.8578,-168.5486,-176.5074,0.0
23,22,1173,3.842949e-07,2,6,8.416441e-06,1e-05,10,6.754794e-06,4.53882e-05,1,2,5e-07,5.788464e-06,6,2,0.75,5e-07,4,6,5e-06,4.667583e+09,0.004389433,1.052648,0.5263239,-84.23829,-111.1687,-171.196,-178.1265,0.002249792
23,23,1174,4.251681e-07,4,7,6.790671e-06,7.086415e-06,9,5.560065e-06,3e-05,1,3,2.827009e-07,1e-05,8,4,0.75,2.700606e-07,4,5,5e-06,3.877533e+09,0.01044856,1.730955,0.8654777,-88.55155,-115.3879,-170.1321,-176.9685,0.06926074
23,24,1175,3.449756e-07,2,5,1e-05,1e-05,7,7.724249e-06,3e-05,1,3,5e-07,5.366267e-06,5,3,0.75,3.383916e-07,3,9,9.000178e-06,3.878938e+09,0.005512762,1.198667,0.5993337,-80.11098,-108.0577,-164.4715,-172.4182,0.04342226
23,25,1176,5e-07,1,9,5.826598e-06,8.086265e-06,10,6.035921e-06,3.437883e-05,1,2,4.241054e-07,7.9195e-06,7,2,0.8358451,4.898718e-07,3,8,5e-06,5.747918e+09,0.003789725,0.8940979,0.4470489,-77.27163,-105.3067,-166.6758,-174.7108,0.01613987
23,26,1177,4.877245e-07,1,5,5e-06,1e-05,3,7.570281e-06,4.387178e-05,1,2,5e-07,9.479542e-06,5,1,1.2,4.502445e-07,5,10,5e-06,5.498515e+09,0.003211747,0.9444901,0.4722451,-78.87157,-105.256,-168.6091,-174.9935,0.006105884
23,27,1178,2.099337e-07,2,6,5.778306e-06,6.308485e-06,10,5.758814e-06,4.23434e-05,1,3,3.532501e-07,7.370772e-06,10,1,0.946929,5e-07,1,5,5.381015e-06,4.593546e+09,0.004513696,1.697365,0.8486826,-97.16879,-119.5491,-183.8664,-186.2467,0.0212239
23,28,1179,5e-07,1,9,1e-05,1e-05,9,7.539737e-06,3.924219e-05,1,4,4.407537e-07,1e-05,5,1,0.8362784,4.772274e-07,1,7,5.303898e-06,3.082212e+09,0.003184416,1.400514,0.7002571,-98.94001,-121.6816,-183.687,-186.4286,0.137624
23,29,1180,4.511183e-07,1,7,1e-05,1e-05,10,5e-06,3.522566e-05,1,3,4.407537e-07,7.378395e-06,5,1,0.7590212,4.15672e-07,2,6,5.303898e-06,4.664656e+09,0.002729104,1.115025,0.5575123,-87.44606,-113.3045,-176.4623,-182.3207,0.002306818
23,30,1181,5e-07,5,7,1e-05,6.056881e-06,8,7.317721e-06,5e-05,1,2,5e-07,9.493045e-06,5,2,0.9291957,3.055142e-07,5,7,9.706757e-06,4.006726e+09,0.00945775,1.492004,0.7460022,-92.39877,-117.5265,-174.6967,-179.8244,0.03323361
23,31,1182,3.221408e-07,4,9,5e-06,1e-05,10,8.546013e-06,5e-05,1,1,5e-07,5.075213e-06,5,1,1.121351,2.849828e-07,3,5,5e-06,7.294022e+09,0.002691633,0.0004176333,0.0002088166,-22.01092,-41.85671,-114.9701,-114.8159,3381.826
23,32,1183,4.190058e-07,2,7,7.50439e-06,8.236809e-06,7,5.635192e-06,3e-05,1,4,4.530227e-07,5e-06,8,1,0.75,5e-07,2,5,5e-06,4.368802e+09,0.00293602,1.428111,0.7140556,-92.35138,-116.3577,-180.481,-184.4873,0.01175225
23,33,1184,3.648292e-07,1,7,1e-05,1e-05,4,6.871214e-06,3.754298e-05,1,3,4.972654e-07,6.611715e-06,8,2,0.7606107,5e-07,3,5,5e-06,4.468187e+09,0.004192132,1.474825,0.7374125,-79.29439,-107.2816,-166.0727,-174.0599,0.00776604
23,34,1185,4.527389e-07,1,7,8.416441e-06,8.898307e-06,10,5e-06,4.53882e-05,1,2,2.903572e-07,8.264379e-06,6,2,0.8178364,5e-07,3,5,5e-06,5.464192e+09,0.004272547,1.228953,0.6144767,-77.31577,-105.4564,-165.7594,-173.9001,0.005099421
23,35,1186,4.221869e-07,2,5,8.409736e-06,1e-05,8,9.213977e-06,4.066719e-05,1,2,4.116391e-07,8.827154e-06,8,3,1.102802,3.627948e-07,1,8,5e-06,4.503683e+09,0.007993664,1.475315,0.7376575,-95.62984,-119.9353,-179.6737,-183.9792,0.006541729
23,36,1187,1.8e-07,1,5,8.142903e-06,7.169787e-06,8,6.214491e-06,5e-05,1,2,5e-07,1e-05,5,1,1.047709,2.221631e-07,5,5,7.017945e-06,5.179327e+09,0.004933404,1.334662,0.6673312,-87.87479,-113.8728,-175.2288,-181.2268,0.0002419345
23,37,1188,1.840611e-07,2,5,9.709704e-06,1e-05,4,9.690815e-06,3.162547e-05,1,2,4.75215e-07,7.544761e-06,9,2,0.75,5e-07,2,8,5.941037e-06,5.883688e+09,0.007428419,1.443093,0.7215466,-80.7212,-108.9022,-167.4052,-175.5862,0.02361273
23,38,1189,1.8e-07,2,5,8.375236e-06,9.1677e-06,10,5e-06,3e-05,1,2,3.93327e-07,6.152567e-06,9,4,0.75,5e-07,5,6,1e-05,4.688477e+09,0.009223161,1.160381,0.5801906,-67.78038,-96.6747,-151.5522,-160.4465,11.05947
23,39,1190,4.155967e-07,2,6,5e-06,1e-05,7,1e-05,5e-05,1,1,5e-07,5e-06,10,2,1.2,4.27083e-07,2,5,5e-06,7.362684e+09,0.005124949,0.693177,0.3465885,-92.94879,-114.0108,-183.1926,-184.2547,0.1968373
23,40,1191,5e-07,1,5,5.760885e-06,1e-05,5,6.114447e-06,3.898942e-05,1,2,3.864623e-07,9.783232e-06,8,1,1.2,4.765953e-07,4,8,6.224669e-06,5.524029e+09,0.004570308,1.157211,0.5786053,-78.93587,-106.5139,-167.1815,-174.7596,0.006912733
23,41,1192,1.8e-07,1,5,1e-05,9.736124e-06,4,5e-06,3e-05,1,2,3.998964e-07,5.518603e-06,7,1,0.75,5e-07,3,5,5e-06,8.587884e+09,0.003440432,1.213851,0.6069255,-73.7478,-101.9639,-167.0594,-175.2755,0.4677176
23,42,1193,3.1604e-07,1,8,5.508228e-06,1e-05,8,5.915423e-06,5e-05,1,2,3.212778e-07,8.883896e-06,7,1,1.046586,5e-07,3,10,5e-06,4.663553e+09,0.005906012,1.400908,0.7004541,-85.89508,-113.0745,-171.5565,-178.7359,0.002328494
23,43,1194,5e-07,3,10,5e-06,9.553012e-06,8,6.527095e-06,5e-05,1,2,4.917451e-07,8.007082e-06,7,5,1.2,4.489581e-07,3,5,5e-06,3.863113e+09,0.01104978,1.698246,0.8491231,-98.81376,-121.5864,-180.119,-182.8916,0.07326629
23,44,1195,5e-07,2,5,7.859218e-06,8.759681e-06,10,5e-06,3e-05,1,3,2.903572e-07,1e-05,6,2,0.75,4.91331e-07,1,6,1e-05,4.809231e+09,0.003743193,1.177361,0.5886807,-78.48411,-106.4207,-166.3932,-174.3298,0.0003431514
23,45,1196,3.271468e-07,2,5,9.817453e-06,8.017267e-06,7,7.605479e-06,4.4e-05,1,2,4.560792e-07,8.367014e-06,5,3,1.144984,3.436882e-07,2,7,1e-05,4.797002e+09,0.009592655,1.646852,0.8234262,-94.47747,-118.4769,-178.2775,-182.2769,0.01002657
23,46,1197,2.541485e-07,2,7,8.819145e-06,8.651818e-06,9,8.41648e-06,4.970537e-05,1,1,2.227851e-07,8.012659e-06,7,3,1.2,4.78835e-07,1,10,6.908514e-06,7.004711e+09,0.01380823,1.546725,0.7733626,-94.30086,-118.1049,-179.8073,-183.6113,0.2854784
23,47,1198,3.294028e-07,2,8,1e-05,1e-05,10,5e-06,3.202854e-05,1,3,3.751059e-07,7.054126e-06,7,2,0.8690423,4.447603e-07,1,5,7.6769e-06,4.561518e+09,0.006219396,1.647056,0.8235279,-97.24813,-120.0228,-182.4928,-185.2676,0.01438305
23,48,1199,1.8e-07,3,10,5e-06,8.604366e-06,10,1e-05,4.759541e-05,1,1,4.396599e-07,6.849558e-06,10,1,0.75,5e-07,4,7,5.123775e-06,6.655623e+09,0.006404534,0.6602152,0.3301076,-90.91733,-113.879,-179.3162,-182.2779,0.09303976
23,49,1200,4.76496e-07,2,5,8.5e-06,1e-05,9,5e-06,3.887585e-05,1,2,5e-07,7.99495e-06,5,4,0.7714177,2.954824e-07,3,5,8.5e-06,5.180768e+09,0.004782154,1.064704,0.532352,-76.39639,-104.553,-163.888,-172.0446,0.0002508084
24,0,1201,5e-07,3,10,8.946958e-06,5e-06,6,1e-05,4.057936e-05,1,3,5e-07,5.279956e-06,5,2,0.9032422,3.235061e-07,2,7,5e-06,4.769932e+09,0.004523618,1.600403,0.8002013,-91.74628,-116.094,-178.7617,-183.1094,0.005184919
24,1,1202,4.031535e-07,5,5,5e-06,7.712422e-06,7,6.035623e-06,4.602001e-05,1,2,5e-07,5.603344e-06,5,1,1.114512,4.224259e-07,5,6,9.234222e-06,5.094202e+09,0.003214021,0.8243567,0.4121784,-80.08031,-106.9187,-169.1513,-175.9897,0.0
24,2,1203,4.82472e-07,2,6,5e-06,8.638948e-06,5,7.297455e-06,4.4e-05,1,3,5e-07,7.457373e-06,5,1,0.9459649,4.855311e-07,5,9,5e-06,3.708512e+09,0.003232755,1.100472,0.5502358,-84.70289,-110.4896,-170.9912,-176.7779,0.0591272
24,3,1204,2.530435e-07,1,8,1e-05,7.954639e-06,7,5.560065e-06,3.478374e-05,1,2,5e-07,8.675134e-06,7,2,1.013626,4.798465e-07,4,9,5.646566e-06,5.155833e+09,0.008595877,1.43398,0.7169901,-88.52625,-114.4585,-173.4293,-179.3616,0.0001198513
24,4,1205,4.235519e-07,1,5,5e-06,1e-05,10,6.251115e-06,4.028019e-05,1,2,4.14475e-07,8.46647e-06,5,4,1.002497,5e-07,1,7,6.40426e-06,5.060588e+09,0.003513203,0.8821538,0.4410769,-80.7016,-108.8411,-169.3286,-177.4681,0.0
24,5,1206,2.247614e-07,3,7,5.235806e-06,1e-05,10,7.678721e-06,3.924064e-05,1,2,5e-07,6.44515e-06,9,1,0.885,5e-07,2,7,6.290439e-06,4.987736e+09,0.004622647,1.031113,0.5155566,-91.69504,-116.4398,-179.0042,-183.7489,0.0
24,6,1207,3.149739e-07,1,8,6.463856e-06,8.224263e-06,10,5.178559e-06,5e-05,1,1,4.683298e-07,5.993045e-06,8,3,1.2,3.572154e-07,5,5,6.481003e-06,7.065801e+09,0.008730336,1.19836,0.5991799,-83.99516,-110.9638,-171.5681,-178.5367,0.1485726
24,7,1208,1.8e-07,1,5,1e-05,1e-05,2,7.271468e-06,3e-05,1,4,3.83996e-07,6.43079e-06,6,2,0.8708502,5e-07,1,7,5e-06,4.980914e+09,0.004592316,1.822949,0.9114746,-93.63897,-116.3461,-180.9648,-183.672,0.04635387
24,8,1209,4.781485e-07,2,8,5.319145e-06,8.927387e-06,10,5.282819e-06,4.446638e-05,1,2,4.130119e-07,8.145132e-06,6,2,1.017346,2.691308e-07,2,6,1e-05,5.076206e+09,0.007293738,1.560276,0.7801379,-92.55587,-117.2791,-178.0372,-182.7604,0.001614747
24,9,1210,4.24697e-07,5,10,7.628049e-06,1e-05,10,5.463497e-06,3.826855e-05,1,2,4.401325e-07,6.216882e-06,10,2,0.936228,5e-07,3,5,7.708193e-06,4.890641e+09,0.00963891,1.572084,0.786042,-94.67622,-118.0513,-178.6233,-181.9983,0.00231303
24,10,1211,1.8e-07,1,5,7.694154e-06,8.759681e-06,10,5.413412e-06,3.072768e-05,1,3,2.304897e-07,1e-05,5,4,0.8322479,4.91331e-07,1,6,1e-05,4.261634e+09,0.006302589,1.479774,0.739887,-73.55122,-102.4002,-158.1476,-166.9965,0.01697255
24,11,1212,3.334096e-07,4,6,6.884764e-06,5.733097e-06,4,1e-05,5e-05,1,2,4.560792e-07,1e-05,5,1,1.2,3.996795e-07,3,6,1e-05,5.239049e+09,0.005566079,1.404712,0.7023559,-86.74815,-113.0454,-173.6777,-179.975,0.0007433502
24,12,1213,3.129365e-07,5,8,5.437079e-06,1e-05,8,8.153968e-06,4.665139e-05,1,1,5e-07,5e-06,5,4,1.015462,4.454383e-07,3,5,5e-06,7.458085e+09,0.006875286,0.9757138,0.4878569,-91.76301,-115.1557,-180.8426,-184.2354,0.2137856
24,13,1214,3.913397e-07,2,5,5e-06,7.915849e-06,4,7.720435e-06,4.287658e-05,1,2,5e-07,8.044479e-06,6,1,1.153416,3.866837e-07,4,9,6.67538e-06,5.445686e+09,0.004320508,1.103549,0.5517744,-82.88799,-108.8928,-171.2537,-177.2585,0.004594346
24,14,1215,5e-07,2,7,5.076387e-06,9.469243e-06,10,5e-06,4.532944e-05,1,2,5e-07,1e-05,5,5,1.004042,4.78835e-07,2,5,9.590019e-06,4.186973e+09,0.007404256,1.425859,0.7129295,-88.04858,-114.8758,-171.7918,-178.6189,0.02117483
24,15,1216,1.8e-07,3,6,5e-06,9.532978e-06,9,7.968109e-06,4.131844e-05,1,1,5e-07,7.660085e-06,8,1,0.8851686,3.603709e-07,2,6,9.68931e-06,7.861774e+09,0.005424769,0.644429,0.3222145,-90.73357,-112.8427,-181.3002,-183.4093,0.2932485
24,16,1217,3.663797e-07,1,10,1e-05,9.171908e-06,8,5.579404e-06,3.547342e-05,1,3,2.389713e-07,8.229767e-06,10,2,1.041519,5e-07,1,7,6.146401e-06,4.310395e+09,0.008856377,1.80945,0.9047252,-96.56666,-119.6106,-179.7844,-182.8284,0.05703851
24,17,1218,2.997014e-07,3,7,9.22604e-06,8.644612e-06,9,7.51432e-06,3.189054e-05,1,2,5e-07,9.259139e-06,5,1,1.021597,2.670438e-07,5,10,8.177262e-06,4.967045e+09,0.005575025,0.8357368,0.4178684,-84.28414,-110.8711,-170.7436,-177.3306,0.0
24,18,1219,5e-07,2,9,5e-06,5e-06,10,5.124992e-06,3.965891e-05,1,2,4.241054e-07,1e-05,8,1,1.017515,3.834186e-07,3,7,8.333276e-06,5.567964e+09,0.006562138,1.444447,0.7222237,-88.75078,-113.8269,-175.4943,-180.5704,0.008419463
24,19,1220,2.921521e-07,2,8,5.778306e-06,7.679551e-06,10,5.48479e-06,4.771236e-05,1,3,5e-07,5.257369e-06,6,1,0.7928757,4.17152e-07,3,5,6.44695e-06,3.97936e+09,0.002905069,1.24721,0.6236048,-89.61042,-115.1461,-176.9751,-182.5108,0.03530106
24,20,1221,2.467522e-07,1,6,5e-06,1e-05,9,6.849047e-06,3e-05,1,2,4.780509e-07,5e-06,10,4,0.75,4.704858e-07,4,5,8.569151e-06,5.143305e+09,0.002729045,0.4206524,0.2103262,-77.46506,-104.2862,-167.3298,-174.1509,0.02525628
24,21,1222,1.927241e-07,5,5,6.166149e-06,9.8591e-06,6,5.316714e-06,4.439454e-05,1,2,3.508991e-07,6.357445e-06,6,1,0.9632216,5e-07,4,7,9.953695e-06,4.748805e+09,0.005956296,1.186226,0.5931132,-81.95432,-110.3498,-167.7362,-176.1318,0.0009520958
24,22,1223,1.868947e-07,5,10,6.310925e-06,7.537463e-06,10,5e-06,3e-05,1,3,5e-07,7.305739e-06,10,1,0.8767893,5e-07,1,5,1e-05,5.007746e+09,0.005015082,1.531375,0.7656876,-94.89384,-118.1582,-181.8839,-185.1482,0.000437513
24,23,1224,4.577236e-07,1,8,9.326042e-06,7.086415e-06,10,5e-06,4.769104e-05,1,3,3.638408e-07,1e-05,8,3,0.8946893,5e-07,1,5,5.032414e-06,3.457365e+09,0.005205615,1.600552,0.8002761,-95.1602,-119.3643,-178.7704,-182.9744,0.09117405
24,24,1225,2.158224e-07,2,5,9.377367e-06,1e-05,6,8.986101e-06,3.132338e-05,1,2,5e-07,5.845892e-06,5,1,1.026028,5e-07,4,9,7.224084e-06,5.6731e+09,0.00328944,0.5702709,0.2851355,-86.29327,-111.5755,-176.1985,-181.4807,0.01262759
24,25,1226,3.097549e-07,2,6,5.361213e-06,9.76653e-06,9,5.10197e-06,5e-05,1,1,5e-07,5e-06,8,1,0.907222,5e-07,5,5,5e-06,8.351971e+09,0.003407076,0.4701757,0.2350878,-82.45505,-105.3228,-175.567,-178.4347,0.4101445
24,26,1227,3.124155e-07,3,10,1e-05,9.007994e-06,10,6.570661e-06,3.547232e-05,1,3,4.187951e-07,9.479542e-06,7,2,1.047386,4.138367e-07,1,10,8.927967e-06,3.679553e+09,0.01047032,1.766001,0.8830006,-98.269,-121.291,-179.3853,-182.4073,0.09569562
24,27,1228,2.585663e-07,1,7,9.438228e-06,9.290225e-06,3,7.351727e-06,3e-05,1,4,5e-07,5e-06,5,1,1.133077,5e-07,3,9,5e-06,4.22903e+09,0.002588446,1.151978,0.575989,-83.12569,-109.8387,-171.5201,-178.2331,0.01875057
24,28,1229,3.538955e-07,3,9,5e-06,7.32218e-06,10,5e-06,4.036144e-05,1,3,4.172702e-07,8.706071e-06,9,1,0.75,5e-07,1,5,5e-06,4.627611e+09,0.003869808,1.593312,0.7966562,-95.97794,-118.7902,-183.4082,-186.2204,0.006960068
24,29,1230,3.727802e-07,4,10,5e-06,1e-05,9,6.669186e-06,5e-05,1,2,4.719213e-07,6.984049e-06,7,2,1.03331,4.929778e-07,3,5,5e-06,4.564326e+09,0.006764596,1.527311,0.7636557,-96.62932,-119.8921,-181.5144,-184.7772,0.005024432
24,30,1231,4.856501e-07,1,6,5e-06,9.553012e-06,10,7.459144e-06,3.428973e-05,1,2,3.215799e-07,6.684689e-06,8,5,0.75,4.049135e-07,1,5,5e-06,5.033817e+09,0.001499773,0.1445034,0.07225168,-70.69193,-91.94768,-162.9696,-164.2254,65.34543
24,31,1232,3.538149e-07,1,9,5.034691e-06,8.086265e-06,10,9.764383e-06,5e-05,1,2,3.278103e-07,8.084394e-06,9,1,1.004401,5e-07,1,7,5e-06,4.628724e+09,0.004285886,1.242821,0.6214107,-95.16424,-119.4093,-182.1531,-186.3981,0.00306501
24,32,1233,4.170529e-07,2,8,5e-06,6.177136e-06,5,8.866934e-06,5e-05,1,2,5e-07,7.799891e-06,7,1,1.2,2.843491e-07,4,10,7.081803e-06,4.746218e+09,0.00542795,1.277488,0.6387439,-86.80113,-112.7393,-172.9817,-178.9199,0.0009849561
24,33,1234,5e-07,4,5,5.496553e-06,7.158376e-06,8,5.724936e-06,4.121401e-05,1,3,3.502248e-07,6.611715e-06,5,1,0.8909905,5e-07,2,7,1e-05,4.179858e+09,0.004072314,1.387371,0.6936856,-87.65526,-114.0927,-173.9801,-180.4175,0.02159953
24,34,1235,4.201638e-07,1,8,5.796041e-06,9.770194e-06,10,5e-06,3.749756e-05,1,3,3.715531e-07,8.264379e-06,6,2,1.041806,5e-07,2,9,5e-06,3.948857e+09,0.00551617,1.547059,0.7735294,-91.29165,-117.1293,-175.8047,-181.6424,0.03866328
24,35,1236,2.240777e-07,2,7,8.848606e-06,1e-05,10,5e-06,3e-05,1,3,4.780509e-07,5e-06,10,3,0.75,5e-07,1,5,8.281176e-06,4.255791e+09,0.006212954,1.546577,0.7732887,-95.44165,-119.4759,-180.0883,-184.1225,0.01824886
24,36,1237,4.250955e-07,2,5,6.85576e-06,9.238972e-06,7,8.050679e-06,4.053411e-05,1,1,5e-07,8.057368e-06,5,4,1.2,1.873945e-07,5,10,8.362285e-06,6.48411e+09,0.01065102,1.043341,0.5216707,-84.09561,-110.774,-170.0587,-176.7371,0.07789295
24,37,1238,1.8e-07,3,7,1e-05,1e-05,10,5e-06,3e-05,1,3,5e-07,5e-06,10,4,0.75,5e-07,2,6,5e-06,3.893398e+09,0.008988522,1.675119,0.8375593,-98.54901,-121.2169,-180.8187,-183.4865,0.05583064
24,38,1239,4.91068e-07,1,9,1e-05,1e-05,10,6.229887e-06,3.39621e-05,1,2,2.705203e-07,8.140913e-06,10,3,0.7850705,5e-07,3,5,5e-06,5.146602e+09,0.005382061,1.007757,0.5038783,-79.58553,-107.5679,-166.5065,-174.4888,8.34951e-05
24,39,1240,4.855893e-07,4,10,5e-06,8.898307e-06,9,8.370178e-06,4.982829e-05,1,2,5e-07,5e-06,8,2,0.8568298,5e-07,2,5,5e-06,4.706732e+09,0.004733602,1.325584,0.6627919,-96.36688,-119.4254,-183.0694,-186.1278,0.00155571
24,40,1241,4.269331e-07,3,6,8.685816e-06,6.562118e-06,10,5e-06,3e-05,1,3,2.707022e-07,1e-05,5,2,0.75,4.91331e-07,1,7,1e-05,4.987998e+09,0.007067156,1.70915,0.8545751,-92.51068,-116.8965,-177.9768,-182.3626,0.0194417
24,41,1242,2.942433e-07,2,7,7.200032e-06,5e-06,8,7.305539e-06,4.803339e-05,1,2,3.178715e-07,8.959647e-06,5,1,1.2,1.8e-07,5,7,1e-05,4.734633e+09,0.008171163,1.505156,0.7525782,-88.72947,-115.6263,-173.1124,-180.0092,0.001150765
24,42,1243,2.307289e-07,1,5,8.857616e-06,1e-05,10,5.915423e-06,5e-05,1,2,4.605943e-07,9.41438e-06,10,2,0.8003416,5e-07,5,6,1e-05,3.731586e+09,0.005446574,1.001258,0.5006292,-70.23588,-99.06107,-154.3125,-163.1377,0.9384483
24,43,1244,2.686308e-07,2,10,7.490319e-06,6.234817e-06,8,1e-05,4.93927e-05,1,2,1.9781e-07,7.071853e-06,8,5,0.9915764,3.342283e-07,2,7,5e-06,4.339413e+09,0.01876685,1.918216,0.959108,-95.00726,-119.3419,-175.022,-179.3566,0.8593998
24,44,1245,4.756395e-07,1,6,7.859218e-06,5e-06,4,5.662394e-06,5e-05,1,3,5e-07,8.393856e-06,5,2,0.75,2.853652e-07,1,8,7.050359e-06,4.935518e+09,0.002352691,1.446895,0.7234473,-73.41571,-101.4543,-163.5667,-171.6053,0.0
24,45,1246,4.486737e-07,4,10,5e-06,9.280431e-06,7,5e-06,3e-05,1,3,5e-07,1e-05,8,3,1.2,2.931925e-07,1,8,5e-06,4.099506e+09,0.01010098,1.772446,0.886223,-96.131,-119.9203,-178.342,-182.1312,0.05978015
24,46,1247,3.624269e-07,2,8,1e-05,1e-05,9,5.312722e-06,3.046638e-05,1,3,2.903572e-07,1e-05,7,2,1.007955,4.07155e-07,2,9,7.368555e-06,4.02475e+09,0.01348644,1.842052,0.9210259,-96.68827,-120.1579,-177.4841,-180.9537,0.2054586
24,47,1248,3.636897e-07,1,5,1e-05,9.389203e-06,7,9.151044e-06,3e-05,1,1,4.175434e-07,7.876652e-06,6,4,1.049423,4.391873e-07,5,5,5e-06,7.921591e+09,0.00783612,0.8787264,0.4393632,-80.99339,-108.8223,-170.0286,-177.8575,0.306089
24,48,1249,3.675682e-07,4,7,6.5e-06,9.450318e-06,8,5.071379e-06,4.4e-05,1,2,5e-07,5e-06,5,1,0.75,3.667102e-07,4,8,8.132702e-06,5.314607e+09,0.002874475,0.7619034,0.3809517,-80.85842,-107.333,-170.7823,-177.2568,0.001770708
24,49,1250,3.886189e-07,3,8,5.84187e-06,9.187584e-06,10,5.928851e-06,3e-05,1,3,2.048322e-07,7.99495e-06,9,3,0.75,3.779075e-07,2,5,5.734712e-06,4.149289e+09,0.008107428,1.613354,0.8066768,-86.91882,-114.1556,-170.1895,-177.4263,0.02918284
25,0,1251,1.910559e-07,1,8,5.875704e-06,9.929905e-06,10,5e-06,3.958178e-05,1,3,2.688119e-07,1e-05,7,3,0.75,4.621383e-07,1,5,6.093249e-06,3.806777e+09,0.004772583,1.412983,0.7064913,-75.75255,-104.5355,-160.5762,-169.3591,0.04977665
25,1,1252,5e-07,1,8,5e-06,5.103093e-06,10,5e-06,4.602001e-05,1,2,2.842832e-07,8.883812e-06,5,2,1.114512,2.795745e-07,5,7,8.098752e-06,4.912308e+09,0.006342797,1.427875,0.7139375,-80.52631,-108.3335,-166.3292,-174.1364,0.0
25,2,1253,2.250584e-07,3,10,1e-05,1e-05,7,5e-06,3e-05,1,3,5e-07,5.664096e-06,10,3,0.75,5e-07,2,6,8.646758e-06,4.04135e+09,0.01018839,1.737448,0.868724,-97.40736,-120.1666,-179.4568,-182.2161,0.05612052
25,3,1254,5e-07,1,5,1e-05,1e-05,7,5.67906e-06,4.071232e-05,1,2,3.755362e-07,9.844113e-06,5,5,0.9903634,4.293148e-07,2,10,6.050404e-06,4.766444e+09,0.006302538,1.266067,0.6330335,-78.36015,-106.5375,-163.9289,-172.1062,0.0007429073
25,4,1255,4.235519e-07,1,10,6.082618e-06,9.629377e-06,3,7.003709e-06,3.447925e-05,1,2,4.853182e-07,6.876417e-06,5,4,1.04831,5e-07,1,7,8.716423e-06,6.54957e+09,0.005753244,1.514929,0.7574644,-88.54229,-113.4178,-177.2674,-182.143,0.08088543
25,5,1256,4.81393e-07,5,9,1e-05,7.627551e-06,10,9.065786e-06,3e-05,1,3,5e-07,5.634328e-06,9,2,0.75,5e-07,2,5,5e-06,4.135321e+09,0.005747104,1.438941,0.7194707,-97.87478,-120.6512,-182.6105,-185.3869,0.02435375
25,6,1257,5e-07,1,8,6.297455e-06,5.617295e-06,10,6.511498e-06,4.769104e-05,1,1,4.062201e-07,9.989538e-06,5,2,1.10362,2.221631e-07,4,10,7.119075e-06,7.568101e+09,0.006792173,1.016552,0.5082759,-79.31688,-106.5938,-168.5765,-175.8535,0.2341992
25,7,1258,3.360663e-07,4,5,7.466487e-06,8.01583e-06,9,5.34939e-06,3e-05,1,2,3.724556e-07,8.813108e-06,6,2,0.8860715,3.005299e-07,2,5,1e-05,6.440902e+09,0.009398499,1.622189,0.8110946,-91.46678,-116.174,-177.9151,-182.6224,0.07576363
25,8,1259,2.128889e-07,1,5,8.852922e-06,9.938886e-06,9,9.331155e-06,4.488317e-05,1,2,3.159688e-07,7.84035e-06,10,1,0.836587,5e-07,3,7,7.706506e-06,4.253603e+09,0.005961913,1.136295,0.5681476,-74.19547,-102.9758,-159.0167,-167.797,0.01740229
25,9,1260,3.792959e-07,3,9,5e-06,9.627834e-06,9,5e-06,5e-05,1,2,4.241054e-07,8.248317e-06,6,1,0.8609369,5e-07,1,10,5.353259e-06,5.546345e+09,0.004020772,1.38066,0.6903302,-92.71498,-116.9166,-181.552,-185.7537,0.007659498
25,10,1261,2.644865e-07,3,10,6.498548e-06,9.10302e-06,9,6.603899e-06,3.312415e-05,1,2,4.803449e-07,5e-06,8,1,0.8180773,3.005299e-07,4,7,6.074458e-06,5.866298e+09,0.004449552,0.9525937,0.4762968,-85.44603,-111.6974,-174.3301,-180.5816,0.02257639
25,11,1262,3.1406e-07,2,8,5e-06,5e-06,4,7.067575e-06,4.280387e-05,1,3,4.554969e-07,6.68073e-06,8,1,0.7821828,1.8e-07,4,6,9.534964e-06,4.34379e+09,0.004999059,1.624619,0.8123093,-88.62696,-114.4662,-174.3955,-180.2347,0.01978714
25,12,1263,3.366462e-07,1,5,5e-06,6.116696e-06,6,5.795449e-06,4.883833e-05,1,2,5e-07,6.558579e-06,5,1,1.02994,4.78835e-07,1,7,5e-06,7.480729e+09,0.002066469,1.231644,0.6158221,-85.31101,-110.4913,-179.6376,-184.8179,0.2179112
25,13,1264,4.30201e-07,1,5,9.614637e-06,6.5e-06,8,5e-06,3.712207e-05,1,3,4.489115e-07,8.641678e-06,6,3,0.75,5e-07,3,8,1e-05,3.896297e+09,0.002723847,0.9106797,0.4553399,-72.15591,-100.5147,-159.6171,-167.9759,0.04195832
25,14,1265,5e-07,1,5,8.700032e-06,6.170476e-06,10,6.561395e-06,3.015237e-05,1,2,4.364241e-07,8.943894e-06,5,2,1.060472,3.639832e-07,3,10,5.916329e-06,6.043808e+09,0.005166231,1.111846,0.5559232,-80.77112,-108.0695,-169.2656,-176.564,0.03424736
25,15,1266,5e-07,1,9,7.683696e-06,7.013264e-06,10,5.209646e-06,5e-05,1,2,3.30743e-07,9.559243e-06,8,1,0.9659759,4.157146e-07,4,5,5e-06,5.254602e+09,0.005776303,1.548139,0.7740695,-90.19523,-115.4128,-176.9895,-182.2071,0.001948894
25,16,1267,1.8e-07,3,8,1e-05,9.443344e-06,5,5.719066e-06,3e-05,1,4,5e-07,5e-06,6,3,1.041519,5e-07,2,7,8.132702e-06,3.555658e+09,0.007251849,1.728277,0.8641387,-95.5571,-118.8422,-177.971,-181.2561,0.09843114
25,17,1268,2.997014e-07,1,7,1e-05,6.973692e-06,9,6.218217e-06,3.189054e-05,1,4,5e-07,5.529743e-06,5,1,0.7832895,3.383916e-07,3,8,5.51016e-06,3.734361e+09,0.002692271,1.128843,0.5644217,-87.16208,-113.0974,-174.3052,-180.2405,0.05658953
25,18,1269,4.06319e-07,2,5,5e-06,8.197595e-06,8,1e-05,5e-05,1,1,3.081221e-07,8.664324e-06,8,3,1.2,4.78835e-07,2,6,5e-06,6.8766e+09,0.007977624,1.131604,0.5658018,-86.89371,-113.4062,-174.6224,-181.1349,0.1213498
25,19,1270,5e-07,1,10,5.541772e-06,1e-05,6,5.588731e-06,3.647126e-05,1,3,2.976232e-07,8.32323e-06,10,3,0.9722192,5e-07,2,7,5.005022e-06,3.853372e+09,0.006274327,1.551153,0.7755764,-86.26105,-113.5381,-170.0022,-177.2792,0.04678681
25,20,1271,2.352923e-07,1,10,7.608491e-06,9.201764e-06,10,6.223305e-06,3.035241e-05,1,3,2.103621e-07,8.211019e-06,7,1,0.9371131,5e-07,1,10,5.144471e-06,4.680051e+09,0.00686114,1.658643,0.8293213,-96.33489,-119.8586,-181.3759,-184.8997,0.01320043
25,21,1272,5e-07,3,7,7.50439e-06,6.719407e-06,8,5e-06,3e-05,1,3,3.508991e-07,8.021481e-06,7,1,0.8290879,4.952174e-07,5,9,9.953695e-06,3.510444e+09,0.006890452,1.196284,0.5981419,-85.00406,-111.8219,-167.5288,-174.3467,0.0804192
25,22,1273,3.673801e-07,1,6,7.859218e-06,5.221503e-06,4,7.44021e-06,5e-05,1,2,5e-07,7.606403e-06,9,4,0.80408,2.952378e-07,1,7,6.597763e-06,4.939776e+09,0.004002862,1.173822,0.5869112,-71.43915,-99.95039,-159.2896,-167.8008,0.002461581
25,23,1274,4.251681e-07,3,6,8.38175e-06,1e-05,7,6.238989e-06,3.674782e-05,1,1,4.897513e-07,5.369002e-06,5,4,0.75,4.737782e-07,4,7,5e-06,8.458465e+09,0.006287589,0.8581399,0.4290699,-80.48438,-107.2508,-171.0454,-177.8118,0.4336518
25,24,1275,2.38858e-07,2,6,6.873893e-06,1e-05,5,6.169038e-06,3.756216e-05,1,2,4.381474e-07,9.615141e-06,8,3,1.056815,5e-07,1,10,5e-06,5.267743e+09,0.00880883,1.641081,0.8205405,-94.37167,-118.1761,-179.355,-183.1594,0.009927953
25,25,1276,2.606281e-07,1,10,1e-05,1e-05,8,7.986567e-06,3e-05,1,2,3.857212e-07,8.338395e-06,6,1,0.9633583,5e-07,1,10,9.161863e-06,6.0065e+09,0.005163825,1.075665,0.5378326,-88.46743,-114.4446,-176.9101,-182.8873,0.03159332
25,26,1277,3.324338e-07,3,5,7.949991e-06,9.364244e-06,6,7.082574e-06,5e-05,1,2,4.34354e-07,7.992212e-06,9,2,1.139905,4.322002e-07,1,6,6.138201e-06,5.073648e+09,0.006948614,1.681965,0.8409825,-96.18895,-119.132,-181.8764,-184.8194,0.01471613
25,27,1278,3.694512e-07,2,6,1e-05,1e-05,10,5e-06,3e-05,1,3,4.172702e-07,8.960975e-06,10,2,0.75,5e-07,1,5,5e-06,4.326132e+09,0.004995656,1.395886,0.6979432,-91.8646,-117.1206,-177.6007,-182.8566,0.01371612
25,28,1279,3.453438e-07,1,8,1e-05,1e-05,10,6.852188e-06,3.162547e-05,1,2,3.876274e-07,8.543536e-06,6,3,0.8362784,3.863784e-07,1,6,7.087146e-06,5.488395e+09,0.006257268,1.246857,0.6234283,-86.22115,-113.5207,-173.0462,-180.3457,0.005799725
25,29,1280,3.62177e-07,2,8,5e-06,5.05639e-06,9,8.086286e-06,5e-05,1,1,2.378763e-07,9.018338e-06,5,1,1.2,1.8e-07,5,8,8.58354e-06,7.429737e+09,0.00960591,1.219475,0.6097375,-81.46235,-109.719,-169.0564,-177.3131,0.2086765
25,30,1281,3.461572e-07,1,6,1e-05,9.448618e-06,9,7.821858e-06,3e-05,1,2,4.14475e-07,1e-05,5,3,1.2,3.372681e-07,4,9,1e-05,4.47172e+09,0.01095431,1.310709,0.6553546,-86.29188,-113.6136,-168.9055,-176.2272,0.0167465
25,31,1282,5e-07,2,6,5e-06,1e-05,7,5e-06,5e-05,1,2,5e-07,1e-05,5,2,1.2,4.27083e-07,1,6,1e-05,5.312201e+09,0.00517326,1.534914,0.7674569,-93.33449,-116.9003,-180.7023,-184.2681,0.002272998
25,32,1283,4.190058e-07,1,5,5e-06,8.236809e-06,7,5.82599e-06,4.4e-05,1,2,2.903572e-07,7.901801e-06,5,3,1.132836,4.938535e-07,1,7,6.448784e-06,5.999903e+09,0.004254132,1.402125,0.7010626,-82.66144,-110.2401,-171.9362,-179.5148,0.03113513
25,33,1284,4.434352e-07,4,8,6.953252e-06,9.965919e-06,10,6.871214e-06,3.205561e-05,1,1,1.8e-07,8.26051e-06,7,5,0.75,4.587103e-07,2,7,7.023515e-06,7.517635e+09,0.01156523,1.110339,0.5551693,-79.68645,-107.5876,-166.5765,-174.4777,0.2492193
25,34,1285,1.8e-07,1,8,8.814451e-06,1e-05,4,5.626535e-06,3e-05,1,3,2.903572e-07,8.656389e-06,8,2,0.903203,4.886431e-07,2,9,5.195995e-06,4.854623e+09,0.0102832,1.860553,0.9302764,-93.90654,-117.6824,-177.5084,-181.2842,0.05866482
25,35,1286,2.240777e-07,1,5,5e-06,1e-05,7,8.845047e-06,4.374801e-05,1,2,5e-07,8.959816e-06,5,3,0.8253899,5e-07,2,10,5e-06,4.783715e+09,0.003407637,0.8415208,0.4207604,-73.58272,-102.3863,-161.8535,-170.657,0.0005631862
25,36,1287,5e-07,2,6,5e-06,7.636957e-06,10,5e-06,4.256107e-05,1,1,5e-07,1e-05,5,2,1.044106,2.771272e-07,5,8,5.367482e-06,8.044611e+09,0.006122474,0.9124086,0.4562043,-81.56588,-107.8122,-171.8067,-178.053,0.3333614
25,37,1288,2.12805e-07,2,5,7.435134e-06,9.321196e-06,10,7.310435e-06,5e-05,1,1,5e-07,5e-06,10,2,0.907222,4.693979e-07,5,6,7.143329e-06,6.429504e+09,0.007483776,0.8405869,0.4202935,-81.75392,-108.9367,-169.1763,-176.359,0.06795775
25,38,1289,1.8e-07,3,6,1e-05,6.934478e-06,1,7.55862e-06,3.322209e-05,1,4,3.778214e-07,7.239246e-06,6,4,0.8740716,3.383916e-07,4,6,6.370617e-06,3.362988e+09,0.01552133,2.018066,1.009033,-93.81572,-117.9827,-172.4409,-176.6079,0.5225286
25,39,1290,3.60981e-07,1,5,5e-06,8.898307e-06,6,6.238989e-06,3.708859e-05,1,2,3.849695e-07,9.805861e-06,6,2,0.7736108,3.990212e-07,5,9,8.118267e-06,5.275585e+09,0.001895459,0.4516111,0.2258056,-83.59046,-108.2082,-175.2587,-179.8764,0.01055125
25,40,1291,4.269331e-07,3,7,5e-06,5.576357e-06,7,7.173934e-06,3e-05,1,2,5e-07,9.38276e-06,5,1,0.9827422,4.003168e-07,2,10,7.077851e-06,7.073573e+09,0.004254292,1.09296,0.54648,-83.67469,-109.4604,-174.3792,-180.1649,0.1497497
25,41,1292,4.843105e-07,2,7,5.151131e-06,5e-06,8,8.688366e-06,4.803339e-05,1,2,4.033451e-07,8.959647e-06,5,1,1.2,1.8e-07,5,10,5e-06,5.072801e+09,0.005498057,1.353301,0.6766505,-88.20146,-114.3374,-174.9043,-181.0402,0.0
25,42,1293,3.41199e-07,2,5,5e-06,6.47511e-06,4,5.915423e-06,5e-05,1,2,5e-07,8.088297e-06,5,1,1.127891,2.225445e-07,5,5,8.39887e-06,5.822624e+09,0.004078661,1.311328,0.6556639,-84.50482,-110.4565,-173.702,-179.6537,0.02007633
25,43,1294,5e-07,4,6,1e-05,5.046906e-06,5,8.227492e-06,3.445727e-05,1,3,4.897513e-07,1e-05,5,1,1.198165,4.6365e-07,3,10,6.475006e-06,4.351224e+09,0.005141658,1.387473,0.6937363,-87.40493,-113.5467,-173.0661,-179.2079,0.0125429
25,44,1295,3.760351e-07,1,6,7.859218e-06,5e-06,8,5.662394e-06,4.578933e-05,1,2,2.611042e-07,8.996197e-06,6,2,1.2,2.073476e-07,4,10,7.017945e-06,4.962804e+09,0.01018877,1.729694,0.864847,-87.96253,-114.6279,-171.7959,-178.4612,0.02380491
25,45,1296,2.331053e-07,1,7,5e-06,1e-05,10,5e-06,3e-05,1,2,2.112985e-07,5e-06,5,3,1.2,5e-07,3,5,7.20922e-06,6.137013e+09,0.00827435,1.497382,0.7486911,-84.39313,-112.1227,-170.9749,-178.7045,0.04134551
25,46,1297,5e-07,3,6,1e-05,1e-05,10,5.168647e-06,3e-05,1,3,2.560896e-07,8.372387e-06,5,5,0.75,3.698562e-07,2,5,5.646566e-06,4.172146e+09,0.008193763,1.636637,0.8183186,-91.31629,-117.0437,-174.5886,-180.316,0.03036229
25,47,1298,4.132055e-07,1,5,8.394208e-06,1e-05,5,5e-06,3.737663e-05,1,3,5e-07,8.510522e-06,5,2,1.069538,5e-07,1,5,8.965942e-06,4.95451e+09,0.00389012,1.584413,0.7922065,-92.09642,-116.0089,-180.0968,-184.0093,0.003166911
25,48,1299,1.8e-07,3,9,7.044814e-06,1e-05,4,5e-06,4.524782e-05,1,3,5e-07,7.352777e-06,10,1,0.75,5e-07,2,5,1e-05,4.185285e+09,0.005818349,1.718556,0.8592778,-93.95053,-117.3974,-178.737,-182.1839,0.04250478
25,49,1300,5e-07,1,7,5.84187e-06,6.773429e-06,10,6.10741e-06,3.66984e-05,1,2,2.360549e-07,8.355164e-06,9,3,0.9202391,3.779075e-07,3,5,1e-05,5.355211e+09,0.004420299,0.9953666,0.4976833,-75.79718,-104.0236,-163.9182,-172.1446,0.002504131
26,0,1301,5e-07,3,7,1e-05,5e-06,10,5e-06,5e-05,1,2,2.051337e-07,5e-06,6,1,1.114247,5e-07,1,6,9.108172e-06,6.70484e+09,0.005507785,1.718341,0.8591705,-90.18009,-115.3893,-179.2981,-184.5073,0.1202079
26,1,1302,2.492699e-07,1,6,5e-06,8.951337e-06,5,7.765047e-06,3e-05,1,3,4.385947e-07,7.705712e-06,7,1,0.9307747,2.893546e-07,5,10,5e-06,4.432858e+09,0.004369124,1.189667,0.5948336,-75.70795,-104.1467,-162.2377,-170.6764,0.009088785
26,2,1303,5e-07,2,5,1e-05,9.311214e-06,7,5e-06,4.53882e-05,1,1,5e-07,8.294223e-06,8,4,0.75,5e-07,2,9,8.5e-06,7.100483e+09,0.004856251,0.6043735,0.3021867,-83.50046,-106.8508,-173.6632,-177.0135,0.1538614
26,3,1304,5e-07,1,5,1e-05,8.87802e-06,10,7.128545e-06,5e-05,1,1,4.208505e-07,5e-06,5,2,1.111021,4.858964e-07,5,7,5.646566e-06,7.120022e+09,0.00434835,0.484593,0.2422965,-84.81375,-107.6097,-175.4801,-178.2761,0.157831
26,4,1305,5e-07,1,5,5e-06,5.980996e-06,7,8.428191e-06,4.800996e-05,1,2,4.300882e-07,8.46647e-06,5,2,1.173005,1.8e-07,5,10,6.40426e-06,4.726777e+09,0.004424184,1.176786,0.5883932,-79.05816,-107.0434,-166.0911,-174.0764,0.001249744
26,5,1306,2.718238e-07,3,5,1e-05,6.200029e-06,10,9.747068e-06,3e-05,1,3,5e-07,5e-06,7,2,0.9946727,2.112591e-07,5,7,7.123566e-06,3.851596e+09,0.007355642,1.37518,0.6875901,-92.56302,-117.9429,-175.6096,-180.9895,0.04577885
26,6,1307,2.426305e-07,1,10,6.297455e-06,5.935022e-06,10,6.500002e-06,3.803345e-05,1,2,4.062201e-07,9.521906e-06,8,2,0.8322578,4.671226e-07,4,9,5e-06,4.931544e+09,0.007659266,1.368513,0.6842567,-73.13191,-101.8454,-158.1497,-166.8632,0.0
26,7,1308,4.759673e-07,1,6,5e-06,9.051228e-06,4,9.10878e-06,3.841197e-05,1,2,5e-07,9.825825e-06,5,1,0.8359094,2.359518e-07,5,10,5.85206e-06,5.91428e+09,0.002286603,0.6579506,0.3289753,-80.19418,-107.4991,-172.0403,-179.3452,0.02549221
26,8,1309,2.627144e-07,3,5,6.604904e-06,9.943981e-06,10,9.329967e-06,4.488317e-05,1,1,5e-07,8.440334e-06,10,2,1.082489,5e-07,3,9,6.480879e-06,5.879051e+09,0.01068794,1.002801,0.5014003,-89.94166,-115.3003,-175.0389,-180.3975,0.02806671
26,9,1310,4.24697e-07,3,10,9.491772e-06,6.114885e-06,6,8.781959e-06,3.395671e-05,1,4,5e-07,7.529563e-06,9,1,0.75,5e-07,1,6,5e-06,4.000583e+09,0.003735969,1.639394,0.8196971,-96.48966,-119.0218,-182.8081,-185.3402,0.04232812
26,10,1311,3.853911e-07,1,9,6.001085e-06,5e-06,9,5.365139e-06,3.474556e-05,1,2,1.998973e-07,7.72621e-06,6,2,1.2,1.8e-07,5,8,1e-05,5.266498e+09,0.01197355,1.656582,0.828291,-86.12429,-113.3812,-169.7725,-177.0294,0.05091174
26,11,1312,4.151138e-07,1,7,5e-06,7.356039e-06,7,6.092276e-06,4.353047e-05,1,2,3.176381e-07,5.586521e-06,8,3,1.192378,3.511471e-07,4,8,9.906294e-06,4.481952e+09,0.007487834,1.385609,0.6928045,-78.87734,-107.1746,-163.1631,-171.4604,0.007278807
26,12,1313,3.552987e-07,1,7,5.732746e-06,5e-06,9,9.738368e-06,5e-05,1,1,3.376991e-07,6.558579e-06,5,2,1.2,1.8e-07,5,10,8.434406e-06,6.920159e+09,0.007353922,0.9509157,0.4754578,-79.23268,-106.7497,-167.3698,-174.8869,0.1273733
26,13,1314,4.76697e-07,3,9,5e-06,6.541087e-06,10,7.334127e-06,3.712207e-05,1,2,4.208505e-07,5e-06,10,1,0.7636803,5e-07,3,8,5.225916e-06,5.703514e+09,0.00430908,1.079483,0.5397417,-85.87055,-111.4752,-174.6496,-180.2542,0.01400343
26,14,1315,4.390875e-07,1,6,5.760732e-06,9.20338e-06,8,7.082574e-06,3.547232e-05,1,2,2.319773e-07,1e-05,5,1,1.2,4.138367e-07,2,10,5.850084e-06,5.902734e+09,0.005471863,1.306364,0.653182,-85.22582,-112.2143,-173.2655,-180.254,0.02477437
26,15,1316,1.8e-07,2,7,9.315219e-06,1e-05,10,6.094578e-06,3e-05,1,2,5e-07,5e-06,8,3,0.8101366,5e-07,5,7,8.5e-06,4.590684e+09,0.009687227,1.19281,0.5964052,-85.24994,-112.552,-168.6255,-175.9275,0.003984851
26,16,1317,4.408274e-07,1,5,8.819145e-06,1e-05,8,5e-06,3.770514e-05,1,3,4.952154e-07,6.020656e-06,5,1,0.9440061,5e-07,1,5,6.30391e-06,5.128811e+09,0.00198516,1.101157,0.5505785,-91.43479,-115.3449,-182.6572,-186.5672,3.191378e-05
26,17,1318,4.06124e-07,1,6,1e-05,9.371245e-06,9,7.51432e-06,4.78835e-05,1,2,5e-07,8.737581e-06,5,2,0.8025544,2.670438e-07,3,8,5e-06,4.697612e+09,0.004238742,1.083854,0.541927,-79.13615,-107.2791,-166.3013,-174.4443,0.001705987
26,18,1319,4.534161e-07,2,10,9.252642e-06,5.925169e-06,10,7.345771e-06,3.350356e-05,1,2,2.443884e-07,8.085855e-06,7,5,0.75,4.051974e-07,3,10,5.489526e-06,4.918461e+09,0.00976763,1.387526,0.6937629,-78.3421,-106.4573,-162.2808,-170.396,0.0
26,19,1320,1.988778e-07,1,10,5.108017e-06,6.875009e-06,9,5e-06,4.256107e-05,1,3,5e-07,7.0515e-06,10,1,1.132186,5e-07,1,8,5e-06,4.541875e+09,0.004148865,1.638483,0.8192414,-95.77017,-118.554,-182.7356,-185.5194,0.01386501
26,20,1321,3.308543e-07,2,5,5.875704e-06,9.671449e-06,8,5e-06,5e-05,1,2,4.516052e-07,1e-05,5,3,0.7923284,1.8e-07,3,5,7.127976e-06,4.858176e+09,0.005065588,1.358054,0.6790268,-75.15827,-103.6856,-161.8414,-170.3687,7.285356e-05
26,21,1322,1.8e-07,1,6,6.339033e-06,9.970592e-06,9,5.396545e-06,3.547232e-05,1,2,4.369273e-07,1e-05,6,1,0.8365094,3.055142e-07,4,8,9.323663e-06,5.185746e+09,0.005209858,0.9847689,0.4923845,-69.79983,-98.5616,-156.9278,-165.6896,2.069285
26,22,1323,2.186895e-07,1,5,8.004291e-06,9.142233e-06,9,5e-06,3e-05,1,3,3.870589e-07,8.56395e-06,5,2,0.75,3.005299e-07,4,6,9.309166e-06,4.397486e+09,0.003911687,1.085592,0.5427961,-68.09789,-96.92605,-155.0383,-163.8665,9.459711
26,23,1324,2.08639e-07,1,6,5.286395e-06,8.936944e-06,8,5.48479e-06,3.478374e-05,1,2,3.911367e-07,9.684868e-06,7,1,1.013626,2.428323e-07,2,6,7.912191e-06,6.47423e+09,0.005692262,1.433179,0.7165897,-83.77784,-111.3425,-172.4488,-180.0135,0.07260696
26,24,1325,2.38858e-07,2,9,8.5e-06,5e-06,6,5e-06,3e-05,1,2,3.062447e-07,6.457283e-06,6,1,0.985418,2.795745e-07,4,5,8.541133e-06,7.712648e+09,0.006835927,1.492445,0.7462227,-82.57525,-110.0942,-171.9713,-179.4903,0.2624348
26,25,1326,2.770481e-07,2,10,5e-06,9.101484e-06,10,6.913597e-06,3.127492e-05,1,2,3.210719e-07,6.639456e-06,10,1,0.75,5e-07,1,8,5e-06,6.238199e+09,0.004758754,1.178312,0.589156,-90.4396,-115.9208,-179.5658,-185.047,0.04980765
26,26,1327,2.478425e-07,3,10,7.888239e-06,9.364244e-06,8,8.455199e-06,3.547232e-05,1,2,3.270705e-07,7.740573e-06,10,1,0.9260009,5e-07,3,9,5.823663e-06,4.957453e+09,0.009703095,1.485165,0.7425823,-92.61019,-118.2397,-176.6463,-182.2758,0.0
26,27,1328,3.82166e-07,2,7,9.38598e-06,1e-05,9,7.075883e-06,3.284131e-05,1,3,5e-07,6.370782e-06,6,1,0.75,5e-07,3,5,5.982982e-06,4.266286e+09,0.003170947,1.002642,0.5013209,-89.94088,-114.9619,-177.53,-182.5511,0.01672607
26,28,1329,3.990291e-07,5,6,7.958228e-06,5.405586e-06,6,1e-05,3.924219e-05,1,2,4.172702e-07,5.81959e-06,5,2,1.196112,1.8e-07,5,10,9.458396e-06,4.676862e+09,0.008457025,1.297817,0.6489087,-87.11382,-114.1708,-171.2407,-178.2977,0.002073747
26,29,1330,5e-07,3,6,1e-05,6.396005e-06,9,9.253621e-06,4.922176e-05,1,1,4.719213e-07,6.984049e-06,6,1,1.195807,1.8e-07,5,9,5e-06,7.748487e+09,0.005107584,0.7501807,0.3750903,-85.07104,-110.2981,-175.7732,-181.0003,0.2696842
26,30,1331,5e-07,1,6,5e-06,8.774248e-06,9,7.362726e-06,5e-05,1,1,5e-07,6.213796e-06,7,1,1.2,3.511471e-07,4,5,5e-06,8.068777e+09,0.003028522,0.3445775,0.1722887,-83.12149,-105.1328,-176.4453,-178.4566,0.4354803
26,31,1332,4.372094e-07,1,8,5e-06,5.291669e-06,10,6.683462e-06,3.271841e-05,1,2,5e-07,5.075213e-06,9,2,1.039695,4.227368e-07,4,5,9.993306e-06,5.764201e+09,0.0048725,1.069049,0.5345244,-79.03698,-106.5547,-167.3742,-174.892,0.01696128
26,32,1333,5e-07,5,6,1e-05,5e-06,7,7.069118e-06,3e-05,1,3,3.869293e-07,5e-06,8,1,0.9106792,4.78835e-07,4,5,9.298324e-06,4.721257e+09,0.005168971,1.349143,0.6745714,-85.104,-112.3288,-171.4511,-178.6759,0.001330656
26,33,1334,2.194235e-07,2,5,7.362665e-06,1e-05,7,6.054994e-06,3.6e-05,1,2,5e-07,5.976046e-06,9,3,0.885,5e-07,3,10,7.023515e-06,4.603074e+09,0.009195578,1.396604,0.6983022,-81.43459,-109.6651,-165.0598,-173.2902,0.003672002
26,34,1335,3.881776e-07,5,9,5.932668e-06,1e-05,10,1e-05,3.205561e-05,1,3,1.8e-07,7.071853e-06,10,5,0.75,2.723031e-07,1,6,5.765274e-06,3.22893e+09,0.01314295,1.70161,0.850805,-96.43889,-121.4967,-175.4331,-180.491,0.2331511
26,35,1336,1.8e-07,2,6,8.813106e-06,1e-05,7,5e-06,3e-05,1,1,4.401325e-07,5e-06,10,5,0.75,5e-07,5,5,5.482883e-06,7.948042e+09,0.01039523,1.078109,0.5390545,-68.38403,-97.21856,-156.2209,-165.0554,8.049799
26,36,1337,2.793052e-07,1,9,5e-06,1e-05,8,6.220254e-06,4.922819e-05,1,2,3.467824e-07,7.704473e-06,8,1,0.9953394,2.221631e-07,2,10,7.017945e-06,4.980346e+09,0.006276296,1.512891,0.7564455,-89.18744,-115.6982,-175.1556,-181.6663,7.385681e-05
26,37,1338,4.925543e-07,1,7,5e-06,8.898307e-06,10,5.10197e-06,3e-05,1,2,5e-07,6.214168e-06,10,4,0.7726542,5e-07,5,6,7.677117e-06,4.9921e+09,0.001988394,0.2476774,0.1238387,-79.50056,-102.5989,-170.4812,-173.5796,0.2546668
26,38,1339,2.979407e-07,1,7,1e-05,9.1677e-06,10,7.506915e-06,3.099772e-05,1,4,3.560391e-07,7.239246e-06,6,2,0.75,5e-07,1,5,5e-06,3.37134e+09,0.003786363,1.394934,0.6974672,-93.79279,-119.3595,-178.5666,-184.1333,0.09732611
26,39,1340,5e-07,1,7,5.018621e-06,8.09639e-06,6,6.238989e-06,3.821771e-05,1,2,2.654451e-07,8.198263e-06,6,2,0.9247338,4.957287e-07,4,10,5.246561e-06,5.787929e+09,0.003756222,1.001489,0.5007443,-71.94668,-100.2333,-161.4496,-169.7362,0.01819478
26,40,1341,3.553239e-07,2,10,5e-06,8.025627e-06,10,7.986567e-06,3e-05,1,2,4.538103e-07,6.586781e-06,9,1,0.9028354,4.901275e-07,2,9,5.351466e-06,5.930758e+09,0.004799177,1.003764,0.5018821,-88.97178,-114.0451,-177.6223,-182.6956,0.02653438
26,41,1342,4.182852e-07,2,5,7.368682e-06,6.520659e-06,8,9.927169e-06,4.803339e-05,1,1,5e-07,6.44302e-06,6,3,1.163436,1.8e-07,5,8,9.462056e-06,6.484747e+09,0.009126972,1.016941,0.5084703,-85.45891,-111.379,-172.0935,-178.0136,0.07372263
26,42,1343,3.41199e-07,2,7,7.591781e-06,8.89224e-06,8,6.936566e-06,4.026823e-05,1,3,4.513671e-07,5.94771e-06,7,2,1.027152,5e-07,1,5,7.102637e-06,4.171681e+09,0.004689489,1.595615,0.7978076,-97.73377,-120.3143,-183.4287,-186.0092,0.02615605
26,43,1344,3.195698e-07,5,6,5e-06,6.491938e-06,10,1e-05,4.290464e-05,1,2,4.644744e-07,5.350929e-06,5,1,1.2,2.931925e-07,5,9,5.916322e-06,4.753998e+09,0.003515368,0.7504284,0.3752142,-84.09967,-110.8683,-172.1811,-178.9498,0.0008878248
26,44,1345,5e-07,1,6,7.859218e-06,5e-06,9,5.827376e-06,5e-05,1,2,2.842832e-07,8.963212e-06,5,2,0.75,2.306171e-07,5,7,9.599529e-06,5.137856e+09,0.002339829,0.8321366,0.4160683,-73.828,-101.9725,-164.3518,-172.4963,5.509695e-05
26,45,1346,4.265289e-07,3,6,1e-05,5.612726e-06,8,1e-05,4.70613e-05,1,2,5e-07,5e-06,5,1,1.170772,2.824546e-07,3,6,6.412562e-06,5.698148e+09,0.002803132,0.9287417,0.4643709,-85.1916,-111.3456,-175.8298,-181.9839,0.01375553
26,46,1347,2.358362e-07,3,5,9.22604e-06,8.644612e-06,9,5.736504e-06,3e-05,1,2,4.788521e-07,1e-05,7,1,0.9612026,2.670438e-07,1,10,6.646579e-06,6.73021e+09,0.006058673,1.36075,0.6803749,-90.85978,-115.5403,-179.5966,-184.2771,0.1021756
26,47,1348,4.153112e-07,4,6,1e-05,6.5e-06,8,6.706076e-06,3.542724e-05,1,3,4.641304e-07,7.329273e-06,5,1,0.8180773,2.76e-07,2,10,7.602317e-06,4.585767e+09,0.004215744,1.33576,0.6678799,-87.81998,-113.9264,-174.7995,-180.9059,0.004112559
26,48,1349,5e-07,1,5,6.85576e-06,8.620884e-06,8,5e-06,3.821202e-05,1,2,5e-07,9.033677e-06,5,2,1.049641,3.645789e-07,5,9,8.003767e-06,4.929581e+09,0.004457939,0.9380299,0.469015,-76.56209,-104.3877,-163.9269,-171.7526,0.0
26,49,1350,4.516415e-07,1,10,7.021767e-06,9.135558e-06,8,6.700269e-06,3.4112e-05,1,2,2.851181e-07,7.666617e-06,10,5,0.9616163,5e-07,3,10,8.762508e-06,4.231773e+09,0.009293321,1.171856,0.585928,-77.36771,-105.7875,-160.2165,-168.6363,0.01859755
27,0,1351,5e-07,1,10,5e-06,6.296655e-06,10,9.805439e-06,5e-05,1,2,3.26373e-07,9.708114e-06,9,3,1.2,4.298776e-07,1,6,6.093249e-06,4.176315e+09,0.006728831,1.446045,0.7230223,-93.65503,-118.7162,-177.7915,-182.8526,0.02181255
27,1,1352,3.250533e-07,4,9,8.180767e-06,5.103093e-06,10,8.873731e-06,3.294186e-05,1,2,3.212833e-07,8.883812e-06,10,1,0.9886658,2.795745e-07,5,8,8.5e-06,4.820019e+09,0.01402563,1.57172,0.7858601,-91.43826,-117.5491,-173.63,-179.7408,0.1646096
27,2,1353,3.585122e-07,3,5,9.609944e-06,5e-06,7,8.035188e-06,3e-05,1,3,5e-07,8.943723e-06,5,1,1.065961,1.8e-07,3,10,9.797536e-06,4.502874e+09,0.005268039,1.273435,0.6367175,-87.28448,-113.4989,-173.1378,-179.3522,0.00656849
27,3,1354,1.8e-07,3,10,9.310389e-06,5.736716e-06,9,5e-06,3e-05,1,3,3.508991e-07,5.439019e-06,5,1,1.012458,4.264664e-07,2,8,9.953695e-06,5.098821e+09,0.004360612,1.292115,0.6460577,-82.49021,-110.6502,-170.2441,-178.4041,0.0
27,4,1355,4.345977e-07,2,10,5e-06,8.926804e-06,6,9.101294e-06,4.028019e-05,1,2,5e-07,7.846966e-06,5,2,1.2,5e-07,3,8,5e-06,5.213016e+09,0.005827183,1.321143,0.6605717,-91.35157,-115.9454,-178.0388,-182.6326,0.0004910622
27,5,1356,3.964523e-07,3,6,5.235806e-06,7.271185e-06,5,8.690463e-06,3.924064e-05,1,2,4.323416e-07,9.855211e-06,5,1,1.2,3.979973e-07,2,10,6.863304e-06,6.069045e+09,0.005136656,1.322464,0.6612318,-86.43441,-112.5367,-174.99,-181.0923,0.03610334
27,6,1357,3.437516e-07,1,5,5.512922e-06,7.369269e-06,6,1e-05,4.843784e-05,1,2,4.133611e-07,9.521906e-06,7,2,0.8322578,5e-07,4,10,5e-06,4.728918e+09,0.002866973,0.8274142,0.4137071,-72.26951,-100.8757,-161.1905,-169.7967,0.001219038
27,7,1358,5e-07,3,5,5e-06,8.487003e-06,10,6.313935e-06,3e-05,1,2,3.869293e-07,5.739561e-06,8,2,1.123399,5e-07,3,7,7.450714e-06,5.578764e+09,0.006951475,1.251862,0.6259312,-88.90965,-114.3221,-175.4196,-180.832,0.008812562
27,8,1359,5e-07,2,10,1e-05,7.562601e-06,9,6.468102e-06,3e-05,1,3,2.688119e-07,6.631882e-06,8,5,0.75,4.028663e-07,4,8,5e-06,3.685341e+09,0.00961355,1.586019,0.7930095,-83.1621,-110.838,-164.6628,-172.3388,0.0647378
27,9,1360,5e-07,4,5,8.446544e-06,8.044852e-06,9,8.781959e-06,3.213493e-05,1,2,5e-07,5.888546e-06,6,1,0.8557721,4.687759e-07,5,10,5e-06,5.357017e+09,0.003642519,0.6356513,0.3178256,-86.25726,-111.4183,-175.2217,-180.3828,0.002539714
27,10,1361,4.245941e-07,1,5,6.982728e-06,9.10302e-06,10,5.875781e-06,5e-05,1,1,4.31562e-07,1e-05,7,2,0.75,5e-07,3,6,7.515395e-06,7.030088e+09,0.001992277,0.08399584,0.04199792,-70.6934,-91.48772,-164.6391,-165.4334,73.29435
27,11,1362,2.804912e-07,2,5,5e-06,9.960786e-06,7,8.39617e-06,5e-05,1,1,5e-07,8.912007e-06,9,2,0.75,4.78835e-07,3,7,6.197034e-06,6.817355e+09,0.003920195,0.4132003,0.2066001,-80.98836,-105.9697,-171.7276,-176.709,0.1435281
27,12,1363,2.038028e-07,4,5,7.520113e-06,6.116696e-06,9,9.315699e-06,4.776834e-05,1,3,5e-07,5e-06,7,2,0.8552511,4.500295e-07,1,7,6.10796e-06,3.786977e+09,0.004566375,1.602016,0.8010079,-97.91074,-120.6485,-182.8809,-185.6187,0.05622147
27,13,1364,1.8e-07,1,8,9.908284e-06,1e-05,10,1e-05,3e-05,1,1,3.537282e-07,6.643642e-06,6,3,1.153416,5e-07,3,7,5e-06,7.221839e+09,0.01012378,0.9305897,0.4652948,-91.31426,-115.8257,-178.4338,-182.9452,0.1732482
27,14,1365,4.278239e-07,1,5,5e-06,5e-06,6,8.932316e-06,5e-05,1,2,5e-07,5.434278e-06,5,2,1.2,2.981718e-07,3,10,9.502175e-06,4.89537e+09,0.003780025,1.079545,0.5397723,-80.42469,-107.3153,-168.4454,-175.3361,8.926545e-07
27,15,1366,1.8e-07,1,5,8.819145e-06,6.533137e-06,10,6.996205e-06,4.032897e-05,1,3,5e-07,7.038179e-06,7,1,0.9508323,5e-07,1,6,8.288794e-06,4.349022e+09,0.003435784,1.395547,0.6977734,-94.17071,-118.1964,-181.5783,-185.604,0.01264375
27,16,1367,5e-07,3,8,5e-06,6.494583e-06,10,8.992442e-06,4.446536e-05,1,1,5e-07,7.391769e-06,5,1,1.041519,1.8e-07,5,10,8.333503e-06,7.117696e+09,0.004379573,0.4346092,0.2173046,-89.8169,-111.1592,-180.4494,-181.7917,0.1736242
27,17,1368,5e-07,2,7,8.142903e-06,5.20981e-06,10,7.51432e-06,5e-05,1,2,4.748592e-07,9.259139e-06,5,1,1.027664,2.670438e-07,5,9,5e-06,4.810675e+09,0.004889484,1.225372,0.612686,-87.29066,-113.3321,-174.0422,-180.0836,0.0003323155
27,18,1369,3.842594e-07,1,6,5e-06,5.925169e-06,5,5e-06,3.350356e-05,1,3,3.794907e-07,9.232412e-06,5,1,0.75,3.511471e-07,4,6,1e-05,5.289865e+09,0.001829867,0.8737417,0.4368708,-67.32414,-95.78643,-159.1688,-167.6311,17.75553
27,19,1370,1.8e-07,2,8,1e-05,9.943981e-06,7,5e-06,3.738139e-05,1,2,4.345681e-07,7.0515e-06,10,1,1.086612,3.30348e-07,3,5,1e-05,5.750993e+09,0.007779907,1.490894,0.745447,-89.89737,-115.3141,-176.1825,-181.5992,0.01629341
27,20,1371,2.126735e-07,3,9,6.91564e-06,7.35992e-06,5,8.165977e-06,4.511164e-05,1,3,4.443732e-07,8.197899e-06,7,1,1.2,4.270621e-07,2,5,8.654691e-06,4.25892e+09,0.005601326,1.692815,0.8464074,-93.66501,-117.5602,-178.7681,-182.6633,0.03364055
27,21,1372,2.694537e-07,1,8,7.832338e-06,9.525979e-06,8,7.240243e-06,3e-05,1,3,3.508991e-07,6.019147e-06,10,3,0.8439507,3.75518e-07,4,6,7.706506e-06,3.691481e+09,0.00795376,1.461154,0.7305772,-76.92134,-105.5946,-159.2596,-167.9329,0.06082955
27,22,1373,3.207316e-07,1,5,9.34187e-06,1e-05,7,5e-06,3.573648e-05,1,3,4.721047e-07,9.345087e-06,9,4,0.75,3.560115e-07,4,5,1e-05,3.433113e+09,0.003474609,0.914498,0.457249,-71.60215,-100.2009,-156.9068,-165.5056,0.08961922
27,23,1374,3.89264e-07,1,9,1e-05,8.167551e-06,7,9.674458e-06,3e-05,1,2,5e-07,1e-05,9,2,1.013626,1.948155e-07,5,5,7.057971e-06,5.13613e+09,0.01055266,1.484214,0.7421072,-90.49969,-116.5712,-174.4788,-180.5503,0.003104495
27,24,1375,4.455803e-07,2,8,5.646164e-06,9.34751e-06,6,6.286769e-06,5e-05,1,2,5e-07,5.366267e-06,5,1,1.2,4.483284e-07,3,8,7.102637e-06,5.336003e+09,0.002837713,0.901115,0.4505575,-81.45151,-108.017,-171.4661,-178.0317,0.002141377
27,25,1376,2.770481e-07,2,6,5e-06,9.20219e-06,8,9.69713e-06,4.589164e-05,1,2,3.857212e-07,6.805139e-06,10,2,1.004081,5e-07,2,8,5e-06,4.42024e+09,0.00756001,1.509252,0.754626,-93.16414,-118.7655,-177.2878,-182.8892,0.009624442
27,26,1377,3.939111e-07,3,10,5e-06,1e-05,10,8.455199e-06,4.565094e-05,1,1,3.270705e-07,8.337389e-06,6,5,0.9531111,4.061699e-07,3,5,5e-06,6.266512e+09,0.01243646,1.299221,0.6496104,-92.3302,-117.3141,-177.3238,-182.3076,0.1116799
27,27,1378,4.087875e-07,1,5,6.5e-06,9.770194e-06,3,5.82599e-06,4.4e-05,1,2,3.100123e-07,7.00398e-06,5,3,1.052166,4.851845e-07,2,7,5e-06,6.585515e+09,0.004827188,1.560426,0.780213,-80.94473,-108.4386,-170.4796,-177.9734,0.08646532
27,28,1379,3.453438e-07,2,5,5.471771e-06,1e-05,10,5e-06,4.665139e-05,1,2,4.172702e-07,6.984049e-06,5,2,0.7701691,5e-07,4,5,5e-06,5.199217e+09,0.003677004,1.059987,0.5299934,-75.11167,-103.4962,-163.7755,-172.16,0.0003784716
27,29,1380,3.727802e-07,4,10,8.278296e-06,1e-05,9,8.858816e-06,3.224406e-05,1,1,3.270705e-07,6.605125e-06,10,1,0.9425285,5e-07,4,8,5e-06,7.645281e+09,0.008672169,0.866076,0.433038,-84.96185,-111.8896,-173.2484,-180.1762,0.2490756
27,30,1381,4.696498e-07,3,5,7.272548e-06,7.356039e-06,9,6.238889e-06,4.131844e-05,1,2,3.869293e-07,7.652705e-06,7,1,1.2,5e-07,4,10,9.804313e-06,4.267807e+09,0.006689999,1.077031,0.5385154,-83.34752,-110.558,-167.6974,-174.9079,0.01664591
27,31,1382,2.782836e-07,4,9,5e-06,7.719257e-06,10,8.546013e-06,5e-05,1,2,3.928953e-07,5.075213e-06,10,1,0.7594677,4.27083e-07,2,8,5e-06,4.762681e+09,0.005078313,1.332196,0.6660979,-93.26605,-118.1913,-179.7659,-184.6911,0.0007853612
27,32,1383,5e-07,4,5,5e-06,8.236809e-06,6,9.998454e-06,5e-05,1,1,2.88467e-07,7.160994e-06,5,4,1.2,3.469893e-07,5,7,5e-06,6.985998e+09,0.01240742,1.451087,0.7255433,-89.24422,-114.7088,-175.192,-180.6566,0.1947114
27,33,1384,1.8e-07,1,8,7.133769e-06,9.634748e-06,4,6.509568e-06,3.708859e-05,1,3,4.064672e-07,8.366863e-06,7,1,1.102369,5e-07,2,8,7.127976e-06,4.568615e+09,0.005767463,1.639572,0.8197861,-91.91629,-116.5292,-177.5021,-182.115,0.01323172
27,34,1385,3.422449e-07,3,10,5e-06,1e-05,10,8.013954e-06,4.605023e-05,1,2,5e-07,8.264379e-06,9,2,0.8178364,5e-07,1,6,5e-06,4.378212e+09,0.005342637,1.258373,0.6291863,-95.39589,-119.4263,-180.9443,-184.9747,0.01133958
27,35,1386,5e-07,1,6,8.409736e-06,8.088025e-06,6,5e-06,4.15475e-05,1,3,4.116391e-07,9.438582e-06,5,3,1.2,4.476959e-07,2,6,1e-05,3.819076e+09,0.006988361,1.727207,0.8636036,-93.53443,-117.8907,-176.7298,-181.0861,0.07160652
27,36,1387,1.8e-07,1,10,5e-06,8.716994e-06,9,7.117972e-06,3e-05,1,2,4.091773e-07,7.704473e-06,8,1,1.127065,2.221631e-07,5,9,7.017945e-06,5.311992e+09,0.007584694,1.151945,0.5759723,-85.35896,-112.5386,-171.0647,-178.2444,0.001727826
27,37,1388,4.925543e-07,1,10,8.394208e-06,1e-05,10,5.10197e-06,3.326826e-05,1,3,3.066297e-07,6.208871e-06,9,2,0.75,5e-07,1,5,5.10113e-06,4.599917e+09,0.003626613,1.279349,0.6396746,-84.61348,-111.7026,-172.2735,-179.3626,0.003750503
27,38,1389,2.481886e-07,1,6,6.298891e-06,8.488791e-06,4,6.94225e-06,4.256107e-05,1,3,5e-07,7.239246e-06,5,1,1.09444,4.233932e-07,4,5,7.706506e-06,4.344739e+09,0.003388014,1.30435,0.652175,-85.68524,-111.8022,-173.1451,-179.262,0.01284109
27,39,1390,2.73883e-07,1,5,9.232746e-06,6.116696e-06,9,7.984905e-06,4.057221e-05,1,2,4.808087e-07,6.307184e-06,8,1,0.8531916,4.300609e-07,5,7,1e-05,4.747496e+09,0.004273259,0.8414536,0.4207268,-76.1252,-103.9638,-163.3469,-171.1855,0.000968663
27,40,1391,4.269331e-07,2,10,5.760885e-06,7.8501e-06,10,5e-06,3e-05,1,2,5e-07,5e-06,7,1,0.75,5e-07,4,8,8.518444e-06,6.065579e+09,0.003300316,0.6514351,0.3257176,-82.58601,-107.8765,-173.0579,-178.3483,0.03584559
27,41,1392,3.392446e-07,1,5,8.382369e-06,5.268321e-06,1,5e-06,4.803339e-05,1,4,4.033451e-07,7.636544e-06,5,1,1.018154,2.787892e-07,1,5,5e-06,5.807266e+09,0.003008852,1.917553,0.9587767,-86.99861,-111.251,-177.494,-181.7464,0.09672131
27,42,1393,1.869534e-07,1,9,5e-06,1e-05,9,9.750721e-06,3e-05,1,2,2.832406e-07,8.088297e-06,9,1,1.2,2.246764e-07,5,10,5e-06,4.895121e+09,0.01063163,1.365517,0.6827583,-88.41882,-115.8398,-171.9481,-179.3691,0.00399057
27,43,1394,4.395785e-07,2,7,8.888212e-06,1e-05,10,7.62476e-06,4.850912e-05,1,1,4.492632e-07,5e-06,10,3,0.75,5e-07,2,5,5e-06,6.845572e+09,0.005407075,0.606922,0.303461,-91.03868,-112.7068,-180.4173,-182.0854,0.1171481
27,44,1395,3.180048e-07,1,6,5.799669e-06,6.235358e-06,2,6.067185e-06,5e-05,1,3,3.73992e-07,8.452422e-06,5,1,1.2,2.853652e-07,1,9,6.605446e-06,5.783056e+09,0.004108115,1.843731,0.9218656,-88.89338,-113.1563,-178.0001,-182.2631,0.07044955
27,45,1396,1.883098e-07,3,10,5.514515e-06,6.826156e-06,7,9.912579e-06,3.350416e-05,1,1,2.298484e-07,7.937548e-06,10,1,1.171673,3.055142e-07,5,10,9.377654e-06,6.748299e+09,0.01863691,1.318867,0.6594337,-82.78707,-111.66,-166.6672,-175.5401,0.850418
27,46,1397,3.264606e-07,4,7,8.819145e-06,1e-05,10,5.876894e-06,3e-05,1,1,5e-07,6.735967e-06,10,2,1.068095,3.489379e-07,1,6,5.574064e-06,8.850639e+09,0.0068571,0.8064317,0.4032159,-94.18961,-114.5285,-184.7677,-185.1066,0.5408418
27,47,1398,1.8e-07,1,6,1e-05,5.012116e-06,8,5.978623e-06,3e-05,1,3,4.34354e-07,9.83755e-06,7,1,0.9611514,5e-07,2,5,8.003767e-06,5.304432e+09,0.005501933,1.619709,0.8098547,-91.71166,-116.0155,-178.7993,-183.1032,0.007975817
27,48,1399,5e-07,1,5,5e-06,8.620884e-06,10,1e-05,4.920727e-05,1,1,5e-07,9.033677e-06,6,4,0.9822854,3.140207e-07,5,7,8.003767e-06,5.629856e+09,0.003301947,0.1871637,0.09358183,-82.51089,-104.2397,-172.3331,-174.062,0.4022601
27,49,1400,5e-07,4,8,6.5e-06,9.670476e-06,10,7.482209e-06,3.535962e-05,1,2,5e-07,7.103412e-06,6,2,1.060472,5e-07,1,5,5e-06,5.549826e+09,0.004005969,0.959734,0.479867,-96.82091,-118.3755,-185.6794,-187.234,0.007779449
28,0,1401,5e-07,3,6,1e-05,6.690931e-06,6,6.079201e-06,3.578798e-05,1,4,5e-07,8.941351e-06,5,1,0.8787361,5e-07,1,8,5e-06,4.307829e+09,0.003121053,1.60312,0.8015602,-93.88786,-117.0842,-181.63,-184.8263,0.01933117
28,1,1402,3.65003e-07,1,7,5e-06,5.103093e-06,10,9.916138e-06,3e-05,1,2,1.9781e-07,8.271918e-06,8,4,1.114512,2.795745e-07,5,8,7.224084e-06,5.010102e+09,0.008370606,1.185358,0.592679,-74.45702,-103.0992,-159.2264,-167.8686,0.0
28,2,1403,3.617976e-07,2,6,1e-05,6.812891e-06,8,5.322612e-06,4.118445e-05,1,3,5e-07,8.305505e-06,5,1,1.013626,4.855311e-07,2,10,8.585299e-06,4.00447e+09,0.004066591,1.311145,0.6555724,-87.46417,-113.5662,-173.4228,-179.5248,0.03340164
28,3,1404,1.8e-07,3,7,5e-06,5e-06,10,9.483849e-06,3.143893e-05,1,2,1.8e-07,7.88086e-06,7,5,1.061739,1.8e-07,5,5,7.224084e-06,5.043998e+09,0.03003287,1.947812,0.9739061,-90.50835,-116.7009,-169.7879,-175.9805,4.102288
28,4,1405,2.404933e-07,4,9,8.380046e-06,7.694346e-06,10,9.500102e-06,3.102863e-05,1,3,4.14475e-07,5e-06,10,4,0.75,4.926055e-07,1,7,5e-06,3.717357e+09,0.007887659,1.572146,0.7860732,-98.93668,-121.9179,-181.3719,-184.3531,0.06056593
28,5,1406,3.120664e-07,1,7,1e-05,7.857601e-06,6,7.620154e-06,3e-05,1,3,4.381474e-07,8.513571e-06,8,2,0.9563438,5e-07,1,10,6.290439e-06,4.578768e+09,0.006620464,1.642049,0.8210245,-94.09606,-118.1716,-179.1021,-183.1777,0.01326576
28,6,1407,5e-07,1,5,6.310946e-06,8.660098e-06,6,5.266025e-06,4.768213e-05,1,2,5e-07,7.650276e-06,5,2,1.097111,3.13537e-07,4,9,6.160328e-06,5.122646e+09,0.004125984,1.194332,0.5971662,-79.9611,-107.3164,-167.9957,-175.351,1.971655e-05
28,7,1408,3.048846e-07,1,5,6.204516e-06,9.410133e-06,6,9.187707e-06,3e-05,1,3,4.692681e-07,5e-06,6,1,0.8930552,4.484162e-07,4,5,8.066924e-06,4.622526e+09,0.002613259,0.7953266,0.3976633,-80.70658,-107.5565,-169.8323,-176.6823,0.003206647
28,8,1409,1.8e-07,4,10,1e-05,1e-05,10,9.551748e-06,4.488317e-05,1,1,4.492632e-07,5e-06,10,2,1.008042,5e-07,2,5,8.362285e-06,6.650476e+09,0.007922348,0.8440539,0.422027,-94.59431,-116.6333,-182.0628,-184.1018,0.09242511
28,9,1410,2.761639e-07,3,8,1e-05,9.777151e-06,10,8.674761e-06,4.194185e-05,1,1,5e-07,8.476708e-06,10,2,0.9262592,5e-07,1,7,5.823663e-06,6.822479e+09,0.007255439,0.6200858,0.3100429,-94.55253,-114.5665,-182.6247,-182.6387,0.1140689
28,10,1411,1.8e-07,1,7,5.875704e-06,8.194098e-06,9,5.413412e-06,3.910676e-05,1,2,5e-07,6.402786e-06,7,1,0.9705,4.270621e-07,1,6,1e-05,6.444061e+09,0.003469198,1.159863,0.5799315,-87.6418,-113.1906,-178.4227,-183.9715,0.06945404
28,11,1412,3.616059e-07,2,8,5.944208e-06,6.297439e-06,9,1e-05,3e-05,1,3,2.613859e-07,7.579991e-06,9,4,0.8735522,4.518503e-07,2,5,5.811522e-06,3.857847e+09,0.009272302,1.641421,0.8207103,-93.1783,-118.7825,-175.2333,-180.8375,0.05412338
28,12,1413,1.8e-07,1,8,5e-06,6.116696e-06,10,7.529631e-06,4.4e-05,1,2,2.610261e-07,6.558579e-06,10,2,0.9115881,1.8e-07,4,7,1e-05,4.578216e+09,0.008996756,1.565417,0.7827083,-73.70908,-102.5721,-157.3821,-166.2452,0.006214496
28,13,1414,4.516415e-07,4,8,8.24615e-06,8.598578e-06,10,7.720435e-06,3e-05,1,3,4.576071e-07,5e-06,5,4,1.153416,4.660631e-07,4,8,7.95017e-06,3.407417e+09,0.009638851,1.473007,0.7365037,-95.04962,-119.9229,-175.8579,-180.7312,0.09278654
28,14,1415,4.407099e-07,1,9,5e-06,8.898307e-06,9,7.141024e-06,4.46616e-05,1,2,5e-07,5.734093e-06,10,1,0.75,5e-07,3,10,5e-06,5.049008e+09,0.002325068,0.5797446,0.2898723,-90.61589,-112.9763,-181.0157,-183.376,0.0
28,15,1416,3.892001e-07,1,6,5e-06,6.533137e-06,10,5e-06,5e-05,1,1,4.200048e-07,5e-06,7,2,0.9689858,3.176925e-07,5,7,5e-06,8.657322e+09,0.003943193,0.7826996,0.3913498,-74.15854,-102.2454,-166.9477,-175.0346,0.4865258
28,16,1417,1.8e-07,1,6,1e-05,1e-05,4,5.599207e-06,4.275023e-05,1,3,4.737029e-07,8.218584e-06,8,2,0.75,5e-07,1,5,9.110953e-06,4.298957e+09,0.005175441,1.728617,0.8643085,-87.9726,-114.8845,-173.5004,-180.4123,0.03827513
28,17,1418,3.853154e-07,2,7,5e-06,1e-05,5,7.51432e-06,4.045862e-05,1,2,5e-07,7.474656e-06,5,1,1.2,5e-07,4,10,8.177262e-06,4.964006e+09,0.003894462,0.8025959,0.401298,-80.77689,-107.084,-168.7891,-175.0962,0.0
28,18,1419,1.8e-07,3,10,6.686524e-06,5.925169e-06,10,7.768676e-06,3.010777e-05,1,2,4.34354e-07,9.806269e-06,10,2,1.189766,5e-07,3,10,7.633484e-06,4.643926e+09,0.01660993,1.642303,0.8211514,-96.03098,-119.8673,-177.165,-181.0014,0.4486431
28,19,1420,4.456743e-07,2,5,5e-06,9.026291e-06,10,8.165977e-06,3.647126e-05,1,1,4.14475e-07,8.224336e-06,10,4,0.9423604,5e-07,1,6,6.40426e-06,6.715721e+09,0.005294827,0.2652619,0.132631,-85.12667,-105.676,-174.43,-174.9793,0.3207752
28,20,1421,2.097764e-07,3,5,7.664697e-06,1e-05,10,9.355568e-06,3e-05,1,2,1.890674e-07,5e-06,5,3,1.048472,3.990212e-07,5,7,9.283718e-06,4.337317e+09,0.01680735,1.53111,0.7655552,-90.91611,-118.4002,-171.4055,-178.8896,0.4770169
28,21,1422,1.927241e-07,2,8,6.166149e-06,9.410133e-06,10,7.240243e-06,3e-05,1,4,5e-07,5e-06,7,1,0.75,3.055142e-07,2,8,5e-06,3.439779e+09,0.003301011,1.162092,0.5810458,-93.4402,-118.2249,-178.9843,-183.7691,0.08880658
28,22,1423,2.541077e-07,3,6,5e-06,5e-06,9,1e-05,3e-05,1,2,3.227041e-07,5.126786e-06,8,5,1.114512,5e-07,5,9,5.353697e-06,4.697653e+09,0.01593007,1.642449,0.8212244,-91.1346,-117.4077,-172.55,-178.8231,0.3623806
28,23,1424,1.8e-07,1,8,5.848774e-06,8.289625e-06,5,5e-06,5e-05,1,3,4.57135e-07,9.560729e-06,5,1,0.8815315,3.005299e-07,1,8,9.521906e-06,4.59822e+09,0.00427051,1.700286,0.8501432,-91.74129,-116.0591,-178.6883,-183.0061,0.02162177
28,24,1425,4.611122e-07,2,7,5.760885e-06,1e-05,6,5.312722e-06,3e-05,1,3,5e-07,1e-05,6,1,0.75,5e-07,2,10,8.541133e-06,4.686066e+09,0.003561676,1.067658,0.5338292,-76.12944,-103.8203,-164.0291,-171.7199,0.001906201
28,25,1426,1.8e-07,2,9,1e-05,9.868083e-06,9,5.897697e-06,3.678969e-05,1,3,4.918277e-07,5.131263e-06,9,1,0.9440061,5e-07,1,5,8.124918e-06,4.477756e+09,0.003451138,1.334275,0.6671377,-95.15948,-118.7675,-182.8011,-186.409,0.007425667
28,26,1427,5e-07,3,10,5e-06,9.100361e-06,10,8.455199e-06,3e-05,1,2,1.9781e-07,8.173992e-06,10,5,0.75,4.871677e-07,2,9,5e-06,4.76993e+09,0.007176426,0.9974091,0.4987046,-81.42883,-109.2589,-166.44,-174.27,0.0007046314
28,27,1428,1.8e-07,1,10,1e-05,6.308485e-06,3,6.81107e-06,3.051031e-05,1,3,2.616387e-07,5.234192e-06,10,1,0.8543248,5e-07,3,8,7.801666e-06,4.782474e+09,0.00843245,1.707915,0.8539576,-88.04305,-114.3706,-172.3766,-178.7041,0.01978804
28,28,1429,4.556479e-07,2,10,5.790255e-06,5e-06,10,8.79247e-06,3.665682e-05,1,2,4.284346e-07,8.793659e-06,7,1,1.099604,3.827517e-07,1,10,5e-06,6.378973e+09,0.004855597,1.380491,0.6902455,-92.53813,-116.5613,-181.7707,-185.7939,0.06289008
28,29,1430,3.727802e-07,1,8,1e-05,6.095886e-06,7,8.144131e-06,4.299546e-05,1,1,5e-07,1e-05,8,2,1.040169,3.964374e-07,5,10,6.388454e-06,6.715473e+09,0.009806589,1.057403,0.5287017,-80.88653,-108.0624,-167.5129,-174.6888,0.1003365
28,30,1431,5e-07,1,7,7.866231e-06,7.935087e-06,2,5.178559e-06,4.23434e-05,1,3,5e-07,5.239195e-06,6,2,1.008675,3.511471e-07,5,5,7.897363e-06,4.319572e+09,0.004467763,1.535837,0.7679185,-87.90213,-112.8984,-174.11,-179.1063,0.01460229
28,31,1432,2.027487e-07,4,6,9.209405e-06,8.628744e-06,7,9.49737e-06,3.971981e-05,1,2,4.971641e-07,8.028828e-06,6,1,1.022893,3.383916e-07,2,10,5e-06,5.538383e+09,0.004755871,1.167548,0.583774,-89.92822,-115.2991,-178.0236,-183.3944,0.0073887
28,32,1433,4.617603e-07,1,5,1e-05,8.236809e-06,6,7.543149e-06,3e-05,1,3,5e-07,8.300551e-06,6,2,1.2,2.615311e-07,1,10,9.444347e-06,4.687868e+09,0.00592751,1.564726,0.7823629,-92.54909,-117.0824,-178.2399,-182.7732,0.003736189
28,33,1434,1.873922e-07,2,7,1e-05,1e-05,4,6.871214e-06,3e-05,1,3,4.420892e-07,5.874969e-06,7,2,0.8103949,5e-07,1,5,7.023515e-06,5.626592e+09,0.004902678,1.660388,0.8301939,-94.27336,-117.1851,-182.3739,-185.2857,0.02209425
28,34,1435,3.074466e-07,1,7,1e-05,9.770194e-06,3,8.468583e-06,3e-05,1,3,5e-07,5e-06,6,1,0.9074505,5e-07,1,5,5.144471e-06,6.802298e+09,0.002060081,1.25234,0.6261701,-88.77255,-113.0867,-182.2868,-186.601,0.1114117
28,35,1436,4.303801e-07,1,9,9.326042e-06,6.006828e-06,7,5.613678e-06,3e-05,1,3,3.648572e-07,1e-05,5,1,1.2,5e-07,3,7,8.95938e-06,4.588234e+09,0.00586618,1.436905,0.7184524,-87.40327,-113.7039,-172.9526,-179.2532,0.004048226
28,36,1437,4.836168e-07,2,9,1e-05,5e-06,6,7.56664e-06,3e-05,1,4,5e-07,9.039397e-06,5,1,0.8936607,4.515681e-07,5,9,5.524974e-06,3.330595e+09,0.004535891,1.307989,0.6539947,-87.7723,-113.917,-171.6561,-177.8008,0.1025837
28,37,1438,4.925543e-07,1,6,5e-06,9.661693e-06,9,5e-06,5e-05,1,2,5e-07,1e-05,5,3,1.2,3.733571e-07,5,5,5e-06,4.485896e+09,0.005097506,1.310249,0.6551244,-83.23127,-110.8493,-169.1947,-176.8127,0.007142096
28,38,1439,4.028535e-07,1,5,6.560186e-06,5e-06,5,9.10369e-06,4.425159e-05,1,2,2.88467e-07,7.860624e-06,7,3,0.7954094,2.258622e-07,1,5,6.504581e-06,6.563605e+09,0.002513196,1.035711,0.5178553,-71.53968,-99.89813,-163.8803,-172.2387,0.09273482
28,39,1440,3.871607e-07,3,9,1e-05,9.151746e-06,6,8.762556e-06,3e-05,1,3,2.888168e-07,5e-06,10,2,0.7736108,4.115354e-07,1,6,5e-06,4.957382e+09,0.006698487,1.695701,0.8478507,-96.58251,-119.3594,-182.2278,-185.0047,0.0170218
28,40,1441,2.455854e-07,2,10,5.760885e-06,6.562118e-06,10,1e-05,3.213577e-05,1,2,3.660093e-07,6.014133e-06,10,1,0.8746676,3.466852e-07,3,7,5.77466e-06,5.605446e+09,0.00684122,1.277833,0.6389163,-90.35952,-116.2077,-176.9804,-182.8286,0.009822223
28,41,1442,2.832472e-07,1,10,5.151131e-06,9.472881e-06,10,8.688366e-06,4.803339e-05,1,2,3.278103e-07,7.673829e-06,10,2,1.004401,5e-07,1,7,5e-06,4.336512e+09,0.006138184,1.392487,0.6962436,-94.46661,-119.5851,-179.329,-184.4475,0.01322444
28,42,1443,3.41199e-07,1,7,8.14424e-06,9.080962e-06,4,8.714389e-06,3.42597e-05,1,3,5e-07,8.088297e-06,5,1,1.2,5e-07,2,10,5e-06,4.90994e+09,0.003457202,1.2906,0.6453002,-87.7513,-113.2426,-176.1856,-181.6769,0.0
28,43,1444,2.382409e-07,3,10,5.884097e-06,8.99593e-06,10,7.309029e-06,3.205561e-05,1,2,4.323416e-07,9.823253e-06,10,1,1.132186,3.342283e-07,3,8,6.069465e-06,5.187803e+09,0.009811815,1.440516,0.7202582,-93.37416,-118.1551,-177.7563,-182.5372,0.0002963989
28,44,1445,2.52601e-07,1,6,1e-05,9.133013e-06,4,7.369209e-06,3.06721e-05,1,4,5e-07,6.716007e-06,5,1,0.75,4.682714e-07,1,6,5e-06,4.893393e+09,0.002229372,1.396898,0.6984488,-91.36603,-115.3929,-181.6764,-185.7033,1.817932e-06
28,45,1446,3.989923e-07,1,6,7.859218e-06,5e-06,7,9.912579e-06,4.098545e-05,1,3,4.343181e-07,7.136275e-06,6,3,0.9223355,4.285275e-07,1,9,1e-05,3.880359e+09,0.005167174,1.566742,0.783371,-85.87046,-113.2822,-170.5154,-177.9271,0.04528123
28,46,1447,5e-07,1,7,8.509737e-06,8.996586e-06,4,5.751919e-06,4.210477e-05,1,3,5e-07,5e-06,5,1,1.119696,5e-07,1,6,6.646579e-06,5.830244e+09,0.001970067,1.332591,0.6662957,-87.7112,-112.5362,-180.0801,-184.9052,0.02050196
28,47,1448,5e-07,2,7,1e-05,5.690233e-06,9,5e-06,3e-05,1,3,4.928259e-07,9.791741e-06,5,1,0.8831647,4.671758e-07,2,8,8.371249e-06,5.019146e+09,0.004257153,1.322555,0.6612777,-87.48385,-112.8624,-175.2053,-180.5838,0.0
28,48,1449,5e-07,3,7,6.85576e-06,5e-06,8,5e-06,4.256107e-05,1,3,4.710299e-07,8.280602e-06,5,1,1.2,2.120349e-07,4,10,9.120583e-06,3.666097e+09,0.005176887,1.385919,0.6929593,-88.52519,-114.9077,-172.6686,-179.0511,0.06341172
28,49,1450,4.213721e-07,2,5,5e-06,9.135558e-06,6,8.613459e-06,5e-05,1,2,2.88467e-07,7.415904e-06,6,4,1.2,3.562798e-07,4,9,6.564019e-06,4.001267e+09,0.01020119,1.618125,0.8090627,-87.8579,-115.1087,-169.8153,-177.0661,0.04024742
29,0,1451,5e-07,3,5,1e-05,7.70224e-06,10,5.870275e-06,3e-05,1,2,1.8e-07,1e-05,7,5,0.75,2.810732e-07,1,5,8.434406e-06,5.715788e+09,0.007248545,1.231685,0.6158426,-80.2236,-107.9768,-166.7626,-174.5159,0.0145788
29,1,1452,3.924939e-07,1,7,6.385613e-06,5.103093e-06,9,1e-05,3e-05,1,2,4.133611e-07,5e-06,7,3,0.75,4.182177e-07,4,7,5e-06,6.277013e+09,0.002691204,0.6347464,0.3173732,-88.92234,-111.5155,-180.5779,-183.1711,0.05326259
29,2,1453,3.742369e-07,1,6,5.609248e-06,8.926804e-06,9,5.785935e-06,4.115003e-05,1,2,5e-07,1e-05,5,4,1.113698,4.855311e-07,2,9,5.366822e-06,4.705814e+09,0.005942918,1.288497,0.6442487,-80.93156,-109.0695,-166.6443,-174.7822,0.001570516
29,3,1454,4.327311e-07,1,8,5.751394e-06,5e-06,9,6.488263e-06,4.578933e-05,1,2,2.842832e-07,9.609353e-06,5,1,1.2,1.8e-07,5,9,1e-05,4.562593e+09,0.006940414,1.371567,0.6857834,-86.5634,-113.4891,-171.3338,-178.2595,0.004741497
29,4,1455,4.361575e-07,1,6,5e-06,8.646678e-06,6,6.251115e-06,4.425588e-05,1,2,3.807973e-07,9.825439e-06,5,1,1.002497,4.285353e-07,5,10,7.099958e-06,4.842693e+09,0.003747054,0.9047376,0.4523688,-74.70516,-102.6096,-162.67,-170.5744,0.0001367794
29,5,1456,4.461347e-07,2,7,5e-06,1e-05,6,7.822025e-06,5e-05,1,2,4.352169e-07,9.399975e-06,9,2,1.071844,4.701659e-07,2,10,5e-06,4.380146e+09,0.007755828,1.588633,0.7943163,-93.22797,-118.0762,-177.1615,-182.0097,0.01474711
29,6,1457,2.745832e-07,1,5,6.297455e-06,7.2868e-06,10,5.335939e-06,3.076296e-05,1,2,4.16581e-07,9.521906e-06,8,2,0.9758304,4.671226e-07,5,9,8.731358e-06,4.91842e+09,0.006208199,0.9460124,0.4730062,-69.63032,-98.40027,-155.5372,-164.3071,2.559129
29,7,1458,3.048846e-07,1,10,1e-05,9.410133e-06,10,7.421752e-06,3.437365e-05,1,2,2.383421e-07,7.411888e-06,10,5,0.75,4.336382e-07,1,5,5e-06,4.787347e+09,0.006580901,1.087918,0.5439588,-80.98745,-109.1444,-166.4065,-174.5635,0.0005285624
29,8,1459,3.340304e-07,5,9,5e-06,7.208763e-06,10,8.165977e-06,3.559815e-05,1,2,4.804733e-07,7.745179e-06,10,4,0.8640316,4.874732e-07,4,5,6.221293e-06,4.151295e+09,0.01410501,1.631905,0.8159523,-97.67094,-121.1415,-178.5409,-182.0114,0.1995909
29,9,1460,1.8e-07,3,7,9.491772e-06,1e-05,8,5e-06,5e-05,1,2,3.7161e-07,1e-05,7,1,0.8180773,4.452952e-07,1,8,5e-06,5.655999e+09,0.005662958,1.638692,0.819346,-95.27345,-118.4262,-182.7932,-185.946,0.02043433
29,10,1461,1.8e-07,1,6,5e-06,5e-06,5,8.457391e-06,4.652696e-05,1,2,3.644063e-07,1e-05,5,2,1.2,1.8e-07,5,10,1e-05,4.233163e+09,0.009963304,1.579041,0.7895206,-81.99517,-110.41,-164.5444,-172.9593,0.02129695
29,11,1462,3.438946e-07,1,6,5e-06,1e-05,4,1e-05,4.712415e-05,1,1,5e-07,5.207691e-06,6,2,1.2,2.989769e-07,5,9,7.257968e-06,7.621973e+09,0.004805391,0.684415,0.3422075,-80.72442,-107.1183,-171.5485,-177.9423,0.2445348
29,12,1463,3.009834e-07,2,5,5e-06,6.305804e-06,8,5.462427e-06,4.776834e-05,1,2,4.088099e-07,7.453887e-06,5,1,1.197826,2.107194e-07,5,10,1e-05,4.40963e+09,0.005149767,1.051936,0.525968,-82.76119,-110.1234,-168.5314,-175.8936,0.01001509
29,13,1464,2.015355e-07,1,5,5.778418e-06,8.598578e-06,7,7.720435e-06,3.664985e-05,1,1,4.116391e-07,5.748216e-06,8,3,0.947307,4.732527e-07,5,10,7.404084e-06,7.111299e+09,0.006460643,0.6471938,0.3235969,-76.34267,-104.7516,-165.2789,-173.6879,0.1555295
29,14,1465,3.853154e-07,3,5,5e-06,9.736175e-06,5,7.194564e-06,4.189755e-05,1,2,4.502986e-07,8.924954e-06,5,1,1.2,4.45885e-07,5,9,5e-06,5.208949e+09,0.004740342,1.092943,0.5464715,-83.53879,-110.1835,-171.1157,-177.7604,0.0004563574
29,15,1466,3.516788e-07,1,9,5e-06,6.860642e-06,8,7.70248e-06,4.243784e-05,1,2,5e-07,7.119546e-06,8,1,1.041141,5e-07,3,7,8.5e-06,5.123412e+09,0.004290228,1.053434,0.5267172,-83.66794,-109.9496,-171.5343,-177.8159,2.107348e-05
29,16,1467,1.8e-07,1,6,1e-05,6.933317e-06,10,9.87206e-06,3e-05,1,2,2.453308e-07,7.03818e-06,9,5,0.75,5e-07,5,6,7.057971e-06,4.702242e+09,0.007103142,0.9917568,0.4958784,-68.84722,-97.75251,-153.7788,-162.6841,5.052841
29,17,1468,4.287027e-07,2,5,5e-06,7.492188e-06,9,5.521623e-06,5e-05,1,2,5e-07,7.252658e-06,5,1,0.9359319,5e-07,4,6,6.993826e-06,5.170317e+09,0.002997209,0.9365156,0.4682578,-82.41013,-108.1091,-171.9133,-177.6123,0.0001901005
29,18,1469,5e-07,1,5,1e-05,6.375232e-06,8,7.345771e-06,3e-05,1,3,4.949781e-07,1e-05,7,5,1.032801,4.847643e-07,3,10,5.489526e-06,3.366157e+09,0.006985574,1.260642,0.630321,-80.03299,-108.2512,-162.1337,-170.3519,0.09798722
29,19,1470,3.401615e-07,4,6,5e-06,9.943981e-06,8,9.040312e-06,5e-05,1,1,3.519269e-07,8.977126e-06,9,2,1.143531,4.851845e-07,2,9,7.633484e-06,6.322065e+09,0.01237658,1.353365,0.6766825,-92.22395,-117.0209,-177.3151,-182.1121,0.1138993
29,20,1471,4.440517e-07,1,7,5e-06,9.154323e-06,7,7.845426e-06,5e-05,1,1,2.812746e-07,5.825416e-06,5,2,1.2,3.990212e-07,5,6,1e-05,7.117576e+09,0.005894439,0.8355977,0.4177988,-77.74708,-105.2067,-167.0893,-174.5489,0.1565018
29,21,1472,2.931348e-07,2,5,5e-06,1e-05,10,5.85907e-06,3.693157e-05,1,1,3.617815e-07,5.222857e-06,9,5,1.048472,5e-07,2,5,8.515571e-06,7.402026e+09,0.008750841,1.038515,0.5192573,-79.25137,-107.4968,-167.2179,-175.4633,0.2037418
29,22,1473,5e-07,3,5,1e-05,1e-05,10,9.476771e-06,3e-05,1,2,2.561614e-07,5.189543e-06,10,5,0.7526875,5e-07,4,7,5e-06,4.647581e+09,0.007383787,0.987858,0.493929,-81.64624,-109.5289,-166.308,-174.1907,0.002653711
29,23,1474,2.295899e-07,2,10,1e-05,7.086415e-06,10,7.224926e-06,3.478374e-05,1,2,4.897513e-07,5.00876e-06,5,4,0.75,4.34099e-07,1,8,5e-06,5.950325e+09,0.00557166,1.381168,0.6905842,-94.11015,-117.7153,-182.1411,-185.7463,0.02779901
29,24,1475,4.12309e-07,3,10,6.649678e-06,1e-05,10,8.22469e-06,3e-05,1,2,3.8369e-07,7.972782e-06,5,3,1.2,3.302443e-07,5,10,8.541133e-06,4.159262e+09,0.01424046,1.366262,0.6831311,-92.665,-118.6282,-173.5101,-179.4733,0.2026679
29,25,1476,3.29054e-07,1,6,5e-06,8.086265e-06,10,7.986567e-06,3.453177e-05,1,2,2.02942e-07,7.933238e-06,7,5,1.047906,4.404969e-07,2,6,5.858481e-06,5.051994e+09,0.006285837,1.142228,0.5711142,-77.06976,-105.657,-163.1554,-171.7426,0.0
29,26,1477,2.145049e-07,2,6,6.817693e-06,1e-05,10,7.388636e-06,3.046638e-05,1,2,3.519269e-07,5.156276e-06,8,2,0.9260009,5e-07,1,7,5.211327e-06,5.896793e+09,0.005438398,1.187896,0.5939482,-95.04742,-118.4142,-183.105,-186.4718,0.02440901
29,27,1478,2.654993e-07,5,10,5.187908e-06,7.394904e-06,6,1e-05,4.161461e-05,1,2,4.125956e-07,6.173101e-06,7,1,1.133077,3.552347e-07,4,10,1e-05,4.436894e+09,0.006287685,1.051663,0.5258316,-82.89858,-110.8615,-167.8553,-175.8181,0.0089324
29,28,1479,2.481868e-07,4,10,8.013539e-06,8.300689e-06,9,1e-05,4.209917e-05,1,2,3.789494e-07,6.216923e-06,10,1,0.7944344,5e-07,1,6,5e-06,5.202073e+09,0.004479047,1.211235,0.6056174,-96.98718,-119.6859,-184.7989,-187.4976,0.0004005699
29,29,1480,3.265107e-07,1,8,1e-05,8.762515e-06,9,8.361569e-06,4.454453e-05,1,3,3.496118e-07,8.023543e-06,9,2,0.8652435,2.76e-07,2,9,5e-06,3.288086e+09,0.008336843,1.754049,0.8770245,-96.56981,-121.1345,-177.6987,-182.2633,0.1369009
29,30,1481,4.057084e-07,2,5,5e-06,9.061781e-06,9,1e-05,5e-05,1,1,5e-07,9.493045e-06,9,1,1.113749,3.511471e-07,5,5,6.810258e-06,6.566751e+09,0.005715301,0.6433355,0.3216678,-91.53848,-114.0093,-180.3151,-182.786,0.08271274
29,31,1482,4.893008e-07,4,5,5e-06,5e-06,3,1e-05,5e-05,1,2,5e-07,5.090634e-06,5,3,1.152515,1.8e-07,5,7,8.568434e-06,4.948617e+09,0.007167198,1.550784,0.7753921,-90.02281,-115.1297,-175.359,-180.4659,0.001146241
29,32,1483,3.094903e-07,1,7,5e-06,1e-05,8,6.24423e-06,3e-05,1,3,2.285046e-07,9.695169e-06,6,3,0.8706093,5e-07,1,8,5.144471e-06,4.540873e+09,0.00438239,1.243596,0.6217979,-77.08007,-105.6718,-163.8057,-172.3975,0.005371604
29,33,1484,1.8e-07,2,6,7.608491e-06,7.086415e-06,7,6.871214e-06,3.754298e-05,1,3,5e-07,6.611715e-06,5,1,1.107154,3.423688e-07,4,7,8.003767e-06,4.109169e+09,0.003798213,1.145553,0.5727764,-85.11762,-111.9479,-171.5969,-178.4272,0.02604806
29,34,1485,2.892144e-07,3,7,7.400574e-06,1e-05,9,7.091193e-06,3e-05,1,2,5e-07,8.264379e-06,9,2,0.8178364,4.687759e-07,5,9,6.4128e-06,4.51301e+09,0.01040688,1.259158,0.6295792,-87.12537,-113.976,-170.0415,-176.8922,0.007892998
29,35,1486,5e-07,2,8,1e-05,8.764223e-06,7,1e-05,3e-05,1,2,3.344938e-07,5.563502e-06,10,5,0.75,5e-07,2,5,5e-06,5.277012e+09,0.00705553,1.158419,0.5792094,-82.18981,-109.7551,-168.1523,-175.7176,0.001204666
29,36,1487,5e-07,2,9,5e-06,7.682638e-06,8,7.230564e-06,4.248169e-05,1,2,4.061687e-07,6.72113e-06,5,2,0.8852616,4.226936e-07,3,10,7.685214e-06,4.816851e+09,0.005617756,1.197294,0.5986471,-84.75968,-111.1081,-170.9193,-177.2677,0.0002879536
29,37,1488,3.096856e-07,3,10,5e-06,8.962985e-06,8,8.195177e-06,3.498826e-05,1,2,4.343181e-07,6.563647e-06,8,2,1.2,5e-07,4,6,1e-05,4.565309e+09,0.01005425,1.389906,0.6949531,-91.92384,-117.4044,-175.0897,-180.5703,0.0046949
29,38,1489,4.573046e-07,2,8,6.85576e-06,9.1677e-06,9,7.506915e-06,3.823545e-05,1,2,4.732569e-07,7.239246e-06,6,4,1.076636,4.352641e-07,4,8,9.839158e-06,3.933836e+09,0.01113329,1.414172,0.7070858,-92.18726,-117.6615,-173.6173,-179.0916,0.05172206
29,39,1490,4.731327e-07,1,10,8.416441e-06,1e-05,10,8.836251e-06,3.908277e-05,1,1,5e-07,6.019629e-06,6,4,0.7736108,5e-07,3,10,5e-06,6.530901e+09,0.004711229,0.268781,0.1343905,-82.1885,-104.1436,-171.7566,-173.7117,0.2925678
29,40,1491,1.8e-07,2,10,5.760885e-06,1e-05,10,6.875104e-06,3.646845e-05,1,1,5e-07,9.38276e-06,8,2,0.75,5e-07,2,6,9.343311e-06,7.309545e+09,0.008359063,0.8975512,0.4487756,-80.25086,-108.3129,-168.3071,-176.3691,0.1877005
29,41,1492,4.843105e-07,3,7,8.416441e-06,7.917311e-06,7,7.267513e-06,4.317752e-05,1,2,4.941856e-07,5e-06,7,1,0.8792539,1.8e-07,5,7,5e-06,5.727469e+09,0.003917384,1.095576,0.5477881,-85.61878,-111.7592,-174.8481,-180.9885,0.01513713
29,42,1493,3.41199e-07,2,10,9.314728e-06,5e-06,9,5e-06,3.48612e-05,1,3,5e-07,7.775952e-06,7,1,0.8074437,4.573012e-07,4,10,7.86665e-06,3.74027e+09,0.005472737,1.250619,0.6253096,-86.51755,-112.8696,-170.5936,-176.9456,0.05601719
29,43,1494,1.8e-07,2,6,5.932668e-06,1e-05,10,6.478652e-06,4.543956e-05,1,2,5e-07,5.65451e-06,10,1,0.75,4.519857e-07,4,7,6.290439e-06,4.548532e+09,0.004681161,1.017983,0.5089917,-79.73997,-107.8875,-166.1939,-174.3414,0.005144935
29,44,1495,1.8e-07,1,7,7.912661e-06,6.263208e-06,2,5e-06,5e-05,1,3,4.95652e-07,8.936508e-06,5,2,0.75,2.853652e-07,2,8,1e-05,4.086027e+09,0.005452562,1.779806,0.8899032,-82.47666,-110.3886,-167.3367,-175.2486,0.06239113
29,45,1496,4.280775e-07,2,6,5e-06,1e-05,10,7.238804e-06,3e-05,1,1,4.14475e-07,5e-06,10,3,0.9459577,5e-07,5,5,9.509966e-06,7.219268e+09,0.006865256,0.5779221,0.2889611,-88.17496,-110.7605,-176.9783,-179.5638,0.1726758
29,46,1497,4.676437e-07,1,6,8.142903e-06,5e-06,10,5.876894e-06,4.256107e-05,1,2,2.842832e-07,1e-05,5,1,1.2,1.8e-07,5,6,1e-05,5.276159e+09,0.006828149,1.469196,0.7345981,-87.67925,-114.0331,-173.7826,-180.1365,0.001193084
29,47,1498,5e-07,4,5,7.982271e-06,6.172865e-06,9,7.895108e-06,3.929958e-05,1,2,4.064559e-07,5.727109e-06,5,1,1.2,4.671758e-07,5,9,8.514828e-06,4.766287e+09,0.004122926,0.7604573,0.3802287,-79.35802,-107.0447,-166.7696,-174.4562,0.0007446567
29,48,1499,3.126562e-07,3,6,1e-05,1e-05,8,6.113998e-06,3.821202e-05,1,2,5e-07,5e-06,10,3,0.75,5e-07,5,6,8.003767e-06,4.316415e+09,0.009401405,1.377366,0.6886829,-85.88986,-113.1052,-168.8604,-176.0758,0.01418455
29,49,1500,4.528393e-07,1,6,7.987078e-06,8.808444e-06,7,8.529987e-06,3.918763e-05,1,2,2.88467e-07,7.99495e-06,8,4,1.127435,3.037924e-07,2,9,5e-06,4.80775e+09,0.008563509,1.506922,0.7534609,-86.13192,-113.6109,-170.4442,-177.9232,0.0003757308
30,0,1501,3.876348e-07,4,5,6.058164e-06,7.998833e-06,10,9.094151e-06,5e-05,1,1,4.208505e-07,5e-06,8,1,0.9537985,4.083485e-07,5,5,6.093249e-06,7.174426e+09,0.004488917,0.4927011,0.2463505,-87.16895,-109.6192,-177.7633,-180.2135,0.1656588
30,1,1502,3.295137e-07,2,8,1e-05,5.103093e-06,8,9.916138e-06,3.680387e-05,1,3,4.628204e-07,1e-05,8,4,1.114512,3.275468e-07,2,8,1e-05,3.018669e+09,0.01818951,1.900455,0.9502276,-99.36068,-122.5734,-176.3588,-179.5715,0.8893684
30,2,1503,5e-07,2,8,6.113185e-06,7.086415e-06,7,6.856655e-06,3e-05,1,2,5e-07,5.858531e-06,7,1,0.9299693,3.383916e-07,4,9,7.353599e-06,6.290396e+09,0.004004045,0.8546856,0.4273428,-81.90464,-107.5855,-171.8532,-177.5341,0.05448072
30,3,1504,5e-07,5,7,7.811255e-06,5.736716e-06,9,6.392304e-06,3e-05,1,2,1.9781e-07,7.2211e-06,5,5,0.75,3.831857e-07,2,5,9.953695e-06,6.249694e+09,0.01224173,1.729431,0.8647157,-89.59633,-114.928,-174.6351,-179.9667,0.1244672
30,4,1505,3.890726e-07,1,5,9.455186e-06,6.347698e-06,1,5e-06,4.513455e-05,1,3,5e-07,7.30019e-06,5,1,1.180547,3.95803e-07,1,9,1e-05,5.712684e+09,0.003136616,1.598718,0.7993592,-86.20747,-110.8288,-176.3797,-181.001,0.01876348
30,5,1506,4.109461e-07,3,7,1e-05,7.399307e-06,6,5e-06,3e-05,1,4,5e-07,6.44515e-06,5,1,1.094297,5e-07,1,10,1e-05,4.26381e+09,0.003151395,1.350263,0.6751317,-87.45593,-113.3303,-175.0669,-180.9412,0.01685706
30,6,1507,1.8e-07,1,10,8.819145e-06,8.005707e-06,5,8.649029e-06,4.401251e-05,1,2,4.617442e-07,6.611715e-06,10,2,0.8322578,4.671226e-07,4,5,5e-06,5.104606e+09,0.008207369,1.647582,0.8237908,-91.73282,-116.9439,-176.75,-181.9611,0.009680975
30,7,1508,3.696395e-07,1,8,7.55577e-06,1e-05,9,5e-06,3e-05,1,4,4.692854e-07,9.172212e-06,6,1,0.8178364,5e-07,1,5,5e-06,4.033082e+09,0.002740795,1.349841,0.6749206,-95.1539,-118.6189,-182.8879,-186.3528,0.03130143
30,8,1509,3.006997e-07,2,5,5e-06,1e-05,6,7.662465e-06,3.476429e-05,1,2,5e-07,8.138036e-06,8,2,0.894352,2.691308e-07,3,8,6.618722e-06,5.37527e+09,0.006297751,1.261696,0.630848,-76.23262,-104.7347,-162.8488,-171.3509,0.002913242
30,9,1510,3.264361e-07,3,5,6.665064e-06,7.094182e-06,8,1e-05,3.879054e-05,1,1,5e-07,5.279759e-06,10,2,0.8557721,1.8e-07,5,6,7.860149e-06,7.591035e+09,0.008046806,0.9424083,0.4712041,-81.74,-108.7482,-170.2898,-177.298,0.2385719
30,10,1511,2.496413e-07,2,6,8.053976e-06,7.85521e-06,6,1e-05,5e-05,1,2,3.7161e-07,6.546647e-06,10,2,0.8519449,3.005299e-07,3,5,5e-06,4.845007e+09,0.009036792,1.744522,0.8722612,-94.94692,-119.0001,-179.0927,-183.1458,0.02669982
30,11,1512,3.368854e-07,1,7,5.116011e-06,9.886238e-06,4,1e-05,4.491109e-05,1,2,3.59101e-07,5.586521e-06,6,2,1.2,5e-07,1,10,5e-06,6.026495e+09,0.004509694,1.476326,0.738163,-91.01928,-115.8001,-180.0791,-184.8599,0.03300242
30,12,1513,3.924939e-07,2,8,5e-06,1e-05,9,9.767395e-06,3.227883e-05,1,1,3.233226e-07,9.535176e-06,9,2,0.9698985,4.719591e-07,5,10,5e-06,6.670318e+09,0.01022056,0.8872369,0.4436184,-79.60971,-107.7024,-165.9979,-174.0906,0.09529219
30,13,1514,1.8e-07,2,9,9.017725e-06,8.005707e-06,7,7.720435e-06,3.712207e-05,1,2,4.364241e-07,6.129147e-06,6,1,1.2,4.557585e-07,4,8,7.000825e-06,5.401497e+09,0.004676373,0.9889126,0.4944563,-81.92841,-109.5072,-169.8796,-177.4584,0.003494821
30,14,1515,1.877112e-07,3,10,7.608824e-06,8.558864e-06,10,5e-06,3e-05,1,2,4.14475e-07,5.734093e-06,10,2,0.75,5e-07,2,5,6.438496e-06,6.31013e+09,0.007809865,1.537036,0.7685178,-93.68564,-117.4121,-180.76,-184.4864,0.05691163
30,15,1516,3.283111e-07,5,5,5e-06,9.372114e-06,10,5.860328e-06,4.461906e-05,1,2,4.12411e-07,5e-06,5,1,1.102111,2.593921e-07,4,10,1e-05,4.521119e+09,0.003868751,0.7732037,0.3866018,-81.64531,-109.2351,-168.8745,-176.4643,0.005978778
30,16,1517,2.17803e-07,2,10,8.819145e-06,8.364326e-06,2,6.684921e-06,3.935619e-05,1,3,5e-07,5.0822e-06,6,1,1.041519,1.8e-07,3,8,9.747552e-06,4.832003e+09,0.003833823,1.353375,0.6766874,-84.39275,-110.9142,-172.239,-178.7605,0.000192572
30,17,1518,4.53186e-07,2,6,1e-05,8.396515e-06,9,7.51432e-06,3.457333e-05,1,2,4.376889e-07,6.052968e-06,10,1,0.75,5e-07,4,10,6.723525e-06,5.036882e+09,0.00491464,0.875563,0.4377815,-79.53376,-106.5188,-166.6621,-173.6471,0.0
30,18,1519,4.534161e-07,2,6,9.301873e-06,7.973169e-06,4,6.871214e-06,3.350356e-05,1,3,5e-07,9.658621e-06,7,1,0.8004855,5e-07,2,7,5.489526e-06,5.18449e+09,0.004229879,1.530367,0.7651835,-90.67789,-114.6801,-178.7087,-182.7109,0.0006843016
30,19,1520,5e-07,2,8,5.778306e-06,5.62482e-06,10,8.165977e-06,5e-05,1,2,5e-07,8.345312e-06,7,1,1.101307,1.8e-07,3,10,7.633484e-06,4.647688e+09,0.005641507,1.315448,0.6577239,-90.23195,-115.6914,-176.0627,-181.5222,0.002651457
30,20,1521,3.461374e-07,2,8,1e-05,5.443536e-06,5,7.348756e-06,5e-05,1,2,5e-07,6.410827e-06,5,1,0.75,3.881896e-07,1,8,7.127976e-06,7.10931e+09,0.002806403,1.338814,0.6694069,-86.07825,-111.3497,-178.6333,-183.9048,0.155222
30,21,1522,5e-07,2,8,7.391509e-06,1e-05,10,5e-06,5e-05,1,2,5e-07,5e-06,9,1,0.75,5e-07,2,9,5e-06,5.145528e+09,0.003233924,1.059642,0.5298208,-88.22815,-113.0435,-177.3595,-182.1748,7.96934e-05
30,22,1523,2.541077e-07,4,9,1e-05,9.621926e-06,10,5e-06,3e-05,1,1,5e-07,7.713267e-06,10,2,1.026935,4.052052e-07,4,5,9.736121e-06,7.685432e+09,0.01277592,1.218397,0.6091986,-88.93137,-114.133,-175.5808,-180.7825,0.3340527
30,23,1524,4.230904e-07,2,8,7.023151e-06,7.086415e-06,6,1e-05,3.67103e-05,1,2,5e-07,5e-06,5,2,1.2,4.737782e-07,5,5,8.279322e-06,5.41471e+09,0.004793925,1.019655,0.5098277,-84.31408,-110.5328,-172.1787,-178.3974,0.003807867
30,24,1525,2.38858e-07,3,9,5.35576e-06,1e-05,8,5e-06,3e-05,1,2,3.532501e-07,6.159073e-06,5,3,1.173445,4.492931e-07,2,5,5.10113e-06,6.877252e+09,0.007427091,1.588973,0.7944863,-93.39999,-117.0398,-181.4401,-185.0799,0.1249571
30,25,1526,3.29054e-07,1,6,7.112992e-06,7.827276e-06,4,5e-06,3.453177e-05,1,2,4.10127e-07,9.416727e-06,7,1,0.9766683,4.404969e-07,1,5,1e-05,8.236116e+09,0.004154939,1.519844,0.759922,-85.08412,-110.7325,-177.2129,-182.8613,0.3783073
30,26,1527,1.8e-07,1,10,5.589117e-06,9.10302e-06,7,7.491119e-06,4.967354e-05,1,1,3.097574e-07,1e-05,8,3,0.8708502,3.005299e-07,2,7,5.823663e-06,7.14779e+09,0.01012619,1.301612,0.650806,-71.03065,-99.88438,-158.0596,-166.9134,0.1747518
30,27,1528,4.641194e-07,2,10,9.563378e-06,5.925169e-06,10,7.959597e-06,3.383003e-05,1,3,3.042559e-07,7.829468e-06,5,4,1.133077,3.95803e-07,1,10,5e-06,4.195949e+09,0.01034701,1.83454,0.9172699,-97.33989,-120.2368,-179.6483,-182.5452,0.07159004
30,28,1529,5e-07,1,9,5e-06,6.161693e-06,10,5.113045e-06,5e-05,1,2,2.539215e-07,1e-05,5,2,1.2,1.8e-07,5,8,9.906294e-06,4.293742e+09,0.008477799,1.563059,0.7815293,-86.5663,-113.8137,-169.9402,-177.1876,0.01707543
30,29,1530,3.365569e-07,3,6,5e-06,8.85303e-06,9,5e-06,5e-05,1,3,4.95652e-07,9.477289e-06,5,1,0.919637,1.8e-07,4,6,6.605446e-06,3.696781e+09,0.004763374,1.546188,0.7730941,-93.09051,-118.0923,-177.6678,-182.6696,0.0612454
30,30,1531,3.852734e-07,1,5,5e-06,1e-05,3,9.556782e-06,3.672177e-05,1,2,4.515472e-07,7.681369e-06,5,2,1.2,4.173765e-07,5,5,6.760494e-06,6.007495e+09,0.004468083,1.178273,0.5891367,-78.24433,-105.9797,-167.317,-175.0524,0.03166273
30,31,1532,5e-07,1,5,9.539455e-06,1e-05,8,8.546013e-06,5e-05,1,2,5e-07,1e-05,5,4,1.2,4.27083e-07,2,8,8.036181e-06,3.8412e+09,0.007185835,1.396076,0.6980378,-90.01499,-116.5806,-173.1396,-179.7052,0.04669131
30,32,1533,4.204542e-07,4,10,8.902463e-06,7.311317e-06,6,7.822025e-06,4.450128e-05,1,2,5e-07,5e-06,7,1,1.170772,5e-07,1,6,5e-06,6.883926e+09,0.002572929,1.189905,0.5949525,-89.71431,-114.23,-182.3668,-186.8825,0.1223526
30,33,1534,5e-07,1,7,9.974499e-06,9.529642e-06,9,8.781959e-06,3.826855e-05,1,3,4.576207e-07,8.693759e-06,7,1,0.75,5e-07,1,5,5e-06,3.94856e+09,0.002524023,0.9490901,0.474545,-94.16922,-118.3778,-182.0771,-186.2856,0.03770254
30,34,1535,4.824157e-07,1,6,5.347858e-06,5e-06,9,1e-05,3.596939e-05,1,2,1.9781e-07,8.351318e-06,5,4,1.2,2.306171e-07,5,8,5.144471e-06,5.291155e+09,0.007065662,1.337811,0.6689056,-78.42227,-106.7093,-164.4018,-172.6888,0.001404853
30,35,1536,3.801435e-07,1,10,7.408219e-06,6.924709e-06,7,6.050002e-06,3.562341e-05,1,2,3.037701e-07,9.254579e-06,5,1,0.8754169,4.769858e-07,1,7,5e-06,7.817013e+09,0.003905073,1.463997,0.7319987,-89.97683,-114.3934,-181.9214,-186.3379,0.28382
30,36,1537,4.217258e-07,1,10,8.142903e-06,5e-06,10,9.151014e-06,3e-05,1,2,1.8e-07,8.466224e-06,9,5,0.8817696,2.221631e-07,4,9,5.213153e-06,5.103143e+09,0.008927224,1.242965,0.6214827,-76.82156,-105.1786,-161.4711,-169.8282,3.798654e-07
30,37,1538,4.258017e-07,2,8,5e-06,8.601627e-06,10,5.10197e-06,3.384752e-05,1,2,4.473066e-07,8.309289e-06,8,2,0.907222,5e-07,1,7,5.6155e-06,6.043644e+09,0.005143603,1.329038,0.664519,-90.37661,-115.2546,-178.8899,-183.7679,0.03423546
30,38,1539,2.502093e-07,4,10,8.420859e-06,6.957727e-06,7,7.506915e-06,3.099772e-05,1,3,3.869381e-07,7.239246e-06,10,1,0.8003416,4.91331e-07,4,10,5e-06,4.020894e+09,0.008496573,1.579795,0.7898974,-92.47981,-117.8622,-175.2738,-180.6562,0.03501759
30,39,1540,3.686601e-07,2,6,8.416441e-06,8.111664e-06,9,6.238989e-06,4.891779e-05,1,2,3.676165e-07,8.617108e-06,6,4,0.7736108,3.340697e-07,2,9,5e-06,4.504874e+09,0.007081109,1.499112,0.749556,-79.70838,-107.9562,-164.281,-172.5288,0.006502464
30,40,1541,4.744126e-07,3,10,5.760885e-06,7.631151e-06,9,6.743578e-06,3.377914e-05,1,3,4.735178e-07,6.576057e-06,5,1,1.132836,4.01688e-07,4,7,6.70849e-06,4.190338e+09,0.003749372,1.071799,0.5358994,-85.42335,-112.2511,-172.1287,-178.9565,0.02097546
30,41,1542,4.843105e-07,4,7,5e-06,1e-05,8,7.99169e-06,4.803339e-05,1,2,4.033451e-07,8.175801e-06,5,1,1.17984,5e-07,3,10,9.698233e-06,4.060173e+09,0.005244444,0.986798,0.493399,-84.17873,-111.6214,-169.1526,-176.5953,0.02937567
30,42,1543,4.700163e-07,1,8,8.14424e-06,7.516904e-06,4,6.956375e-06,5e-05,1,1,4.10419e-07,8.596815e-06,5,2,1.2,5e-07,3,5,9.805164e-06,8.608075e+09,0.006529553,1.205862,0.6029311,-83.19752,-108.8609,-173.7468,-179.4102,0.4731483
30,43,1544,1.970761e-07,4,10,5.932668e-06,9.553012e-06,10,7.216184e-06,3e-05,1,1,4.14475e-07,5.399531e-06,8,5,0.75,5e-07,3,5,6.884572e-06,7.321106e+09,0.01263163,1.212939,0.6064695,-88.40724,-114.6468,-174.6842,-180.9237,0.2589247
30,44,1545,3.938418e-07,1,7,5e-06,5.685703e-06,7,9.805426e-06,3.426361e-05,1,3,2.443962e-07,9.518139e-06,5,3,1.2,2.088893e-07,1,10,6.819113e-06,4.487626e+09,0.00766196,1.755263,0.8776313,-91.42711,-117.1008,-175.624,-181.2978,0.0360421
30,45,1546,5e-07,4,6,7.628308e-06,5.821954e-06,10,5.247737e-06,3.553046e-05,1,2,5e-07,7.153014e-06,7,1,1.060316,4.992331e-07,5,7,7.234312e-06,5.442795e+09,0.00500018,1.01433,0.5071651,-82.80241,-109.2952,-170.529,-177.0218,0.004517815
30,46,1547,5e-07,5,5,6.404439e-06,8.575685e-06,10,7.835447e-06,3e-05,1,2,1.999622e-07,5e-06,8,5,0.75,3.296067e-07,3,6,6.992393e-06,5.375955e+09,0.007717384,1.205279,0.6026397,-79.92846,-107.8693,-165.6629,-173.6037,0.002927761
30,47,1548,2.848444e-07,1,6,1e-05,5e-06,10,5e-06,3e-05,1,2,3.493098e-07,7.908211e-06,8,1,0.885,2.73205e-07,5,10,9.496739e-06,5.363084e+09,0.006983428,1.0958,0.5478999,-74.38481,-102.706,-160.5324,-168.8537,0.002661017
30,48,1549,5e-07,1,5,5e-06,8.620884e-06,8,8.08688e-06,3.821202e-05,1,2,5e-07,9.453609e-06,5,5,1.2,4.256814e-07,1,7,5e-06,4.92814e+09,0.004063141,0.9593576,0.4796788,-82.88824,-110.4457,-170.6533,-178.2108,0.0
30,49,1550,5e-07,1,8,1e-05,9.135558e-06,9,5.209646e-06,3.646953e-05,1,3,5e-07,1e-05,5,2,0.75,5e-07,1,6,5e-06,4.494836e+09,0.003161139,1.28578,0.6428898,-84.93834,-111.8328,-172.9942,-179.8886,0.006837071
