0.00849137	5.09141e+09	1.33575	0.667877	-94.8746	-118.942	-179.722	-183.789	0.30374	0.151886	0.219045	-0.0933803	0.50285	
0.00982321	5.05972e+09	1.39191	0.695956	-95.537	-119.329	-179.697	-183.489	-0.268316	-0.2344	0.229731	-0.73142	0.0890343	
0.0101351	5.04107e+09	1.42421	0.712107	-96.1886	-119.86	-180.181	-183.852	0.0114978	-0.699314	0.349509	0.191962	-0.276333	
0.00865575	5.1025e+09	1.37389	0.686943	-95.3012	-119.288	-180.084	-184.07	0.922351	0.329253	-0.175562	0.437264	0.151069	
0.00929546	5.07594e+09	1.38193	0.690964	-95.5622	-119.422	-179.99	-183.849	0.218568	0.21146	0.383302	-0.357308	-0.063492	
0.0106197	5.06894e+09	1.45264	0.726321	-96.1851	-119.874	-180.022	-183.711	0.185747	-0.266271	-0.501712	-0.194045	-0.38028	
0.0106815	5.04477e+09	1.44294	0.721472	-96.194	-119.871	-179.964	-183.642	0.925328	-0.753364	-0.29768	-0.209129	-0.125087	
0.00933898	5.08988e+09	1.41065	0.705323	-95.9331	-119.752	-180.364	-184.183	-0.129788	0.27012	0.0187886	0.319041	-0.364837	
0.00877742	5.10022e+09	1.39328	0.696639	-95.6448	-119.541	-180.363	-184.259	-0.278728	0.165564	-0.126902	0.885037	-0.115913	
0.00886834	5.097e+09	1.38208	0.691042	-95.4523	-119.387	-180.12	-184.055	0.276485	0.258029	-0.0848664	0.310969	0.0480081	
0.00939321	5.07572e+09	1.39845	0.699223	-95.7189	-119.558	-180.101	-183.94	0.439936	-0.0619209	0.0336921	0.0854755	-0.0343184	
0.00850342	5.09866e+09	1.35251	0.676254	-95.0539	-119.097	-179.907	-183.95	0.142396	0.0428322	-0.148004	0.334564	0.48254	
0.00930122	5.09034e+09	1.38657	0.693283	-95.4988	-119.385	-179.948	-183.835	0.280347	0.563665	0.20155	-0.532004	-0.17325	
0.0092972	5.09778e+09	1.39536	0.697681	-95.454	-119.384	-179.918	-183.848	0.517268	0.242484	-0.449611	-0.116345	0.104411	
0.00946505	5.07668e+09	1.40964	0.704822	-95.9043	-119.692	-180.255	-184.042	-0.486219	-0.0964265	0.102144	0.354309	-0.249755	
0.00879233	5.08758e+09	1.34452	0.67226	-94.9825	-119.034	-179.672	-183.723	0.289141	0.111124	0.0916466	-0.441381	0.500468	
0.00916307	5.10143e+09	1.39938	0.699691	-95.6136	-119.518	-180.147	-184.052	0.150662	0.302841	-0.35826	0.2039	-0.0452852	
0.0110507	5.05524e+09	1.46859	0.734294	-96.4747	-120.045	-180.116	-183.686	-0.00801508	-0.213979	-0.0496966	-0.264829	-0.867713	
0.00990475	5.07545e+09	1.43935	0.719676	-96.2	-119.9	-180.351	-184.051	0.126622	0.0455161	0.0371988	0.470184	-0.69269	
0.00909378	5.11273e+09	1.39955	0.699773	-95.5487	-119.452	-180.134	-184.038	0.396632	0.931656	-0.0899026	-0.0755381	-0.397463	
0.00966036	5.06101e+09	1.41679	0.708395	-96.0596	-119.784	-180.294	-184.018	-0.0625813	-0.209474	0.44013	0.457199	-0.466733	
0.00972133	5.07627e+09	1.40888	0.704439	-95.7693	-119.588	-180.003	-183.821	0.319238	-0.0530996	-0.164661	-0.223553	-0.0492559	
0.00930801	5.07103e+09	1.39564	0.697822	-95.7132	-119.562	-180.127	-183.975	0.392531	-0.381963	-0.0721371	0.376189	0.148659	
0.00959111	5.07321e+09	1.40875	0.704375	-95.8224	-119.642	-180.109	-183.929	0.0619419	-0.388869	-0.273858	0.237474	0.08856	
0.00955014	5.07025e+09	1.40032	0.700162	-95.792	-119.622	-180.092	-183.923	0.230691	-0.290595	-0.0823187	0.0026057	0.0937482	
0.00851959	5.07423e+09	1.34927	0.674636	-95.3281	-119.268	-180.131	-184.072	-0.0493045	-0.133509	0.646585	0.511103	0.253086	
0.00884323	5.09416e+09	1.36469	0.682345	-95.2399	-119.232	-179.915	-183.908	0.00021375	0.129375	-0.0990313	-0.0486466	0.327701	
0.00993038	5.07018e+09	1.42841	0.714207	-96.0185	-119.775	-180.149	-183.906	-0.00457547	-0.440801	-0.357838	0.304779	-0.11328	
0.00983521	5.06907e+09	1.40921	0.704604	-95.8063	-119.604	-179.977	-183.775	-0.248736	-0.307605	-0.154766	-0.234428	0.0352277	
0.00943364	5.07429e+09	1.38859	0.694293	-95.624	-119.479	-179.985	-183.84	-0.188746	-0.0865294	0.0903842	-0.273534	0.0895721	
0.00877147	5.09854e+09	1.36602	0.683009	-95.2565	-119.24	-179.975	-183.958	-0.0616358	0.329263	0.0184533	-0.00956395	0.17734	
0.00833938	5.10673e+09	1.34011	0.670054	-94.8459	-118.95	-179.797	-183.901	0.0249909	0.260459	-0.0923966	0.179545	0.502699	
0.00981559	5.05423e+09	1.40201	0.701005	-95.8406	-119.62	-179.994	-183.774	-0.0522677	-0.560363	0.105723	-0.182324	0.113556	
0.00979037	5.06264e+09	1.40207	0.701037	-95.7467	-119.558	-179.926	-183.738	0.388749	-0.35855	-0.0559653	-0.310444	0.121742	
0.00851479	5.11226e+09	1.35984	0.679919	-95.195	-119.186	-180.065	-184.057	-0.535754	0.833575	0.313506	0.0195183	-0.103486	
0.00854502	5.10097e+09	1.35941	0.679705	-95.2827	-119.254	-180.119	-184.09	0.0696131	0.659495	0.449832	0.115409	-0.0748893	
0.00944166	5.07812e+09	1.41022	0.705111	-95.8891	-119.68	-180.253	-184.044	-0.0886573	0.0147225	0.125924	0.345536	-0.304291	
0.00913894	5.09457e+09	1.36638	0.68319	-95.141	-119.133	-179.674	-183.666	-0.449429	0.277069	-0.111987	-0.662739	0.283088	
0.00840095	5.09432e+09	1.35945	0.679727	-95.3583	-119.312	-180.257	-184.211	-0.051061	0.332957	0.481931	0.656365	-0.0153284	
0.00852655	5.10186e+09	1.33485	0.667424	-94.6424	-118.806	-179.489	-183.653	0.456862	0.194291	-0.192301	-0.250682	0.650877	
0.00938139	5.10803e+09	1.41886	0.709432	-95.7422	-119.601	-180.185	-184.043	0.109108	0.469115	-0.51558	0.270759	-0.291009	
0.00886109	5.09518e+09	1.36472	0.682362	-95.2092	-119.217	-179.878	-183.885	0.38007	0.177671	-0.153831	-0.104757	0.341158	
0.0079734	5.1162e+09	1.30189	0.650945	-94.1408	-118.444	-179.303	-183.606	-0.283663	0.396484	0.0123511	-0.0992011	0.766799	
0.00985352	5.05938e+09	1.40836	0.70418	-95.7774	-119.521	-179.923	-183.667	-0.0279876	-0.158669	0.354169	-0.276049	-0.234285	
0.00993598	5.06038e+09	1.40811	0.704053	-95.8849	-119.643	-179.996	-183.755	-0.0760232	-0.197874	0.203671	-0.449541	-0.131444	
0.0090412	5.11012e+09	1.39216	0.696081	-95.414	-119.367	-180.02	-183.973	-0.347254	0.310786	-0.543815	0.181414	0.105253	
0.00957141	5.08043e+09	1.42165	0.710825	-95.9682	-119.753	-180.276	-184.061	0.596415	0.0203188	-0.121634	0.433387	-0.332795	
0.0101502	5.04026e+09	1.4133	0.70665	-96.0738	-119.757	-180.058	-183.741	-0.436882	-0.60778	0.481488	-0.255727	-0.184327	
0.00909959	5.09955e+09	1.38874	0.694371	-95.4743	-119.424	-180.035	-183.984	0.282567	0.162766	-0.443532	0.10324	0.186114	
0.00969399	5.10491e+09	1.41216	0.706078	-95.4627	-119.4	-179.757	-183.695	0.0679192	0.124551	-1.01328	-0.291357	0.201054	
0.00972295	5.09042e+09	1.43136	0.715678	-95.9965	-119.767	-180.254	-184.024	-0.0859525	0.171274	-0.308889	0.324321	-0.439336	
0.0099756	5.06914e+09	1.41117	0.705587	-95.7881	-119.582	-179.897	-183.692	0.634314	0.00439579	-0.0515228	-0.618007	-0.109039	
0.00941054	5.08709e+09	1.39091	0.695454	-95.4399	-119.363	-179.833	-183.756	0.389644	-0.0292199	-0.409159	-0.247187	0.258238	
0.00923071	5.06988e+09	1.38324	0.691618	-95.6529	-119.499	-180.101	-183.946	-0.0992536	-0.118178	0.36626	0.0412672	0.0203118	
0.00854071	5.09603e+09	1.35262	0.676309	-95.2146	-119.192	-180.044	-184.021	0.0361281	0.573585	0.546017	0.01457	0.00750952	
0.00968831	5.07124e+09	1.41076	0.705382	-95.8317	-119.635	-180.071	-183.875	0.467377	-0.203611	-0.120856	0.0200714	-0.0504066	
0.00894678	5.10093e+09	1.39706	0.698529	-95.6002	-119.508	-180.237	-184.144	0.114072	0.130031	-0.37019	0.663068	0.00623776	
0.00871363	5.0887e+09	1.34698	0.673488	-95.1941	-119.192	-179.924	-183.923	-0.28334	0.281194	0.398627	-0.308264	0.271598	
0.00850921	5.07246e+09	1.33074	0.66537	-95.0668	-119.054	-179.872	-183.86	-0.0584821	-0.0941384	0.731138	0.0045643	0.453827	
0.0102988	5.09486e+09	1.45015	0.725076	-95.971	-119.747	-179.986	-183.762	0.270736	0.146228	-0.879935	-0.115394	-0.339899	
0.00918227	5.0944e+09	1.40713	0.703566	-95.8059	-119.635	-180.318	-184.147	-0.119371	0.391579	0.0799058	0.434157	-0.416915	
0.00937398	5.0811e+09	1.4142	0.7071	-95.9352	-119.724	-180.335	-184.124	0.386	0.128551	0.125732	0.535059	-0.420686	
0.00963601	5.09614e+09	1.41805	0.709027	-95.6872	-119.555	-179.993	-183.861	0.592994	0.132313	-0.679605	0.0210643	-0.0261543	
0.00861361	5.0814e+09	1.34762	0.673811	-95.2468	-119.197	-180.015	-183.964	-0.265937	0.200363	0.686375	0.032675	0.157602	
0.0101454	5.0635e+09	1.42986	0.71493	-96.0559	-119.763	-180.082	-183.789	-0.0737094	-0.186195	0.0486773	-0.139444	-0.382879	
0.0102933	5.06147e+09	1.43953	0.719763	-96.1727	-119.866	-180.133	-183.826	0.1683	-0.376442	-0.166231	0.0470796	-0.348163	
0.00902683	5.10446e+09	1.38477	0.692387	-95.404	-119.351	-180.008	-183.955	0.203732	0.562914	-0.142851	-0.140126	-0.0447462	
0.00939071	5.09203e+09	1.39777	0.698887	-95.5639	-119.454	-179.975	-183.865	-0.366753	0.0385985	-0.374883	-0.0762874	0.106703	
0.00990229	5.06934e+09	1.41825	0.709124	-96.0297	-119.789	-180.171	-183.931	0.257982	0.0826291	0.18351	-0.264858	-0.378765	
0.00918926	5.06802e+09	1.37896	0.689482	-95.5942	-119.453	-180.058	-183.917	0.257765	-0.130303	0.388037	0.0120714	0.0791306	
0.00891939	5.08295e+09	1.37025	0.685127	-95.5139	-119.414	-180.133	-184.033	0.0866367	0.321622	0.511386	-0.0416066	-0.0616796	
0.00966604	5.09013e+09	1.41021	0.705103	-95.6986	-119.543	-179.981	-183.825	-0.390655	0.112934	-0.370792	-0.245519	-0.0583639	
0.00989619	5.04799e+09	1.409	0.704501	-96.0321	-119.74	-180.14	-183.848	-0.105968	-0.354272	0.579167	-0.104117	-0.287345	
0.00981738	5.07603e+09	1.4216	0.7108	-95.9632	-119.724	-180.154	-183.915	-0.0729911	0.00998824	-0.0308324	-0.00969203	-0.332011	
0.00848035	5.12458e+09	1.3606	0.680298	-94.9217	-119.027	-179.831	-183.936	-0.134541	0.526619	-0.545651	0.220708	0.351523	
0.00815973	5.11765e+09	1.33378	0.666892	-94.7096	-118.854	-179.774	-183.919	-0.0222505	0.581202	-0.0200766	0.153149	0.401058	
0.00997065	5.06842e+09	1.41574	0.707872	-95.8706	-119.646	-179.981	-183.757	0.128411	-0.162846	-0.0993733	-0.357774	-0.11015	
0.00994179	5.07004e+09	1.41941	0.709703	-95.9796	-119.719	-180.105	-183.845	0.125892	0.129122	0.210069	-0.323346	-0.42425	
0.00948261	5.07722e+09	1.39271	0.696353	-96.0458	-119.947	-180.389	-184.29	-0.111038	-0.054433	-0.0252342	-0.288416	0.0801874	
0.00786819	5.10727e+09	1.3004	0.6502	-94.3448	-118.569	-179.55	-183.774	0.355554	0.392159	0.348746	0.139318	0.672125	
0.0103301	5.05658e+09	1.42366	0.711828	-95.8483	-119.506	-179.784	-183.442	-0.20583	-0.353044	-0.0195986	-0.570056	-0.156664	
0.00909498	5.08143e+09	1.38268	0.691341	-95.6397	-119.545	-180.171	-184.077	0.383872	0.00978551	0.0656988	0.110961	0.106727	
0.0105066	5.06827e+09	1.4423	0.72115	-96.1	-119.793	-179.983	-183.676	0.516085	0.0812893	-0.128383	-0.565321	-0.515001	
0.00887088	5.10273e+09	1.38615	0.693074	-95.4747	-119.405	-180.151	-184.081	0.0758622	0.392107	-0.12112	0.319438	-0.0465407	
0.00901555	5.08823e+09	1.35802	0.679012	-95.1821	-119.143	-179.764	-183.724	-0.0606821	0.503706	0.411557	-0.736706	0.0899185	
0.00734018	5.12289e+09	1.23853	0.619264	-92.8049	-117.523	-178.338	-183.056	0.757158	0.413756	0.221262	-0.0748533	1.20419	
0.0100446	5.0622e+09	1.4191	0.709551	-95.9588	-119.711	-180.026	-183.778	-0.502535	-0.498471	-0.16021	-0.140267	-0.0231856	
0.0100657	5.0647e+09	1.43895	0.719475	-96.0759	-119.799	-180.139	-183.861	0.0626608	-0.721096	-0.497673	0.624152	-0.111955	
0.00945854	5.07725e+09	1.39625	0.698125	-95.659	-119.508	-180.013	-183.862	0.014624	-0.0789024	-0.0402223	-0.11619	0.0416151	
0.00942264	5.09038e+09	1.41289	0.706446	-95.7765	-119.634	-180.17	-184.027	0.541694	-0.0493962	-0.511188	0.395384	-0.0032484	
0.00983837	5.06949e+09	1.40534	0.702669	-95.7428	-119.547	-179.913	-183.717	0.364633	-0.0396845	0.00615949	-0.527638	-0.0588317	
0.00966768	5.09821e+09	1.41643	0.708216	-95.6329	-119.518	-179.928	-183.813	0.232258	0.0559555	-0.819169	-0.0524632	0.0842603	
0.009038	5.09428e+09	1.38189	0.690945	-95.4684	-119.404	-180.049	-183.985	0.60435	0.366678	-0.0392774	-0.0826273	0.0317776	
0.00970522	5.07708e+09	1.4099	0.704949	-95.8584	-119.675	-180.101	-183.918	0.38416	-0.0145886	-0.147351	-0.187337	-0.0870534	
0.00927628	5.08272e+09	1.39232	0.696161	-95.675	-119.512	-180.123	-183.961	0.479696	0.462697	0.410112	-0.167329	-0.318511	
0.00905039	5.10008e+09	1.38769	0.693844	-95.4808	-119.423	-180.066	-184.008	-0.130998	0.140983	-0.392126	0.175144	0.169367	
0.0093947	5.09085e+09	1.40149	0.700745	-95.6784	-119.526	-180.085	-183.933	-0.0242437	0.395087	0.0219198	-0.175256	-0.242966	
0.00919098	5.07507e+09	1.39346	0.696732	-95.7996	-119.611	-180.275	-184.086	-0.584278	0.0133354	0.45978	0.377407	-0.259254	
0.00920271	5.09217e+09	1.38981	0.694907	-95.4942	-119.402	-179.993	-183.9	0.471046	0.309221	-0.100235	-0.123312	-0.00849994	
0.00955122	5.06018e+09	1.38015	0.690076	-95.5509	-119.402	-179.834	-183.685	-0.226761	-0.430914	0.151207	-0.463115	0.318901	
0.00985592	5.06466e+09	1.41546	0.707731	-96.0087	-119.735	-180.163	-183.889	-0.229065	0.0100112	0.404656	-0.149567	-0.443068	
0.00926818	5.06557e+09	1.38558	0.69279	-95.7136	-119.535	-180.136	-183.958	0.681508	0.0772384	0.623757	-0.00652148	-0.178943	
0.00993745	5.06393e+09	1.41269	0.706345	-95.8268	-119.626	-179.944	-183.743	0.116524	-0.566488	-0.349653	-0.12034	0.18447	
0.0101233	5.06966e+09	1.42503	0.712514	-95.9657	-119.713	-180.012	-183.759	0.0527171	-0.0879488	-0.118567	-0.37854	-0.250688	
0.00902096	5.08038e+09	1.36414	0.682072	-95.495	-119.413	-180.06	-183.978	0.0310397	0.373205	0.579898	-0.445812	-0.00524447	
0.00904515	5.04491e+09	1.36865	0.684327	-115.767	-140.349	-200.26	-204.842	0.260557	-0.948011	0.479005	0.623984	0.441491	
0.0101998	5.05224e+09	1.42765	0.713827	-96.0333	-119.774	-180.017	-183.757	0.714169	-0.799609	-0.352859	0.100483	0.0859869	
0.00963426	5.06433e+09	1.41047	0.705234	-95.924	-119.701	-180.176	-183.953	-0.0560491	-0.424742	0.0322279	0.296054	-0.069919	
0.0100503	5.07599e+09	1.41121	0.705604	-95.7013	-119.524	-179.79	-183.613	-0.380808	-0.149645	-0.383606	-0.68983	0.0785416	
0.00902897	5.07654e+09	1.3844	0.692199	-95.7	-119.542	-180.255	-184.097	-0.740095	-0.056971	0.437822	0.440437	-0.116394	
0.00911569	5.07931e+09	1.39083	0.695414	-95.658	-119.524	-180.176	-184.042	0.39752	-0.052721	0.0914919	0.376779	-0.00509321	
0.00899716	5.0842e+09	1.38572	0.692861	-95.6316	-119.498	-180.215	-184.081	0.333895	0.295726	0.384322	0.27653	-0.210876	
0.009704	5.06513e+09	1.40836	0.704179	-95.845	-119.63	-180.067	-183.852	0.139556	-0.300282	0.0445686	0.00947912	-0.0614659	
0.00954588	5.08786e+09	1.39654	0.698268	-95.4344	-119.368	-179.767	-183.701	0.0574173	-0.311899	-0.772025	-0.154496	0.446451	
0.00916843	5.09166e+09	1.38556	0.692779	-95.5252	-119.471	-180.039	-183.985	0.20571	0.00359905	-0.362293	0.00536231	0.262003	
0.00869335	5.10682e+09	1.35799	0.678997	-95.0725	-119.095	-179.844	-183.866	-0.191531	0.621547	0.0842196	-0.27629	0.13071	
0.0110365	5.04702e+09	1.44509	0.722545	-95.6987	-119.346	-179.331	-182.978	-0.139086	-0.500622	-0.190835	-0.927962	-0.268088	
0.00799604	5.10183e+09	1.32495	0.662476	-94.8479	-118.935	-179.974	-184.06	0.351084	0.361585	0.432391	0.512555	0.392963	
0.00903652	5.0815e+09	1.38119	0.690593	-95.5177	-119.42	-180.078	-183.98	0.0249265	-0.139911	-0.00819634	0.262661	0.193538	
0.0089193	5.08572e+09	1.37064	0.685318	-95.4514	-119.382	-180.075	-184.005	-0.350352	0.00536212	0.107627	0.0917311	0.21283	
0.00925681	5.08428e+09	1.39619	0.698096	-95.6312	-119.509	-180.091	-183.969	0.143538	-0.146348	-0.25705	0.279081	0.129476	
0.009014	5.09333e+09	1.38865	0.694323	-95.603	-119.478	-180.194	-184.069	0.170259	0.517266	0.285331	0.134958	-0.284275	
0.00850123	5.09287e+09	1.33015	0.665074	-94.7722	-118.862	-179.617	-183.706	0.369183	0.329716	0.334461	-0.359995	0.458624	
0.00885232	5.10294e+09	1.36843	0.684217	-95.1786	-119.196	-179.864	-183.882	-0.212317	0.164995	-0.363725	-0.00972078	0.370001	
0.00880248	5.10129e+09	1.36948	0.684739	-95.2707	-119.244	-179.978	-183.952	-0.210635	0.42167	0.0201638	-0.0405924	0.0989408	
0.00869208	5.08276e+09	1.34618	0.673089	-95.0795	-119.086	-179.81	-183.816	-0.0238142	-0.077716	0.207049	-0.061079	0.490628	
0.0096952	5.0597e+09	1.40518	0.702591	-95.7994	-119.545	-180.016	-183.761	0.0211549	-0.168536	0.430049	-0.0574613	-0.247334	
0.00967428	5.06369e+09	1.37857	0.689287	-95.5334	-119.373	-179.767	-183.606	-0.74747	-0.140572	0.312391	-0.924184	0.170989	
0.00837022	5.09631e+09	1.31929	0.659647	-94.6	-118.739	-179.518	-183.656	-0.42779	0.166548	0.232351	-0.293201	0.645458	
0.00946555	5.06235e+09	1.39497	0.697484	-95.8042	-119.601	-180.13	-183.926	0.0816628	-0.21872	0.391254	0.0598477	-0.0901641	
0.00954395	5.05041e+09	1.38476	0.692378	-95.7497	-119.541	-180.019	-183.81	0.347586	-0.294756	0.639145	-0.27836	0.00196205	
0.00929487	5.08928e+09	1.39102	0.695509	-95.6112	-119.466	-180.062	-183.917	-0.0921624	0.527819	0.286858	-0.34177	-0.272654	
0.0107327	5.05254e+09	1.44298	0.72149	-96.5916	-120.311	-180.355	-184.074	-0.486548	-0.28957	0.0834276	-0.604854	-0.496582	
0.0095944	5.08317e+09	1.40296	0.701482	-95.7391	-119.576	-180.042	-183.879	-0.337483	0.0859639	-0.11168	-0.291087	-0.0683996	
0.00927351	5.06852e+09	1.38961	0.694803	-95.7382	-119.586	-180.163	-184.011	-0.146575	-0.421846	0.0723438	0.302253	0.170288	
0.0100538	5.04812e+09	1.42221	0.711107	-96.1555	-119.841	-180.195	-183.881	0.0777117	-0.441031	0.394189	0.0810336	-0.361853	
0.00865345	5.09418e+09	1.34965	0.674827	-95.0718	-119.098	-179.841	-183.868	-0.00429091	0.227999	0.129908	-0.129592	0.360161	
0.00901148	5.09567e+09	1.37485	0.687426	-95.3588	-119.323	-179.955	-183.919	0.11067	0.274369	-0.119864	-0.186363	0.179334	
0.0097709	5.07421e+09	1.41678	0.708389	-95.8837	-119.67	-180.092	-183.878	0.0929663	-0.157865	-0.162353	0.0181838	-0.13563	
0.00914201	5.06649e+09	1.37002	0.685011	-95.512	-119.413	-179.996	-183.897	-0.841747	-0.708817	-0.0230137	0.148813	0.556207	
0.00891865	5.0805e+09	1.35113	0.675564	-95.1057	-119.095	-179.721	-183.71	-0.105617	-0.0269576	0.192474	-0.398137	0.444871	
0.00801197	5.11091e+09	1.32463	0.662317	-94.6951	-118.834	-179.828	-183.966	0.390012	0.497261	0.204837	0.331132	0.438798	
0.00939893	5.08489e+09	1.39349	0.696745	-95.5975	-119.46	-179.992	-183.855	0.074977	0.254122	0.0510338	-0.319061	-0.0840712	
0.00877799	5.08872e+09	1.38185	0.690925	-95.5336	-119.452	-180.232	-184.15	0.277084	-0.0770129	-0.0619243	0.728946	0.134568	
0.00907563	5.10042e+09	1.3962	0.698098	-95.5411	-119.457	-180.114	-184.03	0.118647	0.161701	-0.414001	0.36605	0.0580948	
0.00959866	5.07495e+09	1.4056	0.702798	-95.8223	-119.619	-180.109	-183.905	-0.319531	-0.0132074	0.112262	-0.0903974	-0.178253	
0.00920791	5.07464e+09	1.37932	0.689662	-95.5658	-119.434	-180.032	-183.901	-0.470552	-0.0979319	0.256402	-0.0852998	0.109125	
0.00948788	5.07001e+09	1.40441	0.702207	-95.7741	-119.605	-180.103	-183.934	1.01151	-0.309554	-0.14999	0.269375	0.07316	
0.00927965	5.07401e+09	1.38992	0.694961	-95.6521	-119.505	-180.084	-183.937	0.16719	-0.134077	0.120736	0.103652	0.0527782	
0.00972389	5.05602e+09	1.40798	0.70399	-95.9592	-119.713	-180.157	-183.911	-0.513057	-0.576445	0.195914	0.215879	-0.051728	
0.00992383	5.06667e+09	1.41729	0.708647	-96.0361	-119.748	-180.164	-183.875	-0.112046	0.243669	0.53097	-0.347242	-0.599906	
0.00866072	5.10891e+09	1.36543	0.682717	-95.1305	-119.158	-179.922	-183.949	-0.113543	0.353308	-0.264528	0.143912	0.272474	
0.00935665	5.10854e+09	1.41832	0.70916	-95.7217	-119.591	-180.176	-184.046	-0.0282431	0.337322	-0.644274	0.372022	-0.184527	
0.00857695	5.09248e+09	1.35851	0.679255	-95.1783	-119.189	-179.984	-183.994	0.198063	-0.157054	-0.182279	0.494254	0.505636	
0.00882431	5.09503e+09	1.37838	0.689189	-95.4915	-119.402	-180.178	-184.088	-0.166234	0.397046	0.248973	0.257727	-0.116585	
0.00902097	5.09412e+09	1.3947	0.69735	-95.7035	-119.583	-180.292	-184.172	0.153304	0.292568	0.00932776	0.391351	-0.170863	
0.00831115	5.10544e+09	1.33279	0.666395	-94.7597	-118.874	-179.724	-183.838	-0.234991	0.299373	0.0536454	0.0336415	0.508495	
0.00946995	5.08456e+09	1.41175	0.705874	-95.8736	-119.667	-180.235	-184.029	0.000297985	0.290964	0.145936	0.139979	-0.421407	
0.00880309	5.08666e+09	1.35572	0.677859	-95.1342	-119.137	-179.817	-183.819	-0.233694	-0.159705	-0.0760031	-0.00457811	0.52536	
0.00865506	5.09822e+09	1.36528	0.68264	-95.2251	-119.22	-180.001	-183.996	0.469408	0.247881	-0.0492712	0.25727	0.235417	
0.0099725	5.05601e+09	1.42332	0.71166	-96.1359	-119.829	-180.224	-183.917	-0.279331	-0.298266	0.368481	0.144722	-0.443765	
0.00963327	5.0646e+09	1.41687	0.708436	-96.0222	-119.775	-180.275	-184.028	0.131678	-0.335285	0.13031	0.491144	-0.261319	
0.00984402	5.07755e+09	1.43031	0.715157	-96.0805	-119.83	-180.262	-184.012	-0.23024	-0.178594	-0.249047	0.344989	-0.313001	
0.00903339	5.08502e+09	1.36437	0.682184	-95.3833	-119.337	-179.951	-183.904	0.0619008	0.260062	0.248434	-0.447816	0.172252	
0.00938852	5.08202e+09	1.38821	0.694103	-95.5346	-119.414	-179.929	-183.809	-0.21236	0.050969	-0.0295987	-0.330206	0.090564	
0.00990848	5.08605e+09	1.42687	0.713435	-95.947	-119.71	-180.115	-183.878	-0.0531368	0.34615	-0.104413	-0.263775	-0.477321	
0.00770742	5.12808e+09	1.29098	0.64549	-93.8586	-118.263	-179.189	-183.593	-0.30336	0.4425	-0.165576	0.165904	0.882604	
0.00908254	5.08844e+09	1.3758	0.687899	-95.3343	-119.284	-179.884	-183.833	0.196041	0.0552414	-0.142761	-0.130681	0.267624	
0.00964944	5.07776e+09	1.39417	0.697085	-95.5376	-119.415	-179.806	-183.683	0.047031	-0.10926	-0.253754	-0.516212	0.202218	
0.0098057	5.07778e+09	1.4176	0.708801	-95.921	-119.686	-180.12	-183.885	-0.193226	0.159307	0.0765521	-0.209082	-0.37242	
0.00861394	5.0923e+09	1.34836	0.674182	-95.1177	-119.113	-179.904	-183.899	-0.383285	0.284537	0.360667	-0.0860545	0.250067	
0.0092588	5.087e+09	1.39422	0.697109	-95.6187	-119.49	-180.082	-183.954	-0.149341	0.0679319	-0.0938199	0.0700641	0.00534518	
0.00900302	5.07625e+09	1.3849	0.692451	-95.7412	-119.6	-180.308	-184.167	0.0924292	-0.0323531	0.361017	0.470127	-0.0800594	
0.0102245	5.0657e+09	1.43944	0.719722	-96.1404	-119.85	-180.137	-183.847	0.233381	-0.379096	-0.304202	0.141059	-0.287847	
0.00889304	5.08381e+09	1.37515	0.687573	-95.5223	-119.413	-180.156	-184.047	-0.0314905	0.225307	0.423459	0.204288	-0.0705931	
0.00988216	5.08257e+09	1.44058	0.720289	-96.1474	-119.865	-180.321	-184.038	-0.182878	0.0412695	-0.182861	0.494842	-0.605991	
0.00956028	5.07941e+09	1.4134	0.706701	-95.8923	-119.687	-180.204	-183.999	-0.253526	-0.0724896	-0.0776044	0.235953	-0.202453	
0.00915976	5.06534e+09	1.37987	0.689937	-95.6328	-119.487	-180.106	-183.96	-0.483736	-0.490836	0.23485	0.313933	0.236133	
0.00898343	5.08664e+09	1.38182	0.690909	-95.6038	-119.471	-180.198	-184.065	-0.608169	0.280094	0.415409	0.186136	-0.182972	
0.00940578	5.09429e+09	1.40776	0.703881	-95.7799	-119.616	-180.188	-184.024	-0.355613	0.360531	-0.0828592	0.0080661	-0.286404	
0.00857559	5.1118e+09	1.37039	0.685193	-95.3414	-119.297	-180.18	-184.135	0.00785886	0.98056	0.39228	0.128651	-0.317606	
0.00857204	5.07487e+09	1.36069	0.680344	-95.4566	-119.375	-180.234	-184.153	0.530443	-0.0389212	0.619778	0.678204	0.0846001	
0.00948362	5.08356e+09	1.40509	0.702545	-95.7729	-119.589	-180.127	-183.942	0.128246	0.296065	0.129898	-0.114702	-0.296249	
0.00848234	5.08449e+09	1.33556	0.667778	-95.0977	-119.149	-179.937	-183.989	0.0817327	-0.0868892	0.262771	0.0841939	0.573977	
0.0094633	5.08093e+09	1.41217	0.706085	-95.8685	-119.68	-180.227	-184.039	0.127439	-0.0895381	-0.153367	0.378881	-0.151809	
0.00877745	5.09808e+09	1.37264	0.686319	-95.3413	-119.331	-180.056	-184.045	0.197457	0.00363035	-0.347261	0.369018	0.364971	
0.0103462	5.07815e+09	1.46073	0.730366	-96.3163	-119.976	-180.283	-183.943	0.736361	0.100012	-0.302843	0.360551	-0.817213	
0.00952957	5.06457e+09	1.39304	0.696521	-95.7214	-119.54	-180.022	-183.84	-0.193544	-0.320022	0.166242	-0.115637	0.087168	
0.00897904	5.09544e+09	1.36547	0.682733	-95.1805	-119.186	-179.792	-183.798	-0.0759944	0.173294	-0.190424	-0.315973	0.353888	
0.0102706	5.06034e+09	1.43661	0.718304	-96.115	-119.805	-180.083	-183.773	0.831268	-0.129744	0.0433991	-0.146971	-0.47135	
0.00922804	5.07217e+09	1.39379	0.696894	-95.7472	-119.583	-180.2	-184.036	-0.272518	-0.338058	0.090397	0.460343	0.0528618	
0.00826433	5.10596e+09	1.33115	0.665575	-94.8361	-118.923	-179.826	-183.912	-0.692203	0.393551	0.248663	0.0467694	0.403537	
0.00871594	5.0719e+09	1.33328	0.666642	-94.9938	-118.997	-179.694	-183.697	0.405612	-0.0178525	0.594795	-0.402694	0.48547	
0.00945646	5.05199e+09	1.38964	0.694821	-95.8023	-119.597	-180.114	-183.909	0.0897198	-0.53492	0.436502	0.161697	0.078408	
0.00981419	5.0752e+09	1.41715	0.708577	-95.8661	-119.658	-180.057	-183.848	0.216186	-0.120274	-0.210844	-0.0799824	-0.120122	
0.0103192	5.0666e+09	1.44081	0.720404	-96.1118	-119.774	-180.07	-183.732	0.299729	0.174223	0.217681	-0.265584	-0.744672	
0.00943995	5.07516e+09	1.39403	0.697017	-95.7009	-119.529	-180.06	-183.888	-0.146103	0.055111	0.226339	-0.184749	-0.100133	
0.00918911	5.06701e+09	1.37835	0.689173	-95.6193	-119.467	-180.082	-183.929	-0.327269	-0.202538	0.440817	0.0525058	0.0757853	
0.00947678	5.08531e+09	1.4016	0.7008	-95.7316	-119.555	-180.091	-183.915	-0.127514	0.354731	0.157591	-0.25536	-0.281246	
0.00874551	5.10248e+09	1.36228	0.68114	-95.1074	-119.135	-179.845	-183.873	-0.576848	0.0482102	-0.348909	0.104103	0.460792	
0.00963052	5.07403e+09	1.40714	0.703568	-95.7694	-119.592	-180.04	-183.863	0.265691	-0.224947	-0.19512	0.00809217	0.0332356	
0.0101044	5.05569e+09	1.42207	0.711036	-96.0967	-119.792	-180.127	-183.822	0.173917	-0.12296	0.396922	-0.264726	-0.448095	
0.00904632	5.06458e+09	1.36332	0.681662	-95.3026	-119.218	-179.829	-183.745	0.14872	-0.503533	0.183703	0.0481256	0.492172	
0.00924483	5.07366e+09	1.37473	0.687367	-95.4902	-119.366	-179.938	-183.814	0.243363	0.159986	0.429831	-0.428391	0.0285395	
0.00902822	5.10445e+09	1.38266	0.691329	-95.3553	-119.306	-179.958	-183.909	-0.0581124	0.531507	-0.144809	-0.187944	-0.00907467	
0.010062	5.05309e+09	1.43148	0.715738	-96.2224	-119.901	-180.267	-183.945	-0.0792715	-0.492666	0.213799	0.376991	-0.429192	
0.00950227	5.07282e+09	1.3996	0.699801	-95.7129	-119.55	-180.04	-183.876	-0.196232	-0.366685	-0.167194	0.105573	0.151129	
0.00998252	5.05657e+09	1.41403	0.707015	-95.9951	-119.722	-180.08	-183.807	0.158042	-0.189322	0.333943	-0.295275	-0.279643	
0.0093844	5.08707e+09	1.38087	0.690435	-95.3334	-119.275	-179.739	-183.681	-0.421186	-0.0600253	-0.335977	-0.476072	0.34827	
0.00986539	5.08115e+09	1.41962	0.709809	-95.927	-119.724	-180.105	-183.902	-0.0432809	0.0147818	-0.281587	-0.209376	-0.167892	
0.00938196	5.09125e+09	1.39465	0.697324	-95.5035	-119.413	-179.917	-183.827	-0.480937	-0.151902	-0.533891	-0.0249766	0.282356	
0.00976593	5.05674e+09	1.40961	0.704806	-95.9324	-119.696	-180.113	-183.877	0.197112	-0.498983	0.108755	0.113653	-0.0342991	
0.00998513	5.06733e+09	1.43411	0.717054	-96.1457	-119.844	-180.248	-183.946	-0.0794034	-0.151417	0.0882368	0.29506	-0.535936	
0.0087175	5.10173e+09	1.35836	0.67918	-95.1039	-119.117	-179.854	-183.868	0.102238	0.516878	0.104717	-0.228044	0.166412	
0.00822334	5.10341e+09	1.31931	0.659654	-94.5593	-118.727	-179.566	-183.734	-0.517093	0.111272	0.0274381	0.00152763	0.720434	
0.00912814	5.08771e+09	1.37965	0.689824	-95.477	-119.371	-180.004	-183.898	0.16259	0.443135	0.305328	-0.303055	-0.108576	
0.00935758	5.07241e+09	1.39798	0.698992	-95.7221	-119.564	-180.115	-183.957	0.230062	-0.352959	-0.0982003	0.327702	0.120848	
0.00856598	5.08445e+09	1.34521	0.672604	-95.2928	-119.268	-180.09	-184.065	0.297461	0.366904	0.69953	-0.0497784	0.128752	
0.0104984	5.06079e+09	1.4478	0.723898	-96.2977	-119.919	-180.171	-183.792	-0.256737	-0.0363934	0.217907	-0.160827	-0.789107	
0.00954927	5.08974e+09	1.40083	0.700413	-95.6258	-119.481	-179.96	-183.815	-0.0287257	0.39391	-0.0565015	-0.492974	-0.170412	
0.00931537	5.0791e+09	1.38506	0.69253	-95.5229	-119.411	-179.947	-183.835	0.104683	-0.0287447	-0.00475271	-0.222072	0.148007	
0.0102888	5.07282e+09	1.44811	0.724055	-96.1873	-119.886	-180.169	-183.867	0.439609	-0.153063	-0.357384	0.160643	-0.474002	
0.00978856	5.04913e+09	1.40748	0.703742	-95.9587	-119.709	-180.116	-183.866	0.543609	-0.551678	0.278803	0.106287	-0.0525355	
0.0102583	5.04643e+09	1.43349	0.716743	-96.1494	-119.777	-180.098	-183.726	0.164346	-0.448899	0.351723	0.114652	-0.499577	
0.00963379	5.05375e+09	1.386	0.693	-95.5973	-119.417	-179.832	-183.651	-0.217763	-0.624893	0.150071	-0.291233	0.319937	
0.00919461	5.07463e+09	1.3845	0.692249	-95.5975	-119.463	-180.07	-183.936	0.224268	-0.0713605	0.204593	0.0745938	0.0595578	
0.00950793	5.04936e+09	1.37926	0.68963	-95.6533	-119.473	-179.937	-183.757	0.517753	-0.453158	0.477921	-0.299405	0.209202	
0.00899695	5.09724e+09	1.37051	0.685254	-95.1329	-119.154	-179.739	-183.76	0.214143	0.00516222	-0.484245	-0.100093	0.477218	
0.0101753	5.06451e+09	1.43068	0.715342	-96.0938	-119.798	-180.109	-183.813	0.746376	0.0837473	0.170856	-0.312197	-0.523286	
0.00907897	5.07452e+09	1.37	0.685002	-95.4956	-119.373	-180.023	-183.901	-0.56255	0.0268432	0.491711	-0.152731	0.0702026	
0.00779268	5.12939e+09	1.31046	0.655231	-94.3453	-118.592	-179.63	-183.876	-0.281969	0.807801	0.104248	0.190793	0.469199	
0.00879564	5.10606e+09	1.39203	0.696013	-95.5826	-119.495	-180.302	-184.214	-0.312603	0.347842	-0.166156	0.666869	-0.130428	
0.00904733	5.07168e+09	1.38081	0.690406	-95.6827	-119.519	-180.22	-184.057	0.696711	0.297363	0.788132	0.158751	-0.307647	
0.00899176	5.08852e+09	1.36375	0.681877	-95.2682	-119.264	-179.862	-183.858	-0.0944219	-0.029591	-0.1561	-0.239799	0.438498	
0.00981387	5.09536e+09	1.39809	0.699043	-95.3644	-119.31	-179.589	-183.535	-0.291854	0.172336	-0.683453	-0.928763	0.230733	
0.00788972	5.12894e+09	1.2791	0.639552	-93.2484	-117.865	-178.478	-183.095	0.0213089	0.620753	-0.187094	-0.552554	0.930018	
0.0101024	5.07579e+09	1.43669	0.718343	-96.0086	-119.772	-180.074	-183.838	0.362656	-0.354554	-0.621807	0.181218	-0.10795	
0.00931784	5.0686e+09	1.39002	0.695009	-95.8025	-119.615	-180.207	-184.02	-1.15215	-0.310125	0.330248	0.213035	-0.0113082	
0.00957788	5.06283e+09	1.39617	0.698086	-95.7697	-119.574	-180.045	-183.849	-0.0306157	-0.293443	0.212659	-0.111971	0.0214174	
0.00940804	5.07473e+09	1.40489	0.702444	-95.8608	-119.661	-180.234	-184.034	-0.519259	-0.191461	0.0983655	0.371786	-0.148704	
0.00859722	5.10351e+09	1.34651	0.673253	-94.8846	-118.962	-179.698	-183.776	0.242512	0.474481	0.0410754	-0.283885	0.335506	
0.00788185	5.13653e+09	1.34392	0.671958	-94.828	-118.972	-180.075	-184.219	-0.210047	0.701786	-0.373568	0.852379	0.317483	
0.00944058	5.09436e+09	1.41099	0.705495	-95.7795	-119.619	-180.171	-184.011	0.42163	0.438066	-0.133462	-0.00370964	-0.315325	
0.0103957	5.05086e+09	1.44555	0.722773	-95.4	-119.073	-179.299	-182.971	0.786357	-0.78657	-0.336837	0.386129	-0.204331	
0.00806344	5.10806e+09	1.29537	0.647685	-93.9914	-118.332	-179.091	-183.432	0.042056	0.276696	0.070915	-0.329653	0.868511	
0.00925771	5.07522e+09	1.38876	0.694382	-95.6742	-119.517	-180.118	-183.961	-0.268027	-0.0465764	0.253283	0.073882	-0.035344	
0.00931813	5.06506e+09	1.39373	0.696863	-95.7439	-119.579	-180.142	-183.977	-0.0349897	-0.584927	-0.00993674	0.450899	0.21014	
0.00878729	5.09831e+09	1.38306	0.691531	-95.4883	-119.418	-180.198	-184.128	-0.0567095	0.163416	-0.125276	0.55239	0.0587969	
0.00856168	5.08318e+09	1.33862	0.669311	-95.229	-119.239	-180.026	-184.036	-0.0489291	0.173649	0.570876	-0.119546	0.329891	
0.00935541	5.08099e+09	1.38534	0.692668	-95.5078	-119.397	-179.916	-183.806	-0.476749	-0.10849	-0.102316	-0.241837	0.207079	
0.0101357	5.05825e+09	1.42119	0.710597	-95.7203	-119.35	-179.742	-183.372	0.318788	-0.345334	-0.0305814	-0.316022	-0.133592	
0.00860419	5.08731e+09	1.34808	0.674038	-95.1227	-119.143	-179.905	-183.926	-0.0387306	-0.131935	0.0407495	0.161962	0.539618	
0.00949904	5.07104e+09	1.40888	0.704441	-95.9269	-119.702	-180.252	-184.027	0.0330267	-0.0475537	0.278227	0.29541	-0.32211	
0.0099593	5.09582e+09	1.43054	0.715271	-95.8677	-119.683	-180.03	-183.845	-0.552636	0.0712083	-0.731953	-0.127149	-0.144004	
0.00912982	5.06311e+09	1.3655	0.682748	-95.4868	-119.357	-179.97	-183.84	0.131016	-0.100495	0.643895	-0.237725	0.137095	
0.00905058	5.09247e+09	1.38147	0.690734	-95.4737	-119.407	-180.046	-183.979	-0.538028	-0.0593775	-0.27017	0.14822	0.265936	
0.00941991	5.06682e+09	1.36008	0.680039	-95.1725	-119.126	-179.527	-183.48	0.307697	-0.178983	0.108492	-0.978532	0.485123	
0.0086799	5.10593e+09	1.37509	0.687547	-95.374	-119.326	-180.15	-184.102	0.353639	0.700266	0.177884	0.211308	-0.160145	
0.00852325	5.1206e+09	1.35741	0.678707	-94.9128	-119.01	-179.793	-183.891	-0.220056	0.547599	-0.394835	0.048718	0.327796	
0.00922131	5.09507e+09	1.39762	0.698811	-95.4994	-119.416	-179.994	-183.911	0.655851	0.0818315	-0.474887	0.20646	0.131021	
0.00875206	5.1022e+09	1.36456	0.682279	-95.1091	-119.137	-179.843	-183.871	0.56085	0.314368	-0.219099	-0.00437937	0.306848	
0.00976139	5.08911e+09	1.41605	0.708026	-95.7741	-119.592	-180.012	-183.829	-0.0771061	0.260281	-0.262911	-0.320647	-0.22438	
0.00984789	5.05957e+09	1.40062	0.700308	-95.7653	-119.562	-179.914	-183.711	0.265478	-0.310646	0.0872351	-0.468728	0.0680878	
0.00886491	5.10101e+09	1.36642	0.683212	-95.1566	-119.163	-179.833	-183.839	-0.234171	0.255601	-0.202156	-0.142257	0.298544	
0.0105153	5.03947e+09	1.42774	0.71387	-96.1241	-119.782	-179.954	-183.612	0.149525	-0.495161	0.347996	-0.521729	-0.31832	
0.0099007	5.065e+09	1.4068	0.703398	-95.7503	-119.565	-179.885	-183.7	-0.193779	-0.557279	-0.334934	-0.251917	0.249463	
0.00987755	5.08307e+09	1.41922	0.70961	-95.8474	-119.643	-180.023	-183.819	-0.695737	-0.053501	-0.338387	-0.207048	-0.125357	
0.00810989	5.12838e+09	1.318	0.658999	-94.1022	-118.459	-179.212	-183.568	-0.314295	0.316825	-0.63206	0.0550121	0.866569	
0.00907187	5.08994e+09	1.39496	0.697478	-95.7745	-119.625	-180.332	-184.182	0.053999	0.386476	0.26927	0.314981	-0.324833	
0.00908022	5.07909e+09	1.38299	0.691495	-95.7045	-119.567	-180.239	-184.102	0.637498	0.361439	0.543855	0.032476	-0.237964	
0.0100471	5.0743e+09	1.43218	0.71609	-96.0415	-119.78	-180.129	-183.867	-0.0865667	-0.138129	-0.236836	0.018134	-0.315445	
0.00942261	5.0587e+09	1.37184	0.685922	-95.3356	-119.241	-179.675	-183.58	0.103275	-0.716974	-0.0872337	-0.294224	0.619314	
0.00900527	5.08869e+09	1.37996	0.689978	-95.5711	-119.473	-180.158	-184.061	-0.241377	0.21152	0.163462	0.0636523	0.000686591	
0.00922348	5.09887e+09	1.39769	0.698844	-95.5559	-119.479	-180.056	-183.979	0.213249	0.108302	-0.530113	0.166544	0.136611	
0.0083085	5.11867e+09	1.32718	0.663592	-94.5324	-118.712	-179.52	-183.699	-0.135995	0.885302	0.175695	-0.481449	0.301656	
0.00944467	5.08221e+09	1.39558	0.697789	-95.5724	-119.459	-179.942	-183.828	-0.059649	-0.231095	-0.379799	-0.0361687	0.250537	
0.00960535	5.07792e+09	1.39971	0.699853	-95.7485	-119.587	-180.037	-183.876	-0.559921	-0.133996	-0.134048	-0.254314	0.0638152	
0.0093772	5.09276e+09	1.40686	0.703428	-95.7481	-119.574	-180.166	-183.992	-0.807108	0.279212	-0.0223122	0.0994017	-0.291103	
0.00996549	5.067e+09	1.41973	0.709865	-96.0127	-119.739	-180.123	-183.849	-0.0271375	0.0734643	0.281378	-0.291652	-0.446318	
0.00975853	5.05861e+09	1.41749	0.708747	-96.0761	-119.799	-180.263	-183.986	-0.251452	-0.364606	0.316744	0.366805	-0.340302	
0.00936272	5.07856e+09	1.39413	0.697063	-95.7137	-119.541	-180.114	-183.942	-0.72774	0.016453	0.204594	-0.0205802	-0.107227	
0.0101516	5.05955e+09	1.42462	0.712308	-96.0995	-119.788	-180.116	-183.805	-0.258503	-0.0594947	0.361357	-0.328635	-0.4964	
0.00925716	5.07438e+09	1.38937	0.694685	-95.5983	-119.475	-180.041	-183.918	0.575479	-0.255089	-0.0809115	0.186362	0.199251	
0.00830804	5.10741e+09	1.3254	0.662702	-94.5903	-118.748	-179.559	-183.717	0.0607264	0.493635	0.146692	-0.252785	0.486691	
0.00826097	5.10123e+09	1.32867	0.664334	-94.7367	-118.859	-179.72	-183.842	-0.0533571	0.146114	0.0567653	0.13982	0.608721	
0.00977847	5.08092e+09	1.42381	0.711903	-95.9924	-119.742	-180.209	-183.958	0.192775	0.330066	0.130974	-0.0512696	-0.561451	
0.0102734	5.058e+09	1.42638	0.71319	-95.9655	-119.67	-179.928	-183.633	-0.347297	-0.399841	-0.0451858	-0.349011	-0.186888	
0.00925948	5.11338e+09	1.38846	0.694231	-95.2403	-119.229	-179.749	-183.737	-0.00613271	0.699794	-0.473064	-0.587811	0.0203197	
0.0094132	5.07999e+09	1.39307	0.696536	-95.6015	-119.469	-179.981	-183.849	-0.0824068	-0.0745993	-0.106031	-0.142325	0.106161	
0.00911887	5.09495e+09	1.38116	0.690579	-95.4288	-119.367	-179.972	-183.911	-0.544813	0.109556	-0.23538	-0.106922	0.205607	
0.00938877	5.06953e+09	1.39652	0.698261	-95.8345	-119.63	-180.208	-184.003	-0.247705	-0.0193266	0.449881	0.119865	-0.236728	
0.00842414	5.09874e+09	1.34271	0.671355	-94.9567	-119.023	-179.851	-183.917	0.655544	0.335201	0.14535	0.0786036	0.377936	
0.0102245	5.0861e+09	1.44647	0.723237	-96.0619	-119.804	-180.093	-183.835	0.410259	0.0942242	-0.580657	-0.0225667	-0.420432	
0.00952228	5.08882e+09	1.40333	0.701665	-95.587	-119.473	-179.932	-183.818	0.336481	0.00149017	-0.47454	-0.115202	0.120128	
0.00958858	5.0682e+09	1.40816	0.704082	-95.9319	-119.714	-180.211	-183.993	0.565964	-0.0532629	0.22423	0.0980203	-0.244223	
0.009726	5.06675e+09	1.42141	0.710707	-96.058	-119.794	-180.273	-184.01	0.35161	-0.11723	0.209391	0.343546	-0.427177	
0.0101329	5.06913e+09	1.42853	0.714267	-96.0006	-119.744	-180.042	-183.785	-0.1616	-0.269736	-0.251356	-0.16142	-0.187027	
0.00865309	5.08258e+09	1.35051	0.675256	-95.1642	-119.154	-179.914	-183.904	0.141052	-0.0955277	0.208599	0.148183	0.439819	
0.00868412	5.092e+09	1.36794	0.683971	-95.3594	-119.336	-180.11	-184.087	0.349456	-0.0504513	-0.133702	0.479054	0.344126	
0.00893936	5.09158e+09	1.37048	0.685241	-95.3865	-119.332	-180.011	-183.956	0.116498	0.338332	0.158102	-0.17515	0.0874373	
0.00899056	5.08666e+09	1.37381	0.686905	-95.5456	-119.463	-180.136	-184.054	-0.091822	0.22366	0.226415	-0.0816239	0.0582998	
0.0100463	5.07829e+09	1.4358	0.717902	-96.0701	-119.801	-180.164	-183.896	0.0826295	0.0464525	-0.196904	0.016404	-0.457131	
0.00977927	5.07419e+09	1.40917	0.704585	-95.7759	-119.585	-179.98	-183.79	0.317054	-0.0320539	-0.103125	-0.325069	-0.0795936	
0.0100817	5.07426e+09	1.43064	0.71532	-96.0466	-119.803	-180.119	-183.875	-0.134367	-0.221446	-0.35824	-0.0578667	-0.193414	
0.0102025	5.05907e+09	1.42484	0.712421	-96.0687	-119.773	-180.063	-183.767	-0.0934242	-0.180708	0.16635	-0.38196	-0.34602	
0.00863121	5.11997e+09	1.38002	0.690008	-95.3238	-119.325	-180.148	-184.15	0.294263	0.654997	-0.37134	0.386769	0.015813	
0.00905872	5.08582e+09	1.38382	0.69191	-95.6747	-119.543	-180.231	-184.1	-0.458316	0.245841	0.328733	0.100567	-0.139858	
0.00912093	5.07973e+09	1.38982	0.694912	-95.6141	-119.492	-180.131	-184.008	0.780428	-0.0262449	0.0358368	0.308962	0.0378939	
0.00977218	5.06982e+09	1.42658	0.71329	-96.2039	-119.979	-180.404	-184.179	-0.375221	-0.349609	-0.0765912	0.509424	-0.301272	
0.00891558	5.07375e+09	1.37792	0.688961	-95.5667	-119.459	-180.172	-184.064	0.0817652	-0.386724	0.107299	0.613341	0.249177	
0.00927162	5.07631e+09	1.38679	0.693397	-95.602	-119.468	-180.041	-183.907	-0.316048	-0.178298	0.0497178	0.0285986	0.135124	
0.00905853	5.07108e+09	1.36772	0.683859	-95.4801	-119.362	-180.012	-183.893	0.0975062	0.0636585	0.579091	-0.176333	0.0624315	
0.00893961	5.08131e+09	1.37675	0.688377	-95.5114	-119.411	-180.118	-184.018	-0.0562354	-0.0414088	0.190361	0.293937	0.113792	
0.00983578	5.07588e+09	1.43191	0.715957	-96.1121	-119.838	-180.294	-184.02	-0.319927	-0.0807201	-0.0424207	0.38875	-0.489899	
0.0091589	5.07387e+09	1.38057	0.690283	-95.5627	-119.44	-180.051	-183.928	-0.0562195	-0.187876	0.163693	0.0933383	0.163748	
0.00925729	5.09895e+09	1.40222	0.701111	-95.6162	-119.506	-180.101	-183.991	-0.540589	0.061399	-0.477904	0.269462	0.0519419	
0.00985002	5.0658e+09	1.40549	0.702743	-95.7795	-119.58	-179.938	-183.739	-0.0706996	-0.299761	-0.0747421	-0.368126	0.0582972	
0.00893372	5.08594e+09	1.36385	0.681924	-95.3912	-119.321	-180.008	-183.938	-0.280342	0.315125	0.409477	-0.285895	0.0700848	
0.00960451	5.06814e+09	1.42172	0.71086	-96.0819	-119.814	-180.354	-184.086	-0.271709	-0.215567	0.2409	0.668576	-0.474711	
0.0102061	5.05336e+09	1.42157	0.710784	-91.4297	-114.839	-175.413	-178.822	-0.134581	-0.0661354	0.519439	-0.476079	-0.506735	
0.00856579	5.08726e+09	1.32067	0.660335	-94.5599	-118.74	-179.362	-183.542	0.459143	-0.0778634	0.0161234	-0.477253	0.831806	
0.00895489	5.08394e+09	1.37974	0.689869	-95.5424	-119.435	-180.146	-184.038	-0.132302	0.0584569	0.205534	0.282675	0.028869	
0.00948312	5.08387e+09	1.40051	0.700253	-95.6981	-119.533	-180.053	-183.887	-0.148595	0.216311	0.0489564	-0.231033	-0.164851	
0.00952054	5.08287e+09	1.39566	0.69783	-95.5875	-119.453	-179.923	-183.789	0.17579	0.157058	-0.0765632	-0.418964	-0.00391874	
0.00895239	5.08204e+09	1.35499	0.677494	-95.1316	-119.119	-179.733	-183.72	-0.176345	-0.0572374	0.0877157	-0.356774	0.452711	
0.00921669	5.08518e+09	1.39381	0.696905	-95.7027	-119.571	-180.183	-184.052	0.101815	0.102403	0.00592239	0.128607	-0.0478334	
0.00761997	5.11927e+09	1.29428	0.64714	-94.2065	-118.483	-179.571	-183.848	-0.156835	0.35456	0.117508	0.486316	0.786092	
0.00983019	5.0627e+09	1.42333	0.711663	-96.0608	-119.798	-180.223	-183.96	0.252486	-0.370368	0.0283031	0.343445	-0.26033	
0.0108869	5.05282e+09	1.45495	0.727477	-96.32	-119.946	-180.022	-183.648	0.0154479	-0.411997	-0.164471	-0.383862	-0.504713	
0.00960216	5.0794e+09	1.38862	0.694308	-95.3892	-119.316	-179.682	-183.609	0.483905	-0.179852	-0.440515	-0.542719	0.378926	
0.00915229	5.09309e+09	1.37763	0.688817	-95.2962	-119.242	-179.821	-183.766	0.0275633	0.296826	-0.0803994	-0.37887	0.135507	
0.0092413	5.10247e+09	1.39776	0.698878	-95.6285	-119.503	-180.127	-184.001	-0.569874	0.615136	-0.00629449	-0.182897	-0.290701	
0.00948793	5.06524e+09	1.39301	0.696505	-95.9697	-119.795	-180.29	-184.116	0.621322	-0.0808875	0.309217	-0.164409	-0.0489555	
0.00892239	5.0679e+09	1.35937	0.679684	-95.416	-119.317	-180.008	-183.909	0.0185976	-0.124123	0.593948	-0.0159059	0.214318	
0.00930235	5.10006e+09	1.39048	0.69524	-95.4233	-119.364	-179.889	-183.829	0.482344	0.489689	-0.282632	-0.431107	0.0100146	
0.0096821	5.06034e+09	1.38322	0.691612	-95.7155	-119.487	-179.939	-183.711	-0.169201	0.342649	0.930156	-0.999615	-0.319283	
0.00928819	5.08091e+09	1.39986	0.699928	-95.7382	-119.58	-180.178	-184.019	-0.112785	-0.0946658	-0.0394794	0.322664	-0.0462083	
0.00937473	5.07237e+09	1.39006	0.695032	-95.7281	-119.541	-180.113	-183.925	-0.288835	0.134511	0.495246	-0.169615	-0.208125	
0.00862667	5.09048e+09	1.33922	0.669612	-94.8712	-118.94	-179.648	-183.716	0.31217	0.141396	0.135301	-0.273804	0.514685	
0.00990382	5.06031e+09	1.42594	0.712971	-96.1342	-119.846	-180.26	-183.972	-0.665865	-0.528371	0.0599008	0.426436	-0.282258	
0.00912917	5.09942e+09	1.39123	0.695616	-95.5704	-119.45	-180.117	-183.996	-0.259145	0.641649	0.163815	-0.141906	-0.294634	
0.00783404	5.09705e+09	1.29514	0.647572	-94.4004	-118.606	-179.607	-183.813	0.431744	0.0557288	0.389211	0.326564	0.839536	
0.00944532	5.09024e+09	1.41819	0.709094	-95.9208	-119.71	-180.303	-184.092	0.149402	0.413115	0.0778857	0.295025	-0.544427	
0.00987755	5.07793e+09	1.42283	0.711416	-95.9069	-119.673	-180.074	-183.841	0.0356453	0.0543899	-0.114981	-0.124089	-0.310564	
0.00955477	5.07621e+09	1.40401	0.702006	-95.7163	-119.566	-180.025	-183.874	0.583641	-0.235711	-0.300457	0.0493114	0.12659	
0.00954958	5.08693e+09	1.41336	0.706679	-95.8063	-119.634	-180.136	-183.964	-0.0662055	-0.00544375	-0.32608	0.162435	-0.100818	
0.00955332	5.0864e+09	1.40639	0.703194	-95.6656	-119.525	-179.992	-183.852	0.400085	0.0374572	-0.362283	-0.0913832	0.019865	
0.0106023	5.04839e+09	1.44694	0.72347	-92.6748	-116.257	-176.484	-180.066	0.394637	-0.55054	-0.0603394	-0.0587626	-0.413006	
0.0103812	5.05514e+09	1.43187	0.715934	-96.0016	-119.713	-179.914	-183.625	0.899739	-0.505666	-0.292956	-0.276459	-0.0750902	
0.00910996	5.08427e+09	1.38743	0.693715	-95.6409	-119.515	-180.17	-184.044	-0.330123	0.0365346	0.100049	0.20342	-0.00351165	
0.00892915	5.10357e+09	1.37983	0.689916	-95.3657	-119.314	-180.015	-183.964	-0.198929	0.491346	-0.0652307	-0.0483549	-0.00929049	
0.00950705	5.07265e+09	1.39724	0.698618	-95.7288	-119.566	-180.053	-183.89	-0.203153	-0.266109	-0.063872	-0.0398682	0.106428	
0.0108664	5.04177e+09	1.44673	0.723366	-96.3318	-119.942	-180.023	-183.632	-0.591685	-0.628502	0.0954951	-0.423231	-0.439076	
0.00897835	5.05306e+09	1.36616	0.68308	-95.5994	-119.453	-180.138	-183.992	0.125146	-0.512652	0.712321	0.410925	0.207141	
0.0105522	5.05937e+09	1.44371	0.721856	-96.203	-119.879	-180.052	-183.727	-0.0715586	-0.374216	-0.212239	-0.266803	-0.353449	
0.00937388	5.07504e+09	1.38145	0.690727	-95.4544	-119.362	-179.844	-183.751	0.0350588	-0.296273	-0.181879	-0.249329	0.373453	
0.00875979	5.10578e+09	1.37502	0.687508	-95.3424	-119.299	-180.079	-184.035	0.214039	0.681757	0.119056	0.0457664	-0.112243	
0.00931037	5.06731e+09	1.39003	0.695013	-95.7849	-119.588	-180.191	-183.994	-0.714152	-0.149867	0.501673	0.16805	-0.140425	
0.00990018	5.079e+09	1.43846	0.719229	-96.1228	-119.854	-180.282	-184.013	-0.152914	-0.190536	-0.328657	0.528916	-0.405976	
0.00938298	5.08721e+09	1.40936	0.704681	-95.7143	-119.583	-180.121	-183.99	-0.0631504	-0.441451	-0.703078	0.609507	0.252	
0.00896463	5.07089e+09	1.36838	0.684189	-95.4453	-119.354	-180.022	-183.93	0.228218	-0.292657	0.234812	0.205022	0.314706	
0.0105939	5.07649e+09	1.45185	0.725926	-96.1271	-119.833	-179.988	-183.694	-0.14571	-0.122984	-0.579557	-0.308383	-0.386597	
0.00912799	5.09905e+09	1.39006	0.695028	-95.5022	-119.432	-180.048	-183.978	-0.311387	0.127435	-0.389906	0.108465	0.149358	
0.00907905	5.06889e+09	1.3678	0.683901	-95.4469	-119.343	-179.965	-183.861	0.286059	-0.142609	0.385364	-0.102058	0.226259	
0.00934508	5.09107e+09	1.40055	0.700277	-95.6368	-119.507	-180.067	-183.937	0.108772	0.192723	-0.199666	0.00510294	-0.063336	
0.00905369	5.07921e+09	1.37759	0.688796	-95.5447	-119.423	-180.092	-183.971	0.106384	0.15647	0.386924	0.00970676	-0.029557	
0.00896614	5.0746e+09	1.37096	0.68548	-95.4699	-119.373	-180.052	-183.955	0.144586	-0.150391	0.266579	0.177513	0.212617	
0.00967675	5.07578e+09	1.41298	0.706488	-95.8382	-119.644	-180.091	-183.897	-0.00325374	-0.23351	-0.240497	0.104721	-0.0319322	
0.00895669	5.07894e+09	1.37723	0.688613	-95.5324	-119.427	-180.126	-184.021	-0.266687	-0.182087	0.14852	0.366295	0.172898	
0.00852244	5.09093e+09	1.3429	0.67145	-95.1201	-119.138	-179.95	-183.968	-0.0610948	0.221396	0.357554	-0.00517107	0.336133	
0.0100784	5.06764e+09	1.42132	0.710659	-95.8998	-119.672	-179.962	-183.734	0.500562	-0.208217	-0.227711	-0.338238	-0.0960874	
0.00878758	5.08795e+09	1.37317	0.686586	-95.5154	-119.412	-180.208	-184.104	-0.754105	0.179006	0.399319	0.371715	-0.0549883	
0.0109357	5.05593e+09	1.44332	0.721661	-96.0809	-119.775	-179.768	-183.463	0.220993	-0.354067	-0.377925	-0.958043	-0.205917	
0.00889215	5.08477e+09	1.36544	0.682718	-95.4835	-119.416	-180.119	-184.051	-0.580501	0.0685461	0.260685	-0.0194032	0.187505	
0.00953022	5.07548e+09	1.40507	0.702535	-95.8237	-119.625	-180.142	-183.943	-0.142597	-0.00104293	0.130704	0.0180635	-0.192943	
0.0102265	5.06192e+09	1.43168	0.715841	-96.0606	-119.791	-180.05	-183.78	-0.376634	-0.633614	-0.377324	0.0372985	-0.0454295	
0.00889668	5.08174e+09	1.36508	0.682539	-95.4857	-119.432	-180.114	-184.06	0.144818	0.0788559	0.273606	-0.0314886	0.19994	
0.00890572	5.08921e+09	1.35862	0.67931	-95.1114	-119.117	-179.748	-183.754	-0.105196	0.00603499	-0.0872153	-0.237604	0.448837	
0.00922736	5.07517e+09	1.3825	0.69125	-95.5842	-119.448	-180.042	-183.906	-0.148192	-0.029326	0.255057	-0.0737178	0.0498972	
0.0094015	5.09347e+09	1.40567	0.702834	-95.7551	-119.575	-180.163	-183.984	0.416933	0.762635	0.284176	-0.236438	-0.550714	
0.00870969	5.10117e+09	1.36458	0.682288	-95.1599	-119.175	-179.913	-183.929	-0.264336	0.05129	-0.310678	0.23763	0.416841	
0.00903816	5.08713e+09	1.38927	0.694635	-95.624	-119.522	-180.193	-184.091	0.186513	-0.0709129	-0.15358	0.434329	0.118509	
0.00844541	5.07524e+09	1.33046	0.665229	-95.0264	-119.035	-179.869	-183.878	-0.0552799	-0.20472	0.547012	0.165635	0.560008	
0.0089713	5.08467e+09	1.38244	0.691222	-95.5439	-119.473	-180.141	-184.07	0.374297	-0.290758	-0.295211	0.507225	0.349414	
0.00928496	5.06473e+09	1.3827	0.69135	-95.6913	-119.516	-180.105	-183.93	0.371486	0.01918	0.614468	-0.0985539	-0.112277	
0.0095428	5.07311e+09	1.39014	0.69507	-95.6531	-119.481	-179.962	-183.79	-0.228313	0.117186	0.297829	-0.525359	-0.0805406	
0.00886787	5.10037e+09	1.36222	0.681111	-95.0848	-119.108	-179.759	-183.782	-0.337003	0.219062	-0.211918	-0.232827	0.365147	
0.00964119	5.08285e+09	1.42035	0.710176	-95.9003	-119.699	-180.181	-183.98	-0.163626	-0.154113	-0.346466	0.334212	-0.140819	
0.00877345	5.07676e+09	1.34791	0.673956	-95.2483	-119.183	-179.928	-183.864	-0.140219	0.249736	0.776772	-0.290764	0.129627	
0.00959154	5.05041e+09	1.38335	0.691673	-95.6908	-119.5	-179.938	-183.748	-0.0341188	-0.541525	0.374814	-0.297753	0.227566	
0.00875682	5.08184e+09	1.34682	0.67341	-95.0487	-119.065	-179.746	-183.762	-0.0567989	-0.189493	0.0703093	-0.110957	0.584386	
0.00955529	5.08768e+09	1.41187	0.705933	-95.795	-119.615	-180.123	-183.943	0.0741169	0.230989	-0.12751	-0.0392103	-0.246607	
0.0100216	5.06819e+09	1.42118	0.71059	-96.0003	-119.731	-180.088	-183.819	-0.555786	-0.0779752	0.110399	-0.288326	-0.33615	
0.0103766	5.04406e+09	1.42607	0.713036	-96.1301	-119.811	-180.025	-183.706	0.319693	-0.526874	0.197107	-0.358235	-0.224905	
0.00903359	5.08113e+09	1.38485	0.692425	-95.747	-119.597	-180.308	-184.157	-0.176803	0.253938	0.513089	0.239342	-0.247957	
0.00939185	5.08057e+09	1.4001	0.700048	-95.7223	-119.56	-180.113	-183.951	0.0713048	0.0380612	0.0135315	0.0504917	-0.0931358	
0.00898465	5.0928e+09	1.36981	0.684903	-95.2879	-119.273	-179.892	-183.877	0.160313	0.10108	-0.195674	-0.150938	0.335	
0.0087065	5.11245e+09	1.37199	0.685993	-95.1254	-119.17	-179.9	-183.945	0.102478	0.186916	-0.634627	0.331163	0.410126	
0.00888774	5.10722e+09	1.36469	0.682346	-95.1135	-119.135	-179.789	-183.811	-0.513216	0.51303	-0.140044	-0.412964	0.196491	
0.00902661	5.08072e+09	1.37851	0.689253	-95.506	-119.406	-180.069	-183.969	-0.14919	-0.11447	0.0817245	0.203625	0.17783	
0.00935218	5.08508e+09	1.38483	0.692415	-95.4217	-119.341	-179.838	-183.758	-0.209763	-0.0883644	-0.282441	-0.277821	0.287312	
0.0101533	5.0539e+09	1.42488	0.712439	-96.0729	-119.787	-180.079	-183.794	-0.551635	-0.707833	-0.105533	0.0355587	-0.0582819	
0.0102002	5.05839e+09	1.43518	0.717591	-96.1433	-119.822	-180.137	-183.816	0.238109	-0.254824	0.123988	0.0422484	-0.479698	
0.00866154	5.09645e+09	1.36767	0.683835	-95.3039	-119.284	-180.073	-184.054	-0.0472983	0.0623416	-0.107285	0.426304	0.283932	
0.00854619	5.06866e+09	1.33373	0.666863	-95.143	-119.111	-179.923	-183.891	-0.303949	-0.251227	0.720735	0.121286	0.478166	
0.00939719	5.08076e+09	1.38972	0.694858	-95.5102	-119.406	-179.899	-183.794	0.360502	-0.0793838	-0.206522	-0.204128	0.204885	
0.0103589	5.05654e+09	1.41832	0.709162	-95.7946	-119.472	-179.719	-183.396	0.160808	-0.126113	0.122967	-0.927709	-0.206775	
0.0102476	5.07247e+09	1.43758	0.718788	-96.0779	-119.803	-180.076	-183.801	-0.0619184	-0.167806	-0.320104	-0.137956	-0.316706	
0.0102917	5.06383e+09	1.42817	0.714087	-95.851	-119.643	-179.816	-183.608	0.722165	-0.682905	-0.745833	-0.176282	0.236691	
0.00950948	5.09239e+09	1.40038	0.70019	-95.6196	-119.478	-179.977	-183.835	-0.144373	0.452485	-0.0520913	-0.47812	-0.195604	
0.0090015	5.09078e+09	1.37765	0.688827	-95.5433	-119.449	-180.136	-184.042	0.0257922	0.4468	0.302187	-0.129373	-0.10506	
0.0104238	5.0854e+09	1.44843	0.724213	-96.1012	-119.812	-180.047	-183.758	0.0804282	0.354502	-0.346148	-0.462513	-0.628968	
0.0093157	5.06635e+09	1.38618	0.693089	-95.6664	-119.506	-180.068	-183.908	0.0944202	-0.249276	0.27083	0.0484136	0.0856545	
0.00876313	5.09156e+09	1.36295	0.681476	-95.2416	-119.22	-179.952	-183.93	-0.168958	0.055757	0.00578097	0.115495	0.318192	
0.0105444	5.06608e+09	1.43761	0.718804	-95.8994	-119.612	-179.763	-183.475	-0.489334	-0.43008	-0.504068	-0.476192	-0.0988312	
0.0100184	5.07149e+09	1.41168	0.705838	-95.7515	-119.564	-179.846	-183.658	-0.0377578	-0.229726	-0.323847	-0.548869	0.078016	
0.00898179	5.09683e+09	1.3699	0.684951	-95.2763	-119.245	-179.889	-183.857	-0.138481	0.406627	0.0275861	-0.354791	0.124939	
0.00960016	5.07889e+09	1.40122	0.700611	-95.6784	-119.523	-179.971	-183.816	0.163079	-0.0066511	-0.135457	-0.281827	0.0123935	
0.0102014	5.06437e+09	1.43811	0.719053	-96.1444	-119.83	-180.148	-183.834	0.169057	-0.175323	-0.00574617	0.0356075	-0.491389	
0.00859838	5.09998e+09	1.35698	0.678488	-95.1472	-119.154	-179.954	-183.961	-0.301067	0.275918	0.0583546	0.119617	0.264479	
0.00937459	5.08854e+09	1.40376	0.701878	-95.6869	-119.544	-180.099	-183.957	0.414577	0.176195	-0.172483	0.0748635	-0.10675	
0.0094594	5.07552e+09	1.39692	0.69846	-95.729	-119.55	-180.08	-183.901	0.133462	0.125338	0.244872	-0.170826	-0.167586	
0.00879654	5.08524e+09	1.36162	0.680808	-95.33	-119.266	-180.013	-183.949	0.0505338	0.284626	0.459586	-0.0426595	0.072812	
0.00884669	5.08956e+09	1.38008	0.690042	-95.5239	-119.431	-180.19	-184.096	-0.0079497	0.149703	0.147571	0.419137	-0.0022566	
0.0104815	5.07865e+09	1.45874	0.72937	-96.3028	-119.952	-180.214	-183.863	0.116136	0.248966	-0.16969	-0.0581664	-0.874482	
0.00878875	5.09615e+09	1.36539	0.682695	-95.2998	-119.253	-180.005	-183.958	-0.692704	0.328618	0.200182	-0.0261039	0.0987806	
0.00994022	5.06719e+09	1.41505	0.707527	-95.876	-119.653	-179.997	-183.775	0.122843	-0.240336	-0.115357	-0.270241	-0.0707487	
0.00908179	5.08533e+09	1.38926	0.694632	-95.6746	-119.525	-180.219	-184.07	-0.184189	0.291759	0.360028	0.209829	-0.247016	
0.00992022	5.08242e+09	1.43739	0.718693	-96.0528	-119.806	-180.209	-183.963	-0.251569	-0.242384	-0.527108	0.449298	-0.260367	
0.00838882	5.11018e+09	1.36792	0.683959	-95.3703	-119.331	-180.302	-184.263	-0.24212	0.700273	0.316969	0.613965	-0.201947	
0.00934359	5.06794e+09	1.39544	0.697719	-95.7653	-119.587	-180.157	-183.978	0.291474	-0.230983	0.21121	0.261609	-0.0284922	
0.00784005	5.10708e+09	1.29404	0.64702	-94.2052	-118.472	-179.425	-183.692	-0.413656	0.0571575	0.118662	0.231814	0.926255	
0.00863937	5.09579e+09	1.35096	0.67548	-95.0928	-119.115	-179.872	-183.894	-0.141721	0.242173	0.1176	-0.0825795	0.338999	
0.0101074	5.07369e+09	1.42806	0.714028	-95.971	-119.725	-180.031	-183.785	-0.544502	-0.257768	-0.337654	-0.16114	-0.154669	
0.00936954	5.09e+09	1.41555	0.707773	-95.8659	-119.682	-180.283	-184.099	-0.222388	0.0293678	-0.240268	0.556707	-0.238058	
0.0100786	5.0566e+09	1.42238	0.711189	-96.0063	-119.748	-180.049	-183.791	0.294917	-0.558798	-0.13735	-0.0272334	-0.0428437	
0.0100672	5.07534e+09	1.43588	0.717941	-96.116	-119.831	-180.196	-183.911	-0.699069	-0.137896	-0.170445	0.122217	-0.428728	
0.0103033	5.04892e+09	1.42811	0.714054	-96.1219	-119.807	-180.056	-183.742	0.58759	-0.407894	0.149678	-0.258705	-0.283584	
0.00868977	5.08817e+09	1.36777	0.683883	-95.4742	-119.412	-180.215	-184.154	-0.466846	-0.0555054	0.135332	0.502588	0.214206	
0.00877419	5.09116e+09	1.36879	0.684397	-95.3755	-119.34	-180.08	-184.044	0.223305	0.0710329	-0.0168076	0.250808	0.254187	
0.00888363	5.10741e+09	1.37607	0.688034	-95.3076	-119.268	-179.986	-183.946	-0.138171	0.707836	0.0411249	-0.208341	-0.0872633	
0.0101826	5.06861e+09	1.41987	0.709934	-95.8576	-119.634	-179.877	-183.653	0.0332152	-0.205723	-0.274921	-0.583402	-0.048356	
0.00876326	5.08955e+09	1.37578	0.687892	-95.5758	-119.484	-180.283	-184.191	0.145091	0.291815	0.344362	0.409891	-0.0922541	
0.0101209	5.05456e+09	1.42248	0.71124	-96.0541	-119.759	-180.076	-183.781	-0.11551	-0.405578	0.145413	-0.15129	-0.237372	
0.00918868	5.07985e+09	1.38559	0.692797	-95.5577	-119.444	-180.042	-183.928	0.0225159	-0.109724	-0.0108685	0.0857759	0.148406	
0.00937615	5.08506e+09	1.39493	0.697463	-95.556	-119.448	-179.962	-183.854	0.231557	-0.0297709	-0.270793	-0.0630735	0.136797	
0.00892016	5.07987e+09	1.36946	0.684731	-95.4356	-119.349	-180.049	-183.962	-0.476461	-0.131757	0.207506	0.182674	0.230944	
0.0109975	5.0465e+09	1.47136	0.735679	-96.5838	-120.156	-180.231	-183.803	0.0986312	-0.72997	-0.23341	0.316787	-0.681536	
0.0090098	5.08845e+09	1.37931	0.689653	-95.5211	-119.479	-180.106	-184.064	-0.156209	-0.266497	-0.373433	0.306659	0.414954	
0.00927133	5.09305e+09	1.40039	0.700197	-95.6385	-119.504	-180.107	-183.972	0.290391	0.36324	-0.0597843	0.0358826	-0.194315	
0.00965141	5.08653e+09	1.4314	0.7157	-96.0946	-119.815	-180.377	-184.098	-0.291342	0.447017	0.264246	0.427606	-0.873708	
0.00904223	5.09854e+09	1.38256	0.69128	-95.4358	-119.382	-180.022	-183.968	-0.559345	0.0920674	-0.328383	0.0789976	0.219825	
0.00984027	5.0603e+09	1.41042	0.705208	-95.8912	-119.661	-180.045	-183.815	0.0795038	-0.405964	0.0343352	-0.0923178	-0.0300518	
0.00825178	5.09319e+09	1.32881	0.664407	-95.0095	-119.051	-179.984	-184.025	-0.0926157	0.352081	0.62682	0.125185	0.311027	
0.00896229	5.08688e+09	1.36707	0.683536	-95.2809	-119.237	-179.886	-183.841	0.462489	0.232427	0.145571	-0.229601	0.186543	
0.00858142	5.11303e+09	1.35124	0.67562	-94.9557	-119.016	-179.794	-183.854	-0.185806	0.79296	0.108896	-0.357396	0.123718	
0.00965544	5.07724e+09	1.41995	0.709976	-95.9885	-119.753	-180.253	-184.018	-0.462665	-0.10411	-0.0332262	0.314166	-0.312406	
0.00897279	5.08677e+09	1.38348	0.691741	-95.6122	-119.508	-180.212	-184.107	-0.524052	-0.0704284	0.00274972	0.394018	0.105142	
0.008862	5.09661e+09	1.3526	0.676302	-94.984	-119.022	-179.654	-183.692	-0.541913	0.230848	-0.0415192	-0.480988	0.403512	
0.00941611	5.07017e+09	1.39557	0.697783	-95.7223	-119.555	-180.084	-183.917	0.120716	-0.253171	0.0628979	0.0973139	0.0593841	
0.0086155	5.1072e+09	1.35359	0.676794	-94.9146	-119.007	-179.725	-183.818	0.0248595	0.164225	-0.407492	0.0511906	0.53757	
0.00961778	5.06846e+09	1.39954	0.699769	-95.7644	-119.61	-180.031	-183.876	0.605183	-0.186046	-0.0119283	-0.207671	0.0588841	
0.010092	5.05348e+09	1.41288	0.706438	-95.9001	-119.662	-179.932	-183.694	-0.155605	-0.691725	-0.151699	-0.268031	0.152249	
0.0086253	5.12806e+09	1.37061	0.685304	-94.9484	-119.058	-179.79	-183.899	0.273804	0.574049	-0.779032	0.17333	0.332378	
0.00905083	5.08446e+09	1.37242	0.686212	-95.4809	-119.426	-180.039	-183.984	-0.179335	-0.0855241	-0.0724438	-0.0696667	0.323008	
0.00894804	5.10565e+09	1.3725	0.686251	-95.1528	-119.156	-179.797	-183.8	0.0773162	0.463726	-0.249149	-0.273475	0.181338	
0.00835658	5.1029e+09	1.33116	0.665578	-94.7085	-118.837	-179.645	-183.774	-0.157466	0.195712	-0.0112076	-0.0276921	0.596666	
0.00945519	5.06442e+09	1.39572	0.697862	-95.8173	-119.61	-180.151	-183.944	0.244633	-0.0525958	0.479661	0.0102113	-0.199795	
0.00923538	5.08039e+09	1.39607	0.698033	-95.7491	-119.58	-180.213	-184.044	-0.351866	0.0431837	0.207585	0.269121	-0.168562	
0.00898338	5.08496e+09	1.36885	0.684426	-95.3089	-119.261	-179.9	-183.852	0.0263817	-0.0192798	-0.00718326	-0.0807639	0.311919	
0.00970594	5.07247e+09	1.40531	0.702655	-95.7509	-119.568	-179.985	-183.802	0.513314	-0.0415566	-0.0372905	-0.295522	-0.0557424	
0.00875309	5.06898e+09	1.36188	0.68094	-95.4859	-119.382	-180.163	-184.059	0.131634	-0.154436	0.644091	0.432762	0.131463	
0.00897162	5.07051e+09	1.36497	0.682485	-95.4885	-119.368	-180.061	-183.94	-0.380103	-0.0252424	0.642355	-0.013353	0.0780332	
0.00969034	5.07433e+09	1.41633	0.708165	-95.847	-119.66	-180.091	-183.905	0.341231	-0.440798	-0.457502	0.321999	0.0967858	
0.00929206	5.06989e+09	1.3955	0.69775	-95.7907	-119.61	-180.21	-184.029	-0.538903	-0.362903	0.158093	0.431786	0.00802862	
0.00871109	5.11204e+09	1.37786	0.68893	-95.319	-119.3	-180.09	-184.071	-0.501736	0.373384	-0.317848	0.366953	0.12159	
0.00982065	5.05895e+09	1.40935	0.704675	-95.4403	-119.182	-179.6	-183.342	0.40674	-0.204288	0.280099	-0.161265	-0.195315	
0.0106766	5.06072e+09	1.46716	0.733578	-96.5208	-120.097	-180.321	-183.897	0.191327	-0.0768805	0.11097	0.294998	-1.07748	
0.00919639	5.07269e+09	1.37087	0.685437	-95.3491	-119.281	-179.818	-183.749	0.172474	-0.362512	-0.0829259	-0.16625	0.473687	
0.00820347	5.12457e+09	1.32791	0.663955	-94.5044	-118.707	-179.558	-183.76	-0.663249	0.685744	-0.111049	-0.155982	0.451595	
0.00992492	5.06044e+09	1.41498	0.707492	-95.9489	-119.705	-180.065	-183.821	0.476734	-0.263007	0.0842854	-0.17648	-0.150988	
0.00971342	5.06381e+09	1.40512	0.702562	-95.856	-119.635	-180.072	-183.851	0.164414	-0.183033	0.205299	-0.150902	-0.124281	
0.00961353	5.08874e+09	1.41761	0.708803	-95.8651	-119.665	-180.168	-183.968	-0.11753	0.266053	-0.11721	0.0165349	-0.350724	
0.00975201	5.0749e+09	1.41113	0.705564	-95.7858	-119.601	-180.003	-183.819	0.106701	-0.220688	-0.273478	-0.100672	0.0242696	
0.00975071	5.07368e+09	1.416	0.707998	-95.8918	-119.68	-180.108	-183.896	0.440329	-0.0899084	-0.109744	-0.00609593	-0.166625	
0.00996237	5.04798e+09	1.41171	0.705853	-96.0105	-119.739	-180.089	-183.818	0.135496	-0.556939	0.263228	-0.0773423	-0.0880801	
0.00878398	5.09269e+09	1.36384	0.681918	-95.1892	-119.215	-179.891	-183.917	0.587346	-0.15634	-0.393818	0.240332	0.563284	
0.00986083	5.07389e+09	1.41849	0.709245	-95.9237	-119.691	-180.091	-183.858	-0.118735	-0.0245212	-0.0303021	-0.168704	-0.259796	
0.00769982	5.11297e+09	1.29004	0.645018	-94.2031	-118.464	-179.512	-183.773	-0.585117	0.278352	0.279693	0.29431	0.807096	
0.0095473	5.0813e+09	1.40866	0.704328	-95.743	-119.582	-180.064	-183.903	0.249529	-0.159335	-0.337975	0.136485	0.0377812	
0.00934726	5.05557e+09	1.3704	0.685198	-95.5495	-119.397	-179.918	-183.765	-0.419643	-0.473722	0.451308	-0.274988	0.307394	
0.00964503	5.06601e+09	1.41003	0.705015	-95.9597	-119.713	-180.21	-183.964	-0.0102998	-0.0509164	0.379943	0.0960226	-0.358241	
0.008445	5.08659e+09	1.331	0.6655	-95.0356	-119.068	-179.898	-183.93	-0.129379	0.187724	0.548861	-0.104832	0.406565	
0.0102365	5.0664e+09	1.43784	0.718921	-95.9232	-119.596	-179.916	-183.589	-0.801599	-0.209763	0.00949499	-0.017053	-0.499915	
0.00971482	5.06793e+09	1.39009	0.695046	-95.549	-119.407	-179.771	-183.629	0.071183	-0.230214	-0.0737071	-0.647495	0.233309	
0.00955628	5.06386e+09	1.39583	0.697916	-95.8613	-119.621	-180.148	-183.908	0.082852	0.260416	0.813561	-0.314693	-0.452616	
0.00907265	5.08304e+09	1.38465	0.692327	-95.7064	-119.611	-180.252	-184.156	0.243526	0.138494	0.194652	0.148071	-0.0331213	
0.00842403	5.08653e+09	1.33915	0.669574	-95.1278	-119.169	-180.001	-184.042	-0.0579399	-0.157868	0.177607	0.321986	0.577745	
0.00980768	5.07835e+09	1.40849	0.704243	-95.7472	-119.575	-179.946	-183.774	-0.420251	-0.170028	-0.325009	-0.331186	0.0666687	
0.00965013	5.0631e+09	1.40558	0.702792	-95.875	-119.654	-180.118	-183.897	0.483949	-0.179404	0.238859	-0.0033786	-0.154783	
0.00962625	5.08252e+09	1.39869	0.699343	-95.6396	-119.496	-179.927	-183.783	0.0347059	0.160064	-0.104223	-0.526314	-0.0234458	
0.00904307	5.09647e+09	1.38857	0.694286	-95.5457	-119.468	-180.128	-184.05	-0.459639	-0.00198045	-0.34858	0.319215	0.179456	
0.0090093	5.08511e+09	1.39416	0.69708	-95.7859	-119.62	-180.365	-184.199	-0.468815	0.183569	0.369696	0.599071	-0.328991	
0.00943295	5.06147e+09	1.36851	0.684254	-95.3587	-119.264	-179.698	-183.603	0.551689	-0.311092	0.159284	-0.653873	0.423188	
0.00996097	5.05752e+09	1.40665	0.703326	-95.6226	-119.395	-179.718	-183.49	0.30976	-0.449303	-0.0518012	-0.403283	0.108691	
0.0101006	5.06862e+09	1.43692	0.718462	-96.0225	-119.725	-180.077	-183.779	0.318209	-0.105078	-0.0499628	0.11175	-0.487886	
0.0106165	5.06142e+09	1.45481	0.727405	-96.3072	-119.959	-180.133	-183.784	0.311931	-0.32768	-0.269092	-0.00955577	-0.522578	
0.00948791	5.08841e+09	1.41359	0.706793	-95.8146	-119.636	-180.175	-183.996	0.137087	0.16195	-0.18321	0.185901	-0.238011	
0.00892119	5.09393e+09	1.36152	0.680761	-95.1903	-119.195	-179.827	-183.832	-0.0763771	0.205237	-0.0630583	-0.330908	0.333242	
0.0101848	5.06928e+09	1.4327	0.716348	-96.0678	-119.789	-180.087	-183.809	0.0805874	-0.092558	-0.11676	-0.216828	-0.367936	
0.00893223	5.08472e+09	1.34851	0.674257	-95.0384	-119.082	-179.654	-183.698	0.554547	0.108688	0.0531394	-0.598853	0.489634	
0.00996864	5.08683e+09	1.4325	0.716249	-95.9425	-119.723	-180.085	-183.865	-0.125931	-0.00416094	-0.524114	0.0140592	-0.238431	
0.00868543	5.08518e+09	1.344	0.672001	-95.0313	-119.05	-179.769	-183.788	-0.155156	-0.0221654	0.193628	-0.146646	0.497517	
0.00861188	5.08298e+09	1.35087	0.675437	-95.1539	-119.152	-179.925	-183.923	0.304185	-0.165015	0.124347	0.273593	0.490931	
0.00947061	5.07029e+09	1.39703	0.698516	-95.7276	-119.553	-180.065	-183.89	0.0582258	-0.202179	0.0887663	0.00976284	0.0162427	
0.00943477	5.06044e+09	1.37967	0.689835	-95.6532	-119.501	-179.99	-183.838	-0.505917	-0.50403	0.193615	-0.205865	0.312474	
0.0107358	5.0694e+09	1.44761	0.723807	-96.1517	-119.828	-179.942	-183.619	-0.308315	0.0275327	-0.233758	-0.754505	-0.516999	
0.00925267	5.08831e+09	1.3857	0.692848	-95.5055	-119.396	-179.974	-183.864	-0.0846801	0.309281	0.0870492	-0.319375	-0.0354919	
0.0100832	5.06463e+09	1.42055	0.710275	-95.7196	-119.439	-179.775	-183.494	-0.212353	-0.321349	-0.132757	-0.289163	-0.104586	
0.00935968	5.07065e+09	1.38771	0.693854	-95.5688	-119.445	-179.958	-183.833	0.297165	-0.396259	-0.127236	0.0416873	0.304576	
0.00963582	5.07445e+09	1.412	0.705999	-95.8632	-119.661	-180.132	-183.93	-0.202137	-0.250259	-0.148767	0.1724	-0.0672777	
0.009113	5.0949e+09	1.38037	0.690185	-95.4546	-119.385	-180.001	-183.931	-0.672999	0.189399	-0.124613	-0.169433	0.137372	
0.00966249	5.07519e+09	1.40444	0.702218	-95.7592	-119.571	-180.017	-183.829	0.214746	0.0757149	0.0618375	-0.317931	-0.142292	
0.00911773	5.07119e+09	1.37519	0.687595	-95.5548	-119.452	-180.058	-183.955	-0.0561171	-0.375053	0.0745436	0.127493	0.338635	
0.00901841	5.09429e+09	1.38096	0.690478	-95.4931	-119.418	-180.083	-184.008	-0.277133	0.233955	-0.0389551	0.00483794	0.0697092	
0.00942049	5.08884e+09	1.42006	0.710031	-95.9414	-119.733	-180.333	-184.124	0.14681	0.224549	-0.0527508	0.511927	-0.457051	
0.0089658	5.07887e+09	1.36564	0.682819	-95.3339	-119.271	-179.923	-183.86	0.401899	0.0032455	0.210762	-0.0958137	0.261056	
0.00899024	5.06052e+09	1.35486	0.677429	-95.3522	-119.263	-179.898	-183.81	-0.114808	-0.46727	0.44959	-0.0571357	0.467806	
0.00981808	5.06439e+09	1.41892	0.70946	-96.0243	-119.763	-180.195	-183.934	-0.164857	-0.250599	0.146006	0.152298	-0.292831	
0.00942105	5.08085e+09	1.41948	0.709739	-96.009	-119.776	-180.387	-184.153	0.647414	0.259765	0.237542	0.582084	-0.605847	
0.0103332	5.04172e+09	1.43803	0.719013	-97.7789	-121.545	-181.688	-185.454	0.626644	-0.491698	0.393952	0.213762	-0.571115	
0.00924711	5.07335e+09	1.38647	0.693234	-95.6343	-119.489	-180.08	-183.935	0.301334	-0.0372116	0.247004	0.0235125	0.0106789	
0.00873354	5.09621e+09	1.37152	0.68576	-95.3393	-119.306	-180.072	-184.039	0.741612	0.338007	0.0418223	0.237829	0.0992259	
0.00932635	5.07653e+09	1.40012	0.70006	-95.8225	-119.626	-180.237	-184.04	-0.026344	0.133332	0.362985	0.216473	-0.314897	
0.00967743	5.09887e+09	1.41951	0.709753	-95.7222	-119.574	-180.014	-183.866	0.101182	0.278057	-0.57698	-0.112015	-0.149185	
0.00845008	5.09155e+09	1.34901	0.674506	-95.3035	-119.274	-180.172	-184.142	0.0672477	0.483364	0.687387	0.197619	0.0108474	
0.0108578	5.07361e+09	1.46968	0.73484	-96.3688	-119.999	-180.118	-183.748	-0.274284	-0.145121	-0.527821	-0.0629128	-0.693261	
0.00914472	5.07622e+09	1.37781	0.688906	-95.4747	-119.377	-179.974	-183.876	0.321073	-0.127634	0.07527	-0.0204649	0.226793	
0.00846455	5.09397e+09	1.35521	0.677603	-95.2893	-119.275	-180.154	-184.14	-0.363701	0.0650642	0.175388	0.512095	0.287791	
0.0091793	5.08399e+09	1.37782	0.688911	-95.4231	-119.337	-179.919	-183.833	-0.388026	-0.00309977	-0.0139603	-0.209545	0.210299	
0.00983132	5.07988e+09	1.42845	0.714227	-96.0142	-119.766	-180.205	-183.957	0.083027	0.0781804	-0.10935	0.138698	-0.429252	
0.00961987	5.06626e+09	1.39571	0.697857	-95.7422	-119.546	-180.004	-183.808	0.236474	-0.014523	0.316353	-0.377791	-0.102426	
0.00903108	5.0503e+09	1.35894	0.679471	-106.592	-129.057	-191.101	-193.566	0.180377	-0.433093	0.837098	0.061507	0.246558	
0.00860942	5.10279e+09	1.36427	0.682134	-95.2355	-119.224	-180.042	-184.03	-0.123358	0.387451	0.0499413	0.218944	0.136346	
0.00846547	5.07685e+09	1.3257	0.662848	-94.8615	-118.917	-179.697	-183.752	0.666539	-0.114037	0.449878	-0.0583875	0.636644	
0.00828318	5.12259e+09	1.35154	0.675772	-94.8917	-118.999	-179.9	-184.006	0.623935	0.779962	-0.165083	0.230524	0.203172	
0.00966843	5.06703e+09	1.417	0.708499	-96.0549	-119.785	-180.296	-184.026	-0.12427	-0.00893241	0.425907	0.283756	-0.523386	
0.00926928	5.06533e+09	1.37392	0.686958	-95.51	-119.383	-179.932	-183.805	-0.0245891	-0.279013	0.285937	-0.210911	0.256806	
0.00856238	5.12141e+09	1.33451	0.667255	-94.3304	-118.603	-179.192	-183.465	-0.389337	0.479058	-0.529267	-0.539331	0.643255	
0.00924318	5.08769e+09	1.40374	0.701872	-95.8337	-119.677	-180.306	-184.149	0.518288	0.258285	0.0355995	0.299697	-0.259251	
0.00994679	5.07908e+09	1.43057	0.715285	-96.0592	-119.786	-180.198	-183.925	-0.00454284	0.259794	0.0699535	-0.0919025	-0.595159	
0.00946491	5.0636e+09	1.38862	0.694309	-95.7536	-119.551	-180.082	-183.88	-0.403515	-0.0844357	0.546491	-0.206087	-0.119646	
0.0101162	5.04565e+09	1.43191	0.715957	-96.256	-119.924	-180.264	-183.932	0.181985	-0.656731	0.245077	0.442071	-0.384319	
0.00953303	5.07716e+09	1.40673	0.703365	-95.7862	-119.61	-180.106	-183.93	-0.0495916	-0.206091	-0.177987	0.151727	-0.000223512	
0.00948804	5.07796e+09	1.38766	0.693829	-95.6225	-119.501	-179.965	-183.843	0.0881125	0.036013	-0.00950881	-0.505642	0.115132	
0.0107589	5.06039e+09	1.47308	0.736538	-96.5737	-120.138	-180.34	-183.904	-0.294986	-0.294941	-0.056311	0.504025	-1.04092	
0.00919488	5.0923e+09	1.39023	0.695115	-95.6186	-119.549	-180.121	-184.052	0.0506532	0.0588379	-0.308191	0.0521564	0.156024	
0.00968672	5.06161e+09	1.40202	0.701011	-95.7896	-119.596	-180.014	-183.82	0.057271	-0.521902	-0.0646455	-0.0166283	0.15912	
0.00923337	5.04688e+09	1.36482	0.68241	-95.6144	-119.438	-180.021	-183.845	-0.584646	-0.554727	0.816654	-0.0765849	0.232745	
0.00925001	5.0906e+09	1.39245	0.696223	-95.5358	-119.434	-180.01	-183.908	0.0496442	0.119137	-0.211352	-0.0152399	0.0688045	
0.00976503	5.08809e+09	1.41721	0.708607	-95.8262	-119.603	-180.061	-183.837	-0.415246	0.429602	0.0223938	-0.372562	-0.443943	
0.00858326	5.09757e+09	1.34675	0.673374	-95.0084	-119.045	-179.819	-183.855	-0.7844	0.113735	0.0399218	-0.0190313	0.447027	
0.00866768	5.1103e+09	1.38666	0.693329	-95.5053	-119.441	-180.295	-184.231	0.416297	0.650196	-0.0278779	0.566764	-0.227172	
0.0101763	5.05144e+09	1.42777	0.713886	-95.883	-119.486	-179.875	-183.479	0.0290887	-0.391464	0.259722	-0.0341502	-0.379557	
0.00949806	5.09733e+09	1.40769	0.703844	-95.6187	-119.495	-179.989	-183.866	0.302559	0.353761	-0.382394	-0.188518	-0.112371	
0.00868719	5.09866e+09	1.37482	0.687412	-95.4091	-119.352	-180.169	-184.113	0.418969	0.437977	0.154247	0.37384	-0.0511299	
0.0107375	5.04555e+09	1.44598	0.722988	-96.5333	-120.149	-180.282	-183.898	-0.0429854	-0.173768	0.457648	-0.451045	-0.78139	
0.00988356	5.06637e+09	1.41533	0.707667	-95.9716	-119.712	-180.116	-183.857	-0.199043	-0.0322576	0.254017	-0.224037	-0.342755	
0.00929626	5.07444e+09	1.39124	0.695621	-95.7103	-119.542	-180.135	-183.966	-0.0780295	0.024528	0.315367	0.0474913	-0.115309	
0.0088063	5.11341e+09	1.36172	0.68086	-94.8799	-118.984	-179.606	-183.71	0.270089	0.449279	-0.504426	-0.291455	0.399055	
0.00870086	5.11848e+09	1.36888	0.684442	-95.0785	-119.126	-179.866	-183.914	0.371853	0.788046	-0.254433	-0.135168	0.0803951	
0.00991702	5.06684e+09	1.42585	0.712926	-96.0224	-119.767	-180.153	-183.898	0.328631	-0.288295	-0.110824	0.178589	-0.237316	
0.00960452	5.08369e+09	1.41708	0.70854	-95.8595	-119.666	-180.158	-183.965	0.0113246	-0.0565315	-0.2898	0.229784	-0.149045	
0.00899191	5.08829e+09	1.35737	0.678687	-95.1718	-119.16	-179.765	-183.753	-0.0330959	0.293615	0.18262	-0.601111	0.263947	
0.00950561	5.07011e+09	1.39356	0.696779	-95.74	-119.551	-180.061	-183.871	-0.366392	-0.0351027	0.316529	-0.230166	-0.0966309	
0.0102007	5.0633e+09	1.43071	0.715357	-96.1345	-119.818	-180.137	-183.82	-0.619558	-0.118623	0.193723	-0.213641	-0.498813	
0.00971901	5.08167e+09	1.4085	0.704249	-95.6962	-119.538	-179.94	-183.782	0.2041	-0.0182957	-0.320055	-0.279946	0.0114198	
0.00916673	5.07476e+09	1.36449	0.682243	-95.345	-119.256	-179.831	-183.742	-0.0512395	0.113523	0.405586	-0.554762	0.175409	
0.00996226	5.08361e+09	1.42625	0.713123	-95.9218	-119.696	-180.062	-183.836	-0.528678	0.0286367	-0.322591	-0.181366	-0.254563	
0.0100179	5.06553e+09	1.417	0.708502	-95.9107	-119.672	-179.995	-183.757	0.080104	-0.197734	-0.0447501	-0.365953	-0.136974	
0.0089531	5.09715e+09	1.38905	0.694524	-95.6214	-119.513	-180.248	-184.14	-0.554208	0.291758	0.0332179	0.343759	-0.124427	
0.00936339	5.07866e+09	1.38211	0.691055	-95.4364	-119.348	-179.837	-183.749	-0.204721	-0.248858	-0.223325	-0.253529	0.358297	
0.00947772	5.09173e+09	1.40064	0.700318	-95.5915	-119.468	-179.962	-183.839	-0.0308418	0.230742	-0.26099	-0.273157	-0.0309019	
0.00920272	5.0887e+09	1.39717	0.698587	-95.6186	-119.507	-180.112	-184	-0.234988	-0.232776	-0.421268	0.445586	0.199419	
0.00827621	5.1406e+09	1.36203	0.681015	-94.8946	-119.021	-179.937	-184.063	0.0848358	1.01337	-0.508837	0.317319	0.111197	
0.00957201	5.07263e+09	1.41739	0.708694	-96.3369	-120.15	-180.632	-184.445	0.391274	-0.487203	-0.356418	0.621314	0.0202805	
0.0095541	5.08747e+09	1.4182	0.709101	-95.9099	-119.697	-180.238	-184.025	-0.308066	0.219741	-0.0400527	0.19502	-0.403312	
0.00874221	5.09786e+09	1.3617	0.680852	-95.1509	-119.158	-179.882	-183.89	-0.070071	0.177058	-0.107293	0.0258924	0.334685	
0.00945502	5.08698e+09	1.39206	0.696028	-95.4294	-119.357	-179.802	-183.729	0.374166	-0.0954037	-0.50269	-0.252706	0.311105	
0.0094386	5.07527e+09	1.39532	0.697659	-95.7137	-119.541	-180.074	-183.901	0.158679	0.097316	0.228379	-0.166664	-0.128713	
0.0098569	5.07202e+09	1.41858	0.709291	-95.9479	-119.705	-180.114	-183.872	0.0222479	0.00668452	0.0655084	-0.153901	-0.316574	
0.00931052	5.08621e+09	1.40396	0.70198	-95.8905	-119.7	-180.329	-184.138	-0.790414	0.203876	0.198902	0.256889	-0.343376	
0.00918906	5.06932e+09	1.37742	0.688709	-95.7087	-119.538	-180.175	-184.004	-0.107395	0.225575	0.803026	-0.191369	-0.220154	
0.00989366	5.09279e+09	1.43781	0.718904	-96.0424	-119.789	-180.228	-183.975	-0.164829	0.378265	-0.249395	0.0942111	-0.615691	
0.010584	5.06603e+09	1.46145	0.730727	-96.3771	-120.009	-180.224	-183.856	0.0907671	-0.254075	-0.268969	0.241539	-0.69555	
0.00913658	5.06819e+09	1.38498	0.69249	-95.7176	-119.55	-180.207	-184.039	-0.453987	-0.256799	0.420448	0.396595	-0.0170095	
0.0101477	5.08271e+09	1.4243	0.712152	-95.8022	-119.607	-179.86	-183.665	-0.204924	0.00748649	-0.513315	-0.571935	-0.0913713	
0.0100426	5.07435e+09	1.42887	0.714437	-95.9318	-119.681	-180.021	-183.77	0.800279	0.122703	-0.106109	-0.244999	-0.389266	
0.00922765	5.09569e+09	1.38968	0.694841	-95.5459	-119.45	-180.039	-183.944	-0.201497	0.363134	-0.0964387	-0.227863	-0.0373386	
0.00947579	5.08032e+09	1.4041	0.702051	-95.7246	-119.568	-180.076	-183.919	0.0234594	-0.166992	-0.240102	0.136098	0.0473935	
0.0103347	5.04752e+09	1.42599	0.712994	-96.1423	-119.811	-180.061	-183.729	-0.358247	-0.41865	0.317889	-0.341407	-0.345796	
0.0101584	5.0738e+09	1.43629	0.718146	-96.0904	-119.812	-180.129	-183.851	0.0624457	-0.0415384	-0.191716	-0.0978202	-0.415734	
0.00889466	5.06887e+09	1.3714	0.685699	-95.6261	-119.485	-180.233	-184.092	-0.922786	-0.284239	0.588494	0.51154	0.0604779	
0.0105309	5.04689e+09	1.44176	0.720878	-103.193	-131.378	-187.029	-195.213	-0.332154	-0.259449	0.484026	-0.166616	-0.743879	
0.00972449	5.07133e+09	1.40777	0.703886	-95.7493	-119.577	-179.973	-183.801	0.175588	-0.420314	-0.357068	-0.0155057	0.179358	
0.00904032	5.0888e+09	1.3664	0.683201	-95.2697	-119.243	-179.84	-183.814	-0.0634196	0.123705	-0.0363386	-0.35988	0.308403	
0.00984734	5.06085e+09	1.4123	0.706148	-95.9343	-119.676	-180.086	-183.828	0.10265	-0.13865	0.321693	-0.152589	-0.289938	
0.00985497	5.08223e+09	1.4283	0.71415	-95.9679	-119.74	-180.152	-183.924	-0.31183	-0.124571	-0.379645	0.188618	-0.227407	
0.00998437	5.05798e+09	1.42234	0.711172	-95.9751	-119.678	-180.061	-183.764	-0.0722552	-0.239545	0.304776	0.0172654	-0.400231	
0.00917491	5.08829e+09	1.39634	0.69817	-95.666	-119.531	-180.171	-184.037	-0.297464	0.0380867	-0.0835122	0.315686	-0.0428867	
0.0085746	5.08845e+09	1.3534	0.676702	-95.2598	-119.254	-180.059	-184.053	0.0663113	-0.0156324	0.144834	0.303415	0.385078	
0.00957105	5.08039e+09	1.39715	0.698573	-95.601	-119.469	-179.909	-183.777	0.119061	-0.0376198	-0.21367	-0.335355	0.110241	
0.00913351	5.07879e+09	1.37487	0.687433	-95.4191	-119.334	-179.928	-183.843	0.0616052	-0.0940346	0.0496568	-0.122886	0.258907	
0.00898528	5.08676e+09	1.36847	0.684233	-95.3597	-119.309	-179.953	-183.903	0.300723	0.209166	0.133815	-0.225231	0.182352	
0.00835431	5.11325e+09	1.32183	0.660913	-94.2684	-118.552	-179.223	-183.506	0.174205	0.313986	-0.328076	-0.319912	0.759241	
0.00895403	5.08438e+09	1.35351	0.676757	-94.9755	-119.025	-179.58	-183.63	0.320237	-0.254894	-0.294785	-0.273457	0.696619	
0.0100153	5.09066e+09	1.45319	0.726597	-96.2209	-119.928	-180.35	-184.057	-0.639232	-0.0493347	-0.561354	0.700765	-0.599458	
0.0100286	5.05174e+09	1.42613	0.713064	-96.1313	-119.835	-180.188	-183.891	-0.111879	-0.654336	0.0798795	0.314337	-0.209921	
0.00968888	5.0475e+09	1.3829	0.691448	-95.6643	-119.477	-179.863	-183.676	-0.0361542	-0.661224	0.274375	-0.423434	0.334187	
0.00900113	5.08231e+09	1.37197	0.685987	-95.4345	-119.346	-180.013	-183.924	-0.55856	-0.0482675	0.158191	0.025584	0.20064	
0.00938123	5.09149e+09	1.41133	0.705667	-95.8087	-119.651	-180.223	-184.066	0.420318	0.186206	-0.252956	0.285541	-0.191795	
0.00963281	5.07332e+09	1.41448	0.707242	-96	-119.742	-180.268	-184.011	-0.323648	0.176842	0.427971	0.114882	-0.550264	
0.0108291	5.03109e+09	1.44864	0.724322	-96.2928	-119.833	-179.98	-183.521	-0.0357092	-0.418983	0.745875	-0.188249	-0.907861	
0.00967235	5.09508e+09	1.40348	0.70174	-95.4994	-119.406	-179.787	-183.694	-0.348329	0.0811251	-0.635533	-0.45787	0.163159	
0.00974462	5.05461e+09	1.38553	0.692766	-95.6065	-119.442	-179.793	-183.628	-0.349441	-0.658675	0.0067595	-0.514014	0.410221	
0.00904626	5.08757e+09	1.37117	0.685583	-95.3299	-119.298	-179.895	-183.864	0.265134	0.00393934	-0.159	-0.152322	0.349305	
0.00899525	5.07853e+09	1.35986	0.67993	-95.3174	-119.241	-179.892	-183.815	-0.613882	0.0550307	0.405943	-0.329675	0.22104	
0.00909947	5.08026e+09	1.37726	0.688631	-95.5377	-119.481	-180.065	-184.008	0.57761	-0.148247	-0.114593	0.0374492	0.321879	
0.0102649	5.06728e+09	1.42988	0.714942	-96.013	-119.745	-179.995	-183.727	-0.163145	-0.219973	-0.210717	-0.377091	-0.222124	
0.00899766	5.0835e+09	1.37592	0.687958	-95.5452	-119.418	-180.127	-184	-0.245044	0.368829	0.553504	-0.047801	-0.174102	
0.00943981	5.07516e+09	1.39823	0.699115	-95.732	-119.565	-180.091	-183.924	0.17533	-0.0621012	0.0609494	-0.00609677	-0.040408	
0.00952537	5.08014e+09	1.41561	0.707803	-95.9829	-119.742	-180.312	-184.071	-0.585108	0.171373	0.267931	0.301852	-0.519328	
0.0106783	5.04909e+09	1.45074	0.72537	-96.3033	-119.944	-180.083	-183.723	0.526446	-0.569557	-0.156533	-0.0479196	-0.409773	
0.00858423	5.08325e+09	1.36099	0.680497	-95.3693	-119.313	-180.155	-184.099	0.246631	-0.000528226	0.355423	0.547966	0.187033	
0.00975538	5.06714e+09	1.40295	0.701473	-95.8173	-119.601	-180.02	-183.804	-0.527808	-0.151751	0.175118	-0.341594	-0.0947906	
0.0104244	5.05894e+09	1.4298	0.714901	-96.1265	-119.797	-180.027	-183.698	-0.241227	0.0359881	0.310352	-0.722665	-0.538697	
0.00930047	5.07893e+09	1.38433	0.692165	-95.472	-119.38	-179.902	-183.81	0.327492	-0.182878	-0.187953	-0.108375	0.292672	
0.00967811	5.06832e+09	1.39851	0.699255	-95.6787	-119.515	-179.918	-183.754	0.126222	-0.337979	-0.149285	-0.253598	0.18507	
0.00912814	5.10485e+09	1.39594	0.697969	-95.4898	-119.429	-180.046	-183.985	0.222739	0.262495	-0.531152	0.177389	0.0911	
0.010098	5.07913e+09	1.43107	0.715535	-95.9731	-119.728	-180.047	-183.801	-0.066844	0.0326493	-0.288543	-0.249067	-0.316482	
0.00995033	5.07641e+09	1.43744	0.718721	-96.1391	-119.86	-180.272	-183.992	-0.564849	-0.244745	-0.258522	0.456268	-0.405028	
0.00968625	5.06739e+09	1.40834	0.704171	-95.8873	-119.684	-180.121	-183.918	0.351149	-0.232482	0.00183634	-0.0188857	-0.0617757	
0.00870673	5.1069e+09	1.38362	0.691809	-95.463	-119.402	-180.228	-184.167	0.284203	0.55081	-0.0230756	0.465964	-0.140404	
0.00899672	5.09876e+09	1.36875	0.684377	-95.2037	-119.206	-179.812	-183.814	-0.0619786	0.282137	-0.207742	-0.33808	0.282484	
0.00914403	5.07618e+09	1.37978	0.689892	-95.5255	-119.411	-180.025	-183.911	0.220659	-0.0647232	0.172337	0.0141262	0.13181	
0.00942852	5.08043e+09	1.40428	0.70214	-95.7997	-119.611	-180.173	-183.985	0.22978	0.211008	0.186548	0.0472199	-0.291919	
0.00908144	5.06682e+09	1.35597	0.677986	-95.2952	-119.219	-179.808	-183.732	0.158441	-0.138049	0.454418	-0.432739	0.350165	
0.00952727	5.0788e+09	1.40335	0.701676	-95.9383	-119.805	-180.264	-184.13	0.337595	-0.175605	-0.278639	0.0277339	0.0965942	
0.00901172	5.07125e+09	1.35417	0.677083	-95.2181	-119.167	-179.772	-183.721	-0.0203929	-0.186455	0.301542	-0.352157	0.438403	
0.010031	5.06425e+09	1.42102	0.71051	-95.9468	-119.708	-180.024	-183.784	-0.0329761	-0.441495	-0.23117	-0.101718	-0.0308793	
0.00920771	5.09333e+09	1.37432	0.687162	-95.2257	-119.204	-179.724	-183.703	-0.416221	0.0538035	-0.337486	-0.421079	0.367546	
0.00950192	5.09342e+09	1.39852	0.699262	-95.4967	-119.408	-179.859	-183.77	-0.502343	-0.0714463	-0.604402	-0.190861	0.246959	
0.00960908	5.06046e+09	1.40996	0.704982	-95.9555	-119.711	-180.212	-183.967	0.279701	-0.273526	0.332881	0.324411	-0.263281	
0.00903428	5.09473e+09	1.3795	0.689748	-95.438	-119.349	-180.021	-183.932	0.338385	0.627445	0.279459	-0.265856	-0.173346	
0.00836557	5.09312e+09	1.34843	0.674213	-95.2013	-119.211	-180.116	-184.125	0.167193	0.101767	0.236294	0.519696	0.332646	
0.00998142	5.09016e+09	1.43848	0.719238	-95.9352	-119.733	-180.078	-183.876	0.389169	-0.129442	-0.85054	0.244216	-0.122883	
0.0107976	5.05504e+09	1.45585	0.727923	-96.2959	-119.94	-180.037	-183.681	0.0797681	-0.562561	-0.357128	-0.119752	-0.387359	
0.00839052	5.10946e+09	1.33387	0.666935	-94.6707	-118.814	-179.6	-183.744	0.0239274	0.484342	0.00110785	-0.223432	0.459318	
0.00981966	5.0671e+09	1.42056	0.710278	-95.9455	-119.686	-180.12	-183.86	0.186428	-0.115267	0.143937	0.1075	-0.355974	
0.0101828	5.08146e+09	1.43246	0.716228	-95.9579	-119.709	-179.999	-183.751	-0.0853701	0.182929	-0.266893	-0.461008	-0.385924	
0.0105961	5.07216e+09	1.44903	0.724514	-96.1894	-119.861	-180.042	-183.713	-0.408024	0.0312165	-0.214789	-0.469189	-0.580042	
0.010721	5.04412e+09	1.44721	0.723605	-96.6558	-120.327	-180.409	-184.08	0.0956076	-0.390454	0.262643	-0.27313	-0.628636	
0.00872988	5.08413e+09	1.36535	0.682677	-95.3994	-119.33	-180.114	-184.044	-0.34434	-0.0355148	0.266344	0.377754	0.194798	
0.0102962	5.0832e+09	1.45584	0.727919	-96.2226	-119.919	-180.219	-183.915	-0.36894	-0.153368	-0.605228	0.367516	-0.509222	
0.00973739	5.08051e+09	1.42126	0.710629	-95.9217	-119.706	-180.155	-183.94	-0.317069	-0.137731	-0.276201	0.188905	-0.178781	
0.0089252	5.07867e+09	1.36915	0.684573	-95.4318	-119.345	-180.041	-183.954	-0.0669428	-0.0644796	0.261178	0.132918	0.198402	
0.0087803	5.09514e+09	1.36206	0.681032	-95.2095	-119.208	-179.917	-183.916	-0.415318	0.0320936	-0.136146	0.0599406	0.393601	
0.00921617	5.08321e+09	1.389	0.694501	-95.7016	-119.59	-180.179	-184.067	0.431491	0.188239	0.114231	-0.0449756	-0.0464875	
0.00944821	5.07958e+09	1.40533	0.702663	-95.7622	-119.596	-180.125	-183.959	0.305502	-0.087954	-0.144662	0.186688	-0.0422564	
0.0103676	5.06944e+09	1.43301	0.716507	-95.9197	-119.695	-179.862	-183.638	0.0692387	-0.520577	-0.715769	-0.284139	0.0899424	
0.00902891	5.08343e+09	1.36731	0.683656	-95.2861	-119.24	-179.853	-183.806	0.132089	0.0110619	0.0309778	-0.216551	0.313579	
0.00860922	5.08846e+09	1.36043	0.680213	-95.3535	-119.292	-180.136	-184.074	0.508896	0.470187	0.623543	0.214443	-0.0773779	
0.00941881	5.10445e+09	1.40986	0.70493	-95.6089	-119.499	-180.028	-183.918	0.210038	0.409267	-0.519532	-0.0378233	-0.117761	
0.00989103	5.0705e+09	1.41021	0.705107	-95.8523	-119.626	-180.001	-183.774	-0.180776	0.0353542	0.117826	-0.504459	-0.213705	
0.0092716	5.09501e+09	1.39339	0.696694	-95.6116	-119.493	-180.083	-183.965	-0.451554	0.37096	-0.0422269	-0.199362	-0.115284	
0.0092616	5.07496e+09	1.3866	0.693298	-95.6134	-119.474	-180.055	-183.916	-0.0957037	-0.120103	0.139017	0.0241852	0.080703	
0.0086237	5.07649e+09	1.34637	0.673184	-95.1551	-119.145	-179.909	-183.9	0.0629755	-0.346524	0.198331	0.270452	0.58147	
0.00908494	5.08647e+09	1.40244	0.701219	-95.8289	-119.68	-180.374	-184.225	0.48336	0.0223657	-0.0600809	0.714532	-0.155207	
0.0082548	5.08701e+09	1.31157	0.655783	-94.5872	-118.763	-179.549	-183.725	0.513268	-0.206338	0.127821	0.0129681	0.91111	
0.00952332	5.09177e+09	1.39652	0.698258	-95.5043	-119.404	-179.854	-183.754	-0.628671	0.0145082	-0.452275	-0.340362	0.179138	
0.00882103	5.08292e+09	1.37888	0.689438	-95.6147	-119.489	-180.282	-184.156	-0.452458	0.0716495	0.424601	0.577073	-0.108535	
0.00838767	5.10873e+09	1.3417	0.670849	-94.8676	-118.958	-179.797	-183.888	-0.620799	0.297816	-0.0685147	0.0904701	0.455385	
0.0101396	5.078e+09	1.42172	0.71086	-95.8362	-119.62	-179.89	-183.674	0.0712563	0.11969	-0.251803	-0.68879	-0.20569	
0.0103654	5.06307e+09	1.44332	0.721661	-96.2434	-119.904	-180.176	-183.836	0.24502	-0.0436531	0.102866	-0.125417	-0.652118	
0.00858173	5.11217e+09	1.37102	0.685512	-95.2535	-119.245	-180.09	-184.081	0.89548	0.876621	0.11207	0.154576	-0.143393	
0.00920313	5.09719e+09	1.39266	0.696331	-95.4985	-119.412	-180.006	-183.92	-0.289363	0.154425	-0.339151	0.0328733	0.093833	
0.00891415	5.08612e+09	1.37585	0.687925	-95.6142	-119.49	-180.241	-184.117	-0.236839	0.452026	0.612158	0.069871	-0.247403	
0.0100979	5.08989e+09	1.43502	0.717508	-95.9303	-119.704	-180.022	-183.796	0.402979	0.362533	-0.404462	-0.37284	-0.425574	
0.00956034	5.07627e+09	1.4145	0.707248	-95.9046	-119.697	-180.211	-184.003	0.0639238	-0.158352	-0.0925349	0.339032	-0.178195	
0.00972443	5.08689e+09	1.40427	0.702135	-95.5956	-119.461	-179.846	-183.711	0.723456	0.361047	-0.213548	-0.671811	-0.0983919	
0.00966082	5.0869e+09	1.41363	0.706813	-95.8195	-119.627	-180.098	-183.906	-0.739144	0.11792	-0.163101	-0.104574	-0.21812	
0.0107099	5.01746e+09	1.43205	0.716027	-94.6485	-118.159	-178.36	-181.871	-0.555804	-1.06847	0.608945	-0.15875	-0.330951	
0.00871434	5.09911e+09	1.3571	0.678551	-95.1138	-119.123	-179.861	-183.871	-0.386832	0.301516	0.0416014	-0.123224	0.276664	
0.00888232	5.10353e+09	1.38259	0.691297	-95.4572	-119.382	-180.129	-184.055	-0.463461	0.490158	0.0216869	0.134701	-0.101645	
0.00848853	5.11163e+09	1.34713	0.673566	-94.9236	-118.997	-179.806	-183.88	-0.193493	0.645132	0.067134	-0.187619	0.231627	
0.00972316	5.06683e+09	1.40337	0.701685	-95.7726	-119.58	-179.989	-183.797	-0.52569	-0.46282	-0.137195	-0.103135	0.144952	
0.00974186	5.07088e+09	1.41534	0.70767	-95.9581	-119.708	-180.173	-183.924	-0.143942	0.0361212	0.249836	-0.0157801	-0.393462	
0.00860039	5.09029e+09	1.37077	0.685384	-95.401	-119.361	-180.191	-184.151	-0.194672	-0.347898	-0.240112	0.913336	0.422652	
0.00872647	5.08784e+09	1.32843	0.664215	-94.6739	-118.829	-179.396	-183.551	0.124906	-0.0503484	-0.0486965	-0.62687	0.771493	
0.00962401	5.08795e+09	1.42049	0.710245	-95.9168	-119.706	-180.214	-184.003	0.439538	0.381405	-0.0399243	0.0330895	-0.461447	
0.00950214	5.09723e+09	1.4147	0.70735	-95.7185	-119.575	-180.087	-183.943	0.1686	0.215888	-0.483566	0.108871	-0.127033	
0.00951629	5.08332e+09	1.40972	0.704862	-95.7422	-119.591	-180.081	-183.93	-0.169136	-0.353599	-0.535498	0.337006	0.163336	
0.00958154	5.07107e+09	1.41126	0.705629	-95.9755	-119.751	-180.263	-184.038	-0.150384	-0.146181	0.135786	0.242855	-0.241737	
0.00956272	5.08897e+09	1.42208	0.711038	-95.956	-119.735	-180.283	-184.062	-0.577008	0.158266	-0.112057	0.343763	-0.421522	
0.00956349	5.05964e+09	1.39462	0.697311	-95.7744	-119.578	-180.051	-183.854	0.109356	-0.361114	0.246504	-0.0697299	0.0532974	
0.00967641	5.07025e+09	1.40426	0.702131	-95.9889	-119.774	-180.232	-184.018	-0.383228	-0.0549016	0.203649	-0.218393	-0.172679	
0.0109045	5.06991e+09	1.46039	0.730194	-96.2336	-119.902	-179.958	-183.626	-0.147019	-0.199979	-0.559683	-0.451305	-0.46814	
0.00984544	5.08347e+09	1.43549	0.717747	-96.0486	-119.804	-180.239	-183.995	0.0640235	-0.0818283	-0.399835	0.424014	-0.353364	
0.0088119	5.11859e+09	1.38481	0.692405	-95.2653	-119.274	-179.998	-184.006	0.111424	0.452911	-0.635934	0.295687	0.164597	
0.00867116	5.09365e+09	1.35723	0.678617	-95.1655	-119.165	-179.925	-183.925	-0.162311	0.100976	0.0334189	0.108554	0.349926	
0.00842344	5.08177e+09	1.35358	0.676791	-95.3344	-119.291	-180.2	-184.156	-0.327948	-0.246811	0.340082	0.824481	0.336038	
0.00826342	5.08398e+09	1.30728	0.653641	-94.7356	-118.853	-179.688	-183.805	-0.360076	0.027981	0.631679	-0.217307	0.67819	
0.00886096	5.09073e+09	1.36062	0.680312	-95.1847	-119.204	-179.846	-183.865	0.111587	-0.109634	-0.263512	-0.0239105	0.535253	
0.010192	5.0586e+09	1.4137	0.706848	-95.8088	-119.574	-179.807	-183.572	-0.266715	-0.453449	-0.149818	-0.600009	0.0683782	
0.00877182	5.09514e+09	1.36101	0.680507	-95.1627	-119.16	-179.875	-183.873	0.20573	0.271726	0.0365685	-0.0951705	0.261	
0.00868164	5.07531e+09	1.36614	0.683071	-95.4611	-119.385	-180.184	-184.108	0.120517	-0.365198	0.214732	0.733795	0.318426	
0.00942476	5.09847e+09	1.40583	0.702916	-95.6527	-119.527	-180.059	-183.933	0.110989	0.404916	-0.294307	-0.144867	-0.158888	
0.00978013	5.09265e+09	1.415	0.707502	-95.7299	-119.56	-179.965	-183.796	-0.202787	0.345001	-0.307393	-0.457536	-0.217591	
0.00914585	5.07234e+09	1.3742	0.687102	-95.4956	-119.386	-179.988	-183.878	-0.165678	-0.217955	0.196165	-0.0419659	0.246861	
0.00869512	5.09647e+09	1.36166	0.680832	-95.1968	-119.189	-179.949	-183.942	0.193221	0.283484	0.0620881	0.0658902	0.225629	
0.00953798	5.08163e+09	1.4076	0.703799	-95.7974	-119.611	-180.123	-183.937	-0.305522	0.0452902	-0.0394565	0.0015538	-0.169351	
0.0101672	5.05692e+09	1.42633	0.713163	-95.9809	-119.709	-179.987	-183.714	0.527344	-0.428372	-0.0961672	-0.136286	-0.149758	
0.00911332	5.08924e+09	1.38355	0.691775	-95.5457	-119.447	-180.082	-183.983	-0.161508	0.214272	0.0560767	-0.0629582	0.0173963	
0.00889495	5.08361e+09	1.34584	0.672918	-94.9147	-118.968	-179.547	-183.6	0.46684	0.00195913	0.0184047	-0.528715	0.566609	
0.00901992	5.09278e+09	1.387	0.693499	-95.6049	-119.507	-180.192	-184.094	-0.38175	0.120021	-0.0713094	0.25985	0.0335479	
0.00858148	5.09972e+09	1.33001	0.665005	-94.5931	-118.746	-179.408	-183.561	0.242532	0.39286	0.0850833	-0.604833	0.528007	
0.00893196	5.08273e+09	1.35648	0.678241	-95.1137	-119.114	-179.726	-183.727	0.242484	-0.0933138	-0.0223093	-0.260553	0.496366	
0.00979078	5.04682e+09	1.39849	0.699244	-95.8566	-119.627	-180.009	-183.779	0.259455	-0.668294	0.231355	-0.123824	0.149314	
0.00895319	5.1108e+09	1.40025	0.700123	-95.5743	-119.494	-180.224	-184.144	-0.418516	0.233902	-0.556124	0.637888	-0.00264429	
0.0088921	5.0707e+09	1.33702	0.668508	-94.9539	-118.969	-179.565	-183.58	0.397309	-0.127403	0.380445	-0.602896	0.581756	
0.00843449	5.10923e+09	1.37263	0.686317	-95.3532	-119.334	-180.26	-184.241	0.047385	0.345658	-0.126945	0.805179	0.0725038	
0.00932791	5.05704e+09	1.36337	0.681687	-95.3948	-119.283	-179.775	-183.663	0.209082	-0.390669	0.3728	-0.51321	0.413791	
0.00799987	5.09301e+09	1.30364	0.651821	-94.4471	-118.638	-179.556	-183.746	0.509738	-0.0918194	0.232269	0.271142	0.884019	
0.00749753	5.11398e+09	1.2808	0.640398	-94.1231	-118.405	-179.549	-183.831	-0.221688	0.262803	0.342141	0.535323	0.864243	
0.0093632	5.08832e+09	1.39364	0.69682	-95.5272	-119.421	-179.944	-183.838	0.52242	0.216273	-0.166858	-0.241671	0.0265573	
0.00904584	5.1026e+09	1.37637	0.688183	-95.2688	-119.267	-179.86	-183.858	-0.154312	0.226097	-0.419359	-0.194277	0.29756	
0.00892766	5.06183e+09	1.36418	0.682092	-95.4832	-119.378	-180.062	-183.957	-0.0901529	-0.590087	0.336254	0.395919	0.41935	
0.00906857	5.10721e+09	1.38667	0.693334	-95.3644	-119.336	-179.953	-183.924	-0.394347	0.232026	-0.54508	0.0304892	0.212556	
0.00956816	5.07067e+09	1.37881	0.689406	-95.6291	-119.467	-179.922	-183.76	-1.14082	0.0485113	0.397162	-0.853268	0.0427106	
0.0102686	5.0578e+09	1.43415	0.717077	-96.1626	-119.848	-180.127	-183.812	0.264975	-0.263139	0.0694267	-0.130428	-0.412026	
0.0094418	5.08844e+09	1.40874	0.704372	-95.7604	-119.595	-180.142	-183.976	0.0718826	0.170129	-0.151998	0.110046	-0.187582	
0.00950625	5.07635e+09	1.40484	0.702421	-95.8831	-119.657	-180.214	-183.988	-0.339616	0.268483	0.458942	-0.0421719	-0.453601	
0.00894611	5.08355e+09	1.37003	0.685015	-95.3956	-119.32	-180.003	-183.927	-0.120832	0.0608212	0.198588	0.00909889	0.171503	
0.00981986	5.06266e+09	1.42795	0.713974	-96.1731	-119.871	-180.34	-184.038	0.262742	-0.111604	0.368121	0.466438	-0.624436	
0.00897875	5.07342e+09	1.35912	0.679561	-95.2901	-119.229	-179.864	-183.803	0.258273	-0.0982249	0.308956	-0.211224	0.342025	
0.00870482	5.09151e+09	1.38051	0.690253	-95.5672	-119.47	-180.307	-184.209	0.199621	0.243384	0.260393	0.686324	-0.127335	
0.00886445	5.08353e+09	1.3844	0.692199	-95.7207	-119.607	-180.367	-184.253	-0.275212	-0.124203	0.123391	0.711228	0.0302032	
0.00924494	5.05967e+09	1.38687	0.693433	-95.7522	-119.57	-180.176	-183.994	0.339656	-0.327035	0.479028	0.333623	-0.00833414	
0.0102502	5.08206e+09	1.43555	0.717775	-95.9734	-119.725	-179.987	-183.738	-0.405636	0.0485592	-0.418069	-0.397207	-0.314232	
0.008827	5.10414e+09	1.38002	0.690011	-95.355	-119.324	-180.055	-184.024	0.0270691	0.258669	-0.298611	0.299587	0.157593	
0.00868632	5.09983e+09	1.36463	0.682313	-95.2074	-119.221	-179.97	-183.984	0.213456	0.126593	-0.231234	0.244372	0.362988	
0.00925104	5.09228e+09	1.4094	0.704701	-95.8725	-119.708	-180.349	-184.184	-0.182929	0.145747	-0.146067	0.504002	-0.244097	
0.00921665	5.09844e+09	1.40413	0.702064	-95.7348	-119.606	-180.238	-184.109	-0.300803	0.211038	-0.294804	0.321594	-0.116083	
0.00884016	5.09111e+09	1.36257	0.681284	-95.3058	-119.279	-179.977	-183.951	0.338191	0.333455	0.196437	-0.190701	0.16711	
0.00956447	5.06565e+09	1.40636	0.703179	-95.9203	-119.69	-180.206	-183.976	-0.25025	-0.207871	0.29375	0.20919	-0.223256	
0.00967186	5.07936e+09	1.41445	0.707227	-95.8677	-119.661	-180.129	-183.922	-0.150402	0.00254236	-0.0880945	0.00790265	-0.212627	
0.00937838	5.07459e+09	1.38448	0.692241	-95.5639	-119.427	-179.951	-183.814	-0.0449806	-0.00254186	0.178734	-0.333759	0.0736632	
0.00964059	5.08624e+09	1.40474	0.702369	-95.6764	-119.519	-179.963	-183.806	-0.360846	0.142761	-0.195616	-0.371567	-0.0700602	
0.00996134	5.0684e+09	1.43597	0.717986	-96.2295	-119.909	-180.344	-184.024	-0.207507	-0.0105551	0.262982	0.372117	-0.729757	
0.00896831	5.08068e+09	1.39187	0.695934	-95.7139	-119.577	-180.305	-184.169	-0.130742	-0.240595	0.0264919	0.803975	0.0212174	
0.00973084	5.08564e+09	1.42608	0.713039	-96.0272	-119.798	-180.273	-184.044	0.206842	0.250618	-0.108059	0.109244	-0.463046	
0.00969144	5.08555e+09	1.40624	0.703119	-95.6024	-119.48	-179.865	-183.743	0.12254	-0.130731	-0.566826	-0.23938	0.185522	
0.00856573	5.10746e+09	1.34338	0.671689	-94.8579	-118.935	-179.694	-183.771	0.0694609	0.728724	0.218909	-0.457368	0.200995	
0.0094069	5.08423e+09	1.39839	0.699196	-95.6966	-119.532	-180.087	-183.922	-0.0532053	0.287691	0.152911	-0.178558	-0.217585	
0.00875512	5.09874e+09	1.36835	0.684174	-95.2776	-119.25	-180.004	-183.977	-0.0576953	0.324503	0.0235905	0.0916942	0.142873	
0.0088469	5.09833e+09	1.3581	0.679052	-95.1077	-119.122	-179.788	-183.803	-0.251451	0.381046	0.0368754	-0.400567	0.256894	
0.00961646	5.097e+09	1.39215	0.696074	-95.2038	-119.206	-179.52	-183.522	0.388714	0.0275167	-0.878276	-0.64028	0.427946	
0.00888651	5.09434e+09	1.37121	0.685606	-95.357	-119.319	-180.011	-183.974	0.259504	0.297171	0.0216926	-0.051766	0.144294	
0.009845	5.04866e+09	1.4137	0.706849	-96.0946	-119.8	-180.226	-183.931	-0.13322	-0.459516	0.505542	0.215761	-0.314693	
0.00905011	5.09667e+09	1.38123	0.690617	-95.4455	-119.39	-180.025	-183.97	-0.266093	0.166849	-0.229522	-0.0154497	0.176991	
0.0094805	5.07448e+09	1.41654	0.70827	-95.9963	-119.762	-180.336	-184.101	0.0447867	-0.0631567	0.167169	0.570845	-0.405796	
0.00875034	5.10851e+09	1.36751	0.683755	-95.1278	-119.161	-179.873	-183.907	-0.166721	0.266515	-0.398771	0.0825384	0.344458	
0.0100085	5.04685e+09	1.41204	0.706021	-95.8877	-119.637	-179.944	-183.694	0.221253	-0.809327	-0.0184526	-0.0368286	0.138721	
0.00893891	5.08216e+09	1.38196	0.690982	-95.5875	-119.468	-180.196	-184.076	0.427995	0.15951	0.326775	0.356892	-0.0885714	
0.0101596	5.06983e+09	1.43265	0.716324	-96.0304	-119.756	-180.061	-183.787	-0.317703	-0.239536	-0.213041	-0.0846184	-0.284746	
0.00984717	5.0885e+09	1.43534	0.717672	-96.0743	-119.811	-180.273	-184.01	-0.497733	0.241184	-0.155602	0.214414	-0.596586	
0.0084553	5.08322e+09	1.33687	0.668433	-95.0649	-119.071	-179.916	-183.923	0.103888	0.116519	0.567419	0.0924243	0.358495	
0.00903114	5.10571e+09	1.36643	0.683215	-94.9671	-119.057	-179.571	-183.661	-0.0151799	0.11813	-0.687	-0.36316	0.55627	
0.0093346	5.06961e+09	1.37548	0.687742	-95.4685	-119.378	-179.867	-183.776	-0.282665	-0.508085	-0.142805	-0.195013	0.500116	
0.00939496	5.08987e+09	1.42497	0.712484	-96.0012	-119.787	-180.406	-184.192	-0.277339	-0.0158869	-0.251702	0.869822	-0.390442	
0.00839977	5.10002e+09	1.31521	0.657606	-94.3042	-118.55	-179.213	-183.459	0.628731	0.291846	0.0394555	-0.532404	0.721597	
0.0102619	5.0541e+09	1.41564	0.707818	-95.8265	-119.541	-179.787	-183.501	-0.312456	-0.43153	0.0135126	-0.653974	-0.0334029	
0.0107358	5.05026e+09	1.45608	0.728042	-98.9042	-122.92	-182.662	-186.678	0.218145	-0.273967	0.177531	-0.0777583	-0.790891	
0.00958578	5.06778e+09	1.40949	0.704744	-95.9672	-119.727	-180.247	-184.007	0.106091	-0.00591604	0.383288	0.157735	-0.376591	
0.00971397	5.056e+09	1.40485	0.702426	-95.7601	-119.523	-179.962	-183.725	0.849746	-0.256594	0.327442	-0.0490959	-0.138454	
0.0102284	5.06905e+09	1.44155	0.720774	-96.178	-119.875	-180.178	-183.876	-0.245286	-0.273264	-0.228099	0.135966	-0.411565	
0.00915107	5.1045e+09	1.40479	0.702394	-95.6239	-119.52	-180.168	-184.064	-0.115236	0.224269	-0.49668	0.426803	-0.0467239	
0.00913706	5.08039e+09	1.37006	0.68503	-95.3312	-119.265	-179.841	-183.775	0.0128843	-0.0084428	0.0732989	-0.321208	0.280618	
0.00966359	5.06789e+09	1.3885	0.694249	-95.5364	-119.394	-179.782	-183.639	0.154149	-0.180859	0.00411837	-0.632683	0.200648	
0.00988292	5.04223e+09	1.39653	0.698265	-95.9052	-119.644	-180.009	-183.748	-0.287853	-0.574438	0.539988	-0.349626	0.00749356	
0.0101902	5.03583e+09	1.40928	0.704638	-96.0098	-119.719	-179.969	-183.679	0.364144	-0.708872	0.36315	-0.410035	0.00186731	
0.0106826	5.04019e+09	1.43006	0.715031	-94.986	-118.632	-178.748	-182.395	-0.212168	-0.610662	0.125756	-0.711873	-0.189781	
0.00893995	5.07934e+09	1.35453	0.677267	-95.3136	-119.281	-179.916	-183.884	-0.4822	-0.051121	0.26269	-0.322613	0.381552	
0.00958096	5.08681e+09	1.41301	0.706505	-95.7625	-119.6	-180.077	-183.915	-0.0142739	-0.0713735	-0.42611	0.128547	-0.0184674	
0.00916115	5.09775e+09	1.39193	0.695966	-95.4146	-119.368	-179.943	-183.896	0.223406	-0.104449	-0.688491	0.254041	0.349566	
0.00880047	5.07628e+09	1.38238	0.691192	-95.7025	-119.557	-180.368	-184.223	0.576142	0.12775	0.630224	0.785273	-0.276044	
0.0108434	5.07945e+09	1.46964	0.734818	-96.3644	-119.996	-180.129	-183.76	-0.376311	0.139345	-0.421317	-0.240992	-0.846565	
0.00922194	5.07176e+09	1.39793	0.698967	-95.8084	-119.632	-180.263	-184.087	-0.0311744	-0.306698	0.127	0.597566	-0.0416292	
0.0104784	5.06782e+09	1.42837	0.714185	-95.8811	-119.622	-179.775	-183.515	-0.136514	-0.0767354	-0.251541	-0.906583	-0.196359	
0.00923958	5.09108e+09	1.37738	0.688688	-95.2519	-119.225	-179.732	-183.705	0.0990639	0.035152	-0.36482	-0.373457	0.36188	
0.00872508	5.08697e+09	1.36779	0.683897	-95.3308	-119.296	-180.052	-184.018	0.285586	-0.188601	-0.110924	0.498522	0.391227	
0.00832815	5.10412e+09	1.34049	0.670247	-94.9422	-119.003	-179.895	-183.955	0.155548	0.499538	0.269364	0.104999	0.270183	
0.00879135	5.09565e+09	1.37226	0.68613	-95.3643	-119.31	-180.068	-184.014	0.194766	0.376524	0.149723	0.132453	0.0273826	
0.00894013	5.10427e+09	1.38579	0.692895	-95.4042	-119.356	-180.049	-184.001	0.0707004	0.311791	-0.32214	0.212452	0.0896278	
0.0103614	5.06579e+09	1.44266	0.721332	-96.1237	-119.837	-180.062	-183.776	0.540345	-0.358149	-0.407324	-0.0125945	-0.262838	
0.00850381	5.12037e+09	1.39229	0.696143	-95.5554	-119.492	-180.445	-184.381	0.324856	0.784651	-0.12631	0.954891	-0.369056	
0.00849332	5.11123e+09	1.33669	0.668345	-94.5643	-118.763	-179.444	-183.643	-0.0524509	0.270411	-0.364365	-0.211397	0.649952	
0.0100138	5.07426e+09	1.44858	0.724291	-96.2989	-119.974	-180.4	-184.075	-0.113862	-0.127397	-0.0999453	0.715795	-0.733598	
0.00929598	5.07306e+09	1.37232	0.686162	-95.4273	-119.32	-179.85	-183.743	-0.482257	-0.127163	0.194853	-0.444546	0.255554	
0.00795421	5.11592e+09	1.30731	0.653655	-94.3503	-118.577	-179.523	-183.75	-0.177632	0.601803	0.253355	-0.0458731	0.552804	
0.00989855	5.0644e+09	1.40623	0.703117	-95.8498	-119.618	-179.985	-183.752	-0.426699	-0.140415	0.186193	-0.496928	-0.128332	
0.00968396	5.07798e+09	1.39378	0.696889	-95.565	-119.425	-179.818	-183.679	-0.428597	-0.0287878	-0.125523	-0.645492	0.11832	
0.00828667	5.1322e+09	1.37024	0.685119	-95.2143	-119.236	-180.237	-184.258	-0.0873696	1.11883	-0.0372499	0.48872	-0.238243	
0.00956634	5.07401e+09	1.40335	0.701675	-95.7725	-119.57	-180.072	-183.87	-0.0310821	0.0672671	0.214944	-0.128877	-0.218895	
0.00924739	5.07205e+09	1.3884	0.694201	-95.6941	-119.529	-180.138	-183.973	0.367161	0.0570871	0.40728	0.0635108	-0.125242	
0.00949089	5.08917e+09	1.41452	0.707262	-95.8011	-119.631	-180.161	-183.991	0.207656	0.0804612	-0.312711	0.251825	-0.161269	
0.00892638	5.12024e+09	1.37753	0.688766	-95.0864	-119.142	-179.765	-183.821	-0.563428	0.47092	-0.678585	-0.135667	0.270832	
0.00890532	5.05657e+09	1.36068	0.680341	-95.5107	-119.388	-180.091	-183.969	-0.175711	-0.566254	0.601158	0.389874	0.337704	
0.00938412	5.07773e+09	1.40977	0.704883	-95.8144	-119.641	-180.204	-184.031	0.680231	-0.238955	-0.225535	0.559267	-0.0330659	
0.0100152	5.05242e+09	1.42627	0.713136	-96.1557	-119.851	-180.219	-183.915	0.442928	-0.404512	0.25958	0.228497	-0.378291	
0.00897734	5.08133e+09	1.37348	0.686739	-95.667	-119.555	-180.255	-184.143	0.281594	0.403018	0.603675	-0.0882566	-0.1625	
0.00935342	5.07674e+09	1.39993	0.699963	-95.9152	-119.748	-180.317	-184.15	-0.12892	0.0168801	0.211065	0.189544	-0.19036	
0.00910209	5.09167e+09	1.37022	0.68511	-95.2684	-119.268	-179.814	-183.814	0.519324	0.138971	-0.254725	-0.377912	0.36066	
0.00858552	5.11677e+09	1.36353	0.681764	-95.0987	-119.131	-179.941	-183.973	-0.150528	0.766476	-0.0568149	-0.0434822	0.0482595	
0.00961036	5.07603e+09	1.42084	0.71042	-96.0037	-119.769	-180.287	-184.052	0.0224828	-0.0901933	-0.00720869	0.42929	-0.346537	
0.00889519	5.08896e+09	1.37957	0.689783	-95.4799	-119.4	-180.121	-184.041	-0.074008	-0.00675796	-0.0356612	0.379029	0.152877	
0.00871571	5.11349e+09	1.36852	0.684259	-95.1712	-119.185	-179.943	-183.957	-0.662977	0.600048	-0.125941	-0.0510228	0.0834871	
0.00866219	5.10344e+09	1.36769	0.683844	-95.239	-119.233	-180.02	-184.014	-0.11802	0.289011	-0.119767	0.259948	0.206826	
0.00927672	5.09162e+09	1.39139	0.695696	-95.4963	-119.407	-179.959	-183.87	-0.162303	0.0317539	-0.337363	-0.047044	0.169288	
0.00997067	5.08019e+09	1.42077	0.710383	-95.8038	-119.615	-179.934	-183.746	0.362202	-0.0508274	-0.448055	-0.316543	-0.0604675	
0.00959182	5.08166e+09	1.41668	0.708339	-95.886	-119.681	-180.187	-183.982	0.27242	0.0769926	-0.095289	0.179823	-0.27887	
0.00839843	5.11011e+09	1.35904	0.679522	-95.1564	-119.176	-180.083	-184.103	0.0401921	0.529388	0.0497762	0.389066	0.118542	
0.0100218	5.06666e+09	1.43257	0.716283	-96.0868	-119.818	-180.172	-183.903	0.213005	-0.407054	-0.255707	0.28636	-0.224891	
0.00856867	5.10359e+09	1.36714	0.683569	-95.3735	-119.318	-180.202	-184.147	-0.73391	0.549419	0.343831	0.336579	-0.115179	
0.00862504	5.06221e+09	1.34691	0.673455	-95.2936	-119.244	-180.023	-183.973	0.171853	-0.688352	0.367899	0.576074	0.62869	
0.00902386	5.07115e+09	1.37738	0.688689	-95.6348	-119.483	-180.183	-184.031	0.0612307	0.073767	0.656603	0.205208	-0.132389	
0.00968179	5.07792e+09	1.411	0.705498	-95.911	-119.669	-180.165	-183.923	-0.0758729	0.440337	0.442866	-0.298316	-0.561903	
0.00919133	5.0789e+09	1.38099	0.690495	-95.508	-119.398	-179.99	-183.88	0.238492	0.0226598	0.125011	-0.115559	0.113252	
0.0092549	5.08484e+09	1.37149	0.685745	-95.1749	-119.167	-179.637	-183.629	0.443385	-0.111421	-0.364538	-0.447202	0.495114	
0.00941846	5.07636e+09	1.39873	0.699363	-95.7552	-119.579	-180.126	-183.951	0.0628013	0.0270661	0.153015	0.00810415	-0.128947	
0.0104074	5.0771e+09	1.45957	0.729783	-96.3325	-119.984	-180.271	-183.923	-0.34405	-0.0544577	-0.310353	0.307862	-0.752638	
0.00946429	5.06472e+09	1.39836	0.69918	-95.7865	-119.6	-180.117	-183.93	0.350367	-0.337045	0.128469	0.186318	0.0269804	
0.00914443	5.11634e+09	1.40177	0.700887	-95.5028	-119.43	-180.07	-183.998	-0.29349	0.632719	-0.488978	0.0501622	-0.150759	
0.0101949	5.04462e+09	1.42102	0.710512	-96.1188	-119.804	-180.092	-183.776	0.169123	-0.492783	0.341633	-0.194116	-0.261538	
0.0100208	5.04824e+09	1.41318	0.706589	-95.9706	-119.714	-180.024	-183.767	0.335978	-0.627781	0.098202	-0.127312	0.00835377	
0.00979195	5.06936e+09	1.42163	0.710813	-96.0206	-119.765	-180.211	-183.955	0.105826	-0.116586	0.0893396	0.175886	-0.355038	
0.0082033	5.14262e+09	1.32435	0.662176	-93.9925	-118.397	-179.076	-183.481	-0.365182	0.846468	-0.659305	-0.331384	0.610702	
0.00934648	5.0972e+09	1.40619	0.703094	-95.7181	-119.576	-180.158	-184.016	-0.377528	0.284854	-0.240614	0.0990737	-0.173735	
0.0099098	5.07872e+09	1.4313	0.715649	-96.0992	-119.826	-180.254	-183.981	-0.0030111	0.19984	0.0455618	0.0390219	-0.585082	
0.00958715	5.07591e+09	1.40678	0.703389	-95.8617	-119.645	-180.155	-183.939	-0.590065	0.0466408	0.206916	-0.0469295	-0.273543	
0.00886699	5.10125e+09	1.3833	0.691649	-95.4434	-119.382	-180.119	-184.057	-0.259711	0.226525	-0.199244	0.348543	0.0799357	
0.00905388	5.07272e+09	1.37738	0.68869	-95.5798	-119.45	-180.116	-183.987	0.194153	-0.0426305	0.408596	0.160534	0.0344675	
0.00901485	5.0775e+09	1.3671	0.683552	-95.3126	-119.261	-179.876	-183.825	0.690483	-0.108277	0.0602363	-0.0911409	0.357535	
0.00855389	5.08183e+09	1.35315	0.676573	-95.2817	-119.242	-180.08	-184.041	-0.139485	-0.10922	0.356396	0.455365	0.322864	
0.00976307	5.07044e+09	1.40811	0.704056	-95.8315	-119.619	-180.037	-183.824	-0.00637271	-0.054856	0.0807644	-0.28294	-0.150575	
0.009435	5.0898e+09	1.40808	0.704039	-95.7168	-119.57	-180.103	-183.957	-0.247628	-0.0490157	-0.394409	0.222027	0.00248884	
0.00951366	5.08389e+09	1.39811	0.699057	-95.6445	-119.494	-179.985	-183.834	-0.438186	0.0951404	-0.0752616	-0.299416	-0.0319218	
0.0100426	5.06692e+09	1.41749	0.708747	-95.9378	-119.685	-180.014	-183.762	-0.322764	-0.100729	0.0583495	-0.447966	-0.232299	
0.0101287	5.07023e+09	1.43082	0.715409	-96.6813	-120.409	-180.726	-184.454	-0.253415	-0.160672	-0.141392	-0.140964	-0.319382	
0.00938339	5.05796e+09	1.37238	0.686188	-95.5784	-119.41	-179.934	-183.766	0.0862121	-0.0786646	0.696515	-0.519338	0.0504933	
0.00977123	5.08805e+09	1.41948	0.709738	-95.754	-119.596	-179.986	-183.827	0.217477	-0.0866898	-0.637892	-0.0152946	0.0238284	
0.00872225	5.10024e+09	1.36184	0.680919	-95.151	-119.157	-179.896	-183.902	0.163645	0.394014	0.0193031	-0.0710099	0.204224	
0.00779579	5.12255e+09	1.30522	0.652608	-94.3412	-118.575	-179.612	-183.846	0.0739069	0.822197	0.336423	0.0959623	0.444496	
0.00937204	5.0841e+09	1.40152	0.70076	-95.7302	-119.57	-180.136	-183.976	-0.44695	-0.0244438	-0.092285	0.154554	-0.0610674	
0.00796325	5.1164e+09	1.31513	0.657563	-94.4099	-118.642	-179.578	-183.811	0.398588	0.460426	-0.0165056	0.191797	0.630921	
0.0092077	5.07354e+09	1.37464	0.68732	-95.5209	-119.386	-179.986	-183.851	0.0388076	0.180209	0.517904	-0.359663	-0.0258589	
0.0103759	5.07926e+09	1.4411	0.720551	-96.066	-119.809	-180.022	-183.765	0.167595	0.0256161	-0.487287	-0.409216	-0.328867	
0.00904873	5.11296e+09	1.37942	0.689711	-95.1929	-119.194	-179.801	-183.801	-0.0941052	0.700019	-0.308504	-0.446427	0.0402971	
0.00915973	5.09296e+09	1.419	0.709502	-96.0361	-119.82	-180.557	-184.34	-0.166893	0.356473	0.18169	0.974254	-0.709242	
0.00920861	5.08706e+09	1.38521	0.692603	-95.4725	-119.387	-179.96	-183.874	-0.089666	-0.0318278	-0.205644	-0.0424718	0.211984	
0.00934312	5.09724e+09	1.38843	0.694216	-95.3932	-119.325	-179.835	-183.767	-0.188925	0.327774	-0.287984	-0.461938	0.0896241	
0.00853818	5.09459e+09	1.34447	0.672237	-94.9588	-119.014	-179.787	-183.842	0.0797636	0.0922292	0.0322814	0.0369815	0.495961	
0.00864941	5.0956e+09	1.37254	0.68627	-95.372	-119.336	-180.146	-184.11	-0.117761	-0.0983304	-0.218793	0.690901	0.314934	
0.00853801	5.08651e+09	1.35344	0.676719	-95.2984	-119.281	-180.113	-184.096	0.367154	0.0586709	0.29192	0.365499	0.295645	
0.00817651	5.10209e+09	1.33681	0.668403	-95.0335	-119.061	-180.063	-184.09	0.0382895	0.632973	0.645498	0.299786	0.0835347	
0.00994511	5.09158e+09	1.43328	0.716642	-95.9662	-119.728	-180.127	-183.889	0.388886	0.517433	-0.197511	-0.244994	-0.580466	
0.00880891	5.09046e+09	1.36209	0.681046	-95.3176	-119.254	-180.004	-183.94	-0.316244	0.439188	0.473553	-0.16973	-0.000949163	
0.00871861	5.08031e+09	1.36732	0.683661	-95.4213	-119.354	-180.135	-184.068	0.230236	-0.18942	0.168015	0.554577	0.27332	
0.0086134	5.07876e+09	1.3471	0.673548	-95.0938	-119.108	-179.857	-183.872	0.600902	-0.329815	0.0534181	0.281302	0.632728	
0.00922426	5.05303e+09	1.37706	0.688531	-95.642	-119.487	-180.064	-183.908	0.685622	-0.557423	0.409361	0.230451	0.260893	
0.00961896	5.09926e+09	1.41684	0.708422	-95.7009	-119.545	-180.02	-183.864	0.05094	0.418848	-0.399213	-0.173296	-0.250513	
0.00966582	5.07314e+09	1.41191	0.705954	-95.8871	-119.669	-180.14	-183.923	0.0379481	-0.0485092	0.0645815	0.0110792	-0.224602	
0.0100239	5.06143e+09	1.42524	0.712621	-95.9981	-119.704	-180.073	-183.779	-0.549817	-0.360591	0.0828282	0.0586974	-0.300436	
0.00995786	5.06955e+09	1.43791	0.718956	-96.2089	-119.905	-180.327	-184.023	-0.230632	-0.218134	-0.0118882	0.501939	-0.548569	
0.0105115	5.04838e+09	1.44814	0.72407	-96.2956	-119.958	-180.142	-183.804	-0.0547544	-0.996328	-0.391268	0.41597	-0.154309	
0.00935558	5.0711e+09	1.39769	0.698846	-95.8019	-119.616	-180.193	-184.007	-0.177385	-0.191829	0.203482	0.271428	-0.0831075	
0.0107153	5.0649e+09	1.45296	0.726482	-96.2273	-119.916	-180.019	-183.708	-0.33366	-0.549279	-0.628858	-0.155694	-0.223632	
0.00946612	5.07129e+09	1.3924	0.696201	-96.0071	-119.893	-180.348	-184.234	-0.0689061	-0.0457047	0.2313	-0.209982	-0.0348442	
0.00878644	5.09474e+09	1.36305	0.681525	-95.1895	-119.18	-179.894	-183.885	0.524277	0.340983	0.075056	-0.10019	0.202618	
0.0103461	5.06609e+09	1.42859	0.714293	-96.0567	-119.756	-180.002	-183.702	-0.465271	0.0534254	0.123733	-0.703479	-0.449896	
0.0092206	5.07015e+09	1.3799	0.689949	-95.5874	-119.445	-180.04	-183.898	0.268175	-0.0278587	0.394647	-0.0943473	0.0327705	
0.0088525	5.05355e+09	1.36147	0.680735	-95.5154	-119.38	-180.117	-183.981	0.372989	-0.431249	0.839766	0.497325	0.16951	
0.0100776	5.06994e+09	1.44038	0.720189	-96.2329	-119.912	-180.299	-183.978	-0.321524	-0.0715363	0.0821355	0.293564	-0.664754	
0.00880605	5.07544e+09	1.35888	0.679441	-95.3542	-119.283	-180.016	-183.944	-0.258743	-0.166261	0.376765	0.169015	0.301815	
0.00952719	5.09201e+09	1.41051	0.705253	-95.7391	-119.563	-180.087	-183.911	0.112074	0.472972	-0.019961	-0.194129	-0.363416	
0.0101193	5.06498e+09	1.43167	0.715837	-95.9011	-119.601	-179.941	-183.641	0.11922	-0.106883	0.0832454	-0.0742815	-0.46044	
0.00858992	5.10979e+09	1.36079	0.680397	-95.0586	-119.11	-179.887	-183.938	-0.328058	0.202181	-0.384698	0.25107	0.41862	
0.00933859	5.07423e+09	1.38746	0.693731	-95.6234	-119.474	-180.028	-183.878	0.00229749	-0.0163105	0.211464	-0.150595	0.0152822	
0.00818973	5.11247e+09	1.33751	0.668754	-94.8191	-118.929	-179.859	-183.969	0.167687	0.501755	0.0448232	0.25649	0.370925	
0.0101595	5.05696e+09	1.4401	0.720052	-96.2529	-119.929	-180.262	-183.938	0.0985026	-0.511474	-0.0212308	0.446271	-0.431845	
0.00871241	5.08643e+09	1.36165	0.680827	-95.3454	-119.285	-180.072	-184.012	-0.126896	0.184061	0.393219	0.17822	0.116505	
0.00865096	5.09896e+09	1.35165	0.675825	-94.9666	-119.028	-179.746	-183.807	-0.00991961	0.0769032	-0.21375	0.00311381	0.523601	
0.0101138	5.06211e+09	1.4383	0.71915	-96.2346	-119.932	-180.272	-183.969	0.196636	-0.427457	-0.128956	0.370767	-0.371459	
0.00896444	5.10064e+09	1.39478	0.697391	-95.6952	-119.564	-180.322	-184.191	-0.0681884	0.639873	0.227393	0.314792	-0.416362	
0.00888394	5.07261e+09	1.37294	0.686469	-95.5565	-119.472	-180.175	-184.09	0.367379	-0.408047	0.090792	0.541648	0.34012	
0.00869748	5.10279e+09	1.36281	0.681404	-95.1404	-119.154	-179.903	-183.917	0.116666	0.363145	-0.0855147	0.0133154	0.240665	
0.00985415	5.07894e+09	1.41897	0.709486	-95.9074	-119.679	-180.087	-183.858	-0.148637	0.144267	-0.0290445	-0.2687	-0.327173	
0.00927003	5.06922e+09	1.40085	0.700423	-95.845	-119.67	-180.273	-184.098	0.169987	-0.484838	-0.0311484	0.691506	0.0630707	
0.00965965	5.08839e+09	1.42034	0.710171	-95.9435	-119.726	-180.226	-184.008	-0.30295	0.308546	-0.047433	0.00261906	-0.440644	
0.00958554	5.07962e+09	1.40564	0.702822	-95.7981	-119.6	-180.099	-183.901	-0.259161	0.165358	0.127182	-0.193971	-0.247983	
0.00970606	5.09221e+09	1.42246	0.711232	-95.8843	-119.688	-180.152	-183.956	-0.464685	0.158618	-0.363954	0.0457483	-0.264212	
0.0100909	5.0714e+09	1.4283	0.714151	-95.9461	-119.715	-180.009	-183.778	0.255185	-0.329602	-0.440287	-0.0742356	-0.0693631	
0.00914312	5.09182e+09	1.38706	0.693528	-95.5921	-119.493	-180.119	-184.02	-0.299198	0.204404	-0.0482731	-0.0294662	0.0189789	
0.00924765	5.08479e+09	1.3989	0.699452	-95.8392	-119.666	-180.304	-184.131	-0.363079	0.22654	0.240566	0.209591	-0.289847	
0.00899744	5.0774e+09	1.37381	0.686906	-95.4463	-119.362	-180.018	-183.934	0.171054	-0.21097	0.0632414	0.194549	0.288619	
0.00991178	5.09839e+09	1.43769	0.718844	-95.9885	-119.756	-180.176	-183.943	-0.411775	0.390589	-0.433219	0.00941783	-0.523545	
0.0100696	5.05416e+09	1.39214	0.69607	-94.2861	-117.872	-178.329	-181.914	0.389086	-0.373167	-0.0108434	-1.09294	0.276896	
0.00900385	5.0662e+09	1.3584	0.679199	-95.3741	-119.282	-179.923	-183.831	0.0485658	-0.189326	0.511488	-0.171854	0.300678	
0.00872314	5.11203e+09	1.37395	0.686974	-95.255	-119.248	-180.02	-184.013	-0.470991	0.447179	-0.258939	0.186876	0.127181	
0.0102854	5.05138e+09	1.42916	0.714582	-96.1107	-119.801	-180.057	-183.747	0.508936	-0.408768	0.0810681	-0.214515	-0.272102	
0.00850499	5.08052e+09	1.33555	0.667777	-95.0121	-119.031	-179.834	-183.853	0.327223	-0.0134197	0.450765	0.034016	0.481511	
0.00840484	5.10134e+09	1.34415	0.672077	-95.0229	-119.057	-179.931	-183.965	0.0927939	0.513164	0.348563	0.0540717	0.199504	
0.0092071	5.07462e+09	1.36255	0.681273	-95.206	-119.167	-179.673	-183.634	0.0695511	-0.198412	0.000833354	-0.534199	0.481422	
0.00981392	5.06667e+09	1.42838	0.714192	-96.1234	-119.845	-180.299	-184.021	0.0367383	-0.259409	0.0690251	0.480893	-0.424101	
0.00920474	5.09184e+09	1.40164	0.700822	-95.7672	-119.61	-180.265	-184.107	-0.0535241	0.361673	0.0988497	0.236507	-0.313249	
0.00909686	5.08276e+09	1.38664	0.693321	-95.6593	-119.545	-180.192	-184.078	0.382306	0.0710223	0.0935744	0.188699	0.0138375	
0.00910207	5.08723e+09	1.36291	0.681454	-95.1166	-119.118	-179.655	-183.656	0.00689712	0.0124551	-0.164348	-0.493489	0.448989	
0.00821031	5.13261e+09	1.34674	0.67337	-94.7614	-118.911	-179.825	-183.974	-0.492732	0.757576	-0.360253	0.232178	0.311254	
0.0100705	5.0749e+09	1.42668	0.71334	-95.8936	-119.684	-179.972	-183.762	-0.36439	-0.503625	-0.661222	-0.00211606	0.102043	
0.00917723	5.06114e+09	1.38097	0.690485	-95.7622	-119.563	-180.22	-184.021	-0.144645	0.00848964	0.922509	0.155506	-0.268689	
0.00943785	5.07672e+09	1.40161	0.700806	-95.8123	-119.614	-180.175	-183.977	0.082262	0.180731	0.309062	0.000384441	-0.299121	
0.00935748	5.08054e+09	1.40964	0.704819	-95.9018	-119.696	-180.308	-184.102	-0.291372	0.0342911	0.143443	0.476181	-0.337287	
0.00939227	5.06335e+09	1.38107	0.690534	-95.593	-119.443	-179.954	-183.804	0.27112	-0.231595	0.299816	-0.251169	0.159449	
0.00877274	5.08855e+09	1.3536	0.676801	-95.116	-119.118	-179.816	-183.819	-0.286127	-0.00199563	0.052209	-0.102548	0.437824	
0.00958022	5.06263e+09	1.38137	0.690683	-95.5264	-119.389	-179.8	-183.663	-0.280007	-0.44561	0.0259267	-0.497677	0.362246	
0.0103399	5.0849e+09	1.46281	0.731406	-96.3174	-119.981	-180.298	-183.961	0.114929	0.157142	-0.392965	0.372383	-0.844884	
0.0101306	5.05351e+09	1.41556	0.707779	-95.8939	-119.605	-179.909	-183.621	-0.088116	-0.35772	0.190342	-0.430529	-0.155903	
0.00975282	5.06563e+09	1.41039	0.705194	-95.8973	-119.67	-180.099	-183.871	0.199852	-0.176776	0.125216	-0.0773773	-0.16482	
0.00921431	5.10407e+09	1.38832	0.69416	-95.427	-119.355	-179.941	-183.868	0.115002	0.732318	-0.0593667	-0.500923	-0.162691	
0.0104113	5.06374e+09	1.43886	0.719428	-96.0889	-119.801	-180.003	-183.716	-0.605515	-0.576215	-0.448548	-0.0902594	-0.122717	
0.00965713	5.05725e+09	1.39428	0.697139	-95.7856	-119.576	-180.015	-183.806	-0.235781	-0.386425	0.301011	-0.222437	0.0506507	
0.0100062	5.06365e+09	1.41012	0.705058	-95.8013	-119.592	-179.888	-183.679	0.128434	-0.334746	-0.156574	-0.475761	0.0659811	
0.0100695	5.07162e+09	1.42495	0.712474	-95.9756	-119.72	-180.048	-183.793	-0.0612253	-0.0169862	-0.0647967	-0.334367	-0.311348	
0.0103629	5.06073e+09	1.44561	0.722803	-96.2603	-119.925	-180.19	-183.854	-0.00332929	-0.35262	-0.0946862	0.141586	-0.498326	
0.00986209	5.07512e+09	1.42412	0.71206	-95.9765	-119.738	-180.146	-183.907	-0.0484514	-0.117463	-0.161623	0.068613	-0.257781	
0.00977092	5.07869e+09	1.41074	0.705371	-95.696	-119.547	-179.912	-183.762	0.183126	-0.34721	-0.581526	-0.0801475	0.216949	
0.00939502	5.09179e+09	1.4093	0.704648	-95.6794	-119.558	-180.088	-183.966	-0.167769	-0.302625	-0.725873	0.478541	0.216957	
0.00971655	5.06181e+09	1.40121	0.700606	-95.7046	-119.489	-179.916	-183.7	-0.0141681	-0.251392	0.214855	-0.23494	-0.0466741	
0.00939785	5.06065e+09	1.38934	0.694672	-95.8049	-119.593	-180.159	-183.947	-0.279398	-0.133322	0.650284	0.0174376	-0.176356	
0.00974245	5.08112e+09	1.41883	0.709417	-95.8263	-119.643	-180.059	-183.876	0.497112	-0.122365	-0.427307	0.0777103	-0.0508037	
0.00929061	5.09801e+09	1.3966	0.698299	-95.522	-119.425	-179.99	-183.893	0.379569	0.42903	-0.225104	-0.185062	-0.0803283	
0.0101557	5.10337e+09	1.45174	0.725871	-96.0377	-119.797	-180.128	-183.887	-0.452324	0.298409	-0.82592	0.0709847	-0.491369	
0.0103346	5.08356e+09	1.45728	0.728642	-96.2184	-119.921	-180.199	-183.901	0.00015283	-0.117067	-0.658123	0.316232	-0.500204	
0.0100808	5.06726e+09	1.42535	0.712674	-95.9479	-119.712	-180.008	-183.773	0.416859	-0.340219	-0.32271	-0.125129	-0.0720926	
0.00958126	5.08103e+09	1.41514	0.707572	-95.8541	-119.668	-180.159	-183.973	-0.194791	-0.260414	-0.365091	0.346759	-0.0231782	
0.00897697	5.08487e+09	1.3701	0.68505	-95.5059	-119.402	-180.1	-183.996	-0.165193	0.428912	0.551014	-0.231769	-0.109088	
0.00932708	5.0711e+09	1.38515	0.692573	-95.6698	-119.506	-180.074	-183.911	-0.36275	-0.0490817	0.368128	-0.136739	-0.0205319	
0.00984813	5.08916e+09	1.42474	0.71237	-95.8255	-119.643	-180.025	-183.842	0.181228	0.0478827	-0.558936	-0.0707949	-0.128103	
0.0092355	5.08323e+09	1.39107	0.695537	-95.5939	-119.472	-180.062	-183.94	0.176908	0.0263335	-0.0363401	0.0624788	0.0437935	
0.00971255	5.07744e+09	1.42602	0.71301	-96.048	-119.808	-180.288	-184.048	-0.0479758	-0.145971	-0.165444	0.429364	-0.316871	
0.0085086	5.11133e+09	1.3378	0.668898	-94.6203	-118.787	-179.492	-183.66	0.0135116	0.426862	-0.219169	-0.318652	0.529661	
0.0102109	5.08371e+09	1.43722	0.71861	-95.9911	-119.74	-180.024	-183.773	0.325654	0.265592	-0.321097	-0.408954	-0.452175	
0.00971992	5.08083e+09	1.40497	0.702485	-95.6448	-119.5	-179.887	-183.742	-0.105949	-0.155336	-0.403804	-0.298839	0.140619	
0.00851545	5.08843e+09	1.34378	0.671888	-95.0872	-119.093	-179.917	-183.923	0.071349	0.174655	0.392309	0.0774869	0.329291	
0.00920899	5.10613e+09	1.39778	0.69889	-95.5023	-119.422	-180.022	-183.942	-0.453457	0.32415	-0.465119	0.033972	0.0132417	
0.00920258	5.10552e+09	1.39483	0.697415	-95.5188	-119.424	-180.041	-183.946	0.574356	0.926099	0.0626517	-0.389516	-0.369447	
0.00871377	5.10208e+09	1.3638	0.681901	-95.2096	-119.205	-179.963	-183.958	0.111564	0.493685	0.0777265	-0.0616598	0.116103	
0.00834445	5.1353e+09	1.35424	0.677122	-94.7393	-118.907	-179.737	-183.905	-0.0570473	0.790536	-0.584691	0.137009	0.323956	
0.00979229	5.08631e+09	1.41282	0.706408	-95.7616	-119.574	-179.981	-183.793	-0.0201054	0.342065	-0.109779	-0.520007	-0.267385	
0.0092631	5.08396e+09	1.37848	0.689238	-95.3679	-119.301	-179.824	-183.757	-0.186798	-0.0971748	-0.205173	-0.28469	0.330273	
0.00861038	5.10197e+09	1.36524	0.682618	-95.2288	-119.224	-180.033	-184.029	0.0397173	0.282284	-0.0589156	0.305006	0.210549	
0.00842517	5.09972e+09	1.34603	0.673015	-94.9638	-119.034	-179.859	-183.929	-0.0142117	-0.0109191	-0.172958	0.348931	0.576121	
0.0087429	5.0816e+09	1.34993	0.674963	-95.2474	-119.275	-179.951	-183.979	0.272246	-0.0674711	0.184173	-0.0658953	0.464525	
0.00932127	5.08432e+09	1.40293	0.701463	-95.7565	-119.592	-180.186	-184.021	-0.139978	0.0401638	-0.0337283	0.2594	-0.137152	
0.00960966	5.07077e+09	1.40743	0.703715	-95.824	-119.628	-180.098	-183.903	0.210483	-0.224803	-0.0410483	0.0763819	-0.0486531	
0.00935274	5.08211e+09	1.4081	0.704048	-95.8204	-119.645	-180.232	-184.057	0.0550462	-0.0454181	-0.074882	0.429701	-0.163711	
0.0100397	5.05674e+09	1.41408	0.707041	-95.9465	-119.691	-180.007	-183.751	0.0965876	-0.349535	0.0986348	-0.348826	-0.10283	
0.0094201	5.09733e+09	1.39215	0.696073	-95.4451	-119.36	-179.851	-183.766	-0.54398	0.305954	-0.305399	-0.484038	0.0583182	
0.00868743	5.10134e+09	1.35615	0.678073	-95.0817	-119.112	-179.846	-183.877	0.0199651	0.390608	0.00916811	-0.161473	0.272787	
0.00923661	5.0583e+09	1.38117	0.690584	-95.6834	-119.518	-180.108	-183.943	0.321265	-0.400479	0.437721	0.212308	0.125699	
0.00913447	5.07786e+09	1.36922	0.684611	-95.3418	-119.274	-179.849	-183.78	-0.139207	-0.1493	0.0387738	-0.246679	0.353387	
0.00909552	5.08538e+09	1.39191	0.695953	-95.7397	-119.602	-180.278	-184.14	-0.69087	-0.0559172	0.0355132	0.416069	-0.0239363	
0.00936396	5.06691e+09	1.37493	0.687466	-95.5294	-119.386	-179.91	-183.767	-0.275518	-0.0828453	0.413459	-0.473862	0.126844	
0.0101979	5.06755e+09	1.43943	0.719717	-96.1429	-119.852	-180.154	-183.863	0.49248	-0.203243	-0.20263	0.0764335	-0.395611	
0.0103751	5.06122e+09	1.44121	0.720605	-96.203	-119.88	-180.128	-183.805	-0.454557	-0.41519	-0.154337	-0.0101038	-0.371252	
0.00994211	5.06645e+09	1.42473	0.712363	-96.0287	-119.773	-180.148	-183.892	0.0909034	-0.303324	-0.099733	0.102234	-0.21814	
0.0103921	5.06152e+09	1.43489	0.717447	-95.5092	-119.082	-179.428	-183	-0.0277053	-0.286093	-0.144577	-0.365634	-0.288335	
0.0109952	5.0526e+09	1.46168	0.730841	-96.4201	-120.01	-180.078	-183.668	0.123922	-0.232106	-0.00127977	-0.415009	-0.756026	
0.0110041	5.05365e+09	1.46488	0.732441	-96.3412	-119.965	-179.998	-183.621	0.410968	-0.569767	-0.443862	-0.129276	-0.461496	
0.00922764	5.0885e+09	1.39741	0.698706	-95.6415	-119.512	-180.122	-183.993	0.507106	0.211254	-0.0595469	0.141442	-0.100078	
0.00953621	5.06102e+09	1.38844	0.694219	-95.6614	-119.494	-179.952	-183.785	-0.132411	-0.473299	0.100823	-0.169961	0.240603	
0.00967601	5.06993e+09	1.38123	0.690615	-95.4077	-119.303	-179.651	-183.546	-0.0680245	-0.203799	-0.107472	-0.861629	0.342349	
0.00920113	5.09242e+09	1.39846	0.699232	-95.6815	-119.576	-180.182	-184.076	0.0618428	-0.0374169	-0.396049	0.34824	0.108954	
0.00941554	5.07402e+09	1.40013	0.700066	-95.7364	-119.572	-180.105	-183.94	0.662974	-0.0970254	0.016551	0.124589	-0.0314257	
0.00889057	5.0913e+09	1.39059	0.695297	-95.6027	-119.505	-180.25	-184.152	0.090844	-0.102387	-0.222062	0.767082	0.102881	
0.00976662	5.0724e+09	1.39109	0.695544	-95.5627	-119.409	-179.769	-183.616	0.0487062	0.110348	0.094617	-0.939288	0.031057	
0.00983315	5.09054e+09	1.42482	0.712409	-95.8038	-119.631	-180.012	-183.839	0.0865197	-0.019683	-0.661929	-0.00891739	-0.0628247	
0.0095836	5.0896e+09	1.41061	0.705305	-95.7269	-119.571	-180.045	-183.889	-0.289202	0.081291	-0.338876	-0.0562011	-0.0796968	
0.00889936	5.09236e+09	1.38255	0.691274	-95.4997	-119.427	-180.144	-184.072	0.535482	0.168235	-0.0639128	0.340495	0.0751608	
0.00848445	5.08424e+09	1.34296	0.671482	-95.3158	-119.301	-180.154	-184.139	-0.280339	0.226303	0.702176	0.14288	0.181029	
