0.499535	1.21146e-06	1.28184e-06	1.18673e-06	92.58	-28.9217	0.00513885	659.704	19079.7	38195	6.41411e-10	-0.0933803	0.50285	0.30374	0.151886	0.219045	
0.502013	1.22351e-06	1.31917e-06	1.19949e-06	90.9274	-28.797	0.00507774	651.143	18751	37351.5	6.41411e-10	-0.147455	0.309405	0.0433346	0.237786	-0.0279942	
0.497746	1.2028e-06	1.33911e-06	1.18067e-06	88.1681	-28.7318	0.00476173	626.016	17986.6	36136.1	6.41411e-10	-0.041754	0.515485	0.0476587	-0.650824	0.119542	
0.508026	1.253e-06	1.27907e-06	1.22755e-06	95.9725	-28.9311	0.00530724	695.504	20121.7	39607.5	6.41411e-10	0.289376	-0.576978	0.111204	0.221152	-0.290074	
0.50586	1.24233e-06	1.32156e-06	1.21806e-06	92.168	-28.7891	0.00522656	665.084	19147.2	37850.8	6.41411e-10	-0.266271	0.185747	-0.46778	0.557681	-0.601267	
0.504065	1.23353e-06	1.22024e-06	1.2075e-06	98.9559	-29.1355	0.0051532	711.532	20730.9	41127.4	6.41411e-10	0.396297	0.114013	0.41206	0.0356328	-0.0719913	
0.503298	1.22978e-06	1.28759e-06	1.20598e-06	93.6623	-28.9022	0.00519564	672.444	19435.1	38615.6	6.41411e-10	0.295475	-0.469814	-0.0342408	-0.447978	0.214073	
0.501573	1.22137e-06	1.33934e-06	1.19362e-06	89.1205	-28.7311	0.0054843	637.644	18320.2	36525.5	6.41411e-10	0.641188	0.425151	0.310969	-0.0848664	0.0480081	
0.505875	1.24241e-06	1.25228e-06	1.2196e-06	97.3906	-29.023	0.00513126	702.791	20397.1	40320.5	6.41411e-10	-0.343421	-0.148833	-0.196709	0.32266	-0.316601	
0.503476	1.23065e-06	1.20044e-06	1.20871e-06	100.689	-29.2066	0.00494429	723.148	21120.7	41949.8	6.41411e-10	-0.163558	-0.301612	0.50083	-0.250988	0.0172135	
0.504338	1.23487e-06	1.32675e-06	1.21073e-06	91.2552	-28.7721	0.00519923	656.517	18889.4	37453.8	6.41411e-10	0.156065	-0.0428955	-0.181388	-0.155841	-0.226042	
0.505008	1.23815e-06	1.20717e-06	1.21235e-06	100.429	-29.1823	0.00512317	723.476	21112.7	41806.7	6.41411e-10	0.102144	0.354309	-0.0964265	0.446393	-0.486219	
0.496859	1.19852e-06	1.30826e-06	1.17489e-06	89.8056	-28.833	0.00470117	636.507	18352.4	36936.9	6.41411e-10	0.0119267	0.788666	0.355264	-0.367288	0.0592446	
0.504131	1.23386e-06	1.36998e-06	1.2105e-06	88.3588	-28.6329	0.00524427	635.418	18193.8	36089.5	6.41411e-10	-0.287687	-0.0370682	0.290048	0.328127	-0.0427186	
0.501682	1.2219e-06	1.19074e-06	1.20051e-06	100.82	-29.2418	0.00485151	721.511	21098.3	42055.1	6.41411e-10	-0.0477074	-0.0393143	0.40889	-0.69269	-0.168407	
0.496552	1.19704e-06	1.33266e-06	1.17263e-06	87.9918	-28.7528	0.0048678	623.266	17920.7	36090.2	6.41411e-10	-0.302158	0.931656	-0.323475	0.254536	-0.25988	
0.505873	1.2424e-06	1.23087e-06	1.21688e-06	98.863	-29.0979	0.00522019	713.414	20758.8	41035.6	6.41411e-10	0.192951	-0.226015	0.136174	0.318424	0.0555793	
0.503082	1.22873e-06	1.30369e-06	1.20325e-06	92.2956	-28.8483	0.0052466	662.348	19107.6	37981.1	6.41411e-10	0.216563	0.0780749	0.275618	0.0917023	0.19236	
0.5048	1.23713e-06	1.31774e-06	1.21259e-06	92.0199	-28.8017	0.00533206	662.624	19084.7	37806.5	6.41411e-10	0.08856	-0.418588	-0.273858	0.0619419	0.237474	
0.507514	1.25047e-06	1.23589e-06	1.2251e-06	99.1266	-29.0802	0.00522428	717.637	20869	41120.1	6.41411e-10	0.08083	-0.194755	0.296938	0.513877	-0.280243	
0.506924	1.24756e-06	1.24201e-06	1.22153e-06	98.3513	-29.0588	0.00517199	711.196	20666.5	40768.4	6.41411e-10	0.275593	0.1655	-0.353772	0.330637	-0.691211	
0.50293	1.22798e-06	1.13411e-06	1.20593e-06	106.333	-29.4535	0.00487875	762.854	22468.7	44675.6	6.41411e-10	-0.152222	0.0683545	0.000848497	-0.278312	-0.239637	
0.504442	1.23538e-06	1.1935e-06	1.21352e-06	101.677	-29.2318	0.00493331	731.647	21387.3	42398	6.41411e-10	-0.248736	-0.154766	-0.107252	-0.122295	-0.307605	
0.502483	1.2258e-06	1.33514e-06	1.20156e-06	89.9952	-28.7447	0.00517764	645.07	18542.4	36901.5	6.41411e-10	-0.120362	0.126376	-0.327299	0.238571	0.202533	
0.501605	1.22152e-06	1.29539e-06	1.19911e-06	92.5672	-28.876	0.00500155	662.346	19125.9	38129.4	6.41411e-10	-0.256996	0.0683225	0.12059	-0.0755653	0.161667	
0.501933	1.22312e-06	1.36008e-06	1.20001e-06	88.2306	-28.6644	0.00520306	631.729	18108.1	36076.8	6.41411e-10	-0.083065	0.114105	0.113556	-0.182324	0.0258727	
0.508146	1.25359e-06	1.24927e-06	1.22848e-06	98.3357	-29.0334	0.00519396	712.798	20695	40726.4	6.41411e-10	0.156679	-0.0875343	0.209837	0.327297	-0.708376	
0.501469	1.22086e-06	1.35085e-06	1.19794e-06	88.6801	-28.6939	0.00503722	634.361	18202.3	36298	6.41411e-10	0.0590953	-0.0749826	-0.122391	-0.341685	0.312781	
0.504193	1.23416e-06	1.16207e-06	1.21189e-06	104.288	-29.3477	0.00495543	750.061	22012.6	43659	6.41411e-10	-0.325262	-0.142006	-0.0591067	0.119556	-0.0478184	
0.500861	1.2179e-06	1.37835e-06	1.19617e-06	86.7831	-28.6064	0.00500944	620.038	17737.1	35413.1	6.41411e-10	-0.662739	0.283088	-0.449429	0.277069	-0.111987	
0.505025	1.23823e-06	1.16249e-06	1.2159e-06	104.594	-29.3461	0.00499331	753.503	22112.4	43784.7	6.41411e-10	-0.53594	-0.0102411	0.401918	0.463543	-0.305284	
0.49964	1.21197e-06	1.36934e-06	1.19036e-06	86.9294	-28.6349	0.00486807	619.569	17741.3	35508.2	6.41411e-10	-0.282875	0.264844	-0.491129	-0.32886	0.105945	
0.501459	1.22081e-06	1.35394e-06	1.19741e-06	88.4389	-28.684	0.00520718	632.623	18146.2	36186.7	6.41411e-10	-0.109516	0.100939	0.11561	-0.0563692	0.265927	
0.504914	1.23769e-06	1.2377e-06	1.21176e-06	97.9042	-29.0738	0.00522889	705.156	20501.6	40604.1	6.41411e-10	0.396484	-0.283663	-0.179126	0.0657208	0.192744	
0.499899	1.21323e-06	1.37425e-06	1.19141e-06	86.6956	-28.6194	0.00488481	618.224	17693.2	35393.5	6.41411e-10	0.0208224	0.253408	0.539309	-0.737507	-0.107527	
0.503833	1.2324e-06	1.35741e-06	1.21125e-06	89.2324	-28.6729	0.00542677	641.321	18388.5	36497.2	6.41411e-10	-0.638092	-0.294393	-0.405343	0.118353	-0.163228	
0.503843	1.23244e-06	1.3012e-06	1.21116e-06	93.0801	-28.8566	0.00528809	668.988	19304.7	38314.9	6.41411e-10	-0.424856	-0.206081	0.433387	-0.121634	-0.332795	
0.505894	1.2425e-06	1.23252e-06	1.21732e-06	98.7668	-29.0921	0.00518334	712.749	20735.3	40987.5	6.41411e-10	0.238795	-0.163536	-0.323252	0.142325	-0.143961	
0.504966	1.23795e-06	1.25315e-06	1.21225e-06	96.7361	-29.02	0.00525291	696.814	20221.5	40045.3	6.41411e-10	0.451392	-0.452558	0.285059	-0.0866241	0.171683	
0.502081	1.22384e-06	1.33982e-06	1.20015e-06	89.5755	-28.7295	0.00515267	641.548	18431.4	36710	6.41411e-10	0.0588888	0.0973986	0.0307347	-0.221316	0.0651423	
0.506545	1.2457e-06	1.29826e-06	1.22017e-06	93.9856	-28.8664	0.00528386	679.119	19603.7	38700.8	6.41411e-10	-0.0515228	-0.618007	0.00439579	0.787402	0.634314	
0.497246	1.20038e-06	1.33847e-06	1.17748e-06	87.9721	-28.7339	0.00499409	623.996	17929.9	36058.3	6.41411e-10	0.0950193	0.438163	-0.0129535	-0.661317	0.490862	
0.501435	1.22069e-06	1.26482e-06	1.19712e-06	94.6473	-28.9797	0.00504444	677	19619.3	39126.3	6.41411e-10	0.229158	0.302842	-0.311434	-0.533789	-0.212754	
0.500329	1.21532e-06	1.26901e-06	1.19037e-06	93.8027	-28.9653	0.0051454	669.48	19391.7	38757.9	6.41411e-10	0.129939	0.283898	0.43455	-0.0504066	0.434772	
0.503875	1.2326e-06	1.33074e-06	1.20872e-06	90.8308	-28.7591	0.00518215	652.863	18775.7	37262.7	6.41411e-10	0.0740471	0.130031	0.230659	-0.143727	-0.371791	
0.500256	1.21496e-06	1.30403e-06	1.18819e-06	91.1167	-28.8471	0.00520017	650.214	18756.8	37494.4	6.41411e-10	0.00991042	0.568896	0.0059724	0.600226	0.227749	
0.50005	1.21396e-06	1.33684e-06	1.19021e-06	89.0313	-28.7392	0.00481717	635.071	18251.4	36499.2	6.41411e-10	-0.310285	0.614953	0.104694	0.31706	-0.219014	
0.498622	1.20704e-06	1.17006e-06	1.18502e-06	101.279	-29.3179	0.00488459	720.374	21119.9	42356.5	6.41411e-10	-0.416915	0.290299	0.0799058	-0.119371	0.434157	
0.501583	1.22141e-06	1.25131e-06	1.19684e-06	95.6473	-29.0264	0.00508876	684.355	19864.3	39603.3	6.41411e-10	-0.0368839	0.489523	-0.587102	0.13774	-0.219714	
0.505629	1.2412e-06	1.37001e-06	1.21757e-06	88.8727	-28.6328	0.00519437	641.013	18354	36299.3	6.41411e-10	-0.337985	-0.221038	-0.00805991	0.633134	0.0617927	
0.500155	1.21447e-06	1.32059e-06	1.19377e-06	90.3968	-28.7923	0.00527656	644.947	18569.5	37127.5	6.41411e-10	-0.453992	-0.307149	-0.152949	-0.353913	0.486593	
0.5095	1.26028e-06	1.36727e-06	1.23216e-06	90.118	-28.6415	0.00559158	654.971	18759.3	36819.1	6.41411e-10	0.1683	-0.166231	-0.285874	1.1141	-0.376442	
0.503903	1.23274e-06	1.28309e-06	1.21044e-06	94.3381	-28.9174	0.00549456	678.11	19609.2	38914.7	6.41411e-10	-0.254339	-0.535651	-0.297319	-0.193055	0.116776	
0.503926	1.23285e-06	1.26427e-06	1.2062e-06	95.407	-28.9816	0.00528379	685.824	19876.3	39442.9	6.41411e-10	0.538702	-0.00547962	-0.088631	-0.0549959	0.0577497	
0.505497	1.24055e-06	1.30169e-06	1.21605e-06	93.421	-28.8549	0.00513386	673.642	19437.9	38453	6.41411e-10	0.194979	-0.280856	0.0791306	0.0120714	-0.0616369	
0.502077	1.22382e-06	1.27094e-06	1.19842e-06	94.2944	-28.9588	0.00516479	675.341	19557	38952.2	6.41411e-10	0.0275253	0.394848	0.456554	0.289058	-0.0247425	
0.505203	1.23911e-06	1.17854e-06	1.21711e-06	103.273	-29.2866	0.00490767	744.252	21796.6	43144.2	6.41411e-10	-0.216701	-0.0482562	-0.115586	-0.114507	-0.594824	
0.498122	1.20461e-06	1.34785e-06	1.18262e-06	87.7411	-28.7036	0.00473687	623.455	17895.4	35925.7	6.41411e-10	0.0283997	0.443309	-0.689849	-0.753744	0.129842	
0.505556	1.24084e-06	1.22492e-06	1.21419e-06	99.1236	-29.1189	0.00516147	714.847	20815.6	41173.6	6.41411e-10	0.220708	0.351523	-0.134541	0.526619	-0.545651	
0.501524	1.22113e-06	1.4032e-06	1.20003e-06	85.5216	-28.5288	0.00506302	611.834	17454.9	34803.7	6.41411e-10	-0.772607	-0.0716897	-0.318121	0.360713	0.286897	
0.503947	1.23295e-06	1.2135e-06	1.20624e-06	99.4017	-29.1596	0.0051287	714.57	20836.6	41346.8	6.41411e-10	0.307701	0.429356	0.0650929	0.336447	-0.369028	
0.503843	1.23245e-06	1.33102e-06	1.20838e-06	90.7863	-28.7582	0.00521349	652.502	18764.8	37243.3	6.41411e-10	-0.093542	0.154009	-0.103002	0.164479	-0.234951	
0.503298	1.22978e-06	1.21614e-06	1.20414e-06	99.0135	-29.1502	0.00508554	710.863	20721.8	41172	6.41411e-10	0.392159	0.355554	0.152155	-0.119867	-0.323347	
0.500023	1.21383e-06	1.37214e-06	1.19203e-06	86.8739	-28.626	0.00491386	619.649	17738.1	35474.5	6.41411e-10	-0.438484	0.1022	-0.171853	0.0137063	0.432937	
0.50076	1.21741e-06	1.2607e-06	1.19385e-06	94.6975	-28.9939	0.0050368	676.448	19612.8	39166.1	6.41411e-10	0.247211	0.28783	-0.428224	-0.589921	-0.0438042	
0.502748	1.22709e-06	1.20096e-06	1.20559e-06	100.385	-29.2047	0.00495095	719.925	21025.2	41820.5	6.41411e-10	-0.369666	-0.0959595	0.319438	-0.12112	-0.0465407	
0.505515	1.24064e-06	1.32837e-06	1.21706e-06	91.6207	-28.7668	0.00532355	660.684	19005.8	37596.9	6.41411e-10	0.138542	-0.801554	-0.489837	-0.183493	0.0330349	
0.504221	1.2343e-06	1.29352e-06	1.21018e-06	93.5569	-28.8823	0.00521306	672.92	19435.4	38545.5	6.41411e-10	0.0721973	0.0183549	-0.189847	-0.0353159	-0.199864	
0.503736	1.23192e-06	1.27812e-06	1.20786e-06	94.5028	-28.9343	0.00515943	679.069	19648.4	39005.3	6.41411e-10	0.189616	-0.209019	0.714679	-0.194156	0.0728927	
0.502818	1.22743e-06	1.37068e-06	1.20484e-06	87.9004	-28.6306	0.00510711	630.474	18050.9	35899.4	6.41411e-10	-0.0402223	-0.11619	-0.0789024	-0.245809	0.014624	
0.507137	1.24861e-06	1.43726e-06	1.22648e-06	85.3351	-28.4247	0.00530138	617.332	17547.5	34601	6.41411e-10	-0.231351	-0.934241	-0.296795	0.140783	-0.2148	
0.501222	1.21965e-06	1.32103e-06	1.19578e-06	90.5187	-28.7909	0.00504842	647.193	18633.3	37175.7	6.41411e-10	-0.0869872	0.284455	-0.0763617	0.0850847	0.150636	
0.497552	1.20186e-06	1.30916e-06	1.17765e-06	89.9546	-28.8301	0.00475918	638.451	18406.6	36994.4	6.41411e-10	-0.134257	0.846055	-0.436577	0.0317776	-0.152356	
0.504674	1.23651e-06	1.34749e-06	1.21133e-06	89.8958	-28.7048	0.005264	647.167	18576.8	36809.5	6.41411e-10	0.0849954	-0.0145886	-0.0293138	0.198908	-0.0553258	
0.506733	1.24662e-06	1.34367e-06	1.2191e-06	90.7287	-28.7171	0.00554791	655.828	18833.5	37166.4	6.41411e-10	0.51662	-0.375439	0.515299	0.3728	-0.00203392	
0.50551	1.24062e-06	1.29687e-06	1.21612e-06	93.7738	-28.871	0.00511462	676.204	19522.7	38619.8	6.41411e-10	0.174719	-0.193784	0.358807	0.0423246	-0.137778	
0.499403	1.21082e-06	1.40951e-06	1.19025e-06	84.4442	-28.5093	0.00503323	601.571	17150.4	34341.8	6.41411e-10	-0.259254	-0.142021	0.45978	-0.584278	0.377407	
0.502319	1.225e-06	1.34337e-06	1.20004e-06	89.3306	-28.718	0.00527339	640.098	18382.4	36595	6.41411e-10	0.293985	-0.108503	0.631115	-0.23211	0.363241	
0.503323	1.2299e-06	1.38939e-06	1.20753e-06	86.9112	-28.5718	0.00510114	624.006	17829	35422.5	6.41411e-10	0.0298872	-0.360134	-0.954854	-0.366205	0.0525519	
0.505266	1.23941e-06	1.35779e-06	1.21792e-06	89.6982	-28.6717	0.00539492	646.502	18536.3	36686.2	6.41411e-10	-0.378722	-0.986683	-0.285293	0.0399728	0.148272	
0.505137	1.23878e-06	1.35735e-06	1.21611e-06	89.5946	-28.6731	0.00529711	645.591	18511.1	36645.6	6.41411e-10	0.116524	-0.349653	0.282061	-0.499295	-0.566488	
0.502677	1.22675e-06	1.33576e-06	1.20151e-06	89.9494	-28.7427	0.00520807	644.991	18538.8	36880.1	6.41411e-10	0.160763	0.171715	0.50645	0.0734288	0.111938	
0.501463	1.22083e-06	1.1804e-06	1.19463e-06	101.206	-29.2797	0.00506617	723.953	21197.2	42270.6	6.41411e-10	0.174035	0.615446	0.289909	0.279583	-0.190245	
0.501764	1.2223e-06	1.34302e-06	1.19868e-06	89.2527	-28.7192	0.00515981	638.833	18346.7	36564.5	6.41411e-10	-0.168966	0.185854	0.0859869	0.100483	0.126671	
0.502903	1.22785e-06	1.33629e-06	1.20408e-06	90.1066	-28.741	0.00524165	646.409	18578.4	36942.4	6.41411e-10	0.242372	-0.415067	0.0141559	-0.435999	0.2714	
0.504772	1.237e-06	1.23316e-06	1.21114e-06	98.2144	-29.0898	0.00519127	707.192	20572.1	40755.2	6.41411e-10	0.411525	-0.122996	-0.045224	0.00527792	0.016447	
0.50501	1.23816e-06	1.41494e-06	1.21617e-06	85.952	-28.4926	0.00515882	619.187	17642.3	34934.5	6.41411e-10	-0.0971739	-0.5406	-0.195833	-0.206347	-0.208325	
0.504521	1.23576e-06	1.22333e-06	1.20968e-06	98.8842	-29.1246	0.00523104	711.659	20726.8	41082.1	6.41411e-10	0.27653	-0.210876	0.333895	0.295726	0.384322	
0.504809	1.23718e-06	1.32179e-06	1.21268e-06	91.7453	-28.7884	0.00527147	660.659	19019.3	37676.2	6.41411e-10	-0.189491	-0.0499082	0.417577	0.49277	0.0301616	
0.499661	1.21207e-06	1.29273e-06	1.1864e-06	91.775	-28.8849	0.00515899	654.133	18894.6	37814.8	6.41411e-10	0.286746	0.416676	-0.0355183	-0.142825	0.41108	
0.508185	1.25378e-06	1.37087e-06	1.22421e-06	89.301	-28.63	0.00606092	647.358	18533.9	36470.7	6.41411e-10	0.515915	-0.137196	-0.331718	0.866127	-0.282435	
0.505185	1.23902e-06	1.20281e-06	1.21715e-06	101.192	-29.198	0.00499846	729.226	21292	42146.8	6.41411e-10	-0.500622	-0.139086	0.502539	0.284515	-0.322103	
0.500531	1.21629e-06	1.35352e-06	1.19263e-06	88.1128	-28.6853	0.0051335	629.123	18046.6	36055	6.41411e-10	-0.203675	0.176167	0.296203	0.154535	0.502898	
0.503084	1.22873e-06	1.38894e-06	1.20703e-06	86.9026	-28.5732	0.00506332	623.648	17819.6	35420.7	6.41411e-10	0.0932742	-0.150887	0.501222	-0.697931	-0.458902	
0.502319	1.225e-06	1.17422e-06	1.20312e-06	102.461	-29.3025	0.00491172	734.184	21513.4	42828.3	6.41411e-10	-0.204402	-0.133467	0.279081	-0.25705	0.129476	
0.503778	1.23213e-06	1.26955e-06	1.2079e-06	95.1443	-28.9635	0.00514792	683.736	19803.4	39309.8	6.41411e-10	0.0961847	-0.0376084	0.120659	-0.00877202	0.0161947	
0.504219	1.23428e-06	1.29105e-06	1.21015e-06	93.7334	-28.8906	0.00516705	674.186	19477.6	38629.3	6.41411e-10	0.00511289	0.301487	0.0323275	0.0374498	-0.599028	
0.501213	1.21961e-06	1.39929e-06	1.19877e-06	85.6698	-28.5409	0.00502036	612.514	17481.7	34878.9	6.41411e-10	-0.60255	0.107509	-0.317222	-0.0223234	-0.118126	
0.504825	1.23725e-06	1.32887e-06	1.21196e-06	91.2019	-28.7652	0.0052045	656.766	18892	37422.8	6.41411e-10	0.207049	-0.061079	-0.077716	0.166262	-0.0238142	
0.503669	1.2316e-06	1.22349e-06	1.20605e-06	98.5744	-29.124	0.00513097	708.233	20626.6	40952.6	6.41411e-10	0.422691	0.078089	0.0577078	-0.154477	-0.0500481	
0.501455	1.22079e-06	1.37969e-06	1.19843e-06	86.8622	-28.6022	0.00499433	621.34	17771.7	35440.2	6.41411e-10	-0.0946334	-0.0777309	-0.172474	-0.269985	0.292725	
0.502108	1.22397e-06	1.16454e-06	1.20209e-06	103.225	-29.3384	0.00489103	739.344	21691.2	43200.3	6.41411e-10	-0.358751	0.181679	1.08662	-0.0901641	-0.219853	
0.502042	1.22365e-06	1.31637e-06	1.19819e-06	91.0224	-28.8062	0.00527859	651.86	18777.6	37402.5	6.41411e-10	0.298526	-0.294756	0.218734	-0.0886549	0.757941	
0.50369	1.2317e-06	1.27143e-06	1.20742e-06	94.9654	-28.9571	0.0052112	682.331	19758.3	39227.1	6.41411e-10	0.415522	-0.480841	-0.438381	-0.497819	0.11707	
0.498443	1.20617e-06	1.37921e-06	1.1851e-06	85.9259	-28.6037	0.00506236	610.95	17475.4	35060	6.41411e-10	-0.817928	0.137398	-0.464988	0.221806	0.547888	
0.499081	1.20926e-06	1.26011e-06	1.18419e-06	93.9754	-28.9959	0.00508365	669.039	19399.4	38870.2	6.41411e-10	0.170288	0.519959	0.0723438	-0.146575	0.302253	
0.507352	1.24967e-06	1.30907e-06	1.22565e-06	93.6271	-28.8304	0.00530745	677.607	19535.6	38505.1	6.41411e-10	0.287698	-0.74002	-0.0791145	-0.224215	-0.494781	
0.503323	1.2299e-06	1.20541e-06	1.20313e-06	99.8104	-29.1886	0.00518512	716.62	20917.2	41558.1	6.41411e-10	0.318603	0.127819	-0.190792	0.354424	0.307221	
0.498832	1.20805e-06	1.27912e-06	1.18163e-06	92.3786	-28.9309	0.00519881	657.342	19017.5	38124.1	6.41411e-10	0.107753	0.614263	0.338979	0.281099	0.379702	
0.503469	1.23061e-06	1.35094e-06	1.21017e-06	89.5798	-28.6936	0.00547497	643.352	18460.1	36665.8	6.41411e-10	-0.841747	-0.0230137	-0.58077	0.089185	-0.708817	
0.50381	1.23228e-06	1.24547e-06	1.20666e-06	96.8836	-29.0467	0.00524219	696.279	20224.6	40143.3	6.41411e-10	0.474206	-0.462016	-0.499817	-0.180574	0.433609	
0.508716	1.2564e-06	1.40267e-06	1.22892e-06	87.6128	-28.5304	0.00561999	635.783	18139.2	35656.8	6.41411e-10	0.611731	-0.507299	0.764461	0.210629	-0.563013	
0.502795	1.22732e-06	1.3691e-06	1.20358e-06	87.9106	-28.6356	0.00508072	630.519	18055.3	35909.9	6.41411e-10	-0.474826	0.123527	0.134568	0.728946	0.249892	
0.500373	1.21553e-06	1.35455e-06	1.19233e-06	88.0239	-28.682	0.00512493	628.291	18020.7	36014.5	6.41411e-10	-0.0396295	0.00664878	0.0341075	-0.196992	0.596954	
0.505076	1.23848e-06	1.31378e-06	1.21363e-06	92.3764	-28.8148	0.00519675	665.555	19177.8	37970.2	6.41411e-10	-0.0403395	0.0231203	-0.0792519	0.427163	-0.10833	
0.49733	1.20079e-06	1.25861e-06	1.17765e-06	93.5677	-29.0011	0.00539157	663.799	19250.9	38708.5	6.41411e-10	-0.494824	0.52123	-0.287893	-0.00912252	0.293949	
0.502526	1.22601e-06	1.31235e-06	1.20183e-06	91.5784	-28.8195	0.00518871	656.475	18919.3	37648.4	6.41411e-10	0.103652	0.0527782	0.16719	-0.134077	0.120736	
0.499487	1.21123e-06	1.26474e-06	1.18582e-06	93.7602	-28.98	0.00508529	668.05	19360.1	38759.9	6.41411e-10	0.088898	0.630009	-0.070254	0.0588213	0.0529082	
0.498136	1.20468e-06	1.16382e-06	1.18325e-06	101.669	-29.3411	0.004775	722.442	21197.3	42553.2	6.41411e-10	-0.159855	0.442851	0.518243	-0.724958	-0.0015551	
0.498615	1.207e-06	1.32968e-06	1.18365e-06	89.0177	-28.7625	0.00480048	633.152	18211	36523.3	6.41411e-10	-0.213605	0.702086	-0.387907	-0.0410469	-0.185864	
0.503367	1.23012e-06	1.27193e-06	1.20579e-06	94.8003	-28.9554	0.00516555	680.707	19710.1	39156.6	6.41411e-10	-0.157054	0.198063	0.0471313	0.367174	-0.0754799	
0.502316	1.22499e-06	1.37523e-06	1.20247e-06	87.4376	-28.6162	0.00508351	626.53	17928.9	35692.5	6.41411e-10	0.0219763	-0.253661	0.136243	-0.356316	0.214459	
0.506015	1.24309e-06	1.36179e-06	1.21975e-06	89.5692	-28.6589	0.00517715	646.529	18528.8	36617.1	6.41411e-10	-0.227705	-0.172238	-0.0173038	0.386605	-0.265133	
0.505726	1.24167e-06	1.18088e-06	1.21949e-06	103.27	-29.278	0.00495689	744.996	21812	43130	6.41411e-10	-0.323363	-0.156174	0.139979	0.145936	-0.421407	
0.508489	1.25528e-06	1.25691e-06	1.22891e-06	97.7722	-29.007	0.00530428	709.191	20571.5	40456.1	6.41411e-10	0.178689	-0.362596	0.3716	0.684069	-0.210019	
0.507549	1.25064e-06	1.4579e-06	1.22687e-06	84.1534	-28.3627	0.00527621	609.278	17280.8	34047.5	6.41411e-10	0.129558	-0.713879	-0.559115	-0.0486984	-0.46524	
0.501907	1.22299e-06	1.34501e-06	1.19978e-06	89.2021	-28.7127	0.00507566	638.653	18337.5	36535.6	6.41411e-10	-0.104781	0.249529	-0.657763	-0.0622508	-0.100428	
0.502258	1.2247e-06	1.34326e-06	1.20103e-06	89.4117	-28.7184	0.00511205	640.6	18397	36628.6	6.41411e-10	-0.249047	0.344989	-0.178594	0.25167	-0.23024	
0.501514	1.22108e-06	1.2985e-06	1.19357e-06	91.9186	-28.8656	0.00528987	657.586	18981.6	37848.6	6.41411e-10	0.490895	0.500051	0.20767	0.116968	0.0231708	
0.504232	1.23435e-06	1.35545e-06	1.20991e-06	89.2627	-28.6792	0.00527798	642.047	18413.4	36517.6	6.41411e-10	-0.112913	-0.245876	-0.209337	0.386178	0.400945	
0.505295	1.23956e-06	1.34161e-06	1.21453e-06	90.5275	-28.7237	0.0053119	652.517	18742.7	37092.6	6.41411e-10	-0.363355	0.152125	0.382953	0.882604	-0.233196	
0.505296	1.23957e-06	1.36895e-06	1.21466e-06	88.7294	-28.6361	0.00514797	639.558	18314.5	36245	6.41411e-10	0.0952391	0.0552414	-0.215562	0.233956	-0.29979	
0.505685	1.24147e-06	1.20092e-06	1.21959e-06	101.555	-29.2049	0.00497774	732.564	21394.4	42307.8	6.41411e-10	-0.609597	0.174173	0.017695	0.395003	-0.920173	
0.499164	1.20966e-06	1.2405e-06	1.18523e-06	95.5446	-29.064	0.00504948	680.323	19772.9	39612.2	6.41411e-10	0.172228	0.585413	-0.178856	-0.355029	0.0204502	
0.503739	1.23194e-06	1.34286e-06	1.20895e-06	90.0284	-28.7197	0.00516293	646.921	18579.4	36882.9	6.41411e-10	0.00534518	-0.293535	-0.0938199	-0.149341	0.0700641	
0.498786	1.20783e-06	1.38663e-06	1.18733e-06	85.6266	-28.5804	0.00503811	609.241	17412.3	34909.4	6.41411e-10	-0.663196	0.157045	-0.256	-0.198603	0.18161	
0.49929	1.21027e-06	1.36972e-06	1.188e-06	86.7334	-28.6337	0.00493617	617.739	17688.2	35426.6	6.41411e-10	-0.0691196	0.108992	-0.378161	-0.527952	0.429769	
0.504343	1.23489e-06	1.20353e-06	1.20862e-06	100.423	-29.1954	0.00514345	722.481	21093.2	41823	6.41411e-10	0.106519	0.395907	-0.36386	0.54549	-0.335367	
0.498633	1.20709e-06	1.34523e-06	1.1874e-06	88.2676	-28.712	0.0052361	627.84	18026.6	36152	6.41411e-10	-0.253526	-0.0776044	-0.276197	-1.09876	-0.0724896	
0.507129	1.24857e-06	1.29893e-06	1.22146e-06	94.0361	-28.8641	0.00544591	680.268	19635.3	38718.6	6.41411e-10	0.297381	-0.366734	0.234154	0.590614	0.0773586	
0.500923	1.2182e-06	1.29881e-06	1.19687e-06	92.1514	-28.8645	0.00525928	658.475	19006.6	37943.1	6.41411e-10	-0.249737	-0.378926	0.165607	-0.442985	0.441308	
0.500143	1.21441e-06	1.35968e-06	1.19126e-06	87.6131	-28.6656	0.00497391	625.071	17918	35825.9	6.41411e-10	-0.272727	0.265679	-0.317606	0.128651	0.381678	
0.499897	1.21322e-06	1.24388e-06	1.1891e-06	95.5964	-29.0522	0.00502908	681.693	19804.7	39617.5	6.41411e-10	0.199735	0.457081	-0.444795	-0.409505	0.0418879	
0.505976	1.2429e-06	1.28878e-06	1.2159e-06	94.3453	-28.8982	0.00535091	680.952	19678.3	38891.8	6.41411e-10	0.341545	0.0542954	-0.457996	0.422833	-0.218136	
0.502396	1.22538e-06	1.28114e-06	1.20069e-06	93.7204	-28.924	0.00513221	671.656	19427	38668.6	6.41411e-10	0.175436	0.296184	0.270678	-0.13	-0.145119	
0.503624	1.23137e-06	1.21552e-06	1.20547e-06	99.1728	-29.1524	0.00510057	712.467	20770.1	41241.3	6.41411e-10	0.369018	0.364971	0.197457	0.00363035	-0.347261	
0.503265	1.22962e-06	1.42844e-06	1.20867e-06	84.6144	-28.4514	0.00520771	607.445	17282.6	34341.1	6.41411e-10	-0.573548	-0.176686	0.419457	0.102584	-0.17001	
0.498051	1.20427e-06	1.33651e-06	1.18501e-06	88.6647	-28.7403	0.00520792	629.928	18104.3	36350.3	6.41411e-10	-0.57296	0.237396	-0.454135	-0.797875	-0.362857	
0.498924	1.2085e-06	1.22046e-06	1.18197e-06	96.8457	-29.1347	0.0050991	689.257	20081.3	40249.3	6.41411e-10	0.241149	0.536255	-0.306641	0.187085	0.580254	
0.499934	1.21339e-06	1.32813e-06	1.19301e-06	89.8265	-28.7676	0.00531538	640.594	18428.4	36861.6	6.41411e-10	-0.338058	-0.272518	-0.364653	-0.699968	0.203592	
0.501389	1.22047e-06	1.14788e-06	1.19793e-06	104.36	-29.4011	0.0049459	746.407	21945.1	43768.7	6.41411e-10	-0.431125	0.02192	-0.362646	0.232716	0.490478	
0.502039	1.22363e-06	1.35315e-06	1.20044e-06	88.7149	-28.6866	0.00508234	635.331	18225.5	36302.9	6.41411e-10	-0.076559	-0.0368984	-0.573754	-0.0450953	0.323137	
0.499934	1.21339e-06	1.35611e-06	1.19099e-06	87.8237	-28.6771	0.00480075	626.311	17960.8	35926.3	6.41411e-10	-0.204061	0.450997	-0.0799824	-0.210844	-0.120122	
0.503406	1.23031e-06	1.37231e-06	1.20736e-06	87.9806	-28.6255	0.00510618	631.787	18085.2	35925.8	6.41411e-10	-0.0852775	-0.271779	0.0350249	-0.0202268	0.232726	
0.502828	1.22748e-06	1.37593e-06	1.2044e-06	87.5335	-28.614	0.00512775	627.855	17965.5	35728.9	6.41411e-10	0.122192	-0.0764857	0.484965	-0.41843	-0.106034	
0.500997	1.21856e-06	1.17346e-06	1.19692e-06	101.999	-29.3053	0.00489065	728.951	21362.1	42639.3	6.41411e-10	-0.183702	-0.0663985	-0.356672	-0.422644	0.259538	
0.501331	1.22019e-06	1.42316e-06	1.19992e-06	84.3138	-28.4675	0.00512279	602.961	17164.8	34238.4	6.41411e-10	-0.348909	0.104103	0.0482102	-0.610204	-0.576848	
0.502085	1.22386e-06	1.39156e-06	1.20146e-06	86.339	-28.565	0.00509464	618.373	17663.8	35180.9	6.41411e-10	-0.0977342	-0.157086	-0.402102	-0.233926	0.232064	
0.501192	1.21951e-06	1.32834e-06	1.19545e-06	89.9955	-28.7669	0.00513824	643.415	18509.1	36930.1	6.41411e-10	0.000976686	0.192126	0.0404133	-0.0543424	0.271718	
0.503351	1.23004e-06	1.36029e-06	1.20703e-06	88.7336	-28.6637	0.00511398	637.125	18262.4	36281.6	6.41411e-10	-0.15647	0.113355	-0.768002	0.0285395	-0.228185	
0.497751	1.20282e-06	1.33566e-06	1.17971e-06	88.3245	-28.7431	0.00503874	627.134	18025.7	36214.3	6.41411e-10	0.143518	0.531507	-0.480557	-0.715847	0.20336	
0.507578	1.25079e-06	1.32161e-06	1.22665e-06	92.8145	-28.789	0.00534789	672.024	19346.9	38116.1	6.41411e-10	0.145257	-0.791956	0.512655	0.0372392	-0.308213	
0.503021	1.22843e-06	1.24564e-06	1.2035e-06	96.617	-29.0461	0.00511016	693.276	20136.9	40032	6.41411e-10	0.0154955	0.386788	0.112675	0.236075	-0.28455	
0.505362	1.23989e-06	1.35389e-06	1.21586e-06	89.8048	-28.6842	0.00518765	647.394	18569.9	36745.8	6.41411e-10	0.34827	-0.238591	-0.335977	-0.421186	-0.476072	
0.504357	1.23496e-06	1.33534e-06	1.21078e-06	90.6722	-28.7441	0.00520488	652.346	18751.1	37178.2	6.41411e-10	-0.0226577	0.0934419	0.35596	0.118662	-0.277452	
0.502684	1.22678e-06	1.37355e-06	1.20429e-06	87.6775	-28.6216	0.00514637	628.71	17994.6	35797.1	6.41411e-10	-0.0387816	-0.0782659	-0.0822789	-0.324078	-0.0661934	
0.504523	1.23577e-06	1.31881e-06	1.21111e-06	91.8337	-28.7982	0.00524486	660.92	19033.3	37725.4	6.41411e-10	-0.0860747	-0.0335543	0.391007	0.389004	0.0571777	
0.500658	1.21691e-06	1.25522e-06	1.19271e-06	95.0204	-29.0128	0.00511589	678.616	19688.6	39325.4	6.41411e-10	0.102238	0.104717	0.327015	-0.150289	0.516878	
0.50002	1.21381e-06	1.33453e-06	1.1937e-06	89.4475	-28.7467	0.00526001	638.002	18340.5	36679.5	6.41411e-10	-0.315167	0.146301	-0.0560861	-0.866009	-0.494234	
0.506036	1.24319e-06	1.37269e-06	1.21819e-06	88.7446	-28.6243	0.00524146	640.604	18336.8	36236.2	6.41411e-10	0.0726456	0.0682756	0.0450691	0.249627	-0.502032	
0.501975	1.22332e-06	1.20412e-06	1.20194e-06	99.8188	-29.1933	0.00496509	714.76	20866.2	41568.2	6.41411e-10	-0.498922	0.104004	0.128752	-0.0497784	-0.165708	
0.505685	1.24147e-06	1.23184e-06	1.21517e-06	98.6467	-29.0945	0.00522035	711.588	20703.3	40941	6.41411e-10	0.302956	-0.0944716	0.142794	0.344664	-0.0211716	
0.50337	1.23013e-06	1.22111e-06	1.20867e-06	98.981	-29.1325	0.00502541	710.731	20705.3	41133.5	6.41411e-10	-0.420251	-0.266883	0.334619	-0.0192043	0.0531043	
0.500648	1.21687e-06	1.28654e-06	1.19447e-06	92.8434	-28.9058	0.00490742	663.056	19166.1	38282.6	6.41411e-10	-0.138148	0.402682	0.354808	-0.366721	-0.274812	
0.500746	1.21734e-06	1.35591e-06	1.19479e-06	88.1177	-28.6777	0.00501718	629.429	18050.6	36047.4	6.41411e-10	0.106287	-0.0525355	0.543609	-0.551678	0.278803	
0.50354	1.23096e-06	1.27841e-06	1.20689e-06	94.4059	-28.9333	0.0051462	678.108	19619.9	38964	6.41411e-10	-0.103964	0.205571	-0.000735747	0.169376	-0.245887	
0.510157	1.26353e-06	1.30206e-06	1.2374e-06	95.0335	-28.8537	0.00539297	691.587	19954.8	39115.1	6.41411e-10	0.220307	-0.785138	0.0101446	0.610157	-0.372043	
0.497966	1.20386e-06	1.14531e-06	1.18158e-06	103.167	-29.4108	0.0047924	732.836	21553.3	43282.7	6.41411e-10	-0.256786	0.514904	0.141282	-0.347648	0.162824	
0.503131	1.22897e-06	1.14929e-06	1.20722e-06	105.04	-29.3957	0.00480012	753.883	22160.9	44046	6.41411e-10	0.00516222	0.214143	0.759672	-0.63718	-0.743381	
0.503892	1.23268e-06	1.18805e-06	1.21098e-06	101.93	-29.2517	0.00490572	732.668	21431.7	42532.4	6.41411e-10	-0.259224	-0.0123204	-0.0329619	-0.198966	-0.425022	
0.503212	1.22936e-06	1.35954e-06	1.20456e-06	88.6004	-28.6661	0.00511592	635.994	18231.5	36230.2	6.41411e-10	0.274636	-0.00702279	-0.645086	-0.163501	0.0855777	
0.502501	1.22589e-06	1.33832e-06	1.19847e-06	89.55	-28.7344	0.00542751	641.902	18444.7	36705.7	6.41411e-10	0.667722	0.355832	0.666869	-0.166156	-0.130428	
0.498317	1.20556e-06	1.22611e-06	1.18063e-06	96.2906	-29.1147	0.0050271	684.472	19928.2	39991	6.41411e-10	0.0668316	0.731247	-0.123578	-0.0863958	0.0162907	
0.498194	1.20496e-06	1.3528e-06	1.18442e-06	87.553	-28.6877	0.00521899	622.208	17849.7	35828.8	6.41411e-10	-0.584771	-0.076877	-0.332163	-0.337656	0.59847	
0.49979	1.21269e-06	1.21905e-06	1.18708e-06	97.3772	-29.1398	0.00511793	694.242	20230.1	40477.2	6.41411e-10	0.0237307	0.390915	0.111083	0.316469	0.575808	
0.498547	1.20667e-06	1.37588e-06	1.18574e-06	86.1809	-28.6142	0.00500381	612.891	17537.4	35177	6.41411e-10	-0.621807	0.181218	-0.354554	-0.10649	0.362656	
0.508027	1.253e-06	1.33571e-06	1.22812e-06	91.9451	-28.7429	0.00541869	666.318	19151.9	37698.6	6.41411e-10	0.0304407	-0.587627	-0.221942	0.403824	-0.173373	
0.50187	1.22281e-06	1.34948e-06	1.20049e-06	88.9591	-28.6983	0.00497096	636.866	18277	36417.8	6.41411e-10	0.14276	0.218151	0.117619	-0.675384	-0.444311	
0.506695	1.24644e-06	1.2448e-06	1.22449e-06	98.3679	-29.049	0.00508859	710.995	20653.7	40761.6	6.41411e-10	-0.442546	-0.580678	-0.22545	0.335506	-0.127865	
0.496275	1.1957e-06	1.31932e-06	1.17351e-06	88.9478	-28.7965	0.00526853	629.686	18132.7	36537.7	6.41411e-10	-0.717763	0.701786	0.175384	0.0165485	-0.232963	
0.503297	1.22977e-06	1.2128e-06	1.20359e-06	99.2409	-29.1621	0.00516426	712.494	20777.8	41283.4	6.41411e-10	0.407651	0.0449626	-0.209195	0.0430833	0.242771	
0.501743	1.22219e-06	1.17963e-06	1.20058e-06	101.776	-29.2825	0.00486161	728.436	21330.4	42512.7	6.41411e-10	-0.0663066	-0.0623989	0.0956309	-0.587403	-0.0421019	
0.501429	1.22066e-06	1.34896e-06	1.1975e-06	88.7721	-28.7	0.00514249	634.968	18223.6	36343.3	6.41411e-10	-0.035344	0.128578	0.253283	-0.268027	0.073882	
0.50397	1.23307e-06	1.32258e-06	1.21096e-06	91.5602	-28.7858	0.00549359	658.23	18947.7	37596.8	6.41411e-10	-0.451953	-0.326759	0.142672	-0.0468498	-0.129209	
0.504712	1.2367e-06	1.24126e-06	1.21114e-06	97.5735	-29.0614	0.00521875	702.493	20415.4	40449.6	6.41411e-10	0.389588	-0.309321	0.374943	-0.0347391	0.165234	
0.499575	1.21165e-06	1.35105e-06	1.18865e-06	87.9799	-28.6933	0.0048749	626.976	17990	36010.6	6.41411e-10	-0.116088	0.237605	-0.0325305	-0.153788	0.468004	
0.506592	1.24593e-06	1.24042e-06	1.2197e-06	98.33	-29.0643	0.00520661	710.576	20652.4	40767.4	6.41411e-10	0.318788	-0.0305814	-0.0227759	0.323294	-0.345334	
0.502585	1.2263e-06	1.2707e-06	1.20221e-06	94.6096	-28.9596	0.00514328	678.283	19642.8	39083.5	6.41411e-10	-0.0106954	0.0850523	0.382767	0.0663299	0.149062	
0.504771	1.23699e-06	1.3051e-06	1.21232e-06	92.8914	-28.8436	0.00528857	668.861	19292.3	38220	6.41411e-10	-0.020793	-0.142401	0.426769	0.313211	0.105186	
0.504773	1.237e-06	1.38192e-06	1.2147e-06	87.8994	-28.5952	0.00508596	632.919	18098.4	35854.6	6.41411e-10	-0.0524531	-0.116995	0.137095	-0.237725	-0.531643	
0.50092	1.21819e-06	1.17153e-06	1.1964e-06	102.123	-29.3125	0.00492899	729.726	21390.1	42701.6	6.41411e-10	-0.27929	-0.135048	-0.259176	-0.220054	0.498205	
0.506373	1.24485e-06	1.21287e-06	1.22287e-06	100.825	-29.1619	0.00496854	728.291	21238.3	41942.1	6.41411e-10	-0.265615	-0.277532	0.444518	0.0263627	-0.555834	
0.504387	1.23511e-06	1.39763e-06	1.21218e-06	86.7311	-28.5461	0.00522771	624.029	17813.6	35317.3	6.41411e-10	-0.146497	-0.774845	-0.136149	0.151342	0.552526	
0.505261	1.23939e-06	1.33184e-06	1.21437e-06	91.1797	-28.7555	0.00516318	657.173	18897.3	37401.2	6.41411e-10	0.20646	0.131021	0.655851	0.0818315	-0.474887	
0.497876	1.20343e-06	1.37223e-06	1.1828e-06	86.1958	-28.6257	0.00493634	612.172	17523.9	35197.3	6.41411e-10	-0.412017	0.246505	0.149736	-0.526974	0.244504	
0.502633	1.22653e-06	1.38088e-06	1.20366e-06	87.1661	-28.5984	0.00511626	624.979	17873.4	35559.6	6.41411e-10	0.186633	-0.0873082	-0.473046	-0.592353	-0.158398	
0.50603	1.24317e-06	1.2552e-06	1.21873e-06	97.0943	-29.0129	0.00517842	700.868	20334.2	40183.8	6.41411e-10	0.33858	-0.341982	-0.0772488	-0.216834	-0.333926	
0.497965	1.20386e-06	1.37483e-06	1.18313e-06	86.0569	-28.6175	0.0049604	611.295	17493.7	35130.4	6.41411e-10	-0.495161	0.149525	-0.14457	-0.352942	0.466681	
0.501551	1.22126e-06	1.34474e-06	1.19805e-06	89.0915	-28.7136	0.00508706	637.408	18302.3	36491.4	6.41411e-10	-0.0981719	0.168089	0.0416319	-0.0708389	0.106411	
0.49962	1.21187e-06	1.29754e-06	1.18673e-06	91.4598	-28.8688	0.00510895	651.833	18817.6	37663.9	6.41411e-10	0.424546	0.441961	-0.334558	-0.515177	0.1946	
0.500536	1.21632e-06	1.30767e-06	1.1904e-06	91.0322	-28.835	0.0051046	649.975	18742	37443.9	6.41411e-10	0.0666875	0.723426	0.314981	0.26927	-0.324833	
0.502055	1.22371e-06	1.22031e-06	1.20221e-06	98.5163	-29.1353	0.00494407	705.546	20556.3	40944.3	6.41411e-10	-0.0641304	-0.384264	-0.0591622	-0.583392	0.180068	
0.502299	1.2249e-06	1.1861e-06	1.2033e-06	101.45	-29.2588	0.004921	726.913	21268.6	42342.5	6.41411e-10	-0.323912	-0.0122906	-0.55982	-0.193058	-0.0413001	
0.501079	1.21896e-06	1.17868e-06	1.1963e-06	101.495	-29.286	0.00492334	725.465	21246	42400.5	6.41411e-10	-0.600462	0.431749	-0.387701	0.384852	-0.248096	
0.499807	1.21278e-06	1.37617e-06	1.19148e-06	86.5793	-28.6133	0.00497067	617.28	17662.4	35338.5	6.41411e-10	-0.530113	0.166544	0.108302	-0.0504254	0.213249	
0.504136	1.23388e-06	1.35935e-06	1.21056e-06	89.0539	-28.6667	0.00512377	640.422	18358.8	36416.3	6.41411e-10	-0.1387	-0.147056	-0.54828	0.176818	0.0746117	
0.503513	1.23083e-06	1.31829e-06	1.20662e-06	91.5294	-28.7999	0.00523874	657.412	18933.4	37602.6	6.41411e-10	0.206975	-0.203926	0.406317	-0.278064	0.0689298	
0.501344	1.22025e-06	1.28823e-06	1.1987e-06	93.0497	-28.9001	0.00544054	665.452	19231.6	38360.1	6.41411e-10	-0.456965	-0.028573	-0.411554	-0.291103	-0.0301858	
0.503458	1.23056e-06	1.2029e-06	1.2037e-06	100.067	-29.1977	0.00521166	718.656	20983.1	41678	6.41411e-10	0.23075	0.0734643	0.0324365	0.528114	0.45531	
0.506637	1.24615e-06	1.37189e-06	1.22286e-06	89.1369	-28.6268	0.00534933	644.2	18441.4	36399.6	6.41411e-10	-0.169943	-0.406901	-0.0794642	0.20971	-0.300222	
0.501408	1.22056e-06	1.24358e-06	1.19627e-06	96.196	-29.0533	0.00504506	688.041	19989.9	39867.4	6.41411e-10	0.298319	0.28181	-0.048024	-0.428335	-0.0319199	
0.506721	1.24656e-06	1.24005e-06	1.22024e-06	98.4021	-29.0656	0.00529052	711.278	20673.7	40799	6.41411e-10	0.199251	-0.356183	-0.0809115	0.575479	0.186362	
0.498701	1.20742e-06	1.37999e-06	1.18701e-06	86.0153	-28.6012	0.00495341	611.902	17501.2	35093.5	6.41411e-10	-0.395556	0.37346	-0.252928	-0.628765	-0.272392	
0.504604	1.23617e-06	1.34764e-06	1.21087e-06	89.8513	-28.7043	0.00526172	646.757	18564.7	36790.6	6.41411e-10	0.0414541	0.0497527	0.359735	0.356274	-0.0421208	
0.500693	1.21708e-06	1.31774e-06	1.19298e-06	90.5327	-28.8017	0.00505951	646.612	18623.5	37195.5	6.41411e-10	-0.104212	0.243316	-0.110203	0.166802	0.412056	
0.505039	1.2383e-06	1.3297e-06	1.21233e-06	91.1731	-28.7625	0.00542387	656.838	18892.3	37407.5	6.41411e-10	-0.00613271	-0.473064	1.03647	0.650786	0.699794	
0.505587	1.24099e-06	1.36814e-06	1.21715e-06	88.9639	-28.6387	0.00539898	641.617	18375.1	36344	6.41411e-10	-0.117178	-0.518247	0.158861	0.200956	0.119719	
0.504738	1.23683e-06	1.28486e-06	1.21203e-06	94.3317	-28.9114	0.00526319	679.189	19636.3	38903.9	6.41411e-10	-0.380499	-0.0501949	0.385832	0.934715	0.275725	
0.505957	1.24281e-06	1.38461e-06	1.22017e-06	88.1235	-28.5867	0.00514707	636.022	18181.8	35935.4	6.41411e-10	-0.15373	-0.253122	0.377936	0.0786036	-0.4406	
0.502189	1.22437e-06	1.30418e-06	1.20041e-06	92.0434	-28.8466	0.00512628	659.365	19020.5	37875.1	6.41411e-10	0.194612	0.234857	0.268671	-0.382995	-0.206663	
0.499259	1.21012e-06	1.36295e-06	1.19042e-06	87.3413	-28.6552	0.00532121	622.03	17824.4	35701.7	6.41411e-10	-0.596705	-0.0941114	-0.301483	-0.578202	0.0123135	
0.501451	1.22077e-06	1.32483e-06	1.19686e-06	90.3404	-28.7784	0.00510308	646.215	18597	37086.4	6.41411e-10	-0.0636211	-0.041885	-0.180955	0.127076	0.652635	
0.50403	1.23336e-06	1.19537e-06	1.21151e-06	101.35	-29.225	0.00491944	728.696	21296.1	42251.7	6.41411e-10	-0.16142	-0.187027	-0.1616	-0.269736	-0.251356	
0.50649	1.24543e-06	1.23733e-06	1.2203e-06	98.6232	-29.0751	0.0052219	712.551	20717.5	40904.1	6.41411e-10	0.153372	-0.331337	0.120693	0.298126	-0.0235942	
0.502405	1.22542e-06	1.37744e-06	1.20276e-06	87.3186	-28.6093	0.00518507	625.787	17903.3	35635.2	6.41411e-10	-0.0727324	-0.293294	0.435881	-0.191034	0.351217	
0.49706	1.19948e-06	1.25226e-06	1.17299e-06	93.6696	-29.023	0.00516339	664.161	19276	38780	6.41411e-10	0.179948	0.595932	0.0187465	0.140497	0.831967	
0.502103	1.22395e-06	1.2673e-06	1.19988e-06	94.6799	-28.9712	0.0051298	678.137	19646.4	39128.3	6.41411e-10	0.0464525	0.0826295	0.282154	-0.0429087	0.222728	
0.503388	1.23022e-06	1.31386e-06	1.20642e-06	91.8227	-28.8145	0.00521122	659.355	18999	37742.3	6.41411e-10	0.352221	-0.301279	-0.23163	-0.588077	-0.0565359	
0.501861	1.22277e-06	1.18659e-06	1.20087e-06	101.203	-29.257	0.00495242	724.509	21196.9	42236.7	6.41411e-10	-0.516264	0.0926621	0.483331	0.147868	0.0623302	
0.500621	1.21673e-06	1.36429e-06	1.19751e-06	87.7752	-28.6509	0.005335	626.827	17959.2	35873.8	6.41411e-10	-0.734352	-0.37752	0.386769	-0.37134	0.015813	
0.509544	1.26049e-06	1.40961e-06	1.23236e-06	87.4254	-28.509	0.00563114	635.456	18116.2	35553.8	6.41411e-10	0.346658	-0.174036	0.218128	0.780114	-0.622486	
0.503377	1.23017e-06	1.33962e-06	1.20473e-06	89.9305	-28.7302	0.00528798	645.754	18552.6	36856.3	6.41411e-10	0.0823621	-0.0820601	-0.264333	0.30934	0.454312	
0.503988	1.23316e-06	1.40044e-06	1.2103e-06	86.4231	-28.5374	0.00523261	621.322	17730.9	35181.1	6.41411e-10	-0.273403	-0.362521	-0.233095	0.20398	0.292721	
0.503522	1.23088e-06	1.37379e-06	1.20764e-06	87.9061	-28.6208	0.0051636	631.399	18071.1	35889.4	6.41411e-10	0.0497178	0.0285986	-0.178298	-0.301244	-0.316048	
0.500873	1.21796e-06	1.23761e-06	1.19293e-06	96.3901	-29.0742	0.00510777	688.693	20023.2	39976.6	6.41411e-10	-0.0425777	0.407514	0.0994654	0.276888	0.200389	
0.506542	1.24568e-06	1.24866e-06	1.21975e-06	97.6847	-29.0356	0.00520123	705.843	20494.5	40459.7	6.41411e-10	0.403898	-0.106933	-0.633793	0.102387	-0.388516	
0.501468	1.22085e-06	1.11362e-06	1.1981e-06	107.586	-29.5326	0.004918	769.6	22728.3	45323.5	6.41411e-10	-0.34963	0.163059	-0.589327	0.163748	0.270591	
0.49874	1.20761e-06	1.25749e-06	1.18707e-06	94.3998	-29.0049	0.00509195	671.601	19479.8	39057.9	6.41411e-10	-0.282952	0.061399	-0.396628	-0.742787	0.194002	
0.504495	1.23564e-06	1.19368e-06	1.21362e-06	101.671	-29.2311	0.00498135	731.677	21387.7	42394.3	6.41411e-10	-0.375256	-0.237195	0.436148	0.136564	-0.062884	
0.503237	1.22948e-06	1.34826e-06	1.20409e-06	89.3068	-28.7023	0.00527512	641.097	18400.9	36565.1	6.41411e-10	0.253477	-0.0699281	-0.480268	-0.0195647	0.26876	
0.502847	1.22758e-06	1.42761e-06	1.20694e-06	84.543	-28.4539	0.00516225	606.428	17255.2	34315.1	6.41411e-10	-0.506735	-0.0152908	0.519439	-0.134581	-0.476079	
0.499785	1.21267e-06	1.33147e-06	1.18985e-06	89.3635	-28.7567	0.00494871	637.103	18321	36657.7	6.41411e-10	0.148286	0.316	0.0600321	-0.62695	0.0400366	
0.500908	1.21813e-06	1.34706e-06	1.19501e-06	88.7127	-28.7061	0.00505378	633.884	18196.4	36326.7	6.41411e-10	-0.0144832	-0.00111467	-0.0968917	-0.205801	0.458592	
0.501188	1.21949e-06	1.42368e-06	1.19873e-06	84.1993	-28.4659	0.00510778	601.971	17135.6	34190	6.41411e-10	-0.448154	-0.239939	0.0486209	-0.175535	0.293661	
0.499542	1.21149e-06	1.40539e-06	1.19104e-06	84.7485	-28.522	0.00501297	603.907	17224.7	34480.9	6.41411e-10	-0.176345	0.0877157	-0.877832	-0.789733	-0.0572374	
0.503728	1.23188e-06	1.24212e-06	1.20606e-06	97.0969	-29.0584	0.00525083	697.698	20274	40247.8	6.41411e-10	0.463942	-0.465602	-0.513549	-0.110569	0.523991	
0.50497	1.23797e-06	1.37729e-06	1.21321e-06	88.0868	-28.6098	0.00531909	634.516	18153.4	35949.4	6.41411e-10	0.237523	-0.401344	0.746812	-0.109947	0.0165014	
0.499036	1.20904e-06	1.38258e-06	1.18842e-06	85.9566	-28.5931	0.00497649	611.896	17496	35059.6	6.41411e-10	-0.49066	0.260361	-0.504713	-0.383862	-0.0266212	
0.498283	1.2054e-06	1.22653e-06	1.18069e-06	96.2629	-29.1132	0.00502517	684.229	19920.1	39977.5	6.41411e-10	0.151416	0.649917	-0.332396	-0.268202	0.160484	
0.502661	1.22667e-06	1.15179e-06	1.20465e-06	104.59	-29.3863	0.00488314	749.949	22038.2	43843.1	6.41411e-10	-0.151263	-0.0162223	0.130774	-0.296584	-0.0871583	
0.50266	1.22666e-06	1.24845e-06	1.20195e-06	96.2753	-29.0363	0.005112	690.328	20044.5	39877	6.41411e-10	0.114433	0.159088	-0.0243758	0.042639	0.10354	
0.499511	1.21134e-06	1.32455e-06	1.18768e-06	89.6665	-28.7793	0.00500718	638.913	18387.5	36810.9	6.41411e-10	-0.0159059	0.214318	0.0185976	-0.124123	0.593948	
0.501034	1.21874e-06	1.29219e-06	1.19498e-06	92.4771	-28.8867	0.00515818	660.949	19092.7	38106.5	6.41411e-10	0.224124	-0.0682041	-0.0693358	-0.478249	0.411845	
0.500237	1.21486e-06	1.38764e-06	1.19373e-06	86.0257	-28.5772	0.00505911	613.861	17542.4	35068.3	6.41411e-10	-0.772063	0.309517	0.440969	0.208322	-0.226901	
0.50408	1.2336e-06	1.28394e-06	1.20943e-06	94.1963	-28.9145	0.00517064	677.329	19584.6	38852.3	6.41411e-10	0.0591101	0.158215	0.268169	-0.0063474	-0.34934	
0.502605	1.2264e-06	1.33859e-06	1.20092e-06	89.715	-28.7335	0.00519531	643.218	18481.9	36772.2	6.41411e-10	0.141396	0.31217	-0.525331	0.145511	-0.0294123	
0.505048	1.23835e-06	1.3559e-06	1.20903e-06	89.168	-28.6777	0.00582713	642.404	18422.7	36477.1	6.41411e-10	0.583736	0.449943	0.0739444	0.52433	-0.533782	
0.503563	1.23107e-06	1.34849e-06	1.2059e-06	89.4257	-28.7015	0.00519668	642.365	18436.9	36612.8	6.41411e-10	0.286858	0.261693	-0.676278	-0.161545	-0.336157	
0.505635	1.24123e-06	1.35255e-06	1.22003e-06	90.2026	-28.6885	0.00545967	650.612	18665.1	36914.1	6.41411e-10	-0.55519	-0.375084	0.295025	0.0778857	-0.544427	
0.503417	1.23036e-06	1.19429e-06	1.20829e-06	101.173	-29.2289	0.00500047	726.535	21235.8	42183.4	6.41411e-10	-0.343623	-0.369737	-0.372512	0.0862405	0.367766	
0.501731	1.22214e-06	1.31598e-06	1.19338e-06	90.6839	-28.8075	0.0060307	649.034	18697	37265.1	6.41411e-10	0.851858	0.343747	-0.351369	-0.108248	0.158726	
0.499715	1.21233e-06	1.22771e-06	1.18725e-06	96.7045	-29.1091	0.00508698	689.342	20066.1	40155.1	6.41411e-10	0.0786997	0.387136	0.195303	0.0658707	0.466197	
0.501742	1.22219e-06	1.3537e-06	1.19905e-06	88.576	-28.6848	0.00508155	633.962	18185	36243.8	6.41411e-10	-0.0603394	-0.0587626	-0.55054	-0.0938249	0.394637	
0.503036	1.2285e-06	1.15502e-06	1.20531e-06	104.354	-29.3741	0.00499451	748.816	21995.8	43726.1	6.41411e-10	-0.631249	0.112028	-0.359376	0.755992	0.181408	
0.502153	1.22419e-06	1.37061e-06	1.20365e-06	87.8186	-28.6309	0.00524357	629.055	18010.4	35866.4	6.41411e-10	-0.50645	-0.149311	-0.146186	-0.260343	-0.227551	
0.504292	1.23464e-06	1.15919e-06	1.2125e-06	104.599	-29.3585	0.00493648	752.446	22090.7	43805.3	6.41411e-10	-0.354099	-0.000389433	0.449916	0.106428	-0.312478	
0.506669	1.24631e-06	1.27288e-06	1.22177e-06	95.9846	-28.9521	0.0052604	693.733	20085	39641.3	6.41411e-10	0.275527	-0.628502	0.00187527	-0.0551934	-0.16049	
0.502682	1.22677e-06	1.38924e-06	1.20623e-06	86.8267	-28.5722	0.00542825	622.606	17789.2	35388.6	6.41411e-10	-0.520279	-0.49588	0.270905	-0.27017	-0.022239	
0.503849	1.23248e-06	1.3179e-06	1.20805e-06	91.665	-28.8012	0.00523137	658.826	18975	37660	6.41411e-10	0.0325703	-0.118537	-0.103532	0.129012	0.194489	
0.501519	1.2211e-06	1.29276e-06	1.19655e-06	92.5574	-28.8848	0.005175	662.163	19126.5	38137	6.41411e-10	-0.112243	0.353814	0.119056	0.214039	0.0457664	
0.499468	1.21113e-06	1.16701e-06	1.18484e-06	101.528	-29.3293	0.00503295	723.369	21215.9	42477	6.41411e-10	0.273427	0.699719	0.0561957	0.0648022	0.068574	
0.501891	1.22291e-06	1.20751e-06	1.20167e-06	99.5165	-29.1811	0.00497137	712.477	20790.9	41425	6.41411e-10	-0.485654	-0.0363794	0.543698	-0.0766533	0.0355273	
0.50222	1.22452e-06	1.40553e-06	1.2024e-06	85.5478	-28.5216	0.00531338	612.872	17480.1	34805.6	6.41411e-10	-0.0131938	-0.515585	0.0559694	-0.60058	0.165958	
0.507348	1.24965e-06	1.37596e-06	1.22567e-06	89.0774	-28.614	0.00540821	644.674	18446.7	36359	6.41411e-10	-0.14571	-0.579557	-0.413902	0.364469	-0.122984	
0.503475	1.23065e-06	1.17881e-06	1.20885e-06	102.548	-29.2856	0.00493438	736.5	21568.8	42839.9	6.41411e-10	-0.403167	0.0492697	0.0760459	0.0190174	-0.297106	
0.502873	1.2277e-06	1.4451e-06	1.20765e-06	83.5686	-28.401	0.00517593	599.47	17025.6	33856.6	6.41411e-10	-0.391306	-0.554185	-0.385263	-0.364672	-0.063108	
0.504252	1.23445e-06	1.39305e-06	1.21186e-06	86.9937	-28.5603	0.00519219	625.751	17871.7	35441.9	6.41411e-10	-0.154699	-0.400729	-0.029557	0.00970676	0.109463	
0.504148	1.23394e-06	1.36041e-06	1.21039e-06	88.9725	-28.6633	0.00517827	639.854	18340.3	36378.8	6.41411e-10	0.116772	0.0906948	0.294604	-0.31118	-0.524235	
0.504779	1.23703e-06	1.36714e-06	1.20855e-06	88.3997	-28.6419	0.00589574	636.529	18231.4	36117.6	6.41411e-10	0.697868	-0.0846583	-0.525329	0.10372	0.0601922	
0.502465	1.22571e-06	1.19476e-06	1.19957e-06	100.402	-29.2272	0.0051193	719.641	21033.1	41859.8	6.41411e-10	0.269898	0.331959	-0.268491	0.193543	0.10472	
0.503166	1.22913e-06	1.21292e-06	1.20779e-06	99.5768	-29.1617	0.00494622	714.719	20842.4	41422.6	6.41411e-10	-0.338238	-0.0960874	0.500562	-0.208217	-0.227711	
0.504914	1.23769e-06	1.36585e-06	1.21257e-06	88.7776	-28.646	0.0052049	639.422	18316.9	36277.1	6.41411e-10	0.091206	0.177418	-0.104698	0.192506	-0.402083	
0.501148	1.2193e-06	1.38832e-06	1.19785e-06	86.2802	-28.5751	0.00504678	616.799	17625.1	35169.4	6.41411e-10	-0.751073	0.161154	0.203699	0.361114	0.00523847	
0.502889	1.22778e-06	1.21759e-06	1.20656e-06	99.0944	-29.145	0.00494621	710.867	20718.2	41198.3	6.41411e-10	-0.320852	-0.103682	0.0357564	-0.283254	-0.20327	
0.500614	1.2167e-06	1.35486e-06	1.19646e-06	88.3087	-28.6811	0.00535108	630.627	18087.1	36129.7	6.41411e-10	-0.633614	-0.376634	0.0700088	-0.240497	0.349241	
0.503736	1.23192e-06	1.36299e-06	1.203e-06	88.2613	-28.6551	0.00603493	634.219	18173.6	36077.6	6.41411e-10	0.639242	-0.147077	-0.237462	0.293766	0.495481	
0.502314	1.22498e-06	1.30927e-06	1.20106e-06	91.735	-28.8297	0.00517219	657.319	18950.3	37726.1	6.41411e-10	-0.00541454	0.177379	0.140082	-0.072018	-0.0161475	
0.505318	1.23967e-06	1.36666e-06	1.21473e-06	88.8827	-28.6434	0.00512613	640.691	18351.6	36316.8	6.41411e-10	0.0585269	0.232978	-0.236438	0.284176	-0.550714	
0.501329	1.22017e-06	1.27285e-06	1.19923e-06	94.2162	-28.9522	0.00514011	673.774	19507.3	38911.1	6.41411e-10	-0.170472	-0.0722504	0.223849	-0.681126	-0.196333	
0.505309	1.23963e-06	1.32796e-06	1.21026e-06	91.1368	-28.7682	0.00589927	656.927	18898.6	37400	6.41411e-10	0.519636	0.141576	-0.29019	0.808346	0.0322146	
0.498529	1.20658e-06	1.35835e-06	1.18486e-06	87.2282	-28.6699	0.00477764	620.317	17784.4	35673.8	6.41411e-10	-0.0595299	0.297958	-0.281722	-0.661103	0.246216	
0.504066	1.23353e-06	1.36666e-06	1.20473e-06	88.1515	-28.6434	0.00595636	633.845	18155.5	36018	6.41411e-10	0.614468	-0.0985539	0.01918	0.331095	0.371486	
0.507481	1.25031e-06	1.36415e-06	1.22238e-06	89.608	-28.6514	0.00560223	648.683	18585.7	36623.4	6.41411e-10	0.403433	-0.111583	-0.200118	0.6134	-0.281254	
0.504961	1.23792e-06	1.45333e-06	1.20958e-06	83.2279	-28.3764	0.00585893	599.505	17011.8	33689.3	6.41411e-10	0.879106	-0.624306	-0.492404	-0.178476	0.0954939	
0.503882	1.23264e-06	1.36643e-06	1.20965e-06	88.5263	-28.6441	0.00514965	636.308	18226.5	36172.1	6.41411e-10	-0.204048	0.000399975	-0.0123205	0.129627	-0.165221	
0.504409	1.23522e-06	1.41465e-06	1.21286e-06	85.7359	-28.4935	0.00522087	616.896	17577.5	34847.8	6.41411e-10	-0.204191	-0.541525	-0.0418163	0.0308437	0.175779	
0.505343	1.23979e-06	1.39911e-06	1.21753e-06	87.0223	-28.5415	0.00513626	627.311	17904.4	35430.2	6.41411e-10	-0.0735174	-0.364792	-0.082502	-0.168594	-0.378552	
0.503031	1.22847e-06	1.36357e-06	1.20003e-06	88.0066	-28.6532	0.00592022	631.503	18094.6	35971.2	6.41411e-10	0.770421	-0.18389	0.5516	-0.137397	0.376419	
0.505059	1.2384e-06	1.35713e-06	1.21505e-06	89.5309	-28.6738	0.00512565	645.032	18495.5	36620.5	6.41411e-10	-0.224905	0.0309141	0.197107	0.319693	-0.358235	
0.501028	1.21871e-06	1.2935e-06	1.19489e-06	92.3761	-28.8823	0.00512428	660.219	19068.7	38059.1	6.41411e-10	0.339982	0.0903878	0.359579	-0.680208	0.0982793	
0.50457	1.236e-06	1.39006e-06	1.21373e-06	87.3151	-28.5697	0.0051627	628.459	17954.9	35584.5	6.41411e-10	0.0373653	-0.481813	0.198363	-0.361451	-0.229417	
0.504146	1.23393e-06	1.33783e-06	1.20881e-06	90.3559	-28.736	0.00515693	649.799	18672.6	37038.1	6.41411e-10	0.0774535	0.0796222	-0.0868502	0.267711	-0.010422	
0.500491	1.2161e-06	1.25751e-06	1.19436e-06	94.9781	-29.0049	0.00539651	678.088	19667.8	39297.1	6.41411e-10	-0.513216	-0.140044	0.330621	-0.0807855	0.51303	
0.505211	1.23915e-06	1.20172e-06	1.21669e-06	101.246	-29.202	0.00506829	729.653	21307.3	42175.1	6.41411e-10	-0.433999	-0.566798	-0.0945256	0.438842	0.399789	
0.501562	1.22131e-06	1.31223e-06	1.1959e-06	91.1351	-28.8199	0.00518504	652.044	18791.8	37466.6	6.41411e-10	0.388373	0.312183	-0.312215	-0.316962	0.0197394	
0.505217	1.23918e-06	1.23188e-06	1.21391e-06	98.5417	-29.0943	0.00517826	710.174	20662	40897.3	6.41411e-10	0.298553	-0.149847	-0.479698	0.0422484	-0.047454	
0.506238	1.24419e-06	1.39122e-06	1.2204e-06	87.7215	-28.566	0.00533938	633.471	18095.8	35745.6	6.41411e-10	-0.17425	-0.223657	0.577939	0.290077	-0.30905	
0.504801	1.23714e-06	1.36428e-06	1.21418e-06	88.9975	-28.651	0.00523104	640.862	18361.3	36373.4	6.41411e-10	-0.0347581	-0.561709	-0.476502	-0.0349868	0.119048	
0.505109	1.23864e-06	1.23608e-06	1.21278e-06	98.115	-29.0795	0.0052061	706.946	20557.7	40699.5	6.41411e-10	0.3865	-0.172692	0.0821162	0.06291	0.019606	
0.504796	1.23711e-06	1.40335e-06	1.21504e-06	86.5812	-28.5283	0.00518484	623.456	17786.2	35234.4	6.41411e-10	-0.137956	-0.316706	-0.0619184	-0.167806	-0.320104	
0.501828	1.22261e-06	1.40892e-06	1.20175e-06	85.2956	-28.5111	0.00513468	610.587	17408.5	34690.2	6.41411e-10	-0.92866	0.0922005	-0.223125	0.427565	-0.210004	
0.503718	1.23184e-06	1.33557e-06	1.20804e-06	90.4509	-28.7433	0.00512141	649.931	18681.2	37086.5	6.41411e-10	-0.195898	0.097366	0.218693	0.348582	-0.0580756	
0.501242	1.21975e-06	1.32714e-06	1.19574e-06	90.099	-28.7708	0.00506218	644.219	18534.7	36977.6	6.41411e-10	-0.17297	0.332287	-0.106964	0.239554	0.109393	
0.501144	1.21928e-06	1.33104e-06	1.19659e-06	89.899	-28.7581	0.00499595	642.664	18481.8	36879.1	6.41411e-10	-0.249276	0.0944202	0.0609157	-0.0116092	0.30174	
0.501088	1.219e-06	1.33307e-06	1.19528e-06	89.6637	-28.7515	0.00507824	640.909	18427.1	36774.2	6.41411e-10	-0.146625	0.28302	-0.473759	0.116551	0.170708	
0.505763	1.24185e-06	1.21913e-06	1.21463e-06	99.6313	-29.1395	0.00523324	718.801	20945.5	41413.7	6.41411e-10	0.134301	0.142322	0.0305909	0.861876	-0.0676243	
0.49912	1.20945e-06	1.31271e-06	1.18536e-06	90.2989	-28.8183	0.00501294	642.916	18527.7	37120.8	6.41411e-10	-0.0985183	0.55162	-0.354791	0.0275861	0.124939	
0.501996	1.22342e-06	1.34584e-06	1.19491e-06	88.7851	-28.7101	0.00563489	635.779	18253.2	36361.4	6.41411e-10	0.623496	0.432342	-0.243554	0.164986	0.0652265	
0.502321	1.22501e-06	1.33184e-06	1.20103e-06	90.1784	-28.7555	0.00516579	646.175	18581.1	36990.4	6.41411e-10	-0.0248546	0.159104	-0.581976	-0.00884728	0.0614693	
0.503064	1.22864e-06	1.22638e-06	1.20698e-06	98.4185	-29.1138	0.00499531	706.263	20562	40873.4	6.41411e-10	-0.181537	-0.483273	0.115899	-0.301571	0.226397	
0.506341	1.2447e-06	1.2315e-06	1.21768e-06	98.8778	-29.0956	0.00526463	714.181	20779.6	41038.6	6.41411e-10	0.244872	-0.170826	0.125338	0.6736	0.133462	
0.502582	1.22628e-06	1.36113e-06	1.2029e-06	88.3752	-28.661	0.00524004	633.584	18159.2	36131.7	6.41411e-10	-0.174841	0.0336682	0.335098	0.0789436	0.133099	
0.503067	1.22865e-06	1.13171e-06	1.20654e-06	106.612	-29.4627	0.00490607	765.066	22540.9	44806.9	6.41411e-10	-0.282251	0.139454	-0.476505	-0.0752327	-0.277581	
0.503212	1.22936e-06	1.26096e-06	1.20686e-06	95.7098	-28.993	0.00502358	687.026	19919	39583.7	6.41411e-10	-0.327069	0.099451	0.264557	0.0987806	-0.192103	
0.50598	1.24292e-06	1.36644e-06	1.21495e-06	88.9131	-28.6441	0.00577075	641.75	18382.3	36330.1	6.41411e-10	0.658237	-0.240336	1.11118	0.0387655	-0.200998	
0.50225	1.22467e-06	1.32265e-06	1.20029e-06	90.7486	-28.7855	0.00510839	650.169	18715.5	37263.2	6.41411e-10	-0.260319	0.295707	0.221191	0.520971	0.0550057	
0.498111	1.20456e-06	1.33899e-06	1.18123e-06	88.2184	-28.7322	0.00504193	626.832	18010.3	36157.2	6.41411e-10	0.0626782	0.445417	-0.850801	-0.496557	0.376597	
0.503669	1.23159e-06	1.31671e-06	1.20685e-06	91.6566	-28.8051	0.00527125	658.53	18969	37661.7	6.41411e-10	-0.0284922	-0.0531774	0.21121	0.291474	0.261609	
0.503604	1.23128e-06	1.43918e-06	1.21123e-06	84.1611	-28.4188	0.00513613	604.598	17182	34118.1	6.41411e-10	-0.462344	-0.0772752	0.204818	-0.32281	-0.77621	
0.501675	1.22186e-06	1.3791e-06	1.19988e-06	87.004	-28.604	0.00493623	622.628	17809.7	35500.4	6.41411e-10	-0.0346274	0.116521	-0.0153765	-0.514855	-0.216759	
0.506121	1.24361e-06	1.2646e-06	1.21887e-06	96.384	-28.9805	0.0052649	695.866	20166.5	39845.3	6.41411e-10	0.270582	-0.632296	-0.0444488	-0.00721184	0.0474769	
0.507267	1.24925e-06	1.25672e-06	1.22399e-06	97.3957	-29.0076	0.00519992	704.761	20443.4	40301.2	6.41411e-10	0.294917	-0.13735	-0.184197	0.11391	-0.558798	
0.505998	1.24301e-06	1.32966e-06	1.21942e-06	91.7089	-28.7626	0.00524159	661.951	19039.4	37627.5	6.41411e-10	-0.0703663	-0.316566	-0.311323	0.117399	-0.234299	
0.503867	1.23256e-06	1.36247e-06	1.20751e-06	88.6265	-28.6567	0.00525668	637.009	18254.6	36229	6.41411e-10	0.249058	0.0667947	0.177086	-0.0955578	-0.143845	
0.505517	1.24065e-06	1.37729e-06	1.21505e-06	88.2204	-28.6097	0.00532199	636.166	18200.5	36003.9	6.41411e-10	0.15204	-0.0276367	0.254187	0.250808	-0.209954	
0.507339	1.24961e-06	1.23192e-06	1.22305e-06	99.28	-29.0942	0.00526573	718.498	20904.1	41203.5	6.41411e-10	0.0357422	-0.0418505	-0.0586831	0.900989	-0.154561	
0.500296	1.21516e-06	1.15047e-06	1.19325e-06	103.719	-29.3913	0.00489759	740.205	21755.5	43485.3	6.41411e-10	-0.209256	-0.0679913	0.138536	-0.318253	0.540089	
0.505074	1.23847e-06	1.17187e-06	1.21612e-06	103.776	-29.3112	0.00501776	747.681	21915.4	43390.6	6.41411e-10	-0.586762	-0.0774763	0.141921	0.555219	-0.172087	
0.502585	1.2263e-06	1.30743e-06	1.20206e-06	91.9401	-28.8358	0.00516999	659.145	19007	37818.4	6.41411e-10	0.0857759	0.148406	0.0225159	-0.109724	-0.0108685	
0.500823	1.21771e-06	1.36468e-06	1.19539e-06	87.5943	-28.6497	0.00509155	625.787	17928.6	35798.3	6.41411e-10	0.0797057	0.0311427	0.245777	-0.634521	0.0780195	
0.504884	1.23754e-06	1.34785e-06	1.21267e-06	89.9702	-28.7036	0.00516695	647.972	18599.1	36838.4	6.41411e-10	0.185906	0.331564	0.242297	-0.00713865	-0.745749	
0.50543	1.24022e-06	1.22992e-06	1.21515e-06	98.799	-29.1012	0.00514231	712.328	20729.6	41013.8	6.41411e-10	0.304244	-0.023687	-0.109222	-0.023483	-0.30838	
0.502326	1.22503e-06	1.30206e-06	1.20117e-06	92.2514	-28.8537	0.0050916	661.035	19073.3	37970	6.41411e-10	0.36324	0.290391	-0.591415	-0.665859	-0.444736	
0.506695	1.24644e-06	1.37616e-06	1.22085e-06	88.7145	-28.6133	0.0054089	641.22	18347.4	36210	6.41411e-10	0.130128	-0.277353	0.217614	0.308782	-0.168071	
0.508267	1.25418e-06	1.30036e-06	1.22902e-06	94.5134	-28.8594	0.00532311	685.254	19776	38908.7	6.41411e-10	0.346667	-0.67526	0.242083	0.0509122	-0.482886	
0.506812	1.24701e-06	1.37399e-06	1.2222e-06	88.9529	-28.6202	0.00545685	643.092	18405.4	36316	6.41411e-10	-0.179483	-0.610724	0.125185	0.62682	0.311027	
0.502	1.22345e-06	1.25844e-06	1.19928e-06	95.2991	-29.0017	0.00508518	682.431	19791.7	39425.6	6.41411e-10	0.0363995	0.385494	-0.0802	-0.053826	-0.231866	
0.499585	1.2117e-06	1.35468e-06	1.18893e-06	87.7647	-28.6816	0.00505978	625.454	17939	35907.9	6.41411e-10	0.0223102	0.167827	0.204741	-0.481277	0.37254	
0.501025	1.2187e-06	1.35613e-06	1.19569e-06	88.1697	-28.677	0.00514771	630.152	18070.9	36067.8	6.41411e-10	-0.0250948	0.110084	-0.121318	-0.305271	0.201234	
0.506034	1.24319e-06	1.40143e-06	1.22107e-06	87.1303	-28.5343	0.00518324	628.949	17946.6	35465.2	6.41411e-10	-0.0415192	-0.480988	0.230848	-0.232129	-0.541913	
0.502246	1.22465e-06	1.1557e-06	1.20271e-06	104.068	-29.3715	0.00489976	745.587	21899	43602.2	6.41411e-10	-0.244736	0.00614515	-0.315623	-0.200673	0.0222657	
0.506407	1.24502e-06	1.24754e-06	1.21961e-06	97.7614	-29.0395	0.00520567	706.209	20507.9	40496.9	6.41411e-10	0.280777	-0.165882	-0.598666	0.153036	-0.257834	
0.502552	1.22614e-06	1.28859e-06	1.20136e-06	93.2301	-28.8988	0.00517665	668.349	19314.5	38432.9	6.41411e-10	-0.00858582	0.368303	0.174265	0.152249	-0.210306	
0.499613	1.21184e-06	1.2658e-06	1.18702e-06	93.7764	-28.9763	0.0051241	668.334	19365.9	38761.7	6.41411e-10	-0.058762	0.574049	-0.00558374	0.0980532	0.0528666	
0.504755	1.23691e-06	1.33033e-06	1.21282e-06	91.1665	-28.7604	0.00524567	656.421	18878.9	37402.1	6.41411e-10	0.138521	-0.121955	-0.193404	-0.160098	-0.255729	
0.49726	1.20045e-06	1.30998e-06	1.18129e-06	90.1763	-28.8273	0.00532618	639.649	18439.4	37082	6.41411e-10	-0.849534	-0.201046	-0.0840003	-0.38515	0.614065	
0.504699	1.23663e-06	1.37202e-06	1.21351e-06	88.4469	-28.6264	0.00514683	636.768	18228.4	36117.3	6.41411e-10	-0.199795	-0.2209	0.479661	0.244633	0.0102113	
0.503868	1.23257e-06	1.32754e-06	1.20773e-06	90.9753	-28.7695	0.00515064	653.892	18812.2	37335.6	6.41411e-10	0.265327	0.00230917	-0.173755	-0.11072	-0.0528501	
0.500173	1.21455e-06	1.39914e-06	1.19379e-06	85.3227	-28.5414	0.00493908	608.767	17375	34738.1	6.41411e-10	-0.450143	0.0616919	-0.215002	-0.267638	0.138385	
0.505733	1.24171e-06	1.37413e-06	1.21676e-06	88.5477	-28.6197	0.00536112	638.801	18282.3	36150.1	6.41411e-10	0.17914	-0.46927	-0.240792	0.076074	0.0659086	
0.498415	1.20603e-06	1.13003e-06	1.18286e-06	104.675	-29.4691	0.0048137	744.216	21931.4	44002.3	6.41411e-10	-0.380103	0.642355	0.233538	0.0894778	-0.0252424	
0.500373	1.21553e-06	1.32201e-06	1.18678e-06	89.7709	-28.7877	0.00581499	640.761	18446	36864.5	6.41411e-10	0.697343	0.285772	-0.332426	0.0736802	0.64588	
0.502904	1.22785e-06	1.29367e-06	1.20324e-06	93.0095	-28.8818	0.00517169	667.234	19270.9	38319.3	6.41411e-10	-0.0282155	0.321423	0.230207	0.173043	-0.219544	
0.499868	1.21307e-06	1.2974e-06	1.18745e-06	91.5259	-28.8693	0.00515663	652.627	18840.9	37691.7	6.41411e-10	0.304378	0.328736	-0.195315	-0.161265	0.500155	
0.504728	1.23678e-06	1.29526e-06	1.20973e-06	93.3967	-28.8764	0.00537547	672.443	19417.8	38471.7	6.41411e-10	0.466315	-0.0449531	-0.694434	0.183306	0.0782561	
0.500915	1.21816e-06	1.3795e-06	1.19644e-06	86.7298	-28.6028	0.004941	619.724	17725.8	35386.9	6.41411e-10	-0.488213	0.156501	-0.285826	0.0796852	0.119264	
0.504292	1.23464e-06	1.32561e-06	1.2093e-06	91.2262	-28.7758	0.00530913	656.247	18884.1	37446.7	6.41411e-10	-0.204436	-0.0413051	0.231975	0.748563	0.357934	
0.502113	1.22399e-06	1.38579e-06	1.20173e-06	86.7184	-28.583	0.00501222	621.124	17753.6	35357.8	6.41411e-10	-0.150902	-0.124281	0.164414	-0.183033	0.205299	
0.504415	1.23525e-06	1.39947e-06	1.21282e-06	86.6631	-28.5404	0.00516401	623.575	17797.1	35282.6	6.41411e-10	-0.0437394	-0.574663	-0.472871	-0.176948	0.075952	
0.503634	1.23142e-06	1.31607e-06	1.20643e-06	91.6696	-28.8072	0.00522218	658.577	18971.8	37669.8	6.41411e-10	0.0672464	0.149684	-0.495271	0.185754	-0.040844	
0.503925	1.23285e-06	1.21097e-06	1.20708e-06	99.6792	-29.1687	0.00515689	716.534	20900.3	41475.1	6.41411e-10	0.270444	0.0686691	0.134386	0.168086	0.10544	
0.499899	1.21323e-06	1.32502e-06	1.18953e-06	89.7742	-28.7778	0.00504374	640.177	18422.9	36853.2	6.41411e-10	-0.15634	0.587346	0.258714	0.0115021	-0.226891	
0.500916	1.21817e-06	1.41117e-06	1.19738e-06	84.8503	-28.5042	0.00499844	606.296	17282	34500.7	6.41411e-10	-0.647914	-0.0978397	0.364745	0.0999365	0.329668	
0.503281	1.2297e-06	1.35488e-06	1.2056e-06	88.9821	-28.681	0.00511902	638.821	18322	36405.1	6.41411e-10	0.439342	0.152179	-0.700489	-0.688192	-0.511816	
0.503642	1.23146e-06	1.32104e-06	1.20639e-06	91.3208	-28.7908	0.0052889	656.081	18889.1	37505.1	6.41411e-10	-0.0850423	-3.2109e-05	-0.274988	0.451308	0.307394	
0.503101	1.22882e-06	1.3562e-06	1.20318e-06	88.717	-28.6768	0.005263	636.69	18258.2	36291.4	6.41411e-10	0.139846	0.131403	0.22196	0.21633	0.162669	
0.499507	1.21132e-06	1.34072e-06	1.18744e-06	88.5677	-28.7266	0.00516809	631.078	18128.7	36293.3	6.41411e-10	-0.122062	0.361547	0.0455413	-0.0143768	0.379853	
0.503468	1.23061e-06	1.21466e-06	1.20448e-06	99.1619	-29.1555	0.00521156	712.168	20763.6	41241.1	6.41411e-10	0.310902	-0.150658	-0.0545821	0.212129	0.543752	
0.503922	1.23283e-06	1.38007e-06	1.20542e-06	87.3445	-28.601	0.00554134	627.864	17957.5	35635.5	6.41411e-10	0.813561	-0.314693	0.260416	-0.34959	0.082852	
0.502669	1.22671e-06	1.31611e-06	1.20252e-06	91.3693	-28.8071	0.00514565	655.162	18873.3	37546.2	6.41411e-10	0.00985162	0.358739	0.330436	-0.0222115	-0.353252	
0.49788	1.20345e-06	1.23792e-06	1.1764e-06	95.0303	-29.0731	0.00512218	674.922	19622	39411.1	6.41411e-10	0.206563	0.687635	-0.822719	0.30745	0.536675	
0.504054	1.23348e-06	1.21704e-06	1.21235e-06	99.615	-29.147	0.00493424	716.256	20876.7	41417.5	6.41411e-10	-0.428662	0.118186	0.27593	-0.154783	-0.781017	
0.501255	1.21982e-06	1.2561e-06	1.19565e-06	95.1872	-29.0098	0.00509317	680.618	19744.6	39390.3	6.41411e-10	0.167183	0.160064	-0.512999	-0.24454	0.257029	
0.504821	1.23724e-06	1.22137e-06	1.21059e-06	99.1171	-29.1315	0.00515656	713.761	20792.9	41188.7	6.41411e-10	0.344472	0.241405	-0.27216	0.312417	-0.268287	
0.500569	1.21648e-06	1.33942e-06	1.19655e-06	89.3334	-28.7308	0.00531575	637.888	18327.1	36612.4	6.41411e-10	-0.461803	-0.0267512	0.00849441	-0.673564	-0.374777	
0.508499	1.25533e-06	1.28038e-06	1.23057e-06	96.1098	-28.9266	0.00531688	697.147	20166.1	39658.1	6.41411e-10	0.108691	-0.534134	-0.0518012	0.30976	-0.403283	
0.504238	1.23438e-06	1.35764e-06	1.21151e-06	89.2364	-28.6722	0.00516138	641.865	18403.7	36498	6.41411e-10	0.0310668	-0.322497	-0.212344	-0.287477	-0.163581	
0.498405	1.20599e-06	1.33734e-06	1.183e-06	88.4589	-28.7376	0.00474653	628.913	18073.4	36262.5	6.41411e-10	-0.13929	0.314492	0.0638581	-0.142026	0.641829	
0.49715	1.19992e-06	1.12011e-06	1.17627e-06	105.014	-29.5074	0.00481836	744.732	21975.1	44202.2	6.41411e-10	-0.392384	0.669285	-0.0635631	0.199072	0.284961	
0.505974	1.24289e-06	1.36056e-06	1.21735e-06	89.4744	-28.6628	0.0053352	645.793	18510.2	36583.4	6.41411e-10	0.0805874	-0.11676	-0.597776	0.405392	-0.092558	
0.504858	1.23742e-06	1.342e-06	1.21165e-06	90.2865	-28.7225	0.00545616	650.217	18675.8	36992.2	6.41411e-10	0.22353	-0.313172	-0.497948	0.105594	0.243237	
0.506673	1.24633e-06	1.39853e-06	1.2221e-06	87.3846	-28.5433	0.00526723	631.581	18027.4	35579.9	6.41411e-10	0.146713	-0.479914	0.169547	0.0360685	-0.276215	
0.503981	1.23312e-06	1.34405e-06	1.2079e-06	89.8701	-28.7158	0.00523518	646.094	18553.1	36813.1	6.41411e-10	0.0452383	0.235339	0.490931	0.273593	-0.229075	
0.505377	1.23996e-06	1.37293e-06	1.21609e-06	88.5758	-28.6235	0.00524522	638.553	18277.6	36166.3	6.41411e-10	-0.149047	-0.00287988	-0.542176	0.273786	-0.342726	
0.504388	1.23511e-06	1.28229e-06	1.21003e-06	94.365	-28.9202	0.00521767	678.957	19635.5	38929.4	6.41411e-10	-0.0779066	0.191072	0.156787	0.479506	-0.170807	
0.500608	1.21667e-06	1.35959e-06	1.19365e-06	87.7948	-28.6659	0.00509891	626.95	17972.1	35900.5	6.41411e-10	-0.108373	0.251214	-0.173864	-0.177761	0.163381	
0.502588	1.22631e-06	1.21274e-06	1.20503e-06	99.364	-29.1623	0.00493637	712.373	20774.4	41335	6.41411e-10	-0.289163	-0.104586	-0.212353	-0.321349	-0.132757	
0.503851	1.23248e-06	1.41795e-06	1.21317e-06	85.5578	-28.4834	0.00540823	614.933	17515.4	34763	6.41411e-10	-0.696504	-0.670985	0.0322702	-0.228657	-0.401747	
0.504996	1.23809e-06	1.21437e-06	1.21605e-06	100.138	-29.1565	0.00508244	721.362	21032.4	41648.6	6.41411e-10	-0.644929	-0.353537	-0.17133	0.576101	0.189068	
0.503839	1.23243e-06	1.39464e-06	1.20959e-06	86.7315	-28.5554	0.00520805	623.355	17800.1	35329	6.41411e-10	-0.21371	-0.59097	0.822091	0.191762	0.542033	
0.501233	1.21971e-06	1.41441e-06	1.19894e-06	84.7662	-28.4943	0.00509991	606.078	17269.7	34454.5	6.41411e-10	-0.375053	-0.0561171	0.0440817	-0.319208	-0.0319813	
0.505031	1.23827e-06	1.29757e-06	1.21368e-06	93.5348	-28.8687	0.00513075	673.842	19452.9	38518.3	6.41411e-10	0.141009	-0.246216	0.0682261	0.106525	0.0979497	
0.504122	1.23381e-06	1.35434e-06	1.20866e-06	89.2434	-28.6827	0.00527044	641.769	18407.7	36514.3	6.41411e-10	0.234358	0.0870553	0.184942	-0.0393322	-0.187999	
0.500142	1.21441e-06	1.17909e-06	1.18718e-06	100.686	-29.2845	0.00513645	718.339	21036.2	42060.5	6.41411e-10	0.237136	0.507561	-0.0571357	0.44959	0.467806	
0.502792	1.22731e-06	1.37426e-06	1.20398e-06	87.6091	-28.6193	0.00521766	628.353	17983	35766.4	6.41411e-10	-0.210866	-0.421235	0.2741	0.253308	0.765761	
0.504328	1.23482e-06	1.32495e-06	1.20794e-06	91.1684	-28.778	0.00532122	655.879	18874.9	37425.8	6.41411e-10	0.573927	0.113312	-0.690781	-0.0997935	-0.207019	
0.502272	1.22477e-06	1.42547e-06	1.2042e-06	84.4774	-28.4604	0.00514947	605.265	17226.1	34296.4	6.41411e-10	-0.453286	-0.143881	0.45912	-0.213749	-0.182249	
0.501836	1.22264e-06	1.18496e-06	1.19524e-06	100.868	-29.263	0.00522862	722.072	21130	42105.4	6.41411e-10	0.0418223	0.237829	0.338007	0.912774	0.741612	
0.505455	1.24034e-06	1.36225e-06	1.21674e-06	89.3185	-28.6574	0.00516941	644.007	18455.6	36512.8	6.41411e-10	-0.376065	0.101252	-0.216388	0.611749	-0.431346	
0.501899	1.22295e-06	1.3739e-06	1.20035e-06	87.3675	-28.6204	0.00510345	625.508	17902.3	35669.1	6.41411e-10	-0.000528252	-0.286639	0.163311	-0.307545	0.401395	
0.503001	1.22833e-06	1.34381e-06	1.20527e-06	89.6904	-28.7166	0.00517311	643.548	18480.5	36740.5	6.41411e-10	0.228218	0.114095	0.277281	-0.693261	-0.550183	
0.504024	1.23333e-06	1.14888e-06	1.21097e-06	105.404	-29.3972	0.00492663	757.836	22278.3	44200.9	6.41411e-10	-0.173824	-0.127634	0.1822	-0.0932789	-0.11984	
0.500242	1.21489e-06	1.36507e-06	1.19252e-06	87.3595	-28.6485	0.00492595	623.385	17859	35700.8	6.41411e-10	-0.523254	0.0982497	-0.899148	0.325774	0.604917	
0.496026	1.1945e-06	1.30023e-06	1.17287e-06	90.2044	-28.8598	0.00523149	638.261	18420.1	37135.3	6.41411e-10	-0.533502	0.619494	0.349672	-0.378386	-0.0254431	
0.506702	1.24647e-06	1.36568e-06	1.2226e-06	89.523	-28.6465	0.00534044	647.074	18536.4	36582.4	6.41411e-10	-0.102426	-0.269757	0.316353	0.236474	-0.377791	
0.504489	1.23561e-06	1.23064e-06	1.20917e-06	98.2547	-29.0987	0.00516612	707.085	20575.2	40784.3	6.41411e-10	0.489827	-0.00442103	0.517339	0.027507	-0.0471004	
0.50422	1.23429e-06	1.29474e-06	1.21288e-06	93.6773	-28.8782	0.00525931	673.785	19457.7	38589.6	6.41411e-10	-0.384002	-0.512145	0.0564776	-0.0457163	0.0130949	
0.503501	1.23077e-06	1.19799e-06	1.20927e-06	100.941	-29.2155	0.00487195	724.995	21181.1	42067.6	6.41411e-10	-0.0953903	-0.0536614	-0.40105	-0.519989	-0.467207	
0.499444	1.21102e-06	1.35626e-06	1.18874e-06	87.6482	-28.6766	0.00476426	624.448	17907	35853.9	6.41411e-10	-0.12427	0.425907	-0.0689271	-0.371703	-0.00893241	
0.497819	1.20315e-06	1.27363e-06	1.17673e-06	92.3918	-28.9496	0.00511966	656.101	18993.9	38154.2	6.41411e-10	0.141623	0.791212	-0.268194	0.18197	0.19731	
0.504995	1.23809e-06	1.32951e-06	1.21274e-06	91.217	-28.7631	0.0052281	657.096	18900.1	37426.4	6.41411e-10	0.0923915	-0.367587	-0.0995044	0.313379	0.398453	
0.502893	1.2278e-06	1.36594e-06	1.20263e-06	88.0436	-28.6457	0.00520217	631.597	18092.5	35976.9	6.41411e-10	0.23883	0.209202	-0.595159	-0.0919025	-0.0720777	
0.501508	1.22105e-06	1.36273e-06	1.19794e-06	87.9072	-28.6559	0.00513782	628.881	18021.2	35933.9	6.41411e-10	-0.182403	0.103766	0.796216	0.00756941	0.23894	
0.503495	1.23074e-06	1.2014e-06	1.20527e-06	100.322	-29.2031	0.0051272	720.541	21042	41791.9	6.41411e-10	0.252767	0.0841871	0.170695	0.0960674	0.141876	
0.502825	1.22747e-06	1.20534e-06	1.20592e-06	100.048	-29.1889	0.00494357	717.615	20946.4	41657.4	6.41411e-10	-0.272971	-0.182532	-0.0930861	-0.23834	0.00360507	
0.506093	1.24348e-06	1.3161e-06	1.21826e-06	92.566	-28.8071	0.00540221	668.264	19250.8	38038	6.41411e-10	0.504025	-1.04092	-0.294986	-0.294941	-0.056311	
0.504616	1.23623e-06	1.30378e-06	1.21116e-06	92.896	-28.848	0.00525125	668.689	19290.3	38227.7	6.41411e-10	0.00597235	0.0468486	-0.106437	0.34827	-0.0487588	
0.503234	1.22947e-06	1.30833e-06	1.20522e-06	92.1192	-28.8328	0.00518069	661.282	19066.6	37888.2	6.41411e-10	0.0952054	0.114667	-0.0442059	-0.0965988	-0.114659	
0.500114	1.21427e-06	1.15784e-06	1.19163e-06	102.918	-29.3635	0.0048849	734.221	21559.3	43108.8	6.41411e-10	-0.477018	0.393088	0.559047	0.18847	0.050999	
0.506605	1.246e-06	1.27194e-06	1.22082e-06	95.9807	-28.9553	0.00524088	693.617	20083.9	39644.1	6.41411e-10	0.429602	-0.415246	-0.041583	-0.144889	-0.353085	
0.507137	1.24861e-06	1.36775e-06	1.22023e-06	89.2144	-28.6399	0.0057444	645.396	18484.1	36448	6.41411e-10	0.717058	-0.0422807	-0.5012	0.269511	-0.505771	
0.498144	1.20472e-06	1.3e-06	1.18054e-06	90.8109	-28.8606	0.00500076	645.297	18623.6	37386	6.41411e-10	0.013047	0.38275	-0.117253	-0.0990794	0.70843	
0.502865	1.22767e-06	1.36672e-06	1.20536e-06	88.1934	-28.6432	0.0052153	632.636	18120.7	36034.9	6.41411e-10	-0.0688211	-0.136441	-0.188518	-0.382394	-0.112371	
0.50321	1.22935e-06	1.37059e-06	1.20673e-06	88.0449	-28.6309	0.00508261	632.003	18094.8	35958.9	6.41411e-10	0.0410915	-0.233214	-0.297025	-0.328358	0.00483628	
0.504569	1.236e-06	1.28618e-06	1.21167e-06	94.2067	-28.907	0.00516372	678.06	19600.7	38846.4	6.41411e-10	-0.00072124	0.315931	0.330706	0.122893	-0.655227	
0.499505	1.21131e-06	1.27256e-06	1.18685e-06	93.2646	-28.9532	0.00512241	664.542	19240.6	38519.4	6.41411e-10	-0.00690903	0.326269	0.264571	-0.00265451	0.523172	
0.501442	1.22073e-06	1.33639e-06	1.19961e-06	89.7655	-28.7407	0.005359	642.091	18454.1	36802.1	6.41411e-10	-0.504426	-0.291455	0.449279	-0.169468	0.270089	
0.500894	1.21806e-06	1.38085e-06	1.19632e-06	86.6363	-28.5985	0.0049301	619.031	17703.4	35343.5	6.41411e-10	-0.485051	0.112912	0.241333	0.100498	0.208162	
0.50053	1.21629e-06	1.18706e-06	1.19073e-06	100.309	-29.2553	0.00510897	716.205	20952.8	41861.2	6.41411e-10	0.454564	0.0278236	-0.270803	-0.298606	0.753608	
0.50433	1.23483e-06	1.36926e-06	1.21153e-06	88.4808	-28.6352	0.00514995	636.546	18227.6	36142.2	6.41411e-10	-0.179673	-0.299842	0.0199173	0.263947	0.248637	
0.501042	1.21878e-06	1.29692e-06	1.19649e-06	92.2566	-28.8709	0.00498923	659.384	19037	37994.8	6.41411e-10	-0.115351	-0.0351027	0.712792	-0.323934	0.299492	
0.501014	1.21864e-06	1.29294e-06	1.1933e-06	92.2933	-28.8842	0.00511925	659.609	19052.3	38027.4	6.41411e-10	0.175323	0.539335	-0.147942	-0.0259463	-0.134109	
0.504549	1.2359e-06	1.32273e-06	1.21033e-06	91.5023	-28.7853	0.00521307	658.57	18957.1	37572.4	6.41411e-10	0.166673	-0.0363892	0.11901	0.294927	0.104149	
0.501648	1.22173e-06	1.2159e-06	1.20074e-06	98.7526	-29.151	0.00492863	706.665	20600	41064.7	6.41411e-10	-0.254563	-0.0153022	-0.322591	-0.528678	-0.181366	
0.503123	1.22893e-06	1.21355e-06	1.20757e-06	99.5075	-29.1594	0.00494807	714.161	20824.5	41390.5	6.41411e-10	-0.3094	-0.13068	-0.240772	-0.24382	-0.178085	
0.49916	1.20964e-06	1.26135e-06	1.18476e-06	93.928	-28.9916	0.00509852	668.807	19389.8	38844.9	6.41411e-10	0.0496903	0.546065	-0.0371925	-0.0357547	0.225379	
0.503691	1.2317e-06	1.20346e-06	1.21001e-06	100.544	-29.1957	0.00491682	722.418	21091.5	41873.8	6.41411e-10	-0.136545	-0.209976	0.219059	-0.369036	-0.234261	
0.507674	1.25126e-06	1.36852e-06	1.22712e-06	89.6682	-28.6375	0.00539819	649.366	18596.2	36630.2	6.41411e-10	-0.234988	-0.421268	0.550556	0.554607	-0.232776	
0.503658	1.23154e-06	1.21234e-06	1.20967e-06	99.7803	-29.1638	0.00499875	716.881	20906.9	41510.2	6.41411e-10	-0.276886	-0.422167	-0.189788	-0.0697575	0.224765	
0.507877	1.25226e-06	1.41141e-06	1.22885e-06	87.0654	-28.5035	0.00534721	630.769	17979.1	35400.5	6.41411e-10	-0.17689	-0.294379	-0.449946	0.239244	-0.708314	
0.504295	1.23466e-06	1.39266e-06	1.21072e-06	86.9362	-28.5616	0.00514816	625.391	17862.1	35420	6.41411e-10	0.030634	-0.0621339	0.334685	0.0258924	-0.120871	
0.500891	1.21804e-06	1.18976e-06	1.19131e-06	100.13	-29.2454	0.00516999	715.443	20923.4	41772.5	6.41411e-10	0.434898	0.0735509	0.221614	0.0722529	0.844439	
0.508375	1.25471e-06	1.27346e-06	1.22855e-06	96.4737	-28.9502	0.00528796	699.615	20254	39840.6	6.41411e-10	0.322551	-0.427492	0.543951	0.38018	-0.37625	
0.503816	1.23231e-06	1.363e-06	1.20837e-06	88.6549	-28.655	0.00522372	637.149	18257.5	36238.5	6.41411e-10	-0.0583232	-0.080701	0.147691	0.116938	0.0719564	
0.501834	1.22264e-06	1.36067e-06	1.19905e-06	88.1216	-28.6625	0.00520692	630.825	18081	36029.8	6.41411e-10	-0.191369	-0.220154	-0.107395	0.225575	0.803026	
0.507658	1.25118e-06	1.39791e-06	1.22547e-06	87.6643	-28.5452	0.00537007	634.834	18121.5	35696.2	6.41411e-10	-0.00265169	-0.144995	-0.678546	0.633396	-0.342572	
0.506415	1.24506e-06	1.37053e-06	1.2206e-06	89.0609	-28.6311	0.00529425	643.369	18420.4	36374	6.41411e-10	0.134889	-0.297538	0.571967	0.0444717	-0.344495	
0.504927	1.23776e-06	1.41883e-06	1.21553e-06	85.6711	-28.4807	0.00520599	617.063	17574.4	34805.8	6.41411e-10	-0.172487	-0.740218	0.266209	0.000383794	0.149481	
0.499159	1.20964e-06	1.30322e-06	1.18359e-06	90.8201	-28.8498	0.00510283	646.676	18656.5	37375.9	6.41411e-10	0.122703	0.800279	0.190523	0.156363	-0.186164	
0.504617	1.23623e-06	1.20837e-06	1.21025e-06	100.155	-29.178	0.00516767	720.945	21035.7	41686.6	6.41411e-10	0.166853	0.147064	-0.0401698	0.413562	-0.0372506	
0.494076	1.18513e-06	1.29138e-06	1.16284e-06	90.0467	-28.8895	0.00521661	634.641	18334.4	37108.5	6.41411e-10	-0.568909	0.920139	0.151726	-0.303906	-0.274883	
0.50213	1.22408e-06	1.34221e-06	1.19899e-06	89.3297	-28.7218	0.00510972	639.85	18377.6	36599.4	6.41411e-10	0.270289	0.505021	-0.0978202	-0.191716	-0.415734	
0.50167	1.22184e-06	1.27825e-06	1.19779e-06	93.7055	-28.9338	0.00514529	670.579	19402.4	38675.6	6.41411e-10	0.145339	-0.167084	-0.144114	-0.240068	0.537628	
0.50518	1.23899e-06	1.31484e-06	1.2113e-06	92.1257	-28.8113	0.00540338	663.885	19127.4	37862.5	6.41411e-10	0.392766	0.128131	0.0328711	0.494411	-0.0848548	
0.503019	1.22841e-06	1.37622e-06	1.20479e-06	87.5432	-28.6131	0.00513906	628.163	17973.7	35731.7	6.41411e-10	0.00953811	0.0198652	0.0410889	-0.122466	-0.0315279	
0.502233	1.22458e-06	1.27972e-06	1.20097e-06	93.8459	-28.9288	0.00511417	672.337	19449.9	38726.9	6.41411e-10	0.321693	-0.152589	-0.13865	-0.59709	0.10265	
0.496272	1.19569e-06	1.2859e-06	1.17419e-06	91.3131	-28.9079	0.0052239	646.426	18686.9	37654.4	6.41411e-10	-0.450469	0.291816	-0.438068	-0.431612	0.642698	
0.502096	1.22391e-06	1.33683e-06	1.20075e-06	89.8208	-28.7393	0.0050409	643.324	18488.7	36822.9	6.41411e-10	-0.365016	0.0233744	-0.135907	0.236279	0.313802	
0.50583	1.24219e-06	1.38419e-06	1.21351e-06	87.6692	-28.588	0.0058046	632.584	18084.3	35751.8	6.41411e-10	0.564049	0.13437	-0.288607	0.385078	-0.293526	
0.50391	1.23277e-06	1.35582e-06	1.20884e-06	89.1594	-28.678	0.00522368	640.894	18379.6	36473.9	6.41411e-10	0.00033099	-0.0376198	0.454939	-0.0506833	-0.121986	
0.502474	1.22576e-06	1.37326e-06	1.20382e-06	87.662	-28.6225	0.00504353	628.336	17984.5	35791.9	6.41411e-10	0.227777	-0.191808	0.0773642	-0.855299	-0.322237	
0.504199	1.23419e-06	1.38553e-06	1.2117e-06	87.4546	-28.5839	0.00515412	629	17979.3	35659	6.41411e-10	-0.118389	-0.255759	0.681289	-0.094282	-0.12993	
0.507083	1.24835e-06	1.37367e-06	1.21991e-06	88.8069	-28.6212	0.00580804	642.381	18385.7	36257.7	6.41411e-10	0.696619	-0.230864	-0.294785	0.320237	-0.273457	
0.503246	1.22953e-06	1.33365e-06	1.20553e-06	90.3934	-28.7496	0.00520487	648.908	18655.8	37071	6.41411e-10	0.0832208	-0.0948842	-0.423137	-0.115353	0.125949	
0.503538	1.23095e-06	1.37087e-06	1.20747e-06	88.0809	-28.63	0.00519555	632.675	18113.5	35972.5	6.41411e-10	0.0212037	0.00438878	0.350852	-0.195122	-0.214255	
0.504358	1.23497e-06	1.30365e-06	1.21031e-06	92.8406	-28.8484	0.00526551	667.948	19269.2	38205.5	6.41411e-10	0.0413405	-0.102167	-0.111934	0.188468	0.0998553	
0.503648	1.23149e-06	1.23113e-06	1.20657e-06	98.0052	-29.097	0.00516067	704.114	20487.6	40678.3	6.41411e-10	0.420318	-0.252956	-0.194714	-0.301023	0.186206	
0.500186	1.21462e-06	1.31388e-06	1.18899e-06	90.4949	-28.8144	0.00511141	645.687	18605.1	37196.4	6.41411e-10	0.344366	0.354315	-0.869966	-0.189459	0.39389	
0.503415	1.23035e-06	1.21315e-06	1.20501e-06	99.3294	-29.1609	0.00517453	713.297	20800.4	41318.5	6.41411e-10	0.314926	-0.207957	-0.0435301	-0.015777	0.441191	
0.502537	1.22607e-06	1.38492e-06	1.20388e-06	86.9277	-28.5857	0.00507797	623.151	17813.2	35446.5	6.41411e-10	0.0676281	-0.301765	0.410221	-0.514014	0.0356114	
0.502836	1.22752e-06	1.20117e-06	1.20572e-06	100.378	-29.2039	0.00498149	720	21026.8	41816.5	6.41411e-10	-0.592137	0.0957327	-0.298759	0.255497	-0.162181	
0.504894	1.23759e-06	1.34632e-06	1.21569e-06	90.2973	-28.7085	0.00543361	650.34	18670.3	36978.7	6.41411e-10	-0.563863	-0.168754	0.199556	0.200203	-0.424927	
0.505698	1.24154e-06	1.32009e-06	1.21683e-06	92.1775	-28.794	0.00524803	664.94	19146.3	37861.1	6.41411e-10	-0.0036071	-0.0123228	0.317699	0.3166	-0.288844	
0.503405	1.2303e-06	1.33893e-06	1.20544e-06	90.0301	-28.7324	0.00527727	646.505	18575.7	36900	6.41411e-10	-0.047801	-0.174102	-0.245044	0.368829	0.553504	
0.502032	1.2236e-06	1.34402e-06	1.19993e-06	89.2793	-28.716	0.00515537	639.365	18360	36571.3	6.41411e-10	0.046009	0.158237	0.133998	-0.230589	-0.0247873	
0.504832	1.23729e-06	1.34079e-06	1.21351e-06	90.5071	-28.7264	0.00529999	651.772	18723.1	37087.7	6.41411e-10	0.0114441	-0.347683	0.534952	-0.0162021	0.00481707	
0.506548	1.24572e-06	1.32225e-06	1.21772e-06	92.0944	-28.7869	0.00559117	665.458	19156.4	37817.6	6.41411e-10	0.230964	-0.167465	0.322094	0.907044	0.215563	
0.506516	1.24556e-06	1.39642e-06	1.22174e-06	87.4906	-28.5498	0.00535857	632.151	18047.8	35631.3	6.41411e-10	-0.151751	-0.527808	-0.241171	0.346258	0.0146354	
0.498767	1.20774e-06	1.1691e-06	1.18558e-06	101.41	-29.3215	0.00488679	721.511	21155.8	42416.1	6.41411e-10	-0.43723	0.316591	0.00479019	-0.0505574	0.39019	
0.503336	1.22997e-06	1.19949e-06	1.20424e-06	100.396	-29.21	0.00512517	720.843	21055.9	41832.6	6.41411e-10	0.254669	0.19046	0.533534	0.149967	0.0602141	
0.502382	1.22531e-06	1.38394e-06	1.20308e-06	86.9314	-28.5888	0.00506782	622.984	17810.4	35451.9	6.41411e-10	0.0871041	-0.314175	0.177389	-0.531152	0.0911	
0.501214	1.21962e-06	1.39141e-06	1.19845e-06	86.1319	-28.5655	0.00500317	615.82	17591.2	35097.1	6.41411e-10	-0.609332	0.190427	0.484358	0.0769384	-0.178953	
0.500845	1.21782e-06	1.28617e-06	1.19044e-06	92.5572	-28.907	0.00528941	661.271	19115.4	38166.3	6.41411e-10	0.56624	0.481554	-0.102499	-0.0811427	0.144476	
0.504408	1.23521e-06	1.31299e-06	1.21078e-06	92.215	-28.8174	0.00528466	663.514	19120.7	37907.2	6.41411e-10	0.105168	-0.25217	-0.0185146	-0.00287771	0.11248	
0.50355	1.23101e-06	1.22426e-06	1.20948e-06	98.7931	-29.1213	0.00496792	709.636	20665.5	41039.6	6.41411e-10	-0.207742	-0.33808	0.282137	-0.301115	-0.0619786	
0.499592	1.21174e-06	1.36515e-06	1.18974e-06	87.1504	-28.6482	0.00486555	621.085	17793	35615	6.41411e-10	-0.341784	0.132801	-0.0704718	-0.0806767	0.502867	
0.501146	1.21928e-06	1.32378e-06	1.19369e-06	90.1725	-28.7818	0.0051334	644.621	18553.4	37021.9	6.41411e-10	0.281036	0.535761	-0.172343	-0.108955	-0.153659	
0.50733	1.24956e-06	1.43597e-06	1.22761e-06	85.4898	-28.4285	0.00526412	618.687	17588.4	34668.5	6.41411e-10	-0.313863	-0.544461	-0.370897	0.0965942	-0.634745	
0.502779	1.22725e-06	1.21315e-06	1.20097e-06	98.9964	-29.1609	0.00521188	710.007	20704.4	41180	6.41411e-10	0.403951	-0.186455	-0.369812	0.0782282	0.680122	
0.504028	1.23335e-06	1.39107e-06	1.21e-06	86.9834	-28.5665	0.00520987	625.399	17865.5	35445.4	6.41411e-10	0.0187013	-0.117979	-0.249384	-0.178338	-0.175599	
0.508295	1.25432e-06	1.39732e-06	1.23038e-06	88.0526	-28.547	0.00537044	638.447	18225.8	35856.6	6.41411e-10	-0.17641	-0.32012	-0.142165	0.422226	-0.597233	
0.504221	1.23429e-06	1.38403e-06	1.21128e-06	87.5184	-28.5886	0.00524422	629.486	17996.1	35690.9	6.41411e-10	-0.263281	-0.369865	0.332881	0.279701	0.324411	
0.509249	1.25903e-06	1.41139e-06	1.22935e-06	87.1023	-28.5035	0.00610299	632.741	18035.4	35415.6	6.41411e-10	0.618005	-0.207778	0.146405	0.581526	-0.64629	
0.508143	1.25357e-06	1.33036e-06	1.23008e-06	92.4619	-28.7603	0.00529039	670.216	19275.6	37933.5	6.41411e-10	-0.0862645	-0.47944	-0.0862024	0.209267	-0.578445	
0.499751	1.21251e-06	1.30859e-06	1.1911e-06	91.0217	-28.832	0.0053532	648.88	18708.5	37435.7	6.41411e-10	-0.590454	-0.174527	0.154249	-0.132219	0.582007	
0.501179	1.21945e-06	1.32465e-06	1.19589e-06	90.2798	-28.779	0.00507059	645.431	18574.9	37062.3	6.41411e-10	0.0239274	0.00110785	0.0620984	-0.126415	0.484342	
0.502467	1.22572e-06	1.32378e-06	1.20176e-06	90.7822	-28.7818	0.00508585	650.69	18728.1	37272.2	6.41411e-10	-0.170328	0.28217	0.280343	0.277717	-0.0867632	
0.505395	1.24005e-06	1.23527e-06	1.2145e-06	98.319	-29.0824	0.00517742	708.817	20614.1	40788.1	6.41411e-10	0.304086	-0.0401701	-0.351521	0.109145	-0.169393	
0.503661	1.23156e-06	1.45796e-06	1.21169e-06	83.109	-28.3626	0.00519236	597.108	16935.5	33624.8	6.41411e-10	-0.470384	-0.574104	-0.628636	-0.27313	-0.229674	
0.50249	1.22583e-06	1.32813e-06	1.20373e-06	90.6333	-28.7676	0.0055244	649.652	18688.9	37192.7	6.41411e-10	-0.546874	-0.00973182	0.116095	-0.0368077	-0.19358	
0.503848	1.23247e-06	1.22034e-06	1.20665e-06	98.8779	-29.1352	0.00513403	710.665	20705.4	41094.4	6.41411e-10	0.407916	0.140732	-0.480849	-0.0521903	-0.0883802	
0.502197	1.2244e-06	1.18531e-06	1.1981e-06	101.079	-29.2617	0.00510709	724.105	21188.5	42191.7	6.41411e-10	0.179964	0.463127	-0.244386	0.350371	-0.00907557	
0.501951	1.2232e-06	1.27564e-06	1.19851e-06	93.9535	-28.9427	0.00513017	672.729	19470.6	38789.9	6.41411e-10	0.0599406	0.393601	-0.415318	0.0320936	-0.136146	
0.499807	1.21278e-06	1.4015e-06	1.19229e-06	85.0724	-28.5341	0.00497392	606.538	17307	34627.3	6.41411e-10	-0.515178	0.028227	0.179618	-0.275386	0.193595	
0.501249	1.21979e-06	1.37328e-06	1.19761e-06	87.2081	-28.6224	0.00493536	623.557	17847.7	35606.5	6.41411e-10	-0.0359877	0.135881	0.354241	-0.483145	-0.102618	
0.502808	1.22739e-06	1.20433e-06	1.20087e-06	99.7125	-29.1925	0.00513691	715.184	20878	41522.9	6.41411e-10	0.346409	0.312904	-0.0907505	0.191882	0.0547568	
0.502466	1.22572e-06	1.32938e-06	1.19793e-06	90.1121	-28.7635	0.00532028	645.886	18578	36973.6	6.41411e-10	0.470187	0.508896	0.224655	0.253238	-0.16942	
0.499371	1.21066e-06	1.15115e-06	1.18795e-06	103.196	-29.3887	0.00485892	735.113	21604	43262.4	6.41411e-10	-0.425101	0.454169	-0.100279	0.0945111	0.107033	
0.503006	1.22835e-06	1.35769e-06	1.20469e-06	88.7312	-28.672	0.00528814	636.671	18254.6	36291.1	6.41411e-10	-0.225919	0.201813	0.0907362	0.149886	-0.203722	
0.504467	1.2355e-06	1.22453e-06	1.20962e-06	98.7816	-29.1203	0.00518163	710.846	20700	41033.5	6.41411e-10	0.324653	-0.0296153	0.0241852	0.139017	0.080703	
0.496806	1.19826e-06	1.25711e-06	1.17237e-06	93.259	-29.0063	0.00512234	660.912	19170.6	38587.7	6.41411e-10	-0.0227681	0.64194	0.174295	0.265744	0.716821	
0.504363	1.23499e-06	1.25209e-06	1.21037e-06	96.6684	-29.0237	0.00516301	695.495	20185.8	40022.4	6.41411e-10	0.479516	-0.292585	0.0161892	-0.464687	-0.132912	
0.50294	1.22803e-06	1.22078e-06	1.20674e-06	98.8499	-29.1336	0.00497242	709.184	20661.1	41080.7	6.41411e-10	-0.308129	-0.168777	0.272271	-0.282619	-0.139648	
0.502726	1.22698e-06	1.20947e-06	1.20036e-06	99.2464	-29.174	0.00507046	711.724	20763.9	41302.6	6.41411e-10	0.424601	0.577073	0.0716495	0.0632457	-0.452458	
0.502228	1.22456e-06	1.35347e-06	1.20147e-06	88.7691	-28.6855	0.00506631	635.959	18242.8	36323.7	6.41411e-10	-0.0344133	-0.0977224	0.411993	-0.117065	0.28377	
0.498884	1.2083e-06	1.17215e-06	1.18129e-06	100.779	-29.3102	0.00505715	717.196	21021.1	42136.3	6.41411e-10	0.246975	0.844091	-0.00991123	0.266659	-0.0692004	
0.502344	1.22512e-06	1.34647e-06	1.20099e-06	89.1952	-28.708	0.00523623	639.159	18349	36526.7	6.41411e-10	0.105006	-0.226794	-0.764389	-0.143393	0.514398	
0.504502	1.23567e-06	1.34218e-06	1.20989e-06	90.1431	-28.7219	0.00526157	648.727	18632.6	36932.7	6.41411e-10	0.0228746	0.154425	0.0066614	0.527487	-0.0510787	
0.506244	1.24422e-06	1.23035e-06	1.21773e-06	98.9738	-29.0997	0.00517783	714.737	20798.6	41084.2	6.41411e-10	0.17593	0.292805	-0.243885	0.583131	-0.591679	
0.505115	1.23868e-06	1.3635e-06	1.21095e-06	88.8114	-28.6534	0.00568068	639.92	18335.9	36300.4	6.41411e-10	0.795974	-0.152662	0.0223465	-0.314616	-0.299187	
0.505591	1.24101e-06	1.34948e-06	1.21521e-06	90.0501	-28.6983	0.00522829	649.456	18638.3	36864.4	6.41411e-10	-0.0983919	0.382132	-0.213548	0.723456	-0.671811	
0.506298	1.24448e-06	1.33386e-06	1.21997e-06	91.4611	-28.7489	0.00534124	660.555	18990.2	37508	6.41411e-10	0.0320101	-0.469018	-0.061462	0.227917	0.00889451	
0.503204	1.22932e-06	1.31773e-06	1.20472e-06	91.4245	-28.8018	0.00525202	656.255	18901.3	37561.9	6.41411e-10	-0.206713	0.26266	-0.0769915	0.417681	-0.125903	
0.499493	1.21125e-06	1.34209e-06	1.1882e-06	88.5336	-28.7222	0.00477257	630.817	18118.4	36273.7	6.41411e-10	-0.18245	0.498708	0.215915	-0.0688233	0.02943	
0.500558	1.21643e-06	1.3589e-06	1.19296e-06	87.7885	-28.6681	0.00514432	626.843	17970.4	35900.7	6.41411e-10	-0.193493	0.067134	-0.248155	0.10277	0.645132	
0.502874	1.22771e-06	1.3657e-06	1.2044e-06	88.1896	-28.6465	0.00521487	632.62	18122.3	36037.5	6.41411e-10	-0.208357	0.0445394	0.299476	0.128026	0.0629676	
0.498717	1.2075e-06	1.32668e-06	1.18384e-06	89.2334	-28.7723	0.00475839	634.816	18265.1	36624.2	6.41411e-10	-0.180736	0.510741	-0.0341409	0.0791325	0.3194	
0.501248	1.21978e-06	1.27523e-06	1.19783e-06	93.9307	-28.9441	0.00489588	671.624	19439.6	38782.3	6.41411e-10	-0.0241193	0.309586	0.771493	-0.62687	-0.438234	
0.502052	1.2237e-06	1.32672e-06	1.19965e-06	90.4224	-28.7722	0.00518347	647.576	18632.2	37112.1	6.41411e-10	0.0417312	-0.0615826	0.492899	-0.0693632	0.402661	
0.504102	1.23371e-06	1.3019e-06	1.20626e-06	92.6535	-28.8542	0.00543869	666.265	19224.5	38136.2	6.41411e-10	0.434527	0.0407962	-0.0140653	0.318993	0.199468	
0.501519	1.2211e-06	1.32824e-06	1.19784e-06	90.1824	-28.7672	0.00507028	645.172	18559.8	37007.2	6.41411e-10	0.0751609	-0.035609	-0.182766	-0.277067	0.332086	
0.50679	1.24691e-06	1.26082e-06	1.2212e-06	96.858	-28.9935	0.00527118	700.212	20301.6	40059.2	6.41411e-10	0.343763	-0.421522	-0.577008	0.158266	-0.112057	
0.505188	1.23903e-06	1.22111e-06	1.21363e-06	99.3876	-29.1325	0.00517621	716.228	20865.5	41302.5	6.41411e-10	0.219317	-0.0830807	0.711996	0.208055	-0.0258265	
0.49837	1.20582e-06	1.31379e-06	1.17747e-06	89.6235	-28.8147	0.00541722	637.148	18359.2	36838.5	6.41411e-10	0.565665	0.745559	0.362849	0.0898314	0.296742	
0.503367	1.23012e-06	1.216e-06	1.20416e-06	99.0257	-29.1507	0.00513429	711.048	20727.5	41177.7	6.41411e-10	0.430129	0.141526	0.13836	-0.064405	0.0161938	
0.50356	1.23106e-06	1.22032e-06	1.20612e-06	98.836	-29.1353	0.0050842	709.958	20684.8	41077.2	6.41411e-10	0.452911	0.111424	0.00072432	-0.378767	-0.228696	
0.500489	1.21609e-06	1.32846e-06	1.19307e-06	89.8083	-28.7665	0.00494714	641.176	18444.4	36852.8	6.41411e-10	-0.231877	0.345788	-0.716627	-0.0403108	0.0729927	
0.500864	1.21791e-06	1.33031e-06	1.19402e-06	89.7552	-28.7605	0.0050502	641.276	18443.4	36823.2	6.41411e-10	-0.129974	0.203276	-0.143413	0.159532	0.411037	
0.502665	1.22669e-06	1.28474e-06	1.20264e-06	93.6094	-28.9118	0.00520899	671.219	19406.2	38606.6	6.41411e-10	0.216637	-0.445392	-0.0239105	-0.263512	0.535253	
0.507131	1.24858e-06	1.38119e-06	1.22272e-06	88.5264	-28.5975	0.00537652	640.412	18314.2	36113.3	6.41411e-10	0.00600225	-0.132243	-0.134749	0.615668	-0.23691	
0.504778	1.23702e-06	1.33653e-06	1.21267e-06	90.733	-28.7402	0.00532196	653.329	18776.8	37198.2	6.41411e-10	0.062985	-0.352443	0.178094	0.0467967	0.137787	
0.504424	1.23529e-06	1.30397e-06	1.21085e-06	92.8588	-28.8473	0.00515839	668.167	19274.8	38211.6	6.41411e-10	0.253258	-0.321353	-0.0841908	-0.170601	0.0977195	
0.506114	1.24358e-06	1.41904e-06	1.22122e-06	86.0595	-28.4801	0.00522024	621.317	17695.2	34962.8	6.41411e-10	-0.307393	-0.457536	0.345001	0.252858	-0.202787	
0.505758	1.24183e-06	1.36418e-06	1.21862e-06	89.3304	-28.6513	0.0051417	644.478	18465.1	36509.8	6.41411e-10	-0.221298	-0.0502701	-0.0260249	0.308765	-0.430232	
0.504631	1.2363e-06	1.37009e-06	1.21148e-06	88.4232	-28.6325	0.00526005	636.511	18224.9	36115.3	6.41411e-10	0.172556	0.0140664	-0.097356	-0.0116463	-0.235097	
0.502363	1.22522e-06	1.20378e-06	1.20384e-06	100.005	-29.1945	0.0049524	716.646	20922.1	41647.4	6.41411e-10	-0.392863	-0.0676984	-0.0269562	-0.149758	-0.0190212	
0.501244	1.21976e-06	1.294e-06	1.19517e-06	92.362	-28.8807	0.0051762	660.403	19072.9	38051.1	6.41411e-10	-0.0840561	0.214272	0.112619	0.229352	0.393961	
0.508146	1.25359e-06	1.24035e-06	1.22799e-06	99.0032	-29.0646	0.00520961	717.636	20857.8	41046.8	6.41411e-10	0.0696042	0.0105057	0.0696985	0.596747	-0.644717	
0.501633	1.22166e-06	1.14841e-06	1.19922e-06	104.425	-29.399	0.00487975	747.233	21967.9	43792.8	6.41411e-10	-0.365561	0.284124	0.24119	0.0474893	-0.128006	
0.505822	1.24215e-06	1.3526e-06	1.21475e-06	89.8091	-28.6883	0.00545897	648.015	18590.4	36752.9	6.41411e-10	0.496366	0.0246977	-0.0223093	0.242484	-0.260553	
0.50375	1.23199e-06	1.37943e-06	1.2093e-06	87.6665	-28.603	0.00528189	629.963	18018.8	35769.4	6.41411e-10	-0.22713	-0.287597	0.301603	0.0104599	0.109607	
0.502723	1.22697e-06	1.34735e-06	1.20368e-06	89.3366	-28.7052	0.00506199	640.656	18390.1	36581.1	6.41411e-10	-0.0871463	0.0806296	-0.169739	0.00650908	0.0119064	
0.503153	1.22907e-06	1.37375e-06	1.20678e-06	87.8454	-28.6209	0.00508438	630.5	18045.5	35864.8	6.41411e-10	0.133696	-0.270993	-0.356824	-0.571146	-0.160807	
0.504765	1.23696e-06	1.21743e-06	1.21023e-06	99.4084	-29.1455	0.00516043	715.778	20861.8	41329.6	6.41411e-10	0.209082	0.3728	0.143144	0.537036	-0.390669	
0.497331	1.20079e-06	1.38883e-06	1.1805e-06	84.9997	-28.5735	0.0050718	603.016	17230.3	34645.6	6.41411e-10	-0.792973	0.340057	-0.0328509	-0.16511	0.0897392	
0.500379	1.21556e-06	1.34463e-06	1.19522e-06	88.8879	-28.714	0.00533936	634.466	18218	36408.4	6.41411e-10	-0.861462	0.0845077	0.317657	0.0299299	-0.190232	
0.499738	1.21244e-06	1.23531e-06	1.18793e-06	96.1649	-29.0823	0.00503481	685.527	19936.7	39894.3	6.41411e-10	0.124062	0.537412	0.29756	-0.194277	0.0319058	
0.503579	1.23116e-06	1.40947e-06	1.20849e-06	85.7409	-28.5094	0.00521216	615.917	17559.5	34869.3	6.41411e-10	-0.165858	-0.851742	-0.30685	0.0895829	0.749188	
0.499805	1.21277e-06	1.28271e-06	1.18831e-06	92.6404	-28.9187	0.00508809	660.492	19100.6	38216	6.41411e-10	0.083419	0.454154	0.27296	-0.155584	0.170227	
0.502093	1.2239e-06	1.3079e-06	1.19996e-06	91.747	-28.8343	0.00508506	657.116	18947.5	37737	6.41411e-10	0.201682	0.396847	0.468377	-0.410518	-0.450665	
0.505915	1.2426e-06	1.29693e-06	1.21808e-06	93.9209	-28.8709	0.00511984	677.807	19568.9	38680.1	6.41411e-10	0.110046	-0.187582	0.0718826	0.170129	-0.151998	
0.501687	1.22192e-06	1.24885e-06	1.19721e-06	95.8647	-29.0349	0.00512257	686.053	19919.5	39705	6.41411e-10	0.0108138	0.251969	-0.112247	0.159753	0.225875	
0.50021	1.21473e-06	1.29378e-06	1.18933e-06	91.9266	-28.8814	0.00511856	655.933	18944.3	37872.7	6.41411e-10	0.234119	0.578885	-0.24058	-0.148751	-0.0453349	
0.503954	1.23299e-06	1.35086e-06	1.20953e-06	89.5375	-28.6939	0.00510777	643.669	18469.4	36648.9	6.41411e-10	-0.173333	0.0119364	0.0390512	0.240573	-0.0674008	
0.504468	1.23551e-06	1.21243e-06	1.21035e-06	99.8284	-29.1634	0.00509281	718.38	20950.4	41529.7	6.41411e-10	0.243384	0.199621	-0.151539	0.0382846	-0.314438	
0.503607	1.23129e-06	1.20652e-06	1.20984e-06	100.275	-29.1847	0.00495657	720.364	21023.6	41746	6.41411e-10	-0.503581	0.0990325	-0.427408	0.0424197	-0.486844	
0.504854	1.23739e-06	1.40652e-06	1.21539e-06	86.4109	-28.5185	0.00518781	622.301	17747.1	35153	6.41411e-10	-0.136722	-0.385427	-0.046692	-0.174639	-0.28167	
0.501947	1.22318e-06	1.27099e-06	1.2018e-06	94.5567	-28.9586	0.00521102	677.042	19606.2	39060.3	6.41411e-10	-0.30482	-0.252653	0.299587	-0.298611	0.157593	
0.499264	1.21015e-06	1.36318e-06	1.18775e-06	87.1311	-28.6545	0.00508791	620.54	17781.2	35614.9	6.41411e-10	0.0238582	-0.0707151	0.373607	-0.549909	0.681063	
0.502732	1.22702e-06	1.3413e-06	1.20346e-06	89.7231	-28.7247	0.0050742	643.439	18482.6	36764.3	6.41411e-10	-0.133745	0.121859	0.033329	0.147297	0.0365616	
0.500976	1.21846e-06	1.36329e-06	1.19579e-06	87.7139	-28.6541	0.00484585	626.832	17961.3	35852.7	6.41411e-10	-0.359859	0.367629	-0.111139	0.162189	-0.0797007	
0.501776	1.22236e-06	1.29333e-06	1.19881e-06	92.692	-28.8829	0.00510971	663.466	19162.8	38190	6.41411e-10	0.29375	0.20919	-0.207871	-0.670026	-0.25025	
0.505022	1.23822e-06	1.35538e-06	1.21079e-06	89.332	-28.6794	0.005465	643.551	18456.7	36546.3	6.41411e-10	0.619133	0.140953	-0.293023	-0.0113807	-0.365393	
0.501592	1.22146e-06	1.27017e-06	1.1991e-06	94.4052	-28.9614	0.00494822	675.48	19562.9	39001.5	6.41411e-10	-0.17913	0.266774	-0.137097	-0.258028	-0.223556	
0.498122	1.20461e-06	1.35023e-06	1.18524e-06	87.7808	-28.6959	0.00529852	623.736	17898.7	35932.4	6.41411e-10	-0.544758	-0.27006	-0.451065	-0.729757	0.399492	
0.506146	1.24374e-06	1.33239e-06	1.21994e-06	91.5601	-28.7537	0.00527616	661.071	19008.2	37554.8	6.41411e-10	0.0487961	-0.240595	0.0835978	-0.0169171	-0.422189	
0.501104	1.21908e-06	1.25103e-06	1.1946e-06	95.4896	-29.0273	0.00511584	682.575	19813.3	39539.4	6.41411e-10	0.0618371	0.166794	-0.051538	0.00730063	0.424964	
0.499364	1.21063e-06	1.30956e-06	1.18974e-06	90.8497	-28.8287	0.0053137	647.153	18656.6	37360.7	6.41411e-10	-0.44847	-0.0812518	-0.125042	-0.456952	0.336917	
0.501801	1.22248e-06	1.37261e-06	1.19945e-06	87.3846	-28.6245	0.00496074	625.508	17904.9	35681.2	6.41411e-10	-0.217585	0.278819	0.152911	-0.0532053	-0.178558	
0.504333	1.23484e-06	1.3288e-06	1.20987e-06	91.0494	-28.7654	0.00527883	655.029	18842.2	37360.6	6.41411e-10	-0.151287	-0.0501748	0.296142	0.573399	0.248962	
0.50461	1.2362e-06	1.16836e-06	1.21412e-06	103.917	-29.3242	0.00492497	748.011	21934.8	43468.9	6.41411e-10	-0.283222	-0.0473271	-0.034234	-0.00444994	-0.377023	
0.504605	1.23618e-06	1.38189e-06	1.21337e-06	87.8053	-28.5953	0.00504167	632.032	18073.1	35816.3	6.41411e-10	-0.287277	0.0301933	-0.321396	0.233856	-0.32998	
0.502849	1.22759e-06	1.25493e-06	1.20265e-06	95.834	-29.0138	0.00512691	687.422	19944.7	39663.5	6.41411e-10	-0.13322	0.505542	-0.0349672	0.424816	-0.459516	
0.506001	1.24303e-06	1.43139e-06	1.22086e-06	85.2924	-28.4424	0.00529143	615.642	17510.3	34605.3	6.41411e-10	-0.320849	-0.785169	0.169158	0.238317	0.0728665	
0.506419	1.24508e-06	1.2722e-06	1.21951e-06	95.8584	-28.9544	0.00526783	692.478	20050.3	39592.4	6.41411e-10	0.45253	-0.490234	0.458973	-0.0764066	-0.210246	
0.507595	1.25087e-06	1.27123e-06	1.22648e-06	96.48	-28.9578	0.0052203	698.587	20229.5	39853.7	6.41411e-10	0.254684	-0.451209	0.138721	-0.0368286	-0.527713	
0.501422	1.22063e-06	1.24428e-06	1.196e-06	96.1199	-29.0508	0.00511432	687.516	19972.9	39832.5	6.41411e-10	0.199832	0.00765143	0.132966	-0.137461	0.526768	
0.503467	1.23061e-06	1.34951e-06	1.20501e-06	89.2928	-28.6982	0.00534316	641.289	18403.9	36554.3	6.41411e-10	0.226795	-0.0698819	0.115987	0.0449862	0.248019	
0.506066	1.24335e-06	1.38482e-06	1.22012e-06	88.1072	-28.5861	0.00523135	636.041	18181.9	35927.9	6.41411e-10	-0.0922823	0.0575189	-0.454206	-0.00948476	-0.833237	
0.502041	1.22365e-06	1.13305e-06	1.20081e-06	105.98	-29.4575	0.00484262	758.975	22357.5	44533.2	6.41411e-10	-0.36316	0.55627	-0.0151799	0.11813	-0.687	
0.502956	1.22811e-06	1.35575e-06	1.20342e-06	88.764	-28.6782	0.0052599	636.843	18263.5	36312.4	6.41411e-10	0.35123	-0.0601598	-0.255102	-0.398288	0.0439778	
0.504833	1.23729e-06	1.22236e-06	1.21116e-06	99.0844	-29.128	0.00518823	713.542	20784.1	41170.2	6.41411e-10	0.28417	0.0294572	0.39983	0.283517	0.000597849	
0.502446	1.22562e-06	1.30576e-06	1.20087e-06	91.9673	-28.8414	0.00515061	659.157	19011	37836.9	6.41411e-10	0.0944612	0.231012	-0.0579971	0.0273412	0.0185272	
0.500613	1.21669e-06	1.14112e-06	1.19451e-06	104.678	-29.4267	0.00486222	747.522	21997.1	43940.4	6.41411e-10	-0.273967	0.218145	0.340872	-0.178422	0.130347	
0.500396	1.21564e-06	1.17256e-06	1.19402e-06	101.83	-29.3086	0.00488876	726.867	21303.5	42573.3	6.41411e-10	-0.196806	-0.0534885	0.0506729	-0.43553	0.372069	
0.501793	1.22244e-06	1.28555e-06	1.19823e-06	93.2075	-28.9091	0.00517275	667.178	19287.5	38437.2	6.41411e-10	-0.0426471	0.151097	0.79797	0.0874192	0.254059	
0.501036	1.21875e-06	1.41208e-06	1.19822e-06	84.8552	-28.5014	0.0050704	606.476	17285.4	34499.4	6.41411e-10	-0.295041	-0.109876	0.426803	-0.49668	-0.0467239	
0.502864	1.22766e-06	1.33977e-06	1.199e-06	89.493	-28.7297	0.00577109	641.956	18443.2	36676.3	6.41411e-10	0.575024	0.199539	-0.31557	0.359103	0.305683	
0.503461	1.23058e-06	1.31819e-06	1.20519e-06	91.4278	-28.8002	0.0052543	656.614	18910.6	37561.3	6.41411e-10	-0.0552965	0.141499	-0.17252	0.448687	0.141972	
0.504956	1.23789e-06	1.34368e-06	1.21503e-06	90.4254	-28.717	0.00532085	651.343	18704.7	37042.2	6.41411e-10	0.063306	-0.647243	0.399669	-0.32184	-0.132139	
0.507748	1.25162e-06	1.30135e-06	1.22715e-06	94.2981	-28.856	0.0053394	682.994	19708.5	38815.6	6.41411e-10	0.125756	-0.711873	-0.610662	0.172923	-0.212168	
0.504045	1.23343e-06	1.21542e-06	1.20707e-06	99.3129	-29.1527	0.00516258	714.07	20817.1	41300.1	6.41411e-10	0.32248	0.186194	0.0827297	0.243075	-0.0403842	
0.503469	1.23062e-06	1.20878e-06	1.20392e-06	99.5974	-29.1765	0.00513795	715.298	20869.9	41452.2	6.41411e-10	0.15293	0.526125	-0.753795	0.542121	-0.365767	
0.503333	1.22995e-06	1.1975e-06	1.20856e-06	100.924	-29.2172	0.00489855	724.628	21171.6	42062.9	6.41411e-10	-0.299952	0.0782042	0.142235	-0.276044	-0.518717	
0.503154	1.22908e-06	1.1813e-06	1.20761e-06	102.227	-29.2764	0.00485085	733.723	21480.8	42692.2	6.41411e-10	-0.178245	0.139345	0.394643	-0.443762	-0.613005	
0.506116	1.24359e-06	1.25557e-06	1.217e-06	96.9279	-29.0116	0.00531713	699.786	20301.9	40113.1	6.41411e-10	0.390968	-0.56087	-0.0630836	0.317251	0.301631	
0.506528	1.24561e-06	1.24459e-06	1.22016e-06	98.0369	-29.0497	0.00518349	708.368	20577.9	40625.4	6.41411e-10	0.280245	-0.0332444	0.668511	0.161844	-0.465733	
0.50216	1.22423e-06	1.1955e-06	1.19712e-06	100.136	-29.2245	0.00520262	717.296	20962.6	41744.9	6.41411e-10	0.391227	0.174284	-0.110924	0.285586	0.498522	
0.503051	1.22857e-06	1.19551e-06	1.20265e-06	100.598	-29.2245	0.00513863	721.881	21096.6	41937.3	6.41411e-10	0.235275	0.182257	0.378235	0.229374	0.198186	
0.50066	1.21692e-06	1.33726e-06	1.19634e-06	89.4622	-28.7378	0.00536941	638.923	18361.3	36674.2	6.41411e-10	-0.675662	-0.0621962	0.540899	-0.160643	0.000933909	
0.504854	1.2374e-06	1.24018e-06	1.21128e-06	97.67	-29.0652	0.0052705	703.386	20444	40494.9	6.41411e-10	0.376602	-0.435658	0.468182	0.159792	0.403979	
0.50103	1.21872e-06	1.31028e-06	1.19326e-06	91.0692	-28.8263	0.00524516	650.881	18762.5	37447.9	6.41411e-10	0.324856	-0.12631	0.476168	-0.171319	0.784651	
0.506173	1.24387e-06	1.34022e-06	1.22022e-06	91.0466	-28.7283	0.00535817	657.399	18885.9	37311.2	6.41411e-10	-0.0465421	-0.648783	0.12857	0.115303	0.0104247	
0.508733	1.25648e-06	1.27692e-06	1.23089e-06	96.3952	-28.9384	0.00527762	699.538	20243.5	39792	6.41411e-10	0.286485	-0.396323	-0.317469	0.289145	-0.556566	
0.504037	1.23339e-06	1.37582e-06	1.21082e-06	88.0072	-28.6144	0.00514289	632.771	18106.4	35922.7	6.41411e-10	-0.15675	-0.0594442	0.552804	-0.0458731	-0.282813	
0.500071	1.21406e-06	1.28078e-06	1.18972e-06	92.8896	-28.9252	0.00511571	662.621	19166.5	38327.5	6.41411e-10	0.00303364	0.355545	0.0764731	-0.0402688	0.306961	
0.506431	1.24514e-06	1.4255e-06	1.22351e-06	85.8299	-28.4603	0.00519111	620.048	17646.8	34845.3	6.41411e-10	-0.100228	-0.55016	-0.0474105	-0.265021	-0.693766	
0.50324	1.2295e-06	1.31875e-06	1.20172e-06	91.1256	-28.7984	0.00548212	654.157	18838.7	37434.7	6.41411e-10	0.456463	0.147178	-0.00595518	0.35061	0.287727	
0.502817	1.22743e-06	1.35119e-06	1.20307e-06	89.0383	-28.6928	0.00514787	638.636	18324.3	36443.2	6.41411e-10	0.0635108	-0.125242	0.367161	0.0570871	0.40728	
0.501748	1.22222e-06	1.28411e-06	1.19627e-06	93.1593	-28.914	0.0052379	666.773	19279	38423.8	6.41411e-10	0.0291189	0.361136	-0.360386	0.41435	0.220145	
0.503367	1.23012e-06	1.33158e-06	1.20415e-06	90.4307	-28.7563	0.00527529	649.331	18672.4	37095	6.41411e-10	-0.0294429	0.189694	-0.00114087	0.572607	0.188158	
0.501386	1.22045e-06	1.18217e-06	1.19849e-06	101.381	-29.2732	0.00496829	725.093	21225.8	42334.2	6.41411e-10	-0.4884	-0.0379299	-0.0672327	0.139104	0.414679	
0.497817	1.20314e-06	1.16378e-06	1.18091e-06	101.472	-29.3413	0.00486648	720.582	21142.8	42471	6.41411e-10	-0.404512	0.442928	0.118255	-0.145366	0.344642	
0.503012	1.22838e-06	1.31287e-06	1.20333e-06	91.6562	-28.8178	0.0052455	657.667	18952.5	37678.1	6.41411e-10	0.1333	0.0130839	-0.317234	0.075244	0.257229	
0.506026	1.24315e-06	1.34644e-06	1.21628e-06	90.333	-28.7081	0.00538145	652.057	18719.3	36992.8	6.41411e-10	0.501538	-0.172175	-0.00598869	0.0900459	-0.215963	
0.502303	1.22492e-06	1.34058e-06	1.20422e-06	89.8288	-28.7271	0.00536344	643.647	18490.1	36810.6	6.41411e-10	-0.630581	-0.300063	-0.0434822	-0.0568149	0.0482595	
0.503715	1.23182e-06	1.34414e-06	1.20406e-06	89.5786	-28.7156	0.00565046	643.658	18483	36693.4	6.41411e-10	0.671818	-0.0719797	0.328231	-0.0703256	0.167224	
0.502027	1.22358e-06	1.34453e-06	1.19368e-06	88.7807	-28.7143	0.00627942	635.788	18256.2	36365	6.41411e-10	0.850757	0.00451545	0.0430437	0.149263	0.581566	
0.505205	1.23912e-06	1.28502e-06	1.2149e-06	94.5433	-28.9109	0.00519317	681.342	19698.2	38990.5	6.41411e-10	0.0517776	-0.195029	0.445842	0.109235	-0.0980249	
0.504184	1.23412e-06	1.14823e-06	1.21182e-06	105.539	-29.3997	0.00494721	759.046	22315.7	44261.1	6.41411e-10	-0.337363	-0.047044	0.0317539	0.134305	-0.162303	
0.504025	1.23334e-06	1.33661e-06	1.20888e-06	90.444	-28.74	0.00524723	650.277	18688.9	37079.4	6.41411e-10	0.261416	-0.561307	0.086679	-0.229528	0.295397	
0.499422	1.21091e-06	1.16884e-06	1.18834e-06	101.668	-29.3224	0.00487104	724.303	21238.3	42525.8	6.41411e-10	-0.510619	0.538689	0.622721	0.145829	-0.163474	
0.504482	1.23557e-06	1.37591e-06	1.21302e-06	88.1613	-28.6141	0.00512019	634.439	18153.9	35985.2	6.41411e-10	-0.00722565	-0.279597	0.185629	-0.224891	-0.235429	
0.499415	1.21088e-06	1.17684e-06	1.18397e-06	100.606	-29.2928	0.00508133	716.721	20994.8	42038.8	6.41411e-10	0.4392	0.549419	-0.0224898	0.00400358	0.417164	
0.50108	1.21896e-06	1.2531e-06	1.19367e-06	95.2575	-29.0201	0.00513033	680.882	19759.3	39433.4	6.41411e-10	0.0987565	0.521095	0.00620686	0.0902139	-0.0919063	
0.503975	1.23309e-06	1.20858e-06	1.20803e-06	99.9549	-29.1773	0.00502674	718.587	20966.4	41602	6.41411e-10	0.260349	0.496755	-0.100899	-0.0729011	-0.741019	
0.507084	1.24835e-06	1.3444e-06	1.22336e-06	90.9961	-28.7147	0.00539826	658.217	18900.5	37272.9	6.41411e-10	0.113252	-0.523812	0.125011	0.238492	-0.115559	
0.504856	1.23741e-06	1.32649e-06	1.2128e-06	91.4296	-28.773	0.00536697	658.447	18945.5	37526.5	6.41411e-10	0.0376663	-0.514449	-0.287722	0.180447	0.404838	
0.499849	1.21298e-06	1.39391e-06	1.19225e-06	85.5328	-28.5576	0.00499603	609.871	17416.5	34843.5	6.41411e-10	-0.572522	0.00964939	0.0832384	-0.121574	0.318968	
0.498041	1.20422e-06	1.27007e-06	1.1797e-06	92.8848	-28.9617	0.00507046	659.896	19111.7	38373.8	6.41411e-10	0.0588679	0.601137	0.105255	-0.202282	0.28397	
0.501239	1.21974e-06	1.2795e-06	1.19826e-06	93.6509	-28.9296	0.00523591	669.612	19371.6	38647.4	6.41411e-10	-0.29349	-0.488978	-0.253432	-0.277702	0.632719	
0.502846	1.22757e-06	1.36999e-06	1.20518e-06	87.9698	-28.6328	0.00508654	631.008	18067.5	35930.5	6.41411e-10	0.116336	-0.286098	0.530771	-0.521719	-0.0408701	
0.504372	1.23504e-06	1.36329e-06	1.2127e-06	88.9537	-28.6541	0.00529611	640.002	18338.7	36359.4	6.41411e-10	-0.176866	-0.740824	-0.0730798	-0.275491	0.0287517	
0.502661	1.22667e-06	1.34565e-06	1.20391e-06	89.4671	-28.7107	0.00501483	641.512	18418.3	36641.5	6.41411e-10	0.0175412	0.21305	0.610702	-0.331384	-0.419581	
0.506271	1.24435e-06	1.23657e-06	1.21914e-06	98.5907	-29.0778	0.00518736	712.008	20703.6	40894.4	6.41411e-10	0.230768	-0.144553	0.130608	0.175395	-0.252201	
0.501453	1.22078e-06	1.27628e-06	1.19307e-06	93.4806	-28.9406	0.0052391	668.679	19352	38591.8	6.41411e-10	0.354075	0.557852	0.130339	0.39877	0.0251434	
0.501428	1.22066e-06	1.20138e-06	1.19926e-06	99.8236	-29.2032	0.00499773	714.015	20851.5	41584.3	6.41411e-10	-0.520474	0.0517517	0.0120773	-0.0268821	0.0634962	
0.501967	1.22328e-06	1.24603e-06	1.1986e-06	96.1936	-29.0447	0.00512107	688.792	20005.8	39854.7	6.41411e-10	0.160534	0.0344675	0.194153	-0.0426305	0.408596	
0.502251	1.22467e-06	1.33788e-06	1.19998e-06	89.6922	-28.7358	0.00519624	642.602	18465.7	36765.8	6.41411e-10	0.290873	0.0604938	-0.177826	-0.29851	0.143974	
0.505949	1.24277e-06	1.23562e-06	1.2171e-06	98.5017	-29.0812	0.00516228	710.913	20674.2	40862.2	6.41411e-10	0.277298	0.107914	0.517613	0.193097	-0.466265	
0.504747	1.23687e-06	1.22537e-06	1.21113e-06	98.8375	-29.1173	0.00516634	711.643	20721.1	41052.5	6.41411e-10	0.281423	0.0552126	0.0258561	0.171512	-0.0862789	
0.507103	1.24845e-06	1.35687e-06	1.22419e-06	90.222	-28.6746	0.00532581	652.642	18714.3	36904.3	6.41411e-10	0.0951404	-0.438186	-0.106668	0.0752328	-0.371656	
0.50449	1.23561e-06	1.36229e-06	1.21264e-06	89.0148	-28.6573	0.00511328	640.592	18357.6	36388.5	6.41411e-10	-0.0901512	-0.130326	0.29642	0.00862018	-0.199784	
0.505896	1.24251e-06	1.37214e-06	1.21835e-06	88.7923	-28.626	0.00540631	640.771	18342.7	36257.9	6.41411e-10	0.123429	-1.13037	-0.27165	0.0303845	0.314352	
0.498826	1.20802e-06	1.351e-06	1.18548e-06	87.7482	-28.6934	0.00487185	624.387	17915.8	35915.9	6.41411e-10	0.0152102	0.443602	-0.0152946	-0.637892	0.0238284	
0.497551	1.20186e-06	1.15598e-06	1.17906e-06	101.997	-29.3705	0.00486208	723.924	21262	42733.3	6.41411e-10	-0.479208	0.534715	0.387846	0.105932	0.327383	
0.506857	1.24724e-06	1.40628e-06	1.22402e-06	87.0395	-28.5193	0.00529837	629.315	17947.6	35409.6	6.41411e-10	-0.103622	-0.110065	-0.233918	0.0205542	-0.822372	
0.50046	1.21595e-06	1.36018e-06	1.19305e-06	87.7128	-28.6641	0.0051044	626.179	17948.8	35864.7	6.41411e-10	-0.0718462	0.136953	-0.111097	-0.26216	0.325408	
0.505927	1.24266e-06	1.33959e-06	1.21537e-06	90.727	-28.7303	0.00553693	654.772	18811.8	37182.9	6.41411e-10	0.517904	-0.359663	0.180209	0.124875	0.0388076	
0.498771	1.20776e-06	1.27295e-06	1.1813e-06	92.8002	-28.9519	0.00517642	660.262	19115.8	38325.9	6.41411e-10	0.122976	0.544895	-0.0573875	0.289201	0.561632	
0.504305	1.23471e-06	1.32921e-06	1.2109e-06	91.0996	-28.7641	0.00524393	655.354	18850.7	37379.5	6.41411e-10	0.0178885	-0.106439	0.0269692	-0.0462125	-0.125181	
0.502398	1.22539e-06	1.31692e-06	1.19937e-06	91.0735	-28.8044	0.00521231	652.689	18800.3	37421.1	6.41411e-10	0.180842	0.396335	0.172949	0.211984	-0.0694251	
0.501701	1.22199e-06	1.36202e-06	1.19914e-06	88.0417	-28.6582	0.00521006	630.085	18057.1	35991.8	6.41411e-10	-0.0707171	0.327774	0.168475	-0.304636	-0.335672	
0.501285	1.21996e-06	1.19534e-06	1.19333e-06	99.8322	-29.2251	0.00509264	713.874	20863	41619.1	6.41411e-10	0.530831	0.374781	0.0074368	-0.130777	0.181356	
0.502005	1.22347e-06	1.33427e-06	1.20001e-06	89.9373	-28.7476	0.00503022	644.042	18514.6	36881.4	6.41411e-10	-0.0970788	0.351139	-0.268206	-0.00723825	-0.252333	
0.502909	1.22788e-06	1.29194e-06	1.20334e-06	93.1417	-28.8876	0.00524405	668.19	19302.4	38381.4	6.41411e-10	0.0835347	-0.0615513	0.645498	0.0382895	0.299786	
0.502201	1.22442e-06	1.30254e-06	1.19941e-06	92.0821	-28.8521	0.00517415	659.658	19032.5	37898.2	6.41411e-10	0.0755043	0.206417	-0.187281	0.127255	0.189886	
0.506292	1.24445e-06	1.3747e-06	1.21996e-06	88.7439	-28.6179	0.00523988	640.922	18341.9	36227.9	6.41411e-10	0.131009	0.0667375	0.163933	0.00708776	-0.745312	
0.504108	1.23374e-06	1.22302e-06	1.20751e-06	98.732	-29.1257	0.00518961	709.983	20678.7	41020.4	6.41411e-10	0.416531	-0.0609464	-0.408781	0.08116	0.181289	
0.505414	1.24014e-06	1.36458e-06	1.21004e-06	88.6747	-28.65	0.00615594	639.313	18316.3	36240.2	6.41411e-10	0.685622	0.409361	0.0613085	0.572493	-0.557423	
0.504845	1.23735e-06	1.26777e-06	1.21499e-06	95.8367	-28.9696	0.00557586	690.17	19993.9	39604.1	6.41411e-10	-0.356923	-0.643819	0.180654	0.109699	0.224489	
0.501953	1.22322e-06	1.27157e-06	1.19844e-06	94.2486	-28.9566	0.0051543	674.846	19541.2	38930.4	6.41411e-10	-0.0314857	0.425296	0.0410723	0.178185	-0.163241	
0.506073	1.24338e-06	1.23083e-06	1.21671e-06	98.8525	-29.098	0.00523409	713.62	20764.9	41031.5	6.41411e-10	0.27891	-0.0761029	-0.548569	0.501939	-0.015792	
0.503328	1.22993e-06	1.21532e-06	1.20831e-06	99.4236	-29.1531	0.00497652	713.85	20810.9	41346.7	6.41411e-10	-0.283351	-0.308495	-0.277455	-0.168661	0.0820242	
0.499873	1.2131e-06	1.18202e-06	1.19096e-06	100.757	-29.2738	0.00489332	718.455	21031.9	42074.4	6.41411e-10	-0.500503	0.553623	0.281572	-0.00132645	-0.410528	
0.505926	1.24266e-06	1.31305e-06	1.21711e-06	92.6934	-28.8172	0.00523337	668.963	19277.6	38103.7	6.41411e-10	0.103024	-0.061911	0.0816198	0.436322	-0.120397	
0.502795	1.22732e-06	1.26067e-06	1.20274e-06	95.4047	-28.994	0.00515437	684.27	19839.7	39458.8	6.41411e-10	-0.10019	0.202618	0.524277	0.340983	0.075056	
0.50262	1.22647e-06	1.25904e-06	1.204e-06	95.6284	-28.9996	0.00500516	685.635	19883.1	39559	6.41411e-10	-0.272928	0.114242	-0.148891	-0.0173176	-0.111897	
0.502269	1.22476e-06	1.36984e-06	1.20155e-06	87.7146	-28.6333	0.00519778	628.455	17994.7	35826.9	6.41411e-10	-0.208911	-0.178192	-0.195835	0.154978	0.55935	
0.503522	1.23087e-06	1.36928e-06	1.20783e-06	88.209	-28.6351	0.00519932	633.574	18142.4	36031.1	6.41411e-10	-0.185288	0.0358069	-0.491097	0.0593476	-0.146268	
0.50602	1.24312e-06	1.38628e-06	1.21953e-06	87.971	-28.5815	0.00532716	635	18149.2	35866.6	6.41411e-10	-0.166261	-0.258743	0.104768	0.247945	-0.242023	
0.5028	1.22735e-06	1.33364e-06	1.20315e-06	90.2156	-28.7496	0.00518835	647.057	18602.7	36998.1	6.41411e-10	-0.119305	0.14314	0.429478	0.215572	0.064399	
0.504897	1.23761e-06	1.35004e-06	1.21202e-06	89.7766	-28.6965	0.00537821	646.595	18555	36750.1	6.41411e-10	0.12185	-0.12093	0.225546	0.295863	0.103634	
0.502054	1.22371e-06	1.26485e-06	1.19839e-06	94.7459	-28.9796	0.00517621	678.543	19663.9	39166.9	6.41411e-10	0.0634265	0.367164	-0.150595	0.211464	0.0152822	
0.503463	1.23059e-06	1.34965e-06	1.20539e-06	89.3113	-28.6978	0.00509406	641.417	18407.3	36561.3	6.41411e-10	0.151737	0.341585	-0.0929534	0.132054	-0.31824	
0.506366	1.24482e-06	1.35883e-06	1.22017e-06	89.7957	-28.6683	0.00523489	648.614	18594.7	36721.8	6.41411e-10	-0.0222249	0.0106875	0.0159892	0.354254	-0.472168	
0.504526	1.23579e-06	1.32238e-06	1.21163e-06	91.6247	-28.7864	0.00520168	659.42	18982.3	37624.1	6.41411e-10	0.104534	-0.0395421	0.314537	-0.0576886	-0.227296	
0.499275	1.2102e-06	1.35237e-06	1.18772e-06	87.8254	-28.6891	0.0047659	625.499	17945	35942	6.41411e-10	-0.128956	0.370767	-0.427457	-0.300614	0.196636	
0.506917	1.24753e-06	1.36564e-06	1.22313e-06	89.5649	-28.6466	0.00535437	647.651	18553	36599.7	6.41411e-10	-0.0722526	-0.371207	-0.0352002	0.356229	-0.172675	
0.504294	1.23465e-06	1.37496e-06	1.21203e-06	88.1502	-28.6171	0.00511033	634.122	18146.7	35984.5	6.41411e-10	-0.0299348	-0.252722	0.440093	-0.176661	-0.177123	
0.498233	1.20515e-06	1.33605e-06	1.18163e-06	88.4425	-28.7418	0.00511708	628.579	18066.5	36261.1	6.41411e-10	-0.0205265	0.534564	0.509243	-0.327173	0.224373	
0.507282	1.24932e-06	1.25811e-06	1.22438e-06	97.3184	-29.0028	0.00525609	704.224	20424.5	40262.6	6.41411e-10	0.191794	-0.484838	0.133305	0.220569	-0.169076	
0.505304	1.2396e-06	1.22438e-06	1.21794e-06	99.4743	-29.1209	0.00499922	717.019	20880.2	41322	6.41411e-10	-0.378444	-0.27033	-0.639021	0.0545683	-0.3173	
0.499679	1.21216e-06	1.31648e-06	1.18975e-06	90.3731	-28.8058	0.00492105	644.164	18555.7	37135.2	6.41411e-10	-0.126114	0.26466	0.293445	-0.417174	0.168625	
0.504899	1.23761e-06	1.34225e-06	1.21328e-06	90.3913	-28.7217	0.00525985	651.024	18698.5	37034.1	6.41411e-10	-0.0693631	-0.0764144	-0.440287	0.255185	-0.0742356	
0.501522	1.22112e-06	1.31837e-06	1.19734e-06	90.8196	-28.7996	0.00506175	649.735	18712.1	37310.6	6.41411e-10	-0.0547629	0.217112	0.0548817	0.0328988	0.164495	
0.502247	1.22465e-06	1.20941e-06	1.19898e-06	99.1377	-29.1743	0.00510348	710.269	20721.6	41257.7	6.41411e-10	0.425836	0.202708	0.200398	-0.185981	0.13451	
0.505052	1.23837e-06	1.37059e-06	1.21409e-06	88.5813	-28.6309	0.00532469	638.182	18271.7	36177.9	6.41411e-10	-0.0911541	-0.288042	-0.0286694	0.268859	0.135755	
0.504599	1.23615e-06	1.2308e-06	1.21168e-06	98.4462	-29.0981	0.00508805	708.617	20619.4	40863	6.41411e-10	0.389086	-0.0108434	-0.0299904	-0.362664	-0.373167	
0.500706	1.21715e-06	1.18704e-06	1.19068e-06	100.307	-29.2554	0.00512477	716.44	20959.7	41860.3	6.41411e-10	0.306234	0.332097	0.147172	0.168714	0.533917	
0.500639	1.21682e-06	1.37419e-06	1.19458e-06	86.9298	-28.6195	0.00496795	620.811	17767.3	35489.3	6.41411e-10	-0.036991	-0.0291815	-0.576499	-0.453499	0.323263	
0.498605	1.20695e-06	1.36477e-06	1.1855e-06	86.8645	-28.6494	0.00499617	617.824	17700.3	35499.7	6.41411e-10	-0.650139	0.422495	0.481511	0.034016	-0.0338947	
0.502572	1.22623e-06	1.20798e-06	1.20491e-06	99.7458	-29.1794	0.0049732	715.087	20865.8	41518.1	6.41411e-10	-0.493854	-0.0242963	0.168591	-0.0184512	-0.0995866	
0.507181	1.24883e-06	1.37584e-06	1.22354e-06	88.9305	-28.6143	0.00540746	643.398	18410.4	36299.5	6.41411e-10	0.095623	-0.446744	-0.0619922	0.357761	-0.0945912	
0.501498	1.221e-06	1.37547e-06	1.19875e-06	87.1525	-28.6155	0.00511075	623.469	17840.9	35575.2	6.41411e-10	0.00214663	-0.0298124	0.159516	-0.506948	0.0472606	
0.503604	1.23128e-06	1.3556e-06	1.20624e-06	88.9822	-28.6787	0.00513971	639.232	18332.3	36402.3	6.41411e-10	0.188699	0.0138375	0.382306	0.0710223	0.0935744	
0.503322	1.2299e-06	1.32096e-06	1.20731e-06	91.3968	-28.7911	0.00501184	656.211	18893	37536.7	6.41411e-10	-0.25959	0.10079	-0.563084	0.0373899	-0.231158	
0.501391	1.22048e-06	1.27225e-06	1.19643e-06	94.0398	-28.9543	0.0051399	672.597	19474.5	38841	6.41411e-10	0.13936	-0.121898	0.269834	-0.219231	0.565732	
0.501026	1.2187e-06	1.38133e-06	1.19664e-06	86.6296	-28.597	0.00488499	619.146	17705.7	35338.9	6.41411e-10	-0.457109	0.0885584	0.363722	0.196274	0.325348	
0.505891	1.24248e-06	1.22263e-06	1.21739e-06	99.571	-29.127	0.0051295	718.548	20929.2	41370.9	6.41411e-10	0.180731	0.082262	-0.103914	0.186676	-0.42988	
0.504788	1.23707e-06	1.22305e-06	1.21553e-06	99.385	-29.1255	0.00496872	715.642	20843.5	41291.6	6.41411e-10	-0.306703	-0.227969	0.417056	-0.115969	-0.382322	
0.499965	1.21355e-06	1.26994e-06	1.1926e-06	93.9103	-28.9622	0.00509302	669.76	19397.7	38798.1	6.41411e-10	0.0315072	-0.250463	-0.58701	-1.00437	0.171312	
0.503746	1.23197e-06	1.35981e-06	1.2069e-06	88.7551	-28.6652	0.00527835	637.781	18282.1	36292.4	6.41411e-10	0.194825	-0.252799	-0.497677	0.0259267	0.362246	
0.503963	1.23303e-06	1.41112e-06	1.21139e-06	85.8461	-28.5044	0.00515519	617.143	17591.3	34905.8	6.41411e-10	-0.0423228	-0.392522	-0.286462	-0.459244	-0.297489	
0.505442	1.24028e-06	1.34922e-06	1.21239e-06	89.8585	-28.6992	0.00549514	647.883	18593.7	36787	6.41411e-10	0.39459	-0.00963566	0.335356	0.632887	0.115813	
0.504887	1.23756e-06	1.25719e-06	1.21329e-06	96.5085	-29.006	0.00517426	695.065	20161.1	39931.9	6.41411e-10	0.413655	-0.420136	0.191083	-0.430393	-0.170499	
0.506412	1.24505e-06	1.19112e-06	1.22295e-06	102.672	-29.2404	0.00498214	741.69	21687.3	42825.5	6.41411e-10	-0.448548	-0.0902594	-0.576215	0.310641	-0.605515	
0.507757	1.25167e-06	1.387e-06	1.22648e-06	88.4272	-28.5792	0.00541945	640.483	18304.5	36049.8	6.41411e-10	0.00227368	-0.377163	-0.0400174	0.486368	-0.229773	
0.503437	1.23046e-06	1.22985e-06	1.20507e-06	97.9847	-29.1015	0.00514245	703.671	20477.9	40676.1	6.41411e-10	0.506149	-0.0622569	0.125189	-0.333609	0.0358729	
0.500413	1.21572e-06	1.3692e-06	1.19348e-06	87.1659	-28.6353	0.00493861	622.216	17817.3	35605.3	6.41411e-10	-0.0423525	0.189884	0.253318	-0.498326	0.0442375	
0.503816	1.23231e-06	1.35694e-06	1.20712e-06	88.9587	-28.6744	0.00527539	639.332	18332.5	36387.2	6.41411e-10	0.234026	-0.117463	-0.0928032	-0.0284266	0.147993	
0.503298	1.22978e-06	1.33282e-06	1.2057e-06	90.4621	-28.7523	0.00514732	649.469	18673.7	37102.7	6.41411e-10	-0.207795	-0.0285666	-0.11662	0.456306	0.338852	
0.503944	1.23294e-06	1.3085e-06	1.20862e-06	92.367	-28.8323	0.0052381	663.996	19144.5	37989.4	6.41411e-10	0.116908	-0.140674	0.289903	-0.0590385	0.053928	
0.503049	1.22857e-06	1.19218e-06	1.20674e-06	101.221	-29.2366	0.00492716	726.355	21236.1	42214.8	6.41411e-10	-0.176356	-0.230084	0.650284	-0.279398	0.0174376	
0.506977	1.24783e-06	1.23286e-06	1.22104e-06	99.0415	-29.0909	0.00528857	716.262	20836.7	41099.8	6.41411e-10	0.135179	-0.209833	0.39623	0.813318	0.103014	
0.501443	1.22073e-06	1.21016e-06	1.19957e-06	99.1251	-29.1716	0.00492003	709.042	20683.9	41248.6	6.41411e-10	-0.246574	-0.0911397	0.0733938	-0.467352	0.0302172	
0.504033	1.23337e-06	1.21437e-06	1.21156e-06	99.7685	-29.1565	0.00502563	717.329	20914.8	41494.9	6.41411e-10	-0.450827	-0.334798	-0.355709	0.17765	0.163614	
0.505451	1.24032e-06	1.25792e-06	1.21594e-06	96.6626	-29.0035	0.00516549	696.953	20214	39992.1	6.41411e-10	0.416859	-0.32271	-0.168123	-0.386846	-0.340219	
0.501019	1.21867e-06	1.33828e-06	1.19556e-06	89.3358	-28.7345	0.00505468	638.478	18346.4	36618.1	6.41411e-10	-0.108799	0.453248	0.228256	-0.164372	-0.334537	
0.50451	1.23571e-06	1.35459e-06	1.21006e-06	89.3303	-28.6819	0.00522587	642.887	18439.2	36548.8	6.41411e-10	0.107635	0.25882	0.424184	0.32323	-0.339044	
0.505118	1.23869e-06	1.37884e-06	1.21601e-06	88.1904	-28.6049	0.00514951	635.448	18176.9	35985.5	6.41411e-10	-0.0622116	-0.33926	-0.128103	-0.0707949	-0.209826	
0.50202	1.22354e-06	1.28467e-06	1.19793e-06	93.2485	-28.9121	0.00514427	667.774	19306.7	38458.1	6.41411e-10	-0.018558	0.543386	0.558507	0.39214	-0.28007	
0.505177	1.23898e-06	1.3284e-06	1.2135e-06	91.3507	-28.7667	0.00523359	658.296	18937	37485.9	6.41411e-10	0.151818	-0.121283	0.213024	0.323319	0.0632633	
0.505112	1.23866e-06	1.38876e-06	1.21607e-06	87.5651	-28.5737	0.0052278	630.936	18028.2	35691.4	6.41411e-10	-0.0146955	-0.604719	0.340996	-0.23806	-0.18829	
0.503128	1.22895e-06	1.16285e-06	1.20712e-06	103.807	-29.3447	0.00489183	745.025	21862.6	43453.3	6.41411e-10	-0.298839	0.140619	-0.105949	-0.155336	-0.403804	
0.506288	1.24444e-06	1.34168e-06	1.22046e-06	90.9649	-28.7235	0.00535329	656.958	18870.1	37271.6	6.41411e-10	-0.0418049	-0.52172	-0.153986	0.207404	-0.00880133	
0.503095	1.22879e-06	1.40625e-06	1.2062e-06	85.7741	-28.5194	0.00519277	615.563	17555.5	34894.9	6.41411e-10	-0.169066	-0.514331	0.148151	0.0068749	0.515311	
0.503879	1.23262e-06	1.35981e-06	1.20982e-06	88.9695	-28.6652	0.00507823	639.49	18331.1	36380	6.41411e-10	-0.146272	0.195536	-0.085981	-0.0346991	-0.56062	
0.506267	1.24433e-06	1.36045e-06	1.21582e-06	89.3686	-28.6632	0.0058151	645.403	18499.3	36540.6	6.41411e-10	0.790536	-0.0570473	0.0309554	0.148499	-0.381785	
0.498986	1.2088e-06	1.38216e-06	1.18783e-06	85.94	-28.5944	0.00504436	611.716	17491.7	35054.4	6.41411e-10	-0.742441	0.153049	-0.211083	0.106468	0.352508	
0.505663	1.24136e-06	1.36359e-06	1.21584e-06	89.1648	-28.6532	0.00521989	643.162	18428.6	36444.5	6.41411e-10	-0.043486	-0.0771001	0.325148	0.668591	0.065135	
0.498253	1.20525e-06	1.346e-06	1.18303e-06	87.8924	-28.7095	0.00484368	624.695	17934.7	35995.1	6.41411e-10	-0.296397	0.276059	0.348931	-0.172958	0.576121	
0.49845	1.2062e-06	1.14928e-06	1.18411e-06	103.03	-29.3957	0.00481252	732.574	21534.6	43203.1	6.41411e-10	-0.243972	0.390959	-0.111339	-0.374209	0.256298	
0.502678	1.22675e-06	1.16298e-06	1.20437e-06	103.559	-29.3443	0.00496875	742.582	21790.5	43348.9	6.41411e-10	-0.505685	0.0123554	0.291191	0.337836	0.17875	
0.501708	1.22202e-06	1.33179e-06	1.19778e-06	89.9374	-28.7556	0.00511506	643.662	18508.9	36891.8	6.41411e-10	-0.276598	0.191985	0.478829	0.509692	0.362413	
0.505972	1.24288e-06	1.30136e-06	1.21815e-06	93.6055	-28.856	0.0051705	675.607	19495.3	38530.4	6.41411e-10	0.0986348	-0.348826	-0.349535	0.266641	0.0965876	
0.496899	1.19871e-06	1.32941e-06	1.17627e-06	88.4802	-28.7634	0.00530202	627.163	18039.4	36303.8	6.41411e-10	-0.830866	0.468112	0.111363	0.330477	0.276433	
0.504803	1.23715e-06	1.22539e-06	1.21207e-06	98.9136	-29.1173	0.00510532	712.269	20739.3	41084	6.41411e-10	0.366995	0.119327	-0.821903	-0.159848	-0.391962	
0.507038	1.24813e-06	1.257e-06	1.22211e-06	97.2249	-29.0067	0.0052913	703.209	20397.7	40229.2	6.41411e-10	0.287734	-0.452963	0.242471	0.353387	-0.00926877	
0.504656	1.23643e-06	1.34857e-06	1.20869e-06	89.6276	-28.7013	0.00556325	645.214	18518.5	36695.2	6.41411e-10	0.527741	-0.0559172	0.0121316	0.220496	0.113973	
0.50185	1.22271e-06	1.30856e-06	1.19718e-06	91.4884	-28.8321	0.00523796	654.947	18883.5	37627.7	6.41411e-10	0.337438	0.110308	-0.467494	-0.146436	0.339165	
0.505748	1.24178e-06	1.20791e-06	1.21983e-06	100.987	-29.1797	0.00502167	728.557	21259	42034.9	6.41411e-10	-0.555699	-0.156993	-0.33356	0.406389	-0.352147	
0.505161	1.2389e-06	1.41448e-06	1.21656e-06	86.0077	-28.494	0.00523524	619.774	17659.8	34958.9	6.41411e-10	-0.21814	-0.633089	-0.099733	0.0909034	0.102234	
0.496432	1.19646e-06	1.31733e-06	1.17358e-06	89.0875	-28.8031	0.00476261	630.874	18171.1	36603.4	6.41411e-10	-0.110879	0.616339	0.20285	-0.398745	0.406338	
0.502103	1.22395e-06	1.36242e-06	1.20089e-06	88.1439	-28.6569	0.00522456	631.323	18091.8	36031.9	6.41411e-10	-0.12096	0.231133	-0.110427	-0.135115	-0.172417	
0.498531	1.2066e-06	1.33501e-06	1.18659e-06	88.8824	-28.7452	0.00528961	632.083	18169.3	36445.7	6.41411e-10	-0.856235	0.211355	0.0313243	-0.188278	-0.149462	
0.505037	1.23829e-06	1.36453e-06	1.2145e-06	89.0051	-28.6502	0.00523078	641.216	18370.9	36375.4	6.41411e-10	-0.132411	0.100823	-0.304665	0.186249	-0.473299	
0.504608	1.23619e-06	1.3581e-06	1.21286e-06	89.3059	-28.6707	0.00512275	642.837	18430.6	36524.5	6.41411e-10	-0.186977	-0.0562722	0.213782	0.257607	-0.143903	
0.505273	1.23945e-06	1.3724e-06	1.21056e-06	88.2073	-28.6252	0.00584644	635.766	18198.9	36018	6.41411e-10	0.574637	0.234161	0.20326	0.468435	-0.259394	
0.503554	1.23103e-06	1.34502e-06	1.20464e-06	89.563	-28.7127	0.00531228	643.34	18472	36683.3	6.41411e-10	-0.0431018	0.0926789	0.102881	0.767082	0.412283	
0.502775	1.22723e-06	1.33505e-06	1.20178e-06	90.0176	-28.745	0.00520416	645.606	18558	36911.1	6.41411e-10	0.107062	0.261748	-0.113789	0.186882	0.0190449	
0.507413	1.24997e-06	1.23439e-06	1.22468e-06	99.2129	-29.0855	0.00517049	718.118	20886.8	41163.3	6.41411e-10	0.122287	0.0464083	-0.148001	0.39661	-0.633598	
0.500513	1.21621e-06	1.30961e-06	1.19191e-06	91.0129	-28.8286	0.00506863	649.807	18733	37427.6	6.41411e-10	-0.0984958	0.274295	-0.629477	0.199814	0.444331	
0.500786	1.21753e-06	1.31477e-06	1.1916e-06	90.6319	-28.8115	0.00525166	647.44	18653.7	37248.9	6.41411e-10	0.14288	0.181029	-0.280339	0.226303	0.702176	
0.504067	1.23354e-06	1.2212e-06	1.2121e-06	99.255	-29.1321	0.00492065	713.685	20791.2	41246.9	6.41411e-10	-0.13178	-0.209584	0.170378	-0.44469	-0.430214	
0.501751	1.22223e-06	1.37357e-06	1.19957e-06	87.3324	-28.6215	0.00491166	625.072	17890.5	35656.1	6.41411e-10	-0.540487	0.174406	-0.225199	0.49826	0.18809	
0.502297	1.22489e-06	1.33833e-06	1.19753e-06	89.4795	-28.7344	0.00527999	641.136	18422.7	36676.8	6.41411e-10	0.628619	0.609819	0.575426	-0.138262	-0.476669	
0.502945	1.22806e-06	1.32704e-06	1.20393e-06	90.7229	-28.7712	0.00520171	650.885	18726.7	37234.1	6.41411e-10	0.136515	-0.037676	-0.288559	-0.187645	0.103037	
0.500665	1.21695e-06	1.24388e-06	1.19243e-06	95.8638	-29.0522	0.00508199	684.649	19890.6	39728.3	6.41411e-10	0.0617138	0.364447	0.0553107	-0.0331345	0.184815	
0.50127	1.21989e-06	1.34994e-06	1.19704e-06	88.6738	-28.6969	0.00500829	634.064	18195.6	36299.1	6.41411e-10	0.0728893	0.0362843	-0.537315	-0.407958	0.186782	
0.501303	1.22005e-06	1.33222e-06	1.19623e-06	89.7923	-28.7542	0.00513074	642.104	18463.2	36830.5	6.41411e-10	0.0460906	0.126185	-0.497038	-0.186883	0.263713	
0.505344	1.2398e-06	1.30779e-06	1.21477e-06	92.8871	-28.8346	0.00532803	669.59	19307.4	38206.4	6.41411e-10	-0.264901	-0.204796	0.410299	0.823376	0.352822	
0.500168	1.21453e-06	1.32969e-06	1.18962e-06	89.4661	-28.7625	0.00517811	638.323	18359.8	36707.2	6.41411e-10	0.453853	0.176342	0.0792416	-0.589672	0.365635	
0.503492	1.23073e-06	1.21806e-06	1.20504e-06	98.9314	-29.1433	0.00513806	710.547	20707.7	41128.2	6.41411e-10	0.366937	0.0989876	0.0473646	-0.0304375	0.0526459	
0.506469	1.24532e-06	1.42813e-06	1.22332e-06	85.6585	-28.4523	0.00522923	618.856	17607.9	34766	6.41411e-10	-0.241642	-0.600475	-0.328584	0.0715198	-0.334572	
0.502602	1.22638e-06	1.32982e-06	1.20297e-06	90.4612	-28.7621	0.0051669	648.564	18654	37115	6.41411e-10	0.00704629	-0.330165	0.145377	-0.0594068	0.513446	
0.501523	1.22112e-06	1.30876e-06	1.19926e-06	91.6334	-28.8314	0.00551036	655.558	18900.7	37686.5	6.41411e-10	-0.54151	-0.303755	0.759686	0.0192956	0.492099	
0.502742	1.22706e-06	1.26522e-06	1.20286e-06	95.071	-28.9783	0.00512415	681.803	19757.5	39299.5	6.41411e-10	0.0571883	0.152848	0.224009	-0.0165124	-0.00962555	
0.500395	1.21564e-06	1.2013e-06	1.18999e-06	99.0585	-29.2035	0.00507371	707.085	20649.3	41266.1	6.41411e-10	0.634577	0.183508	0.188449	-0.593296	0.386248	
0.501566	1.22133e-06	1.30185e-06	1.19699e-06	91.9452	-28.8544	0.00517795	657.844	18981.7	37844.9	6.41411e-10	-0.0355344	0.140969	-0.249522	0.095435	0.36556	
0.503876	1.23261e-06	1.36979e-06	1.20753e-06	88.1538	-28.6334	0.00528348	633.623	18142.8	36006.5	6.41411e-10	0.246103	0.0388921	0.144692	-0.104254	-0.117242	
0.501455	1.22079e-06	1.23592e-06	1.19555e-06	96.7337	-29.0801	0.00511483	691.952	20122	40127.3	6.41411e-10	-0.00497965	0.434009	-0.495913	0.291147	0.0504895	
0.50227	1.22476e-06	1.38947e-06	1.20069e-06	86.4134	-28.5715	0.00513267	619.134	17689.6	35219.3	6.41411e-10	0.240521	-0.219274	-0.241534	-0.466214	0.263677	
0.506345	1.24472e-06	1.23205e-06	1.21858e-06	98.9069	-29.0937	0.00525636	714.397	20784.5	41048	6.41411e-10	0.1328	-0.191855	-0.141426	0.604422	0.113639	
0.504618	1.23624e-06	1.35657e-06	1.21109e-06	89.2762	-28.6756	0.00544569	642.635	18427.9	36518.6	6.41411e-10	0.0528376	-0.390105	0.228808	0.225046	0.399874	
0.502584	1.22629e-06	1.28347e-06	1.2014e-06	93.6059	-28.9162	0.00518695	671.086	19405.2	38610.9	6.41411e-10	-0.0763628	0.361958	0.376305	0.309643	-0.148377	
0.501838	1.22265e-06	1.32823e-06	1.19907e-06	90.2756	-28.7673	0.00507074	646.249	18590.8	37045.5	6.41411e-10	-0.0255143	0.0723691	-0.326403	-0.0315471	0.274116	
0.505037	1.23829e-06	1.13852e-06	1.21589e-06	106.796	-29.4366	0.00495911	769.387	22648.1	44844.5	6.41411e-10	-0.279429	-0.111636	-0.61817	0.135032	-0.235013	
0.502538	1.22607e-06	1.17145e-06	1.20347e-06	102.733	-29.3128	0.00489471	736.456	21587.6	42957.1	6.41411e-10	-0.533901	0.508944	0.216438	0.312714	-0.76728	
0.498535	1.20661e-06	1.19475e-06	1.18577e-06	99.2482	-29.2272	0.00490497	705.805	20628.7	41378.7	6.41411e-10	-0.216007	0.0303446	-0.117161	-0.736153	0.41661	
0.506688	1.2464e-06	1.28019e-06	1.22248e-06	95.4924	-28.9273	0.00517297	690.201	19965.6	39404.2	6.41411e-10	0.406549	-0.384611	0.527754	-0.459036	-0.745268	
0.507826	1.25201e-06	1.27636e-06	1.22623e-06	96.0732	-28.9403	0.00536008	695.958	20141.2	39661.7	6.41411e-10	0.223748	-0.75007	0.26423	0.424777	0.0710642	
0.506426	1.24511e-06	1.23123e-06	1.21847e-06	98.9633	-29.0966	0.00526732	714.918	20801.7	41075.5	6.41411e-10	0.187231	-0.173586	-0.0703711	0.665857	0.111371	
0.503418	1.23036e-06	1.37674e-06	1.20784e-06	87.7318	-28.6115	0.00501612	630.016	18025.7	35806.6	6.41411e-10	-0.161314	0.0301214	0.31693	-0.0709205	-0.223442	
0.504184	1.23411e-06	1.23589e-06	1.2125e-06	98.1077	-29.0802	0.00501514	705.599	20519	40697.4	6.41411e-10	-0.250948	-0.473994	0.0377146	-0.174685	0.00506297	
0.502547	1.22612e-06	1.22346e-06	1.19909e-06	98.0085	-29.1241	0.00531286	702.598	20462.5	40717.6	6.41411e-10	0.47959	0.202183	0.244736	0.107585	0.245676	
0.50221	1.22447e-06	1.3531e-06	1.20115e-06	88.7703	-28.6867	0.00512868	635.946	18243.2	36325.8	6.41411e-10	0.078354	0.0107582	0.0437042	-0.319083	0.0494071	
0.50075	1.21736e-06	1.27685e-06	1.19563e-06	93.639	-28.9386	0.00534973	668.874	19356.3	38654.5	6.41411e-10	-0.409057	0.0943874	-0.395459	-0.36249	-0.064891	
0.505796	1.24202e-06	1.21108e-06	1.21588e-06	100.396	-29.1683	0.00525104	724.368	21128.6	41772.9	6.41411e-10	0.0212613	-0.153253	0.166938	0.767813	0.303097	
0.505545	1.24078e-06	1.39196e-06	1.21676e-06	87.4129	-28.5637	0.00517135	630.378	18005.9	35616.9	6.41411e-10	0.285072	-0.273539	-0.531074	-0.301392	-0.410039	
0.502423	1.22551e-06	1.33039e-06	1.19988e-06	90.1901	-28.7602	0.00517715	646.39	18590.3	37001.3	6.41411e-10	0.274882	0.406141	-0.560187	-0.0493243	-0.206017	
0.50399	1.23317e-06	1.31522e-06	1.20848e-06	91.884	-28.81	0.00524668	660.584	19031.4	37761.5	6.41411e-10	-0.183759	0.0541891	0.472921	0.520073	0.105551	
0.500158	1.21448e-06	1.24675e-06	1.19297e-06	95.6867	-29.0422	0.00529051	682.693	19826.9	39641.3	6.41411e-10	-0.383053	0.0767831	0.103646	-0.399348	0.0884924	
0.497531	1.20176e-06	1.37156e-06	1.18095e-06	86.1027	-28.6279	0.00500047	611.087	17494.1	35161.9	6.41411e-10	-0.637046	0.152507	0.324868	-0.15037	0.605917	
0.503169	1.22915e-06	1.20263e-06	1.20406e-06	100.118	-29.1987	0.00505078	718.611	20982.5	41700.7	6.41411e-10	0.333469	0.316008	0.157598	-0.178929	-0.283522	
0.502862	1.22765e-06	1.31738e-06	1.20355e-06	91.3592	-28.8029	0.00520668	655.341	18875.7	37536.6	6.41411e-10	0.291544	-0.090653	0.0863172	-0.476315	-0.0127636	
0.505221	1.2392e-06	1.34115e-06	1.21088e-06	90.2867	-28.7252	0.00574964	650.686	18691.1	36995.9	6.41411e-10	0.442806	-0.190325	0.0720501	0.593073	0.373864	
0.505187	1.23903e-06	1.38307e-06	1.21446e-06	87.8092	-28.5916	0.00537492	632.788	18092.4	35813.3	6.41411e-10	-0.150624	-0.488292	-0.206277	0.495841	0.507582	
0.506267	1.24433e-06	1.25229e-06	1.21928e-06	97.364	-29.023	0.00520774	703.144	20407.3	40309.4	6.41411e-10	0.30848	-0.283665	-0.616822	0.0104668	-0.222421	
0.504903	1.23763e-06	1.21665e-06	1.21066e-06	99.5081	-29.1484	0.00525677	716.692	20890.4	41375.1	6.41411e-10	0.243072	-0.125274	-0.287074	0.613877	0.417698	
0.501901	1.22296e-06	1.41415e-06	1.20105e-06	84.931	-28.495	0.00512239	608.066	17326.9	34522.5	6.41411e-10	-0.0555562	-0.447512	-0.555506	-0.420443	0.377823	
0.504472	1.23552e-06	1.33937e-06	1.21014e-06	90.3517	-28.731	0.0052834	650.189	18680.6	37030	6.41411e-10	0.186017	0.0450652	-0.144616	0.134027	-0.0994957	
0.505299	1.23958e-06	1.33656e-06	1.21398e-06	90.8288	-28.7401	0.00531068	654.694	18816	37237.3	6.41411e-10	0.119422	-0.0734417	-0.0874572	0.334784	-0.0235526	
0.500682	1.21703e-06	1.35918e-06	1.19757e-06	88.1096	-28.6672	0.00528936	629.291	18040	36030.9	6.41411e-10	-0.665371	-0.0631718	-0.0222762	-0.449711	-0.365511	
0.50422	1.23429e-06	1.22001e-06	1.20869e-06	99.0721	-29.1364	0.00521618	712.586	20762.2	41176.8	6.41411e-10	0.253664	-0.276116	0.0926858	0.188698	0.453067	
0.500608	1.21667e-06	1.23905e-06	1.19176e-06	96.1828	-29.0691	0.00509855	686.85	19966.1	39883.7	6.41411e-10	-0.0177944	0.451257	-0.294966	0.182483	0.142766	
0.504346	1.23491e-06	1.31544e-06	1.20904e-06	91.9113	-28.8093	0.00531606	661.247	19050	37771.8	6.41411e-10	-0.140236	0.0581995	0.194789	0.780661	0.245901	
0.498829	1.20804e-06	1.22087e-06	1.18285e-06	96.886	-29.1333	0.00503509	689.412	20084.9	40264	6.41411e-10	0.0655579	0.648241	-0.239494	0.0366787	0.148661	
0.502556	1.22616e-06	1.29094e-06	1.20114e-06	93.0432	-28.8909	0.00518785	667.015	19270.7	38345.3	6.41411e-10	0.0770625	0.297067	-0.297365	0.120888	-0.0476342	
0.503987	1.23315e-06	1.20911e-06	1.20738e-06	99.857	-29.1753	0.00515408	717.9	20945	41558.6	6.41411e-10	0.260817	0.0806859	-0.498325	0.184912	0.0995527	
0.50469	1.23659e-06	1.23645e-06	1.21194e-06	98.0185	-29.0783	0.00512474	705.665	20519.5	40657.7	6.41411e-10	0.413411	-0.11836	-0.269358	-0.341421	-0.25729	
0.501809	1.22251e-06	1.33763e-06	1.19877e-06	89.6192	-28.7366	0.00509302	641.513	18434.9	36737	6.41411e-10	-0.188726	0.1936	0.0840925	0.232235	0.188336	
0.505047	1.23834e-06	1.31373e-06	1.21291e-06	92.3259	-28.8149	0.00528096	665.153	19166.3	37949.6	6.41411e-10	-0.08673	0.0939472	0.0781314	0.606838	-0.0839901	
0.50535	1.23983e-06	1.3222e-06	1.21435e-06	91.8428	-28.787	0.0053968	662.069	19059	37714.5	6.41411e-10	-0.259687	-0.343126	0.572484	0.955655	0.651803	
0.504183	1.23411e-06	1.33899e-06	1.21097e-06	90.4396	-28.7322	0.00531306	650.449	18688.9	37067.6	6.41411e-10	0.0819458	-0.533566	0.422996	-0.313967	0.0354545	
0.506664	1.24628e-06	1.21849e-06	1.22457e-06	100.499	-29.1418	0.00495009	726.355	21167.3	41777.7	6.41411e-10	-0.305661	-0.139687	0.0935207	-0.0104293	-0.855495	
0.504762	1.23694e-06	1.26843e-06	1.21251e-06	95.5912	-28.9673	0.00514641	688.289	19937.9	39499.6	6.41411e-10	-0.0371802	0.153001	0.316812	0.271265	-0.346842	
0.50389	1.23267e-06	1.38085e-06	1.21e-06	87.6273	-28.5985	0.00516716	629.856	18012.9	35747.8	6.41411e-10	-0.133899	-0.214025	0.281853	-0.0680782	-0.0544096	
0.505422	1.24018e-06	1.23112e-06	1.21402e-06	98.6109	-29.097	0.0051558	710.961	20686.8	40929.8	6.41411e-10	0.378171	0.153737	0.0719107	0.151966	-0.399835	
0.501725	1.2221e-06	1.33275e-06	1.196e-06	89.7398	-28.7525	0.00523057	642.269	18466.9	36806.8	6.41411e-10	0.118434	0.270507	0.0732777	0.346795	0.373151	
0.500385	1.21558e-06	1.39096e-06	1.19548e-06	85.9466	-28.5669	0.00529821	613.478	17525.1	35023.3	6.41411e-10	-0.66317	-0.228837	0.18756	-0.326168	0.0900666	
0.505253	1.23935e-06	1.35037e-06	1.21554e-06	90.0153	-28.6955	0.00516155	648.771	18616.8	36846.5	6.41411e-10	-0.304332	0.0142885	0.258324	0.583978	-0.205771	
0.505574	1.24093e-06	1.3657e-06	1.21565e-06	89.0128	-28.6465	0.00538248	641.953	18389.7	36373.9	6.41411e-10	0.0541258	-0.178002	-0.164379	0.275908	-0.0253267	
0.501276	1.21992e-06	1.1893e-06	1.19851e-06	100.775	-29.2471	0.00489476	720.6	21075.5	42043.6	6.41411e-10	-0.37466	0.173936	0.541109	-0.250721	-0.166074	
0.504047	1.23345e-06	1.31329e-06	1.20892e-06	92.0529	-28.8164	0.0051998	661.874	19072.8	37839.3	6.41411e-10	0.167002	0.0294957	-0.0338155	-0.0787508	-0.159059	
0.503478	1.23066e-06	1.35258e-06	1.20745e-06	89.2698	-28.6884	0.00516195	641.138	18393.2	36532.3	6.41411e-10	0.111435	0.0947812	-0.0560332	-0.420153	-0.455533	
0.504086	1.23363e-06	1.2753e-06	1.20609e-06	94.5734	-28.9439	0.00535286	680.048	19683.2	39047.4	6.41411e-10	0.314006	0.223167	-0.413696	0.531519	0.0662949	
0.505468	1.24041e-06	1.38406e-06	1.21038e-06	87.4514	-28.5884	0.00631495	630.561	18026.8	35663.5	6.41411e-10	0.651996	-0.399308	0.546436	0.704724	0.474417	
0.505122	1.23871e-06	1.20804e-06	1.21236e-06	100.358	-29.1792	0.00518201	723.125	21100.2	41772.4	6.41411e-10	0.0602276	0.262869	-0.479218	0.686871	-0.214928	
0.5036	1.23126e-06	1.20342e-06	1.20403e-06	100.051	-29.1958	0.00519109	718.741	20984.3	41668.5	6.41411e-10	0.210493	0.279622	0.21405	0.650815	0.129164	
0.501402	1.22053e-06	1.33002e-06	1.19709e-06	90.0051	-28.7614	0.00501033	643.752	18515.2	36926.9	6.41411e-10	-0.0745586	0.42083	0.138533	-0.0823894	-0.271925	
0.499986	1.21365e-06	1.30841e-06	1.1906e-06	90.9957	-28.8326	0.00502161	649	18712.3	37425.8	6.41411e-10	0.29063	0.499396	0.0113313	-0.93135	-0.424156	
0.505942	1.24273e-06	1.33493e-06	1.2182e-06	91.2557	-28.7454	0.00533962	658.608	18932	37419.2	6.41411e-10	0.103558	-0.499905	-0.560237	0.106869	0.0512383	
0.50287	1.22769e-06	1.37397e-06	1.2056e-06	87.7462	-28.6202	0.00503629	629.434	18014.5	35823.5	6.41411e-10	0.107345	-0.0577356	-0.335547	-0.621278	-0.360372	
0.501944	1.22317e-06	1.34037e-06	1.19888e-06	89.444	-28.7277	0.00523477	640.432	18398.2	36653.8	6.41411e-10	-0.261272	0.253717	0.109845	0.333836	0.0980541	
0.503526	1.23089e-06	1.3334e-06	1.20512e-06	90.3798	-28.7504	0.00533463	649.171	18663.9	37066.5	6.41411e-10	0.162806	-0.179784	0.211371	0.266997	0.511305	
0.499259	1.21012e-06	1.3421e-06	1.187e-06	88.4436	-28.7221	0.00481571	629.881	18091.5	36236.8	6.41411e-10	-0.305949	0.289861	-0.147812	0.167918	0.573637	
0.501138	1.21925e-06	1.30438e-06	1.1932e-06	91.4766	-28.846	0.00521874	653.934	18863.4	37641	6.41411e-10	0.264583	0.353324	0.0529431	0.0583472	0.26699	
0.505581	1.24096e-06	1.23045e-06	1.21477e-06	98.7256	-29.0993	0.00521211	712.012	20719.1	40980.7	6.41411e-10	0.285794	-0.0461611	0.108849	0.329549	-0.0635182	
0.505632	1.24121e-06	1.33504e-06	1.21676e-06	91.1407	-28.7451	0.00529331	657.374	18896.3	37371.6	6.41411e-10	0.0634586	-0.22735	-0.840444	0.0914017	-0.148286	
0.500575	1.21651e-06	1.33261e-06	1.19328e-06	89.5445	-28.753	0.00495662	639.403	18384.7	36727.2	6.41411e-10	-0.295363	0.394258	0.317041	0.137696	0.0188888	
0.498745	1.20763e-06	1.33213e-06	1.18743e-06	89.1381	-28.7545	0.005298	634.173	18235.4	36562.5	6.41411e-10	-0.480457	-0.327518	0.463486	-0.544888	0.600457	
0.49967	1.21212e-06	1.36523e-06	1.18913e-06	87.1013	-28.648	0.00499924	620.832	17785.6	35594.6	6.41411e-10	-0.283721	0.0907761	0.307321	0.060126	0.724464	
0.504306	1.23471e-06	1.3726e-06	1.21163e-06	88.2727	-28.6246	0.0051454	635.019	18177.1	36043.9	6.41411e-10	-0.179063	-0.212265	-0.321061	0.181675	0.0755082	
0.504473	1.23553e-06	1.23076e-06	1.20989e-06	98.304	-29.0983	0.00519664	707.416	20584.6	40804.2	6.41411e-10	0.345164	-0.170888	0.457564	0.0493167	0.158923	
0.507383	1.24982e-06	1.37453e-06	1.22513e-06	89.1312	-28.6185	0.00535956	645.107	18462	36386.7	6.41411e-10	-0.0382444	-0.347966	0.148207	0.409743	-0.2587	
0.502628	1.22651e-06	1.35062e-06	1.20364e-06	89.1181	-28.6947	0.00505076	638.967	18335	36478.2	6.41411e-10	-0.0649374	0.23344	-0.458006	-0.189499	-0.35257	
0.505132	1.23876e-06	1.35452e-06	1.21539e-06	89.7288	-28.6821	0.00511883	646.551	18544.5	36712.1	6.41411e-10	-0.25228	0.162686	-0.128767	0.340998	-0.581052	
0.499012	1.20892e-06	1.17302e-06	1.18685e-06	101.179	-29.3069	0.0048681	720.223	21107.5	42298.6	6.41411e-10	-0.438784	0.41832	0.679631	-0.0922138	0.0807349	
0.502392	1.22536e-06	1.36969e-06	1.20255e-06	87.7973	-28.6338	0.00507241	629.202	18016.4	35861.3	6.41411e-10	-0.299887	-0.110291	-0.300592	0.187665	0.407469	
0.50405	1.23346e-06	1.21092e-06	1.20701e-06	99.6765	-29.1688	0.00518491	716.692	20905.1	41474.2	6.41411e-10	0.223769	0.145609	0.321155	0.435466	0.127055	
0.501571	1.22135e-06	1.21299e-06	1.1998e-06	98.9126	-29.1614	0.00496065	707.702	20637.6	41145.9	6.41411e-10	-0.145962	-0.393113	-0.403497	-0.450002	0.433469	
0.506249	1.24424e-06	1.36907e-06	1.21924e-06	89.0563	-28.6357	0.0052024	643.124	18416.3	36378	6.41411e-10	0.170971	-0.0641752	-0.23799	0.192394	-0.397897	
0.501459	1.22081e-06	1.37313e-06	1.19826e-06	87.265	-28.6229	0.00507958	624.226	17867.2	35630.3	6.41411e-10	-0.0393995	-0.34644	0.0184278	-0.257802	0.635536	
0.505198	1.23908e-06	1.35835e-06	1.21219e-06	89.2395	-28.6699	0.00542775	643.109	18437.8	36496.3	6.41411e-10	0.690727	-0.333372	0.0745738	-0.297384	-0.169794	
0.504584	1.23607e-06	1.21488e-06	1.21052e-06	99.6411	-29.1547	0.0051592	717.197	20909.6	41439.3	6.41411e-10	0.253139	0.0100159	-0.395832	0.165126	0.0198795	
0.50385	1.23248e-06	1.33587e-06	1.20844e-06	90.4608	-28.7424	0.00515244	650.171	18687.5	37089.3	6.41411e-10	-0.0304518	0.395138	0.0465474	0.0292488	-0.699066	
0.503659	1.23155e-06	1.33613e-06	1.20718e-06	90.3489	-28.7415	0.00522445	649.121	18656.7	37042.3	6.41411e-10	-0.231811	0.0371364	-0.113098	0.517412	0.18535	
0.498042	1.20423e-06	1.26627e-06	1.17953e-06	93.1497	-28.9747	0.00508258	661.781	19174.9	38500.6	6.41411e-10	0.0232931	0.530375	-0.118349	-0.0795059	0.486234	
0.505588	1.241e-06	1.33169e-06	1.2134e-06	91.1172	-28.756	0.00549305	657.148	18896.9	37376.1	6.41411e-10	0.429844	-0.00431141	0.534616	0.394834	-0.0812271	
0.505083	1.23852e-06	1.23901e-06	1.21241e-06	97.8533	-29.0692	0.00521755	705.024	20494.5	40576.6	6.41411e-10	0.443004	-0.219439	0.0265138	0.0423408	0.0517358	
0.501838	1.22266e-06	1.36449e-06	1.1994e-06	87.9011	-28.6503	0.00499591	629.252	18028.3	35924.4	6.41411e-10	-0.295496	0.248962	0.031498	0.255461	0.0471907	
0.5035	1.23077e-06	1.2314e-06	1.20521e-06	97.8733	-29.096	0.00517472	702.959	20453.3	40622.3	6.41411e-10	0.483456	-0.173513	0.522486	-0.239833	0.193361	
0.502013	1.22351e-06	1.36682e-06	1.20026e-06	87.8136	-28.6429	0.00517377	628.844	18011.9	35879.3	6.41411e-10	-0.233935	0.0102014	-0.0316782	0.165923	0.365255	
0.505221	1.2392e-06	1.231e-06	1.21329e-06	98.5615	-29.0974	0.00524118	710.322	20668.5	40909.9	6.41411e-10	0.234985	-0.259841	0.461186	0.3394	0.277714	
0.504133	1.23386e-06	1.38039e-06	1.21152e-06	87.767	-28.6	0.0050982	631.164	18051.3	35806.6	6.41411e-10	-0.0365711	-0.154418	0.0898241	-0.27012	-0.336216	
0.503777	1.23212e-06	1.37245e-06	1.20899e-06	88.0897	-28.625	0.00521012	633.038	18120.7	35969.7	6.41411e-10	-0.217584	-0.0751239	-0.239409	0.162153	0.00808744	
0.50205	1.22369e-06	1.33697e-06	1.1962e-06	89.4705	-28.7388	0.00534006	640.757	18414.6	36678.7	6.41411e-10	0.623284	0.478982	0.10591	-0.111906	-0.169676	
0.502805	1.22737e-06	1.42583e-06	1.20662e-06	84.6259	-28.4593	0.00516498	606.973	17274	34355.3	6.41411e-10	-0.435319	-0.385169	-0.214813	-0.117875	0.0932138	
0.500524	1.21626e-06	1.31975e-06	1.19302e-06	90.3975	-28.7951	0.00502473	645.428	18585.2	37131.4	6.41411e-10	0.138994	0.104484	-0.489246	-0.435903	0.32237	
0.504308	1.23472e-06	1.29275e-06	1.21013e-06	93.6085	-28.8848	0.00511098	673.407	19451.2	38570.2	6.41411e-10	0.353178	-0.204654	0.0907101	-0.279151	-0.0348393	
0.502558	1.22617e-06	1.21025e-06	1.20453e-06	99.5274	-29.1712	0.00493138	713.502	20813.7	41415.6	6.41411e-10	-0.0892073	-0.320741	0.623935	-0.488518	0.0659478	
0.500209	1.21473e-06	1.34903e-06	1.19103e-06	88.2877	-28.6998	0.00504836	629.967	18079.9	36144.7	6.41411e-10	-0.174745	0.216631	-0.0637004	0.142025	0.528961	
0.504724	1.23676e-06	1.3968e-06	1.21448e-06	86.9474	-28.5487	0.00516137	626.004	17871.6	35408.6	6.41411e-10	0.005474	-0.514158	-0.275304	-0.296892	-0.177066	
0.503422	1.23038e-06	1.30865e-06	1.20497e-06	92.077	-28.8318	0.00528402	661.225	19064.3	37869.4	6.41411e-10	0.0442519	0.0877007	0.00756931	0.311363	0.188022	
0.504421	1.23527e-06	1.20215e-06	1.20941e-06	100.604	-29.2004	0.00513965	723.891	21137.9	41905.3	6.41411e-10	0.13373	0.237121	-0.503628	0.409486	-0.133662	
0.502828	1.22748e-06	1.35155e-06	1.20468e-06	89.1333	-28.6917	0.00505519	639.331	18343.5	36480.6	6.41411e-10	0.03529	-0.0267278	0.457465	-0.302884	-0.106372	
0.496093	1.19482e-06	1.20205e-06	1.16971e-06	97.3096	-29.2008	0.00496196	688.629	20108.5	40533.7	6.41411e-10	0.22846	0.76748	-0.188551	-0.351674	0.469747	
0.501736	1.22216e-06	1.35437e-06	1.1993e-06	88.5501	-28.6826	0.00507884	633.768	18178.1	36230.5	6.41411e-10	-0.0343481	0.0495138	0.10678	-0.238731	0.114756	
0.50536	1.23988e-06	1.37501e-06	1.2114e-06	88.1011	-28.6169	0.00583713	635.11	18174.9	35964.2	6.41411e-10	0.61298	0.0876766	0.285927	0.282426	-0.18889	
0.503369	1.23012e-06	1.31068e-06	1.206e-06	92.0131	-28.825	0.00523479	660.696	19044.6	37834.3	6.41411e-10	-0.000376745	-0.130376	0.115909	0.0697306	0.253601	
0.503705	1.23177e-06	1.34998e-06	1.20818e-06	89.496	-28.6967	0.00512379	643.052	18453.5	36635.5	6.41411e-10	-0.159427	-0.0839949	-0.637914	0.264384	0.180972	
0.508401	1.25485e-06	1.27671e-06	1.23001e-06	96.3422	-28.9391	0.00526414	698.698	20219.7	39771.1	6.41411e-10	0.210056	-0.475339	0.0563565	0.191067	-0.507853	
0.504438	1.23536e-06	1.23381e-06	1.21082e-06	98.1362	-29.0875	0.005132	706.161	20540.5	40719.5	6.41411e-10	0.372145	-0.20016	0.305718	-0.308061	-0.10711	
0.504493	1.23563e-06	1.23447e-06	1.21391e-06	98.3346	-29.0852	0.00506915	707.665	20582.6	40798.5	6.41411e-10	-0.385519	-0.504904	-0.0369877	0.0792488	0.146797	
0.502335	1.22508e-06	1.33324e-06	1.20217e-06	90.1692	-28.7509	0.0050789	646.127	18576.8	36980.8	6.41411e-10	0.149936	-0.0707821	0.278021	-0.583006	-0.131565	
0.505931	1.24268e-06	1.30727e-06	1.21864e-06	93.2199	-28.8363	0.00526115	672.769	19400.2	38345.6	6.41411e-10	-0.119816	-0.0121128	-0.101137	0.270832	-0.454915	
0.505606	1.24108e-06	1.29024e-06	1.21596e-06	94.2425	-28.8933	0.0051835	679.712	19639.1	38842.7	6.41411e-10	0.17831	-0.346368	0.303196	0.238067	0.177812	
0.501905	1.22298e-06	1.29143e-06	1.19767e-06	92.7404	-28.8893	0.00522175	663.983	19182	38218.4	6.41411e-10	0.361838	-0.035039	0.0107771	-0.225673	0.435336	
0.5064	1.24499e-06	1.42378e-06	1.22298e-06	85.8963	-28.4656	0.0052027	620.49	17662.6	34878.7	6.41411e-10	-0.218426	-0.546527	-0.0601552	0.0333143	-0.394924	
0.504198	1.23418e-06	1.38287e-06	1.21178e-06	87.6278	-28.5922	0.00515267	630.245	18020.1	35740.1	6.41411e-10	-0.136995	-0.145378	0.498561	-0.108996	-0.275656	
0.494635	1.18781e-06	1.31631e-06	1.16418e-06	88.4428	-28.8064	0.00481638	624.041	17976.4	36342.8	6.41411e-10	-0.0322954	0.737609	0.0410331	-0.395503	0.660445	
0.499686	1.21219e-06	1.13263e-06	1.1905e-06	105.109	-29.4591	0.00480508	749.212	22071.1	44169.9	6.41411e-10	0.00198409	0.145182	0.485328	-0.759661	0.152037	
0.502477	1.22577e-06	1.20457e-06	1.19895e-06	99.5329	-29.1917	0.00518926	713.426	20826.1	41446.9	6.41411e-10	0.481966	0.129351	0.219436	0.0708647	0.347631	
0.499139	1.20954e-06	1.26942e-06	1.18404e-06	93.274	-28.9639	0.00519143	664.122	19235.6	38537.6	6.41411e-10	0.218903	0.339601	0.333442	-0.106957	0.663696	
0.50285	1.22759e-06	1.20301e-06	1.20222e-06	99.9343	-29.1973	0.00510511	716.835	20929.6	41622.1	6.41411e-10	0.366122	0.116466	-0.154645	-0.138809	0.127896	
0.50089	1.21804e-06	1.38235e-06	1.19587e-06	86.5099	-28.5938	0.00510508	618.122	17674.5	35286.2	6.41411e-10	0.0193519	-0.0779359	-0.254857	-0.589508	0.203196	
0.505087	1.23854e-06	1.3335e-06	1.21382e-06	91.0252	-28.7501	0.00533338	655.835	18855.3	37330.8	6.41411e-10	0.131812	-0.426117	0.0752242	0.0249781	0.142039	
0.500455	1.21593e-06	1.35074e-06	1.19265e-06	88.2957	-28.6943	0.00514766	630.334	18087	36141.1	6.41411e-10	-0.0228818	-0.000575872	-0.280268	-0.228028	0.575899	
0.504297	1.23467e-06	1.26204e-06	1.20976e-06	95.8572	-28.9893	0.00513825	689.568	19990.1	39639.5	6.41411e-10	0.687824	-0.156811	0.0629172	-0.746079	-0.476105	
0.503487	1.23071e-06	1.32706e-06	1.20505e-06	90.8057	-28.7711	0.00524528	652.181	18764	37268	6.41411e-10	0.145091	0.297858	0.137497	0.236753	-0.171197	
0.506665	1.24629e-06	1.3416e-06	1.22158e-06	91.054	-28.7238	0.00540525	658.092	18902.9	37308.4	6.41411e-10	0.0179724	-0.644065	0.128937	0.325528	0.146333	
0.50415	1.23395e-06	1.35336e-06	1.20703e-06	89.1875	-28.6859	0.00544087	641.402	18399.2	36495.4	6.41411e-10	0.834341	-0.268255	0.12956	-0.465671	-0.085792	
0.502069	1.22378e-06	1.41881e-06	1.20272e-06	84.7691	-28.4807	0.00513565	607.111	17291	34439.4	6.41411e-10	-0.463099	-0.19328	-0.327147	-0.0438115	0.146445	
0.501814	1.22254e-06	1.33353e-06	1.19461e-06	89.5827	-28.75	0.00531676	641.259	18436.2	36739.1	6.41411e-10	0.484693	0.624533	0.621373	0.252578	-0.234084	
0.502798	1.22734e-06	1.26453e-06	1.19962e-06	94.8666	-28.9807	0.00536808	680.413	19718.9	39218.3	6.41411e-10	0.329001	0.278141	-0.184584	0.522127	0.284458	
0.497071	1.19954e-06	1.30963e-06	1.17567e-06	89.7711	-28.8285	0.00471435	636.533	18350.3	36916.9	6.41411e-10	-0.06815	0.599301	-0.169166	-0.109324	0.527113	
0.50229	1.22486e-06	1.20371e-06	1.19781e-06	99.5101	-29.1948	0.00528824	712.997	20815.8	41441.8	6.41411e-10	0.493743	0.0487499	-0.111221	0.116254	0.539556	
0.501326	1.22016e-06	1.25431e-06	1.19568e-06	95.326	-29.0159	0.00512143	681.706	19780.4	39456.1	6.41411e-10	0.00171597	0.207354	-0.321854	0.0989319	0.344058	
0.506141	1.24371e-06	1.23005e-06	1.21819e-06	99.0354	-29.1008	0.00513884	715.036	20808.1	41111.3	6.41411e-10	0.219184	0.223405	-0.116718	0.239973	-0.649039	
0.50389	1.23267e-06	1.39272e-06	1.21058e-06	86.922	-28.5614	0.00510353	624.787	17844.8	35414	6.41411e-10	0.0172259	-0.302427	-0.012622	-0.417731	-0.256558	
0.502699	1.22686e-06	1.29483e-06	1.20055e-06	92.7184	-28.8779	0.00535287	664.876	19200.2	38194.2	6.41411e-10	0.0979815	-0.0699023	0.163746	0.503955	0.759363	
0.506382	1.2449e-06	1.24642e-06	1.21908e-06	97.8066	-29.0433	0.00521791	706.501	20519.2	40521.1	6.41411e-10	0.328656	-0.168541	-0.0708656	0.191914	-0.232742	
0.49618	1.19524e-06	1.29032e-06	1.1739e-06	90.9775	-28.893	0.00520408	643.931	18605.1	37496.7	6.41411e-10	-0.43994	0.48457	0.0579529	-0.551265	0.193624	
0.501112	1.21912e-06	1.34145e-06	1.19403e-06	89.0099	-28.7242	0.00520695	636.267	18276.3	36471.5	6.41411e-10	0.343967	-0.0302662	-0.135995	-0.293982	0.575164	
0.506856	1.24723e-06	1.24879e-06	1.2215e-06	97.8145	-29.0351	0.00524539	707.219	20534.2	40512.9	6.41411e-10	0.259638	-0.273199	-0.863677	0.3019	-0.133846	
0.497127	1.19981e-06	1.33646e-06	1.17884e-06	88.2065	-28.7404	0.00524557	625.51	17977.4	36162.6	6.41411e-10	-0.543732	0.328182	-0.0889235	-0.47256	0.164445	
0.50227	1.22476e-06	1.29281e-06	1.20066e-06	92.8722	-28.8847	0.00513896	665.409	19220.1	38266.5	6.41411e-10	0.31079	0.0651798	-0.221871	-0.483483	-0.0197316	
0.506416	1.24507e-06	1.39359e-06	1.21727e-06	87.3482	-28.5587	0.00569935	630.998	18020.4	35584.2	6.41411e-10	0.682997	-0.631927	-0.0494361	0.117431	0.0539499	
0.504723	1.23675e-06	1.31826e-06	1.21223e-06	91.9571	-28.8	0.00520064	662.071	19067.6	37778.4	6.41411e-10	0.102246	-0.000753761	-0.00720515	0.06475	-0.207797	
0.503751	1.232e-06	1.32713e-06	1.20805e-06	91.0268	-28.7709	0.00525317	654.111	18819.3	37358.4	6.41411e-10	0.123326	-0.242331	-0.0775409	-0.183996	0.102344	
0.503386	1.23021e-06	1.1628e-06	1.20798e-06	103.886	-29.345	0.00493	745.975	21890.6	43486.7	6.41411e-10	-0.444323	0.155177	-0.100392	0.192353	-0.29832	
0.503798	1.23222e-06	1.35485e-06	1.20874e-06	89.2154	-28.6811	0.00514864	641.154	18389	36500.7	6.41411e-10	-0.281663	0.128705	-0.118413	0.370524	-0.176887	
0.499883	1.21315e-06	1.37671e-06	1.19216e-06	86.5946	-28.6116	0.00490379	617.484	17667.2	35342.6	6.41411e-10	-0.305504	0.42756	0.358739	-0.527934	-0.472345	
0.502438	1.22558e-06	1.28454e-06	1.20152e-06	93.5374	-28.9125	0.00518887	670.4	19383	38577.8	6.41411e-10	0.24285	-0.00569789	-0.193776	-0.381495	0.0756739	
0.503701	1.23175e-06	1.28657e-06	1.20722e-06	93.8321	-28.9056	0.00524076	674.202	19488.3	38690.1	6.41411e-10	0.361371	-0.494136	-0.16995	-0.342006	0.265163	
0.499443	1.21101e-06	1.34358e-06	1.18784e-06	88.4092	-28.7174	0.00486541	629.868	18088.2	36216.7	6.41411e-10	-0.427821	0.285595	-0.205183	0.36217	0.574326	
0.504377	1.23506e-06	1.24886e-06	1.20986e-06	96.8768	-29.0349	0.00515994	697.013	20237.7	40124.1	6.41411e-10	0.570954	-0.173802	-0.54558	-0.460462	-0.197258	
0.503597	1.23124e-06	1.2693e-06	1.20664e-06	95.0632	-28.9644	0.00514872	682.908	19780	39277.4	6.41411e-10	0.0692021	0.307169	-0.260518	0.0739387	-0.369275	
0.507448	1.25015e-06	1.32827e-06	1.22307e-06	92.0799	-28.7671	0.00540624	666.535	19174.3	37785.7	6.41411e-10	0.283865	0.00959307	0.288832	0.558105	-0.468172	
0.507537	1.25058e-06	1.34518e-06	1.22788e-06	91.2804	-28.7122	0.00532975	660.863	18974.8	37386.1	6.41411e-10	0.0424926	-0.445934	0.129396	-0.272017	-0.932329	
0.50465	1.2364e-06	1.36851e-06	1.21205e-06	88.5673	-28.6375	0.0052733	637.573	18258.5	36180.6	6.41411e-10	-0.16339	-0.248014	-0.0952999	0.466792	0.329766	
0.505454	1.24034e-06	1.30075e-06	1.21551e-06	93.4463	-28.8581	0.0052677	673.768	19443.6	38467.6	6.41411e-10	-0.0995217	-0.0447786	-0.365626	0.500191	-0.0637593	
0.503526	1.2309e-06	1.35612e-06	1.207e-06	89.0041	-28.677	0.00518049	639.291	18332.9	36409.1	6.41411e-10	0.0918596	0.0584563	0.044535	-0.178601	-0.2019	
0.503761	1.23204e-06	1.22629e-06	1.20581e-06	98.3303	-29.1141	0.0052137	706.607	20572.2	40837.3	6.41411e-10	0.461716	-0.198782	0.532462	0.000381922	0.341111	
0.502797	1.22733e-06	1.13962e-06	1.20495e-06	105.733	-29.4324	0.00495075	758.347	22320	44391.6	6.41411e-10	-0.237556	-0.19551	-0.174531	-0.00968979	0.33856	
0.503599	1.23125e-06	1.35317e-06	1.20794e-06	89.2676	-28.6865	0.00512077	641.276	18395.9	36529	6.41411e-10	-0.274212	0.25573	0.392333	0.279096	-0.427803	
0.507924	1.25249e-06	1.35464e-06	1.22755e-06	90.6181	-28.6818	0.00540429	656.568	18831.5	37075.5	6.41411e-10	0.0935094	-0.460559	-0.0373553	0.284226	-0.348134	
0.504149	1.23394e-06	1.18093e-06	1.21254e-06	102.677	-29.2778	0.00485958	738.408	21618.9	42882	6.41411e-10	-0.233936	0.304718	-0.0344184	-0.381784	-1.09348	
0.502498	1.22588e-06	1.36943e-06	1.20258e-06	87.8162	-28.6346	0.00499957	629.47	18024.6	35870	6.41411e-10	-0.2509	0.306507	-0.157085	0.188062	-0.244781	
0.503778	1.23212e-06	1.29163e-06	1.20491e-06	93.2864	-28.8886	0.00555116	670.384	19366.5	38442.5	6.41411e-10	0.528832	-0.289958	-0.0402849	0.0812135	0.491013	
0.500667	1.21696e-06	1.41965e-06	1.19663e-06	84.2905	-28.4782	0.00510239	601.997	17143.8	34241.9	6.41411e-10	-0.315975	-0.0944789	0.141016	-0.558003	-0.0555017	
0.506691	1.24642e-06	1.35457e-06	1.22214e-06	90.223	-28.682	0.00525	652.118	18704	36914.1	6.41411e-10	0.00884213	-0.0547475	-0.550687	0.19042	-0.581443	
0.506057	1.2433e-06	1.36122e-06	1.21959e-06	89.5955	-28.6607	0.0053096	646.774	18537	36630.2	6.41411e-10	0.019972	-0.378391	0.573183	-0.00955172	-0.292356	
0.507265	1.24924e-06	1.33617e-06	1.22363e-06	91.5775	-28.7414	0.0053027	662.659	19045.7	37545.9	6.41411e-10	0.0280645	-0.39717	0.255023	0.629751	0.066157	
0.504375	1.23505e-06	1.21147e-06	1.20927e-06	99.8187	-29.1669	0.00512599	718.177	20947	41530.6	6.41411e-10	0.249271	0.265948	-0.435449	0.198069	-0.272948	
0.502955	1.22811e-06	1.21037e-06	1.20205e-06	99.3127	-29.1708	0.00514835	712.525	20785	41325.7	6.41411e-10	0.375188	0.112268	0.321937	0.0425902	0.223919	
0.50499	1.23806e-06	1.21762e-06	1.21169e-06	99.5129	-29.1449	0.00519397	716.85	20892.5	41372.1	6.41411e-10	0.174462	0.139964	0.360551	0.52384	-0.0595988	
0.502388	1.22534e-06	1.19511e-06	1.20396e-06	100.741	-29.2259	0.00492021	721.956	21099.8	41999	6.41411e-10	-0.385601	0.080891	-0.245474	-0.189728	-0.255768	
0.50504	1.23831e-06	1.37519e-06	1.21536e-06	88.3779	-28.6164	0.00502613	636.701	18220.1	36076.5	6.41411e-10	-0.344518	-0.19674	0.221664	0.473078	0.0447951	
0.501788	1.22241e-06	1.38692e-06	1.20079e-06	86.5796	-28.5795	0.00495381	619.73	17711.6	35296.9	6.41411e-10	-0.517185	0.271796	0.107661	0.101801	-0.334574	
0.502489	1.22583e-06	1.13474e-06	1.2032e-06	106.033	-29.451	0.00493429	760.036	22383.9	44546	6.41411e-10	-0.421023	0.12274	0.232814	0.267842	0.0772003	
0.502044	1.22366e-06	1.18596e-06	1.20193e-06	101.347	-29.2593	0.00494497	725.803	21236.5	42300.1	6.41411e-10	-0.337509	-0.130685	0.0434036	-0.117566	0.234861	
0.499932	1.21339e-06	1.32261e-06	1.18976e-06	89.9554	-28.7857	0.00500775	641.512	18466.4	36937.7	6.41411e-10	-0.0438654	0.423341	-0.067429	-0.129813	0.0975113	
0.500701	1.21712e-06	1.24703e-06	1.19273e-06	95.6451	-29.0412	0.00506759	683.136	19839.1	39622.7	6.41411e-10	0.0654617	0.447179	-0.18438	-0.0933039	-0.0104472	
0.505789	1.24198e-06	1.35275e-06	1.21802e-06	90.0403	-28.6878	0.00538074	649.64	18636.8	36846.9	6.41411e-10	0.004418	-0.663862	0.215785	0.103922	0.141579	
0.503203	1.22932e-06	1.22447e-06	1.20332e-06	98.2727	-29.1205	0.00517178	705.411	20542	40822.4	6.41411e-10	0.540656	-0.0931705	-0.289421	-0.222837	0.228593	
0.503673	1.23161e-06	1.28512e-06	1.20769e-06	93.9746	-28.9106	0.0051782	675.189	19520.1	38755.5	6.41411e-10	0.150507	-0.231736	-0.250689	-0.170523	0.13875	
0.50334	1.22998e-06	1.15624e-06	1.20765e-06	104.446	-29.3695	0.0049533	749.93	22025.1	43757.8	6.41411e-10	-0.263989	-0.209947	0.190653	0.0318144	0.217227	
0.501685	1.22191e-06	1.27589e-06	1.20081e-06	94.1156	-28.9419	0.00514742	673.534	19493.3	38855.7	6.41411e-10	-0.1394	-0.254398	0.115666	-0.635338	-0.0219948	
0.501328	1.22017e-06	1.33048e-06	1.19883e-06	90.1055	-28.7599	0.00539179	644.376	18532.2	36966.2	6.41411e-10	-0.536973	-0.303695	-0.25703	-0.0900336	0.402892	
0.505491	1.24052e-06	1.20687e-06	1.21455e-06	100.636	-29.1834	0.00517247	725.66	21177.2	41894.3	6.41411e-10	0.0342874	0.189853	0.0231177	0.642907	-0.22284	
0.502878	1.22773e-06	1.37413e-06	1.20498e-06	87.69	-28.6197	0.00519094	629.042	18003	35799.9	6.41411e-10	-0.145954	-0.0743467	-0.0699755	-0.0655356	0.0887758	
0.507648	1.25113e-06	1.2391e-06	1.22579e-06	98.9258	-29.0689	0.00524081	716.372	20824.2	41020.9	6.41411e-10	0.0734548	-0.284882	-0.0330681	0.527095	-0.194629	
0.498555	1.20671e-06	1.2567e-06	1.18151e-06	94.0165	-29.0077	0.00508884	668.625	19395.3	38903	6.41411e-10	-0.0486183	0.775203	0.0888941	0.139074	-0.122777	
0.502937	1.22802e-06	1.32119e-06	1.20601e-06	91.2823	-28.7903	0.00554723	654.887	18854.4	37488.6	6.41411e-10	-0.623396	-0.124591	-0.276017	0.178141	0.00192787	
0.4986	1.20693e-06	1.26948e-06	1.18106e-06	93.0353	-28.9638	0.00504566	661.707	19165.5	38438.7	6.41411e-10	0.0420803	0.861564	0.138499	0.21641	-0.254237	
0.500757	1.21739e-06	1.29236e-06	1.1936e-06	92.3585	-28.8862	0.00509986	659.735	19057.2	38056.9	6.41411e-10	0.0977133	0.326243	0.348699	-0.336908	0.00280627	
0.503206	1.22933e-06	1.21574e-06	1.20764e-06	99.3336	-29.1516	0.00496703	713.031	20786	41307.1	6.41411e-10	-0.179973	-0.378675	0.102737	-0.299241	0.104982	
0.504051	1.23346e-06	1.4192e-06	1.2114e-06	85.3585	-28.4796	0.00517731	613.744	17479.2	34677.4	6.41411e-10	-0.208713	-0.436743	0.25965	-0.0693032	0.0469456	
