gen,idx,total_index,WN,LN,WP,LP,MC,CF,RL,FREQ,AMPRF,TEMP,Area,VOUTMAX,POUT_AVG,PIN_AVG,PCE,PIDBM,DELTAVO,FOM1,FOM2,FOM3,cost
-1,0,0,1.94E-05,2.35E-07,9.83E-06,9.26E-07,5,5,330674,9.20E+08,0.5,27,1.53E-09,0.668233,1.33E-06,9.21E-06,14.4174,-20.3556,0.00767464,137.43,2797.47,4186.37,49819
-1,1,1,9.11E-07,6.00E-07,4.44E-06,9.51E-07,4,3,398626,9.20E+08,0.5,27,1.01E-09,0.718148,1.27E-06,2.11E-06,59.9677,-26.7528,0.00490793,614.324,16434.9,22885.1,6266.16
-1,2,2,6.12E-06,3.99E-07,7.46E-06,2.85E-07,8,4,403235,9.20E+08,0.5,27,1.61E-09,0.756667,1.40E-06,6.89E-06,20.3755,-21.615,0.0052523,219.928,4753.74,6282.47,41763.2
-1,3,3,1.83E-05,5.99E-07,1.54E-05,5.54E-07,6,2,310154,9.20E+08,0.5,27,1.04E-09,0.513656,8.36E-07,1.35E-06,61.7806,-28.6864,0.00190431,452.68,12985.8,25281.1,5391.39
-1,4,4,1.93E-06,5.89E-07,4.78E-06,2.14E-07,7,4,475983,9.20E+08,0.5,27,1.50E-09,0.79744,1.32E-06,4.62E-06,28.4522,-23.3498,0.00625299,323.653,7557.25,9476.88,31976.6
-1,5,5,1.84E-05,6.97E-07,1.23E-05,9.49E-07,3,4,440051,9.20E+08,0.5,27,1.15E-09,0.607898,8.27E-07,1.99E-06,41.6107,-27.0162,0.00707182,360.83,9748.27,16036,18826.3
-1,6,6,7.26E-06,3.33E-07,1.36E-05,7.01E-07,6,1,383999,9.20E+08,0.5,27,8.24E-10,0.462072,5.35E-07,7.67E-07,69.7745,-31.1531,0.00138011,459.91,14327.6,31007.3,2318.17
-1,7,7,3.56E-06,8.07E-07,1.15E-05,2.39E-07,4,2,268885,9.20E+08,0.5,27,8.11E-10,0.66377,1.61E-06,3.05E-06,52.765,-25.1544,0.00833705,499.608,12567.3,18933.3,10391
-1,8,8,1.51E-05,6.94E-07,3.25E-06,8.53E-07,3,2,432518,9.20E+08,0.5,27,7.26E-10,0.545534,6.71E-07,1.65E-06,40.7159,-27.8278,0.00232068,316.849,8817.21,16162.5,19610.8
-1,9,9,1.40E-05,2.28E-07,1.64E-05,6.78E-07,8,3,276943,9.20E+08,0.5,27,1.43E-09,0.606776,1.31E-06,3.96E-06,33.1117,-24.0263,0.00414953,286.6,6885.96,11348.4,26923.9
-1,10,10,1.67E-05,3.65E-07,8.74E-06,3.26E-07,5,1,408341,9.20E+08,0.5,27,7.18E-10,0.474454,5.40E-07,9.15E-07,58.9876,-30.3844,0.00124187,399.228,12130.3,25566.8,6766.48
-1,11,11,1.74E-05,2.79E-07,1.17E-05,1.98E-07,9,2,56309.4,9.20E+08,0.5,27,1.31E-09,0.569449,5.68E-06,8.47E-06,67.1205,-20.7223,0.00444696,545.226,11298.3,19840.8,3196.77
-1,12,12,3.66E-06,5.65E-07,1.26E-05,9.26E-07,3,4,367931,9.20E+08,0.5,27,1.13E-09,0.679811,1.23E-06,2.23E-06,55.101,-26.5144,0.0115176,534.335,14167.6,20840.5,8939.49
-1,13,13,4.84E-06,2.82E-07,1.21E-05,9.29E-07,3,3,264995,9.20E+08,0.5,27,9.25E-10,0.64325,1.54E-06,3.02E-06,51.006,-25.2064,0.00832395,468.023,11797.1,18339.9,11555.9
-1,14,14,1.75E-05,8.56E-07,1.77E-06,7.56E-07,2,3,441565,9.20E+08,0.5,27,8.33E-10,0.558929,6.93E-07,2.08E-06,33.3093,-26.8205,0.00232142,265.576,7122.87,12743.8,26719.2
-1,15,15,9.53E-06,6.56E-07,1.40E-05,4.50E-07,8,2,182299,9.20E+08,0.5,27,1.23E-09,0.567344,1.74E-06,2.44E-06,71.3333,-26.1234,0.00227582,577.305,15081.2,26582,1867.8
-1,16,16,1.20E-05,5.18E-07,9.20E-06,7.95E-07,9,1,333036,9.20E+08,0.5,27,1.13E-09,0.415706,4.76E-07,7.83E-07,60.7946,-31.0648,0.000989962,360.51,11199.2,26940.2,5859.08
-1,17,17,1.96E-05,8.63E-07,8.10E-06,3.45E-07,10,5,66367.7,9.20E+08,0.5,27,2.04E-09,0.621163,5.74E-06,8.89E-06,64.5489,-20.5091,0.00322869,571.953,11730.2,18884.3,4182.49
-1,18,18,3.22E-06,4.99E-07,1.29E-05,1.89E-07,4,4,359644,9.20E+08,0.5,27,1.21E-09,0.761956,1.56E-06,6.26E-06,24.972,-22.0311,0.0205919,271.425,5979.8,7847.96,36033.6
-1,19,19,5.65E-06,3.34E-07,1.21E-05,7.76E-07,8,2,37630.3,9.20E+08,0.5,27,1.22E-09,0.424789,4.67E-06,7.35E-06,63.6133,-21.3387,0.00420211,385.467,8225.38,19363.5,4573.95
-1,20,20,9.68E-06,6.37E-07,8.46E-06,2.28E-07,10,4,405778,9.20E+08,0.5,27,1.82E-09,0.721753,1.27E-06,5.64E-06,22.5353,-22.4894,0.00445607,232.016,5217.91,7229.5,39018.3
-1,21,21,1.71E-05,9.37E-07,9.61E-06,8.61E-07,8,4,25755.5,9.20E+08,0.5,27,1.65E-09,0.32961,4.11E-06,8.69E-06,47.2602,-20.6106,0.00454311,222.209,4579.88,13894.8,14243.1
-1,22,22,1.44E-05,8.68E-07,3.37E-06,8.79E-07,4,4,432977,9.20E+08,0.5,27,1.23E-09,0.640259,9.29E-07,2.96E-06,31.3875,-25.2881,0.0025292,286.667,7249.27,11322.4,28743.1
-1,23,23,9.10E-06,5.76E-07,1.17E-05,7.58E-07,7,2,221816,9.20E+08,0.5,27,1.13E-09,0.555084,1.36E-06,1.87E-06,72.931,-27.2859,0.00213505,577.48,15757.1,28386.8,1456.61
-1,24,24,9.09E-06,5.56E-07,1.00E-05,9.27E-07,2,5,484949,9.20E+08,0.5,27,1.23E-09,0.702647,9.94E-07,3.71E-06,26.8208,-24.3109,0.0154225,268.829,6535.46,9301.2,33848.2
-1,25,25,1.97E-05,7.96E-07,1.57E-05,8.67E-07,7,2,337617,9.20E+08,0.5,27,1.16E-09,0.461097,6.05E-07,9.00E-07,67.2043,-30.4583,0.00174654,442.033,13463.6,29199,3166.88
-1,26,26,8.88E-06,2.63E-07,1.42E-05,2.97E-07,10,4,497567,9.20E+08,0.5,27,1.81E-09,0.718276,1.03E-06,7.92E-06,12.9489,-21.0139,0.00601475,132.675,2788.03,3881.55,51913.6
-1,27,27,3.77E-06,6.97E-07,1.72E-05,6.79E-07,3,3,163558,9.20E+08,0.5,27,9.29E-10,0.609112,2.24E-06,2.75E-06,81.2519,-25.6013,0.00722288,705.987,18074.2,29673,140.483
-1,28,28,1.58E-05,6.77E-07,1.50E-05,3.65E-07,3,2,77125.2,9.20E+08,0.5,27,7.32E-10,0.498187,3.16E-06,3.99E-06,79.2023,-23.9916,0.00621421,562.855,13503.8,27105.8,336.132
-1,29,29,2.10E-06,2.87E-07,2.57E-06,2.36E-07,9,5,454451,9.20E+08,0.5,27,1.90E-09,0.817914,1.46E-06,6.11E-06,23.8075,-22.1385,0.00287535,277.772,6149.45,7518.46,37445.2
-1,30,30,1.13E-05,2.84E-07,1.17E-05,9.88E-07,4,2,72902.2,9.20E+08,0.5,27,8.30E-10,0.42405,2.39E-06,3.88E-06,61.6537,-24.1099,0.00601358,372.943,8991.63,21204.2,5450.54
-1,31,31,3.77E-06,2.82E-07,2.91E-06,4.55E-07,8,5,472395,9.20E+08,0.5,27,1.80E-09,0.792634,1.31E-06,7.39E-06,17.741,-21.3137,0.00220851,200.593,4275.37,5393.88,45237.8
-1,32,32,1.74E-05,5.22E-07,5.51E-06,7.16E-07,2,1,441118,9.20E+08,0.5,27,4.26E-10,0.403007,3.56E-07,6.13E-07,58.0825,-32.1255,0.00274172,333.905,10726.9,26617.1,7245.62
-1,33,33,2.22E-06,3.74E-07,8.28E-07,3.19E-07,5,1,127095,9.20E+08,0.5,27,7.02E-10,0.575321,2.54E-06,4.93E-06,51.4936,-23.0684,0.00213186,422.6,9748.7,16944.8,11226.8
-1,34,34,5.37E-06,1.85E-07,3.35E-06,8.41E-07,3,4,397798,9.20E+08,0.5,27,1.11E-09,0.744062,1.37E-06,9.04E-06,15.1716,-20.4379,0.00617718,161.03,3291.1,4423.16,48760.1
-1,35,35,7.55E-06,9.98E-07,1.84E-05,6.14E-07,3,1,433584,9.20E+08,0.5,27,5.38E-10,0.392172,3.40E-07,4.34E-07,78.1841,-33.6221,0.0025691,437.382,14705.7,37498.1,464.664
-1,36,36,1.76E-05,2.00E-07,1.63E-05,7.92E-07,6,1,206074,9.20E+08,0.5,27,8.33E-10,0.229155,2.36E-07,5.33E-07,44.2171,-32.7305,0.00107433,144.539,4730.84,20644.7,16633
-1,37,37,9.55E-06,2.36E-07,5.96E-06,6.33E-07,4,2,364003,9.20E+08,0.5,27,8.12E-10,0.640858,1.11E-06,4.12E-06,26.9847,-23.8519,0.00509778,246.687,5883.94,9181.34,33657.7
-1,38,38,1.36E-05,5.24E-07,1.92E-05,9.37E-07,5,1,367006,9.20E+08,0.5,27,7.50E-10,0.233806,1.32E-07,3.26E-07,40.5075,-34.8672,0.00151982,135.1,4710.57,20147.4,19796.4
-1,39,39,1.14E-05,8.60E-07,1.06E-05,9.36E-07,9,3,230779,9.20E+08,0.5,27,1.54E-09,0.577073,1.41E-06,2.35E-06,59.9366,-26.2871,0.00188452,493.389,12969.7,22475,6281.74
-1,40,40,1.90E-05,5.76E-07,6.64E-06,8.58E-07,6,1,290818,9.20E+08,0.5,27,8.33E-10,0.272106,2.33E-07,5.40E-07,43.146,-32.6791,0.00106684,167.473,5472.87,20113,17518
-1,41,41,1.90E-05,3.34E-07,1.95E-05,5.19E-07,4,2,483396,9.20E+08,0.5,27,8.33E-10,0.523747,5.60E-07,1.31E-06,42.6878,-28.8234,0.00329021,318.927,9192.55,17551.5,17903.3
-1,42,42,1.14E-05,6.31E-07,1.39E-05,3.72E-07,10,4,86883.1,9.20E+08,0.5,27,1.82E-09,0.653785,4.86E-06,7.93E-06,61.3314,-21.0072,0.00432386,571.985,12015.8,18378.8,5602.02
-1,43,43,8.23E-06,8.01E-07,1.78E-05,9.64E-07,7,3,439944,9.20E+08,0.5,27,1.35E-09,0.5762,7.40E-07,1.10E-06,67.4913,-29.6002,0.00331721,554.738,16420.4,28497.7,3065.53
-1,44,44,8.57E-06,8.73E-07,6.90E-06,4.78E-07,5,4,103242,9.20E+08,0.5,27,1.32E-09,0.661795,4.19E-06,6.57E-06,63.8078,-21.8276,0.00516635,602.37,13148.3,19867.6,4491.11
-1,45,45,1.68E-05,8.08E-07,1.54E-05,8.24E-07,10,4,107699,9.20E+08,0.5,27,1.85E-09,0.55931,2.85E-06,3.95E-06,72.2233,-24.0384,0.00248264,576.23,13851.7,24765.6,1632.44
-1,46,46,4.61E-06,9.92E-07,3.73E-06,8.13E-07,6,4,12858.2,9.20E+08,0.5,27,1.42E-09,0.190511,2.72E-06,1.21E-05,22.5224,-19.1785,0.00552856,61.207,1173.86,6161.63,39035.3
-1,47,47,1.04E-05,5.93E-07,3.67E-06,9.23E-07,4,1,432453,9.20E+08,0.5,27,6.19E-10,0.459316,4.64E-07,8.67E-07,53.5331,-30.6176,0.00149171,350.752,10739.2,23380.8,9901.67
-1,48,48,1.70E-05,5.52E-07,1.49E-05,3.95E-07,4,1,316266,9.20E+08,0.5,27,6.31E-10,0.385186,4.53E-07,6.55E-07,69.1663,-31.838,0.00169751,380.041,12099.8,31412.8,2507.18
-1,49,49,1.27E-05,7.63E-07,1.64E-05,5.60E-07,6,3,132073,9.20E+08,0.5,27,1.24E-09,0.573251,2.46E-06,3.34E-06,73.5615,-24.764,0.00391592,601.535,14896.4,25985.9,1308.4
0,0,50,1.37E-05,7.89E-07,1.71E-05,9.26E-07,10,3,10000,9.20E+08,0.5,27,1.65E-09,0.137411,1.81E-06,7.38E-06,24.584,-21.322,0.0043813,48.1881,1027.47,7477.33,36502
0,1,51,2.00E-05,1.00E-06,1.67E-05,4.56E-07,6,3,398626,9.20E+08,0.5,27,1.26E-09,0.553376,7.59E-07,1.29E-06,58.6989,-28.8832,0.00234293,463.357,13383.3,24184.8,6917.5
0,2,52,2.00E-05,4.03E-07,1.40E-05,3.20E-07,10,3,83708.2,9.20E+08,0.5,27,1.63E-09,0.595199,4.18E-06,7.08E-06,59.093,-21.5015,0.00357682,501.723,10787.8,18124.7,6711.74
0,3,53,1.87E-05,4.26E-07,1.54E-05,1.00E-06,4,2,231599,9.20E+08,0.5,27,8.47E-10,0.462037,8.95E-07,1.38E-06,64.9665,-28.6111,0.00367044,428.186,12250.8,26514.9,4013.42
0,4,54,5.00E-07,5.64E-07,7.68E-06,1.00E-06,3,3,500000,9.20E+08,0.5,27,9.16E-10,0.684946,9.08E-07,1.34E-06,67.6102,-28.7181,0.00916601,660.594,18971,27697.1,3024.06
0,5,55,1.84E-05,8.49E-07,1.53E-06,7.66E-07,9,5,10000,9.20E+08,0.5,27,1.93E-09,0.0591537,3.38E-07,6.91E-06,4.89007,-21.6077,0.00159982,4.12633,89.1605,1507.27,64177.6
0,6,56,2.00E-05,3.33E-07,2.00E-05,7.01E-07,9,5,118496,9.20E+08,0.5,27,1.94E-09,0.622085,3.22E-06,7.43E-06,43.3596,-21.2893,0.00505388,384.77,8191.47,13167.8,17339.3
0,7,57,1.21E-05,4.60E-07,2.00E-05,2.39E-07,4,3,500000,9.20E+08,0.5,27,1.02E-09,0.642317,8.11E-07,3.41E-06,23.8039,-24.6749,0.00994906,218.104,5381.68,8378.55,37449.7
0,8,58,1.81E-05,8.14E-07,5.91E-06,1.00E-06,2,3,500000,9.20E+08,0.5,27,8.41E-10,0.578809,6.60E-07,1.60E-06,41.1743,-27.9498,0.00470556,339.96,9501.83,16416.2,19206.9
0,9,59,1.73E-06,1.80E-07,9.82E-06,1.80E-07,10,3,248703,9.20E+08,0.5,27,1.60E-09,0.770559,2.35E-06,7.75E-06,30.3373,-21.1079,0.00817772,333.464,7038.71,9134.55,29880.1
0,10,60,5.00E-07,7.94E-07,1.53E-05,6.27E-07,2,4,258991,9.20E+08,0.5,27,1.02E-09,0.635797,1.49E-06,2.37E-06,62.9552,-26.2452,0.0154522,570.973,14985.3,23569.3,4859.75
0,11,61,1.10E-05,8.57E-07,1.78E-05,6.14E-07,4,2,56309.4,9.20E+08,0.5,27,8.41E-10,0.408345,2.89E-06,3.92E-06,73.6823,-24.0667,0.00529395,429.197,10329.4,25295.7,1280.98
0,12,62,1.04E-05,5.65E-07,1.26E-05,1.80E-07,10,3,61358.8,9.20E+08,0.5,27,1.62E-09,0.656002,6.92E-06,1.04E-05,66.3392,-19.817,0.00627027,620.785,12302.1,18753.2,3482.27
0,13,63,1.63E-05,8.80E-07,1.21E-05,6.03E-07,2,1,277150,9.20E+08,0.5,27,4.43E-10,0.295062,3.02E-07,5.21E-07,57.9728,-32.8351,0.00303215,244.008,8012.02,27153.7,7305.01
0,14,64,1.10E-05,2.48E-07,9.74E-06,7.56E-07,9,1,441565,9.20E+08,0.5,27,1.12E-09,0.471321,4.73E-07,8.88E-07,53.2056,-30.5135,0.000954887,357.718,10915.2,23158.8,10108.9
0,15,65,1.68E-05,6.94E-07,1.40E-05,4.50E-07,8,2,10000,9.20E+08,0.5,27,1.24E-09,0.167695,2.71E-06,9.12E-06,29.6925,-20.3986,0.00497151,71.0286,1448.88,8639.97,30590.1
0,16,66,1.91E-05,1.00E-06,9.20E-06,5.72E-07,9,3,277517,9.20E+08,0.5,27,1.55E-09,0.562368,1.12E-06,1.88E-06,59.4055,-27.2569,0.00142019,476.555,12989.4,23097.7,6550.8
0,17,67,1.96E-05,8.63E-07,3.12E-06,1.00E-06,5,5,164601,9.20E+08,0.5,27,1.54E-09,0.54105,1.73E-06,4.73E-06,36.5383,-23.2534,0.00228779,282.002,6557.51,12120,23485.4
0,18,68,8.55E-07,5.96E-07,1.07E-05,1.00E-06,5,3,500000,9.20E+08,0.5,27,1.12E-09,0.659287,8.43E-07,1.13E-06,74.2903,-29.4514,0.00624583,698.671,20576.9,31210.8,1146.97
0,19,69,8.39E-07,6.53E-07,1.21E-05,8.39E-07,2,1,37630.3,9.20E+08,0.5,27,4.21E-10,0.116587,3.37E-07,1.59E-06,21.2026,-27.9812,0.00536353,35.2619,986.67,8462.97,40702.2
0,20,70,9.68E-06,6.72E-07,2.00E-05,8.98E-07,4,3,475619,9.20E+08,0.5,27,1.05E-09,0.571329,6.76E-07,9.11E-07,74.2752,-30.4064,0.00484034,605.336,18406.1,32216.2,1150.21
0,21,71,5.00E-07,9.37E-07,6.94E-06,4.44E-07,10,4,500000,9.20E+08,0.5,27,1.81E-09,0.742039,1.04E-06,2.69E-06,38.7393,-25.6962,0.00300913,410.057,10536.9,14200,21400.5
0,22,72,1.44E-05,1.00E-06,2.00E-05,7.49E-07,2,3,432524,9.20E+08,0.5,27,8.59E-10,0.547648,6.85E-07,1.09E-06,63.1259,-29.6426,0.00549686,493.146,14618.1,26692.6,4784.77
0,23,73,1.35E-05,5.77E-07,4.82E-06,7.58E-07,6,2,221816,9.20E+08,0.5,27,1.02E-09,0.547201,1.31E-06,2.60E-06,50.5449,-25.849,0.00179897,394.539,10198.4,18637.4,11871.6
0,24,74,9.09E-06,6.13E-07,1.00E-05,1.00E-06,8,3,500000,9.20E+08,0.5,27,1.43E-09,0.626052,7.67E-07,1.84E-06,41.5972,-27.3434,0.00306536,371.485,10157.7,16224.9,18838
0,25,75,8.45E-06,7.96E-07,5.00E-07,7.71E-07,3,1,334408,9.20E+08,0.5,27,5.14E-10,0.235034,1.55E-07,8.05E-07,19.2065,-30.9443,0.000692878,64.3942,1992.63,8478.04,43288.4
0,26,76,1.81E-05,2.63E-07,1.52E-05,2.97E-07,10,5,497567,9.20E+08,0.5,27,2.02E-09,0.700646,9.75E-07,1.05E-05,9.26482,-19.7778,0.00636891,92.598,1831.39,2613.86,57358.2
0,27,77,7.66E-06,6.91E-07,1.07E-05,1.80E-07,2,2,163558,9.20E+08,0.5,27,6.14E-10,0.642368,2.46E-06,3.94E-06,62.3916,-24.0473,0.0153138,571.711,13748.1,21402.2,5111.38
0,28,78,2.00E-05,6.77E-07,8.24E-06,8.22E-07,3,2,77125.2,9.20E+08,0.5,27,7.41E-10,0.334144,1.41E-06,2.75E-06,51.1116,-25.605,0.00503733,243.624,6237.99,18668.5,11484.5
0,29,79,2.10E-06,2.87E-07,1.73E-05,2.36E-07,10,4,303427,9.20E+08,0.5,27,1.81E-09,0.740784,1.78E-06,6.52E-06,27.2567,-21.8575,0.00861235,288.025,6295.52,8498.45,33342.9
0,30,80,1.13E-05,2.30E-07,9.09E-06,7.21E-07,7,2,72902.2,9.20E+08,0.5,27,1.12E-09,0.509722,3.48E-06,6.15E-06,56.5794,-22.1082,0.0036996,411.395,9095.19,17843.4,8077.28
0,31,81,5.00E-07,3.57E-07,5.00E-07,9.86E-07,8,1,500000,9.20E+08,0.5,27,1.00E-09,0.586522,5.95E-07,1.64E-06,36.3329,-27.8543,0.00174583,303.984,8467.25,14436.4,23684.8
0,32,82,5.50E-06,1.80E-07,1.38E-05,4.54E-07,10,4,230656,9.20E+08,0.5,27,1.81E-09,0.716251,2.20E-06,8.03E-06,27.3875,-20.9515,0.0049973,279.823,5862.72,8185.29,33192
0,33,83,2.00E-05,4.24E-07,8.28E-07,2.02E-07,2,2,421518,9.20E+08,0.5,27,6.17E-10,0.568047,7.54E-07,3.17E-06,23.8114,-24.9938,0.0021682,192.946,4822.45,8489.53,37440.4
0,34,84,2.00E-05,3.01E-07,2.00E-05,1.00E-06,8,1,350233,9.20E+08,0.5,27,1.05E-09,0.149149,5.22E-08,2.41E-07,21.6891,-36.1874,0.00292167,46.1453,1669.88,11196.1,40087.9
0,35,85,5.00E-07,9.98E-07,1.84E-05,4.25E-07,8,4,500000,9.20E+08,0.5,27,1.62E-09,0.666956,8.33E-07,2.55E-06,32.6896,-25.9367,0.00571533,311.009,8066.55,12094.6,27363.7
0,36,86,7.76E-06,8.61E-07,1.35E-05,1.80E-07,3,2,10000,9.20E+08,0.5,27,7.18E-10,0.360715,1.21E-05,2.20E-05,54.8519,-16.5808,0.0258892,282.242,4679.8,12973.7,9089.23
0,37,87,8.00E-06,2.42E-07,5.00E-07,8.58E-07,3,1,364003,9.20E+08,0.5,27,5.05E-10,0.316825,2.57E-07,2.44E-06,10.5315,-26.1193,0.00115168,47.5966,1243.19,3923.9,55455.8
0,38,88,2.00E-05,8.06E-07,1.92E-05,7.54E-07,4,1,260652,9.20E+08,0.5,27,6.61E-10,0.127214,5.69E-08,2.76E-07,20.6015,-35.5845,0.000729478,37.3851,1330.33,10457.5,41473.8
0,39,89,1.14E-05,4.40E-07,1.12E-05,1.00E-06,7,3,488259,9.20E+08,0.5,27,1.33E-09,0.615672,7.61E-07,2.21E-06,34.4952,-26.562,0.00352205,302.953,8047.02,13070.3,25507.3
0,40,90,1.90E-05,5.76E-07,5.00E-07,4.34E-07,2,1,102737,9.20E+08,0.5,27,4.22E-10,0.0668717,4.23E-08,5.91E-07,7.15679,-32.2864,0.000847598,6.82695,220.418,3296.13,60597.2
0,41,91,1.90E-05,3.34E-07,1.63E-05,4.86E-07,10,1,384853,9.20E+08,0.5,27,1.23E-09,0.370009,3.23E-07,5.87E-07,54.9965,-32.3172,0.000764137,290.278,9380.97,25353.3,9002.22
0,42,92,1.38E-05,7.43E-07,1.56E-05,5.09E-07,2,3,194000,9.20E+08,0.5,27,8.36E-10,0.590327,1.77E-06,2.59E-06,68.4655,-25.8725,0.00870779,576.541,14916.6,25268.3,2733.91
0,43,93,8.23E-06,1.00E-06,1.79E-05,6.65E-07,2,4,10000,9.20E+08,0.5,27,1.04E-09,0.303439,8.37E-06,1.83E-05,45.6243,-17.3671,0.0263072,197.485,3429.75,11302.9,15504.7
0,44,94,2.00E-05,5.42E-07,6.90E-06,2.27E-07,5,2,10000,9.20E+08,0.5,27,9.25E-10,0.25255,6.08E-06,1.53E-05,39.7818,-18.1577,0.0111638,143.317,2602.31,10304.1,20447.3
0,45,95,1.69E-05,8.08E-07,1.83E-05,7.14E-07,7,3,107699,9.20E+08,0.5,27,1.35E-09,0.511693,2.39E-06,2.99E-06,79.9109,-25.2494,0.00287165,583.286,14727.6,28782.1,258.991
0,46,96,5.00E-07,9.92E-07,9.45E-06,6.06E-07,10,4,384758,9.20E+08,0.5,27,1.81E-09,0.691731,1.17E-06,2.53E-06,46.2074,-25.974,0.00337636,455.948,11842.8,17120.5,15048.6
0,47,97,5.59E-06,1.80E-07,3.67E-06,6.72E-07,10,4,500000,9.20E+08,0.5,27,1.81E-09,0.757617,1.12E-06,9.52E-06,11.8097,-20.2132,0.00211293,127.631,2579.83,3405.19,53568.1
0,48,98,1.13E-05,5.52E-07,1.29E-05,2.57E-07,7,1,10000,9.20E+08,0.5,27,9.19E-10,0.116067,1.29E-06,5.64E-06,22.8311,-22.4854,0.00414244,37.8009,849.968,7323.08,38650.9
0,49,99,1.27E-05,8.83E-07,9.00E-06,3.00E-07,2,1,132073,9.20E+08,0.5,27,4.28E-10,0.392844,1.14E-06,1.52E-06,75.1305,-28.1762,0.00401961,421.02,11862.7,30197,974.17
1,0,100,1.37E-05,7.17E-07,1.10E-05,1.00E-06,10,3,351388,9.20E+08,0.5,27,1.64E-09,0.579894,9.31E-07,1.85E-06,50.3574,-27.332,0.00177741,416.561,11385.4,19633.7,12001.1
1,1,101,5.00E-07,8.43E-07,4.09E-06,8.07E-07,9,3,398626,9.20E+08,0.5,27,1.51E-09,0.709102,1.20E-06,2.12E-06,56.6561,-26.7349,0.00209653,573.088,15321.5,21606.9,8033.77
1,2,102,2.00E-05,4.71E-07,1.40E-05,3.38E-07,6,3,10000,9.20E+08,0.5,27,1.23E-09,0.360816,1.25E-05,2.34E-05,53.4411,-16.3109,0.0131562,275.06,4486.48,12434.3,9959.79
1,3,103,1.45E-05,4.26E-07,7.60E-06,3.31E-07,2,1,322755,9.20E+08,0.5,27,4.17E-10,0.487278,7.25E-07,1.09E-06,66.4386,-29.6216,0.00321386,461.81,13679.6,28073.4,3445.25
1,4,104,8.43E-06,2.49E-07,7.68E-06,7.26E-07,2,3,477671,9.20E+08,0.5,27,8.15E-10,0.687617,9.75E-07,5.06E-06,19.259,-22.958,0.0114298,188.906,4336.9,6307.15,43218.8
1,5,105,8.35E-06,6.97E-07,1.01E-05,8.70E-07,5,4,82104.4,9.20E+08,0.5,27,1.33E-09,0.60109,4.33E-06,6.34E-06,68.3474,-21.9811,0.00531637,586.041,12881.8,21430.8,2773.08
1,6,106,2.00E-05,7.79E-07,1.00E-05,9.84E-07,6,4,418282,9.20E+08,0.5,27,1.45E-09,0.599025,8.42E-07,2.18E-06,38.5334,-26.6055,0.00319351,329.267,8760.31,14624.3,21591.5
1,7,107,2.00E-05,6.49E-07,1.54E-05,2.39E-07,7,1,244981,9.20E+08,0.5,27,9.33E-10,0.347463,4.68E-07,7.70E-07,60.7997,-31.1331,0.000913507,301.353,9382.06,27001.6,5856.73
1,8,108,1.81E-05,6.12E-07,1.60E-05,5.87E-07,5,1,500000,9.20E+08,0.5,27,7.41E-10,0.340946,2.14E-07,3.96E-07,53.9826,-34.0242,0.00138232,262.546,8932.92,26200.4,9621.01
1,9,109,1.62E-05,2.28E-07,1.64E-05,7.30E-07,10,2,126661,9.20E+08,0.5,27,1.43E-09,0.491812,1.85E-06,3.05E-06,60.8938,-25.1639,0.00210189,427.208,10750.2,21858.4,5811.07
1,10,110,5.00E-07,1.80E-07,1.61E-05,9.89E-07,4,1,492813,9.20E+08,0.5,27,6.32E-10,0.396914,2.97E-07,4.29E-07,69.3122,-33.6741,0.00179296,392.439,13215,33294.5,2461.14
1,11,111,1.83E-05,1.00E-06,1.78E-05,1.00E-06,3,2,10000,9.20E+08,0.5,27,7.72E-10,0.0461482,1.80E-07,1.92E-06,9.37085,-27.1734,0.00589454,6.16879,167.627,3632.37,57199.3
1,12,112,1.45E-05,5.17E-07,7.23E-06,1.00E-06,10,2,487581,9.20E+08,0.5,27,1.43E-09,0.55427,6.01E-07,1.53E-06,39.2519,-28.1473,0.00121347,310.348,8735.43,15760.3,20928.9
1,13,113,5.00E-07,6.20E-07,8.11E-06,6.40E-07,6,1,500000,9.20E+08,0.5,27,8.11E-10,0.559217,5.96E-07,8.87E-07,67.1645,-30.52,0.00158799,535.78,16352,29240.9,3181.05
1,14,114,7.30E-06,3.13E-07,1.40E-05,1.00E-06,2,3,59783.9,9.20E+08,0.5,27,8.33E-10,0.519115,4.37E-06,6.19E-06,70.6252,-22.0864,0.0123523,522.985,11550.9,22251.1,2066.35
1,15,115,9.53E-06,6.56E-07,1.18E-05,1.80E-07,10,3,180381,9.20E+08,0.5,27,1.62E-09,0.676231,2.50E-06,5.64E-06,44.3726,-22.4838,0.0052045,428.032,9623.78,14231.5,16505.8
1,16,116,5.00E-07,2.31E-07,6.50E-06,7.86E-07,2,1,333036,9.20E+08,0.5,27,4.10E-10,0.581593,1.00E-06,1.29E-06,77.203,-28.8783,0.0047014,640.501,18496.6,31803.3,607.933
1,17,117,1.96E-05,1.80E-07,1.10E-05,6.83E-07,10,5,112663,9.20E+08,0.5,27,2.02E-09,0.65185,3.71E-06,1.36E-05,27.1876,-18.6522,0.00515715,252.804,4715.35,7233.79,33422.7
1,18,118,5.00E-07,1.80E-07,1.30E-05,1.00E-06,2,3,500000,9.20E+08,0.5,27,8.26E-10,0.659054,8.43E-07,1.19E-06,70.74,-29.236,0.0134977,665.047,19443.3,29501.8,2033.48
1,19,119,1.54E-05,1.80E-07,1.52E-05,4.47E-07,10,2,500000,9.20E+08,0.5,27,1.42E-09,0.576841,6.55E-07,2.64E-06,24.785,-25.7762,0.00261196,203.944,5256.91,9113.27,36258.5
1,20,120,1.67E-05,4.29E-07,2.00E-05,2.82E-07,9,2,10000,9.20E+08,0.5,27,1.33E-09,0.288587,8.07E-06,1.59E-05,50.6582,-17.9792,0.00735156,208.541,3749.4,12992.3,11793.9
1,21,121,2.57E-06,4.44E-07,1.17E-05,8.61E-07,9,1,25755.5,9.20E+08,0.5,27,1.12E-09,0.116725,5.10E-07,2.27E-06,22.4634,-26.4355,0.00181779,37.403,988.767,8470.88,39109.5
1,22,122,1.44E-05,4.80E-07,2.00E-05,8.47E-07,5,2,432524,9.20E+08,0.5,27,9.48E-10,0.496728,5.57E-07,8.71E-07,64.0247,-30.6011,0.00203009,453.662,13882.5,27948,4399.64
1,23,123,3.94E-06,1.90E-07,2.00E-05,1.00E-06,2,2,102005,9.20E+08,0.5,27,6.41E-10,0.462099,2.03E-06,2.57E-06,78.9322,-25.8933,0.0085921,520.302,13472.3,29154.7,368.196
1,24,124,7.39E-06,1.00E-06,1.76E-06,1.00E-06,4,2,444833,9.20E+08,0.5,27,8.18E-10,0.568763,6.98E-07,1.54E-06,45.1926,-28.1126,0.00130931,366.661,10307.8,18123.2,15846.3
1,25,125,2.00E-05,6.15E-07,5.00E-07,6.09E-07,6,2,200651,9.20E+08,0.5,27,1.03E-09,0.19119,1.68E-07,1.71E-06,9.77356,-27.6587,0.000430201,26.6553,737.251,3856.12,56590.9
1,26,126,1.88E-05,9.08E-07,2.00E-05,4.60E-07,10,4,78270.5,9.20E+08,0.5,27,1.85E-09,0.564174,4.01E-06,5.33E-06,75.3385,-22.7353,0.00307273,606.313,13784.7,24433.5,933.436
1,27,127,6.65E-06,7.52E-07,1.72E-05,6.79E-07,10,5,16768.1,9.20E+08,0.5,27,2.03E-09,0.472623,1.30E-05,2.02E-05,64.598,-16.9562,0.00659303,435.512,7384.62,15624.8,4162.41
1,28,128,5.00E-07,6.77E-07,1.49E-05,7.54E-07,2,3,500000,9.20E+08,0.5,27,8.23E-10,0.634696,7.73E-07,1.11E-06,69.7948,-29.5542,0.0131124,631.909,18675.6,29424.5,2311.99
1,29,129,2.10E-06,5.05E-07,1.01E-05,2.36E-07,2,2,236009,9.20E+08,0.5,27,6.07E-10,0.703817,2.04E-06,3.87E-06,52.6388,-24.1205,0.0183837,528.484,12747.3,18111.7,10472.5
1,30,130,5.00E-07,1.80E-07,1.10E-05,9.71E-07,2,1,500000,9.20E+08,0.5,27,4.22E-10,0.49461,4.77E-07,5.87E-07,81.2839,-32.3173,0.00283352,573.5,18533.9,37471.9,138.094
1,31,131,8.48E-06,9.46E-07,1.23E-05,5.43E-07,6,2,353730,9.20E+08,0.5,27,1.03E-09,0.570814,9.08E-07,1.36E-06,66.9821,-28.6781,0.00224505,545.405,15641.2,27401.6,3246.45
1,32,132,2.68E-06,7.49E-07,1.30E-05,2.26E-07,2,2,85074.3,9.20E+08,0.5,27,6.10E-10,0.628658,4.48E-06,6.19E-06,72.4182,-22.0828,0.0195986,649.424,14341.1,22812.2,1583.02
1,33,133,1.16E-05,5.78E-07,8.28E-07,3.19E-07,3,1,500000,9.20E+08,0.5,27,5.14E-10,0.483412,4.50E-07,1.10E-06,40.804,-29.5738,0.00091808,281.376,8321.36,17213.8,19532.9
1,34,134,1.99E-05,7.27E-07,2.00E-05,1.80E-07,10,1,350233,9.20E+08,0.5,27,1.24E-09,0.335157,2.92E-07,5.64E-07,51.7877,-32.4852,0.000618968,247.595,8043.16,23998.2,11030.8
1,35,135,5.00E-07,3.29E-07,1.72E-05,1.00E-06,3,4,433584,9.20E+08,0.5,27,1.13E-09,0.647389,9.31E-07,1.21E-06,76.9985,-29.1758,0.0127155,711.072,20746.1,32045.8,640.247
1,36,136,6.72E-06,5.16E-07,1.64E-05,1.80E-07,8,4,79826.8,9.20E+08,0.5,27,1.61E-09,0.709366,6.18E-06,1.14E-05,54.2664,-19.4362,0.0118345,549.121,10672.8,15045.5,9445.55
1,37,137,9.55E-06,2.36E-07,1.69E-05,9.36E-07,3,2,56211.1,9.20E+08,0.5,27,7.36E-10,0.383846,2.53E-06,3.91E-06,64.8332,-24.0828,0.00819186,354.994,8549.22,22272.6,4067.09
1,38,138,4.56E-06,1.00E-06,1.16E-05,2.91E-07,2,4,116206,9.20E+08,0.5,27,1.02E-09,0.704772,4.14E-06,6.50E-06,63.759,-21.8741,0.0209834,640.997,14021.2,19894.7,4511.81
1,39,139,4.78E-06,7.15E-07,7.46E-06,5.75E-07,6,3,368720,9.20E+08,0.5,27,1.22E-09,0.696252,1.30E-06,2.94E-06,44.2061,-25.3168,0.0035323,439.051,11115.4,15964.6,16641.4
1,40,140,1.34E-05,5.76E-07,6.64E-06,6.12E-07,2,4,39233.7,9.20E+08,0.5,27,1.02E-09,0.534477,7.04E-06,1.23E-05,57.2513,-19.1019,0.0151682,436.496,8337.89,15600.1,7699.91
1,41,141,4.63E-06,1.00E-06,3.90E-06,8.57E-07,8,5,43400.4,9.20E+08,0.5,27,1.82E-09,0.479467,5.17E-06,1.00E-05,51.6638,-20.0002,0.0033931,353.355,7067.18,14739.7,11113
1,42,142,1.88E-05,1.00E-06,1.56E-05,8.87E-07,10,2,500000,9.20E+08,0.5,27,1.47E-09,0.46583,4.09E-07,7.11E-07,57.4897,-31.4789,0.00108095,382.018,12025.5,25815.2,7568.15
1,43,143,2.00E-05,1.80E-07,1.78E-05,8.28E-07,7,2,439944,9.20E+08,0.5,27,1.14E-09,0.50675,5.67E-07,1.54E-06,36.7997,-28.1204,0.00241414,266.014,7480.4,14761.5,23232.7
1,44,144,1.36E-05,1.00E-06,8.74E-06,1.80E-07,10,4,103242,9.20E+08,0.5,27,1.83E-09,0.658611,4.15E-06,6.61E-06,62.8046,-21.7952,0.00412734,590.047,12860.2,19526.2,4926.36
1,45,145,1.61E-05,7.28E-07,1.82E-05,1.00E-06,10,4,10000,9.20E+08,0.5,27,1.86E-09,0.172898,2.87E-06,9.97E-06,28.7846,-20.0124,0.0055646,70.9929,1420.74,8217.21,31602.6
1,46,146,5.00E-07,9.92E-07,2.45E-06,9.89E-07,3,4,384758,9.20E+08,0.5,27,1.11E-09,0.709035,1.27E-06,2.00E-06,63.4033,-26.9965,0.00417881,641.277,17312.3,24416.7,4664.18
1,47,147,1.04E-05,2.96E-07,2.00E-05,9.23E-07,6,1,500000,9.20E+08,0.5,27,8.43E-10,0.340225,2.03E-07,3.84E-07,52.8195,-34.1526,0.00177165,256.346,8754.89,25732.6,10356.1
1,48,148,1.70E-05,9.75E-07,1.49E-05,4.52E-07,7,1,180306,9.20E+08,0.5,27,9.47E-10,0.230865,2.74E-07,6.00E-07,45.6279,-32.2197,0.000902265,150.264,4841.44,20970.9,15502.2
1,49,149,1.27E-05,9.48E-07,6.88E-06,3.07E-07,5,1,283976,9.20E+08,0.5,27,7.28E-10,0.448995,6.92E-07,9.22E-07,75.0376,-30.3539,0.00113633,480.603,14588.2,32490.7,992.52
2,0,150,1.40E-05,4.04E-07,1.57E-05,1.00E-06,10,2,10000,9.20E+08,0.5,27,1.44E-09,0.0744676,5.27E-07,3.62E-06,14.5752,-24.4141,0.00295086,15.4828,377.999,5076.02,49597.9
2,1,151,1.30E-05,9.61E-07,5.00E-07,3.76E-07,3,1,500000,9.20E+08,0.5,27,5.25E-10,0.284752,1.51E-07,4.81E-07,31.3298,-33.1818,0.000492325,127.26,4222.7,14829.4,28805.3
2,2,152,1.06E-05,7.95E-07,1.22E-06,3.20E-07,6,4,92140.3,9.20E+08,0.5,27,1.42E-09,0.552561,3.24E-06,7.34E-06,44.1246,-21.3426,0.0022644,347.798,7422.9,13433.6,16708
2,3,153,1.45E-05,3.19E-07,7.60E-06,4.58E-07,2,1,10000,9.20E+08,0.5,27,4.16E-10,0.0778896,5.37E-07,3.90E-06,13.7749,-24.0911,0.00867762,15.3051,368.716,4733.83,50731.5
2,4,154,8.50E-06,9.23E-07,1.80E-05,4.61E-07,2,1,350861,9.20E+08,0.5,27,4.32E-10,0.408749,4.63E-07,5.94E-07,77.9597,-32.2602,0.00340038,454.562,14664.2,35876,495.718
2,5,155,1.17E-05,6.97E-07,1.48E-05,8.70E-07,5,1,237852,9.20E+08,0.5,27,7.42E-10,0.265223,2.74E-07,5.27E-07,51.9533,-32.7835,0.00166295,196.558,6443.88,24296,10921.3
2,6,156,7.26E-06,3.33E-07,8.14E-06,7.01E-07,8,4,10000,9.20E+08,0.5,27,1.62E-09,0.291697,8.22E-06,2.41E-05,34.1527,-16.1874,0.00814384,142.11,2300.38,7886.22,25854.8
2,7,157,6.08E-06,4.67E-07,1.23E-05,2.39E-07,2,2,119327,9.20E+08,0.5,27,6.12E-10,0.646818,3.41E-06,5.23E-06,65.2356,-22.8132,0.0163161,601.912,13731.5,21229.4,3906.32
2,8,158,1.82E-05,5.39E-07,1.60E-05,4.56E-07,5,2,183795,9.20E+08,0.5,27,9.34E-10,0.515256,1.42E-06,1.99E-06,71.5368,-27.0101,0.00271476,525.797,14201.8,27562.7,1812.58
2,9,159,2.00E-05,9.00E-07,1.64E-05,7.28E-07,10,5,10000,9.20E+08,0.5,27,2.06E-09,0.263777,6.74E-06,1.68E-05,40.1189,-17.7498,0.0064322,150.957,2679.46,10158,20143.5
2,10,160,1.11E-05,5.26E-07,1.30E-05,1.00E-06,6,1,500000,9.20E+08,0.5,27,8.38E-10,0.382729,2.63E-07,3.92E-07,67.0971,-34.0681,0.00162628,366.32,12479.8,32607.5,3205.25
2,11,161,2.33E-06,9.23E-07,1.33E-05,1.00E-06,5,2,407283,9.20E+08,0.5,27,9.31E-10,0.559686,7.50E-07,9.08E-07,82.5902,-30.4196,0.00288161,659.386,20058.2,35838.3,58.0717
2,12,162,1.34E-05,1.80E-07,1.59E-05,3.79E-07,7,3,10000,9.20E+08,0.5,27,1.32E-09,0.431921,1.80E-05,3.10E-05,57.9768,-15.0896,0.0145276,357.211,5390.16,12479.5,7302.56
2,13,163,8.70E-06,6.20E-07,8.11E-06,1.00E-06,4,4,170497,9.20E+08,0.5,27,1.23E-09,0.641804,2.38E-06,4.47E-06,53.2895,-23.4978,0.00529665,487.877,11464,17862.2,10055.6
2,14,164,7.80E-06,9.11E-07,5.00E-07,7.97E-07,4,3,167014,9.20E+08,0.5,27,1.02E-09,0.27493,4.32E-07,2.91E-06,14.88,-25.3666,0.0010161,58.3566,1480.31,5384.3,49168.6
2,15,165,1.50E-05,1.00E-06,1.48E-06,9.75E-07,9,3,256378,9.20E+08,0.5,27,1.53E-09,0.43618,6.68E-07,2.08E-06,32.1311,-26.822,0.000800218,199.921,5362.28,12293.7,27951.2
2,16,166,2.15E-06,1.80E-07,9.38E-06,3.19E-07,2,2,10000,9.20E+08,0.5,27,6.07E-10,0.453124,1.86E-05,3.20E-05,58.1363,-14.9424,0.0425274,375.778,5615.03,12391.8,7216.61
2,17,167,2.00E-05,4.03E-07,8.10E-06,1.80E-07,8,3,44213,9.20E+08,0.5,27,1.42E-09,0.611324,8.33E-06,1.29E-05,64.4421,-18.884,0.00615184,561.963,10612.1,17359.2,4226.29
2,18,168,5.89E-06,2.13E-07,1.19E-05,2.34E-07,6,2,10000,9.20E+08,0.5,27,1.01E-09,0.491171,2.31E-05,3.45E-05,67.1175,-14.6235,0.0188181,470.256,6876.78,14000.8,3198.27
2,19,169,2.00E-05,5.08E-07,1.35E-05,7.93E-07,9,2,252951,9.20E+08,0.5,27,1.34E-09,0.487452,9.06E-07,1.52E-06,59.5103,-28.1741,0.00131652,413.8,11658.4,23917.1,6497.23
2,20,170,4.05E-06,6.77E-07,1.21E-05,1.80E-07,4,3,149271,9.20E+08,0.5,27,1.01E-09,0.714495,3.33E-06,6.56E-06,50.7031,-21.8293,0.0165957,516.773,11280.8,15788.5,11762.8
2,21,171,1.58E-05,6.62E-07,2.42E-06,6.12E-07,2,5,10000,9.20E+08,0.5,27,1.22E-09,0.127219,1.45E-06,1.27E-05,11.4619,-18.9644,0.0125705,20.8006,394.472,3100.73,54079.6
2,22,172,1.44E-05,4.02E-07,1.91E-05,9.53E-07,2,3,211416,9.20E+08,0.5,27,8.48E-10,0.548239,1.40E-06,2.38E-06,58.6597,-26.2285,0.00736358,458.75,12032.4,21947.3,6938.1
2,23,173,8.15E-06,6.18E-07,1.32E-05,2.56E-07,2,2,10000,9.20E+08,0.5,27,6.17E-10,0.380776,1.31E-05,2.30E-05,56.8869,-16.3743,0.0366114,308.993,5059.54,13287.5,7903.57
2,24,174,5.00E-07,1.80E-07,1.20E-05,9.25E-07,2,1,478208,9.20E+08,0.5,27,4.22E-10,0.482657,4.74E-07,5.94E-07,79.7632,-32.2616,0.00282712,549.17,17717.1,36707.4,274.248
2,25,175,1.97E-05,1.80E-07,1.49E-05,1.00E-06,8,3,39853.2,9.20E+08,0.5,27,1.44E-09,0.381107,3.52E-06,7.54E-06,46.7469,-21.2272,0.00538991,254.136,5394.58,14155,14633.1
2,26,176,1.88E-05,4.20E-07,1.89E-05,4.60E-07,7,2,346458,9.20E+08,0.5,27,1.13E-09,0.523201,7.78E-07,1.45E-06,53.7073,-28.3891,0.00203415,400.838,11379.4,21749.6,9792.34
2,27,177,1.73E-05,6.45E-07,1.72E-05,1.80E-07,2,1,373454,9.20E+08,0.5,27,4.29E-10,0.403538,4.27E-07,6.11E-07,69.9442,-32.142,0.00273457,402.627,12941.3,32069.5,2266.83
2,28,178,2.00E-05,5.10E-07,1.38E-05,2.96E-07,8,2,196913,9.20E+08,0.5,27,1.23E-09,0.539558,1.46E-06,2.44E-06,59.7957,-26.124,0.00213252,460.229,12023,22283.1,6352.59
2,29,179,1.13E-05,7.76E-07,1.05E-05,1.80E-07,8,2,102333,9.20E+08,0.5,27,1.22E-09,0.588674,3.35E-06,4.56E-06,73.3603,-23.41,0.00356669,616.031,14421.3,24497.9,1354.81
2,30,180,5.00E-07,1.80E-07,8.58E-06,7.74E-07,4,4,500000,9.20E+08,0.5,27,1.21E-09,0.745512,1.09E-06,2.41E-06,45.2232,-26.181,0.00817847,480.93,12591.2,16889.4,15821.9
2,31,181,8.48E-06,1.00E-06,1.50E-05,1.80E-07,10,4,10000,9.20E+08,0.5,27,1.82E-09,0.493627,2.36E-05,3.58E-05,65.8613,-14.4559,0.0130167,463.762,6704.09,13581.3,3663.8
2,32,182,1.26E-05,1.00E-06,1.30E-05,1.80E-07,3,2,85074.3,9.20E+08,0.5,27,7.30E-10,0.541114,3.37E-06,4.18E-06,80.6907,-23.7867,0.00787444,622.843,14815.4,27379.4,185.704
2,33,183,2.22E-06,7.83E-07,1.97E-05,1.00E-06,8,1,127095,9.20E+08,0.5,27,1.04E-09,0.152309,1.67E-07,5.62E-07,29.6759,-32.5033,0.00135481,64.4754,2095.67,13759.3,30608.6
2,34,184,1.27E-05,7.45E-07,1.46E-05,5.62E-07,4,4,350233,9.20E+08,0.5,27,1.24E-09,0.644656,1.17E-06,2.80E-06,41.875,-25.5223,0.00625531,385.078,9828.07,15245.5,18597.7
2,35,185,6.26E-06,9.98E-07,8.67E-06,6.14E-07,4,2,10000,9.20E+08,0.5,27,8.23E-10,0.168861,2.68E-06,1.02E-05,26.4157,-19.9301,0.0090861,63.6292,1268.14,7509.97,34322.1
2,36,186,1.95E-05,8.61E-07,1.26E-05,1.80E-07,10,3,10000,9.20E+08,0.5,27,1.64E-09,0.390494,1.48E-05,2.42E-05,61.2359,-16.1633,0.00913683,341.104,5513.38,14119,5647.44
2,37,187,9.55E-06,9.40E-07,8.41E-06,4.55E-07,3,2,454868,9.20E+08,0.5,27,7.26E-10,0.597184,7.76E-07,1.23E-06,62.8835,-29.0876,0.00382557,535.687,15581.9,26092.2,4891.38
2,38,188,2.00E-05,1.00E-06,2.00E-05,1.80E-07,10,5,10000,9.20E+08,0.5,27,2.05E-09,0.505208,2.48E-05,3.37E-05,73.5739,-14.7245,0.0125766,530.225,7807.32,15453.7,1305.78
2,39,189,2.00E-05,1.00E-06,1.06E-05,9.36E-07,9,5,10000,9.20E+08,0.5,27,1.96E-09,0.171532,2.83E-06,1.13E-05,25.1382,-19.4844,0.00532821,61.5101,1198.49,6986.97,35835.2
2,40,190,5.00E-07,5.76E-07,3.40E-06,6.12E-07,4,2,183282,9.20E+08,0.5,27,8.05E-10,0.661611,2.34E-06,3.41E-06,68.4719,-24.6689,0.00380271,646.221,15941.6,24095.1,2731.78
2,41,191,2.36E-06,3.34E-07,1.63E-05,1.00E-06,7,1,384853,9.20E+08,0.5,27,9.34E-10,0.408788,3.98E-07,5.71E-07,69.7357,-32.434,0.00147132,406.649,13189.2,32264.2,2330.06
2,42,192,1.38E-05,7.43E-07,6.14E-06,3.02E-07,4,1,182802,9.20E+08,0.5,27,6.24E-10,0.433582,1.01E-06,1.37E-06,73.6724,-28.6436,0.00181142,455.662,13051.8,30102.2,1283.18
2,43,193,8.23E-06,4.72E-07,1.02E-05,1.80E-07,10,3,85732.3,9.20E+08,0.5,27,1.61E-09,0.695048,5.56E-06,9.96E-06,55.8691,-20.019,0.0063596,553.927,11089.1,15954.4,8486.11
2,44,194,1.60E-05,5.85E-07,6.90E-06,4.78E-07,2,2,318383,9.20E+08,0.5,27,6.25E-10,0.572983,1.02E-06,1.94E-06,52.6229,-27.133,0.00509884,430.113,11670.3,20367.6,10482.8
2,45,195,1.52E-05,8.08E-07,6.10E-06,1.80E-07,10,1,41493.5,9.20E+08,0.5,27,1.23E-09,0.253119,1.50E-06,3.13E-06,47.9779,-25.0443,0.0015612,173.233,4338.51,17140.2,13706.8
2,46,196,5.00E-07,1.80E-07,8.76E-06,9.89E-07,4,2,130521,9.20E+08,0.5,27,8.18E-10,0.566611,2.41E-06,3.06E-06,78.7621,-25.1422,0.00428206,636.603,16005.6,28247.9,389.114
2,47,197,2.84E-06,4.97E-07,5.00E-07,7.54E-07,8,3,224656,9.20E+08,0.5,27,1.40E-09,0.472862,9.13E-07,4.11E-06,22.238,-23.8645,0.000702928,150.002,3579.72,7570.32,39390.7
2,48,198,2.00E-05,9.11E-07,6.30E-06,1.80E-07,2,2,303660,9.20E+08,0.5,27,6.39E-10,0.544168,9.63E-07,1.50E-06,64.0212,-28.2258,0.00438283,496.961,14027.1,25777.2,4401.11
2,49,199,1.41E-06,1.00E-06,9.46E-06,2.00E-07,2,2,348596,9.20E+08,0.5,27,6.07E-10,0.70333,1.37E-06,3.06E-06,44.6304,-25.1407,0.0206141,447.771,11257.3,16005.7,16297
3,0,200,2.00E-05,9.43E-07,1.10E-05,8.67E-07,6,2,351388,9.20E+08,0.5,27,1.06E-09,0.466712,5.97E-07,9.45E-07,63.155,-30.2469,0.00165935,420.458,12717.6,27249.3,4772.04
3,1,201,5.00E-07,2.34E-07,7.43E-07,6.37E-07,4,2,10000,9.20E+08,0.5,27,8.01E-10,0.0905568,7.68E-07,8.28E-06,9.2743,-20.8202,0.00495866,11.9803,249.432,2754.43,57345.2
3,2,202,1.10E-05,1.80E-07,1.98E-05,9.69E-07,4,2,83708.2,9.20E+08,0.5,27,8.42E-10,0.410686,1.95E-06,2.86E-06,68.2385,-25.4404,0.00602277,399.766,10170.2,24763.9,2809.54
3,3,203,7.96E-06,1.96E-07,7.60E-06,3.31E-07,6,1,284783,9.20E+08,0.5,27,8.08E-10,0.570543,1.13E-06,2.29E-06,49.2461,-26.4036,0.00259161,400.799,10582.5,18548.2,12783.4
3,4,204,8.50E-06,9.23E-07,1.20E-05,1.00E-06,4,2,350861,9.20E+08,0.5,27,8.40E-10,0.528625,7.80E-07,9.79E-07,79.6373,-30.0902,0.00268242,600.524,18069.9,34182.8,287.586
3,5,205,6.41E-06,6.92E-07,1.33E-05,6.91E-07,8,4,82104.4,9.20E+08,0.5,27,1.63E-09,0.627525,4.73E-06,6.53E-06,72.4413,-21.8507,0.00422219,648.46,14169.3,22579.7,1577.21
3,6,206,5.00E-07,4.00E-07,2.00E-05,1.00E-06,2,1,460658,9.20E+08,0.5,27,4.40E-10,0.266232,1.43E-07,2.21E-07,64.7256,-36.5511,0.00338208,245.812,8984.72,33747.6,4118.15
3,7,207,9.70E-06,1.00E-06,1.23E-05,9.68E-07,5,1,500000,9.20E+08,0.5,27,7.43E-10,0.372594,2.52E-07,3.98E-07,63.3118,-33.9972,0.00187695,336.501,11440.1,30703.9,4703.92
3,8,208,6.23E-06,5.39E-07,5.00E-07,4.72E-07,5,1,213458,9.20E+08,0.5,27,7.07E-10,0.339947,5.08E-07,2.04E-06,24.95,-26.9084,0.00077401,120.989,3255.63,9576.89,36060.3
3,9,209,1.14E-05,6.94E-07,6.86E-06,7.30E-07,10,2,153367,9.20E+08,0.5,27,1.43E-09,0.532418,1.79E-06,2.74E-06,65.4321,-25.628,0.00133099,496.947,12735.8,23920.6,3829.04
3,10,210,1.46E-05,6.98E-07,1.55E-05,8.47E-07,10,2,335820,9.20E+08,0.5,27,1.45E-09,0.497684,7.10E-07,1.08E-06,65.4345,-29.6485,0.00112241,464.544,13773,27674.3,3828.09
3,11,211,5.00E-07,3.59E-07,1.66E-05,1.00E-06,2,1,500000,9.20E+08,0.5,27,4.34E-10,0.357768,2.41E-07,3.42E-07,70.4113,-34.6589,0.0031802,359.344,12454.5,34811.6,2128.46
3,12,212,7.99E-06,1.80E-07,2.00E-05,1.00E-06,10,2,10000,9.20E+08,0.5,27,1.44E-09,0.0847367,6.85E-07,4.24E-06,16.1442,-23.7231,0.00319941,19.5144,462.941,5463.29,47412.6
3,13,213,5.00E-07,1.80E-07,1.59E-05,1.00E-06,6,1,500000,9.20E+08,0.5,27,8.32E-10,0.400405,2.91E-07,4.46E-07,65.1882,-33.5098,0.00130589,372.335,12476.9,31160.7,3925.15
3,14,214,1.08E-05,8.97E-07,1.49E-05,9.85E-07,6,2,286677,9.20E+08,0.5,27,1.05E-09,0.49028,8.13E-07,1.06E-06,76.381,-29.7303,0.0018824,534.189,15881.6,32393,742.875
3,15,215,5.00E-07,1.80E-07,1.40E-05,1.00E-06,2,2,182299,9.20E+08,0.5,27,6.28E-10,0.528337,1.50E-06,1.82E-06,82.5856,-27.4077,0.00581791,622.417,17059,32288.2,58.2925
3,16,216,8.13E-06,3.24E-07,6.50E-06,8.00E-07,2,2,359857,9.20E+08,0.5,27,6.16E-10,0.628775,1.08E-06,2.92E-06,37.0612,-25.3448,0.00772088,332.415,8425,13399.1,22981.3
3,17,217,2.00E-05,6.79E-07,8.10E-06,4.53E-07,6,2,260829,9.20E+08,0.5,27,1.03E-09,0.527939,1.05E-06,1.78E-06,59.0627,-27.5008,0.00173138,444.798,12232.3,23169.9,6727.45
3,18,218,2.00E-05,8.61E-07,1.07E-05,6.00E-07,6,3,10000,9.20E+08,0.5,27,1.25E-09,0.169003,2.73E-06,9.97E-06,27.4025,-20.0136,0.00647593,66.0618,1322.14,7823.15,33175.6
3,19,219,5.65E-06,7.31E-07,1.21E-05,1.00E-06,5,2,500000,9.20E+08,0.5,27,9.32E-10,0.566248,6.28E-07,8.98E-07,69.9993,-30.469,0.00283694,565.414,17227.6,30424.1,2250.21
3,20,220,2.00E-05,6.72E-07,2.00E-05,3.42E-07,4,1,201714,9.20E+08,0.5,27,6.41E-10,0.24017,2.72E-07,5.83E-07,46.6518,-32.3463,0.00145397,159.828,5169.84,21525.8,14706.4
3,21,221,5.00E-07,6.99E-07,1.17E-05,1.00E-06,3,4,500000,9.20E+08,0.5,27,1.12E-09,0.672142,8.63E-07,1.36E-06,63.593,-28.6721,0.0125456,609.729,17482.2,26009.7,4582.58
3,22,222,1.21E-05,4.80E-07,6.56E-06,5.15E-07,5,1,245883,9.20E+08,0.5,27,7.18E-10,0.466426,8.60E-07,1.33E-06,64.8827,-28.7739,0.00148984,431.696,12421.6,26631.4,4047.06
3,23,223,1.50E-06,4.07E-07,1.06E-05,9.12E-07,7,3,410614,9.20E+08,0.5,27,1.32E-09,0.672849,1.08E-06,1.90E-06,56.9675,-27.2221,0.00453474,546.777,14884.4,22121.5,7858.22
3,24,224,2.00E-05,1.00E-06,1.46E-05,1.80E-07,5,3,10000,9.20E+08,0.5,27,1.15E-09,0.363504,1.26E-05,2.14E-05,58.9245,-16.7048,0.0160771,305.542,5104.01,14041.1,6799.45
3,25,225,1.65E-05,1.80E-07,3.55E-06,1.80E-07,7,2,62197.9,9.20E+08,0.5,27,1.11E-09,0.582606,5.38E-06,1.04E-05,51.9396,-19.8466,0.00432673,431.659,8566.96,14704.6,10929.9
3,26,226,6.08E-06,2.09E-07,1.23E-05,5.11E-07,10,1,267212,9.20E+08,0.5,27,1.22E-09,0.510793,9.48E-07,1.51E-06,62.6342,-28.1994,0.00111806,456.376,12869.5,25195.2,5002.29
3,27,227,1.96E-05,1.00E-06,6.56E-06,1.80E-07,6,2,10000,9.20E+08,0.5,27,1.04E-09,0.200278,3.84E-06,1.11E-05,34.7563,-19.5654,0.00753768,99.2966,1942.77,9700.37,25245
3,28,228,5.00E-07,5.09E-07,1.35E-05,1.00E-06,3,3,317961,9.20E+08,0.5,27,9.27E-10,0.603809,1.10E-06,1.48E-06,74.5261,-28.2921,0.00928208,641.91,18161,30077.3,1097.04
3,29,229,7.83E-06,1.80E-07,5.00E-07,1.80E-07,8,2,10000,9.20E+08,0.5,27,1.20E-09,0.100758,9.84E-07,1.30E-05,7.55124,-18.8494,0.00266836,10.8534,204.58,2030.4,59984.4
3,30,230,5.00E-07,1.80E-07,1.10E-05,9.37E-07,4,2,412703,9.20E+08,0.5,27,8.21E-10,0.61787,9.05E-07,1.27E-06,71.507,-28.9768,0.00496002,630.248,18262.6,29557.3,1820.62
3,31,231,8.48E-06,9.46E-07,2.55E-06,4.98E-07,3,4,10000,9.20E+08,0.5,27,1.12E-09,0.161095,2.42E-06,1.31E-05,18.4183,-18.8137,0.0104253,42.325,796.289,4942.98,44332.2
3,32,232,5.93E-06,1.00E-06,9.14E-06,1.80E-07,7,2,430491,9.20E+08,0.5,27,1.12E-09,0.655645,9.85E-07,2.34E-06,42.0968,-26.3068,0.00433335,393.717,10357.4,15797.3,18406.9
3,33,233,5.00E-07,3.74E-07,1.42E-06,1.00E-06,2,2,127095,9.20E+08,0.5,27,6.03E-10,0.497051,1.90E-06,3.70E-06,51.251,-24.3164,0.00515451,363.387,8836.24,17777.3,11390
3,34,234,1.28E-05,7.27E-07,1.24E-05,2.06E-07,10,1,161208,9.20E+08,0.5,27,1.22E-09,0.432426,1.12E-06,1.50E-06,74.8287,-28.2366,0.000905916,461.579,13033.4,30140.2,1034.59
3,35,235,2.00E-05,3.49E-07,1.75E-05,3.62E-07,8,1,10000,9.20E+08,0.5,27,1.03E-09,0.0398,1.52E-07,1.68E-06,9.03076,-27.7463,0.00132664,5.12713,142.259,3574.33,57714.9
3,36,236,2.00E-05,8.61E-07,1.66E-05,1.80E-07,10,4,10000,9.20E+08,0.5,27,1.84E-09,0.475932,2.20E-05,3.11E-05,70.6533,-15.0661,0.0114561,479.671,7226.77,15184.5,2058.27
3,37,237,1.84E-05,3.48E-07,9.90E-06,1.80E-07,2,1,102380,9.20E+08,0.5,27,4.16E-10,0.410924,1.62E-06,2.23E-06,72.5182,-26.5195,0.00543335,425.084,11273,27433.3,1558.01
3,38,238,2.00E-05,8.54E-07,6.22E-06,4.53E-07,10,4,227310,9.20E+08,0.5,27,1.84E-09,0.620379,1.67E-06,3.60E-06,46.2554,-24.4362,0.00157667,409.341,10002.8,16123.6,15011.4
3,39,239,5.00E-07,3.56E-07,1.15E-05,1.00E-06,5,1,444978,9.20E+08,0.5,27,7.23E-10,0.453295,4.33E-07,5.39E-07,80.4171,-32.688,0.00131226,519.99,16997.4,37497.5,210.052
3,40,240,5.00E-07,1.00E-06,1.52E-05,1.80E-07,6,3,155411,9.20E+08,0.5,27,1.21E-09,0.59401,2.13E-06,5.92E-06,35.9565,-22.2755,0.0147075,304.676,6786.81,11425.4,24052.6
3,41,241,5.00E-07,7.58E-07,7.31E-06,8.27E-07,2,3,210733,9.20E+08,0.5,27,8.13E-10,0.632151,1.84E-06,2.57E-06,71.4675,-25.8969,0.0106697,644.459,16689.5,26401.2,1831.28
3,42,242,1.38E-05,7.43E-07,2.00E-05,1.00E-06,7,2,443477,9.20E+08,0.5,27,1.16E-09,0.471283,4.80E-07,7.22E-07,66.5186,-31.4147,0.00169435,447.189,14048.3,29808.7,3415.61
3,43,243,1.44E-05,3.76E-07,1.78E-05,4.93E-07,8,2,439944,9.20E+08,0.5,27,1.23E-09,0.550416,6.79E-07,1.51E-06,44.9522,-28.2109,0.00206387,352.946,9956.92,18089.8,16038.2
3,44,244,1.73E-05,8.73E-07,1.66E-05,7.09E-07,9,1,232976,9.20E+08,0.5,27,1.15E-09,0.175886,1.15E-07,3.70E-07,31.1586,-34.3214,0.00101985,78.1762,2683.12,15254.9,28989.9
3,45,245,5.00E-07,2.62E-07,8.51E-06,1.00E-06,5,1,500000,9.20E+08,0.5,27,7.17E-10,0.527345,5.34E-07,6.95E-07,76.8449,-31.5771,0.00154431,578.064,18253.6,34614.1,665.052
3,46,246,5.00E-07,1.80E-07,8.76E-06,7.09E-07,2,1,500000,9.20E+08,0.5,27,4.13E-10,0.575572,6.52E-07,8.52E-07,76.4446,-30.6931,0.00448024,627.643,19264.3,33469.9,731.95
3,47,247,1.53E-05,1.00E-06,2.00E-05,6.82E-07,6,4,314763,9.20E+08,0.5,27,1.46E-09,0.587602,1.08E-06,1.54E-06,70.3187,-28.1225,0.00389309,589.414,16575.8,28209.2,2155.42
3,48,248,1.70E-05,4.83E-07,7.33E-06,1.00E-06,4,3,454569,9.20E+08,0.5,27,1.03E-09,0.605676,7.93E-07,2.61E-06,30.3991,-25.834,0.00404235,262.644,6785.15,11202.6,29812.6
3,49,249,2.00E-05,1.00E-06,1.32E-05,3.01E-07,10,3,132073,9.20E+08,0.5,27,1.65E-09,0.555904,2.31E-06,3.29E-06,70.2727,-24.8329,0.00203048,557.253,13838.2,24893.1,2168.94
4,0,250,2.00E-05,8.04E-07,1.10E-05,7.96E-07,4,2,132972,9.20E+08,0.5,27,8.50E-10,0.412315,1.24E-06,1.88E-06,66.1233,-27.2608,0.00349848,388.911,10602,25713.4,3563.34
4,1,251,1.32E-05,6.79E-07,1.71E-05,5.27E-07,10,3,180660,9.20E+08,0.5,27,1.64E-09,0.586237,1.88E-06,2.89E-06,65.0325,-25.3967,0.00240349,543.838,13811.7,23559.9,3987.03
4,2,252,5.00E-07,1.80E-07,1.48E-05,1.00E-06,4,1,500000,9.20E+08,0.5,27,6.30E-10,0.423029,3.36E-07,4.56E-07,73.6072,-33.4077,0.00165451,444.177,14839,35077.9,1298.02
4,3,253,1.45E-05,9.65E-07,1.49E-05,4.89E-07,3,1,38137.1,9.20E+08,0.5,27,5.43E-10,0.0859596,1.86E-07,9.68E-07,19.183,-30.1397,0.00223028,23.5221,708.95,8247.48,43320.2
4,4,254,1.77E-05,1.00E-06,2.00E-05,7.02E-07,6,5,36166.7,9.20E+08,0.5,27,1.66E-09,0.508952,7.01E-06,9.28E-06,75.5561,-20.3244,0.00661727,548.546,11148.8,21905.5,891.866
4,5,255,6.41E-06,2.08E-07,4.93E-06,6.91E-07,2,4,159045,9.20E+08,0.5,27,1.01E-09,0.714276,3.15E-06,1.05E-05,29.8787,-19.7699,0.0119911,304.435,6018.65,8426.22,30383.6
4,6,256,7.26E-06,1.00E-06,1.36E-05,4.71E-07,7,4,199420,9.20E+08,0.5,27,1.53E-09,0.665084,2.19E-06,3.88E-06,56.5529,-24.1157,0.00450615,536.534,12938.9,19454.5,8092.36
4,7,257,6.08E-06,4.67E-07,1.50E-05,1.00E-06,2,5,500000,9.20E+08,0.5,27,1.24E-09,0.688788,9.20E-07,2.65E-06,34.7662,-25.7729,0.0185948,341.593,8803.86,12781.7,25234.3
4,8,258,1.07E-05,2.91E-07,1.60E-05,4.56E-07,4,1,183795,9.20E+08,0.5,27,6.21E-10,0.423845,9.54E-07,1.30E-06,73.6787,-28.877,0.00237549,445.467,12863.7,30350.1,1281.78
4,9,259,1.14E-05,9.24E-07,1.55E-05,2.88E-07,5,2,258719,9.20E+08,0.5,27,9.30E-10,0.557794,1.19E-06,1.80E-06,65.9222,-27.4416,0.00325592,524.532,14394,25805.2,3639.63
4,10,260,5.00E-07,9.88E-07,1.20E-05,9.89E-07,2,2,492813,9.20E+08,0.5,27,6.25E-10,0.548037,5.82E-07,7.78E-07,74.8322,-31.0892,0.00837634,585.012,18187.5,33186.7,1033.84
4,11,261,5.00E-07,8.20E-07,1.33E-05,1.00E-06,2,3,336817,9.20E+08,0.5,27,8.28E-10,0.584184,9.67E-07,1.28E-06,75.7177,-28.9387,0.0126124,630.976,18259.6,31256.6,861.61
4,12,262,7.65E-06,1.80E-07,6.52E-06,3.77E-07,2,1,241913,9.20E+08,0.5,27,4.08E-10,0.574264,1.34E-06,2.54E-06,52.8646,-25.9582,0.00721665,433.055,11241.3,19575.1,10326.8
4,13,263,5.00E-07,6.20E-07,5.93E-06,1.00E-06,2,1,500000,9.20E+08,0.5,27,4.12E-10,0.551343,5.93E-07,7.91E-07,74.9311,-31.0163,0.00355114,589.318,18278.5,33152.7,1013.82
4,14,264,1.26E-05,3.28E-07,1.06E-05,4.26E-07,6,2,326063,9.20E+08,0.5,27,1.02E-09,0.605083,1.11E-06,2.92E-06,37.9519,-25.3402,0.00348528,327.578,8300.89,13718.6,22135.2
4,15,265,1.54E-05,2.66E-07,2.00E-05,7.99E-07,5,1,10000,9.20E+08,0.5,27,7.40E-10,0.0170009,1.86E-08,5.66E-07,3.27804,-32.4685,0.00111697,0.794974,25.8117,1518.25,66786.7
4,16,266,7.04E-06,7.55E-07,6.50E-06,8.07E-07,9,3,323321,9.20E+08,0.5,27,1.52E-09,0.658293,1.31E-06,2.81E-06,46.7799,-25.5192,0.00207328,439.283,11210.1,17029.1,14607.8
4,17,267,1.96E-05,5.24E-07,8.10E-06,9.81E-07,6,5,498188,9.20E+08,0.5,27,1.64E-09,0.661066,8.62E-07,4.79E-06,18.0032,-23.1994,0.00461856,169.77,3938.56,5957.89,44885.7
4,18,268,8.55E-07,1.80E-07,2.28E-06,9.20E-07,5,1,500000,9.20E+08,0.5,27,7.05E-10,0.675962,8.86E-07,1.79E-06,49.5408,-27.474,0.00169924,477.697,13124.2,19415.6,12573.5
4,19,269,1.10E-05,3.11E-07,1.39E-05,6.29E-07,7,1,500000,9.20E+08,0.5,27,9.24E-10,0.451985,3.90E-07,6.32E-07,61.6499,-31.9913,0.00116837,397.487,12716.1,28133.9,5452.29
4,20,270,5.00E-07,1.80E-07,2.00E-05,8.98E-07,5,1,86305.3,9.20E+08,0.5,27,7.36E-10,0.125393,1.73E-07,6.71E-07,25.8431,-31.7359,0.00208285,46.2258,1467.02,11699.3,34996.5
4,21,271,5.00E-07,5.10E-07,1.05E-05,1.00E-06,4,4,500000,9.20E+08,0.5,27,1.22E-09,0.690982,9.20E-07,1.45E-06,63.4921,-28.3911,0.00964428,625.825,17767.8,25713.9,4625.9
4,22,272,2.00E-05,5.18E-07,1.04E-05,5.11E-07,5,2,117326,9.20E+08,0.5,27,9.31E-10,0.494962,2.05E-06,3.11E-06,65.9227,-25.0702,0.00290856,465.45,11668.9,23575.4,3639.44
4,23,273,6.09E-06,6.53E-07,2.00E-05,1.00E-06,2,4,102005,9.20E+08,0.5,27,1.05E-09,0.571609,3.15E-06,3.91E-06,80.4444,-24.0771,0.00968531,655.935,15793,27629.1,207.533
4,24,274,2.00E-05,1.00E-06,3.42E-06,9.25E-07,9,5,10000,9.20E+08,0.5,27,1.95E-09,0.0850923,6.96E-07,7.13E-06,9.7594,-21.4664,0.00261842,11.8462,254.296,2988.47,56612.9
4,25,275,1.53E-05,1.00E-06,2.00E-05,6.90E-07,5,4,351007,9.20E+08,0.5,27,1.36E-09,0.588857,9.76E-07,1.40E-06,69.6118,-28.533,0.00458611,584.735,16684.3,28333.3,2367.97
4,26,276,1.10E-05,1.00E-06,9.51E-06,4.60E-07,10,5,184941,9.20E+08,0.5,27,2.03E-09,0.681186,2.48E-06,4.89E-06,50.7528,-23.1113,0.00292761,493.164,11397.6,16732.1,11728.7
4,27,277,5.00E-07,6.97E-07,6.88E-06,1.00E-06,3,2,500000,9.20E+08,0.5,27,7.14E-10,0.637583,7.87E-07,1.10E-06,71.3332,-29.5717,0.00650625,648.776,19185.4,30090.8,1867.82
4,28,278,1.58E-05,1.00E-06,1.66E-05,9.37E-07,5,2,126234,9.20E+08,0.5,27,9.63E-10,0.373836,1.06E-06,1.51E-06,70.3554,-28.2028,0.00365486,375.184,10581.2,28304.5,2144.77
4,29,279,1.53E-05,1.00E-06,1.05E-05,5.10E-07,10,2,10000,9.20E+08,0.5,27,1.44E-09,0.127996,1.58E-06,7.00E-06,22.647,-21.5517,0.00311427,41.3497,891.157,6962.39,38880.1
4,30,280,2.00E-05,1.80E-07,1.08E-05,3.18E-07,10,4,10000,9.20E+08,0.5,27,1.81E-09,0.464297,2.09E-05,3.89E-05,53.8811,-14.1035,0.0112377,356.86,5032.97,10840,9686.3
4,31,281,8.18E-06,9.46E-07,2.00E-05,5.43E-07,2,3,353730,9.20E+08,0.5,27,8.37E-10,0.598012,9.98E-07,1.44E-06,69.3687,-28.4183,0.00811204,591.752,16816.6,28120.9,2443.38
4,32,282,6.27E-06,6.02E-07,1.71E-05,6.14E-07,3,1,459970,9.20E+08,0.5,27,5.29E-10,0.443039,4.15E-07,4.98E-07,83.3171,-33.0268,0.00233079,526.554,17390.4,39252.5,28.3459
4,33,283,1.50E-05,3.17E-07,1.63E-05,3.19E-07,2,1,102334,9.20E+08,0.5,27,4.20E-10,0.360004,1.24E-06,1.76E-06,70.4412,-27.5539,0.00456736,361.743,9967.44,27687.1,2119.73
4,34,284,5.00E-07,7.27E-07,1.24E-05,7.32E-07,2,2,158634,9.20E+08,0.5,27,6.19E-10,0.478897,1.40E-06,2.18E-06,64.4156,-26.6217,0.00750286,440.047,11714.8,24462,4237.19
4,35,285,1.96E-05,8.63E-07,9.50E-06,3.98E-07,10,5,10000,9.20E+08,0.5,27,2.04E-09,0.357897,1.25E-05,2.55E-05,48.8084,-15.9322,0.00776219,249.184,3970.03,11092.7,13098.5
4,36,286,5.00E-07,1.80E-07,1.66E-05,1.00E-06,2,1,229785,9.20E+08,0.5,27,4.33E-10,0.281089,3.28E-07,6.33E-07,51.8489,-31.9831,0.00422306,207.898,6649.22,23655.2,10990.3
4,37,287,6.97E-06,3.48E-07,1.46E-05,4.08E-07,4,3,102380,9.20E+08,0.5,27,1.02E-09,0.656744,4.15E-06,6.94E-06,59.8192,-21.5894,0.00942966,560.406,12098.8,18422.5,6340.75
4,38,288,6.06E-06,4.46E-07,2.00E-05,1.80E-07,2,2,500000,9.20E+08,0.5,27,6.13E-10,0.631528,7.75E-07,2.30E-06,33.6385,-26.3754,0.016075,303.037,7992.72,12656.2,26380.1
4,39,289,1.60E-05,1.80E-07,8.94E-06,1.80E-07,5,1,444978,9.20E+08,0.5,27,7.09E-10,0.520283,6.01E-07,1.41E-06,42.4881,-28.4948,0.00214051,315.336,8985.43,17270.3,18072.6
4,40,290,1.93E-05,4.80E-07,1.65E-05,3.21E-07,9,3,10000,9.20E+08,0.5,27,1.53E-09,0.382479,1.42E-05,2.43E-05,58.4408,-16.1491,0.00964464,318.852,5149.19,13462.7,7054.03
4,41,291,9.15E-06,1.00E-06,1.66E-05,8.27E-07,2,2,490129,9.20E+08,0.5,27,6.46E-10,0.519752,5.43E-07,7.42E-07,73.1523,-31.2946,0.00394939,542.363,16973,32656,1403.69
4,42,292,1.03E-05,1.80E-07,5.71E-06,3.02E-07,4,2,11481,9.20E+08,0.5,27,8.07E-10,0.357707,1.06E-05,2.40E-05,44.088,-16.1929,0.0173275,224.965,3642.83,10183.8,16738.1
4,43,293,5.00E-07,8.01E-07,2.00E-05,1.00E-06,2,2,500000,9.20E+08,0.5,27,6.41E-10,0.462778,4.06E-07,4.89E-07,82.9723,-33.108,0.00488025,547.737,18134.5,39186.1,41.1278
4,44,294,1.78E-05,1.00E-06,6.90E-06,8.89E-07,5,5,282882,9.20E+08,0.5,27,1.55E-09,0.627451,1.37E-06,2.95E-06,46.4359,-25.2993,0.00320664,415.624,10515,16758.2,14871.9
4,45,295,1.17E-05,2.22E-07,1.53E-05,3.19E-07,3,2,102334,9.20E+08,0.5,27,7.15E-10,0.590272,3.34E-06,5.51E-06,60.5785,-22.5887,0.0103766,510.078,11522,19519.9,5964.1
4,46,296,2.00E-05,3.37E-07,1.29E-05,1.80E-07,7,1,100688,9.20E+08,0.5,27,9.18E-10,0.363914,1.28E-06,1.91E-06,67.2247,-27.1899,0.00149837,348.975,9488.61,26073.8,3159.75
4,47,297,5.00E-07,3.27E-07,5.00E-07,5.66E-07,6,4,349880,9.20E+08,0.5,27,1.40E-09,0.666809,1.20E-06,2.68E-06,44.6583,-25.7226,0.000779637,424.786,10926.6,16386.4,16274.5
4,48,298,8.57E-06,5.52E-07,5.50E-06,4.26E-07,4,3,310378,9.20E+08,0.5,27,1.01E-09,0.696767,1.55E-06,4.46E-06,34.6964,-23.5068,0.00494157,344.856,8106.46,11634.4,25304.5
4,49,299,2.57E-06,8.83E-07,1.05E-05,3.00E-07,5,3,202217,9.20E+08,0.5,27,1.11E-09,0.705836,2.42E-06,4.45E-06,54.3448,-23.5151,0.00824606,547.177,12866.9,18229.3,9397.44
5,0,300,2.00E-05,1.80E-07,2.38E-06,2.55E-07,2,1,221014,9.20E+08,0.5,27,4.08E-10,0.443908,8.75E-07,2.02E-06,43.2244,-26.9392,0.00358494,273.709,7373.48,16610.4,17452
5,1,301,5.00E-07,7.93E-07,2.00E-05,1.00E-06,6,3,450964,9.20E+08,0.5,27,1.24E-09,0.540952,6.01E-07,8.53E-07,70.5074,-30.6912,0.00490395,544.076,16698.4,30868.5,2100.35
5,2,302,5.00E-07,3.56E-07,3.52E-06,6.75E-07,2,1,500000,9.20E+08,0.5,27,4.05E-10,0.670733,8.86E-07,1.35E-06,65.8993,-28.7126,0.00502099,630.517,18103.8,26991.1,3648.36
5,3,303,1.86E-05,5.28E-07,1.46E-05,9.91E-07,9,2,225548,9.20E+08,0.5,27,1.35E-09,0.456613,8.79E-07,1.36E-06,64.6076,-28.6629,0.00178546,420.822,12062,26416.2,4158.51
5,4,304,1.44E-05,3.57E-07,2.00E-05,6.88E-07,9,2,366519,9.20E+08,0.5,27,1.34E-09,0.515927,7.09E-07,1.34E-06,52.9292,-28.7291,0.0015424,389.538,11191.1,21691.2,10285.3
5,5,305,6.41E-06,4.65E-07,1.73E-05,8.86E-07,2,1,82104.4,9.20E+08,0.5,27,4.37E-10,0.161314,3.04E-07,8.64E-07,35.2208,-30.6374,0.00374909,81.0469,2483.06,15392.8,24780.6
5,6,306,2.00E-05,6.92E-07,2.00E-05,7.01E-07,10,5,383999,9.20E+08,0.5,27,2.06E-09,0.619047,9.85E-07,2.70E-06,36.4377,-25.6822,0.0034009,321.767,8263.67,13349,23582.9
5,7,307,1.91E-05,8.18E-07,1.17E-05,4.40E-07,10,2,450672,9.20E+08,0.5,27,1.44E-09,0.524143,5.96E-07,1.17E-06,51.0083,-29.3249,0.000928644,381.379,11183.9,21337.5,11554.4
5,8,308,1.07E-05,4.97E-07,1.32E-05,4.56E-07,2,1,500000,9.20E+08,0.5,27,4.23E-10,0.472115,4.38E-07,6.17E-07,71.059,-32.0988,0.00286853,478.556,15361.1,32536.8,1943.51
5,9,309,8.87E-06,8.17E-07,1.15E-05,9.22E-07,3,3,258719,9.20E+08,0.5,27,9.36E-10,0.598408,1.37E-06,1.87E-06,72.8612,-27.2711,0.00568405,621.956,16961.5,28344.3,1473.5
5,10,310,1.84E-05,4.24E-07,1.46E-05,1.80E-07,5,3,492813,9.20E+08,0.5,27,1.12E-09,0.640112,8.19E-07,4.17E-06,19.6406,-23.7967,0.00798804,179.34,4267.7,6667.11,42718.6
5,11,311,5.00E-07,3.47E-07,6.11E-06,1.00E-06,7,2,356569,9.20E+08,0.5,27,1.11E-09,0.652691,1.16E-06,1.71E-06,67.6704,-27.6661,0.00273888,630.046,17430.9,26706.3,3003.15
5,12,312,1.96E-05,1.00E-06,1.67E-05,1.80E-07,6,3,415063,9.20E+08,0.5,27,1.25E-09,0.580083,8.02E-07,1.75E-06,45.705,-27.5598,0.00372604,378.198,10423.1,17968.2,15441
5,13,313,5.00E-07,3.49E-07,4.09E-06,1.00E-06,2,1,500000,9.20E+08,0.5,27,4.09E-10,0.614954,7.43E-07,9.90E-07,75.0374,-30.0455,0.0040733,658.243,19777.2,32160.5,992.534
5,14,314,6.68E-06,9.41E-07,1.33E-05,4.21E-07,5,2,402947,9.20E+08,0.5,27,9.24E-10,0.595712,8.71E-07,1.53E-06,56.923,-28.1544,0.00312037,483.716,13618.7,22861.2,7883.17
5,15,315,5.00E-07,1.80E-07,1.82E-05,2.06E-07,9,1,182299,9.20E+08,0.5,27,1.11E-09,0.494765,1.29E-06,2.06E-06,62.5281,-26.8711,0.00206797,441.307,11858.4,23967.7,5049.88
5,16,316,5.00E-07,2.15E-07,1.56E-05,1.00E-06,2,1,500000,9.20E+08,0.5,27,4.31E-10,0.405849,3.14E-07,4.15E-07,75.7368,-33.8209,0.00304733,438.468,14829.4,36539.1,858.147
5,17,317,1.96E-05,5.44E-07,8.10E-06,1.80E-07,4,1,272282,9.20E+08,0.5,27,6.24E-10,0.434005,6.79E-07,9.49E-07,71.5095,-30.2269,0.00141758,442.716,13381.9,30833.5,1819.97
5,18,318,1.50E-05,5.96E-07,1.85E-05,3.20E-07,2,1,355938,9.20E+08,0.5,27,4.30E-10,0.396313,4.31E-07,6.05E-07,71.2779,-32.1853,0.00302916,402.957,12969.3,32725,1883.05
5,19,319,2.00E-05,7.31E-07,1.48E-05,1.80E-07,4,1,10000,9.20E+08,0.5,27,6.35E-10,0.044238,1.82E-07,1.86E-06,9.79266,-27.3039,0.002628,6.17962,168.728,3814.1,56563.1
5,20,320,2.00E-05,1.00E-06,1.29E-05,8.98E-07,7,2,250117,9.20E+08,0.5,27,1.16E-09,0.431433,7.09E-07,1.07E-06,66.0645,-29.6923,0.00192899,406.582,12072.3,27981.9,3585.56
5,21,321,5.00E-07,5.63E-07,2.00E-05,1.00E-06,2,4,368494,9.20E+08,0.5,27,1.04E-09,0.601711,9.33E-07,1.41E-06,66.4287,-28.523,0.0155786,570.177,16263.1,27028.2,3448.94
5,22,322,1.34E-05,1.00E-06,1.04E-05,7.39E-07,3,5,336886,9.20E+08,0.5,27,1.34E-09,0.658651,1.27E-06,2.75E-06,46.2441,-25.6139,0.00802637,434.488,11129,16896.6,15020.2
5,23,323,8.37E-06,1.97E-07,1.80E-05,6.81E-07,3,2,327250,9.20E+08,0.5,27,7.28E-10,0.561831,9.51E-07,1.92E-06,49.5967,-27.1727,0.00583402,397.489,10800.9,19224.4,12533.9
5,24,324,6.15E-06,6.29E-07,1.51E-05,7.84E-07,6,3,478208,9.20E+08,0.5,27,1.23E-09,0.626594,8.09E-07,1.48E-06,54.5697,-28.2904,0.00451748,487.758,13798.9,22022,9260.04
5,25,325,5.00E-07,1.00E-06,1.67E-05,6.90E-07,5,4,306194,9.20E+08,0.5,27,1.32E-09,0.609952,1.15E-06,1.98E-06,57.9638,-27.0372,0.00786352,504.335,13635.8,22355.5,7309.54
5,26,326,1.22E-05,6.28E-07,2.00E-05,7.02E-07,5,4,500000,9.20E+08,0.5,27,1.34E-09,0.622865,7.66E-07,1.89E-06,40.6088,-27.2442,0.00602826,360.811,9830,15781.9,19705.8
5,27,327,3.42E-06,5.70E-07,2.00E-05,8.75E-07,2,2,388675,9.20E+08,0.5,27,6.39E-10,0.531649,7.17E-07,8.26E-07,86.7915,-30.8309,0.00456782,658.216,20293.4,38170.7,4.81E-13
5,28,328,2.00E-05,1.00E-06,2.00E-05,3.65E-07,7,4,210173,9.20E+08,0.5,27,1.55E-09,0.588686,1.63E-06,2.56E-06,63.5832,-25.9094,0.00369738,533.94,13834.1,23499.9,4586.79
5,29,329,1.61E-05,6.82E-07,4.51E-06,1.80E-07,5,2,112736,9.20E+08,0.5,27,9.24E-10,0.57144,2.86E-06,4.18E-06,68.4609,-23.7868,0.00340482,558.058,13274.4,23229.8,2735.42
5,30,330,5.00E-07,1.80E-07,1.41E-05,1.00E-06,4,1,500000,9.20E+08,0.5,27,6.28E-10,0.435996,3.58E-07,4.52E-07,79.3954,-33.4534,0.00156338,493.791,16519,37888,314.148
5,31,331,1.01E-05,1.00E-06,2.00E-05,2.02E-07,6,2,132072,9.20E+08,0.5,27,1.03E-09,0.542388,2.19E-06,2.74E-06,80.0044,-25.6183,0.00379545,619,15857.7,29236.8,249.561
5,32,332,7.95E-07,1.00E-06,1.20E-05,5.02E-07,3,1,252330,9.20E+08,0.5,27,5.14E-10,0.43468,7.21E-07,1.12E-06,64.5343,-29.5213,0.00289902,400.153,11813.1,27176.4,4188.48
5,33,333,5.00E-07,8.75E-07,2.00E-05,1.00E-06,5,5,102334,9.20E+08,0.5,27,1.54E-09,0.433202,1.73E-06,3.01E-06,57.5103,-25.2175,0.00871597,355.387,8961.98,20687.8,7556.87
5,34,334,1.28E-05,9.14E-07,1.45E-05,1.00E-06,4,2,500000,9.20E+08,0.5,27,8.52E-10,0.499674,4.87E-07,6.90E-07,70.5752,-31.6123,0.00217276,503.043,15902.3,31825.4,2080.75
5,35,335,2.00E-05,5.11E-07,9.24E-06,1.80E-07,5,1,433584,9.20E+08,0.5,27,7.24E-10,0.446739,4.51E-07,6.85E-07,65.7945,-31.644,0.000999922,419.285,13267.9,29699.3,3688.55
5,36,336,9.68E-06,5.15E-07,1.66E-05,1.80E-07,3,3,406347,9.20E+08,0.5,27,9.16E-10,0.676065,1.09E-06,4.26E-06,25.7055,-23.71,0.0170627,247.902,5877.77,8694.08,35158.4
5,37,337,5.17E-06,1.00E-06,9.90E-06,1.00E-06,6,5,102380,9.20E+08,0.5,27,1.63E-09,0.631729,3.84E-06,5.37E-06,71.3695,-22.6964,0.00456659,643.146,14597.1,23106.6,1857.89
5,38,338,2.00E-05,9.61E-07,7.41E-06,3.73E-07,2,1,167680,9.20E+08,0.5,27,4.44E-10,0.244956,3.47E-07,6.94E-07,50.0656,-31.5889,0.00226545,174.941,5526.21,22560,12204.7
5,39,339,3.33E-06,4.73E-07,1.60E-05,7.44E-07,2,1,500000,9.20E+08,0.5,27,4.27E-10,0.461508,4.16E-07,4.98E-07,83.5464,-33.0296,0.0030245,550.014,18166.7,39363.8,21.1418
5,40,340,5.00E-07,7.71E-07,2.00E-05,8.89E-07,5,2,183282,9.20E+08,0.5,27,9.36E-10,0.340184,5.93E-07,1.06E-06,55.7897,-29.734,0.00258924,270.729,8049.85,23663.2,8532.63
5,41,341,3.40E-06,1.80E-07,1.76E-05,1.00E-06,2,3,482938,9.20E+08,0.5,27,8.36E-10,0.620365,7.81E-07,1.42E-06,54.789,-28.4624,0.0117388,484.85,13800,22244.9,9127.03
5,42,342,1.59E-05,4.45E-07,9.45E-06,9.92E-07,2,1,425499,9.20E+08,0.5,27,4.33E-10,0.349706,2.73E-07,4.66E-07,58.6407,-33.3143,0.00377994,292.528,9745.38,27867.4,6948.3
5,43,343,5.00E-07,6.79E-07,2.00E-05,9.53E-07,2,1,500000,9.20E+08,0.5,27,4.39E-10,0.248021,1.14E-07,1.86E-07,61.275,-37.3109,0.00308826,216.79,8088.61,32612.6,5645.27
5,44,344,1.99E-05,9.73E-07,6.90E-06,6.06E-07,5,2,191459,9.20E+08,0.5,27,9.47E-10,0.460385,1.08E-06,1.64E-06,65.8226,-27.8561,0.00173316,432.277,12041.6,26155.4,3677.75
5,45,345,1.09E-05,4.41E-07,1.83E-05,9.72E-07,6,1,500000,9.20E+08,0.5,27,8.45E-10,0.33043,1.89E-07,3.71E-07,51.084,-34.3082,0.00207264,240.785,8260.91,25000.5,11503.2
5,46,346,5.00E-07,1.80E-07,1.48E-05,1.00E-06,4,2,130521,9.20E+08,0.5,27,8.30E-10,0.482871,1.74E-06,2.27E-06,76.6711,-26.4473,0.00400658,528.115,13967.2,28925.4,693.707
5,47,347,1.78E-06,6.33E-07,1.30E-05,6.82E-07,4,4,268134,9.20E+08,0.5,27,1.22E-09,0.693432,1.76E-06,2.89E-06,60.8477,-25.3889,0.00843671,601.887,15281.2,22037.1,5833.31
5,48,348,1.51E-05,5.52E-07,1.74E-05,3.95E-07,10,5,56491.3,9.20E+08,0.5,27,2.03E-09,0.646954,7.32E-06,1.15E-05,63.4557,-19.3804,0.0054659,585.612,11349.4,17542.9,4641.57
5,49,349,5.00E-07,8.78E-07,1.81E-05,1.00E-06,4,5,303592,9.20E+08,0.5,27,1.44E-09,0.606362,1.14E-06,1.76E-06,64.7588,-27.5561,0.0117496,560.141,15435.3,25455.6,4097.06
6,0,350,3.34E-06,7.08E-07,1.84E-05,1.00E-06,2,3,256268,9.20E+08,0.5,27,8.42E-10,0.579123,1.28E-06,1.61E-06,79.9609,-27.9419,0.00884721,660.564,18457.4,31871.3,253.926
6,1,351,1.15E-05,7.93E-07,9.14E-06,4.32E-07,5,4,450964,9.20E+08,0.5,27,1.33E-09,0.681845,1.02E-06,3.39E-06,30.067,-24.6922,0.0047883,292.443,7221.06,10590.5,30176.3
6,2,352,2.00E-05,1.00E-06,1.48E-05,3.60E-07,4,5,10000,9.20E+08,0.5,27,1.45E-09,0.412203,1.61E-05,2.70E-05,59.6281,-15.6905,0.0205246,350.613,5501.3,13346.1,6437.39
6,3,353,5.00E-07,1.80E-07,8.14E-06,1.00E-06,2,1,498914,9.20E+08,0.5,27,4.16E-10,0.541989,5.77E-07,7.37E-07,78.3611,-31.326,0.00325111,605.839,18978.5,35016.4,440.747
6,4,354,5.00E-07,9.19E-07,2.00E-05,1.00E-06,3,1,350861,9.20E+08,0.5,27,5.41E-10,0.168856,7.50E-08,2.29E-07,32.6693,-36.3923,0.00240329,78.6907,2863.73,16959.6,27391.7
6,5,355,2.00E-05,1.00E-06,1.95E-05,1.80E-07,8,5,167489,9.20E+08,0.5,27,1.85E-09,0.640136,2.41E-06,4.88E-06,49.3972,-23.1128,0.00681108,451.067,10425.4,16286.3,12675.6
6,6,356,5.00E-07,1.00E-06,1.90E-05,1.00E-06,6,3,500000,9.20E+08,0.5,27,1.24E-09,0.542296,5.39E-07,7.89E-07,68.3766,-31.0305,0.00509308,528.944,16413.4,30266.5,2763.39
6,7,357,1.73E-05,6.72E-07,1.23E-05,2.39E-07,10,5,119327,9.20E+08,0.5,27,2.03E-09,0.679406,3.83E-06,8.41E-06,45.4936,-20.7516,0.00507945,440.906,9149.5,13466.9,15607.6
6,8,358,1.40E-05,5.27E-07,6.57E-06,6.40E-07,5,1,360355,9.20E+08,0.5,27,7.23E-10,0.440972,5.17E-07,8.54E-07,60.5412,-30.6837,0.00130593,380.828,11685.2,26498.8,5982.35
6,9,359,1.48E-05,4.83E-07,1.48E-05,5.43E-07,3,1,259715,9.20E+08,0.5,27,5.30E-10,0.367665,5.03E-07,7.37E-07,68.2382,-31.328,0.00255584,357.887,11211.9,30494.9,2809.72
6,10,360,5.00E-07,6.52E-07,1.20E-05,9.89E-07,2,2,10000,9.20E+08,0.5,27,6.24E-10,0.0889464,3.08E-07,3.35E-06,9.19338,-24.756,0.00759909,11.6646,288.769,3246.55,57467.8
6,11,361,1.14E-05,1.00E-06,2.00E-05,1.86E-07,8,2,179487,9.20E+08,0.5,27,1.23E-09,0.543056,1.62E-06,2.30E-06,70.316,-26.3786,0.00268418,544.709,14368.7,26458.9,2156.21
6,12,362,1.58E-05,6.78E-07,5.02E-06,3.02E-07,4,2,12190.1,9.20E+08,0.5,27,8.24E-10,0.225632,3.98E-06,1.16E-05,34.1965,-19.3391,0.00984379,110.065,2128.56,9433.74,25810.6
6,13,363,8.07E-06,8.81E-07,1.63E-05,1.00E-06,2,2,479667,9.20E+08,0.5,27,6.47E-10,0.516686,5.47E-07,5.61E-07,97.64,-32.513,0.00395274,719.649,23397.9,45284.6,69.6947
6,14,364,5.00E-07,3.73E-07,1.55E-05,1.00E-06,6,3,364068,9.20E+08,0.5,27,1.23E-09,0.603768,9.63E-07,1.37E-06,70.2884,-28.6342,0.00526403,605.368,17334.2,28710.1,2164.32
6,15,365,5.00E-07,9.87E-07,1.09E-05,1.00E-06,2,1,500000,9.20E+08,0.5,27,4.23E-10,0.405592,3.11E-07,4.32E-07,72.0956,-33.6459,0.00269141,417.124,14034.5,34602.5,1665.3
6,16,366,8.16E-06,6.07E-07,8.79E-06,6.04E-07,2,2,333036,9.20E+08,0.5,27,6.21E-10,0.610065,1.10E-06,1.92E-06,57.4836,-27.1642,0.00658464,500.249,13588.9,22274.5,7571.51
6,17,367,8.80E-07,5.44E-07,1.92E-05,9.66E-07,6,1,450652,9.20E+08,0.5,27,8.38E-10,0.302063,1.77E-07,3.19E-07,55.3632,-34.9635,0.00227561,238.553,8340.67,27612.3,8783.69
6,18,368,2.00E-05,5.96E-07,1.18E-05,1.80E-07,4,1,10000,9.20E+08,0.5,27,6.28E-10,0.0693269,4.49E-07,3.05E-06,14.7029,-25.1503,0.00406883,14.5402,365.691,5274.87,49418.3
6,19,369,1.27E-05,7.31E-07,1.13E-05,1.00E-06,9,4,10000,9.20E+08,0.5,27,1.74E-09,0.175824,2.97E-06,1.16E-05,25.5864,-19.3548,0.0057591,64.1733,1242.06,7064.22,35300.6
6,20,370,6.91E-06,6.92E-07,1.54E-05,5.71E-07,5,3,138329,9.20E+08,0.5,27,1.13E-09,0.614505,2.70E-06,3.72E-06,72.4676,-24.2927,0.00501196,635.237,15431.6,25112.3,1570.62
6,21,371,2.00E-05,5.19E-07,9.44E-06,5.11E-07,5,2,368494,9.20E+08,0.5,27,9.30E-10,0.544721,7.93E-07,1.47E-06,53.946,-28.3255,0.00219503,419.179,11873.5,21797.4,9643.48
6,22,372,2.00E-05,1.00E-06,1.04E-05,1.80E-07,5,2,117326,9.20E+08,0.5,27,9.44E-10,0.50122,2.11E-06,2.68E-06,78.7761,-25.7181,0.00295802,563.235,14485.3,28900.2,387.364
6,23,373,9.64E-06,8.63E-07,2.34E-06,1.00E-06,2,4,102005,9.20E+08,0.5,27,1.02E-09,0.468836,2.10E-06,5.39E-06,39.0211,-22.688,0.00664468,260.968,5920.84,12628.8,21140.6
6,24,374,1.20E-05,6.71E-07,1.36E-05,5.86E-07,5,3,59185.2,9.20E+08,0.5,27,1.13E-09,0.547348,4.98E-06,6.53E-06,76.2689,-21.8516,0.00551603,595.495,13012.5,23773.7,762.316
6,25,375,7.61E-06,8.79E-07,2.00E-05,6.72E-07,3,2,293911,9.20E+08,0.5,27,7.40E-10,0.518341,9.00E-07,1.16E-06,77.4127,-29.3434,0.00350085,572.393,16796,32403.3,575.666
6,26,376,5.00E-07,5.15E-07,7.16E-06,9.84E-07,10,4,482084,9.20E+08,0.5,27,1.81E-09,0.716849,1.02E-06,1.96E-06,51.9389,-27.0719,0.00344818,531.112,14378.2,20057.5,10930.4
6,27,377,1.36E-06,1.80E-07,6.41E-06,7.93E-07,5,2,82731.8,9.20E+08,0.5,27,9.11E-10,0.599862,4.27E-06,6.04E-06,70.7916,-22.1907,0.00428746,605.758,13442.2,22408.8,2018.78
6,28,378,3.49E-06,6.77E-07,9.26E-06,7.70E-07,3,1,500000,9.20E+08,0.5,27,5.19E-10,0.520957,5.32E-07,6.32E-07,84.2115,-31.9929,0.0021455,625.805,20021.3,38431.8,6.21743
6,29,379,1.13E-05,1.00E-06,1.05E-05,6.78E-07,6,2,396205,9.20E+08,0.5,27,1.04E-09,0.545714,7.37E-07,1.10E-06,66.9481,-29.5808,0.00172835,521.158,15416.2,28249.7,3258.7
6,30,380,5.00E-07,2.53E-07,1.41E-05,1.00E-06,2,1,500000,9.20E+08,0.5,27,4.28E-10,0.428864,3.53E-07,4.27E-07,82.6612,-33.6988,0.00272012,505.694,17041.3,39735.9,54.7407
6,31,381,1.98E-05,7.22E-07,7.95E-06,3.38E-07,5,1,243991,9.20E+08,0.5,27,7.34E-10,0.353744,4.93E-07,7.78E-07,63.3017,-31.09,0.00109343,319.426,9930.94,28073.8,4708.34
6,32,382,6.27E-06,8.62E-07,1.35E-05,6.14E-07,6,5,349088,9.20E+08,0.5,27,1.63E-09,0.699711,1.38E-06,3.40E-06,40.7163,-24.6855,0.00614645,406.4,10032.2,14337.6,19610.4
6,33,383,4.11E-06,3.31E-07,9.52E-06,1.00E-06,3,1,248514,9.20E+08,0.5,27,5.22E-10,0.456251,8.12E-07,1.09E-06,74.6397,-29.6349,0.00342589,485.781,14396.1,31553,1073.36
6,34,384,1.31E-05,1.00E-06,1.75E-05,2.06E-07,10,4,10000,9.20E+08,0.5,27,1.83E-09,0.470911,2.15E-05,3.16E-05,68.0239,-14.9966,0.0114919,456.948,6852.68,14552,2881.89
6,35,385,6.49E-06,9.93E-07,2.00E-05,8.10E-07,8,3,443093,9.20E+08,0.5,27,1.45E-09,0.579783,7.44E-07,1.15E-06,64.6143,-29.3874,0.00295528,534.392,15704.4,27086.7,4155.78
6,36,386,5.00E-07,5.15E-07,1.82E-05,5.74E-07,9,3,220761,9.20E+08,0.5,27,1.52E-09,0.590645,1.50E-06,2.48E-06,60.4827,-26.0489,0.00353464,509.593,13274.3,22474.3,6010.98
6,37,387,1.84E-05,3.63E-07,1.72E-05,3.46E-07,2,1,326211,9.20E+08,0.5,27,4.25E-10,0.389708,4.55E-07,6.69E-07,67.9765,-31.7455,0.00303456,377.889,11996.3,30782.8,2898.08
6,38,388,5.00E-07,5.95E-07,1.31E-06,6.22E-07,3,5,228212,9.20E+08,0.5,27,1.30E-09,0.689888,2.03E-06,3.25E-06,62.5929,-24.8813,0.0030713,615.984,15326.5,22215.9,5020.79
6,39,389,5.00E-07,6.25E-07,1.98E-05,6.55E-07,2,1,434985,9.20E+08,0.5,27,4.27E-10,0.311991,2.11E-07,3.73E-07,56.4265,-34.2776,0.00245187,251.126,8607.99,27590.5,8164.75
6,40,390,1.57E-05,5.76E-07,3.40E-06,6.16E-07,3,3,191033,9.20E+08,0.5,27,9.22E-10,0.59639,1.83E-06,4.60E-06,39.8077,-23.3689,0.00385668,338.66,7914.13,13270.1,20423.4
6,41,391,1.28E-05,8.95E-07,1.66E-05,9.86E-07,5,2,412803,9.20E+08,0.5,27,9.56E-10,0.484586,5.52E-07,8.21E-07,67.2259,-30.8576,0.00193579,464.701,14339.6,29591.4,3159.19
6,42,392,1.28E-05,1.00E-06,2.00E-05,8.98E-07,5,3,500000,9.20E+08,0.5,27,1.16E-09,0.545056,5.85E-07,7.52E-07,77.7306,-31.2371,0.00292182,604.365,18878.6,34636.1,528.441
6,43,393,5.00E-07,1.00E-06,2.00E-05,5.16E-07,10,5,500000,9.20E+08,0.5,27,2.02E-09,0.671205,8.33E-07,2.50E-06,33.3214,-26.0186,0.00498229,319.039,8300.95,12367.2,26706.8
6,44,394,8.11E-06,1.00E-06,2.00E-05,3.81E-07,6,2,191459,9.20E+08,0.5,27,1.03E-09,0.535945,1.48E-06,1.94E-06,76.1684,-27.1226,0.00277517,582.32,15794,29469.5,779.964
6,45,395,1.60E-05,1.00E-06,1.83E-05,1.80E-07,7,3,10000,9.20E+08,0.5,27,1.34E-09,0.388494,1.45E-05,2.32E-05,62.546,-16.3433,0.0129322,346.617,5664.86,14581.6,5041.91
6,46,396,5.00E-07,8.71E-07,1.24E-05,1.80E-07,9,2,130521,9.20E+08,0.5,27,1.31E-09,0.551334,2.19E-06,5.14E-06,42.6745,-22.8944,0.00713784,335.621,7683.84,13936.8,17914.5
6,47,397,1.53E-05,1.80E-07,1.71E-05,1.00E-06,2,1,500000,9.20E+08,0.5,27,4.40E-10,0.308399,1.78E-07,3.31E-07,53.7839,-34.8002,0.00338785,236.609,8234.04,26699.3,9744.71
6,48,398,8.87E-06,3.82E-07,7.85E-06,9.22E-07,4,2,258719,9.20E+08,0.5,27,8.21E-10,0.583515,1.29E-06,2.47E-06,52.2611,-26.0666,0.00392068,435.007,11339.2,19432.5,10718.4
6,49,399,2.00E-05,8.81E-07,2.00E-05,1.80E-07,9,1,10000,9.20E+08,0.5,27,1.14E-09,0.0220576,4.65E-08,9.12E-07,5.09876,-30.3985,0.000662034,1.60431,48.7685,2210.97,63843.9
7,0,400,5.00E-07,7.08E-07,1.71E-05,1.00E-06,6,1,500000,9.20E+08,0.5,27,8.35E-10,0.290613,1.43E-07,2.58E-07,55.3837,-35.8785,0.0039202,229.596,8237.54,28345.3,8773.93
7,1,401,1.47E-05,1.00E-06,2.00E-05,6.56E-07,6,2,450964,9.20E+08,0.5,27,1.06E-09,0.486706,5.12E-07,7.56E-07,67.7858,-31.2154,0.00153116,470.622,14690.7,30183.8,2963.27
7,2,402,1.42E-05,1.80E-07,5.56E-06,4.26E-07,4,2,231042,9.20E+08,0.5,27,8.10E-10,0.617496,1.63E-06,5.45E-06,29.8494,-22.6382,0.00546133,262.928,5952.22,9639.29,30415.8
7,3,403,1.55E-05,6.96E-07,1.49E-05,6.67E-07,9,1,265264,9.20E+08,0.5,27,1.14E-09,0.282723,2.67E-07,5.38E-07,49.6858,-32.6924,0.00112952,200.382,6550.98,23171,12471.3
7,4,404,2.43E-06,1.00E-06,9.68E-06,1.00E-06,2,2,500000,9.20E+08,0.5,27,6.24E-10,0.602227,7.11E-07,9.93E-07,71.5709,-30.0283,0.00731301,614.841,18462.7,30657.3,1803.4
7,5,405,8.20E-06,3.94E-07,1.48E-05,6.91E-07,2,3,82104.4,9.20E+08,0.5,27,8.27E-10,0.591212,4.17E-06,5.78E-06,72.1656,-22.3797,0.0115516,608.611,13620.5,23038.3,1647.22
7,6,406,7.26E-06,8.06E-07,1.76E-05,8.79E-07,2,3,500000,9.20E+08,0.5,27,8.43E-10,0.594147,6.94E-07,7.62E-07,91.0361,-31.1806,0.00917958,771.566,24057.9,40491.5,5.63E-13
7,7,407,6.08E-06,5.25E-07,1.23E-05,3.91E-07,4,1,320739,9.20E+08,0.5,27,6.16E-10,0.514718,8.14E-07,1.12E-06,72.6685,-29.5082,0.00211801,533.558,15744.3,30588.2,1520.66
7,8,408,1.22E-05,5.30E-07,1.16E-05,6.91E-07,5,3,183795,9.20E+08,0.5,27,1.13E-09,0.607775,1.98E-06,3.54E-06,56.092,-24.5128,0.00440524,486.306,11920.7,19613.7,8356.74
7,9,409,8.72E-06,9.71E-07,1.58E-05,1.00E-06,6,4,258719,9.20E+08,0.5,27,1.45E-09,0.605452,1.39E-06,1.95E-06,71.3179,-27.0934,0.00467338,615.948,16688.1,27563.1,1872.01
7,10,410,1.06E-05,1.00E-06,2.00E-05,9.89E-07,5,3,254604,9.20E+08,0.5,27,1.16E-09,0.530474,1.09E-06,1.08E-06,98.2,-29.6837,0.00291507,763.363,22659.4,42715.4,345.636
7,11,411,5.00E-07,6.87E-07,1.33E-05,1.00E-06,5,2,415290,9.20E+08,0.5,27,9.27E-10,0.535721,6.54E-07,9.46E-07,69.0965,-30.2396,0.0037033,528.033,15967.5,29805.7,2529.22
7,12,412,1.12E-05,7.09E-07,1.26E-05,1.00E-06,5,3,475619,9.20E+08,0.5,27,1.14E-09,0.593256,7.27E-07,1.23E-06,59.2511,-29.1097,0.00410851,501.424,14596.3,24603.7,6630.06
7,13,413,5.00E-07,6.45E-07,2.00E-05,1.00E-06,4,2,334168,9.20E+08,0.5,27,8.41E-10,0.434122,5.29E-07,7.76E-07,68.0882,-31.0998,0.00268108,421.648,13113.2,30206.1,2860.13
7,14,414,1.25E-06,8.97E-07,1.85E-05,6.32E-07,6,1,490687,9.20E+08,0.5,27,8.26E-10,0.399122,2.94E-07,4.53E-07,64.8103,-33.4401,0.00109043,368.991,12339.1,30915.6,4076.32
7,15,415,5.00E-07,1.80E-07,1.81E-06,3.90E-07,5,2,145528,9.20E+08,0.5,27,9.02E-10,0.722692,3.53E-06,5.51E-06,64.1597,-22.5921,0.00307339,661.427,14943,20676.9,4343.18
7,16,416,2.00E-05,2.31E-07,1.83E-05,7.86E-07,9,1,10000,9.20E+08,0.5,27,1.14E-09,0.0140625,1.44E-08,5.01E-07,2.87019,-32.9983,0.00060903,0.575755,18.999,1351.04,67455
7,17,417,2.00E-05,9.88E-07,1.33E-05,3.24E-07,6,3,255958,9.20E+08,0.5,27,1.25E-09,0.568465,1.25E-06,2.00E-06,62.4062,-26.987,0.00276993,506.055,13656.9,24024.2,5104.78
7,18,418,2.00E-05,1.00E-06,1.59E-05,1.80E-07,10,4,72988.4,9.20E+08,0.5,27,1.85E-09,0.600283,4.88E-06,6.64E-06,73.4183,-21.7778,0.00447302,628.675,13691.2,22807.9,1341.36
7,19,419,5.00E-07,7.31E-07,2.00E-05,1.00E-06,5,4,500000,9.20E+08,0.5,27,1.34E-09,0.602727,6.83E-07,1.07E-06,64.0618,-29.7247,0.00844705,550.789,16372,27163.3,4384.1
7,20,420,2.00E-05,8.62E-07,1.72E-05,1.80E-07,8,3,475619,9.20E+08,0.5,27,1.44E-09,0.587231,7.18E-07,1.78E-06,40.3723,-27.5017,0.00306972,338.189,9300.75,15838.3,19916.3
7,21,421,2.67E-06,6.32E-07,1.65E-05,5.11E-07,8,4,192951,9.20E+08,0.5,27,1.62E-09,0.682188,2.38E-06,4.19E-06,56.656,-23.7735,0.00495295,551.335,13107.1,19213.4,8033.84
7,22,422,5.00E-07,1.00E-06,1.82E-05,1.80E-07,5,3,500000,9.20E+08,0.5,27,1.11E-09,0.6805,8.68E-07,4.06E-06,21.407,-23.9183,0.016845,207.802,4970.27,7303.85,40440.7
7,23,423,8.47E-06,3.37E-07,1.10E-05,6.13E-07,6,2,352113,9.20E+08,0.5,27,1.02E-09,0.608725,1.04E-06,2.37E-06,43.8249,-26.2527,0.00320064,380.547,9990.4,16412,16953.9
7,24,424,5.00E-07,2.91E-07,1.60E-05,1.80E-07,4,1,55911.4,9.20E+08,0.5,27,6.06E-10,0.322464,1.80E-06,3.95E-06,45.4569,-24.0339,0.00654561,209.097,5025.41,15584.4,15636.8
7,25,425,7.61E-06,5.78E-07,1.53E-05,1.00E-06,7,2,288103,9.20E+08,0.5,27,1.14E-09,0.521239,9.17E-07,1.12E-06,82.0104,-29.5145,0.00184993,609.778,17997.3,34528,89.3748
7,26,426,1.05E-05,2.84E-07,1.23E-05,1.80E-07,10,1,341452,9.20E+08,0.5,27,1.21E-09,0.530574,8.13E-07,1.53E-06,53.0316,-28.1461,0.00128325,401.372,11297.1,21292.2,10219.8
7,27,427,5.00E-07,6.76E-07,1.24E-05,1.00E-06,2,2,388675,9.20E+08,0.5,27,6.26E-10,0.544831,7.36E-07,9.60E-07,76.6564,-30.1758,0.00769853,595.767,17977.8,32996.9,696.152
7,28,428,1.61E-05,1.00E-06,9.26E-06,5.52E-07,9,3,71457.9,9.20E+08,0.5,27,1.54E-09,0.509719,3.56E-06,5.03E-06,70.805,-22.9822,0.00232272,514.826,11831.8,23212.5,2014.99
7,29,429,2.00E-05,7.76E-07,2.00E-05,1.80E-07,10,5,10000,9.20E+08,0.5,27,2.04E-09,0.542049,2.85E-05,3.77E-05,75.549,-14.2319,0.0142709,584.162,8313.75,15337.6,894.99
7,30,430,1.75E-05,7.65E-07,6.20E-06,3.66E-07,2,3,21564.7,9.20E+08,0.5,27,8.31E-10,0.393657,6.82E-06,1.26E-05,54.2648,-19.0078,0.0189791,304.721,5792.09,14713.5,9446.62
7,31,431,1.31E-05,1.00E-06,2.00E-05,7.54E-07,7,5,282724,9.20E+08,0.5,27,1.76E-09,0.621894,1.35E-06,2.31E-06,58.461,-26.3695,0.00503621,518.62,13675.7,21990.5,7043.19
7,32,432,8.99E-06,6.02E-07,2.00E-05,8.62E-07,5,4,459970,9.20E+08,0.5,27,1.35E-09,0.622347,8.29E-07,1.58E-06,52.434,-28.0123,0.00685655,465.491,13039.5,20952.1,10605.5
7,33,433,2.36E-06,5.63E-07,2.00E-05,1.00E-06,2,5,500000,9.20E+08,0.5,27,1.24E-09,0.669568,8.64E-07,1.77E-06,48.7637,-27.5148,0.0194271,465.756,12815.2,19139.5,13130.7
7,34,434,1.48E-05,6.04E-07,3.63E-06,4.33E-07,3,1,363236,9.20E+08,0.5,27,5.21E-10,0.457622,5.62E-07,9.50E-07,59.2265,-30.2247,0.00146592,386.625,11685.6,25535.5,6642.73
7,35,435,8.16E-06,6.34E-07,1.80E-05,6.14E-07,3,2,475619,9.20E+08,0.5,27,7.32E-10,0.554386,6.39E-07,8.43E-07,75.7594,-30.7403,0.00394201,599.121,18417.2,33220.9,853.891
7,36,436,1.10E-05,1.80E-07,1.66E-05,1.80E-07,2,4,298508,9.20E+08,0.5,27,1.01E-09,0.726369,1.67E-06,1.10E-05,15.1381,-19.5752,0.0388384,156.854,3070.44,4227.11,48806.9
7,37,437,2.00E-05,9.16E-07,6.85E-06,1.80E-07,5,1,10000,9.20E+08,0.5,27,7.39E-10,0.0493866,2.30E-07,2.19E-06,10.5029,-26.5994,0.00241063,7.39917,196.813,3985.16,55499.9
7,38,438,2.00E-05,7.23E-07,2.00E-05,1.00E-06,5,5,441944,9.20E+08,0.5,27,1.57E-09,0.600456,8.02E-07,1.65E-06,48.5825,-27.8218,0.0065559,416.129,11577.4,19281.1,13262.3
7,39,439,1.41E-05,9.44E-07,1.84E-05,7.09E-07,7,5,500000,9.20E+08,0.5,27,1.75E-09,0.635442,7.97E-07,2.25E-06,35.3479,-26.471,0.00494599,320.41,8481.59,13347.5,24653.3
7,40,440,8.87E-06,5.76E-07,1.50E-05,2.64E-07,4,3,332406,9.20E+08,0.5,27,1.02E-09,0.667862,1.32E-06,3.83E-06,34.5182,-24.1736,0.00967299,328.852,7949.54,11903,25484.1
7,41,441,5.00E-07,4.94E-07,1.76E-05,8.65E-07,3,2,53362.8,9.20E+08,0.5,27,7.31E-10,0.214639,8.38E-07,2.32E-06,36.1401,-26.3484,0.00480128,110.653,2915.54,13583.5,23873.5
7,42,442,5.00E-07,5.42E-07,8.36E-06,8.98E-07,7,4,442008,9.20E+08,0.5,27,1.52E-09,0.708837,1.09E-06,1.98E-06,55.2242,-27.0305,0.00504853,558.396,15093.7,21293.6,8865.98
7,43,443,5.00E-07,4.08E-07,2.00E-05,1.80E-07,9,1,10000,9.20E+08,0.5,27,1.11E-09,0.0515206,2.15E-07,2.94E-06,7.3297,-25.3202,0.00235436,5.38683,136.396,2647.4,60328.4
7,44,444,1.54E-05,9.84E-07,1.16E-05,6.99E-07,10,2,77543.1,9.20E+08,0.5,27,1.45E-09,0.387662,1.87E-06,2.84E-06,65.7524,-25.4679,0.00178584,363.607,9260.3,23887.5,3704.8
7,45,445,1.69E-05,1.00E-06,2.00E-05,6.05E-07,3,3,360463,9.20E+08,0.5,27,9.58E-10,0.545116,8.15E-07,1.22E-06,66.9846,-29.1499,0.00429963,520.871,15183.4,27853.4,3245.54
7,46,446,5.00E-07,4.93E-07,1.07E-05,9.89E-07,5,3,10000,9.20E+08,0.5,27,1.12E-09,0.116859,9.83E-07,6.81E-06,14.4262,-21.6677,0.00554356,24.0481,521.067,4458.93,49807.8
7,47,447,1.81E-05,1.00E-06,1.83E-05,3.38E-07,8,4,147129,9.20E+08,0.5,27,1.65E-09,0.59887,2.41E-06,3.49E-06,68.982,-24.566,0.00376983,589.297,14476.6,24173.3,2565.77
7,48,448,1.38E-05,7.59E-07,2.00E-05,2.02E-07,4,2,48646,9.20E+08,0.5,27,8.29E-10,0.497015,4.97E-06,6.11E-06,81.4273,-22.1411,0.00739483,577.305,12782.1,25717.8,127.644
7,49,449,1.03E-05,5.87E-07,1.90E-05,3.41E-07,9,1,10000,9.20E+08,0.5,27,1.13E-09,0.0600647,3.47E-07,2.67E-06,12.9838,-25.7315,0.00175101,11.1247,286.255,4765.77,51864.9
8,0,450,3.88E-06,5.87E-07,1.24E-05,6.91E-07,7,4,256268,9.20E+08,0.5,27,1.52E-09,0.690615,1.84E-06,3.47E-06,52.9407,-24.5998,0.00500577,521.545,12829.9,18577.5,10278
8,1,451,5.00E-07,1.00E-06,2.00E-05,3.39E-07,7,3,71360.8,9.20E+08,0.5,27,1.31E-09,0.349405,1.62E-06,4.64E-06,35.0436,-23.3385,0.00675973,174.665,4076.41,11666.7,24956.6
8,2,452,2.00E-05,8.46E-07,1.48E-05,2.24E-07,10,4,10000,9.20E+08,0.5,27,1.84E-09,0.45112,1.98E-05,2.97E-05,66.6768,-15.2753,0.010408,429.075,6554.25,14528.9,3357.41
8,3,453,2.00E-05,9.90E-07,2.00E-05,1.00E-06,9,5,84454,9.20E+08,0.5,27,1.98E-09,0.526539,3.21E-06,3.88E-06,82.8277,-24.1113,0.00307614,622.118,15000,28488,47.1882
8,4,454,2.59E-06,8.88E-07,5.34E-06,6.00E-07,5,2,300157,9.20E+08,0.5,27,9.11E-10,0.671973,1.48E-06,2.39E-06,62.1624,-26.2241,0.00299224,595.863,15626,23253.8,5215.54
8,5,455,6.41E-06,1.80E-07,5.00E-07,4.13E-07,2,1,448244,9.20E+08,0.5,27,4.03E-10,0.543391,6.40E-07,3.25E-06,19.7023,-24.8866,0.00195323,152.72,3800.69,6994.39,42637.9
8,6,456,1.38E-05,1.00E-06,1.76E-05,8.79E-07,10,3,500000,9.20E+08,0.5,27,1.66E-09,0.550791,5.92E-07,1.12E-06,53.0544,-29.5253,0.00162664,416.844,12307.5,22345.1,10205.2
8,7,457,6.08E-06,5.25E-07,2.00E-05,1.80E-07,10,4,320739,9.20E+08,0.5,27,1.81E-09,0.712861,1.56E-06,6.59E-06,23.6037,-21.8097,0.00969707,240.022,5234.82,7343.39,37695.1
8,8,458,1.07E-05,1.00E-06,1.86E-05,7.54E-07,7,5,183795,9.20E+08,0.5,27,1.75E-09,0.628323,2.12E-06,3.27E-06,64.7022,-24.8498,0.00518576,579.92,14410.9,22935.5,4120.02
8,9,459,8.87E-06,4.58E-07,1.15E-05,1.00E-06,3,1,170762,9.20E+08,0.5,27,5.31E-10,0.289778,4.70E-07,7.57E-07,62.1156,-31.2092,0.00324555,256.763,8013.36,27653.5,5237.29
8,10,460,5.00E-07,1.80E-07,1.60E-05,9.89E-07,2,3,469207,9.20E+08,0.5,27,8.32E-10,0.631793,8.26E-07,1.14E-06,72.5976,-29.4405,0.0126449,654.279,19262.3,30488.3,1538.2
8,11,461,1.83E-06,4.40E-07,1.33E-05,7.30E-07,2,1,453509,9.20E+08,0.5,27,4.21E-10,0.494036,5.28E-07,6.40E-07,82.461,-31.9398,0.00284155,581.13,18561.2,37570.5,64.4665
8,12,462,1.04E-05,7.52E-07,2.00E-05,7.78E-07,10,5,238828,9.20E+08,0.5,27,2.05E-09,0.638282,1.68E-06,3.02E-06,55.6909,-25.2028,0.0042144,507.064,12779.4,20021.6,8590.25
8,13,463,5.00E-07,2.63E-07,1.19E-05,1.00E-06,2,2,380591,9.20E+08,0.5,27,6.24E-10,0.590435,8.95E-07,1.13E-06,79.4672,-29.4854,0.00789635,669.308,19734.9,33424.2,306.12
8,14,464,1.71E-06,2.58E-07,5.08E-06,7.80E-07,5,2,328168,9.20E+08,0.5,27,9.09E-10,0.696735,1.46E-06,2.89E-06,50.4765,-25.3948,0.00339028,501.676,12739.9,18285.2,11918.7
8,15,465,6.50E-06,1.00E-06,1.30E-05,9.66E-07,4,2,500000,9.20E+08,0.5,27,8.38E-10,0.54623,5.86E-07,7.84E-07,74.7589,-31.0591,0.00268807,582.512,18092.3,33122.1,1048.8
8,16,466,5.00E-07,2.31E-07,1.39E-05,1.00E-06,5,3,287056,9.20E+08,0.5,27,1.13E-09,0.621699,1.31E-06,1.85E-06,70.8197,-27.3272,0.00589167,628.06,17163.1,27606.8,2010.8
8,17,467,1.49E-06,8.81E-07,1.63E-05,1.00E-06,2,1,500000,9.20E+08,0.5,27,4.35E-10,0.375281,2.66E-07,3.53E-07,75.4317,-34.5255,0.00353823,403.809,13941.7,37150.1,915.651
8,18,468,1.39E-05,1.00E-06,2.00E-05,9.18E-07,7,4,268837,9.20E+08,0.5,27,1.56E-09,0.5712,1.19E-06,1.56E-06,76.3783,-28.0599,0.00331491,622.335,17462.7,30571.9,743.343
8,19,469,1.18E-05,9.91E-07,1.84E-05,6.71E-07,5,2,304516,9.20E+08,0.5,27,9.48E-10,0.497985,7.98E-07,1.02E-06,78.0182,-29.901,0.00197653,554.215,16571.6,33277.3,487.462
8,20,470,9.68E-06,1.00E-06,2.00E-05,6.05E-07,5,2,500000,9.20E+08,0.5,27,9.44E-10,0.520471,5.33E-07,8.28E-07,64.34,-30.821,0.00202543,477.687,14722.8,28287.5,4268.34
8,21,471,2.33E-06,5.63E-07,2.00E-05,1.00E-06,8,4,332155,9.20E+08,0.5,27,1.64E-09,0.623706,1.14E-06,1.74E-06,65.7538,-27.5979,0.0052008,585.016,16145.2,25885.9,3704.15
8,22,472,2.00E-05,1.00E-06,2.00E-05,1.80E-07,5,3,10000,9.20E+08,0.5,27,1.15E-09,0.357593,1.22E-05,2.03E-05,59.9115,-16.9247,0.0158493,305.609,5172.35,14464.3,6294.47
8,23,473,5.68E-07,6.53E-07,1.44E-05,8.60E-07,8,1,498602,9.20E+08,0.5,27,1.03E-09,0.399907,2.76E-07,4.47E-07,61.7986,-33.4964,0.00225775,352.536,11808.7,29528.6,5383.12
8,24,474,5.00E-07,8.86E-07,2.00E-05,7.36E-07,4,5,478208,9.20E+08,0.5,27,1.43E-09,0.653323,8.42E-07,1.64E-06,51.3618,-27.8556,0.0117804,478.668,13333.6,20408.9,11315.3
8,25,475,7.61E-06,1.00E-06,2.00E-05,1.00E-06,9,5,10000,9.20E+08,0.5,27,1.96E-09,0.241226,5.59E-06,1.49E-05,37.4155,-18.2563,0.00766085,128.748,2350.47,9743.86,22643.4
8,26,476,1.88E-05,3.08E-07,2.00E-05,9.83E-07,3,2,351195,9.20E+08,0.5,27,7.51E-10,0.470015,6.12E-07,8.96E-07,68.3203,-30.4771,0.00417868,458.066,13960.5,29702.3,2782.12
8,27,477,1.12E-05,5.70E-07,2.00E-05,5.64E-07,5,2,388675,9.20E+08,0.5,27,9.35E-10,0.533541,7.23E-07,1.18E-06,61.1431,-29.2751,0.00250032,465.351,13623.2,25533.6,5691.53
8,28,478,1.13E-05,4.45E-07,1.71E-05,1.80E-07,6,2,116970,9.20E+08,0.5,27,1.02E-09,0.594399,2.98E-06,4.57E-06,65.165,-23.3983,0.00589351,552.533,12928.3,21750.3,3934.26
8,29,479,6.78E-06,5.05E-07,9.57E-06,1.80E-07,10,5,141844,9.20E+08,0.5,27,2.01E-09,0.760938,4.02E-06,1.09E-05,36.9823,-19.6347,0.00843256,401.43,7881.95,10358.2,23056.9
8,30,480,5.00E-07,7.89E-07,9.93E-06,1.00E-06,2,1,500000,9.20E+08,0.5,27,4.21E-10,0.447841,3.84E-07,4.90E-07,78.3638,-33.0993,0.00279329,500.617,16570.1,36999.9,440.417
8,31,481,2.00E-05,1.00E-06,2.00E-05,1.00E-06,6,5,305798,9.20E+08,0.5,27,1.68E-09,0.579458,1.08E-06,1.50E-06,71.9823,-28.2371,0.0045301,594.995,16801,28994.3,1694.61
8,32,482,1.54E-05,3.00E-07,1.44E-05,3.71E-07,2,1,218120,9.20E+08,0.5,27,4.20E-10,0.423065,8.04E-07,1.09E-06,74.0341,-29.6407,0.00374689,446.791,13243.2,31303,1202.55
8,33,483,5.24E-06,6.67E-07,1.88E-05,1.00E-06,3,3,482939,9.20E+08,0.5,27,9.45E-10,0.587829,7.02E-07,1.04E-06,67.7935,-29.8456,0.0074523,568.467,16966.2,28862.5,2960.65
8,34,484,5.49E-06,7.03E-07,1.60E-05,7.44E-07,10,1,500000,9.20E+08,0.5,27,1.23E-09,0.436363,3.49E-07,5.23E-07,66.7353,-32.8156,0.000831645,415.403,13631.7,31239.3,3336.04
8,35,485,7.55E-06,7.78E-07,1.74E-05,6.14E-07,2,2,500000,9.20E+08,0.5,27,6.33E-10,0.555506,6.10E-07,8.99E-07,67.8871,-30.4635,0.00512658,537.95,16387.9,29500.8,2928.52
8,36,486,1.22E-06,5.61E-07,1.57E-05,7.02E-07,4,5,60818.4,9.20E+08,0.5,27,1.42E-09,0.592264,5.63E-06,7.82E-06,71.9798,-21.0659,0.00983312,608.124,12810.7,21630,1695.27
8,37,487,1.37E-06,5.55E-07,1.36E-05,4.07E-07,7,2,343764,9.20E+08,0.5,27,1.11E-09,0.64586,1.19E-06,2.10E-06,56.652,-26.779,0.0036133,521.939,13977,21640.9,8036.11
8,38,488,4.24E-06,9.98E-07,1.84E-05,8.29E-07,2,5,391472,9.20E+08,0.5,27,1.24E-09,0.67157,1.12E-06,2.00E-06,55.8256,-26.9858,0.0171974,534.799,14432,21489.9,8511.45
8,39,489,5.00E-07,4.73E-07,1.66E-05,7.44E-07,2,1,500000,9.20E+08,0.5,27,4.25E-10,0.396518,2.98E-07,4.47E-07,66.7655,-33.4973,0.00227406,377.643,12650,31902.8,3325.06
8,40,490,1.58E-05,1.00E-06,2.00E-05,7.11E-07,4,3,297606,9.20E+08,0.5,27,1.06E-09,0.536926,9.56E-07,1.29E-06,73.9803,-28.888,0.00346579,566.626,16368.7,30486,1214.34
8,41,491,9.28E-06,7.81E-07,2.00E-05,1.00E-06,2,4,490129,9.20E+08,0.5,27,1.05E-09,0.606794,7.35E-07,1.38E-06,53.0742,-28.5879,0.012129,459.4,13133.3,21643.7,10192.6
8,42,492,1.28E-05,9.16E-07,1.74E-05,3.82E-07,9,4,151676,9.20E+08,0.5,27,1.74E-09,0.628785,2.58E-06,4.18E-06,61.654,-23.7874,0.00382402,553.006,13154.5,20920.6,5450.36
8,43,493,1.32E-05,9.86E-07,2.00E-05,9.07E-07,4,3,306795,9.20E+08,0.5,27,1.06E-09,0.53289,9.11E-07,1.12E-06,81.5908,-29.5203,0.00344677,620.22,18309.1,34358,116.223
8,44,494,5.00E-07,3.38E-07,1.06E-05,1.00E-06,2,2,500000,9.20E+08,0.5,27,6.21E-10,0.611368,7.28E-07,1.02E-06,71.1918,-29.9029,0.00881419,620.867,18565.7,30367.5,1906.67
8,45,495,1.19E-05,6.32E-07,2.00E-05,6.63E-07,7,1,107699,9.20E+08,0.5,27,9.42E-10,0.1628,2.31E-07,6.73E-07,34.3192,-31.7189,0.000938415,79.6997,2527.99,15528.2,25686.4
8,46,496,3.10E-06,1.00E-06,8.76E-06,1.00E-06,2,1,500000,9.20E+08,0.5,27,4.24E-10,0.486829,4.62E-07,5.26E-07,87.7767,-32.7879,0.00289971,609.568,19986.5,41054.4,0.00138778
8,47,497,5.00E-07,8.39E-07,1.07E-05,6.82E-07,4,1,314763,9.20E+08,0.5,27,6.15E-10,0.428786,5.52E-07,8.59E-07,64.1679,-30.6576,0.00198544,392.487,12032.7,28062.2,4339.82
8,48,498,6.76E-06,1.00E-06,1.03E-05,7.26E-07,2,1,442261,9.20E+08,0.5,27,4.29E-10,0.457951,4.63E-07,5.97E-07,77.4542,-32.238,0.00313186,505.977,16311.7,35618.8,569.401
8,49,499,1.26E-05,1.00E-06,2.00E-05,3.00E-07,4,2,500000,9.20E+08,0.5,27,8.37E-10,0.535206,5.66E-07,1.03E-06,54.9344,-29.874,0.00310102,419.403,12529.2,23410.1,9039.43
9,0,500,2.68E-06,8.74E-07,1.84E-05,9.53E-07,2,3,487512,9.20E+08,0.5,27,8.40E-10,0.599719,7.20E-07,9.25E-07,77.8377,-30.3408,0.0106643,665.893,20203.7,33688.6,512.979
9,1,501,5.00E-07,7.90E-07,2.00E-05,1.00E-06,2,1,500000,9.20E+08,0.5,27,4.41E-10,0.225999,9.43E-08,1.82E-07,51.7636,-37.3972,0.00316085,166.878,6240.75,27614,11064.4
9,2,502,1.55E-05,7.52E-07,2.00E-05,5.19E-07,8,5,10000,9.20E+08,0.5,27,1.84E-09,0.404497,1.58E-05,2.68E-05,58.9547,-15.7113,0.0108657,340.173,5344.55,13212.8,6783.67
9,3,503,4.69E-06,9.90E-07,1.38E-05,4.32E-07,5,1,84454,9.20E+08,0.5,27,7.21E-10,0.356617,1.46E-06,2.25E-06,64.9118,-26.4759,0.00253595,330.211,8742.66,24515.5,4035.54
9,4,504,5.00E-07,6.92E-07,1.20E-05,1.00E-06,4,1,500000,9.20E+08,0.5,27,6.25E-10,0.412253,3.13E-07,4.40E-07,71.1854,-33.5657,0.00148335,418.621,14051.3,34084.2,1908.5
9,5,505,1.50E-05,1.00E-06,2.00E-05,7.97E-07,4,3,410255,9.20E+08,0.5,27,1.06E-09,0.540154,7.02E-07,8.00E-07,87.6946,-30.9685,0.00320243,675.704,20925.5,38739.9,5.34E-13
9,6,506,5.00E-07,3.31E-07,1.05E-05,1.00E-06,2,2,469472,9.20E+08,0.5,27,6.21E-10,0.60988,7.72E-07,1.07E-06,72.2778,-29.714,0.0087041,628.805,18684.3,30636,1618.54
9,7,507,8.10E-06,5.25E-07,1.89E-05,8.50E-07,6,3,364021,9.20E+08,0.5,27,1.24E-09,0.588707,9.38E-07,1.72E-06,54.4207,-27.6344,0.00392715,457.014,12629.3,21452.6,9350.95
9,8,508,5.22E-06,3.94E-07,1.42E-05,8.70E-07,6,1,388328,9.20E+08,0.5,27,8.29E-10,0.4415,4.75E-07,6.38E-07,74.5101,-31.9512,0.00155865,469.258,14993.4,33960.1,1100.41
9,9,509,8.87E-06,1.00E-06,2.00E-05,1.80E-07,3,3,10000,9.20E+08,0.5,27,9.25E-10,0.413405,1.58E-05,2.59E-05,60.9322,-15.8658,0.0305606,359.326,5701.01,13790.4,5792.66
9,10,510,1.28E-05,1.80E-07,1.13E-05,1.80E-07,2,1,10000,9.20E+08,0.5,27,4.09E-10,0.224463,4.51E-06,1.15E-05,39.3497,-19.4078,0.023893,125.994,2445.27,10893.9,20840.1
9,11,511,5.00E-07,1.00E-06,1.66E-05,1.00E-06,3,2,500000,9.20E+08,0.5,27,7.34E-10,0.484755,4.41E-07,6.07E-07,72.6359,-32.1696,0.00472691,502.274,16158,33332.2,1528.71
9,12,512,1.04E-05,9.43E-07,1.81E-05,1.80E-07,5,3,374875,9.20E+08,0.5,27,1.13E-09,0.636465,1.06E-06,2.73E-06,38.903,-25.6371,0.0083256,353.203,9055.09,14227.2,21249.3
9,13,513,1.26E-05,6.04E-07,1.63E-05,1.80E-07,10,2,10000,9.20E+08,0.5,27,1.42E-09,0.370703,1.33E-05,2.22E-05,60.1157,-16.5393,0.00884359,317.893,5257.73,14183.2,6192.4
9,14,514,4.80E-06,8.97E-07,1.91E-05,9.48E-07,2,2,151653,9.20E+08,0.5,27,6.45E-10,0.462522,1.38E-06,1.55E-06,88.7319,-28.0966,0.00599159,585.435,16448.7,35563.1,0.0112366
9,15,515,1.92E-06,6.24E-07,1.58E-05,1.00E-06,2,2,182299,9.20E+08,0.5,27,6.34E-10,0.504922,1.37E-06,1.59E-06,86.2058,-27.9903,0.00561777,620.908,17379.4,34420,0
9,16,516,4.27E-06,8.99E-07,2.00E-05,1.00E-06,2,3,331104,9.20E+08,0.5,27,8.48E-10,0.569036,9.60E-07,1.16E-06,82.8412,-29.3618,0.00820642,672.438,19744,34697.2,46.6026
9,17,517,5.00E-07,1.80E-07,1.24E-05,9.50E-07,2,1,493090,9.20E+08,0.5,27,4.24E-10,0.47362,4.42E-07,5.62E-07,78.5913,-32.5039,0.00270548,530.971,17258.6,36439.9,410.717
9,18,518,1.06E-05,1.00E-06,1.97E-05,9.18E-07,5,3,244186,9.20E+08,0.5,27,1.16E-09,0.537151,1.16E-06,1.41E-06,82.603,-28.5187,0.00313167,632.935,18050.5,33604.1,57.4549
9,19,519,2.00E-05,1.00E-06,1.33E-05,3.95E-07,5,3,249195,9.20E+08,0.5,27,1.15E-09,0.560981,1.25E-06,1.90E-06,65.6622,-27.2092,0.00307535,525.448,14297,25485.7,3739.52
9,20,520,1.45E-05,6.72E-07,2.00E-05,6.71E-07,5,4,186288,9.20E+08,0.5,27,1.35E-09,0.600264,1.91E-06,3.00E-06,63.6823,-25.2231,0.0052024,545.29,13753.9,22913.1,4544.43
9,21,521,3.06E-06,8.97E-07,1.93E-05,5.72E-07,3,4,114744,9.20E+08,0.5,27,1.13E-09,0.630058,3.40E-06,4.47E-06,75.9701,-23.4948,0.010167,682.793,16042.1,25461.3,815.397
9,22,522,7.19E-06,5.76E-07,1.59E-05,1.80E-07,6,2,433983,9.20E+08,0.5,27,1.01E-09,0.632811,9.10E-07,2.55E-06,35.6927,-25.9349,0.0060215,322.196,8356.12,13204.8,24312.1
9,23,523,8.61E-06,9.78E-07,2.00E-05,1.00E-06,5,4,102005,9.20E+08,0.5,27,1.36E-09,0.545549,2.87E-06,3.67E-06,78.1465,-24.3534,0.00476899,608.148,14810.5,27147.8,469.706
9,24,524,1.88E-05,1.00E-06,2.00E-05,4.95E-07,9,5,478208,9.20E+08,0.5,27,1.96E-09,0.622508,8.02E-07,2.01E-06,39.8765,-26.9649,0.00319499,354.102,9548.32,15338.5,20361.3
9,25,525,1.33E-05,1.00E-06,2.00E-05,6.89E-07,7,5,192573,9.20E+08,0.5,27,1.75E-09,0.619394,1.97E-06,3.04E-06,64.7169,-25.1721,0.00480764,571.809,14393.7,23238.3,4114.03
9,26,526,1.11E-06,6.30E-07,6.23E-06,1.00E-06,3,1,500000,9.20E+08,0.5,27,5.14E-10,0.555652,6.03E-07,7.46E-07,80.8126,-31.273,0.00243911,640.543,20031.7,36050.8,175.346
9,27,527,1.13E-06,7.18E-07,2.00E-05,8.75E-07,4,2,330254,9.20E+08,0.5,27,8.37E-10,0.496957,7.21E-07,1.02E-06,70.9828,-29.9333,0.00284831,503.197,15062.3,30309.2,1964.83
9,28,528,3.49E-06,9.29E-07,2.00E-05,9.45E-07,3,3,500000,9.20E+08,0.5,27,9.44E-10,0.585794,6.72E-07,9.08E-07,74.0285,-30.4209,0.0072446,618.6,18818.4,32124.6,1203.73
9,29,529,5.00E-07,5.07E-07,2.00E-05,1.00E-06,4,5,318367,9.20E+08,0.5,27,1.44E-09,0.629572,1.18E-06,1.68E-06,70.5497,-27.7515,0.0120056,633.588,17583,27928.6,2088.1
9,30,530,5.00E-07,3.47E-07,1.38E-05,1.00E-06,2,2,243413,9.20E+08,0.5,27,6.28E-10,0.527156,1.11E-06,1.38E-06,80.7176,-28.6019,0.00611956,606.978,17360.7,32932.8,183.391
9,31,531,3.64E-06,7.19E-07,2.00E-05,6.14E-07,3,2,500000,9.20E+08,0.5,27,7.30E-10,0.562853,6.25E-07,8.79E-07,71.133,-30.5591,0.00400581,571.127,17453.1,31008.3,1922.93
9,32,532,1.06E-05,7.54E-07,2.00E-05,6.14E-07,5,3,452433,9.20E+08,0.5,27,1.14E-09,0.588309,7.57E-07,1.30E-06,58.2075,-28.8615,0.00401714,488.485,14098.4,23964.2,7178.38
9,33,533,1.26E-05,1.00E-06,2.00E-05,2.13E-07,8,3,230689,9.20E+08,0.5,27,1.43E-09,0.601823,1.55E-06,2.63E-06,58.9161,-25.7985,0.00419813,505.788,13048.6,21681.8,6803.69
9,34,534,1.67E-05,7.04E-07,1.98E-05,8.20E-07,9,5,98687,9.20E+08,0.5,27,1.96E-09,0.588726,3.46E-06,4.93E-06,70.1481,-23.0677,0.00372061,589.108,13589.4,23082.7,2205.8
9,35,535,1.91E-05,1.00E-06,2.00E-05,6.14E-07,7,3,234691,9.20E+08,0.5,27,1.36E-09,0.52469,1.15E-06,1.70E-06,67.8615,-27.6944,0.00216751,507.916,14066.4,26809.1,2937.28
9,36,536,5.00E-07,9.16E-07,6.16E-06,7.02E-07,2,1,60818.4,9.20E+08,0.5,27,4.10E-10,0.236468,8.91E-07,2.52E-06,35.295,-25.979,0.00551216,119.056,3092.96,13079.8,24706.5
9,37,537,1.84E-05,3.48E-07,1.63E-05,1.80E-07,3,1,374517,9.20E+08,0.5,27,5.19E-10,0.433469,4.94E-07,7.48E-07,66,-31.2618,0.00206021,408.101,12758,29432.3,3610.03
9,38,538,1.84E-05,1.00E-06,2.00E-05,1.00E-06,6,5,149831,9.20E+08,0.5,27,1.68E-09,0.563269,2.09E-06,2.91E-06,71.7186,-25.3653,0.00405534,576.255,14616.8,25950,1763.95
9,39,539,3.33E-06,8.36E-07,1.46E-05,9.30E-07,3,3,500000,9.20E+08,0.5,27,9.33E-10,0.626516,7.69E-07,9.19E-07,83.6564,-30.3667,0.00851374,747.649,22703.6,36237.9,18.0518
9,40,540,5.00E-07,5.43E-07,2.00E-05,1.00E-06,7,3,500000,9.20E+08,0.5,27,1.34E-09,0.566336,6.01E-07,8.76E-07,68.5813,-30.5733,0.00433073,554.047,16939,29909.9,2695.73
9,41,541,2.00E-05,7.35E-07,1.78E-05,1.80E-07,10,5,10000,9.20E+08,0.5,27,2.04E-09,0.548975,2.93E-05,3.91E-05,74.9363,-14.0802,0.0139343,586.828,8262.63,15051,1015.32
9,42,542,5.56E-06,5.39E-07,1.69E-05,6.28E-07,2,3,428747,9.20E+08,0.5,27,8.27E-10,0.638821,9.37E-07,1.80E-06,52.0161,-27.4445,0.0105842,474.006,13008.9,20363.8,10879.3
9,43,543,2.00E-05,1.00E-06,2.00E-05,3.53E-07,5,4,57213.8,9.20E+08,0.5,27,1.35E-09,0.555386,5.31E-06,6.62E-06,80.1604,-21.7902,0.00639912,635.069,13838.3,24916.5,234.22
9,44,544,7.99E-06,1.00E-06,1.24E-05,8.08E-07,3,2,191459,9.20E+08,0.5,27,7.36E-10,0.519244,1.38E-06,1.70E-06,81.4327,-27.6951,0.00372528,603.166,16704.7,32171.3,127.254
9,45,545,9.33E-06,8.08E-07,9.32E-06,3.74E-07,9,2,381073,9.20E+08,0.5,27,1.32E-09,0.607352,9.55E-07,1.78E-06,53.7322,-27.5013,0.00171225,465.523,12802.5,21079.2,9776.74
9,46,546,3.10E-06,9.04E-07,2.00E-05,1.80E-07,8,4,242658,9.20E+08,0.5,27,1.61E-09,0.710975,2.03E-06,6.12E-06,33.1275,-22.1341,0.0125759,335.976,7436.52,10459.6,26907.6
9,47,547,1.60E-05,1.00E-06,1.49E-05,4.08E-07,5,4,256684,9.20E+08,0.5,27,1.34E-09,0.620197,1.48E-06,2.55E-06,58.0351,-25.9263,0.00482867,513.436,13311.5,21463.3,7271.08
9,48,548,5.00E-07,4.77E-07,1.56E-05,1.00E-06,4,1,385861,9.20E+08,0.5,27,6.32E-10,0.317669,2.40E-07,4.20E-07,57.1182,-33.7709,0.00184358,258.831,8740.93,27515.8,7774.22
9,49,549,2.00E-05,7.89E-07,1.46E-05,1.80E-07,2,5,10000,9.20E+08,0.5,27,1.24E-09,0.556269,2.79E-05,3.74E-05,74.5593,-14.273,0.0560448,591.633,8444.37,15180.4,1091.68
10,0,550,9.57E-06,5.51E-07,1.84E-05,1.00E-06,2,1,178367,9.20E+08,0.5,27,4.47E-10,0.177506,1.69E-07,4.20E-07,40.1416,-33.7687,0.00253204,101.642,3432.33,19336.4,20123.5
10,1,551,2.42E-06,3.11E-07,1.88E-05,8.75E-07,6,1,500000,9.20E+08,0.5,27,8.34E-10,0.421283,3.31E-07,4.51E-07,73.3902,-33.4592,0.00143176,441.04,14756.9,35028.4,1347.93
10,2,552,5.00E-07,9.10E-07,2.00E-05,3.09E-07,9,1,284611,9.20E+08,0.5,27,1.11E-09,0.314291,3.01E-07,7.51E-07,40.0928,-31.2425,0.00249466,179.748,5615.79,17868.1,20166.8
10,3,553,5.00E-07,6.89E-07,1.38E-05,7.56E-07,9,4,229715,9.20E+08,0.5,27,1.72E-09,0.626386,1.62E-06,2.68E-06,60.2995,-25.7173,0.00449871,538.792,13856.3,22121,6101.17
10,4,554,2.00E-05,9.23E-07,1.20E-05,4.50E-07,10,2,10000,9.20E+08,0.5,27,1.45E-09,0.123128,1.47E-06,6.35E-06,23.063,-21.969,0.00301746,40.5078,889.917,7227.58,38363.1
10,5,555,6.19E-06,6.69E-07,1.44E-05,1.80E-07,6,3,395414,9.20E+08,0.5,27,1.21E-09,0.69671,1.21E-06,4.35E-06,27.6735,-23.6106,0.0102129,275.031,6493.66,9320.46,32863.3
10,6,556,2.00E-05,1.00E-06,8.37E-06,1.80E-07,8,1,28498.9,9.20E+08,0.5,27,1.04E-09,0.100982,3.46E-07,1.58E-06,21.9341,-28.0196,0.00115381,31.5956,885.296,8766.91,39774.4
10,7,557,6.77E-06,8.98E-07,7.67E-07,7.54E-07,2,1,320739,9.20E+08,0.5,27,4.13E-10,0.333537,3.33E-07,9.49E-07,35.1207,-30.2262,0.00151846,167.099,5050.76,15143,24879.7
10,8,558,5.45E-06,6.66E-07,1.51E-05,1.00E-06,3,3,491083,9.20E+08,0.5,27,9.38E-10,0.610712,7.46E-07,1.15E-06,64.8062,-29.3903,0.00791073,564.572,16592.9,27169.8,4077.89
10,9,559,9.56E-06,8.17E-07,8.77E-06,5.67E-07,2,1,401188,9.20E+08,0.5,27,4.26E-10,0.467718,5.35E-07,7.01E-07,76.2382,-31.5414,0.00279831,508.654,16043.7,34302,767.707
10,10,560,5.00E-07,1.00E-06,2.00E-05,1.00E-06,2,3,460445,9.20E+08,0.5,27,8.41E-10,0.53031,5.74E-07,6.63E-07,86.6139,-31.7844,0.0109086,655.215,20825.6,39270.7,4.13E-06
10,11,561,1.63E-06,7.78E-07,2.00E-05,1.00E-06,2,2,10000,9.20E+08,0.5,27,6.43E-10,0.071792,3.60E-07,3.12E-06,11.5363,-25.0576,0.01007,11.8144,296.04,4123.58,53970.6
10,12,562,1.17E-05,8.95E-07,1.71E-05,1.00E-06,8,5,178011,9.20E+08,0.5,27,1.86E-09,0.611314,2.06E-06,2.90E-06,71.1787,-25.3752,0.00405027,620.699,15750.4,25764.8,1910.27
10,13,563,5.00E-07,1.80E-07,1.25E-05,1.00E-06,2,1,495163,9.20E+08,0.5,27,4.25E-10,0.463198,4.19E-07,5.17E-07,81.1392,-32.8665,0.00270773,536.121,17620.4,38040.8,149.071
10,14,564,8.79E-06,8.97E-07,8.82E-06,1.00E-06,2,2,112063,9.20E+08,0.5,27,6.33E-10,0.460128,1.84E-06,2.55E-06,72.001,-25.9275,0.00743985,472.589,12253,26629.7,1689.75
10,15,565,1.00E-06,3.95E-07,1.58E-05,7.91E-07,2,4,192573,9.20E+08,0.5,27,1.03E-09,0.65781,2.18E-06,3.02E-06,72.3645,-25.2043,0.0151456,679.035,17114.6,26017.6,1596.56
10,16,566,5.00E-07,8.99E-07,2.00E-05,1.00E-06,4,5,500000,9.20E+08,0.5,27,1.44E-09,0.628095,7.37E-07,1.16E-06,63.6333,-29.3647,0.0127697,570.132,16741.8,26654.8,4565.37
10,17,567,1.79E-05,1.80E-07,2.00E-05,1.00E-06,10,5,226130,9.20E+08,0.5,27,2.05E-09,0.622198,1.68E-06,6.67E-06,25.1987,-21.7579,0.00536497,223.653,4866.21,7820.99,35761.9
10,18,568,3.49E-06,7.28E-07,8.79E-06,7.70E-07,2,1,500000,9.20E+08,0.5,27,4.19E-10,0.52437,5.41E-07,6.30E-07,85.867,-32.0058,0.00299837,642.289,20557,39203.2,1.26E-12
10,19,569,1.46E-05,9.91E-07,1.65E-05,4.83E-07,8,4,315737,9.20E+08,0.5,27,1.64E-09,0.618457,1.20E-06,2.22E-06,54.0816,-26.5444,0.00311989,477.117,12664.8,20478.1,9559.48
10,20,570,3.88E-06,8.26E-07,2.00E-05,8.98E-07,3,5,10000,9.20E+08,0.5,27,1.34E-09,0.280238,7.25E-06,1.79E-05,40.4143,-17.4644,0.019943,161.558,2821.51,10068.3,19879.2
10,21,571,5.12E-06,8.97E-07,1.93E-05,5.72E-07,6,5,10000,9.20E+08,0.5,27,1.63E-09,0.377923,1.37E-05,2.62E-05,52.2619,-15.8156,0.0129928,281.744,4455.94,11790.6,10718
10,22,572,5.00E-07,1.81E-07,8.00E-06,1.80E-07,3,1,500000,9.20E+08,0.5,27,5.03E-10,0.689486,9.30E-07,2.17E-06,42.8648,-26.634,0.0100934,421.592,11228.7,16285.6,17753.8
10,23,573,5.00E-07,7.87E-07,1.84E-05,1.00E-06,3,3,102005,9.20E+08,0.5,27,9.38E-10,0.344174,1.12E-06,2.16E-06,51.8682,-26.6653,0.00656224,254.651,6790.35,19729.4,10977.4
10,24,574,4.72E-06,1.80E-07,4.10E-06,8.39E-07,3,1,478208,9.20E+08,0.5,27,5.09E-10,0.594592,7.23E-07,1.96E-06,36.7954,-27.0688,0.00393459,312.09,8447.9,14207.9,23236.8
10,25,575,1.23E-05,5.78E-07,1.04E-05,7.11E-07,7,1,500000,9.20E+08,0.5,27,9.29E-10,0.437498,3.59E-07,5.75E-07,62.4806,-32.4048,0.00107078,389.931,12635.6,28881.6,5071.28
10,26,576,9.40E-06,8.83E-07,3.70E-06,2.37E-07,2,1,10000,9.20E+08,0.5,27,4.18E-10,0.121153,1.32E-06,6.50E-06,20.2649,-21.8737,0.0124512,35.0223,766.069,6323.16,41907.4
10,27,577,5.00E-07,2.27E-07,2.00E-05,8.75E-07,2,2,500000,9.20E+08,0.5,27,6.35E-10,0.539017,5.66E-07,6.71E-07,84.4268,-31.7336,0.00566583,649.156,20600.1,38217.8,3.28612
10,28,578,1.64E-06,9.31E-07,1.30E-05,9.16E-07,2,3,500000,9.20E+08,0.5,27,8.27E-10,0.644513,8.07E-07,9.25E-07,87.2173,-30.3393,0.0124317,801.864,24328,37746.3,2.96E-05
10,29,579,2.00E-05,1.00E-06,1.39E-05,3.15E-07,2,2,10000,9.20E+08,0.5,27,6.49E-10,0.163799,2.41E-06,7.99E-06,30.2199,-20.9753,0.0157798,70.6107,1481.08,9042.09,30009.5
10,30,580,8.28E-06,9.52E-07,1.41E-05,9.79E-07,2,1,500000,9.20E+08,0.5,27,4.43E-10,0.37505,2.67E-07,3.81E-07,70.1059,-34.1933,0.00413448,375.068,12824.8,34194.9,2218.46
10,31,581,8.33E-06,6.79E-07,1.46E-05,5.11E-07,2,2,182111,9.20E+08,0.5,27,6.26E-10,0.563822,1.72E-06,2.22E-06,77.5632,-26.539,0.00698859,623.827,16555.7,29363.4,553.06
10,32,582,4.74E-06,7.09E-07,7.87E-06,8.97E-07,3,3,477323,9.20E+08,0.5,27,9.21E-10,0.674547,9.38E-07,1.94E-06,48.2316,-27.113,0.00759321,464.099,12583.1,18654.2,13519.1
10,33,583,4.11E-06,5.61E-07,1.29E-05,1.00E-06,2,1,248514,9.20E+08,0.5,27,4.31E-10,0.391458,5.94E-07,7.73E-07,76.843,-31.1166,0.00494179,429.097,13352,34108.5,665.458
10,34,584,4.53E-06,7.27E-07,1.23E-05,6.52E-07,2,1,10000,9.20E+08,0.5,27,4.23E-10,0.0602139,3.18E-07,2.80E-06,11.3741,-25.5287,0.00713744,9.7697,249.408,4142.03,54209.2
10,35,585,1.53E-05,9.02E-07,1.84E-05,3.36E-07,3,1,271519,9.20E+08,0.5,27,5.40E-10,0.330308,3.86E-07,6.05E-07,63.8265,-32.1855,0.00214468,300.736,9679.34,29304,4483.42
10,36,586,1.42E-05,1.00E-06,1.86E-05,4.61E-07,4,3,236965,9.20E+08,0.5,27,1.05E-09,0.569826,1.35E-06,1.58E-06,86.0113,-28.0271,0.00440661,699.14,19594.9,34387.4,0
10,37,587,1.46E-05,1.00E-06,1.43E-05,1.80E-07,2,2,10000,9.20E+08,0.5,27,6.34E-10,0.270251,6.57E-06,1.43E-05,45.8976,-18.4427,0.0265902,176.939,3263.24,12074.8,15290.4
10,38,588,5.00E-07,6.15E-07,2.00E-05,1.00E-06,5,5,424872,9.20E+08,0.5,27,1.54E-09,0.635526,8.98E-07,1.30E-06,69.1369,-28.8637,0.010337,626.772,18091,28466.1,2516.36
10,39,589,3.33E-06,9.23E-07,1.98E-05,4.26E-07,10,5,10000,9.20E+08,0.5,27,2.02E-09,0.359797,1.25E-05,2.68E-05,46.8119,-15.7244,0.0088548,240.26,3777.93,10500.2,14583.4
10,40,590,5.00E-07,2.53E-07,8.97E-06,1.00E-06,2,1,500000,9.20E+08,0.5,27,4.18E-10,0.520704,5.30E-07,5.62E-07,94.3753,-32.5059,0.0031771,700.996,22786.5,43760.9,1.33E-12
10,41,591,4.74E-06,5.62E-07,1.52E-05,1.00E-06,2,3,86750.9,9.20E+08,0.5,27,8.36E-10,0.542421,3.32E-06,3.86E-06,85.9599,-24.1337,0.00910885,665.118,16051.8,29592.8,0
10,42,592,1.07E-05,1.00E-06,2.00E-05,4.11E-07,5,3,500000,9.20E+08,0.5,27,1.14E-09,0.597146,7.06E-07,1.55E-06,45.4309,-28.0875,0.00408631,386.988,10869.5,18202.5,15657.2
10,43,593,8.97E-06,8.65E-07,1.15E-05,1.00E-06,7,3,359065,9.20E+08,0.5,27,1.34E-09,0.597323,9.74E-07,1.50E-06,64.7486,-28.2283,0.0029251,551.704,15573.7,26072.4,4101.18
10,44,594,3.67E-06,7.19E-07,1.24E-05,8.39E-07,6,1,500000,9.20E+08,0.5,27,8.26E-10,0.471467,4.24E-07,5.86E-07,72.3017,-32.3177,0.00110907,486.257,15714.7,33331.5,1612.47
10,45,595,7.25E-07,9.15E-07,1.96E-05,7.14E-07,5,3,107699,9.20E+08,0.5,27,1.13E-09,0.431496,1.66E-06,2.54E-06,65.1132,-25.9437,0.00510775,400.786,10397.9,24097.3,3954.88
10,46,596,2.00E-05,8.66E-07,1.71E-05,1.00E-06,9,5,10000,9.20E+08,0.5,27,1.97E-09,0.193786,3.60E-06,1.17E-05,30.7547,-19.3136,0.00658336,85.0157,1641.96,8473.08,29426.3
10,47,597,1.83E-06,1.00E-06,1.41E-05,1.00E-06,2,3,500000,9.20E+08,0.5,27,8.32E-10,0.624418,7.57E-07,1.10E-06,68.7472,-29.5831,0.0119771,612.346,18115.1,29011.2,2641.52
10,48,598,2.32E-06,7.54E-07,1.22E-05,1.00E-06,4,1,500000,9.20E+08,0.5,27,6.28E-10,0.456493,3.98E-07,3.96E-07,97.223,-34.0177,0.001724,653.724,22238.1,48715.2,290.613
10,49,599,8.77E-06,7.29E-07,1.11E-05,2.09E-07,2,1,292718,9.20E+08,0.5,27,4.17E-10,0.509432,8.74E-07,1.12E-06,78.2038,-29.5161,0.00400849,568.304,16774.1,32927.1,461.88
11,0,600,1.34E-05,9.85E-07,1.29E-05,7.16E-07,2,3,60934.5,9.20E+08,0.5,27,8.45E-10,0.486692,3.78E-06,4.88E-06,77.5163,-23.1158,0.00985111,538.163,12440,25560.4,560.056
11,1,601,4.39E-06,3.11E-07,8.83E-06,9.29E-07,5,2,500000,9.20E+08,0.5,27,9.19E-10,0.629129,7.78E-07,1.74E-06,44.6433,-27.5859,0.00375239,400.648,11052.2,17567.5,16286.6
11,2,602,5.00E-07,5.99E-07,1.48E-05,1.00E-06,2,2,499648,9.20E+08,0.5,27,6.30E-10,0.540631,5.63E-07,6.72E-07,83.8085,-31.7276,0.00703163,646.332,20506.6,37930.8,14.1965
11,3,603,5.00E-07,6.50E-07,1.60E-05,1.00E-06,2,2,500000,9.20E+08,0.5,27,6.33E-10,0.523035,5.25E-07,6.55E-07,80.1609,-31.8401,0.00677515,598.08,19042.9,36408.5,234.169
11,4,604,6.04E-07,1.80E-07,2.00E-05,8.40E-07,6,1,495163,9.20E+08,0.5,27,8.34E-10,0.369477,2.48E-07,3.67E-07,67.6065,-34.3483,0.00142859,356.321,12239,33125.3,3025.49
11,5,605,5.00E-07,9.30E-07,1.20E-05,1.00E-06,2,1,500000,9.20E+08,0.5,27,4.25E-10,0.385233,2.80E-07,3.96E-07,70.547,-34.0182,0.00254606,387.675,13188,34233.9,2088.99
11,6,606,1.64E-06,1.00E-06,1.76E-05,1.00E-06,2,3,500000,9.20E+08,0.5,27,8.38E-10,0.596851,6.90E-07,8.96E-07,77.0105,-30.4774,0.011266,655.665,19983,33480.7,638.326
11,7,607,8.05E-06,6.83E-07,1.38E-05,1.00E-06,2,2,243130,9.20E+08,0.5,27,6.39E-10,0.517392,1.08E-06,1.19E-06,90.5332,-29.2303,0.00508091,668.18,19531.1,37749.1,0
11,8,608,9.87E-06,6.01E-07,8.60E-06,1.80E-07,2,1,388328,9.20E+08,0.5,27,4.15E-10,0.536618,7.32E-07,1.09E-06,66.9702,-29.6142,0.00440888,512.641,15181.5,28291,3250.74
11,9,609,4.36E-06,8.17E-07,1.69E-05,1.00E-06,2,1,189472,9.20E+08,0.5,27,4.41E-10,0.256547,3.30E-07,5.79E-07,56.9729,-32.3706,0.0044571,208.498,6749.2,26307.9,7855.64
11,10,610,5.00E-07,1.80E-07,9.36E-06,9.50E-07,2,1,460445,9.20E+08,0.5,27,4.18E-10,0.523503,5.83E-07,6.80E-07,85.6387,-31.6732,0.0033763,639.522,20255.7,38692.6,1.05E-12
11,11,611,9.77E-06,9.23E-07,1.33E-05,1.80E-07,2,1,244934,9.20E+08,0.5,27,4.23E-10,0.46582,8.70E-07,1.07E-06,81.1375,-29.6947,0.00357352,539.145,16009.8,34369,149.198
11,12,612,2.71E-06,3.68E-07,1.90E-05,9.50E-07,2,3,342217,9.20E+08,0.5,27,8.38E-10,0.60351,1.04E-06,1.38E-06,75.4896,-28.5943,0.0101488,649.887,18583.1,30791.7,904.476
11,13,613,8.94E-06,1.00E-06,2.00E-05,1.00E-06,3,2,179560,9.20E+08,0.5,27,7.58E-10,0.435851,1.03E-06,1.29E-06,79.5755,-28.8956,0.00514428,494.748,14296.1,32800.3,294.28
11,14,614,1.31E-06,6.34E-07,1.59E-05,1.00E-06,2,1,500000,9.20E+08,0.5,27,4.33E-10,0.39561,2.97E-07,3.59E-07,82.8217,-34.4468,0.00340107,467.389,16100,40696.7,47.5363
11,15,615,2.00E-05,1.00E-06,1.77E-05,1.80E-07,10,4,10000,9.20E+08,0.5,27,1.85E-09,0.450056,1.97E-05,2.85E-05,68.9773,-15.4484,0.010818,442.832,6841.05,15200.4,2567.29
11,16,616,4.27E-06,7.61E-07,2.00E-05,1.00E-06,2,3,331104,9.20E+08,0.5,27,8.46E-10,0.573615,9.75E-07,1.24E-06,78.4848,-29.0566,0.0085529,642.203,18660.2,32530.9,424.478
11,17,617,2.00E-05,1.00E-06,1.47E-05,1.80E-07,10,1,72617.4,9.20E+08,0.5,27,1.25E-09,0.152304,3.01E-07,9.31E-07,32.3269,-30.3092,0.000623027,70.2333,2128.72,13976.7,27745.5
11,18,618,1.54E-05,1.00E-06,1.57E-05,8.32E-07,5,3,500000,9.20E+08,0.5,27,1.16E-09,0.555019,6.07E-07,1.16E-06,52.2331,-29.3488,0.00279552,413.543,12137,21867.7,10736.7
11,19,619,4.61E-06,5.85E-07,1.43E-05,9.97E-07,5,3,256025,9.20E+08,0.5,27,1.13E-09,0.605821,1.41E-06,2.05E-06,68.6968,-26.876,0.00482343,593.673,15955.6,26337.1,2657.96
11,20,620,9.68E-06,9.93E-07,1.33E-05,4.41E-07,8,1,267961,9.20E+08,0.5,27,1.03E-09,0.415708,6.13E-07,8.61E-07,71.1771,-30.652,0.00101727,422.08,12937.6,31121.9,1910.78
11,21,621,2.00E-05,1.00E-06,2.00E-05,1.80E-07,10,4,114744,9.20E+08,0.5,27,1.85E-09,0.601323,3.11E-06,4.73E-06,65.8172,-23.2522,0.00442061,564.564,13127.3,21830.8,3679.8
11,22,622,1.05E-05,2.08E-07,2.00E-05,3.01E-07,10,2,261397,9.20E+08,0.5,27,1.42E-09,0.589507,1.31E-06,3.15E-06,41.733,-25.0166,0.00315329,350.941,8779.36,14892.7,18720.3
11,23,623,3.90E-06,6.53E-07,1.56E-05,1.00E-06,3,4,500000,9.20E+08,0.5,27,1.14E-09,0.656685,8.42E-07,1.26E-06,66.7188,-28.9893,0.0116933,624.988,18117.9,27590,3342.01
11,24,624,5.00E-07,6.13E-07,2.00E-05,9.25E-07,7,1,182258,9.20E+08,0.5,27,9.38E-10,0.136562,9.31E-08,3.56E-07,26.1387,-34.4824,0.00129676,50.9188,1755.8,12857.2,34647.6
11,25,625,6.09E-06,1.00E-06,7.62E-06,4.50E-07,2,3,354903,9.20E+08,0.5,27,8.19E-10,0.682508,1.29E-06,2.52E-06,51.3805,-25.9867,0.00907432,500.233,12999.4,19046.5,11302.7
11,26,626,9.42E-06,6.30E-07,6.23E-06,5.45E-07,4,2,236965,9.20E+08,0.5,27,8.19E-10,0.607505,1.54E-06,2.69E-06,57.2647,-25.7101,0.0034472,496.253,12758.7,21001.8,7692.47
11,27,627,1.72E-05,1.00E-06,1.54E-05,1.80E-07,2,1,10000,9.20E+08,0.5,27,4.40E-10,0.036317,1.16E-07,1.47E-06,7.88468,-28.3132,0.00389116,4.0847,115.651,3184.48,59469.5
11,28,628,1.64E-06,1.00E-06,2.00E-05,1.00E-06,2,3,317117,9.20E+08,0.5,27,8.43E-10,0.558498,9.54E-07,1.07E-06,89.4688,-29.7194,0.00943104,712.786,21183.6,37929.6,1.25E-14
11,29,629,1.65E-05,1.00E-06,1.28E-05,5.29E-07,3,2,34913.6,9.20E+08,0.5,27,7.46E-10,0.296912,2.44E-06,4.53E-06,53.9602,-23.4433,0.00715716,228.543,5357.79,18045.1,9635.01
11,30,630,5.00E-07,1.00E-06,1.09E-05,1.00E-06,2,1,434746,9.20E+08,0.5,27,4.23E-10,0.382546,3.19E-07,4.57E-07,69.731,-33.4008,0.00269679,380.518,12709.6,33223.8,2331.54
11,31,631,8.47E-06,1.00E-06,2.00E-05,7.38E-07,3,2,189741,9.20E+08,0.5,27,7.46E-10,0.481766,1.20E-06,1.48E-06,81.2172,-28.3088,0.00369029,558.15,15800.5,32797.1,143.095
11,32,632,5.00E-07,6.02E-07,1.71E-05,6.14E-07,2,1,500000,9.20E+08,0.5,27,4.22E-10,0.402173,3.07E-07,4.74E-07,64.7273,-33.2401,0.00249677,371.336,12343.2,30691.3,4109.89
11,33,633,5.00E-07,4.07E-07,1.64E-05,1.00E-06,4,1,500000,9.20E+08,0.5,27,6.33E-10,0.351822,2.25E-07,3.43E-07,65.4855,-34.6439,0.00187181,328.651,11385.7,32362.2,3808.32
11,34,634,8.83E-06,3.74E-07,1.24E-05,6.00E-07,6,1,360307,9.20E+08,0.5,27,8.22E-10,0.47029,5.94E-07,8.64E-07,68.7962,-30.6349,0.00130669,461.526,14138.8,30064,2625.65
11,35,635,8.91E-06,9.98E-07,1.77E-05,5.10E-07,7,3,366069,9.20E+08,0.5,27,1.34E-09,0.603221,9.82E-07,1.80E-06,54.4797,-27.4392,0.00298572,468.788,12863.2,21324.1,9314.91
11,36,636,8.48E-07,1.80E-07,2.00E-05,1.00E-06,2,3,317984,9.20E+08,0.5,27,8.40E-10,0.593619,1.08E-06,1.37E-06,79.0907,-28.6371,0.0102145,669.729,19179.1,32308.8,349.198
11,37,637,1.71E-05,1.00E-06,9.90E-06,1.80E-07,2,1,45675.3,9.20E+08,0.5,27,4.38E-10,0.183812,7.12E-07,1.80E-06,39.5864,-27.452,0.00472372,103.797,2849.44,15501.9,20624.8
11,38,638,1.21E-05,7.41E-07,1.43E-05,7.30E-07,10,1,451646,9.20E+08,0.5,27,1.24E-09,0.381943,2.83E-07,4.95E-07,57.1966,-33.0551,0.0010283,311.627,10300.9,26969.6,7730.39
11,39,639,5.00E-07,1.80E-07,1.39E-05,9.84E-07,3,1,499648,9.20E+08,0.5,27,5.28E-10,0.441703,3.73E-07,4.45E-07,83.7664,-33.5176,0.00194103,527.797,17690.5,40050.6,15.2453
11,40,640,5.00E-07,5.45E-07,8.97E-06,1.00E-06,2,2,395251,9.20E+08,0.5,27,6.18E-10,0.604272,8.97E-07,1.23E-06,73.1766,-29.1163,0.0086345,630.77,18365.7,30393.1,1397.92
11,41,641,1.29E-05,8.01E-07,2.00E-05,7.53E-07,6,3,86750.9,9.20E+08,0.5,27,1.25E-09,0.507093,2.91E-06,3.53E-06,82.3521,-24.5169,0.00346174,595.702,14604.7,28800.9,70.1137
11,42,642,1.23E-05,1.00E-06,1.62E-05,2.06E-07,10,3,166635,9.20E+08,0.5,27,1.63E-09,0.612315,2.22E-06,3.52E-06,63.1003,-24.5314,0.00349871,551.153,13520.5,22081,4795.96
11,43,643,5.00E-07,7.57E-07,2.00E-05,1.00E-06,2,3,500000,9.20E+08,0.5,27,8.41E-10,0.55478,5.84E-07,7.47E-07,78.1436,-31.2683,0.0112768,618.415,19336.8,34854.9,470.109
11,44,644,5.00E-07,3.61E-07,2.00E-05,1.00E-06,6,2,500000,9.20E+08,0.5,27,1.04E-09,0.506059,4.82E-07,7.17E-07,67.2439,-31.4437,0.00207481,485.423,15263.5,30161.5,3152.8
11,45,645,2.00E-05,1.00E-06,2.00E-05,6.68E-07,7,3,363161,9.20E+08,0.5,27,1.37E-09,0.526063,7.49E-07,1.23E-06,60.6895,-29.0874,0.00188731,455.425,13247.1,25181.6,5910.03
11,46,646,3.10E-06,1.00E-06,2.00E-05,9.71E-07,7,4,432330,9.20E+08,0.5,27,1.55E-09,0.620175,8.67E-07,1.38E-06,62.9784,-28.6122,0.00569749,557.151,15941.3,25704.5,4849.5
11,47,647,2.00E-05,1.00E-06,2.00E-05,1.00E-06,10,4,314763,9.20E+08,0.5,27,1.88E-09,0.544255,9.19E-07,1.44E-06,63.9683,-28.4286,0.00192617,496.631,14118.6,25941,4423.31
11,48,648,1.35E-05,5.50E-07,2.00E-05,9.82E-07,6,2,500000,9.20E+08,0.5,27,1.05E-09,0.487224,4.60E-07,7.20E-07,63.859,-31.428,0.0016291,443.83,13948.7,28628.9,4469.43
11,49,649,5.00E-07,1.00E-06,1.50E-05,1.00E-06,2,2,460633,9.20E+08,0.5,27,6.31E-10,0.498882,5.13E-07,6.47E-07,79.408,-31.8937,0.00696728,565.104,18023.3,36127.4,312.701
12,0,650,1.65E-06,4.94E-07,2.00E-05,1.00E-06,2,3,210726,9.20E+08,0.5,27,8.42E-10,0.563018,1.47E-06,1.75E-06,84.1975,-27.5712,0.00860062,676.22,18644.2,33114.8,6.43935
12,1,651,2.00E-05,1.00E-06,2.00E-05,7.14E-07,10,5,10000,9.20E+08,0.5,27,2.07E-09,0.269575,7.03E-06,1.61E-05,43.6655,-17.9305,0.00660098,167.913,3010.76,11168.6,17085.8
12,2,652,2.00E-05,1.00E-06,2.00E-05,1.00E-06,10,5,101808,9.20E+08,0.5,27,2.08E-09,0.538143,2.78E-06,3.32E-06,83.7421,-24.7824,0.00269872,642.848,15931.3,29604.2,15.8225
12,3,653,7.17E-06,1.80E-07,2.00E-05,3.92E-07,4,5,262725,9.20E+08,0.5,27,1.42E-09,0.718595,1.93E-06,9.14E-06,21.0748,-20.3902,0.015064,216.03,4404.9,6129.87,40864.3
12,4,654,8.05E-06,9.23E-07,1.91E-05,1.00E-06,2,3,350861,9.20E+08,0.5,27,8.53E-10,0.55907,8.78E-07,1.14E-06,76.6777,-29.414,0.00666441,611.508,17986.9,32172.9,692.599
12,5,655,1.50E-05,7.54E-07,1.37E-05,9.36E-07,6,2,410255,9.20E+08,0.5,27,1.05E-09,0.499506,5.90E-07,9.21E-07,64.0663,-30.3575,0.00164109,456.495,13858.1,27743.6,4382.21
12,6,656,9.34E-06,1.00E-06,2.00E-05,3.14E-07,3,3,163904,9.20E+08,0.5,27,9.31E-10,0.604618,2.19E-06,3.07E-06,71.4497,-25.1302,0.00902279,616.236,15486.1,25613.1,1836.12
12,7,657,2.65E-06,3.71E-07,1.71E-05,1.00E-06,2,4,10000,9.20E+08,0.5,27,1.04E-09,0.247497,5.49E-06,1.51E-05,36.2939,-18.199,0.0250215,128.136,2331.95,9422.11,23723.3
12,8,658,5.41E-06,1.00E-06,2.00E-05,1.00E-06,4,1,444745,9.20E+08,0.5,27,6.51E-10,0.308331,1.91E-07,3.42E-07,55.9578,-34.6616,0.00232911,246.118,8530.85,27667.9,8434.79
12,9,659,3.46E-06,7.30E-07,1.59E-05,1.00E-06,2,1,500000,9.20E+08,0.5,27,4.37E-10,0.408996,3.21E-07,4.14E-07,77.4968,-33.8326,0.00395343,452.135,15296.9,37401.2,563.045
12,10,660,1.05E-05,1.80E-07,1.35E-05,9.50E-07,9,3,89471.5,9.20E+08,0.5,27,1.53E-09,0.55956,3.42E-06,6.42E-06,53.214,-21.9226,0.00385187,424.755,9311.74,16641.2,10103.5
12,11,661,1.94E-05,8.82E-07,7.52E-06,1.00E-06,5,1,235553,9.20E+08,0.5,27,7.49E-10,0.155952,9.48E-08,3.17E-07,29.8848,-34.9845,0.0010268,66.4827,2325.86,14913.9,30377.8
12,12,662,5.48E-06,1.00E-06,1.59E-05,9.50E-07,6,3,191304,9.20E+08,0.5,27,1.24E-09,0.568071,1.66E-06,2.19E-06,75.6729,-26.5951,0.00325856,613.21,16308.4,28708.4,869.955
12,13,663,8.06E-06,1.00E-06,2.00E-05,3.67E-07,3,3,205545,9.20E+08,0.5,27,9.31E-10,0.609233,1.78E-06,2.56E-06,69.5207,-25.9215,0.00829954,604.176,15661.2,25706.4,2396.1
12,14,664,5.48E-06,7.05E-07,2.00E-05,1.00E-06,5,3,356509,9.20E+08,0.5,27,1.15E-09,0.571247,8.99E-07,1.27E-06,70.6386,-28.9507,0.00427854,575.615,16664.5,29172.1,2062.49
12,15,665,1.92E-06,1.80E-07,1.24E-05,5.60E-07,2,3,367272,9.20E+08,0.5,27,8.15E-10,0.705742,1.34E-06,3.28E-06,40.7526,-24.8452,0.0125909,410.268,10193.2,14443.2,19578.3
12,16,666,4.27E-06,8.99E-07,2.00E-05,1.00E-06,2,1,500000,9.20E+08,0.5,27,4.48E-10,0.340524,2.17E-07,3.20E-07,67.8774,-34.9506,0.00397866,329.715,11523.7,33841.2,2932.05
12,17,667,1.69E-05,9.84E-07,1.84E-05,7.43E-07,8,1,13633.8,9.20E+08,0.5,27,1.06E-09,0.0107789,8.04E-09,3.43E-07,2.34488,-34.6496,0.00044257,0.360548,12.4929,1159.01,68320.6
12,18,668,8.50E-06,6.00E-07,9.14E-06,7.65E-07,10,2,328828,9.20E+08,0.5,27,1.42E-09,0.586916,1.02E-06,1.78E-06,57.3191,-27.4904,0.00147603,479.89,13192.4,22477.5,7662.31
12,19,669,9.18E-06,1.00E-06,1.08E-05,1.00E-06,3,3,465199,9.20E+08,0.5,27,9.40E-10,0.601997,7.66E-07,1.04E-06,73.9328,-29.8439,0.00587457,634.889,18947.6,31474.5,1224.83
12,20,670,1.06E-06,5.77E-07,2.00E-05,8.98E-07,2,2,475619,9.20E+08,0.5,27,6.37E-10,0.523544,5.61E-07,6.79E-07,82.6255,-31.6813,0.00515386,617.068,19549.5,37340.8,56.3822
12,21,671,5.00E-07,1.80E-07,8.42E-06,1.00E-06,3,4,500000,9.20E+08,0.5,27,1.12E-09,0.731487,1.04E-06,1.93E-06,54.2078,-27.1553,0.0112117,565.633,15359.9,20998.2,9481.59
12,22,672,1.07E-05,1.97E-07,1.55E-05,1.80E-07,2,2,124574,9.20E+08,0.5,27,6.10E-10,0.631027,3.08E-06,6.12E-06,50.3187,-22.1301,0.0214394,452.943,10023.7,15884.7,12027.9
12,23,673,1.14E-05,6.53E-07,2.00E-05,9.80E-07,6,3,456746,9.20E+08,0.5,27,1.25E-09,0.556873,6.67E-07,1.04E-06,64.0018,-29.82,0.00311419,508.41,15160.8,27224.9,4409.24
12,24,674,5.00E-07,7.06E-07,1.70E-05,1.00E-06,4,1,250216,9.20E+08,0.5,27,6.35E-10,0.196204,1.43E-07,3.69E-07,38.6957,-34.3341,0.00199725,108.302,3718.45,18952,21441.6
12,25,675,2.12E-06,5.78E-07,1.53E-05,1.00E-06,2,1,500000,9.20E+08,0.5,27,4.33E-10,0.424174,3.46E-07,4.10E-07,84.41,-33.8727,0.00361273,510.745,17300.3,40785.9,3.52719
12,26,676,5.00E-07,5.14E-07,6.23E-06,1.00E-06,2,3,369878,9.20E+08,0.5,27,8.13E-10,0.690454,1.25E-06,1.80E-06,69.5294,-27.4465,0.0114219,684.809,18795.6,27222.1,2393.39
12,27,677,5.00E-07,1.80E-07,7.44E-06,8.98E-07,2,2,445437,9.20E+08,0.5,27,6.14E-10,0.672985,9.97E-07,1.39E-06,71.5051,-28.5565,0.00912576,686.45,19602.6,29127.8,1821.12
12,28,678,1.64E-06,8.10E-07,1.55E-05,6.85E-07,2,3,433584,9.20E+08,0.5,27,8.24E-10,0.648154,9.45E-07,1.37E-06,68.8531,-28.6257,0.0121648,636.602,18223.1,28115.5,2607.23
12,29,679,1.96E-06,9.24E-07,1.40E-05,1.00E-06,5,3,10000,9.20E+08,0.5,27,1.13E-09,0.139137,1.81E-06,8.60E-06,21.0692,-20.6561,0.00803338,41.8175,863.788,6208.18,40872.5
12,30,680,2.00E-05,8.88E-07,2.00E-05,1.80E-07,8,1,10000,9.20E+08,0.5,27,1.04E-09,0.0218685,4.55E-08,9.04E-07,5.03543,-30.4364,0.000738968,1.5708,47.8096,2186.23,63945.2
12,31,681,3.02E-06,1.00E-06,1.59E-05,7.38E-07,2,1,405742,9.20E+08,0.5,27,4.29E-10,0.424334,4.29E-07,5.13E-07,83.6973,-32.9008,0.00339098,506.624,16668.3,39281.1,17.0159
12,32,682,5.00E-07,2.07E-07,1.33E-05,9.25E-07,2,2,500000,9.20E+08,0.5,27,6.25E-10,0.59934,7.02E-07,8.99E-07,78.1262,-30.4647,0.00822201,667.938,20348.6,33951.6,472.489
12,33,683,6.79E-06,4.94E-07,2.00E-05,9.12E-07,4,5,297038,9.20E+08,0.5,27,1.44E-09,0.6558,1.42E-06,2.69E-06,52.8246,-25.7063,0.0106729,494.167,12703.2,19370.5,10352.6
12,34,684,3.57E-06,7.85E-07,1.31E-05,1.00E-06,3,2,397353,9.20E+08,0.5,27,7.32E-10,0.562579,7.83E-07,1.00E-06,78.234,-29.9941,0.00424794,627.835,18831.3,33473.2,457.789
12,35,685,5.00E-07,1.80E-07,6.72E-06,9.33E-07,3,1,325051,9.20E+08,0.5,27,5.13E-10,0.556342,9.32E-07,1.19E-06,78.0601,-29.2282,0.00301241,619.494,18106.7,32546,481.62
12,36,686,1.42E-05,7.79E-07,1.78E-05,6.71E-07,4,2,318749,9.20E+08,0.5,27,8.46E-10,0.501349,7.75E-07,1.14E-06,67.8206,-29.4215,0.00252397,485.029,14270.3,28463.8,2951.31
12,37,687,2.89E-06,3.48E-07,1.97E-05,1.00E-06,2,2,205979,9.20E+08,0.5,27,6.41E-10,0.503295,1.21E-06,1.30E-06,92.7231,-28.8589,0.00520968,665.697,19211.3,38171.1,0
12,38,688,8.61E-06,8.68E-07,1.92E-05,1.00E-06,2,5,10000,9.20E+08,0.5,27,1.25E-09,0.255994,5.89E-06,1.51E-05,39.043,-18.2165,0.025693,142.574,2597.2,10145.5,21120.9
12,39,689,1.90E-05,1.00E-06,2.00E-05,9.84E-07,3,3,333173,9.20E+08,0.5,27,9.77E-10,0.504118,7.49E-07,9.80E-07,76.38,-30.0878,0.00361649,549.26,16526,32782.1,743.041
12,40,690,1.43E-05,1.00E-06,8.97E-06,6.36E-07,7,3,310820,9.20E+08,0.5,27,1.34E-09,0.590886,1.11E-06,1.87E-06,59.0192,-27.2738,0.00203514,497.466,13567.8,22961.8,6750.03
12,41,691,4.49E-06,1.00E-06,1.64E-05,1.00E-06,6,2,332966,9.20E+08,0.5,27,1.04E-09,0.517017,7.80E-07,9.20E-07,84.8019,-30.3611,0.00199612,625.427,18988.6,36727.3,0.392245
12,42,692,1.28E-05,1.00E-06,2.00E-05,1.00E-06,10,5,12600.9,9.20E+08,0.5,27,2.07E-09,0.263512,5.32E-06,1.26E-05,42.3659,-19.0104,0.00651749,159.251,3027.43,11488.8,18177.1
12,43,693,3.00E-06,7.35E-07,2.00E-05,6.83E-07,2,2,500000,9.20E+08,0.5,27,6.32E-10,0.556993,6.11E-07,7.02E-07,87.1121,-31.537,0.00538566,692.141,21828.1,39189.1,9.06E-13
12,44,694,2.02E-06,1.80E-07,1.52E-05,1.00E-06,2,1,233260,9.20E+08,0.5,27,4.31E-10,0.390114,6.29E-07,8.13E-07,77.3289,-30.8967,0.00493265,430.328,13295.7,34081.6,588.553
12,45,695,1.69E-05,8.08E-07,2.00E-05,7.14E-07,2,1,437307,9.20E+08,0.5,27,4.56E-10,0.230223,1.13E-07,2.82E-07,40.1755,-35.5017,0.00242007,131.94,4684.1,20345.9,20093.7
12,46,696,8.14E-06,1.80E-07,1.99E-05,1.00E-06,10,3,293839,9.20E+08,0.5,27,1.64E-09,0.577912,1.11E-06,2.51E-06,44.3092,-26.0015,0.00282136,365.277,9497.76,16434.6,16557.4
12,47,697,1.29E-06,5.60E-07,1.37E-05,1.00E-06,2,2,500000,9.20E+08,0.5,27,6.29E-10,0.576222,6.49E-07,7.78E-07,83.4146,-31.0895,0.00721246,685.643,21316.3,36993.2,25.1363
12,48,698,1.75E-05,7.59E-07,1.50E-05,3.84E-07,9,4,45328.2,9.20E+08,0.5,27,1.74E-09,0.578284,7.28E-06,1.01E-05,71.9181,-19.9483,0.00448813,593.261,11834.6,20465,1711.36
12,49,699,1.87E-05,1.00E-06,2.00E-05,1.00E-06,2,2,149356,9.20E+08,0.5,27,6.77E-10,0.33534,7.22E-07,1.06E-06,68.289,-29.7608,0.00719605,326.665,9721.8,28990.9,2792.79
13,0,700,1.65E-06,1.00E-06,1.55E-05,6.09E-07,8,4,251023,9.20E+08,0.5,27,1.62E-09,0.665418,1.72E-06,2.90E-06,59.189,-25.3737,0.00476579,561.826,14255.6,21423.6,6662.05
13,1,701,5.00E-07,6.77E-07,1.31E-05,8.75E-07,2,2,450152,9.20E+08,0.5,27,6.24E-10,0.565007,6.84E-07,9.25E-07,73.9466,-30.3399,0.00822796,595.989,18082.3,32003.6,1221.78
13,2,702,5.00E-07,7.57E-07,2.00E-05,1.00E-06,2,4,66078.1,9.20E+08,0.5,27,1.04E-09,0.313117,1.43E-06,3.01E-06,47.3388,-25.2101,0.0117535,211.442,5330.48,17023.9,14183.9
13,3,703,1.42E-05,5.92E-07,2.00E-05,2.49E-07,8,4,146839,9.20E+08,0.5,27,1.63E-09,0.652648,2.86E-06,6.18E-06,46.3384,-22.0913,0.00682066,431.406,9530.32,14602.5,14947.2
13,4,704,1.33E-05,8.36E-07,1.19E-05,1.00E-06,7,3,350861,9.20E+08,0.5,27,1.35E-09,0.570963,9.10E-07,1.54E-06,59.1766,-28.1327,0.0021927,481.975,13559.2,23748,6668.5
13,5,705,1.47E-05,3.40E-07,2.00E-05,1.00E-06,7,5,410255,9.20E+08,0.5,27,1.75E-09,0.633427,9.61E-07,3.62E-06,26.5385,-24.4098,0.00668708,239.794,5853.33,9240.74,34177.5
13,6,706,2.00E-05,1.00E-06,1.76E-05,5.81E-07,2,4,226130,9.20E+08,0.5,27,1.06E-09,0.577538,1.46E-06,2.37E-06,61.4486,-26.2509,0.00741636,506.243,13289.3,23010.3,5546.67
13,7,707,4.92E-06,1.00E-06,1.49E-05,7.15E-07,6,2,243130,9.20E+08,0.5,27,1.03E-09,0.547345,1.21E-06,1.56E-06,77.5154,-28.0711,0.00257442,605.222,16989.3,31039.4,560.2
13,8,708,5.22E-06,6.41E-07,1.58E-05,6.63E-07,4,2,10000,9.20E+08,0.5,27,8.28E-10,0.171912,2.78E-06,9.59E-06,28.9277,-20.1802,0.00965002,70.9389,1431.56,8327.33,31441.9
13,9,709,6.35E-06,2.02E-07,1.59E-05,7.02E-07,8,4,262617,9.20E+08,0.5,27,1.62E-09,0.675686,1.72E-06,5.45E-06,31.5103,-22.635,0.00514623,303.713,6874.54,10174.2,28611.5
13,10,710,2.69E-06,5.10E-07,9.72E-06,9.50E-07,3,2,200855,9.20E+08,0.5,27,7.21E-10,0.58685,1.69E-06,2.22E-06,75.9369,-26.5282,0.00507765,635.692,16863.7,28736,821.396
13,11,711,7.71E-06,5.24E-07,1.33E-05,1.00E-06,4,1,423160,9.20E+08,0.5,27,6.35E-10,0.403106,3.61E-07,5.05E-07,71.4261,-32.9637,0.00244907,410.717,13538.8,33586.1,1842.59
13,12,712,5.48E-06,7.84E-07,1.96E-05,4.26E-07,8,5,10000,9.20E+08,0.5,27,1.83E-09,0.44677,1.93E-05,3.24E-05,59.6032,-14.8972,0.0122802,379.857,5658.81,12666,6450.01
13,13,713,2.24E-06,4.39E-07,6.09E-06,1.00E-06,5,2,283913,9.20E+08,0.5,27,9.14E-10,0.641748,1.42E-06,2.19E-06,65.0499,-26.597,0.00309832,595.494,15838.3,24680,3980.05
13,14,714,1.36E-05,8.97E-07,2.00E-05,4.26E-07,7,3,151653,9.20E+08,0.5,27,1.34E-09,0.568078,2.10E-06,2.61E-06,80.4157,-25.8261,0.00328032,651.65,16829.6,29625.5,210.162
13,15,715,5.00E-07,1.80E-07,1.37E-05,1.00E-06,2,1,500000,9.20E+08,0.5,27,4.27E-10,0.444317,3.80E-07,4.65E-07,81.8681,-33.3295,0.00274601,518.888,17294.3,38923.3,98.1149
13,16,716,3.06E-06,3.23E-07,1.72E-05,1.00E-06,2,3,331104,9.20E+08,0.5,27,8.36E-10,0.610328,1.10E-06,1.66E-06,66.3685,-27.7925,0.01062,577.818,16059,26312.1,3471.34
13,17,717,5.00E-07,8.15E-07,1.42E-05,7.70E-07,4,1,500000,9.20E+08,0.5,27,6.23E-10,0.395526,2.86E-07,4.39E-07,65.2598,-33.5791,0.00144534,368.203,12363.9,31259.4,3896.83
13,18,718,3.49E-06,4.64E-07,2.00E-05,7.70E-07,2,4,102005,9.20E+08,0.5,27,1.03E-09,0.618173,3.68E-06,4.53E-06,81.1688,-23.4345,0.0125494,715.757,16773.4,27133.9,146.777
13,19,719,2.00E-05,1.00E-06,1.21E-05,1.00E-06,9,3,286946,9.20E+08,0.5,27,1.56E-09,0.517103,9.00E-07,1.34E-06,67.2592,-28.7345,0.00140776,496.129,14256,27569,3147.38
13,20,720,1.35E-06,1.00E-06,5.26E-06,8.98E-07,2,1,472443,9.20E+08,0.5,27,4.12E-10,0.566854,6.67E-07,8.68E-07,76.9042,-30.6163,0.00364463,621.852,19038.8,33586.8,655.427
13,21,721,3.06E-06,2.56E-07,1.99E-05,1.00E-06,3,3,114744,9.20E+08,0.5,27,9.41E-10,0.553805,2.63E-06,3.11E-06,84.6879,-25.078,0.00635727,669.028,16777.9,30295.7,0.974259
13,22,722,6.64E-07,1.00E-06,1.04E-05,1.80E-07,5,2,500000,9.20E+08,0.5,27,9.05E-10,0.697891,9.34E-07,3.14E-06,29.693,-25.0243,0.0112931,295.602,7397.25,10599.4,30588.7
13,23,723,1.35E-05,4.88E-07,1.71E-05,3.12E-07,8,1,294771,9.20E+08,0.5,27,1.02E-09,0.426031,5.94E-07,8.29E-07,71.6813,-30.8161,0.000969881,435.625,13424.3,31510.1,1773.93
13,24,724,1.30E-06,7.03E-07,2.00E-05,9.84E-07,3,2,371630,9.20E+08,0.5,27,7.41E-10,0.496346,6.42E-07,7.84E-07,81.9679,-31.0594,0.0034196,580.355,18025.5,36316.4,91.9376
13,25,725,2.12E-06,6.18E-07,1.94E-05,9.84E-07,3,1,375398,9.20E+08,0.5,27,5.41E-10,0.332286,2.74E-07,4.20E-07,65.3612,-33.7699,0.0029954,309.813,10462.4,31485.9,3857.04
13,26,726,5.33E-06,6.83E-07,1.74E-05,1.00E-06,3,1,451059,9.20E+08,0.5,27,5.42E-10,0.372914,2.89E-07,4.03E-07,71.7591,-33.9457,0.00306989,381.726,12958,34747.9,1753.35
13,27,727,2.13E-06,1.00E-06,1.80E-05,8.21E-07,2,2,388675,9.20E+08,0.5,27,6.34E-10,0.536638,7.26E-07,8.94E-07,81.2075,-30.4864,0.00533769,621.647,18951.8,35315.7,143.831
13,28,728,1.64E-06,1.80E-07,2.00E-05,1.00E-06,3,3,10000,9.20E+08,0.5,27,9.41E-10,0.177506,2.88E-06,9.97E-06,28.8491,-20.0112,0.0146967,73.0485,1461.79,8235.16,31530.1
13,29,729,6.98E-06,7.76E-07,2.00E-05,1.00E-06,10,5,10000,9.20E+08,0.5,27,2.05E-09,0.256637,6.35E-06,1.63E-05,39.0407,-17.889,0.00727407,142.923,2556.76,9962.55,21123.1
13,30,730,1.02E-05,7.17E-07,1.26E-05,1.00E-06,4,3,284467,9.20E+08,0.5,27,1.04E-09,0.58545,1.19E-06,1.67E-06,71.2306,-27.7802,0.00435797,594.871,16525.6,28227.2,1895.97
13,31,731,5.00E-07,7.31E-07,9.10E-06,1.00E-06,2,1,500000,9.20E+08,0.5,27,4.19E-10,0.471457,4.28E-07,5.38E-07,79.5941,-32.6953,0.00294906,535.29,17501.5,37122.1,292.249
13,32,732,1.07E-05,1.00E-06,1.71E-05,9.63E-07,4,1,309510,9.20E+08,0.5,27,6.54E-10,0.223748,1.47E-07,3.58E-07,41.1081,-34.4638,0.00176186,131.206,4521.85,20209.6,19265.6
13,33,733,5.00E-07,3.05E-07,1.71E-05,1.00E-06,2,1,500000,9.20E+08,0.5,27,4.35E-10,0.358037,2.42E-07,3.71E-07,65.1459,-34.3082,0.00319447,332.722,11415.1,31882.4,3942.01
13,34,734,3.67E-06,4.42E-07,1.17E-05,1.00E-06,3,2,284021,9.20E+08,0.5,27,7.27E-10,0.576959,1.16E-06,1.35E-06,85.5208,-28.693,0.00428459,703.854,20195.7,35003.7,0
13,35,735,1.11E-05,8.72E-07,1.84E-05,1.80E-07,5,3,300882,9.20E+08,0.5,27,1.13E-09,0.633496,1.31E-06,3.04E-06,43.1782,-25.1748,0.0083722,390.188,9822.93,15505.9,17490.6
13,36,736,1.48E-05,1.00E-06,1.65E-05,7.57E-07,2,4,236965,9.20E+08,0.5,27,1.05E-09,0.591226,1.46E-06,2.14E-06,67.894,-26.6881,0.00846485,572.6,15281.6,25847.3,2926.15
13,37,737,5.00E-07,4.98E-07,2.00E-05,1.00E-06,2,2,500000,9.20E+08,0.5,27,6.40E-10,0.492461,4.65E-07,6.26E-07,74.3163,-32.0372,0.00499816,522.062,16725.4,33962.9,1141.41
13,38,738,7.42E-07,7.30E-07,2.00E-05,1.00E-06,4,5,201658,9.20E+08,0.5,27,1.44E-09,0.595771,1.68E-06,2.29E-06,73.3536,-26.4017,0.0112626,623.401,16458.9,27626.2,1356.38
13,39,739,2.67E-06,1.00E-06,2.00E-05,6.83E-07,2,3,499648,9.20E+08,0.5,27,8.33E-10,0.615796,7.42E-07,9.53E-07,77.82,-30.2086,0.010796,683.588,20650.2,33534.2,515.525
13,40,740,5.00E-07,7.52E-07,8.97E-06,1.00E-06,2,1,500000,9.20E+08,0.5,27,4.19E-10,0.472447,4.29E-07,5.57E-07,77.0585,-32.5395,0.00296623,519.325,16898.6,35768.3,630.687
13,41,741,4.74E-06,6.98E-07,1.26E-05,1.00E-06,2,1,86750.9,9.20E+08,0.5,27,4.32E-10,0.200047,4.42E-07,1.02E-06,43.3273,-29.9145,0.00488,123.64,3698.62,18488.8,17366.9
13,42,742,1.28E-05,2.18E-07,2.00E-05,7.40E-07,5,3,455133,9.20E+08,0.5,27,1.14E-09,0.594482,7.66E-07,2.60E-06,29.458,-25.8472,0.0055997,249.809,6456.85,10861.3,30849.1
13,43,743,7.47E-07,1.80E-07,8.97E-06,1.00E-06,2,2,387367,9.20E+08,0.5,27,6.18E-10,0.638749,1.03E-06,1.43E-06,72.408,-28.4536,0.00865351,659.756,18772.4,29389.3,1585.58
13,44,744,7.99E-06,1.00E-06,1.30E-05,6.03E-07,5,1,195389,9.20E+08,0.5,27,7.32E-10,0.376561,6.94E-07,9.83E-07,70.6566,-30.0755,0.00193553,379.538,11414.8,30313.2,2057.45
13,45,745,9.69E-06,1.00E-06,1.55E-05,4.88E-07,5,1,500000,9.20E+08,0.5,27,7.35E-10,0.423042,3.42E-07,4.30E-07,79.5323,-33.6603,0.00143328,479.947,16155.2,38188.1,299.004
13,46,746,3.10E-06,7.28E-07,8.76E-06,7.70E-07,3,1,500000,9.20E+08,0.5,27,5.18E-10,0.528482,5.48E-07,6.68E-07,82.0415,-31.7548,0.00218756,618.486,19639.9,37162.8,87.5259
13,47,747,1.38E-05,9.68E-07,2.00E-05,8.34E-07,8,2,416017,9.20E+08,0.5,27,1.26E-09,0.474034,5.19E-07,7.96E-07,65.2495,-30.991,0.0013588,441.218,13673.8,28845.6,3900.84
13,48,748,1.38E-05,7.37E-07,2.00E-05,7.97E-07,4,4,215421,9.20E+08,0.5,27,1.25E-09,0.590768,1.60E-06,2.21E-06,72.2441,-26.5464,0.00592335,608.816,16161.8,27357.3,1627.12
13,49,749,1.60E-05,7.63E-07,2.00E-05,4.10E-07,8,2,10000,9.20E+08,0.5,27,1.24E-09,0.167219,2.69E-06,8.58E-06,31.3493,-20.6654,0.00498612,74.779,1545.34,9241.44,28784.8
14,0,750,5.00E-07,3.24E-07,2.00E-05,1.00E-06,2,2,210726,9.20E+08,0.5,27,6.40E-10,0.436587,8.75E-07,1.12E-06,78.4028,-29.5249,0.00473872,488.28,14416.4,33020.7,435.26
14,1,751,3.62E-06,1.00E-06,1.97E-05,1.00E-06,2,4,450152,9.20E+08,0.5,27,1.05E-09,0.623714,8.39E-07,1.28E-06,65.6118,-28.932,0.0141648,583.759,16889.3,27078.6,3759.04
14,2,752,1.50E-06,5.99E-07,1.48E-05,6.85E-07,2,2,257544,9.20E+08,0.5,27,6.22E-10,0.580846,1.29E-06,1.64E-06,78.4444,-27.85,0.0073894,649.964,18101.5,31164,429.763
14,3,753,5.00E-07,1.80E-07,1.59E-05,9.69E-07,2,1,475619,9.20E+08,0.5,27,4.31E-10,0.403332,3.27E-07,4.32E-07,75.6773,-33.6465,0.00306001,435.406,14649.9,36322.2,869.195
14,4,754,8.50E-06,2.46E-07,1.20E-05,7.78E-07,2,2,350861,9.20E+08,0.5,27,6.23E-10,0.59055,9.79E-07,2.15E-06,45.4523,-26.6671,0.00815172,382.894,10210.7,17290.1,15640.2
14,5,755,5.73E-06,1.00E-06,2.00E-05,1.00E-06,4,3,381772,9.20E+08,0.5,27,1.05E-09,0.562875,8.15E-07,1.06E-06,77.0125,-29.7539,0.00475359,618.358,18398.6,32686.8,637.995
14,6,756,3.31E-06,1.00E-06,1.27E-05,8.79E-07,2,2,241367,9.20E+08,0.5,27,6.29E-10,0.552104,1.24E-06,1.49E-06,83.5915,-28.2761,0.00568111,658.338,18615.3,33717,19.8397
14,7,757,1.46E-05,4.51E-07,1.80E-05,3.85E-07,4,2,10000,9.20E+08,0.5,27,8.27E-10,0.246614,5.74E-06,1.35E-05,42.614,-18.7037,0.0128191,149.912,2803.91,11369.6,17966.3
14,8,758,5.22E-06,1.00E-06,1.42E-05,3.24E-07,8,5,132619,9.20E+08,0.5,27,1.82E-09,0.708252,3.72E-06,6.71E-06,55.5256,-21.7354,0.00692928,560.98,12193.1,17215.8,8687.39
14,9,759,9.06E-06,1.00E-06,5.90E-06,1.00E-06,2,1,500000,9.20E+08,0.5,27,4.30E-10,0.434491,3.64E-07,5.43E-07,67.0907,-32.6536,0.00330989,415.824,13578.2,31250.7,3207.45
14,10,760,1.06E-06,7.78E-07,4.63E-06,1.00E-06,2,1,500000,9.20E+08,0.5,27,4.11E-10,0.580971,6.62E-07,8.98E-07,73.8024,-30.469,0.00355575,611.634,18635.9,32077.1,1253.85
14,11,761,7.57E-06,4.03E-07,1.33E-05,1.00E-06,6,3,407283,9.20E+08,0.5,27,1.23E-09,0.618103,9.22E-07,1.98E-06,46.5557,-27.0328,0.00450755,410.487,11096.6,17952.7,14779.7
14,12,762,1.24E-05,3.66E-07,1.59E-05,5.98E-07,4,3,192573,9.20E+08,0.5,27,1.03E-09,0.610441,1.91E-06,3.83E-06,49.9037,-24.1692,0.00658032,434.552,10502.8,17205.2,12317.5
14,13,763,3.99E-06,7.40E-07,1.63E-05,1.00E-06,5,2,479667,9.20E+08,0.5,27,9.38E-10,0.541218,5.98E-07,7.60E-07,78.651,-31.1931,0.00240259,607.215,18940.9,34996.9,403.095
14,14,764,8.74E-06,9.18E-07,6.42E-06,4.41E-07,5,1,151653,9.20E+08,0.5,27,7.22E-10,0.438928,1.24E-06,1.70E-06,72.7206,-27.6883,0.00174266,455.32,12607.1,28722.4,1507.86
14,15,765,5.00E-07,5.69E-07,7.83E-06,1.00E-06,2,1,500000,9.20E+08,0.5,27,4.16E-10,0.513056,5.11E-07,6.11E-07,83.6476,-32.1366,0.00320257,612.187,19673.6,38346,18.2899
14,16,766,5.00E-07,7.33E-07,1.30E-05,9.65E-07,2,1,500000,9.20E+08,0.5,27,4.26E-10,0.390453,2.88E-07,4.34E-07,66.3281,-33.6213,0.00247479,369.431,12420.7,31811.1,3486.48
14,17,767,5.00E-07,1.80E-07,9.30E-06,9.50E-07,2,1,493090,9.20E+08,0.5,27,4.18E-10,0.528094,5.54E-07,6.36E-07,87.0908,-31.9651,0.00324996,656.069,20971.3,39711.3,1.19E-12
14,18,768,1.00E-05,9.86E-07,8.79E-06,7.70E-07,2,5,164921,9.20E+08,0.5,27,1.23E-09,0.661108,2.61E-06,4.22E-06,61.9251,-23.7455,0.00964313,583.989,13867.1,20975.6,5324.52
14,19,769,2.59E-06,2.16E-07,6.37E-06,8.77E-07,5,1,304516,9.20E+08,0.5,27,7.12E-10,0.55933,1.00E-06,1.55E-06,64.5364,-28.0922,0.00218816,514.92,14465.2,25861.7,4187.58
14,20,770,6.94E-06,1.00E-06,2.00E-05,8.98E-07,4,2,298506,9.20E+08,0.5,27,8.50E-10,0.489793,7.85E-07,9.15E-07,85.7651,-30.3852,0.00262277,599.224,18207.5,37173.9,0.000833541
14,21,771,1.30E-05,9.81E-07,2.00E-05,1.80E-07,6,2,114744,9.20E+08,0.5,27,1.03E-09,0.522861,2.35E-06,2.96E-06,79.2818,-25.2863,0.00351401,591.324,14952.4,28597.3,326.976
14,22,772,5.00E-07,8.33E-07,1.04E-05,1.00E-06,2,1,117326,9.20E+08,0.5,27,4.22E-10,0.20219,3.36E-07,9.00E-07,37.3288,-30.457,0.00364621,107.664,3279.11,16218,22726.2
14,23,773,4.74E-06,6.53E-07,1.44E-05,1.00E-06,2,3,293743,9.20E+08,0.5,27,8.35E-10,0.608521,1.24E-06,1.76E-06,70.1738,-27.5347,0.00954978,609.14,16772.5,27562.7,2198.15
14,24,774,5.33E-06,1.00E-06,1.76E-05,8.58E-07,3,3,412044,9.20E+08,0.5,27,9.41E-10,0.594595,8.43E-07,1.20E-06,70.3036,-29.2116,0.00722785,596.3,17418.9,29295.3,2159.85
14,25,775,6.43E-06,5.38E-07,1.06E-05,9.89E-07,5,2,350615,9.20E+08,0.5,27,9.28E-10,0.573507,9.21E-07,1.30E-06,70.6863,-28.8518,0.00273908,578.282,16684.5,29092.1,2048.83
14,26,776,1.67E-06,6.77E-07,8.48E-06,9.65E-07,2,1,500000,9.20E+08,0.5,27,4.19E-10,0.519413,5.29E-07,6.25E-07,84.5904,-32.0422,0.00295964,626.758,20082.7,38664.3,1.678
14,27,777,2.00E-05,8.86E-07,2.00E-05,1.80E-07,10,5,10000,9.20E+08,0.5,27,2.04E-09,0.523531,2.66E-05,3.58E-05,74.3268,-14.4579,0.0131291,555.078,8025.26,15329.1,1140.05
14,28,778,6.42E-06,7.35E-07,2.00E-05,5.48E-07,2,3,317117,9.20E+08,0.5,27,8.31E-10,0.614421,1.17E-06,1.73E-06,67.7715,-27.6117,0.00940742,593.99,16401.1,26693.6,2968.21
14,29,779,2.00E-05,4.02E-07,1.08E-05,7.67E-07,2,5,500000,9.20E+08,0.5,27,1.23E-09,0.672253,8.88E-07,5.85E-06,15.1737,-22.3255,0.013225,145.51,3248.57,4832.36,48757.1
14,30,780,4.40E-06,6.71E-07,1.37E-05,1.00E-06,2,2,423896,9.20E+08,0.5,27,6.33E-10,0.55955,7.28E-07,8.96E-07,81.2129,-30.475,0.00551358,648.231,19754.9,35304.9,143.421
14,31,781,1.41E-05,1.00E-06,1.65E-05,4.01E-07,5,1,500000,9.20E+08,0.5,27,7.41E-10,0.381937,2.75E-07,4.18E-07,65.9133,-33.7886,0.00134171,359.113,12133.9,31769.5,3643.14
14,32,782,5.00E-07,6.02E-07,1.71E-05,9.50E-07,2,1,500000,9.20E+08,0.5,27,4.33E-10,0.315539,1.86E-07,3.34E-07,55.6308,-34.7607,0.00282202,250.4,8704.08,27584.8,8625.79
14,33,783,1.22E-05,6.59E-07,1.29E-05,3.70E-07,2,2,173027,9.20E+08,0.5,27,6.26E-10,0.565725,1.82E-06,2.66E-06,68.5468,-25.7545,0.00739787,553.171,14246.6,25182.9,2707.08
14,34,784,5.00E-07,6.29E-07,9.50E-06,1.00E-06,2,2,500000,9.20E+08,0.5,27,6.20E-10,0.605216,7.08E-07,9.70E-07,72.9924,-30.1302,0.00916602,630.165,18987,31372.2,1441.82
14,35,785,5.00E-07,6.53E-07,2.00E-05,8.46E-07,3,2,371630,9.20E+08,0.5,27,7.35E-10,0.473449,5.73E-07,8.64E-07,66.3227,-30.6329,0.00402026,447.921,13721.1,28981.2,3488.43
14,36,786,1.42E-05,1.00E-06,2.00E-05,4.61E-07,4,3,19552.2,9.20E+08,0.5,27,1.05E-09,0.383224,7.25E-06,1.13E-05,64.1522,-19.4693,0.0107473,350.695,6827.79,17816.7,4346.44
14,37,787,6.27E-06,6.08E-07,9.62E-06,1.00E-06,2,2,161732,9.20E+08,0.5,27,6.27E-10,0.538557,1.76E-06,2.34E-06,75.1266,-26.3046,0.006274,577.154,15181.8,28189.8,974.847
14,38,788,2.93E-06,1.00E-06,1.19E-05,1.80E-07,2,1,283906,9.20E+08,0.5,27,4.10E-10,0.560118,1.08E-06,1.48E-06,73.3236,-28.3109,0.00737516,585.854,16586.1,29611.7,1363.38
14,39,789,4.86E-06,9.20E-07,2.00E-05,1.00E-06,5,3,499648,9.20E+08,0.5,27,1.15E-09,0.574794,6.48E-07,6.57E-07,98.6191,-31.8241,0.00451023,808.611,25733.4,44769.7,130.98
14,40,790,5.00E-07,2.53E-07,1.29E-05,1.00E-06,2,2,358339,9.20E+08,0.5,27,6.26E-10,0.576727,9.07E-07,1.12E-06,81.1938,-29.5198,0.00737714,667.974,19718.5,34190.3,144.869
14,41,791,4.74E-06,9.54E-07,2.00E-05,1.00E-06,2,4,331104,9.20E+08,0.5,27,1.05E-09,0.612402,1.10E-06,1.59E-06,69.3663,-27.9832,0.0128377,605.971,16957,27689.3,2444.13
14,42,792,1.22E-05,7.52E-07,2.00E-05,7.83E-07,5,3,10000,9.20E+08,0.5,27,1.15E-09,0.179526,3.05E-06,9.61E-06,31.6797,-20.1718,0.00903082,81.1286,1636.51,9115.76,28431.3
14,43,793,3.00E-06,7.36E-07,1.15E-05,1.00E-06,2,2,347527,9.20E+08,0.5,27,6.27E-10,0.576565,9.42E-07,1.23E-06,76.8438,-29.1157,0.00601951,632.009,18401.4,31915.5,665.244
14,44,794,5.00E-07,5.06E-07,1.19E-05,1.00E-06,2,1,500000,9.20E+08,0.5,27,4.24E-10,0.434503,3.61E-07,3.91E-07,92.237,-34.0757,0.00250525,571.694,19480.9,44834.9,0.0343193
14,45,795,2.92E-06,7.09E-07,2.00E-05,8.37E-07,7,3,324344,9.20E+08,0.5,27,1.34E-09,0.592824,1.06E-06,1.54E-06,68.6888,-28.1108,0.00379274,580.868,16328.7,27543.9,2660.56
14,46,796,3.10E-06,7.63E-07,8.76E-06,1.00E-06,8,5,500000,9.20E+08,0.5,27,1.82E-09,0.722128,1.02E-06,2.54E-06,40.2144,-25.9543,0.00501363,414.25,10751.6,14888.7,20057.5
14,47,797,1.29E-06,1.00E-06,1.07E-05,6.23E-07,2,2,315875,9.20E+08,0.5,27,6.16E-10,0.617238,1.18E-06,1.53E-06,77.0949,-28.1484,0.00822224,678.804,19107.3,30956.1,624.91
14,48,798,5.00E-07,5.59E-07,4.10E-06,8.39E-07,2,1,500000,9.20E+08,0.5,27,4.07E-10,0.621458,7.58E-07,1.04E-06,73.0788,-29.8432,0.00440255,647.843,19333.7,31110.2,1421.15
14,49,799,5.00E-07,6.26E-07,1.31E-05,1.00E-06,2,1,500000,9.20E+08,0.5,27,4.27E-10,0.395446,2.96E-07,4.18E-07,70.7583,-33.7861,0.00247665,399.145,13485.5,34102.1,2028.35
15,0,800,5.00E-07,3.36E-07,7.18E-06,1.00E-06,2,1,429751,9.20E+08,0.5,27,4.15E-10,0.537797,6.59E-07,7.93E-07,83.0841,-31.0082,0.00347016,637.386,19764.2,36750.3,36.707
15,1,801,9.17E-06,6.77E-07,1.42E-05,8.10E-07,7,2,337142,9.20E+08,0.5,27,1.14E-09,0.54079,8.49E-07,1.23E-06,69.2382,-29.1147,0.00185423,534.122,15550.8,28755.7,2484.34
15,2,802,5.00E-07,2.60E-07,8.55E-06,1.00E-06,2,2,500000,9.20E+08,0.5,27,6.17E-10,0.643113,8.08E-07,1.15E-06,69.9746,-29.3748,0.00916288,641.939,18856.8,29321.1,2257.64
15,3,803,2.00E-05,7.80E-07,1.58E-05,1.00E-06,4,1,500000,9.20E+08,0.5,27,6.63E-10,0.174703,5.32E-08,2.08E-07,25.5469,-36.8137,0.00136079,63.6657,2343.77,13415.7,35357.4
15,4,804,8.50E-06,1.80E-07,7.26E-06,1.00E-06,2,1,422418,9.20E+08,0.5,27,4.18E-10,0.489995,5.52E-07,1.05E-06,52.7876,-29.8029,0.00442163,368.968,10996.3,22441.7,10376.4
15,5,805,1.87E-06,3.48E-07,2.00E-05,1.00E-06,4,3,410255,9.20E+08,0.5,27,1.04E-09,0.594489,8.44E-07,1.18E-06,71.7333,-29.2932,0.00652494,608.318,17819.6,29974.6,1760.04
15,6,806,1.40E-05,1.00E-06,1.94E-05,1.00E-06,4,4,500000,9.20E+08,0.5,27,1.27E-09,0.580189,6.62E-07,6.13E-07,97.512,-32.1252,0.00595837,893.683,28709.8,49483.4,1685.09
15,7,807,5.00E-07,7.21E-07,1.80E-05,8.72E-07,2,1,351918,9.20E+08,0.5,27,4.32E-10,0.248853,1.66E-07,3.47E-07,47.7925,-34.5978,0.00290211,169.656,5869.7,23587.1,13844.5
15,8,808,5.22E-06,6.99E-07,1.91E-05,1.00E-06,2,1,292161,9.20E+08,0.5,27,4.45E-10,0.290344,2.72E-07,4.47E-07,60.9496,-33.4994,0.00406645,252.435,8456.41,29125.5,5784.57
15,9,809,1.74E-05,2.73E-07,1.25E-05,1.80E-07,10,3,123391,9.20E+08,0.5,27,1.61E-09,0.653739,3.42E-06,8.87E-06,38.5759,-20.5185,0.00556717,359.738,7381.27,11290.9,21552
15,10,810,5.00E-07,5.70E-07,2.00E-05,9.46E-07,2,1,260657,9.20E+08,0.5,27,4.38E-10,0.177246,1.14E-07,3.03E-07,37.6042,-35.1803,0.00352403,95.0778,3344.87,18871.3,22464.5
15,11,811,2.33E-06,9.23E-07,1.57E-05,1.00E-06,5,2,318806,9.20E+08,0.5,27,9.36E-10,0.527307,8.49E-07,1.04E-06,81.9498,-29.8488,0.00252825,616.421,18399.4,34893.2,93.0367
15,12,812,3.79E-06,4.35E-07,1.26E-05,1.00E-06,2,1,500000,9.20E+08,0.5,27,4.28E-10,0.460929,4.13E-07,4.86E-07,84.9481,-33.134,0.00350872,558.54,18506.7,40150.7,0.0391501
15,13,813,2.00E-05,1.00E-06,2.00E-05,8.34E-07,10,5,10000,9.20E+08,0.5,27,2.07E-09,0.231353,5.17E-06,1.36E-05,38.101,-18.678,0.0062631,125.741,2348.59,10151.6,21995.8
15,14,814,5.00E-07,2.55E-07,1.24E-06,1.00E-06,2,1,500000,9.20E+08,0.5,27,4.03E-10,0.667538,8.71E-07,1.62E-06,53.8234,-27.9102,0.00282037,512.522,14304.6,21428.9,9719.81
15,15,815,1.37E-05,6.24E-07,1.58E-05,7.14E-07,7,3,287508,9.20E+08,0.5,27,1.34E-09,0.583697,1.17E-06,1.96E-06,59.6315,-27.0769,0.00288057,496.512,13444,23032.5,6435.61
15,16,816,1.53E-05,8.99E-07,1.66E-05,3.05E-07,3,3,331104,9.20E+08,0.5,27,9.38E-10,0.597463,1.06E-06,1.84E-06,57.7343,-27.3445,0.00680757,492.053,13454.9,22520.1,7434.18
15,17,817,2.90E-06,1.80E-07,1.17E-05,9.50E-07,2,1,500000,9.20E+08,0.5,27,4.23E-10,0.49568,4.81E-07,5.94E-07,80.959,-32.2633,0.00315573,572.443,18468.9,37259.8,163.294
15,18,818,1.73E-05,7.28E-07,1.71E-05,7.70E-07,8,2,235198,9.20E+08,0.5,27,1.25E-09,0.467954,9.00E-07,1.28E-06,70.1309,-28.9176,0.00161256,468.143,13537.6,28929.3,2210.91
15,19,819,9.12E-06,1.00E-06,1.52E-05,7.78E-07,5,2,350861,9.20E+08,0.5,27,9.42E-10,0.523186,7.65E-07,9.55E-07,80.0973,-30.1993,0.00218355,597.778,18052.5,34505,240.366
15,20,820,6.23E-06,5.69E-07,1.96E-05,9.13E-07,2,4,10000,9.20E+08,0.5,27,1.04E-09,0.257202,5.97E-06,1.52E-05,39.2502,-18.1818,0.0247093,144.007,2618.3,10179.9,20930.9
15,21,821,1.41E-05,2.56E-07,1.55E-05,3.81E-07,8,4,180214,9.20E+08,0.5,27,1.62E-09,0.674182,2.49E-06,8.67E-06,28.7269,-20.6181,0.00641846,276.27,5696.16,8448.99,31666.6
15,22,822,2.72E-06,1.00E-06,1.04E-05,1.00E-06,3,1,284021,9.20E+08,0.5,27,5.26E-10,0.422836,6.06E-07,6.95E-07,87.1232,-31.5784,0.00309477,525.5,16594.4,39245.6,0.0476339
15,23,823,3.06E-06,2.56E-07,2.00E-05,1.00E-06,3,3,142186,9.20E+08,0.5,27,9.42E-10,0.564688,2.21E-06,2.74E-06,80.6366,-25.6225,0.00628101,649.541,16642.9,29472.7,190.395
15,24,824,1.48E-05,1.00E-06,2.00E-05,9.84E-07,3,2,500000,9.20E+08,0.5,27,7.69E-10,0.460034,4.11E-07,5.97E-07,68.7548,-32.2368,0.003501,451.189,14544.9,31617,2639.09
15,25,825,6.01E-06,6.47E-07,8.71E-06,8.57E-07,2,1,358853,9.20E+08,0.5,27,4.23E-10,0.475711,6.16E-07,7.61E-07,80.9997,-31.1882,0.00340449,549.659,17142.8,36036.2,160.03
15,26,826,1.36E-05,6.34E-07,1.44E-05,4.61E-07,4,2,326577,9.20E+08,0.5,27,8.30E-10,0.552551,9.24E-07,1.57E-06,58.8512,-28.0405,0.00331697,463.868,13007.1,23540,6837.61
15,27,827,2.89E-06,5.70E-07,2.00E-05,9.65E-07,2,2,178290,9.20E+08,0.5,27,6.42E-10,0.483226,1.28E-06,1.40E-06,91.7216,-28.5504,0.00528311,632.249,18051,37355.1,0.00225093
15,28,828,1.55E-05,1.00E-06,1.17E-05,1.00E-06,8,3,317117,9.20E+08,0.5,27,1.45E-09,0.546468,9.17E-07,1.35E-06,68.1126,-28.7109,0.00168442,530.956,15244.2,27895.9,2851.84
15,29,829,2.00E-05,7.78E-07,1.85E-05,1.80E-07,10,5,10000,9.20E+08,0.5,27,2.04E-09,0.54207,2.85E-05,3.81E-05,74.9025,-14.1919,0.01406,579.186,8219.77,15163.7,1021.56
15,30,830,4.63E-06,1.00E-06,1.96E-05,7.78E-07,2,3,500000,9.20E+08,0.5,27,8.40E-10,0.599575,7.05E-07,9.02E-07,78.15,-30.4477,0.00967222,668.404,20351.3,33942.9,469.22
15,31,831,2.00E-05,1.00E-06,1.85E-05,1.80E-07,10,4,10246.6,9.20E+08,0.5,27,1.85E-09,0.453837,1.95E-05,2.77E-05,70.6084,-15.5805,0.0105803,457.111,7122,15692.9,2071.21
15,32,832,5.00E-07,4.80E-07,1.58E-05,1.00E-06,2,1,447372,9.20E+08,0.5,27,4.32E-10,0.3358,2.37E-07,3.48E-07,68.0909,-34.5864,0.00303164,326.164,11280.8,33593.9,2859.39
15,33,833,1.48E-05,9.61E-07,2.00E-05,3.01E-07,7,4,196860,9.20E+08,0.5,27,1.54E-09,0.621543,1.94E-06,3.39E-06,57.1853,-24.6962,0.00507827,507.016,12521.3,20145.6,7736.6
15,34,834,1.38E-05,4.42E-07,2.00E-05,2.37E-07,4,2,53482.8,9.20E+08,0.5,27,8.22E-10,0.531622,5.18E-06,6.50E-06,79.6829,-21.8684,0.00805799,604.274,13214.5,24857,282.714
15,35,835,8.36E-06,6.92E-07,1.29E-05,4.53E-07,3,1,460217,9.20E+08,0.5,27,5.23E-10,0.477382,4.86E-07,6.63E-07,73.3137,-31.7844,0.00195811,499.25,15868.3,33240.3,1365.69
15,36,836,1.04E-05,1.00E-06,1.86E-05,7.99E-07,5,4,70725.9,9.20E+08,0.5,27,1.35E-09,0.545472,4.14E-06,5.17E-06,80.0176,-22.8647,0.00523655,622.621,14236.1,26098.6,248.246
15,37,837,5.00E-07,3.72E-07,1.61E-05,1.00E-06,2,2,500000,9.20E+08,0.5,27,6.33E-10,0.54537,5.77E-07,6.50E-07,88.7765,-31.8741,0.00666364,690.645,22013.7,40364.8,1.08E-12
15,38,838,4.93E-06,9.09E-07,1.23E-05,1.80E-07,2,1,276203,9.20E+08,0.5,27,4.13E-10,0.535705,1.02E-06,1.37E-06,74.2869,-28.6205,0.00572117,567.681,16247.3,30328.9,1147.7
15,39,839,1.91E-05,7.81E-07,1.67E-05,2.67E-07,3,4,499648,9.20E+08,0.5,27,1.14E-09,0.633917,7.91E-07,2.75E-06,28.7285,-25.5997,0.00975475,259.783,6650.37,10490.9,31664.8
15,40,840,5.00E-07,1.00E-06,1.04E-05,9.29E-07,2,1,433858,9.20E+08,0.5,27,4.20E-10,0.409835,3.69E-07,5.34E-07,68.9871,-32.7231,0.00285733,403.314,13197.7,32202.4,2564.18
15,41,841,4.74E-06,4.39E-07,1.52E-05,1.00E-06,2,1,355085,9.20E+08,0.5,27,4.35E-10,0.399375,4.31E-07,5.69E-07,75.7697,-32.4453,0.00449449,431.661,14005.4,35068.2,852.061
15,42,842,2.60E-06,7.20E-07,2.00E-05,8.41E-07,2,4,500000,9.20E+08,0.5,27,1.04E-09,0.648443,8.17E-07,1.46E-06,56.0852,-28.3679,0.0152788,518.784,14716.8,22695.6,8360.63
15,43,843,5.00E-07,4.83E-07,1.25E-05,1.00E-06,2,2,500000,9.20E+08,0.5,27,6.26E-10,0.576428,6.43E-07,8.35E-07,77.032,-30.7834,0.00820932,633.406,19498.4,33826.3,634.892
15,44,844,7.93E-06,5.06E-07,2.00E-05,8.98E-07,4,2,103672,9.20E+08,0.5,27,8.44E-10,0.444919,1.86E-06,2.35E-06,79.2309,-26.2931,0.00473963,502.854,13221.6,29716.9,332.844
15,45,845,3.27E-06,2.90E-07,1.46E-05,6.14E-07,7,3,107699,9.20E+08,0.5,27,1.32E-09,0.641935,3.78E-06,5.50E-06,68.6885,-22.5948,0.004703,628.987,14211.9,22139.1,2660.64
15,46,846,2.00E-05,1.00E-06,2.00E-05,1.80E-07,3,3,10000,9.20E+08,0.5,27,9.47E-10,0.362691,1.22E-05,2.01E-05,60.8496,-16.9736,0.0246827,314.819,5343.61,14733.2,5832.59
15,47,847,5.00E-07,5.60E-07,1.48E-05,9.36E-07,2,1,442288,9.20E+08,0.5,27,4.28E-10,0.359318,2.76E-07,4.22E-07,65.3589,-33.7481,0.00258815,335.004,11305.7,31464.4,3857.88
15,48,848,3.51E-06,8.75E-07,2.00E-05,8.99E-07,3,3,500000,9.20E+08,0.5,27,9.42E-10,0.591824,6.86E-07,9.72E-07,70.5615,-30.1224,0.00779255,595.699,17943.9,30319.6,2084.7
15,49,849,5.00E-07,3.97E-07,1.15E-05,9.65E-07,2,2,500000,9.20E+08,0.5,27,6.23E-10,0.599088,6.98E-07,9.82E-07,71.0346,-30.0789,0.00869236,607.053,18259.5,30478.8,1950.32
16,0,850,5.13E-06,1.00E-06,2.00E-05,9.98E-07,2,2,210726,9.20E+08,0.5,27,6.50E-10,0.46576,1.00E-06,1.13E-06,88.8937,-29.4733,0.00519099,590.608,17407.2,37373.7,0.00937916
16,1,851,5.00E-07,1.80E-07,9.76E-06,8.75E-07,5,1,388328,9.20E+08,0.5,27,7.17E-10,0.518257,6.68E-07,8.47E-07,78.8021,-30.7197,0.00167966,582.572,17896.4,34531.9,384.143
16,2,852,3.21E-06,1.80E-07,1.70E-05,1.00E-06,3,3,499648,9.20E+08,0.5,27,9.35E-10,0.624005,7.65E-07,1.45E-06,52.6541,-28.3773,0.0091369,468.691,13300.2,21314.2,10462.6
16,3,853,3.74E-06,1.00E-06,2.00E-05,1.00E-06,2,2,84454,9.20E+08,0.5,27,6.47E-10,0.364448,1.51E-06,2.20E-06,68.9236,-26.5836,0.00871779,358.319,9525.4,26136.5,2584.65
16,4,854,8.50E-06,3.89E-07,2.00E-05,1.00E-06,2,1,500000,9.20E+08,0.5,27,4.47E-10,0.334285,2.09E-07,3.52E-07,59.4924,-34.533,0.00372349,283.691,9796.68,29306.3,6506.6
16,5,855,2.00E-05,8.20E-07,1.83E-05,7.97E-07,10,5,80646.9,9.20E+08,0.5,27,2.06E-09,0.563977,3.88E-06,5.46E-06,71.036,-22.6277,0.00311326,571.486,12931.4,22928.9,1949.95
16,6,856,4.26E-06,7.72E-07,2.00E-05,8.79E-07,2,2,500000,9.20E+08,0.5,27,6.42E-10,0.528194,5.50E-07,5.53E-07,98.215,-32.5736,0.00417544,749.281,24406.8,46208,197.632
16,7,857,3.81E-06,3.66E-07,1.38E-05,1.00E-06,3,1,500000,9.20E+08,0.5,27,5.30E-10,0.450447,3.91E-07,4.68E-07,83.4968,-33.297,0.00273863,536.512,17864.3,39658.9,22.6162
16,8,858,5.00E-07,5.08E-07,9.99E-06,8.70E-07,2,1,500000,9.20E+08,0.5,27,4.18E-10,0.494865,4.75E-07,6.32E-07,75.1782,-31.9956,0.00298678,530.695,16979.9,34312.2,964.673
16,9,859,6.30E-06,9.45E-07,1.91E-05,1.00E-06,2,3,193482,9.20E+08,0.5,27,8.50E-10,0.544251,1.51E-06,1.77E-06,85.2725,-27.5251,0.00653184,662.025,18222.3,33481.4,0
16,10,860,1.18E-05,4.82E-07,2.00E-05,9.50E-07,2,4,460445,9.20E+08,0.5,27,1.05E-09,0.613017,7.99E-07,1.94E-06,41.0786,-27.1113,0.0128448,359.215,9738.78,15886.6,19290.9
16,11,861,2.33E-06,4.33E-07,1.33E-05,7.70E-07,2,1,500000,9.20E+08,0.5,27,4.23E-10,0.492203,4.75E-07,5.01E-07,94.9102,-33.0059,0.00275681,666.382,21994.6,44685.9,0.0004863
16,12,862,3.79E-06,1.00E-06,2.00E-05,7.89E-07,2,1,500000,9.20E+08,0.5,27,4.39E-10,0.379224,2.74E-07,3.82E-07,71.7895,-34.185,0.00370978,388.349,13275.7,35007.6,1745.28
16,13,863,1.77E-06,1.80E-07,9.21E-06,7.81E-07,2,1,500000,9.20E+08,0.5,27,4.15E-10,0.559056,6.17E-07,8.11E-07,76.0279,-30.9099,0.00386628,606.31,18741,33522.5,804.989
16,14,864,1.32E-06,7.66E-07,1.42E-05,1.00E-06,2,1,500000,9.20E+08,0.5,27,4.30E-10,0.41434,3.28E-07,3.92E-07,83.7372,-34.0703,0.00312049,494.927,16862.3,40696.8,16.0064
16,15,865,5.00E-07,5.06E-07,1.19E-05,1.00E-06,3,2,500000,9.20E+08,0.5,27,7.24E-10,0.580577,6.51E-07,8.59E-07,75.7657,-30.6596,0.00615577,627.478,19238.2,33136.4,852.729
16,16,866,1.19E-05,8.99E-07,1.70E-05,8.34E-07,4,4,500000,9.20E+08,0.5,27,1.25E-09,0.614547,7.44E-07,1.44E-06,51.6019,-28.4127,0.00680265,452.363,12852.9,20914.3,11154.3
16,17,867,2.00E-05,1.00E-06,2.00E-05,1.80E-07,10,5,10000,9.20E+08,0.5,27,2.05E-09,0.505208,2.48E-05,3.37E-05,73.5739,-14.7245,0.0125766,530.225,7807.32,15453.7,1305.78
16,18,868,8.32E-06,5.61E-07,8.79E-06,7.70E-07,4,2,144117,9.20E+08,0.5,27,8.23E-10,0.556887,2.12E-06,2.95E-06,71.7196,-25.3,0.00384968,569.733,14414.3,25883.6,1763.69
16,19,869,5.00E-07,1.80E-07,1.23E-05,7.78E-07,2,1,500000,9.20E+08,0.5,27,4.19E-10,0.506221,5.01E-07,6.08E-07,82.4444,-32.1643,0.00306719,595.344,19148.8,37827,65.3087
16,20,870,1.67E-05,1.00E-06,2.00E-05,8.98E-07,4,4,298506,9.20E+08,0.5,27,1.27E-09,0.563849,1.05E-06,1.70E-06,61.9044,-27.7016,0.00452098,497.91,13792.9,24462,5334.09
16,21,871,5.00E-07,1.00E-06,1.68E-05,1.00E-06,2,2,488321,9.20E+08,0.5,27,6.35E-10,0.48103,4.49E-07,5.98E-07,75.0231,-32.2328,0.00623016,514.794,16593.3,34495.3,995.385
16,22,872,2.72E-06,1.80E-07,7.93E-06,1.00E-06,2,1,448209,9.20E+08,0.5,27,4.17E-10,0.537316,6.32E-07,9.14E-07,69.1427,-30.3913,0.00375048,529.959,16106.1,29975.1,2514.55
16,23,873,1.49E-05,1.00E-06,2.00E-05,1.00E-06,4,4,113784,9.20E+08,0.5,27,1.27E-09,0.524989,2.38E-06,2.84E-06,83.6289,-25.4625,0.00503872,626.287,15946.8,30375.5,18.7989
16,24,874,5.00E-07,1.80E-07,8.94E-06,1.00E-06,2,1,500000,9.20E+08,0.5,27,4.18E-10,0.527576,5.45E-07,6.40E-07,85.1687,-31.9386,0.00315321,640.961,20471.4,38802.8,1.24E-12
16,25,875,1.42E-05,1.00E-06,1.62E-05,4.26E-07,2,4,92206.4,9.20E+08,0.5,27,1.04E-09,0.604077,3.88E-06,4.96E-06,78.1271,-23.0414,0.0123253,673.225,15512.1,25679,472.369
16,26,876,3.38E-06,6.12E-07,1.25E-05,1.00E-06,2,1,205889,9.20E+08,0.5,27,4.29E-10,0.37625,6.63E-07,9.41E-07,70.4584,-30.2663,0.00519344,378.16,11445.5,30419.9,2114.72
16,27,877,1.53E-05,1.00E-06,1.62E-05,9.65E-07,7,4,209118,9.20E+08,0.5,27,1.56E-09,0.566899,1.51E-06,2.08E-06,72.5973,-26.8186,0.00296464,587.074,15744.5,27773,1538.26
16,28,878,1.52E-06,3.93E-07,1.34E-05,7.66E-07,2,2,317117,9.20E+08,0.5,27,6.22E-10,0.602579,1.13E-06,1.50E-06,75.1597,-28.2424,0.0076686,646.049,18246,30279.8,968.321
16,29,879,2.39E-06,7.76E-07,2.00E-05,1.80E-07,2,2,10000,9.20E+08,0.5,27,6.11E-10,0.227868,4.51E-06,1.46E-05,30.9246,-18.3588,0.0295345,100.52,1845.43,8098.7,29242
16,30,880,2.00E-05,2.53E-07,1.41E-05,9.40E-07,5,5,114030,9.20E+08,0.5,27,1.54E-09,0.61806,3.29E-06,9.19E-06,35.8018,-20.3687,0.00830508,315.647,6429.32,10402.4,24204.6
16,31,881,5.00E-07,3.48E-07,1.62E-05,1.00E-06,2,1,448773,9.20E+08,0.5,27,4.33E-10,0.355041,2.65E-07,3.86E-07,68.7692,-34.1371,0.00326729,348.288,11889.5,33487.8,2634.56
16,32,882,5.00E-07,5.63E-07,7.68E-06,5.57E-07,2,1,460327,9.20E+08,0.5,27,4.09E-10,0.582715,7.22E-07,9.92E-07,72.7678,-30.0335,0.00467893,604.869,18166.4,31175.4,1496.27
16,33,883,3.04E-06,6.16E-07,2.00E-05,1.00E-06,2,2,205889,9.20E+08,0.5,27,6.44E-10,0.485145,1.12E-06,1.15E-06,96.8456,-29.3762,0.00493447,670.221,19688.5,40582.8,34.0643
16,34,884,1.06E-05,1.00E-06,2.00E-05,9.49E-07,3,2,284021,9.20E+08,0.5,27,7.59E-10,0.462812,7.34E-07,9.36E-07,78.4877,-30.289,0.00391316,518.171,15694.9,33912,424.112
16,35,885,5.93E-06,7.61E-07,1.84E-05,5.88E-07,3,2,330108,9.20E+08,0.5,27,7.31E-10,0.555164,9.22E-07,1.23E-06,75.0484,-29.1053,0.00426123,594.332,17298.2,31158.7,990.337
16,36,886,2.53E-06,1.00E-06,1.33E-05,1.00E-06,2,3,236965,9.20E+08,0.5,27,8.32E-10,0.601676,1.49E-06,1.86E-06,80.444,-27.3149,0.0104374,690.436,18859.2,31344.4,207.567
16,37,887,5.00E-07,3.48E-07,9.03E-06,1.00E-06,3,1,348815,9.20E+08,0.5,27,5.18E-10,0.482204,6.45E-07,8.01E-07,80.4583,-30.9629,0.00235159,553.437,17136,35536.9,206.276
16,38,888,3.79E-06,6.63E-07,1.41E-05,1.00E-06,2,1,500000,9.20E+08,0.5,27,4.33E-10,0.431886,3.60E-07,4.07E-07,88.4061,-33.9035,0.00383501,544.65,18465.5,42755.5,0.0371164
16,39,889,5.00E-07,6.62E-07,1.94E-05,9.84E-07,2,1,499648,9.20E+08,0.5,27,4.39E-10,0.255229,1.21E-07,1.93E-07,62.5981,-37.1503,0.00315873,227.906,8466.8,33173.4,5032.8
16,40,890,5.00E-07,3.97E-07,1.44E-05,6.83E-07,2,1,500000,9.20E+08,0.5,27,4.20E-10,0.465365,4.18E-07,5.74E-07,72.853,-32.4106,0.00283698,483.623,15674.5,33682.2,1475.51
16,41,891,4.74E-06,2.86E-07,1.52E-05,1.00E-06,2,3,474164,9.20E+08,0.5,27,8.33E-10,0.627177,8.13E-07,1.68E-06,48.3632,-27.7462,0.0118848,432.684,12005.3,19141.9,13422.5
16,42,892,2.49E-06,5.94E-07,1.46E-05,8.45E-07,2,3,500000,9.20E+08,0.5,27,8.28E-10,0.646817,8.17E-07,1.27E-06,64.4242,-28.9656,0.01235,594.424,17217.9,26619.4,4233.64
16,43,893,9.82E-06,1.80E-07,8.94E-06,1.00E-06,2,2,357667,9.20E+08,0.5,27,6.21E-10,0.587313,9.44E-07,2.91E-06,32.4686,-25.3642,0.00949285,272.019,6899.53,11747.6,27595.5
16,44,894,3.77E-06,5.06E-07,2.00E-05,1.00E-06,2,4,500000,9.20E+08,0.5,27,1.04E-09,0.636372,7.88E-07,1.50E-06,52.3765,-28.2277,0.0150611,475.459,13421.1,21090.1,10643
16,45,895,5.30E-06,8.08E-07,2.00E-05,7.14E-07,7,2,107699,9.20E+08,0.5,27,1.14E-09,0.474561,2.04E-06,2.40E-06,85.113,-26.2005,0.00236512,576.174,15096,31810.5,0.00517733
16,46,896,4.51E-06,1.00E-06,1.46E-05,7.69E-07,2,1,448693,9.20E+08,0.5,27,4.31E-10,0.432708,4.04E-07,4.95E-07,81.7454,-33.0565,0.00349542,504.574,16679.4,38546.6,105.96
16,47,897,4.21E-06,8.55E-07,2.00E-05,1.00E-06,2,4,193236,9.20E+08,0.5,27,1.05E-09,0.598989,1.82E-06,2.40E-06,75.7372,-26.2,0.0115318,647.134,16954.9,28305.9,858.003
16,48,898,1.50E-06,7.59E-07,9.93E-06,8.70E-07,2,1,358339,9.20E+08,0.5,27,4.20E-10,0.48489,6.40E-07,7.57E-07,84.559,-31.2085,0.00324959,584.884,18253.4,37644.3,1.94645
16,49,899,5.49E-06,5.16E-07,2.00E-05,9.15E-07,3,4,460633,9.20E+08,0.5,27,1.14E-09,0.635567,8.59E-07,1.51E-06,56.7283,-28.1994,0.0111241,514.313,14503.3,22819.5,7992.88
17,0,900,3.58E-06,5.25E-07,1.83E-05,9.09E-07,2,2,106816,9.20E+08,0.5,27,6.37E-10,0.471592,2.03E-06,2.43E-06,83.561,-26.1406,0.00677871,562.129,14694.4,31159.2,20.7132
17,1,901,1.39E-06,1.80E-07,2.00E-05,1.00E-06,2,1,388328,9.20E+08,0.5,27,4.41E-10,0.354482,3.07E-07,3.73E-07,82.3356,-34.2801,0.00403159,416.341,14272.2,40262,71.1583
17,2,902,5.00E-07,1.80E-07,1.39E-05,9.25E-07,5,1,287859,9.20E+08,0.5,27,7.26E-10,0.395553,5.12E-07,7.36E-07,69.6255,-31.3321,0.00167871,392.861,12309.2,31118.9,2363.84
17,3,903,1.28E-05,1.00E-06,1.81E-05,1.00E-06,4,5,221200,9.20E+08,0.5,27,1.46E-09,0.606081,1.63E-06,2.08E-06,78.7294,-26.8294,0.00713952,680.666,18261.9,30131.1,393.201
17,4,904,1.42E-05,1.00E-06,2.00E-05,4.84E-07,5,3,264407,9.20E+08,0.5,27,1.15E-09,0.563558,1.19E-06,1.82E-06,65.404,-27.4105,0.00358364,525.786,14412.1,25573.4,3840.01
17,5,905,5.00E-07,1.80E-07,4.20E-06,1.00E-06,4,1,500000,9.20E+08,0.5,27,6.09E-10,0.625179,7.63E-07,1.13E-06,67.698,-29.4796,0.00230267,603.734,17797.8,28468.4,2993.61
17,6,906,5.62E-07,1.00E-06,1.76E-05,9.09E-07,2,2,423832,9.20E+08,0.5,27,6.33E-10,0.477886,5.13E-07,7.85E-07,65.3322,-31.0511,0.00593228,445.367,13829.2,28938.2,3868.21
17,7,907,7.17E-07,4.42E-07,4.97E-06,1.00E-06,2,1,273882,9.20E+08,0.5,27,4.11E-10,0.548261,1.08E-06,1.37E-06,78.4728,-28.6305,0.00402748,613.724,17571.2,32049,426.039
17,8,908,5.00E-07,7.66E-07,6.43E-06,8.70E-07,2,1,500000,9.20E+08,0.5,27,4.12E-10,0.547661,5.84E-07,7.80E-07,74.815,-31.0778,0.00388922,584.476,18164.2,33166.9,1037.35
17,9,909,5.90E-06,9.45E-07,2.00E-05,9.63E-07,2,3,193482,9.20E+08,0.5,27,8.50E-10,0.545574,1.51E-06,1.72E-06,88.1677,-27.6496,0.00670762,686.166,18972.2,34774.8,0
17,10,910,5.39E-06,3.79E-07,1.07E-05,9.52E-07,3,2,500000,9.20E+08,0.5,27,7.24E-10,0.600548,7.11E-07,1.24E-06,57.318,-29.065,0.00515209,491.026,14271.7,23764.5,7662.92
17,11,911,2.33E-06,1.00E-06,2.00E-05,7.73E-07,2,2,433431,9.20E+08,0.5,27,6.36E-10,0.532283,6.41E-07,7.39E-07,86.6929,-31.3111,0.00477821,658.252,20610.6,38721.2,7.73E-13
17,12,912,3.79E-06,4.98E-07,1.29E-05,8.10E-07,2,1,500000,9.20E+08,0.5,27,4.25E-10,0.480881,4.53E-07,5.26E-07,86.0264,-32.7875,0.00268217,590.114,19348.4,40235.2,0.00292421
17,13,913,7.61E-06,1.00E-06,2.00E-05,6.15E-07,7,2,135388,9.20E+08,0.5,27,1.14E-09,0.486054,1.71E-06,2.06E-06,82.8332,-26.8628,0.00216607,574.321,15427.9,31741.1,46.9535
17,14,914,9.37E-06,8.97E-07,1.42E-05,9.48E-07,3,1,433830,9.20E+08,0.5,27,5.44E-10,0.354544,2.71E-07,4.00E-07,67.7948,-33.9803,0.00296342,342.872,11650.9,32861.7,2960.36
17,15,915,5.00E-07,7.31E-07,8.76E-06,1.00E-06,2,1,500000,9.20E+08,0.5,27,4.18E-10,0.478956,4.42E-07,5.49E-07,80.5839,-32.6062,0.00306712,550.567,17951.9,37481.3,195.02
17,16,916,1.20E-06,8.99E-07,1.63E-05,6.82E-07,2,1,331104,9.20E+08,0.5,27,4.24E-10,0.378307,4.14E-07,5.78E-07,71.7097,-32.382,0.0027092,386.981,12531.2,33124.4,1766.44
17,17,917,5.00E-07,6.87E-07,9.30E-06,1.00E-06,4,4,483728,9.20E+08,0.5,27,1.22E-09,0.690592,9.46E-07,1.58E-06,59.9986,-28.0223,0.00922926,591.056,16562.8,23983.4,6250.69
17,18,918,8.72E-06,9.67E-07,1.46E-05,8.92E-07,5,2,400837,9.20E+08,0.5,27,9.43E-10,0.523646,6.70E-07,7.92E-07,84.5726,-31.0148,0.00206174,631.734,19593.1,37416.6,1.82664
17,19,919,7.71E-07,5.51E-07,1.23E-05,7.78E-07,2,1,500000,9.20E+08,0.5,27,4.20E-10,0.481154,4.49E-07,5.37E-07,83.6073,-32.6979,0.00275537,573.846,18763.5,38996.9,19.3983
17,20,920,1.22E-05,9.92E-07,1.79E-05,8.45E-07,4,2,403058,9.20E+08,0.5,27,8.54E-10,0.48933,5.81E-07,8.34E-07,69.6165,-30.789,0.0021854,485.938,14961.5,30575.5,2366.52
17,21,921,5.98E-06,1.00E-06,1.93E-05,1.00E-06,2,4,10000,9.20E+08,0.5,27,1.05E-09,0.204705,3.73E-06,1.15E-05,32.4175,-19.3873,0.0218888,94.6616,1835.24,8965.28,27649.9
17,22,922,2.72E-06,3.08E-07,1.71E-05,5.27E-07,2,1,284021,9.20E+08,0.5,27,4.20E-10,0.476889,7.86E-07,9.68E-07,81.2662,-30.1421,0.00341005,552.833,16663.6,34942.2,139.414
17,23,923,8.64E-06,1.00E-06,2.00E-05,6.11E-07,3,2,386985,9.20E+08,0.5,27,7.42E-10,0.521273,6.92E-07,9.66E-07,71.6155,-30.1496,0.00328641,532.523,16055.4,30800.3,1791.46
17,24,924,2.02E-06,6.16E-07,2.00E-05,1.00E-06,2,3,77870.8,9.20E+08,0.5,27,8.42E-10,0.476588,2.84E-06,3.65E-06,77.844,-24.3816,0.00880184,529.217,12903.2,27074.1,512.089
17,25,925,1.27E-05,7.58E-07,2.00E-05,1.00E-06,2,5,168596,9.20E+08,0.5,27,1.26E-09,0.604033,2.13E-06,2.62E-06,81.0783,-25.814,0.0112322,698.604,18033.7,29855.6,153.8
17,26,926,4.55E-06,8.76E-07,1.71E-05,1.00E-06,2,4,59193.8,9.20E+08,0.5,27,1.04E-09,0.528883,4.60E-06,5.61E-06,82.0574,-22.5128,0.0111362,619.075,13937.1,26352,86.5914
17,27,927,5.00E-07,2.92E-07,2.00E-05,8.75E-07,2,1,500000,9.20E+08,0.5,27,4.35E-10,0.331796,2.07E-07,2.61E-07,79.1194,-35.828,0.00311334,374.473,13416.6,40436.4,348.099
17,28,928,1.29E-05,7.19E-07,1.49E-05,6.20E-07,2,3,283317,9.20E+08,0.5,27,8.37E-10,0.595693,1.24E-06,1.95E-06,63.4094,-27.0956,0.00781059,538.818,14599.6,24508.6,4661.54
17,29,929,1.17E-05,1.00E-06,2.00E-05,1.00E-06,10,3,400837,9.20E+08,0.5,27,1.66E-09,0.536875,6.99E-07,9.57E-07,72.9861,-30.189,0.00160061,558.959,16874.4,31430.8,1443.34
17,30,930,5.00E-07,1.00E-06,2.00E-05,7.69E-07,5,3,225389,9.20E+08,0.5,27,1.13E-09,0.479413,9.54E-07,1.62E-06,58.7709,-27.8964,0.00558745,401.919,11212.1,23387.1,6879.65
17,31,931,5.00E-07,1.00E-06,1.05E-05,1.00E-06,2,1,500000,9.20E+08,0.5,27,4.22E-10,0.413761,3.25E-07,4.74E-07,68.4605,-33.2408,0.00278202,404.069,13431.6,32462.2,2735.6
17,32,932,6.56E-06,6.02E-07,2.00E-05,6.14E-07,3,2,500000,9.20E+08,0.5,27,7.32E-10,0.553129,6.05E-07,9.31E-07,64.9522,-30.3098,0.00404298,512.491,15533.5,28083,4019.13
17,33,933,6.85E-06,6.16E-07,2.00E-05,8.60E-07,2,2,101282,9.20E+08,0.5,27,6.43E-10,0.44911,1.94E-06,2.34E-06,82.8337,-26.3078,0.00771989,530.672,13960.8,31085.5,46.9499
17,34,934,3.67E-06,1.00E-06,1.17E-05,1.00E-06,4,4,284021,9.20E+08,0.5,27,1.23E-09,0.657325,1.49E-06,2.07E-06,72.1754,-26.8502,0.00797395,676.761,18171.2,27644.1,1644.71
17,35,935,5.99E-06,1.00E-06,2.00E-05,7.38E-07,2,3,116468,9.20E+08,0.5,27,8.42E-10,0.547859,2.53E-06,2.80E-06,90.4412,-25.5275,0.0081479,706.807,18043,32933.7,0
17,36,936,1.56E-06,6.49E-07,3.79E-06,4.61E-07,4,1,500000,9.20E+08,0.5,27,6.06E-10,0.66862,8.81E-07,1.47E-06,59.8929,-28.3217,0.00259565,571.243,16178.5,24196.9,6303.69
17,37,937,4.95E-06,8.50E-07,2.00E-05,8.41E-07,2,2,10000,9.20E+08,0.5,27,6.42E-10,0.0990818,8.61E-07,4.80E-06,17.9346,-23.1889,0.0117104,25.3485,587.803,5932.5,44979
17,38,938,1.46E-05,1.00E-06,1.92E-05,1.00E-06,3,3,500000,9.20E+08,0.5,27,9.68E-10,0.532954,5.60E-07,8.49E-07,65.8982,-30.7094,0.00383489,500.99,15385.1,28867.7,3648.78
17,39,939,5.28E-06,1.00E-06,1.04E-05,9.84E-07,3,2,62147.2,9.20E+08,0.5,27,7.31E-10,0.397333,2.46E-06,3.89E-06,63.2865,-24.095,0.00713777,358.701,8642.91,21752.3,4714.86
17,40,940,5.00E-07,2.46E-07,8.97E-06,1.00E-06,2,1,500000,9.20E+08,0.5,27,4.18E-10,0.521425,5.32E-07,5.60E-07,94.865,-32.5152,0.00307697,705.609,22943,44000.6,1.32E-12
17,41,941,4.74E-06,4.15E-07,1.41E-05,1.00E-06,2,2,499648,9.20E+08,0.5,27,6.32E-10,0.569158,6.39E-07,8.55E-07,74.7154,-30.6795,0.00625391,606.609,18610.5,32698.3,1057.74
17,42,942,8.49E-06,9.23E-07,1.20E-05,1.00E-06,4,2,143332,9.20E+08,0.5,27,8.40E-10,0.473221,1.52E-06,1.86E-06,81.904,-27.306,0.00375399,552.885,15097.1,31902.8,95.8605
17,43,943,6.10E-06,4.07E-07,2.00E-05,1.00E-06,3,1,395850,9.20E+08,0.5,27,5.45E-10,0.333272,2.61E-07,3.66E-07,71.1539,-34.3594,0.00287275,338.271,11622.8,34874.7,1917.36
17,44,944,5.00E-07,9.40E-07,1.76E-05,1.00E-06,2,1,500000,9.20E+08,0.5,27,4.36E-10,0.253733,1.19E-07,1.97E-07,60.4842,-37.0568,0.00292834,218.92,8112.47,31972.4,6023.42
17,45,945,1.26E-05,1.00E-06,8.76E-06,7.14E-07,3,2,500000,9.20E+08,0.5,27,7.38E-10,0.547012,5.90E-07,9.21E-07,64.0691,-30.3589,0.00280489,499.933,15177.4,27746.1,4381.02
17,46,946,3.18E-06,7.43E-07,4.97E-06,1.00E-06,2,1,210763,9.20E+08,0.5,27,4.15E-10,0.482315,1.08E-06,1.43E-06,75.4573,-28.4532,0.00435981,519.157,14771.7,30626.6,910.636
17,47,947,5.29E-06,5.68E-07,1.95E-05,8.86E-07,2,1,244771,9.20E+08,0.5,27,4.41E-10,0.306685,3.66E-07,5.73E-07,63.8521,-32.4154,0.00416203,279.341,9054.94,29525.2,4472.65
17,48,948,6.88E-06,7.59E-07,9.93E-06,8.70E-07,2,1,465531,9.20E+08,0.5,27,4.28E-10,0.459013,4.41E-07,5.67E-07,77.7694,-32.4676,0.00332548,509.214,16532.9,36018.4,522.834
17,49,949,5.00E-07,8.14E-07,2.00E-05,1.00E-06,2,1,482631,9.20E+08,0.5,27,4.41E-10,0.218835,9.17E-08,1.80E-07,50.9881,-37.4503,0.00316006,159.167,5960.84,27239,11586.7
18,0,950,5.84E-06,1.80E-07,8.36E-06,1.00E-06,3,2,122765,9.20E+08,0.5,27,7.19E-10,0.557454,2.47E-06,4.40E-06,56.2347,-23.5646,0.00667791,447.177,10537.6,18903,8274.4
18,1,951,1.32E-05,2.56E-07,2.00E-05,8.58E-07,4,4,388328,9.20E+08,0.5,27,1.24E-09,0.621883,9.81E-07,3.50E-06,28.0203,-24.5559,0.00849891,248.569,6103.84,9815.1,32466.9
18,2,952,5.00E-07,7.59E-07,1.09E-05,1.00E-06,2,1,401417,9.20E+08,0.5,27,4.23E-10,0.400551,3.81E-07,5.38E-07,70.7988,-32.69,0.00277006,404.529,13224.1,33014.7,2016.81
18,3,953,1.06E-05,1.00E-06,2.00E-05,8.08E-07,3,3,84454,9.20E+08,0.5,27,9.54E-10,0.494157,2.83E-06,3.26E-06,86.8165,-24.8644,0.00598588,611.974,15216.4,30792.6,0.000273146
18,4,954,8.42E-06,9.23E-07,1.20E-05,1.00E-06,4,2,350861,9.20E+08,0.5,27,8.39E-10,0.529173,7.82E-07,9.82E-07,79.6076,-30.0791,0.00266316,600.923,18075.2,34157.5,290.779
18,5,955,1.63E-06,7.87E-07,1.42E-05,9.05E-07,2,1,500000,9.20E+08,0.5,27,4.28E-10,0.437108,3.68E-07,4.11E-07,89.6609,-33.8643,0.00288501,559.06,18932.2,43312.3,0.0316429
18,6,956,5.00E-07,1.80E-07,3.48E-06,8.79E-07,2,1,500000,9.20E+08,0.5,27,4.06E-10,0.65898,8.56E-07,1.28E-06,66.9719,-28.9333,0.00433247,629.551,18215,27641.2,3250.11
18,7,957,7.03E-06,3.84E-07,1.21E-05,7.30E-07,2,1,500000,9.20E+08,0.5,27,4.23E-10,0.481016,4.53E-07,6.13E-07,73.9748,-32.127,0.00313362,507.586,16307.2,33901.6,1215.56
18,8,958,3.29E-06,5.08E-07,1.08E-05,8.57E-07,2,3,259548,9.20E+08,0.5,27,8.22E-10,0.658919,1.64E-06,2.48E-06,66.3539,-26.063,0.0109798,623.684,16255.1,24669.3,3476.76
18,9,959,5.00E-07,8.14E-07,1.91E-05,1.00E-06,2,1,500000,9.20E+08,0.5,27,4.39E-10,0.239357,1.06E-07,1.33E-07,79.5253,-38.7584,0.00309497,271.529,10524,43968.1,342.644
18,10,960,1.23E-05,1.00E-06,9.36E-06,6.57E-07,4,2,104733,9.20E+08,0.5,27,8.37E-10,0.470935,2.08E-06,2.75E-06,75.383,-25.6017,0.00342711,506.409,12964.9,27530.2,924.867
18,11,961,5.00E-07,1.00E-06,1.71E-05,4.32E-07,5,1,339759,9.20E+08,0.5,27,7.16E-10,0.34379,3.17E-07,6.65E-07,47.6658,-31.7746,0.00170025,233.758,7427.58,21605,13938.6
18,12,962,5.01E-06,4.98E-07,1.60E-05,1.00E-06,3,2,358954,9.20E+08,0.5,27,7.37E-10,0.54069,8.01E-07,9.79E-07,81.9105,-30.0944,0.00394422,631.763,19012.5,35163.4,95.4498
18,13,963,8.81E-06,1.00E-06,2.00E-05,1.00E-06,2,5,10000,9.20E+08,0.5,27,1.26E-09,0.246803,5.46E-06,1.43E-05,38.1904,-18.4448,0.0250804,134.453,2479.96,10048.4,21911.9
18,14,964,7.92E-06,1.00E-06,1.91E-05,9.48E-07,2,3,151653,9.20E+08,0.5,27,8.52E-10,0.529906,1.82E-06,2.08E-06,87.3915,-26.817,0.00686135,660.594,17715.2,33430.7,0
18,15,965,7.27E-06,1.00E-06,2.00E-05,5.54E-07,7,2,135388,9.20E+08,0.5,27,1.14E-09,0.498249,1.80E-06,2.11E-06,85.0242,-26.7518,0.0022407,604.304,16166.2,32446.1,2.45E-05
18,16,966,1.17E-05,4.59E-07,2.00E-05,1.00E-06,4,3,331104,9.20E+08,0.5,27,1.05E-09,0.556797,9.23E-07,1.42E-06,64.9669,-28.4752,0.00439408,516.007,14693.4,26389.1,4013.24
18,17,967,1.06E-05,9.43E-07,2.00E-05,9.49E-07,3,4,436826,9.20E+08,0.5,27,1.16E-09,0.596795,8.01E-07,8.60E-07,93.1096,-30.6551,0.0083279,792.658,24299,40715.8,2.38E-13
18,18,968,5.64E-06,4.21E-07,1.53E-05,5.68E-07,6,2,219822,9.20E+08,0.5,27,1.02E-09,0.586666,1.55E-06,2.28E-06,67.7886,-26.4186,0.00322858,567.302,14987.3,25546.6,2962.31
18,19,969,5.00E-07,7.33E-07,6.29E-06,9.65E-07,3,1,500000,9.20E+08,0.5,27,5.13E-10,0.539307,5.62E-07,7.48E-07,75.1181,-31.262,0.00267798,577.892,18066,33498.6,976.527
18,20,970,5.00E-07,1.80E-07,2.00E-05,1.00E-06,2,2,298506,9.20E+08,0.5,27,6.40E-10,0.497125,8.07E-07,9.38E-07,86.0334,-30.2794,0.00464361,610.097,18473.4,37160.4,6.61E-05
18,21,971,3.06E-06,1.80E-07,2.00E-05,1.00E-06,3,3,159766,9.20E+08,0.5,27,9.41E-10,0.57493,2.04E-06,2.48E-06,82.127,-26.0492,0.0064743,673.546,17545.3,30517.3,82.5407
18,22,972,8.21E-06,1.00E-06,2.00E-05,7.36E-07,2,3,189588,9.20E+08,0.5,27,8.46E-10,0.559927,1.63E-06,1.83E-06,89.0693,-27.3736,0.00719105,711.42,19474.1,34779.7,0
18,23,973,1.60E-05,8.97E-07,2.00E-05,3.74E-07,6,4,113784,9.20E+08,0.5,27,1.44E-09,0.602323,3.15E-06,4.39E-06,71.7325,-23.574,0.00541003,616.327,14529.3,24122.1,1760.27
18,24,974,5.00E-07,1.80E-07,9.36E-06,9.52E-07,2,1,457059,9.20E+08,0.5,27,4.18E-10,0.52297,5.86E-07,6.72E-07,87.1609,-31.727,0.00340203,650.227,20629.7,39447.2,1.03E-12
18,25,975,5.00E-07,5.99E-07,7.51E-06,1.00E-06,2,1,500000,9.20E+08,0.5,27,4.16E-10,0.517371,5.20E-07,6.34E-07,82.046,-31.9785,0.00327341,605.516,19363.5,37426.8,87.2616
18,26,976,5.00E-07,1.80E-07,8.48E-06,9.89E-07,2,1,336172,9.20E+08,0.5,27,4.17E-10,0.513958,7.69E-07,9.11E-07,84.3432,-30.4027,0.00366192,618.363,18799.9,36578.7,4.31442
18,27,977,3.42E-06,1.00E-06,1.95E-05,7.38E-07,2,3,388675,9.20E+08,0.5,27,8.36E-10,0.605306,9.23E-07,1.00E-06,92.3292,-30.0009,0.0100994,797.223,23917.4,39512.9,4.94E-08
18,28,978,1.08E-06,1.80E-07,2.00E-05,1.00E-06,2,2,458187,9.20E+08,0.5,27,6.40E-10,0.535145,6.14E-07,6.83E-07,89.9521,-31.6561,0.0046593,686.672,21737.3,40619.5,8.92E-13
18,29,979,2.93E-06,4.62E-07,5.74E-06,1.80E-07,2,5,10000,9.20E+08,0.5,27,1.20E-09,0.580573,3.02E-05,4.77E-05,63.2952,-13.2165,0.0620477,524.196,6928.06,11933.1,4720.56
18,30,980,1.19E-05,1.00E-06,1.41E-05,7.30E-07,2,1,193481,9.20E+08,0.5,27,4.44E-10,0.248229,3.05E-07,5.84E-07,52.254,-32.3374,0.00338078,185.028,5983.32,24104.1,10723.5
18,31,981,3.82E-06,1.00E-06,1.56E-05,7.38E-07,7,1,185626,9.20E+08,0.5,27,9.31E-10,0.346026,6.02E-07,9.51E-07,63.3412,-30.2202,0.00158289,312.653,9448.42,27305.5,4691.21
18,32,982,1.06E-05,7.70E-07,2.00E-05,8.98E-07,3,4,10000,9.20E+08,0.5,27,1.15E-09,0.226576,4.73E-06,1.29E-05,36.8035,-18.9079,0.0170439,118.951,2249.12,9926.54,23229.6
18,33,983,5.00E-07,6.90E-07,2.00E-05,1.00E-06,2,3,358381,9.20E+08,0.5,27,8.41E-10,0.535031,7.60E-07,8.85E-07,85.8908,-30.5313,0.0103917,655.529,20014.2,37407.5,7.67E-07
18,34,984,3.67E-06,8.33E-07,2.00E-05,1.00E-06,2,3,284021,9.20E+08,0.5,27,8.46E-10,0.567425,1.11E-06,1.32E-06,84.2529,-28.7928,0.00818288,681.961,19635.6,34604.7,5.582
18,35,985,2.00E-05,1.00E-06,2.00E-05,1.80E-07,10,5,10000,9.20E+08,0.5,27,2.05E-09,0.505208,2.48E-05,3.37E-05,73.5739,-14.7245,0.0125766,530.225,7807.32,15453.7,1305.78
18,36,986,2.59E-06,6.92E-07,1.86E-05,1.00E-06,2,2,231527,9.20E+08,0.5,27,6.41E-10,0.498045,1.05E-06,1.09E-06,96.3572,-29.6304,0.00473409,684.571,20284.1,40727.5,18.4186
18,37,987,1.72E-05,3.85E-07,1.42E-05,4.49E-07,7,5,114044,9.20E+08,0.5,27,1.73E-09,0.671661,3.91E-06,9.84E-06,39.6923,-20.068,0.00653405,380.296,7631.77,11362.5,20527.9
18,38,988,1.03E-05,5.73E-07,1.16E-05,1.00E-06,3,2,92191.7,9.20E+08,0.5,27,7.35E-10,0.437579,2.02E-06,2.91E-06,69.3646,-25.3597,0.00641943,432.973,10980,25092.7,2444.68
18,39,989,1.50E-05,1.00E-06,2.00E-05,6.98E-07,3,1,163594,9.20E+08,0.5,27,5.58E-10,0.123133,8.75E-08,3.51E-07,24.9358,-34.5473,0.00122653,43.7989,1513.13,12288.6,36078.2
18,40,990,5.00E-07,4.18E-07,1.46E-05,8.69E-07,2,1,500000,9.20E+08,0.5,27,4.26E-10,0.419,3.35E-07,4.77E-07,70.2249,-33.2123,0.00240468,419.731,13940.2,33270.3,2183.09
18,41,991,5.00E-07,5.62E-07,1.16E-05,8.68E-07,2,1,280411,9.20E+08,0.5,27,4.21E-10,0.388166,5.17E-07,7.64E-07,67.5935,-31.1665,0.00303421,374.273,11664.8,30051,3029.96
18,42,992,1.33E-06,6.17E-07,1.27E-05,6.48E-07,2,1,500000,9.20E+08,0.5,27,4.18E-10,0.505207,4.99E-07,6.34E-07,78.8006,-31.981,0.00297996,567.891,18161.7,35949.1,384.326
18,43,993,3.94E-06,7.16E-07,8.75E-06,9.52E-07,2,2,320667,9.20E+08,0.5,27,6.22E-10,0.600437,1.11E-06,1.52E-06,72.9862,-28.1832,0.00608209,625.136,17618.3,29342.5,1443.32
18,44,994,5.00E-07,5.06E-07,1.17E-05,1.00E-06,2,1,500000,9.20E+08,0.5,27,4.24E-10,0.438377,3.68E-07,4.64E-07,79.2957,-33.3384,0.00262534,495.865,16531.3,37710.3,325.417
18,45,995,5.00E-07,1.80E-07,2.00E-05,7.14E-07,2,1,478867,9.20E+08,0.5,27,4.29E-10,0.386122,2.97E-07,4.05E-07,73.364,-33.9226,0.0027666,404.086,13707.7,35500.8,1354.07
18,46,996,1.71E-05,5.86E-07,1.22E-05,2.88E-07,7,4,265229,9.20E+08,0.5,27,1.53E-09,0.663345,1.64E-06,5.19E-06,31.6208,-22.8472,0.00511888,299.212,6836.14,10305.6,28493.4
18,47,997,2.31E-06,9.12E-07,1.37E-05,8.65E-07,3,2,247307,9.20E+08,0.5,27,7.28E-10,0.550276,1.20E-06,1.51E-06,79.3856,-28.1959,0.00424945,623.144,17570.1,31929.6,315.218
18,48,998,5.00E-07,4.72E-07,1.71E-05,8.25E-07,2,1,340431,9.20E+08,0.5,27,4.29E-10,0.31038,2.69E-07,4.96E-07,54.2471,-33.0484,0.00283934,240.18,7937.57,25573.7,9457.68
18,49,999,1.08E-05,8.85E-07,1.42E-05,1.00E-06,4,2,10000,9.20E+08,0.5,27,8.48E-10,0.0737881,4.94E-07,3.41E-06,14.5078,-24.6766,0.00632537,15.2705,376.824,5106.84,49693
19,0,1000,5.06E-06,1.00E-06,2.00E-05,7.42E-07,2,2,327815,9.20E+08,0.5,27,6.40E-10,0.52118,8.16E-07,9.37E-07,87.014,-30.2815,0.00462018,646.908,19589.4,37586.6,2.04E-13
19,1,1001,1.39E-06,3.89E-07,1.17E-05,1.00E-06,2,1,452650,9.20E+08,0.5,27,4.24E-10,0.475079,4.85E-07,5.76E-07,84.257,-32.3965,0.0029378,571.002,18498.4,38937.7,5.52547
19,2,1002,8.89E-06,1.00E-06,1.93E-05,1.00E-06,2,4,239240,9.20E+08,0.5,27,1.06E-09,0.58708,1.42E-06,1.97E-06,71.8543,-27.0567,0.00977322,601.751,16281.4,27732.8,1728.1
19,3,1003,5.00E-07,4.80E-07,8.91E-06,9.78E-07,2,1,500000,9.20E+08,0.5,27,4.18E-10,0.502329,4.90E-07,5.29E-07,92.5439,-32.762,0.00307197,663.135,21725.6,43249.8,1.56E-12
19,4,1004,9.35E-07,1.80E-07,1.20E-05,1.00E-06,2,1,423914,9.20E+08,0.5,27,4.24E-10,0.477593,5.24E-07,6.12E-07,85.7303,-32.1359,0.00290182,584.062,18769.4,39299.9,0.00401656
19,5,1005,1.29E-06,9.17E-07,1.80E-05,7.97E-07,2,3,401113,9.20E+08,0.5,27,8.31E-10,0.607553,8.91E-07,1.17E-06,76,-29.3075,0.0115986,658.664,19303.8,31773,810.005
19,6,1006,8.05E-07,3.71E-07,1.48E-05,8.79E-07,2,2,446388,9.20E+08,0.5,27,6.27E-10,0.58014,7.37E-07,9.44E-07,78.08,-30.2513,0.00750855,646.158,19547.1,33693.8,478.865
19,7,1007,8.15E-06,9.63E-07,2.00E-05,7.90E-07,2,3,388675,9.20E+08,0.5,27,8.47E-10,0.57499,8.38E-07,9.37E-07,89.433,-30.283,0.00773975,733.541,22213.8,38633.4,1.58E-13
19,8,1008,1.48E-06,5.08E-07,9.75E-06,1.00E-06,2,1,500000,9.20E+08,0.5,27,4.21E-10,0.50295,4.94E-07,5.86E-07,84.3639,-32.322,0.00294511,605.268,19563.5,38897.5,4.04641
19,9,1009,6.30E-06,9.45E-07,1.61E-05,1.00E-06,5,2,253410,9.20E+08,0.5,27,9.44E-10,0.499823,9.60E-07,1.09E-06,88.2907,-29.6342,0.00241411,629.503,18654.8,37322.9,2.50E-07
19,10,1010,5.00E-07,6.14E-07,1.98E-05,1.00E-06,2,3,26196.3,9.20E+08,0.5,27,8.40E-10,0.176379,6.69E-07,3.04E-06,22.0083,-25.1723,0.00794969,55.3732,1393.87,7902.68,39680.4
19,11,1011,5.00E-07,1.00E-06,2.00E-05,7.78E-07,2,1,500000,9.20E+08,0.5,27,4.32E-10,0.249757,1.16E-07,2.47E-07,46.8574,-36.0702,0.00261507,166.941,6021.58,24109.7,14552.5
19,12,1012,2.00E-05,1.00E-06,2.00E-05,4.26E-07,10,5,10000,9.20E+08,0.5,27,2.06E-09,0.389258,1.47E-05,2.46E-05,59.753,-16.0843,0.00852332,331.791,5336.62,13709.7,6374.19
19,13,1013,5.00E-07,6.56E-07,1.28E-05,1.00E-06,2,1,500000,9.20E+08,0.5,27,4.26E-10,0.39729,2.99E-07,4.17E-07,71.6792,-33.8007,0.00249226,406.226,13730.7,34560.8,1774.53
19,14,1014,2.03E-06,1.00E-06,1.29E-05,1.00E-06,2,1,500000,9.20E+08,0.5,27,4.30E-10,0.433504,3.62E-07,4.10E-07,88.2436,-33.8752,0.0032524,545.686,18485.2,42641.4,0.0353733
19,15,1015,5.00E-07,6.24E-07,1.65E-05,1.00E-06,2,2,182299,9.20E+08,0.5,27,6.34E-10,0.399413,8.44E-07,1.25E-06,67.4625,-29.0278,0.00529001,384.371,11157.4,27934.6,3075.73
19,16,1016,5.00E-07,3.97E-07,2.00E-05,1.00E-06,2,3,500000,9.20E+08,0.5,27,8.40E-10,0.582246,6.52E-07,8.52E-07,76.4784,-30.694,0.0112964,635.201,19496.8,33485.6,726.182
19,17,1017,1.06E-05,1.80E-07,1.97E-05,9.13E-07,2,1,436826,9.20E+08,0.5,27,4.40E-10,0.341242,2.52E-07,4.01E-07,62.8545,-33.9634,0.00372005,305.961,10391.5,30451.9,4904.41
19,18,1018,3.41E-06,1.96E-07,8.79E-06,6.80E-07,2,1,432424,9.20E+08,0.5,27,4.13E-10,0.561892,7.20E-07,1.17E-06,61.4269,-29.3111,0.00474051,492.354,14431.5,25683.7,5556.91
19,19,1019,1.05E-06,1.00E-06,1.83E-05,1.00E-06,2,2,460633,9.20E+08,0.5,27,6.39E-10,0.498561,5.21E-07,7.12E-07,73.1623,-31.4773,0.00486091,520.322,16378.3,32851.2,1401.3
19,20,1020,2.08E-06,2.61E-07,4.50E-06,1.00E-06,2,1,500000,9.20E+08,0.5,27,4.10E-10,0.601557,7.12E-07,1.20E-06,59.2259,-29.2023,0.00445956,508.224,14841.3,24671.5,6643.05
19,21,1021,1.14E-05,1.00E-06,2.00E-05,1.00E-06,3,3,500000,9.20E+08,0.5,27,9.63E-10,0.543921,5.83E-07,6.48E-07,89.941,-31.8834,0.00436747,697.846,22249.7,40906.1,1.04E-12
19,22,1022,6.56E-06,1.00E-06,2.00E-05,1.80E-07,6,2,333094,9.20E+08,0.5,27,1.02E-09,0.591885,1.03E-06,1.90E-06,54.4924,-27.2147,0.00477058,460.087,12521.1,21154.6,9307.13
19,23,1023,1.49E-05,6.24E-07,1.93E-05,8.41E-07,2,2,163257,9.20E+08,0.5,27,6.51E-10,0.448714,1.20E-06,1.56E-06,77.1543,-28.0754,0.00654211,493.852,13865.1,30899.6,615.57
19,24,1024,5.00E-07,1.80E-07,1.42E-05,1.00E-06,2,1,328183,9.20E+08,0.5,27,4.29E-10,0.389421,4.44E-07,5.72E-07,77.5252,-32.4229,0.0036045,430.655,13963.1,35856,558.821
19,25,1025,2.12E-06,5.78E-07,1.32E-05,8.58E-07,3,2,437178,9.20E+08,0.5,27,7.25E-10,0.594095,7.93E-07,1.07E-06,74.2524,-29.7133,0.00565154,629.263,18697.5,31472.3,1155.11
19,26,1026,6.54E-06,1.80E-07,8.48E-06,4.26E-07,2,3,10000,9.20E+08,0.5,27,8.10E-10,0.421539,1.61E-05,3.31E-05,48.5783,-14.7999,0.0401638,292.11,4323.19,10255.7,13265.6
19,27,1027,9.01E-06,8.35E-07,2.00E-05,6.39E-07,7,2,10000,9.20E+08,0.5,27,1.14E-09,0.12673,1.53E-06,6.45E-06,23.7889,-21.9075,0.00477936,43.0053,942.14,7434.21,37469.1
19,28,1028,1.27E-05,7.77E-07,1.75E-05,1.00E-06,4,3,317117,9.20E+08,0.5,27,1.05E-09,0.548382,9.34E-07,1.33E-06,70.0177,-28.7494,0.00376138,547.719,15746.6,28714.6,2244.69
19,29,1029,5.00E-07,1.80E-07,2.00E-05,1.00E-06,2,1,380665,9.20E+08,0.5,27,4.40E-10,0.282433,1.97E-07,3.19E-07,61.7577,-34.9563,0.00369816,248.813,8697.57,30795.1,5402.42
19,30,1030,9.67E-06,1.00E-06,1.94E-05,9.48E-07,2,3,151653,9.20E+08,0.5,27,8.56E-10,0.520495,1.75E-06,1.96E-06,89.2367,-27.0676,0.00658402,662.562,17933.9,34455.5,0
19,31,1031,6.45E-06,1.00E-06,1.72E-05,7.64E-07,5,2,274830,9.20E+08,0.5,27,9.39E-10,0.5217,9.71E-07,1.14E-06,85.0386,-29.4234,0.00247154,632.853,18620.7,35692.3,5.00E-15
19,32,1032,6.27E-06,1.00E-06,1.49E-05,6.14E-07,2,3,357467,9.20E+08,0.5,27,8.31E-10,0.626005,1.08E-06,1.61E-06,67.1407,-27.9367,0.00944436,599.556,16749.6,26756.4,3189.55
19,33,1033,4.96E-06,6.90E-07,1.81E-05,8.79E-07,2,4,499753,9.20E+08,0.5,27,1.04E-09,0.648546,8.20E-07,1.50E-06,54.7492,-28.2458,0.0148221,506.506,14306.7,22059.6,9151.09
19,34,1034,1.71E-05,5.71E-07,1.23E-05,1.96E-07,8,3,184557,9.20E+08,0.5,27,1.42E-09,0.632283,2.14E-06,4.73E-06,45.3356,-23.2542,0.00452535,408.9,9508.66,15038.6,15732.6
19,35,1035,5.00E-07,1.80E-07,2.00E-05,7.38E-07,2,3,298506,9.20E+08,0.5,27,8.30E-10,0.617387,1.24E-06,1.63E-06,76.2251,-27.8718,0.0115622,671.308,18710.6,30306.1,769.986
19,36,1036,8.67E-06,9.17E-07,1.67E-05,9.48E-07,2,2,374043,9.20E+08,0.5,27,6.48E-10,0.506902,6.75E-07,6.71E-07,98.214,-31.731,0.00405572,727.079,23070.9,45513.6,308.261
19,37,1037,1.01E-05,4.88E-07,1.97E-05,8.42E-07,4,2,436826,9.20E+08,0.5,27,8.43E-10,0.516745,6.01E-07,8.95E-07,67.0723,-30.4795,0.00271145,494.408,15069.3,29162,3214.04
19,38,1038,1.52E-05,9.89E-07,1.71E-05,8.58E-07,3,1,500000,9.20E+08,0.5,27,5.59E-10,0.242526,1.07E-07,2.58E-07,41.3182,-35.8877,0.00199038,142.944,5129.94,21152.1,19083.9
19,39,1039,7.34E-06,1.00E-06,2.00E-05,7.36E-07,2,3,267384,9.20E+08,0.5,27,8.44E-10,0.574738,1.22E-06,1.28E-06,94.911,-28.916,0.00755946,778.131,22500.5,39149,0
19,40,1040,1.55E-06,6.84E-07,1.49E-05,1.00E-06,2,1,406052,9.20E+08,0.5,27,4.32E-10,0.395688,3.69E-07,4.44E-07,83.0262,-33.5263,0.00373665,468.634,15711.6,39707.1,39.0451
19,41,1041,4.74E-06,7.06E-07,1.66E-05,9.65E-07,2,3,256157,9.20E+08,0.5,27,8.39E-10,0.590887,1.34E-06,1.83E-06,73.3649,-27.3831,0.00877702,618.385,16933.3,28657.4,1353.76
19,42,1042,5.00E-07,5.79E-07,1.20E-05,1.00E-06,2,2,143332,9.20E+08,0.5,27,6.25E-10,0.444579,1.34E-06,2.03E-06,65.9773,-26.9282,0.00622083,418.418,11267.3,25343.6,3618.65
19,43,1043,6.52E-06,7.31E-07,1.73E-05,6.15E-07,7,2,60675.7,9.20E+08,0.5,27,1.13E-09,0.465197,3.49E-06,4.30E-06,81.199,-23.6643,0.00320608,538.833,12751.1,27410.2,144.483
19,44,1044,1.42E-05,1.00E-06,1.50E-05,4.26E-07,2,1,216766,9.20E+08,0.5,27,4.41E-10,0.316075,4.45E-07,6.91E-07,64.4601,-31.6082,0.00327842,290.634,9186.43,29064.1,4219.14
19,45,1045,5.30E-06,8.31E-07,1.59E-05,7.78E-07,3,2,229895,9.20E+08,0.5,27,7.34E-10,0.535937,1.23E-06,1.49E-06,82.7503,-28.2778,0.00409561,632.63,17889.4,33379.6,50.6136
19,46,1046,3.93E-06,5.24E-07,8.02E-06,1.00E-06,2,1,284021,9.20E+08,0.5,27,4.20E-10,0.477108,7.82E-07,9.83E-07,79.505,-30.0724,0.00401504,541.1,16272.2,34105.9,301.953
19,47,1047,1.02E-05,5.78E-07,2.00E-05,1.00E-06,8,3,400843,9.20E+08,0.5,27,1.45E-09,0.560047,7.66E-07,1.27E-06,60.134,-28.9478,0.00251674,480.408,13906.8,24831.4,6183.18
19,48,1048,1.01E-05,7.54E-07,8.37E-06,5.74E-07,4,1,358339,9.20E+08,0.5,27,6.25E-10,0.463251,5.83E-07,8.06E-07,72.3233,-30.9388,0.00161211,477.926,14786.4,31918.9,1607
19,49,1049,1.15E-05,1.00E-06,2.00E-05,5.02E-07,2,3,495684,9.20E+08,0.5,27,8.43E-10,0.585112,6.83E-07,1.07E-06,63.7528,-29.7037,0.00732805,532.114,15805.7,27013.2,4514.44
20,0,1050,1.84E-05,1.00E-06,2.00E-05,4.26E-07,8,5,10000,9.20E+08,0.5,27,1.85E-09,0.399505,1.54E-05,2.54E-05,60.7354,-15.9481,0.0107102,346.123,5520.02,13817.1,5887.8
20,1,1051,7.84E-06,3.89E-07,1.17E-05,1.00E-06,2,3,10000,9.20E+08,0.5,27,8.29E-10,0.176292,2.75E-06,1.09E-05,25.3092,-19.6383,0.0202257,63.6468,1249.91,7090.02,35630.8
20,2,1052,6.40E-06,5.99E-07,2.00E-05,7.10E-07,7,2,61100.6,9.20E+08,0.5,27,1.14E-09,0.433796,3.01E-06,3.99E-06,75.2374,-23.9858,0.00332145,465.571,11167.1,25742.7,953.123
20,3,1053,5.00E-07,2.09E-07,1.09E-05,1.00E-06,2,2,500000,9.20E+08,0.5,27,6.22E-10,0.617315,7.45E-07,1.06E-06,70.1076,-29.7374,0.0087457,617.36,18358.7,29739.6,2217.82
20,4,1054,6.01E-06,7.05E-07,1.61E-05,1.00E-06,2,1,314484,9.20E+08,0.5,27,4.41E-10,0.339753,3.49E-07,5.03E-07,69.3168,-32.9816,0.00443718,335.945,11080,32612,2459.84
20,5,1055,2.80E-06,8.99E-07,1.19E-05,1.00E-06,3,2,361818,9.20E+08,0.5,27,7.29E-10,0.56888,8.79E-07,1.17E-06,75.2625,-29.3275,0.0043322,610.754,17911.9,31486.2,948.18
20,6,1056,3.88E-06,6.59E-07,2.00E-05,8.79E-07,2,3,11276.6,9.20E+08,0.5,27,8.40E-10,0.207688,3.46E-06,1.02E-05,34.0203,-19.9282,0.0188529,100.789,2008.55,9671.02,25990
20,7,1057,1.79E-05,8.43E-07,2.00E-05,1.80E-07,2,4,112833,9.20E+08,0.5,27,1.04E-09,0.629818,3.39E-06,5.36E-06,63.3293,-22.711,0.0206677,568.966,12921.8,20516.6,4696.19
20,8,1058,5.00E-07,4.26E-07,1.30E-05,7.44E-07,2,1,500000,9.20E+08,0.5,27,4.20E-10,0.472953,4.32E-07,6.06E-07,71.3986,-32.1772,0.00282166,481.698,15499.7,32772.2,1849.98
20,9,1059,4.34E-06,5.26E-07,1.26E-05,8.17E-07,2,2,231774,9.20E+08,0.5,27,6.25E-10,0.577237,1.42E-06,1.82E-06,77.8605,-27.3944,0.00645105,641.117,17563,30426.1,509.729
20,10,1060,6.69E-06,1.00E-06,1.71E-05,8.49E-07,2,3,114496,9.20E+08,0.5,27,8.42E-10,0.542731,2.53E-06,3.06E-06,82.6224,-25.1461,0.00784094,639.66,16084.9,29637,56.5316
20,11,1061,5.00E-07,1.80E-07,7.76E-06,7.18E-07,2,1,500000,9.20E+08,0.5,27,4.11E-10,0.591952,6.91E-07,9.02E-07,76.6234,-30.45,0.00413224,647.014,19701.6,33282.4,701.681
20,12,1062,2.42E-06,6.02E-07,1.36E-05,7.97E-07,3,1,500000,9.20E+08,0.5,27,5.25E-10,0.475747,4.40E-07,5.48E-07,80.3701,-32.6157,0.00192417,545.427,17789.5,37392.7,214.368
20,13,1063,5.00E-07,1.00E-06,2.00E-05,1.00E-06,2,1,135388,9.20E+08,0.5,27,4.41E-10,0.091684,4.41E-08,2.01E-07,21.968,-36.9695,0.00344618,28.731,1062.17,11585.1,39743.3
20,14,1064,1.04E-05,1.00E-06,2.00E-05,6.04E-07,5,3,111999,9.20E+08,0.5,27,1.15E-09,0.543689,2.60E-06,3.07E-06,84.6458,-25.1239,0.00418616,656.481,16493.4,30336.1,1.25444
20,15,1065,5.25E-06,6.16E-07,2.00E-05,8.97E-07,2,4,126339,9.20E+08,0.5,27,1.04E-09,0.599762,2.80E-06,3.79E-06,73.84,-24.2103,0.0103396,631.737,15294.5,25501,1245.46
20,16,1066,1.09E-05,8.99E-07,2.00E-05,1.00E-06,2,4,10000,9.20E+08,0.5,27,1.06E-09,0.191978,3.28E-06,1.05E-05,31.2513,-19.7917,0.0208621,85.5828,1693.83,8823.03,28890
20,17,1067,6.55E-06,6.43E-07,2.00E-05,8.16E-07,2,4,43147.9,9.20E+08,0.5,27,1.04E-09,0.534993,6.44E-06,7.96E-06,80.9037,-20.9899,0.0133849,617.423,12959.7,24224,167.797
20,18,1068,5.00E-07,8.78E-07,1.30E-05,7.70E-07,2,1,500000,9.20E+08,0.5,27,4.21E-10,0.415217,3.27E-07,4.89E-07,66.9988,-33.1098,0.00267324,396.833,13139.1,31643.9,3240.5
20,19,1069,1.13E-05,7.05E-07,1.23E-05,1.00E-06,4,2,276615,9.20E+08,0.5,27,8.40E-10,0.510337,9.20E-07,1.15E-06,79.749,-29.3778,0.00280089,580.562,17055.6,33420.3,275.73
20,20,1070,1.24E-05,1.00E-06,2.00E-05,6.78E-07,8,2,63477.3,9.20E+08,0.5,27,1.25E-09,0.363092,2.01E-06,2.92E-06,68.8413,-25.3502,0.00275677,356.56,9038.88,24894.2,2611.17
20,21,1071,7.90E-06,1.00E-06,1.56E-05,7.36E-07,2,2,366518,9.20E+08,0.5,27,6.39E-10,0.535264,7.71E-07,8.77E-07,87.9223,-30.5698,0.00461049,671.326,20522.3,38340.5,3.14E-13
20,22,1072,1.20E-06,3.57E-07,7.95E-06,8.61E-07,2,1,357896,9.20E+08,0.5,27,4.15E-10,0.543299,8.11E-07,1.01E-06,80.2797,-29.9544,0.00360017,622.173,18636.8,34303.1,222.808
20,23,1073,6.89E-06,4.42E-07,2.00E-05,1.00E-06,3,2,160708,9.20E+08,0.5,27,7.46E-10,0.471116,1.35E-06,1.46E-06,92.4412,-28.3632,0.00494263,621.24,17620.3,37401.3,0.00667448
20,24,1074,4.63E-06,1.00E-06,1.16E-05,9.84E-07,2,2,399297,9.20E+08,0.5,27,6.32E-10,0.56274,7.81E-07,9.85E-07,79.3186,-30.0649,0.00534635,636.722,19143,34017.5,322.778
20,25,1075,2.12E-06,5.78E-07,2.00E-05,1.00E-06,3,3,72044,9.20E+08,0.5,27,9.42E-10,0.473079,3.03E-06,3.99E-06,75.8288,-23.9879,0.00704387,511.722,12275.1,25947.3,841.116
20,26,1076,1.03E-05,1.00E-06,2.00E-05,4.69E-07,5,4,10000,9.20E+08,0.5,27,1.34E-09,0.363421,1.26E-05,2.30E-05,54.8773,-16.3909,0.014745,284.491,4663.06,12831,9073.9
20,27,1077,5.00E-07,1.85E-07,2.00E-05,1.00E-06,3,2,379181,9.20E+08,0.5,27,7.40E-10,0.510955,6.69E-07,8.97E-07,74.6204,-30.474,0.00326435,543.885,16574.3,32438,1077.36
20,28,1078,3.77E-06,2.20E-07,1.04E-05,1.00E-06,3,3,197650,9.20E+08,0.5,27,9.22E-10,0.645283,2.08E-06,3.84E-06,54.1185,-24.1568,0.00738877,498.152,12033.8,18648.8,9536.65
20,29,1079,6.59E-06,7.76E-07,2.00E-05,5.55E-07,7,1,160234,9.20E+08,0.5,27,9.32E-10,0.321955,6.07E-07,9.75E-07,62.2888,-30.11,0.00145353,286.07,8613.56,26753.9,5158.22
20,30,1080,5.00E-07,5.99E-07,1.54E-05,8.52E-07,2,3,151653,9.20E+08,0.5,27,8.27E-10,0.520569,1.72E-06,2.53E-06,68.0778,-25.9701,0.0109693,505.534,13128.8,25220,2863.61
20,31,1081,1.22E-06,3.07E-07,1.71E-05,1.00E-06,2,2,286814,9.20E+08,0.5,27,6.35E-10,0.534025,9.77E-07,1.16E-06,84.4987,-29.3691,0.00502233,643.691,18904.6,35400.3,2.51314
20,32,1082,6.27E-06,1.80E-07,1.21E-05,8.91E-07,3,1,500000,9.20E+08,0.5,27,5.24E-10,0.477287,4.43E-07,6.73E-07,65.7856,-31.722,0.00259984,447.895,14208.1,29768.6,3691.95
20,33,1083,5.54E-06,5.13E-07,2.00E-05,1.00E-06,2,1,232337,9.20E+08,0.5,27,4.46E-10,0.246465,2.48E-07,4.88E-07,50.7619,-33.1161,0.00362904,178.467,5910.13,23979.6,11723
20,34,1084,1.62E-05,1.00E-06,1.17E-05,3.16E-07,4,3,236965,9.20E+08,0.5,27,1.04E-09,0.593263,1.47E-06,2.54E-06,57.8598,-25.9539,0.00453579,489.655,12708.5,21421.3,7365.9
20,35,1085,1.32E-06,1.00E-06,1.44E-05,1.00E-06,2,2,490691,9.20E+08,0.5,27,6.31E-10,0.550552,6.00E-07,7.02E-07,85.5225,-31.5366,0.00665226,671.653,21181.6,38473.5,9.58E-13
20,36,1086,1.42E-05,1.80E-07,4.49E-06,1.00E-06,4,1,500000,9.20E+08,0.5,27,6.14E-10,0.463417,4.07E-07,1.19E-06,34.0952,-29.2351,0.00223403,225.389,6589.25,14218.8,25913
20,37,1087,3.97E-06,3.48E-07,2.00E-05,9.09E-07,2,2,418734,9.20E+08,0.5,27,6.39E-10,0.536232,6.78E-07,8.87E-07,76.4072,-30.5206,0.00465872,584.458,17838,33265.5,738.362
20,38,1088,3.74E-06,7.21E-07,1.72E-05,8.70E-07,2,3,500000,9.20E+08,0.5,27,8.35E-10,0.617801,7.47E-07,8.72E-07,85.6779,-30.595,0.0109868,755.064,23101.1,37392.5,4.87E-06
20,39,1089,4.70E-06,4.43E-07,2.00E-05,9.63E-07,2,2,267384,9.20E+08,0.5,27,6.43E-10,0.510709,9.58E-07,1.07E-06,89.2076,-29.689,0.00484439,649.893,19294.7,37780.2,1.04E-14
20,40,1090,5.00E-07,6.96E-07,1.48E-05,1.00E-06,2,4,500000,9.20E+08,0.5,27,1.03E-09,0.648887,7.99E-07,1.16E-06,68.8146,-29.3502,0.0171286,636.965,18695,28811,2619.69
20,41,1091,2.35E-06,6.97E-07,9.07E-06,9.81E-07,2,1,500000,9.20E+08,0.5,27,4.21E-10,0.504874,4.99E-07,5.40E-07,92.3578,-32.6759,0.00291794,665.155,21734.5,43049.4,1.51E-12
20,42,1092,8.49E-06,3.50E-07,1.15E-05,1.00E-06,2,1,481931,9.20E+08,0.5,27,4.29E-10,0.437921,3.84E-07,5.62E-07,68.3932,-32.5039,0.00410852,427.242,13887,31711.3,2757.9
20,43,1093,3.47E-06,1.00E-06,2.00E-05,7.36E-07,2,2,369396,9.20E+08,0.5,27,6.36E-10,0.531236,7.52E-07,8.50E-07,88.3871,-30.7043,0.00481244,669.797,20565.6,38712.8,3.70E-13
20,44,1094,1.30E-05,1.00E-06,2.00E-05,4.93E-07,4,4,369135,9.20E+08,0.5,27,1.25E-09,0.615975,1.02E-06,2.20E-06,46.1444,-26.5675,0.00582184,405.46,10772.1,17487.9,15097.5
20,45,1095,8.54E-06,1.00E-06,2.00E-05,7.64E-07,5,3,156602,9.20E+08,0.5,27,1.15E-09,0.54666,1.88E-06,2.07E-06,90.612,-26.8313,0.00375067,706.592,18958.8,34681.2,0
20,46,1096,1.58E-05,1.00E-06,1.61E-05,2.37E-07,4,2,416891,9.20E+08,0.5,27,8.39E-10,0.533772,6.75E-07,1.08E-06,62.5009,-29.6627,0.00281942,475.892,14116.2,26446.2,5062.07
20,47,1097,5.00E-07,5.62E-07,1.83E-05,1.00E-06,2,4,52170.3,9.20E+08,0.5,27,1.04E-09,0.3238,1.95E-06,4.10E-06,47.5924,-23.8768,0.010474,219.827,5248.77,16209.9,13993.5
20,48,1098,5.00E-07,7.59E-07,9.93E-06,1.00E-06,2,2,500000,9.20E+08,0.5,27,6.21E-10,0.591206,6.74E-07,9.14E-07,73.7473,-30.3927,0.00894813,621.944,18902.6,31972.9,1266.24
20,49,1099,5.00E-07,6.65E-07,1.50E-05,8.67E-07,3,2,337281,9.20E+08,0.5,27,7.27E-10,0.519676,7.68E-07,1.04E-06,73.8899,-29.8318,0.0052338,547.752,16340.4,31443.5,1234.34
21,0,1100,1.67E-06,1.00E-06,8.63E-06,9.65E-07,2,1,472690,9.20E+08,0.5,27,4.20E-10,0.498083,5.12E-07,5.63E-07,90.8458,-32.4931,0.00301808,645.465,20973.2,42107.8,2.94E-05
21,1,1101,1.35E-05,1.00E-06,2.00E-05,1.91E-07,6,2,231404,9.20E+08,0.5,27,1.03E-09,0.532639,1.21E-06,1.76E-06,68.6183,-27.5393,0.00279941,521.361,14357.9,26956.2,2683.61
21,2,1102,5.00E-07,5.99E-07,2.00E-05,7.75E-07,2,4,247296,9.20E+08,0.5,27,1.03E-09,0.597967,1.38E-06,2.03E-06,67.8302,-26.9174,0.0156657,578.584,15574,26044.9,2948.03
21,3,1103,7.08E-06,7.78E-07,1.60E-05,7.73E-07,2,1,253622,9.20E+08,0.5,27,4.36E-10,0.358666,4.88E-07,6.83E-07,71.4982,-31.6583,0.00431225,365.806,11580.8,32288.6,1823.14
21,4,1104,1.57E-05,1.00E-06,1.90E-05,5.43E-07,4,1,96885.4,9.20E+08,0.5,27,6.52E-10,0.109475,1.18E-07,4.98E-07,23.6518,-33.0247,0.00110825,36.9357,1219.79,11142.1,37637.3
21,5,1105,1.50E-05,6.06E-07,9.09E-06,1.00E-06,2,1,500000,9.20E+08,0.5,27,4.36E-10,0.363118,2.50E-07,3.92E-07,63.856,-34.0672,0.00370189,330.762,11268.1,31031.6,4470.83
21,6,1106,7.26E-06,9.53E-07,1.76E-05,5.63E-07,3,2,242681,9.20E+08,0.5,27,7.34E-10,0.538322,1.18E-06,1.39E-06,84.906,-28.5771,0.00390987,651.999,18632.3,34611.7,0.0883964
21,7,1107,8.05E-06,6.83E-07,1.38E-05,8.89E-07,5,4,10000,9.20E+08,0.5,27,1.34E-09,0.241478,5.53E-06,1.57E-05,35.1908,-18.0365,0.0114973,121.22,2186.38,9054.15,24810.1
21,8,1108,7.59E-06,5.08E-07,2.00E-05,8.57E-07,2,1,146884,9.20E+08,0.5,27,4.42E-10,0.202669,2.68E-07,5.61E-07,47.7612,-32.5109,0.00307066,138.08,4489.09,22149.8,13868
21,9,1109,6.30E-06,4.81E-07,1.54E-05,8.14E-07,2,1,154278,9.20E+08,0.5,27,4.31E-10,0.321704,6.47E-07,9.98E-07,64.8072,-30.0082,0.00478055,297.404,8924.54,27741.4,4077.75
21,10,1110,5.00E-07,1.00E-06,1.85E-05,9.50E-07,2,2,280090,9.20E+08,0.5,27,6.36E-10,0.390401,5.18E-07,8.24E-07,62.8423,-30.8402,0.00515215,349.969,10793.1,27646.2,4909.75
21,11,1111,5.05E-06,8.20E-07,1.78E-05,9.06E-07,2,2,10000,9.20E+08,0.5,27,6.40E-10,0.0986962,8.53E-07,4.84E-06,17.6212,-23.1485,0.0120115,24.8086,574.283,5818.69,45400.3
21,12,1112,1.16E-05,9.29E-07,1.92E-05,4.97E-07,4,3,362580,9.20E+08,0.5,27,1.04E-09,0.587177,9.41E-07,1.57E-06,59.844,-28.0357,0.00468859,501.252,14053,23933.1,6328.23
21,13,1113,5.06E-06,1.00E-06,1.22E-05,7.26E-07,2,2,468861,9.20E+08,0.5,27,6.28E-10,0.584936,7.20E-07,9.76E-07,73.7482,-30.1044,0.00603706,615.355,18524.9,31670,1266.04
21,14,1114,3.89E-06,1.00E-06,9.52E-06,8.70E-07,2,2,151653,9.20E+08,0.5,27,6.24E-10,0.548334,1.95E-06,2.43E-06,80.2878,-26.1497,0.00634634,628.002,16422,29949,222.047
21,15,1115,1.56E-05,9.43E-07,2.00E-05,8.43E-07,4,4,182299,9.20E+08,0.5,27,1.26E-09,0.563212,1.72E-06,2.29E-06,74.8555,-26.3935,0.00495624,601.398,15873,28183,1029.1
21,16,1116,4.07E-06,6.54E-07,1.35E-05,1.00E-06,2,2,420125,9.20E+08,0.5,27,6.32E-10,0.563615,7.45E-07,9.58E-07,77.7177,-30.1852,0.00584385,624.839,18860.9,33464.1,530.326
21,17,1117,2.77E-06,6.75E-07,1.77E-05,9.25E-07,2,2,500000,9.20E+08,0.5,27,6.37E-10,0.546742,5.88E-07,7.52E-07,78.161,-31.2358,0.00524329,609.591,19041.1,34826.4,467.719
21,18,1118,3.49E-06,3.73E-07,1.46E-05,7.70E-07,2,2,499648,9.20E+08,0.5,27,6.25E-10,0.59728,7.04E-07,1.15E-06,60.9777,-29.3747,0.00730887,519.535,15261.2,25551.1,5770.72
21,19,1119,7.71E-07,1.80E-07,7.27E-06,9.94E-07,2,1,500000,9.20E+08,0.5,27,4.15E-10,0.56329,6.24E-07,7.88E-07,79.1164,-31.0332,0.00356327,635.718,19728.4,35023.5,346.17
21,20,1120,5.00E-07,5.08E-07,2.00E-05,1.00E-06,3,2,298506,9.20E+08,0.5,27,7.41E-10,0.439803,6.17E-07,8.62E-07,71.5492,-30.6435,0.00340773,448.879,13755.2,31275.8,1809.28
21,21,1121,2.33E-06,1.00E-06,1.63E-05,7.73E-07,2,2,500000,9.20E+08,0.5,27,6.30E-10,0.565736,6.28E-07,7.72E-07,81.2799,-31.1219,0.00635042,655.939,20414.1,36084.1,138.392
21,22,1122,1.41E-06,4.74E-07,1.22E-05,8.90E-07,2,2,422073,9.20E+08,0.5,27,6.23E-10,0.603734,8.47E-07,1.17E-06,72.3704,-29.3169,0.00795274,623.266,18272.2,30265.3,1595.06
21,23,1123,6.89E-06,8.62E-07,2.00E-05,7.45E-07,2,2,267384,9.20E+08,0.5,27,6.42E-10,0.51134,9.62E-07,1.07E-06,89.6213,-29.6923,0.00473952,653.714,19410.3,37959.6,8.66E-15
21,24,1124,5.00E-07,1.92E-07,3.34E-06,1.00E-06,2,1,490710,9.20E+08,0.5,27,4.07E-10,0.644125,8.32E-07,1.20E-06,69.3248,-29.2062,0.00401163,636.979,18603.7,28882.2,2457.12
21,25,1125,9.51E-06,5.78E-07,1.76E-05,1.00E-06,3,3,437178,9.20E+08,0.5,27,9.46E-10,0.578661,7.54E-07,1.27E-06,59.4796,-28.9691,0.00644448,490.974,14223.1,24579.2,6512.93
21,26,1126,5.00E-07,4.25E-07,1.49E-05,1.00E-06,2,1,499648,9.20E+08,0.5,27,4.30E-10,0.384106,2.79E-07,3.84E-07,72.7261,-34.1591,0.00278422,398.481,13611.8,35437.5,1506.59
21,27,1127,2.17E-06,1.80E-07,2.00E-05,1.00E-06,2,1,92937.7,9.20E+08,0.5,27,4.41E-10,0.152824,2.40E-07,7.31E-07,32.8291,-31.3632,0.00374547,71.5678,2244.6,14687.4,27219
21,28,1128,3.30E-06,1.00E-06,9.33E-06,1.00E-06,2,1,500000,9.20E+08,0.5,27,4.25E-10,0.477389,4.44E-07,5.18E-07,85.7003,-32.8594,0.00282351,583.607,19177,40170.6,0.00409008
21,29,1129,4.18E-06,7.76E-07,1.98E-05,1.00E-06,10,3,121215,9.20E+08,0.5,27,1.65E-09,0.525581,2.22E-06,2.74E-06,80.878,-25.6168,0.0021915,606.369,15533.2,29554.4,169.908
21,30,1130,1.10E-05,1.00E-06,2.00E-05,9.49E-07,3,3,151653,9.20E+08,0.5,27,9.60E-10,0.510972,1.69E-06,1.95E-06,86.7932,-27.1063,0.00490089,632.629,17148.2,33560,0
21,31,1131,7.28E-06,8.72E-07,1.76E-05,1.00E-06,2,3,151295,9.20E+08,0.5,27,8.48E-10,0.54016,1.89E-06,2.23E-06,84.9868,-26.5175,0.00718495,654.848,17364.9,32147.8,0.00174468
21,32,1132,1.14E-05,9.29E-07,1.86E-05,6.45E-07,4,3,459970,9.20E+08,0.5,27,1.05E-09,0.580355,7.23E-07,1.12E-06,64.4167,-29.4961,0.00461039,533.284,15729.8,27103.8,4236.72
21,33,1133,9.10E-06,7.21E-07,2.00E-05,4.71E-07,2,2,327351,9.20E+08,0.5,27,6.32E-10,0.545673,8.98E-07,1.30E-06,69.1859,-28.8689,0.00572029,538.538,15547,28491.4,2500.86
21,34,1134,1.03E-05,7.88E-07,1.33E-05,1.00E-06,4,3,10000,9.20E+08,0.5,27,1.04E-09,0.1424,1.88E-06,8.01E-06,23.4515,-20.9626,0.0100689,47.6373,998.604,7012.68,37883.1
21,35,1135,5.99E-06,4.33E-07,5.52E-06,9.51E-07,2,1,500000,9.20E+08,0.5,27,4.16E-10,0.531861,5.54E-07,9.27E-07,59.775,-30.328,0.00333678,453.507,13753.9,25860,6363.02
21,36,1136,2.60E-06,5.18E-07,1.28E-05,1.00E-06,2,1,236965,9.20E+08,0.5,27,4.28E-10,0.399893,6.52E-07,8.62E-07,75.5762,-30.6432,0.0049084,431.117,13210.8,33035.9,888.156
21,37,1137,2.00E-06,7.49E-07,1.63E-05,1.00E-06,2,2,205979,9.20E+08,0.5,27,6.36E-10,0.501584,1.20E-06,1.36E-06,88.1788,-28.6791,0.00533682,630.919,18094.2,36074.2,0
21,38,1138,1.06E-05,1.00E-06,2.00E-05,8.70E-07,2,3,500000,9.20E+08,0.5,27,8.56E-10,0.558521,6.15E-07,9.20E-07,66.8271,-30.3604,0.0066028,532.426,16164.7,28941.9,3302.53
21,39,1139,5.00E-07,3.48E-07,1.31E-05,7.36E-07,2,1,267384,9.20E+08,0.5,27,4.20E-10,0.422952,6.48E-07,8.52E-07,76.0134,-30.6937,0.00326342,458.614,14076.6,33281.8,807.63
21,40,1140,5.00E-07,4.49E-07,8.97E-06,9.84E-07,2,1,500000,9.20E+08,0.5,27,4.18E-10,0.50318,4.92E-07,5.32E-07,92.4673,-32.7407,0.00306103,663.709,21730.3,43185.9,1.55E-12
21,41,1141,2.94E-06,4.26E-07,1.91E-05,1.00E-06,2,3,86750.9,9.20E+08,0.5,27,8.41E-10,0.526243,3.12E-06,3.68E-06,84.7397,-24.3361,0.00872276,636.12,15480.7,29417.4,0.677743
21,42,1142,1.44E-06,1.00E-06,1.35E-05,9.14E-07,2,2,408577,9.20E+08,0.5,27,6.27E-10,0.563657,7.58E-07,8.77E-07,86.4898,-30.571,0.00699121,695.418,21259.6,37717.3,3.50E-13
21,43,1143,7.12E-06,1.00E-06,2.00E-05,7.40E-07,2,3,145649,9.20E+08,0.5,27,8.44E-10,0.554132,2.08E-06,2.50E-06,83.076,-26.0235,0.00744498,656.682,17089.1,30839.5,37.0169
21,44,1144,7.09E-06,1.00E-06,1.53E-05,7.31E-07,5,1,385817,9.20E+08,0.5,27,7.37E-10,0.397453,3.85E-07,5.52E-07,69.7607,-32.5768,0.00181609,395.515,12884.6,32417.9,2322.45
21,45,1145,8.54E-06,4.26E-07,1.26E-05,9.47E-07,4,3,473989,9.20E+08,0.5,27,1.03E-09,0.626019,8.14E-07,2.02E-06,40.3024,-26.9475,0.00633825,359.902,9698.45,15492.3,19978.8
21,46,1146,3.10E-06,1.00E-06,1.63E-05,1.00E-06,2,1,416487,9.20E+08,0.5,27,4.39E-10,0.37163,3.15E-07,3.61E-07,87.2535,-34.427,0.00421742,462.552,15924.3,42849.7,0.13183
21,47,1147,1.09E-05,9.21E-07,1.37E-05,3.73E-07,2,2,500000,9.20E+08,0.5,27,6.30E-10,0.570788,6.44E-07,8.78E-07,73.2931,-30.563,0.00553979,596.766,18239,31954,1370.52
21,48,1148,2.74E-06,9.62E-07,9.93E-06,9.21E-07,2,1,317665,9.20E+08,0.5,27,4.24E-10,0.456994,6.40E-07,6.77E-07,94.539,-31.6949,0.00350409,616.294,19533.3,42743.1,0.0147961
21,49,1149,1.35E-06,2.30E-07,2.00E-05,1.00E-06,2,3,460633,9.20E+08,0.5,27,8.41E-10,0.603765,7.73E-07,1.03E-06,74.7382,-29.8532,0.0108142,643.69,19216.2,31827.3,1053.04
22,0,1150,2.66E-06,5.77E-07,1.62E-05,8.10E-07,2,2,400866,9.20E+08,0.5,27,6.29E-10,0.570927,8.01E-07,9.89E-07,80.9481,-30.0475,0.00658132,659.255,19809,34696.1,164.182
22,1,1151,5.00E-07,3.89E-07,1.17E-05,1.00E-06,2,1,346053,9.20E+08,0.5,27,4.24E-10,0.417766,4.85E-07,5.78E-07,83.9119,-32.3817,0.00305237,500.061,16192.8,38760.5,11.8939
22,2,1152,5.80E-06,1.00E-06,1.72E-05,7.67E-07,5,2,422773,9.20E+08,0.5,27,9.38E-10,0.538179,6.73E-07,8.34E-07,80.6254,-30.7877,0.00233033,618.963,19056.5,35409.2,191.371
22,3,1153,1.31E-06,5.99E-07,1.67E-05,8.95E-07,3,3,402038,9.20E+08,0.5,27,9.32E-10,0.616739,9.21E-07,1.32E-06,69.6158,-28.7827,0.00893956,612.457,17628.1,28582.8,2366.75
22,4,1154,5.00E-07,5.17E-07,1.20E-05,9.53E-07,2,1,500000,9.20E+08,0.5,27,4.23E-10,0.4413,3.73E-07,4.39E-07,84.9917,-33.5776,0.00261214,535.028,17965,40709.2,0.0282513
22,5,1155,1.59E-06,4.49E-07,1.21E-05,9.52E-07,2,1,500000,9.20E+08,0.5,27,4.24E-10,0.479622,4.48E-07,5.51E-07,81.3387,-32.586,0.00271453,556.497,18134,37809,134.055
22,6,1156,5.25E-06,5.48E-07,1.45E-05,8.79E-07,8,2,241262,9.20E+08,0.5,27,1.23E-09,0.548693,1.22E-06,1.58E-06,77.2331,-28.0191,0.00203877,604.504,16937.7,30869.2,603.243
22,7,1157,1.71E-05,9.10E-07,1.53E-05,1.00E-06,4,3,46823.9,9.20E+08,0.5,27,1.06E-09,0.345357,2.46E-06,3.85E-06,64.0555,-24.1508,0.00689862,315.566,7621.17,22067.5,4386.92
22,8,1158,1.25E-05,8.62E-07,2.00E-05,5.80E-07,4,2,54563.2,9.20E+08,0.5,27,8.45E-10,0.388901,2.70E-06,3.76E-06,71.8637,-24.2505,0.00526927,398.671,9667.97,24859.7,1725.71
22,9,1159,1.44E-06,6.43E-07,1.91E-05,8.79E-07,2,1,480022,9.20E+08,0.5,27,4.35E-10,0.364141,2.61E-07,3.79E-07,68.9546,-34.2145,0.00344443,358.178,12254.9,33654.3,2574.68
22,10,1160,8.26E-06,1.00E-06,2.00E-05,5.52E-07,2,3,460445,9.20E+08,0.5,27,8.39E-10,0.59794,7.66E-07,1.21E-06,63.4159,-29.1772,0.00814183,540.906,15782.1,26394.2,4658.74
22,11,1161,2.33E-06,8.99E-07,2.00E-05,1.00E-06,3,1,462279,9.20E+08,0.5,27,5.44E-10,0.323585,2.08E-07,3.35E-07,62.1076,-34.7473,0.00290262,286.681,9961.39,30784.5,5240.89
22,12,1162,4.02E-06,1.00E-06,1.77E-05,7.62E-07,2,2,271066,9.20E+08,0.5,27,6.35E-10,0.531075,1.02E-06,1.18E-06,87.1527,-29.2992,0.00512383,660.242,19344.6,36425.3,0
22,13,1163,7.61E-06,1.00E-06,1.52E-05,6.15E-07,7,3,106967,9.20E+08,0.5,27,1.33E-09,0.576197,3.06E-06,3.74E-06,81.898,-24.277,0.00333553,673.147,16342,28361.8,96.2255
22,14,1164,5.96E-06,9.04E-07,1.14E-05,8.70E-07,3,3,489861,9.20E+08,0.5,27,9.31E-10,0.635212,8.10E-07,1.38E-06,58.7991,-28.6098,0.00763083,532.789,15243,23996.7,6864.86
22,15,1165,1.56E-06,8.82E-07,1.22E-05,1.00E-06,2,2,500000,9.20E+08,0.5,27,6.27E-10,0.581144,6.60E-07,8.50E-07,77.5946,-30.706,0.0074838,643.253,19751.7,33987.7,548.395
22,16,1166,5.00E-07,4.98E-07,2.00E-05,1.00E-06,2,1,451509,9.20E+08,0.5,27,4.40E-10,0.243749,1.22E-07,1.84E-07,66.5192,-37.3569,0.00329473,231.29,8640.26,35447.4,3432.59
22,17,1167,6.41E-06,1.00E-06,2.00E-05,5.78E-07,2,3,371971,9.20E+08,0.5,27,8.36E-10,0.603278,9.64E-07,1.35E-06,71.6083,-28.7072,0.00874614,616.236,17690.4,29323.8,1793.38
22,18,1168,3.91E-06,9.29E-07,2.00E-05,9.49E-07,5,2,250040,9.20E+08,0.5,27,9.45E-10,0.488009,9.26E-07,1.08E-06,85.3957,-29.6494,0.00244605,594.47,17625.7,36117.5,0.00115029
22,19,1169,4.85E-06,6.77E-07,1.31E-05,7.78E-07,2,2,295523,9.20E+08,0.5,27,6.27E-10,0.576099,1.11E-06,1.43E-06,77.7025,-28.4535,0.00583083,638.554,18169.1,31538.2,532.537
22,20,1170,1.06E-05,1.00E-06,2.00E-05,8.16E-07,2,4,10000,9.20E+08,0.5,27,1.05E-09,0.238626,5.14E-06,1.33E-05,38.5152,-18.7478,0.0225763,131.104,2457.92,10300.3,21608.9
22,21,1171,5.00E-07,9.50E-07,2.00E-05,8.45E-07,2,3,366518,9.20E+08,0.5,27,8.35E-10,0.534963,7.39E-07,9.79E-07,75.5142,-30.094,0.0113058,576.26,17342,32417.1,899.805
22,22,1172,6.78E-06,5.79E-07,1.22E-05,1.00E-06,3,3,500000,9.20E+08,0.5,27,9.32E-10,0.627681,7.74E-07,1.44E-06,53.7169,-28.4129,0.00804179,480.968,13665.7,21771.7,9786.35
22,23,1173,7.12E-06,9.03E-07,1.62E-05,6.80E-07,2,1,489392,9.20E+08,0.5,27,4.35E-10,0.419499,3.48E-07,4.52E-07,76.976,-33.444,0.00353356,460.63,15405.3,36723.2,643.897
22,24,1174,5.00E-07,1.00E-06,9.36E-06,1.00E-06,2,1,186466,9.20E+08,0.5,27,4.20E-10,0.281945,4.10E-07,8.27E-07,49.525,-30.8226,0.00342941,199.184,6139.37,21775.1,12585.1
22,25,1175,2.12E-06,9.29E-07,2.00E-05,9.03E-07,2,1,411422,9.20E+08,0.5,27,4.40E-10,0.323992,2.40E-07,3.45E-07,69.5334,-34.6203,0.00380782,321.361,11125.6,34339.2,2392.42
22,26,1176,3.97E-06,8.06E-07,1.15E-05,1.00E-06,7,2,500000,9.20E+08,0.5,27,1.13E-09,0.578591,6.52E-07,1.02E-06,63.7518,-29.8992,0.00232017,526.175,15732.2,27190.5,4514.84
22,27,1177,5.15E-06,8.46E-07,8.60E-06,7.70E-07,2,1,435231,9.20E+08,0.5,27,4.22E-10,0.496108,5.55E-07,7.10E-07,78.089,-31.4867,0.00285433,552.627,17400.4,35073.8,477.617
22,28,1178,5.00E-07,3.28E-07,1.26E-05,7.46E-07,2,1,283918,9.20E+08,0.5,27,4.19E-10,0.443844,6.73E-07,8.73E-07,77.1414,-30.5901,0.00330728,488.41,14940.5,33661.7,617.595
22,29,1179,1.47E-06,7.76E-07,1.98E-05,7.98E-07,3,1,500000,9.20E+08,0.5,27,5.34E-10,0.365119,2.49E-07,3.47E-07,71.7111,-34.6009,0.00236211,373.497,12923.3,35394.9,1766.09
22,30,1180,5.00E-07,6.86E-07,1.39E-05,6.78E-07,2,1,408577,9.20E+08,0.5,27,4.20E-10,0.413738,4.01E-07,6.31E-07,63.4679,-31.998,0.00284461,374.581,11985.8,28969.6,4636.38
22,31,1181,1.13E-05,7.37E-07,1.56E-05,6.44E-07,4,2,283047,9.20E+08,0.5,27,8.37E-10,0.530152,9.79E-07,1.23E-06,79.5019,-29.0976,0.00295844,601.235,17494.5,32999,302.294
22,32,1182,5.49E-06,1.00E-06,1.78E-05,7.21E-07,3,1,418570,9.20E+08,0.5,27,5.37E-10,0.39524,3.56E-07,4.80E-07,74.2432,-33.1866,0.00276373,418.584,13891.4,35146.8,1157.18
22,33,1183,1.41E-06,1.80E-07,1.26E-05,1.00E-06,2,3,382518,9.20E+08,0.5,27,8.26E-10,0.660326,1.11E-06,1.66E-06,67.2011,-27.8055,0.0128989,632.996,17600.8,26654.7,3168.01
22,34,1184,5.00E-07,7.19E-07,1.73E-05,1.00E-06,2,2,500000,9.20E+08,0.5,27,6.35E-10,0.500801,4.79E-07,6.81E-07,70.3077,-31.6657,0.0059248,502.267,15904.6,31758.3,2158.64
22,35,1185,2.46E-06,1.80E-07,6.96E-06,9.14E-07,2,1,116468,9.20E+08,0.5,27,4.14E-10,0.459108,1.76E-06,2.49E-06,70.8755,-26.0438,0.00662337,464.171,12088.8,26331,1995.02
22,36,1186,2.60E-06,8.54E-07,8.61E-06,1.00E-06,2,2,323345,9.20E+08,0.5,27,6.22E-10,0.600349,1.10E-06,1.51E-06,72.8254,-28.2213,0.00661098,623.667,17600.7,29317.4,1482.21
22,37,1187,5.00E-07,4.28E-07,1.97E-05,8.69E-07,2,1,336619,9.20E+08,0.5,27,4.35E-10,0.253179,1.80E-07,2.74E-07,65.5331,-35.6152,0.00320796,236.676,8429.27,33293.8,3791.22
22,38,1188,1.19E-05,7.87E-07,1.72E-05,1.00E-06,9,5,218275,9.20E+08,0.5,27,1.95E-09,0.621023,1.74E-06,2.80E-06,61.9778,-25.5272,0.00408671,549.048,14015.6,22568.6,5300.23
22,39,1189,1.22E-06,6.00E-07,1.62E-05,7.78E-07,2,1,267384,9.20E+08,0.5,27,4.27E-10,0.361682,4.70E-07,7.07E-07,66.508,-31.5048,0.00344082,343.137,10810.5,29889.4,3419.7
22,40,1190,1.91E-05,1.00E-06,8.97E-06,1.00E-06,6,1,280324,9.20E+08,0.5,27,8.56E-10,0.155745,7.69E-08,2.67E-07,28.7558,-35.7269,0.000910058,63.8863,2282.46,14655.1,31636.6
22,41,1191,5.00E-07,5.17E-07,1.43E-05,1.00E-06,2,3,344462,9.20E+08,0.5,27,8.29E-10,0.602001,1.01E-06,1.37E-06,73.5658,-28.6189,0.0125821,631.742,18079.8,30032.8,1307.41
22,42,1192,1.25E-05,1.00E-06,2.00E-05,7.82E-07,2,4,276573,9.20E+08,0.5,27,1.06E-09,0.591506,1.25E-06,1.56E-06,80.0128,-28.0786,0.00943426,675.127,18956.6,32048.1,248.717
22,43,1193,5.68E-06,1.00E-06,1.58E-05,7.36E-07,2,2,338859,9.20E+08,0.5,27,6.35E-10,0.546232,8.69E-07,1.15E-06,75.2759,-29.3776,0.00490395,586.542,17231.2,31545.5,945.581
22,44,1194,5.00E-07,5.72E-07,9.57E-06,1.00E-06,2,1,500000,9.20E+08,0.5,27,4.20E-10,0.476281,4.38E-07,5.28E-07,82.9148,-32.7735,0.0029036,563.328,18462.2,38763.4,43.4854
22,45,1195,4.08E-06,6.90E-07,2.00E-05,8.16E-07,2,3,141092,9.20E+08,0.5,27,8.38E-10,0.566432,2.24E-06,2.78E-06,80.6831,-25.5664,0.00820988,651.923,16667.3,29425.1,186.359
22,46,1196,5.16E-06,7.03E-07,1.14E-05,1.00E-06,2,2,500000,9.20E+08,0.5,27,6.30E-10,0.577331,6.57E-07,9.29E-07,70.7286,-30.3217,0.00588412,582.487,17662,30592.5,2036.74
22,47,1197,5.03E-06,1.00E-06,1.37E-05,1.00E-06,2,2,280785,9.20E+08,0.5,27,6.38E-10,0.527456,9.74E-07,1.11E-06,87.7735,-29.5481,0.00479981,660.413,19514,36996.4,4.06E-15
22,48,1198,5.00E-07,2.33E-07,3.31E-06,1.00E-06,2,1,488466,9.20E+08,0.5,27,4.07E-10,0.641109,8.28E-07,1.17E-06,70.6621,-29.3109,0.00392294,646.226,18941.5,29544.8,2055.76
22,49,1199,4.79E-06,5.24E-07,1.65E-05,6.82E-07,6,2,460633,9.20E+08,0.5,27,1.03E-09,0.577149,7.13E-07,1.23E-06,58.0399,-29.107,0.00255681,477.838,13908.4,24098.5,7268.5
23,0,1200,1.27E-05,1.00E-06,2.00E-05,6.95E-07,2,3,310268,9.20E+08,0.5,27,8.53E-10,0.554563,9.80E-07,1.51E-06,64.7898,-28.2047,0.00597429,512.535,14455.9,26067.2,4084.53
23,1,1201,8.83E-06,9.73E-07,1.67E-05,9.53E-07,2,3,88013.9,9.20E+08,0.5,27,8.49E-10,0.49984,2.77E-06,3.43E-06,80.7449,-24.6468,0.00837501,575.722,14189.7,28388.4,181.059
23,2,1202,5.00E-07,1.00E-06,2.00E-05,5.58E-07,2,2,499648,9.20E+08,0.5,27,6.23E-10,0.522104,5.21E-07,7.72E-07,67.4962,-31.1254,0.00689376,502.693,15646.5,29968.2,3063.83
23,3,1203,7.88E-06,4.80E-07,1.12E-05,9.78E-07,2,1,333597,9.20E+08,0.5,27,4.29E-10,0.413698,4.95E-07,6.64E-07,74.5354,-31.7784,0.00451551,439.857,13977.9,33787.8,1095.15
23,4,1204,2.14E-06,7.40E-07,1.79E-05,8.94E-07,2,2,405742,9.20E+08,0.5,27,6.35E-10,0.539531,7.05E-07,9.33E-07,75.4862,-30.2994,0.00502119,580.965,17602.9,32626.3,905.132
23,5,1205,1.17E-05,6.99E-07,2.00E-05,8.60E-07,2,3,410255,9.20E+08,0.5,27,8.51E-10,0.563325,7.64E-07,1.26E-06,60.8373,-29.0135,0.00674782,488.872,14183.9,25178.9,5838.35
23,6,1206,5.00E-07,8.06E-07,8.76E-06,1.00E-06,2,1,500000,9.20E+08,0.5,27,4.18E-10,0.472332,4.29E-07,5.52E-07,77.7033,-32.5773,0.00294519,523.544,17055.6,36109.4,532.428
23,7,1207,5.00E-07,1.80E-07,1.38E-05,1.00E-06,2,1,500000,9.20E+08,0.5,27,4.28E-10,0.442246,3.77E-07,4.62E-07,81.4909,-33.3521,0.00276513,514.09,17146,38770.2,123.168
23,8,1208,5.00E-07,1.00E-06,9.75E-06,1.00E-06,5,1,449247,9.20E+08,0.5,27,7.20E-10,0.417087,3.53E-07,5.46E-07,64.5458,-32.6256,0.00138172,384.026,12529.1,30039.5,4183.81
23,9,1209,8.08E-06,9.45E-07,1.80E-05,7.58E-07,4,3,50271.2,9.20E+08,0.5,27,1.04E-09,0.478525,4.45E-06,5.86E-06,76.0516,-22.3231,0.00640859,519.133,11588.7,24217.5,800.749
23,10,1210,1.63E-06,1.85E-07,9.14E-06,9.78E-07,2,1,500000,9.20E+08,0.5,27,4.18E-10,0.533469,5.59E-07,6.49E-07,86.0863,-31.876,0.00348087,655.102,20882,39143.9,1.17E-12
23,11,1211,6.84E-06,1.00E-06,2.00E-05,7.73E-07,2,3,433431,9.20E+08,0.5,27,8.45E-10,0.583959,7.74E-07,9.34E-07,82.8629,-30.2963,0.00834066,690.254,20912.1,35810.9,45.6711
23,12,1212,4.18E-06,1.00E-06,2.00E-05,1.00E-06,2,4,120968,9.20E+08,0.5,27,1.05E-09,0.566765,2.61E-06,3.17E-06,82.1016,-24.9853,0.00907569,663.775,16584.6,29261.9,84.0092
23,13,1213,2.21E-06,7.37E-07,1.71E-05,9.25E-07,7,1,373897,9.20E+08,0.5,27,9.35E-10,0.377704,3.45E-07,4.97E-07,69.3023,-33.0336,0.00141461,373.392,12334.5,32656.5,2464.3
23,14,1214,5.00E-06,7.19E-07,2.00E-05,7.84E-07,2,3,388675,9.20E+08,0.5,27,8.39E-10,0.599561,9.09E-07,1.02E-06,88.8254,-29.9018,0.00963985,759.69,22716.1,37887.9,5.02E-14
23,15,1215,1.18E-05,1.00E-06,2.00E-05,1.00E-06,9,2,10000,9.20E+08,0.5,27,1.36E-09,0.0535305,2.69E-07,2.36E-06,11.4285,-26.2768,0.00266995,8.72683,229.313,4283.79,54129.2
23,16,1216,2.55E-06,4.62E-07,2.00E-05,8.45E-07,2,3,121215,9.20E+08,0.5,27,8.36E-10,0.564992,2.59E-06,3.19E-06,81.0918,-24.9583,0.00888915,653.56,16311.7,28870.7,152.742
23,17,1217,1.06E-05,1.00E-06,2.00E-05,7.28E-07,3,2,31233.5,9.20E+08,0.5,27,7.50E-10,0.240297,1.77E-06,3.81E-06,46.5575,-24.196,0.00732892,159.589,3861.43,16069.4,14778.8
23,18,1218,5.00E-07,6.68E-07,1.20E-05,1.00E-06,2,2,320418,9.20E+08,0.5,27,6.25E-10,0.534475,8.61E-07,1.17E-06,73.7342,-29.3272,0.00722726,562.163,16486.7,30846.5,1269.19
23,19,1219,1.05E-05,1.00E-06,2.00E-05,5.56E-07,2,4,174412,9.20E+08,0.5,27,1.04E-09,0.612623,2.12E-06,2.81E-06,75.4308,-25.512,0.0106085,659.186,16817.1,27451,915.697
23,20,1220,1.67E-06,1.00E-06,8.93E-06,1.00E-06,2,1,374223,9.20E+08,0.5,27,4.21E-10,0.471084,5.76E-07,6.60E-07,87.3277,-31.8044,0.00309328,586.836,18663.9,39619.1,0.00668905
23,21,1221,1.75E-05,7.21E-07,2.00E-05,2.51E-07,5,2,272940,9.20E+08,0.5,27,9.35E-10,0.523435,9.92E-07,1.50E-06,66.0151,-28.2313,0.00273433,492.916,13915.6,26585.2,3604.27
23,22,1222,8.21E-06,5.38E-07,1.31E-05,1.00E-06,2,2,189588,9.20E+08,0.5,27,6.35E-10,0.516283,1.38E-06,1.75E-06,78.9199,-27.578,0.00563385,581.22,16028.9,31046.7,369.681
23,23,1223,5.00E-07,1.80E-07,1.42E-05,1.00E-06,2,1,500000,9.20E+08,0.5,27,4.29E-10,0.434969,3.64E-07,4.08E-07,89.2472,-33.8987,0.00279406,553.757,18771.6,43156.2,0.0338325
23,24,1224,5.00E-07,6.36E-07,9.36E-06,9.31E-07,2,1,364504,9.20E+08,0.5,27,4.18E-10,0.454859,5.48E-07,7.26E-07,75.4887,-31.3899,0.00309663,489.807,15375,33801.7,904.669
23,25,1225,9.43E-06,1.00E-06,1.99E-05,1.00E-06,2,1,500000,9.20E+08,0.5,27,4.59E-10,0.26375,1.28E-07,2.58E-07,49.4868,-35.877,0.0032521,186.187,6679.82,25326.3,12614.6
23,26,1226,5.00E-07,6.77E-07,3.37E-06,1.00E-06,2,1,500000,9.20E+08,0.5,27,4.07E-10,0.611423,7.32E-07,9.56E-07,76.5952,-30.1975,0.00376974,668.051,20173.4,32994.2,706.409
23,27,1227,3.42E-06,1.80E-07,2.03E-06,1.00E-06,2,1,500000,9.20E+08,0.5,27,4.05E-10,0.61766,7.45E-07,2.46E-06,30.2371,-26.0839,0.00461415,266.413,6949.1,11250.7,29989.7
23,28,1228,4.51E-06,9.71E-07,2.00E-05,1.00E-06,2,3,196726,9.20E+08,0.5,27,8.49E-10,0.544613,1.48E-06,1.67E-06,88.6317,-27.7629,0.00672293,688.562,19116.5,35101.1,0
23,29,1229,4.18E-06,7.76E-07,9.29E-06,1.00E-06,2,1,500000,9.20E+08,0.5,27,4.25E-10,0.480161,4.49E-07,5.29E-07,84.887,-32.7628,0.00296941,581.426,19049.1,39672.4,0.130868
23,30,1230,5.54E-06,7.74E-07,1.94E-05,1.00E-06,2,2,272182,9.20E+08,0.5,27,6.47E-10,0.493316,8.76E-07,9.52E-07,92.0154,-30.2155,0.00461737,647.519,19565.1,39660.3,0.000357384
23,31,1231,5.00E-07,1.00E-06,1.72E-05,1.00E-06,5,1,446606,9.20E+08,0.5,27,7.35E-10,0.239519,1.12E-07,2.18E-07,51.1855,-36.6178,0.00264158,174.885,6403.92,26736.6,11442.6
23,32,1232,5.00E-07,5.31E-07,8.48E-06,9.65E-07,2,1,500000,9.20E+08,0.5,27,4.17E-10,0.50784,5.01E-07,6.10E-07,82.1465,-32.148,0.00316751,595.089,19130.9,37671.1,81.4264
23,33,1233,5.00E-07,6.10E-07,1.48E-05,7.73E-07,2,3,500000,9.20E+08,0.5,27,8.23E-10,0.637465,7.81E-07,1.06E-06,73.8339,-29.7549,0.0129891,671.396,19977.3,31338.7,1246.82
23,34,1234,6.73E-06,5.60E-07,1.40E-05,1.00E-06,2,2,256157,9.20E+08,0.5,27,6.35E-10,0.532439,1.09E-06,1.41E-06,77.4113,-28.5204,0.00508078,587.951,16768.6,31493.9,575.88
23,35,1235,1.49E-06,4.78E-07,1.34E-05,1.00E-06,2,1,116468,9.20E+08,0.5,27,4.28E-10,0.261364,5.62E-07,1.08E-06,52.1764,-29.6745,0.00554294,194.53,5772.58,22086.3,10774.4
23,36,1236,1.42E-05,2.47E-07,1.56E-05,7.30E-07,3,3,395893,9.20E+08,0.5,27,9.30E-10,0.6105,9.28E-07,3.28E-06,28.2535,-24.8353,0.00857876,246.05,6110.74,10009.4,32201.7
23,37,1237,9.81E-06,1.00E-06,1.97E-05,7.36E-07,2,3,268593,9.20E+08,0.5,27,8.49E-10,0.562661,1.16E-06,1.58E-06,73.6604,-28.0104,0.00628641,591.218,16560.2,29432,1285.86
23,38,1238,9.73E-06,1.00E-06,1.97E-05,7.12E-07,2,2,500000,9.20E+08,0.5,27,6.47E-10,0.512077,5.17E-07,7.73E-07,66.7872,-31.1157,0.00387067,487.859,15180.1,29644.1,3317.07
23,39,1239,7.34E-06,2.42E-07,1.40E-05,1.00E-06,2,3,352802,9.20E+08,0.5,27,8.31E-10,0.620998,1.07E-06,2.83E-06,37.9295,-25.4777,0.0107868,335.996,8560.41,13784.9,22156.3
23,40,1240,5.06E-06,2.46E-07,8.97E-06,7.26E-07,2,1,426948,9.20E+08,0.5,27,4.16E-10,0.534908,6.59E-07,1.07E-06,61.6717,-29.7096,0.00408518,470.577,13980.7,26136.6,5442.11
23,41,1241,1.88E-06,4.75E-07,1.52E-05,8.16E-07,2,3,86750.9,9.20E+08,0.5,27,8.27E-10,0.572076,3.70E-06,4.59E-06,80.5587,-23.3837,0.0107944,657.405,15372.5,26871.5,197.251
23,42,1242,1.44E-06,7.96E-07,9.29E-06,8.35E-07,2,1,471913,9.20E+08,0.5,27,4.18E-10,0.515149,5.50E-07,6.59E-07,83.5209,-31.8121,0.0031891,613.754,19524.8,37901.3,21.8767
23,43,1243,5.03E-06,1.00E-06,1.34E-05,1.00E-06,2,2,310844,9.20E+08,0.5,27,6.37E-10,0.534319,9.03E-07,1.00E-06,90.1043,-29.9886,0.00493073,686.772,20595.3,38545,5.60E-14
23,44,1244,6.99E-06,1.00E-06,2.00E-05,1.00E-06,2,1,500000,9.20E+08,0.5,27,4.54E-10,0.303662,1.71E-07,2.87E-07,59.4295,-35.4207,0.00372899,257.43,9118.35,30027.9,6539.34
23,45,1245,5.00E-07,3.76E-07,1.46E-05,1.00E-06,2,2,156602,9.20E+08,0.5,27,6.30E-10,0.461002,1.32E-06,1.75E-06,75.4767,-27.575,0.00587957,496.343,13686.6,29688.9,906.94
23,46,1246,5.52E-06,1.00E-06,1.37E-05,1.00E-06,2,1,310844,9.20E+08,0.5,27,4.39E-10,0.357034,3.91E-07,5.62E-07,69.5981,-32.5034,0.00465399,354.465,11521.3,32269.5,2372.35
23,47,1247,5.00E-07,6.19E-07,2.00E-05,1.00E-06,2,4,495382,9.20E+08,0.5,27,1.04E-09,0.613993,7.21E-07,1.08E-06,66.4554,-29.6469,0.0162217,582.05,17256,28104.5,3439.02
23,48,1248,1.58E-06,9.16E-07,1.75E-05,7.73E-07,3,1,500000,9.20E+08,0.5,27,5.30E-10,0.401164,3.03E-07,4.13E-07,73.465,-33.8401,0.00230058,420.406,14226.6,35463.2,1330.63
23,49,1249,6.12E-06,1.00E-06,1.50E-05,6.14E-07,3,2,254155,9.20E+08,0.5,27,7.31E-10,0.553906,1.19E-06,1.55E-06,76.8836,-28.0993,0.00425231,607.485,17069.9,30817.3,658.764
24,0,1250,5.00E-07,6.86E-07,2.00E-05,9.00E-07,2,1,327815,9.20E+08,0.5,27,4.37E-10,0.202207,1.18E-07,2.42E-07,48.5487,-36.1594,0.00314611,140.036,5063.62,25041.8,13291.7
24,1,1251,3.92E-06,3.89E-07,1.97E-05,8.17E-07,2,2,149798,9.20E+08,0.5,27,6.35E-10,0.512639,1.72E-06,1.91E-06,90.1357,-27.1871,0.00603218,659.136,17920,34956.4,0
24,2,1252,6.33E-06,5.99E-07,2.00E-05,9.26E-07,2,3,269686,9.20E+08,0.5,27,8.45E-10,0.574302,1.21E-06,1.58E-06,76.4236,-28.0212,0.00768329,626.086,17543.7,30547.8,735.547
24,3,1253,6.71E-06,1.00E-06,1.70E-05,9.78E-07,2,3,68493.8,9.20E+08,0.5,27,8.47E-10,0.476568,3.22E-06,4.13E-06,78.0613,-23.8442,0.00972059,530.673,12653.5,26551.2,481.458
24,4,1254,7.79E-06,7.22E-07,1.54E-05,9.06E-07,2,2,80299.3,9.20E+08,0.5,27,6.39E-10,0.43022,2.24E-06,2.71E-06,82.4745,-25.6681,0.00882851,506.147,12991.9,30198.2,63.8193
24,5,1255,5.15E-06,1.00E-06,1.76E-05,8.48E-07,2,3,347940,9.20E+08,0.5,27,8.40E-10,0.594335,9.97E-07,9.94E-07,98.564,-30.025,0.00915066,849.729,25513.1,42927.2,273.175
24,6,1256,3.77E-06,4.80E-07,1.03E-05,8.35E-07,5,1,500000,9.20E+08,0.5,27,7.21E-10,0.506802,4.98E-07,6.69E-07,74.4882,-31.7488,0.00137267,538.508,17097,33735,1104.97
24,7,1257,8.06E-06,1.00E-06,2.00E-05,8.41E-07,2,3,42371.4,9.20E+08,0.5,27,8.50E-10,0.424544,4.10E-06,5.32E-06,77.1064,-22.7437,0.012237,466.959,10620.4,25016,623.131
24,8,1258,7.45E-06,1.00E-06,1.94E-05,8.58E-07,3,3,500000,9.20E+08,0.5,27,9.48E-10,0.577085,6.56E-07,1.03E-06,63.4671,-29.859,0.00618379,522.462,15600.2,27032.8,4636.66
24,9,1259,8.58E-06,1.00E-06,8.43E-06,7.36E-07,2,2,500000,9.20E+08,0.5,27,6.30E-10,0.580938,6.67E-07,8.79E-07,75.9193,-30.5605,0.00465663,629.141,19226.9,33096.3,824.594
24,10,1260,1.49E-06,1.00E-06,1.98E-05,1.00E-06,2,1,238242,9.20E+08,0.5,27,4.43E-10,0.194325,1.49E-07,3.97E-07,37.6555,-34.0144,0.00398434,104.381,3550.46,18270.8,22415.8
24,11,1261,5.00E-07,6.54E-07,9.45E-06,1.00E-06,2,1,500000,9.20E+08,0.5,27,4.20E-10,0.471286,4.28E-07,5.20E-07,82.2603,-32.8386,0.00276325,553.02,18160.4,38533.7,75.0657
24,12,1262,5.34E-06,9.54E-07,1.58E-05,1.00E-06,2,2,271066,9.20E+08,0.5,27,6.42E-10,0.510857,9.45E-07,9.69E-07,97.49,-30.1358,0.00466251,710.437,21409.6,41909.2,62.0003
24,13,1263,5.00E-07,9.96E-07,9.75E-06,8.90E-07,2,2,500000,9.20E+08,0.5,27,6.18E-10,0.591652,6.73E-07,9.79E-07,68.7297,-30.094,0.00903141,580.066,17456.5,29504.6,2647.24
24,14,1264,5.00E-07,8.43E-07,5.95E-06,1.00E-06,2,1,500000,9.20E+08,0.5,27,4.13E-10,0.53466,5.55E-07,7.25E-07,76.6002,-31.3988,0.00364396,584.216,18343.7,34309.1,705.562
24,15,1265,5.02E-06,3.71E-07,1.58E-05,1.00E-06,2,3,182299,9.20E+08,0.5,27,8.35E-10,0.592175,1.90E-06,2.68E-06,70.7084,-25.713,0.00841891,597.292,15358.2,25935.2,2042.5
24,16,1266,1.03E-05,1.00E-06,1.94E-05,7.05E-07,2,3,225018,9.20E+08,0.5,27,8.48E-10,0.560681,1.38E-06,1.83E-06,75.5154,-27.3836,0.00659037,603.973,16539,29498,899.58
24,17,1267,8.07E-06,6.83E-07,1.84E-05,8.19E-07,3,3,255010,9.20E+08,0.5,27,9.41E-10,0.581562,1.31E-06,1.76E-06,74.3062,-27.5389,0.00604017,616.436,16976,29190.3,1143.57
24,18,1268,5.00E-07,7.28E-07,8.79E-06,7.52E-07,2,3,10000,9.20E+08,0.5,27,8.14E-10,0.156927,9.66E-07,7.38E-06,13.088,-21.3185,0.0124053,29.298,624.588,3980.13,51714.2
24,19,1269,5.97E-06,5.51E-07,2.00E-05,7.57E-07,6,3,10000,9.20E+08,0.5,27,1.24E-09,0.230436,5.07E-06,1.37E-05,37.0277,-18.6354,0.00911013,121.714,2268.2,9843.08,23014
24,20,1270,5.00E-07,5.99E-07,1.54E-05,8.78E-07,2,1,500000,9.20E+08,0.5,27,4.28E-10,0.373316,2.63E-07,3.64E-07,72.2145,-34.3926,0.0023087,384.563,13226.1,35428.8,1634.82
24,21,1271,1.72E-05,8.90E-07,1.78E-05,7.97E-07,4,3,259316,9.20E+08,0.5,27,1.06E-09,0.53317,1.08E-06,1.60E-06,67.411,-27.9534,0.00351796,512.699,14331.7,26880.1,3093.73
24,22,1272,5.32E-06,6.42E-07,1.26E-05,7.07E-07,4,1,315875,9.20E+08,0.5,27,6.25E-10,0.457877,6.44E-07,8.36E-07,77.0773,-30.7774,0.00196772,503.433,15494.4,33839.6,627.705
24,23,1273,8.78E-06,7.78E-07,2.00E-05,9.20E-07,2,3,356048,9.20E+08,0.5,27,8.50E-10,0.564754,8.83E-07,1.00E-06,88.0298,-29.9862,0.00715076,709.178,21265.6,37654.5,8.20E-14
24,24,1274,1.43E-06,1.80E-07,1.76E-05,8.45E-07,2,2,457059,9.20E+08,0.5,27,6.30E-10,0.576815,7.17E-07,8.62E-07,83.1693,-30.6434,0.00645903,684.33,20970.2,36355.1,33.5156
24,25,1275,5.00E-07,7.21E-07,1.60E-05,7.40E-07,2,2,500000,9.20E+08,0.5,27,6.24E-10,0.554836,5.92E-07,7.89E-07,75.0355,-31.0267,0.00774922,593.878,18426.1,33209.9,992.915
24,26,1276,2.79E-06,4.35E-07,1.42E-05,7.92E-07,2,1,400410,9.20E+08,0.5,27,4.25E-10,0.468315,5.35E-07,6.10E-07,87.7617,-32.1455,0.00302702,586.286,18846.5,40243.1,0.00803141
24,27,1277,6.40E-06,5.93E-07,1.50E-05,6.85E-07,2,2,500000,9.20E+08,0.5,27,6.28E-10,0.578425,6.62E-07,9.49E-07,69.7115,-30.2271,0.00600608,575.199,17386.6,30058.5,2337.37
24,28,1278,4.51E-06,2.46E-07,1.33E-05,1.00E-06,2,3,196726,9.20E+08,0.5,27,8.29E-10,0.620308,1.93E-06,3.17E-06,60.7993,-24.9892,0.00965252,537.988,13443.9,21672.9,5856.73
24,29,1279,4.18E-06,6.05E-07,1.59E-05,8.61E-07,2,2,375103,9.20E+08,0.5,27,6.32E-10,0.558136,8.20E-07,8.89E-07,92.195,-30.5095,0.00521787,734.03,22394.9,40124.4,1.95E-13
24,30,1280,2.32E-06,1.00E-06,1.21E-05,9.48E-07,2,3,499427,9.20E+08,0.5,27,8.28E-10,0.64539,8.12E-07,1.06E-06,76.5418,-29.7428,0.0121848,704.672,20958.9,32474.8,715.418
24,31,1281,4.28E-06,2.51E-07,8.95E-06,9.15E-07,2,1,331444,9.20E+08,0.5,27,4.19E-10,0.503268,7.48E-07,1.06E-06,70.3112,-29.7316,0.00388283,504.766,15007.5,29820,2157.62
24,32,1282,3.69E-06,5.75E-07,2.00E-05,9.61E-07,2,3,459970,9.20E+08,0.5,27,8.43E-10,0.593207,7.49E-07,1.03E-06,72.8069,-29.8743,0.00990343,616.091,18405.3,31026.8,1486.71
24,33,1283,5.00E-07,1.00E-06,2.00E-05,1.00E-06,2,2,383915,9.20E+08,0.5,27,6.41E-10,0.408544,4.10E-07,6.35E-07,64.634,-31.9744,0.0045752,376.674,12043.9,29480.1,4147.81
24,34,1284,3.70E-06,1.00E-06,1.17E-05,9.20E-07,4,2,173484,9.20E+08,0.5,27,8.29E-10,0.532775,1.61E-06,1.98E-06,81.2158,-27.0412,0.00340373,617.236,16690.8,31328,143.201
24,35,1285,7.10E-06,1.00E-06,1.93E-05,9.47E-07,2,3,318094,9.20E+08,0.5,27,8.51E-10,0.561713,9.77E-07,1.25E-06,78.1919,-29.0335,0.00690284,626.531,18190.4,32383.8,463.496
24,36,1286,6.03E-06,1.00E-06,1.64E-05,4.61E-07,2,2,58394.5,9.20E+08,0.5,27,6.27E-10,0.485036,3.92E-06,4.74E-06,82.7042,-23.2387,0.00985784,572.226,13297.8,27416,52.7104
24,37,1287,5.00E-07,3.48E-07,5.13E-06,9.35E-07,2,1,500000,9.20E+08,0.5,27,4.10E-10,0.599078,7.05E-07,9.47E-07,74.422,-30.2357,0.00433283,635.991,19229.7,32098.7,1118.95
24,38,1288,7.14E-06,7.21E-07,1.34E-05,1.00E-06,2,3,500000,9.20E+08,0.5,27,8.37E-10,0.61347,7.38E-07,1.06E-06,69.5351,-29.7397,0.0100663,608.505,18096.7,29498.9,2391.63
24,39,1289,7.34E-06,1.00E-06,2.00E-05,1.00E-06,2,1,183209,9.20E+08,0.5,27,4.55E-10,0.150246,1.16E-07,3.76E-07,30.9623,-34.2462,0.00259909,66.3594,2272.56,15125.6,29201.8
24,40,1290,5.00E-07,5.08E-07,9.75E-06,8.73E-07,4,1,307593,9.20E+08,0.5,27,6.18E-10,0.453377,6.37E-07,8.82E-07,72.2489,-30.5442,0.00183754,467.259,14272.1,31479.4,1625.91
24,41,1291,6.26E-06,5.62E-07,1.35E-05,1.00E-06,2,3,277212,9.20E+08,0.5,27,8.34E-10,0.609185,1.32E-06,1.79E-06,73.5186,-27.4687,0.009389,638.87,17548.9,28807.2,1318.23
24,42,1292,1.40E-05,8.04E-07,1.83E-05,5.37E-07,4,2,397218,9.20E+08,0.5,27,8.42E-10,0.517576,6.65E-07,1.01E-06,65.8348,-29.957,0.00249113,486.067,14561.1,28133.2,3673.05
24,43,1293,5.03E-06,7.63E-07,1.34E-05,1.00E-06,2,4,178572,9.20E+08,0.5,27,1.03E-09,0.633132,2.20E-06,3.16E-06,69.5598,-24.9976,0.0120809,628.23,15704.3,24804.1,2383.99
24,44,1294,1.54E-05,7.41E-07,1.66E-05,1.00E-06,5,1,421235,9.20E+08,0.5,27,7.56E-10,0.216472,9.68E-08,2.60E-07,37.2275,-35.8504,0.00171301,114.956,4121.21,19038.1,22824.9
24,45,1295,6.02E-06,1.00E-06,2.00E-05,7.42E-07,5,3,325550,9.20E+08,0.5,27,1.14E-09,0.583186,1.03E-06,1.56E-06,66.16,-28.0821,0.00430505,550.388,15456,26502.8,3549.44
24,46,1296,3.10E-06,6.90E-07,2.00E-05,9.78E-07,2,1,284450,9.20E+08,0.5,27,4.43E-10,0.291307,2.82E-07,4.25E-07,66.2171,-33.7135,0.00418556,275.161,9276.64,31844.9,3528.31
24,47,1297,7.35E-06,1.00E-06,2.00E-05,6.51E-07,2,2,280785,9.20E+08,0.5,27,6.41E-10,0.515793,9.33E-07,1.15E-06,80.9072,-29.3826,0.00478997,595.29,17491.2,33911.2,167.512
24,48,1298,5.00E-07,1.00E-06,1.04E-05,9.21E-07,2,1,500000,9.20E+08,0.5,27,4.20E-10,0.429945,3.52E-07,4.98E-07,70.6707,-33.0302,0.00288628,433.429,14316.2,33297.9,2053.33
24,49,1299,7.44E-06,1.00E-06,1.50E-05,1.00E-06,2,2,215491,9.20E+08,0.5,27,6.45E-10,0.489405,1.09E-06,1.22E-06,88.8094,-29.1213,0.00503262,620.003,18055.3,36892.3,0.000897969
25,0,1300,5.00E-07,2.98E-07,2.00E-05,7.42E-07,2,1,500000,9.20E+08,0.5,27,4.30E-10,0.365669,2.53E-07,3.62E-07,69.9033,-34.4125,0.00274068,364.63,12547.8,34314.7,2279.24
25,1,1301,3.92E-06,3.89E-07,1.18E-05,8.17E-07,4,2,149798,9.20E+08,0.5,27,8.22E-10,0.573272,2.16E-06,2.81E-06,76.9037,-25.5122,0.0043377,628.889,16044.3,27987.3,655.503
25,2,1302,4.56E-06,3.59E-07,1.44E-05,1.00E-06,2,2,332352,9.20E+08,0.5,27,6.32E-10,0.558774,9.27E-07,1.28E-06,72.1752,-28.915,0.00547773,575.295,16634.7,29769.9,1644.75
25,3,1303,8.30E-07,8.25E-07,9.26E-07,9.49E-07,2,1,500000,9.20E+08,0.5,27,4.03E-10,0.625398,7.61E-07,1.30E-06,58.6343,-28.8702,0.00207619,523.087,15101.6,24147.2,6951.5
25,4,1304,5.53E-06,6.86E-07,1.46E-05,7.90E-07,5,1,277132,9.20E+08,0.5,27,7.31E-10,0.405914,5.66E-07,7.65E-07,73.9123,-31.1609,0.00199404,427.973,13336,32854.3,1229.45
25,5,1305,9.21E-06,3.96E-07,1.88E-05,8.17E-07,3,3,420184,9.20E+08,0.5,27,9.38E-10,0.597035,8.37E-07,1.93E-06,43.4393,-27.1514,0.00717076,369.955,10044.8,16824.5,17272.9
25,6,1306,1.23E-05,1.00E-06,2.00E-05,8.79E-07,2,3,63483.7,9.20E+08,0.5,27,8.60E-10,0.444569,3.02E-06,3.69E-06,81.76,-24.3314,0.0103764,518.497,12615.8,28377.6,105
25,7,1307,1.15E-06,6.06E-07,1.53E-05,8.96E-07,2,2,204763,9.20E+08,0.5,27,6.29E-10,0.516943,1.28E-06,1.58E-06,81.0526,-28.0256,0.00577572,597.69,16750.6,32403.2,155.823
25,8,1308,4.35E-06,6.55E-07,9.75E-06,8.61E-07,2,2,281039,9.20E+08,0.5,27,6.22E-10,0.596919,1.25E-06,1.59E-06,78.8493,-27.9917,0.00627851,671.396,18793.5,31484.3,378.317
25,9,1309,5.00E-07,7.05E-07,8.01E-06,1.00E-06,2,3,408910,9.20E+08,0.5,27,8.17E-10,0.664263,1.04E-06,1.52E-06,68.4529,-28.183,0.0124424,648.632,18280.4,27519.8,2738.07
25,10,1310,4.52E-06,5.62E-07,1.52E-05,9.80E-07,2,4,109840,9.20E+08,0.5,27,1.03E-09,0.61102,3.34E-06,4.26E-06,78.5289,-23.7091,0.0111233,684.465,16228,26558.9,418.757
25,11,1311,8.65E-06,1.00E-06,2.00E-05,5.84E-07,5,2,376691,9.20E+08,0.5,27,9.41E-10,0.523159,7.15E-07,1.04E-06,68.6741,-29.8277,0.00224094,512.499,15286.6,29219.9,2665.36
25,12,1312,5.00E-07,9.62E-07,1.94E-05,8.80E-07,2,3,10000,9.20E+08,0.5,27,8.35E-10,0.123911,2.10E-07,2.90E-06,7.23029,-25.3691,0.00851424,12.78,324.218,2616.54,60482.4
25,13,1313,5.00E-07,4.81E-07,7.32E-06,9.45E-07,2,1,135388,9.20E+08,0.5,27,4.14E-10,0.383962,1.06E-06,1.66E-06,63.6287,-27.7986,0.00457847,348.504,9687.91,25231.4,4567.45
25,14,1314,5.00E-07,1.80E-07,1.56E-05,1.00E-06,2,1,500000,9.20E+08,0.5,27,4.31E-10,0.407227,3.17E-07,4.13E-07,76.6066,-33.8364,0.00306735,445.01,15057.5,36975.8,704.56
25,15,1315,9.83E-06,1.00E-06,1.77E-05,8.85E-07,3,4,182299,9.20E+08,0.5,27,1.15E-09,0.591313,1.89E-06,2.38E-06,79.3857,-26.2292,0.00701577,669.616,17563.5,29702.6,315.207
25,16,1316,4.66E-06,5.75E-07,2.00E-05,5.59E-07,3,1,464745,9.20E+08,0.5,27,5.28E-10,0.438741,4.03E-07,4.84E-07,83.2129,-33.1535,0.00226473,520.793,17266.1,39353.7,31.9657
25,17,1317,7.61E-06,9.82E-07,1.79E-05,5.99E-07,7,2,135388,9.20E+08,0.5,27,1.14E-09,0.502176,1.82E-06,2.21E-06,82.5542,-26.5554,0.00221716,591.373,15704.1,31272.2,59.8187
25,18,1318,5.64E-06,7.28E-07,1.71E-05,6.09E-07,3,2,354328,9.20E+08,0.5,27,7.29E-10,0.565027,8.90E-07,1.23E-06,72.561,-29.1113,0.00435031,584.842,17025.5,30132.2,1547.3
25,19,1319,9.26E-06,1.00E-06,1.80E-05,1.00E-06,2,1,225590,9.20E+08,0.5,27,4.54E-10,0.180591,1.36E-07,3.56E-07,38.2829,-34.4804,0.00265117,98.6205,3400.48,18829.7,21825.7
25,20,1320,5.00E-07,4.84E-07,2.00E-05,7.20E-07,2,2,298506,9.20E+08,0.5,27,6.29E-10,0.498072,8.03E-07,1.13E-06,71.3327,-29.4835,0.0060097,506.812,14942.6,30000.8,1867.96
25,21,1321,7.26E-06,9.13E-07,2.00E-05,6.49E-07,2,2,265268,9.20E+08,0.5,27,6.39E-10,0.519198,1.00E-06,1.13E-06,88.9444,-29.4882,0.0049212,658.745,19425.2,37413.8,0
25,22,1322,1.73E-06,7.23E-07,2.00E-05,6.75E-07,2,2,189588,9.20E+08,0.5,27,6.30E-10,0.512303,1.36E-06,1.64E-06,82.567,-27.8453,0.00607815,603.393,16801.6,32796.3,59.1934
25,23,1323,5.26E-06,9.62E-07,1.01E-05,9.81E-07,2,1,228210,9.20E+08,0.5,27,4.30E-10,0.379301,6.08E-07,8.70E-07,69.8703,-30.6063,0.00491407,378.045,11570.5,30504.9,2289.18
25,24,1324,5.00E-07,4.26E-07,9.36E-06,7.78E-07,2,1,500000,9.20E+08,0.5,27,4.15E-10,0.530313,5.49E-07,6.98E-07,78.7045,-31.5631,0.00352391,595.385,18792.2,35436,396.334
25,25,1325,9.39E-06,1.00E-06,1.53E-05,6.33E-07,9,1,163482,9.20E+08,0.5,27,1.14E-09,0.28805,4.65E-07,8.33E-07,55.7504,-30.7924,0.00109197,229.078,7053.86,24488.3,8555.76
25,26,1326,1.30E-05,1.00E-06,1.71E-05,1.00E-06,2,4,212543,9.20E+08,0.5,27,1.06E-09,0.573144,1.52E-06,1.89E-06,80.541,-27.2284,0.00773394,658.487,17929.6,31282.8,198.827
25,27,1327,5.00E-07,1.80E-07,2.10E-06,9.87E-07,2,1,500000,9.20E+08,0.5,27,4.04E-10,0.674483,8.94E-07,1.52E-06,58.7676,-28.1779,0.00368064,565.426,15932.5,23621.8,6881.38
25,28,1328,5.00E-07,4.25E-07,1.45E-05,9.07E-07,2,2,500000,9.20E+08,0.5,27,6.27E-10,0.56996,6.30E-07,8.22E-07,76.6769,-30.8535,0.00775018,623.413,19234.5,33747,692.735
25,29,1329,7.95E-06,8.64E-07,1.96E-05,8.61E-07,2,3,375103,9.20E+08,0.5,27,8.48E-10,0.574247,8.66E-07,9.39E-07,92.1937,-30.273,0.00776816,755.207,22862.4,39812.8,1.08E-13
25,30,1330,2.08E-06,1.00E-06,1.94E-05,9.40E-07,2,1,151653,9.20E+08,0.5,27,4.41E-10,0.176285,1.94E-07,5.26E-07,36.9247,-32.787,0.00428683,92.8534,3044.38,17269.7,23113.2
25,31,1331,9.98E-06,1.00E-06,1.86E-05,1.88E-07,4,1,256508,9.20E+08,0.5,27,6.27E-10,0.417614,6.61E-07,8.72E-07,75.7682,-30.5931,0.00208138,451.366,13808.7,33065.7,852.318
25,32,1332,8.47E-06,6.02E-07,2.00E-05,6.24E-07,2,3,459970,9.20E+08,0.5,27,8.35E-10,0.606315,7.89E-07,1.41E-06,56.116,-28.5228,0.00891516,485.345,13843.4,22832,8342.86
25,33,1333,5.00E-07,5.51E-07,1.03E-05,7.97E-07,4,3,500000,9.20E+08,0.5,27,1.02E-09,0.675853,8.84E-07,1.43E-06,61.8411,-28.4499,0.00747457,596.204,16962,25097.1,5363.36
25,34,1334,8.14E-06,6.99E-07,2.00E-05,8.60E-07,2,2,73725.4,9.20E+08,0.5,27,6.46E-10,0.39787,2.08E-06,2.74E-06,75.7301,-25.6209,0.00911638,429.81,11012.1,27677.6,859.397
25,35,1335,4.67E-06,6.97E-07,2.00E-05,8.13E-07,2,1,441515,9.20E+08,0.5,27,4.39E-10,0.381784,3.16E-07,4.39E-07,72.0699,-33.5798,0.00383555,392.498,13180,34522.2,1671.98
25,36,1336,2.00E-06,9.71E-07,1.84E-05,4.61E-07,2,3,291702,9.20E+08,0.5,27,8.21E-10,0.641677,1.38E-06,2.16E-06,63.9843,-26.6534,0.0115424,585.674,15610.2,24327.2,4416.61
25,37,1337,5.00E-07,9.43E-07,1.74E-05,9.40E-07,2,3,435652,9.20E+08,0.5,27,8.34E-10,0.562405,6.87E-07,9.64E-07,71.3309,-30.1615,0.012131,572.26,17260.2,30690,1868.43
25,38,1338,8.52E-06,1.00E-06,2.00E-05,7.71E-07,2,3,164016,9.20E+08,0.5,27,8.48E-10,0.548806,1.81E-06,2.09E-06,86.7109,-26.807,0.00693955,678.827,18197.3,33158,0
25,39,1339,9.74E-06,1.00E-06,2.00E-05,7.36E-07,2,3,15550.8,9.20E+08,0.5,27,8.49E-10,0.267264,4.26E-06,9.40E-06,45.3792,-20.2702,0.0174742,173.007,3506.89,13121.4,15698.5
25,40,1340,5.00E-07,2.52E-07,2.00E-05,7.92E-07,2,1,410549,9.20E+08,0.5,27,4.32E-10,0.335577,2.60E-07,4.02E-07,64.843,-33.9625,0.00309881,310.4,10542,31414.4,4063.26
25,41,1341,4.83E-06,4.80E-07,1.98E-05,7.05E-07,2,2,322483,9.20E+08,0.5,27,6.33E-10,0.548976,9.23E-07,1.13E-06,81.8842,-29.4794,0.00540373,641.238,18903.3,34433.8,97.0801
25,42,1342,1.21E-06,2.11E-07,1.44E-05,6.91E-07,2,1,500000,9.20E+08,0.5,27,4.20E-10,0.503211,4.97E-07,6.18E-07,80.4194,-32.0883,0.00276586,577.267,18523.5,36810.7,209.819
25,43,1343,5.03E-06,9.45E-07,1.34E-05,9.45E-07,2,3,222542,9.20E+08,0.5,27,8.35E-10,0.597152,1.58E-06,2.05E-06,76.8894,-26.8811,0.0085778,654.964,17606.2,29483.5,657.824
25,44,1344,7.37E-06,1.00E-06,1.91E-05,9.02E-07,2,2,307872,9.20E+08,0.5,27,6.49E-10,0.494043,7.78E-07,9.72E-07,79.9634,-30.1215,0.00418564,563.537,16974.6,34358.4,253.678
25,45,1345,7.68E-06,1.00E-06,2.00E-05,9.15E-07,2,3,116473,9.20E+08,0.5,27,8.52E-10,0.515044,2.23E-06,2.60E-06,85.8412,-25.8477,0.00712434,630.676,16301.5,31650.7,0
25,46,1346,4.30E-06,1.00E-06,1.29E-05,8.36E-07,2,2,450074,9.20E+08,0.5,27,6.30E-10,0.573687,7.20E-07,8.23E-07,87.5716,-30.8482,0.00591555,716.646,22107.2,38535.3,4.69E-13
25,47,1347,1.06E-06,1.00E-06,2.00E-05,1.00E-06,2,3,314440,9.20E+08,0.5,27,8.42E-10,0.54046,8.94E-07,1.04E-06,85.5505,-29.8101,0.00964519,659.557,19661.5,36379.2,6.77E-14
25,48,1348,2.74E-06,6.74E-07,7.20E-06,9.21E-07,4,1,500000,9.20E+08,0.5,27,6.17E-10,0.536617,5.61E-07,7.02E-07,79.9357,-31.5386,0.00173371,611.887,19298.1,35962.4,256.475
25,49,1349,2.24E-06,5.87E-07,1.25E-05,1.00E-06,2,2,500000,9.20E+08,0.5,27,6.28E-10,0.588188,6.79E-07,9.21E-07,73.7597,-30.3582,0.00725641,618.873,18787.8,31941.9,1263.45
26,0,1350,5.00E-07,6.24E-07,1.12E-05,1.00E-06,2,1,212721,9.20E+08,0.5,27,4.23E-10,0.310738,4.36E-07,7.71E-07,56.4687,-31.1272,0.00332953,250.304,7791.28,25073.5,8140.66
26,1,1351,7.62E-06,3.89E-07,2.00E-05,7.17E-07,2,3,149798,9.20E+08,0.5,27,8.35E-10,0.588118,2.28E-06,3.18E-06,71.6513,-24.9823,0.00951254,601.111,15017.1,25534.2,1781.89
26,2,1352,5.84E-06,8.84E-07,1.97E-05,7.91E-07,2,2,273013,9.20E+08,0.5,27,6.42E-10,0.511714,9.44E-07,1.00E-06,94.0017,-29.9833,0.00457014,686.166,20573.5,40205.1,1.91E-14
26,3,1353,7.27E-06,9.10E-07,9.58E-06,9.78E-07,2,2,259933,9.20E+08,0.5,27,6.32E-10,0.544175,1.12E-06,1.37E-06,81.5326,-28.6179,0.00503736,632.902,18112.3,33284,120.229
26,4,1354,1.33E-06,3.97E-07,1.20E-05,1.00E-06,2,2,388675,9.20E+08,0.5,27,6.25E-10,0.593461,8.89E-07,1.16E-06,76.7101,-29.3593,0.00756782,649.398,19065.9,32126.6,687.225
26,5,1355,1.50E-05,1.80E-07,2.32E-06,9.53E-07,2,1,500000,9.20E+08,0.5,27,4.10E-10,0.443807,3.78E-07,1.52E-06,24.9188,-28.192,0.00342746,157.756,4447.47,10021.2,36097.6
26,6,1356,5.84E-06,8.10E-07,1.33E-05,8.79E-07,2,3,309272,9.20E+08,0.5,27,8.33E-10,0.61794,1.21E-06,1.60E-06,76.0535,-27.9703,0.00953639,670.396,18751.2,30344.6,800.405
26,7,1357,5.00E-07,6.83E-07,8.36E-06,9.77E-07,3,1,412056,9.20E+08,0.5,27,5.17E-10,0.477536,5.31E-07,7.12E-07,74.4746,-31.473,0.00222012,507.318,15966.8,33435.8,1107.85
26,8,1358,6.19E-06,7.61E-07,2.00E-05,1.00E-06,2,1,189519,9.20E+08,0.5,27,4.49E-10,0.187081,1.75E-07,4.32E-07,40.5198,-33.6474,0.0031132,108.134,3638.44,19448.5,19785.6
26,9,1359,6.29E-06,4.21E-07,1.11E-05,1.00E-06,2,3,65833,9.20E+08,0.5,27,8.27E-10,0.538574,4.29E-06,6.12E-06,70.0774,-22.134,0.0111857,538.381,11916.5,22126,2226.84
26,10,1360,5.00E-07,1.80E-07,6.09E-06,1.00E-06,2,1,500000,9.20E+08,0.5,27,4.12E-10,0.583397,6.70E-07,8.68E-07,77.1636,-30.6162,0.00377175,642.159,19660.5,33700,614.088
26,11,1361,2.45E-06,7.21E-07,1.80E-05,6.36E-07,4,1,433431,9.20E+08,0.5,27,6.26E-10,0.437393,4.23E-07,5.74E-07,73.8104,-32.4131,0.00171284,460.528,14927.2,34127.5,1252.1
26,12,1362,1.00E-05,1.00E-06,1.93E-05,8.98E-07,2,3,233963,9.20E+08,0.5,27,8.55E-10,0.543488,1.24E-06,1.54E-06,80.8833,-28.1283,0.00592739,627.068,17638.3,32454,169.472
26,13,1363,2.72E-06,1.80E-07,3.15E-06,1.00E-06,2,2,135388,9.20E+08,0.5,27,6.07E-10,0.600684,2.61E-06,5.81E-06,44.876,-22.3576,0.00732986,384.526,8597.09,14312.2,16099.4
26,14,1364,7.92E-06,2.75E-07,1.91E-05,9.33E-07,5,2,145555,9.20E+08,0.5,27,9.40E-10,0.486643,1.59E-06,2.10E-06,75.5181,-26.7716,0.00333427,524.238,14034.7,28839.7,899.065
26,15,1365,3.67E-06,5.43E-07,1.98E-05,7.75E-07,2,1,164761,9.20E+08,0.5,27,4.35E-10,0.293545,5.02E-07,8.54E-07,58.7929,-30.6854,0.00442611,246.188,7554.38,25735,6868.45
26,16,1366,5.00E-07,1.80E-07,2.00E-05,1.00E-06,2,1,500000,9.20E+08,0.5,27,4.40E-10,0.317936,1.89E-07,2.43E-07,77.8693,-36.1383,0.00348375,353.161,12762.7,40142.2,512.625
26,17,1367,5.67E-06,6.26E-07,2.00E-05,6.84E-07,5,4,145181,9.20E+08,0.5,27,1.33E-09,0.62947,2.69E-06,3.71E-06,72.5328,-24.3006,0.00632484,651.292,15826.8,25143,1554.31
26,18,1368,2.27E-06,7.64E-07,1.96E-05,1.00E-06,2,4,54268.2,9.20E+08,0.5,27,1.04E-09,0.487245,4.25E-06,5.67E-06,74.9585,-22.462,0.0109156,520.997,11702.6,24018,1008.32
26,19,1369,2.81E-06,1.00E-06,1.84E-05,6.13E-07,4,1,414039,9.20E+08,0.5,27,6.28E-10,0.416303,3.98E-07,5.49E-07,72.573,-32.6045,0.00182778,430.974,14051.7,33753.5,1544.36
26,20,1370,2.97E-06,5.62E-07,1.52E-05,9.77E-07,2,4,53467,9.20E+08,0.5,27,1.03E-09,0.548631,5.48E-06,7.11E-06,77.1286,-21.4824,0.0121564,603.619,12967.2,23635.5,619.584
26,21,1371,5.00E-07,1.80E-07,1.28E-05,6.49E-07,2,2,265268,9.20E+08,0.5,27,6.17E-10,0.623307,1.44E-06,1.85E-06,77.6168,-27.3194,0.00849313,690.12,18853.6,30247.7,545.111
26,22,1372,8.21E-06,1.00E-06,2.00E-05,7.36E-07,2,3,10000,9.20E+08,0.5,27,8.46E-10,0.19912,3.56E-06,1.07E-05,33.4178,-19.7218,0.0191526,94.9203,1872,9401.33,26608
26,23,1373,5.00E-07,4.42E-07,1.17E-05,9.61E-07,2,2,226313,9.20E+08,0.5,27,6.23E-10,0.539659,1.25E-06,1.62E-06,77.2735,-27.8976,0.0067962,594.862,16595.2,30751.3,596.985
26,24,1374,1.16E-05,1.00E-06,9.36E-06,7.72E-07,2,1,457059,9.20E+08,0.5,27,4.38E-10,0.400996,3.39E-07,4.49E-07,75.5583,-33.4805,0.00342387,432.204,14470.4,36086.2,891.526
26,25,1375,4.16E-06,1.00E-06,1.46E-05,8.70E-07,2,3,360548,9.20E+08,0.5,27,8.34E-10,0.617263,1.04E-06,1.14E-06,90.781,-29.429,0.0101154,799.339,23523.8,38109.8,6.66E-08
26,26,1376,2.79E-06,9.73E-07,6.35E-06,1.00E-06,2,1,346040,9.20E+08,0.5,27,4.18E-10,0.50182,7.11E-07,8.45E-07,84.1743,-30.7307,0.00323674,602.551,18516.8,36899.4,6.81746
26,27,1377,4.44E-06,6.36E-07,1.66E-05,5.99E-07,7,1,288838,9.20E+08,0.5,27,9.26E-10,0.437306,6.33E-07,8.32E-07,76.0784,-30.7998,0.00124786,474.583,14617.1,33425.3,795.989
26,28,1378,1.59E-05,1.00E-06,2.00E-05,6.26E-07,4,4,95162.6,9.20E+08,0.5,27,1.26E-09,0.557762,3.22E-06,4.07E-06,79.1429,-23.9017,0.00578237,629.69,15050.7,26984.1,343.051
26,29,1379,7.95E-06,8.16E-07,1.98E-05,9.08E-07,3,4,375103,9.20E+08,0.5,27,1.15E-09,0.614557,9.88E-07,1.27E-06,77.6871,-28.9554,0.00935755,681.047,19720,32088.2,534.783
26,30,1380,6.38E-06,1.00E-06,1.37E-05,9.82E-07,2,3,367036,9.20E+08,0.5,27,8.40E-10,0.59848,9.59E-07,1.39E-06,69.0894,-28.5781,0.00868179,589.831,16856.2,28165.1,2531.48
26,31,1381,3.10E-06,9.65E-07,2.00E-05,7.64E-07,2,1,500000,9.20E+08,0.5,27,4.37E-10,0.386238,2.85E-07,3.69E-07,77.0527,-34.3254,0.00354297,424.531,14572.2,37728.6,631.694
26,32,1382,6.27E-06,1.00E-06,1.88E-05,6.66E-07,5,2,10000,9.20E+08,0.5,27,9.38E-10,0.123829,1.44E-06,6.46E-06,22.3587,-21.9007,0.00637103,39.4945,864.957,6985.08,39240.4
26,33,1383,3.84E-06,9.94E-07,2.00E-05,1.00E-06,2,3,146477,9.20E+08,0.5,27,8.48E-10,0.526803,1.86E-06,2.21E-06,84.275,-26.5626,0.00684323,633.305,16822.3,31932.7,5.25674
26,34,1384,4.07E-06,1.00E-06,1.84E-05,1.00E-06,2,3,61151.6,9.20E+08,0.5,27,8.45E-10,0.452052,3.24E-06,4.18E-06,77.3852,-23.785,0.00994395,499.014,11869.1,26256,579.87
26,35,1385,5.99E-06,1.00E-06,2.00E-05,9.45E-07,2,2,169289,9.20E+08,0.5,27,6.50E-10,0.45551,1.19E-06,1.21E-06,98.8343,-29.1794,0.0059947,642.203,18739.1,41138.6,147.038
26,36,1386,8.63E-06,7.78E-07,1.62E-05,4.61E-07,5,2,236965,9.20E+08,0.5,27,9.28E-10,0.559497,1.30E-06,1.58E-06,82.4247,-28.0051,0.00310216,657.841,18422.9,32927.7,66.3228
26,37,1387,2.89E-06,1.00E-06,2.00E-05,8.82E-07,2,3,197963,9.20E+08,0.5,27,8.41E-10,0.558221,1.54E-06,1.89E-06,81.7645,-27.2397,0.00795272,651.084,17735.3,31771.2,104.685
26,38,1388,1.33E-05,1.00E-06,2.00E-05,9.25E-07,3,3,273995,9.20E+08,0.5,27,9.64E-10,0.527096,9.98E-07,1.25E-06,79.7889,-29.0266,0.00419349,599.926,17413.8,33037.3,271.559
26,39,1389,1.24E-05,1.00E-06,1.96E-05,3.68E-07,4,1,297822,9.20E+08,0.5,27,6.39E-10,0.348683,3.89E-07,5.79E-07,67.0789,-32.3697,0.00180648,333.643,10799.9,30973.5,3211.86
26,40,1390,1.20E-06,6.09E-07,1.52E-05,1.00E-06,4,2,500000,9.20E+08,0.5,27,8.32E-10,0.556963,6.02E-07,7.56E-07,79.7022,-31.217,0.00398123,633.231,19767.6,35491.7,280.672
26,41,1391,4.42E-06,1.00E-06,1.52E-05,7.38E-07,7,1,339864,9.20E+08,0.5,27,9.31E-10,0.412183,4.67E-07,6.65E-07,70.1089,-31.7688,0.00133202,412.22,13095.7,31771.7,2217.52
26,42,1392,5.92E-06,1.00E-06,1.89E-05,9.14E-07,2,3,25476.5,9.20E+08,0.5,27,8.46E-10,0.326735,3.96E-06,7.13E-06,55.4761,-21.4662,0.0154809,258.563,5550.37,16987.4,8716.87
26,43,1393,1.25E-05,4.26E-07,1.42E-05,9.30E-07,4,3,310844,9.20E+08,0.5,27,1.04E-09,0.590914,1.11E-06,2.25E-06,49.2102,-26.4738,0.00500252,414.807,10981.5,18583.9,12809.1
26,44,1394,5.00E-07,1.80E-07,8.75E-06,1.00E-06,2,1,379433,9.20E+08,0.5,27,4.18E-10,0.515165,6.84E-07,8.00E-07,85.5405,-30.9706,0.00345386,628.615,19468.6,37791,5.99E-13
26,45,1395,5.26E-06,6.90E-07,1.90E-05,8.07E-07,4,3,337087,9.20E+08,0.5,27,1.04E-09,0.597786,1.04E-06,1.39E-06,75.0354,-28.5645,0.00582441,639.85,18277,30574.5,992.926
26,46,1396,7.16E-06,9.16E-07,1.29E-05,9.48E-07,2,2,450074,9.20E+08,0.5,27,6.38E-10,0.545332,6.52E-07,8.68E-07,75.0657,-30.6142,0.00444691,583.941,17876.9,32781.6,986.911
26,47,1397,7.65E-06,1.00E-06,1.37E-05,1.00E-06,5,2,238756,9.20E+08,0.5,27,9.43E-10,0.501354,1.03E-06,1.26E-06,81.5771,-29.005,0.00236422,583.416,16922,33752.6,117.164
26,48,1398,2.74E-06,6.63E-07,1.71E-05,6.77E-07,3,1,355810,9.20E+08,0.5,27,5.27E-10,0.432639,5.09E-07,6.59E-07,77.2796,-31.8132,0.00243065,476.933,15172.8,35070.3,596.075
26,49,1399,5.00E-07,1.00E-06,2.48E-06,1.00E-06,2,1,215491,9.20E+08,0.5,27,4.06E-10,0.506922,1.16E-06,1.73E-06,67.3295,-27.6292,0.00373195,486.869,13451.8,26536.2,3122.48
27,0,1400,5.00E-07,2.18E-07,2.00E-05,9.76E-07,2,1,327815,9.20E+08,0.5,27,4.39E-10,0.26411,2.01E-07,3.49E-07,57.5476,-34.5696,0.00373136,216.809,7495.01,28378.4,7536.77
27,1,1401,5.00E-07,1.94E-07,8.84E-06,9.51E-07,2,1,307969,9.20E+08,0.5,27,4.17E-10,0.505638,8.11E-07,9.85E-07,82.3269,-30.0657,0.00348669,593.81,17853.3,35308.5,71.4542
27,2,1402,5.00E-07,2.20E-07,1.00E-05,7.91E-07,2,1,273013,9.20E+08,0.5,27,4.16E-10,0.501309,9.01E-07,1.06E-06,85.0027,-29.7471,0.0036985,607.861,18082.1,36069.9,5.88E-14
27,3,1403,5.00E-07,1.00E-06,1.44E-05,9.31E-07,2,3,500000,9.20E+08,0.5,27,8.28E-10,0.598561,6.79E-07,1.04E-06,65.3202,-29.8287,0.013113,557.728,16636.3,27793.8,3872.93
27,4,1404,2.71E-06,1.80E-07,1.56E-05,1.00E-06,2,1,292376,9.20E+08,0.5,27,4.32E-10,0.407179,5.47E-07,7.08E-07,77.2801,-31.5019,0.00468603,448.868,14140.2,34727.2,596.04
27,5,1405,5.29E-06,2.90E-07,1.71E-05,9.40E-07,2,2,382363,9.20E+08,0.5,27,6.35E-10,0.548055,7.75E-07,1.15E-06,67.2499,-29.3847,0.00547333,525.753,15449.1,28189,3150.68
27,6,1406,7.26E-06,1.00E-06,1.19E-05,1.00E-06,2,3,110497,9.20E+08,0.5,27,8.38E-10,0.541389,2.60E-06,2.95E-06,88.1675,-25.3044,0.00783305,680.901,17229.8,31825.2,0
27,7,1407,6.60E-06,1.00E-06,2.00E-05,8.76E-07,2,4,243130,9.20E+08,0.5,27,1.05E-09,0.606845,1.48E-06,2.04E-06,72.9053,-26.913,0.0114076,631.108,16985,27989,1462.81
27,8,1408,1.03E-05,1.00E-06,1.91E-05,9.68E-07,2,4,36993.6,9.20E+08,0.5,27,1.06E-09,0.441724,5.06E-06,6.93E-06,73.0734,-21.5932,0.0147835,460.444,9942.44,22508.2,1422.46
27,9,1409,7.21E-06,1.00E-06,1.16E-05,1.00E-06,2,2,193482,9.20E+08,0.5,27,6.38E-10,0.506252,1.30E-06,1.54E-06,84.5274,-28.1359,0.00499782,610.422,17174.8,33925.4,2.23371
27,10,1410,2.45E-06,5.71E-07,9.36E-06,8.35E-07,2,1,460445,9.20E+08,0.5,27,4.18E-10,0.522197,5.82E-07,6.88E-07,84.6307,-31.6258,0.00315169,630.418,19937.5,38180,1.36348
27,11,1411,1.94E-05,9.95E-07,2.00E-05,7.73E-07,4,2,433431,9.20E+08,0.5,27,8.70E-10,0.452052,4.58E-07,6.26E-07,73.0652,-32.032,0.00273594,471.156,15092.1,33385.7,1424.42
27,12,1412,1.78E-05,1.00E-06,2.00E-05,7.19E-07,3,4,365542,9.20E+08,0.5,27,1.16E-09,0.577956,9.03E-07,9.99E-07,90.3608,-30.0039,0.00607859,744.975,22352.1,38674.4,5.67E-14
27,13,1413,3.30E-06,3.34E-07,1.30E-05,5.80E-07,3,1,500000,9.20E+08,0.5,27,5.17E-10,0.523503,5.40E-07,6.80E-07,79.4344,-31.6767,0.00239682,593.19,18790.3,35893.4,309.763
27,14,1414,7.29E-06,8.33E-07,2.00E-05,1.00E-06,2,4,10000,9.20E+08,0.5,27,1.05E-09,0.209876,3.93E-06,1.18E-05,33.3115,-19.2776,0.0221128,99.7292,1922.54,9160.38,26717.7
27,15,1415,7.56E-06,1.00E-06,1.59E-05,1.00E-06,2,2,39924.1,9.20E+08,0.5,27,6.47E-10,0.249446,1.48E-06,3.12E-06,47.4186,-25.0619,0.0102276,168.729,4228.68,16952.3,14124.1
27,16,1416,4.66E-06,5.71E-07,2.00E-05,8.35E-07,4,1,464745,9.20E+08,0.5,27,6.39E-10,0.388694,3.05E-07,4.40E-07,69.3991,-33.565,0.00220836,384.793,12915.6,33228.2,2433.99
27,17,1417,1.31E-05,9.65E-07,1.81E-05,9.49E-07,3,3,221649,9.20E+08,0.5,27,9.60E-10,0.528183,1.24E-06,1.38E-06,89.4193,-28.5862,0.00444284,673.724,19259.2,36463.1,0
27,18,1418,7.16E-06,6.28E-07,2.00E-05,5.03E-07,3,1,427351,9.20E+08,0.5,27,5.29E-10,0.425286,4.11E-07,5.26E-07,78.1434,-32.7871,0.00237123,474.066,15543.3,36547.8,470.18
27,19,1419,6.09E-06,1.00E-06,1.39E-05,7.78E-07,2,1,276845,9.20E+08,0.5,27,4.34E-10,0.387348,5.23E-07,6.85E-07,76.3979,-31.6442,0.00425228,422.132,13358,34485.9,740.07
27,20,1420,5.49E-06,1.80E-07,1.63E-05,9.63E-07,2,2,400482,9.20E+08,0.5,27,6.33E-10,0.557544,7.65E-07,1.29E-06,59.3745,-28.9002,0.00635447,472.221,13647.3,24477.4,6566.67
27,21,1421,8.02E-06,1.00E-06,1.45E-05,1.00E-06,2,2,148376,9.20E+08,0.5,27,6.45E-10,0.460888,1.39E-06,1.68E-06,83.2126,-27.7587,0.0068315,547.08,15186.3,32950,31.9609
27,22,1422,1.12E-06,1.00E-06,1.59E-05,6.28E-07,2,1,500000,9.20E+08,0.5,27,4.22E-10,0.430154,3.55E-07,5.07E-07,69.8721,-32.9457,0.00261557,428.74,14125.1,32837.4,2288.56
27,23,1423,5.00E-07,6.05E-07,1.60E-05,1.00E-06,2,2,267384,9.20E+08,0.5,27,6.33E-10,0.466846,7.85E-07,1.04E-06,75.594,-29.8337,0.00559333,503.416,15018.8,32170.7,884.743
27,24,1424,3.18E-06,1.80E-07,9.36E-06,1.00E-06,3,2,214308,9.20E+08,0.5,27,7.20E-10,0.603657,1.67E-06,2.69E-06,62.2392,-25.7043,0.00594675,535.946,13776.1,22821.1,5180.54
27,25,1425,1.63E-06,1.00E-06,2.00E-05,6.07E-07,2,2,405586,9.20E+08,0.5,27,6.28E-10,0.548459,7.25E-07,1.03E-06,70.3964,-29.8698,0.00593163,550.758,16451,29995,2132.66
27,26,1426,6.83E-06,1.00E-06,2.00E-05,7.92E-07,2,2,361099,9.20E+08,0.5,27,6.45E-10,0.509823,7.08E-07,7.68E-07,92.1817,-31.1467,0.00423136,670.394,20880.6,40956.5,5.12E-13
27,27,1427,7.70E-06,9.05E-07,2.00E-05,6.39E-07,2,4,388675,9.20E+08,0.5,27,1.04E-09,0.637106,1.02E-06,1.65E-06,61.9453,-27.8144,0.0123938,562.972,15658.7,24577.9,5315.18
27,28,1428,1.76E-05,1.00E-06,2.00E-05,1.00E-06,3,4,75752.9,9.20E+08,0.5,27,1.18E-09,0.482172,2.99E-06,3.73E-06,80.3148,-24.2886,0.00766978,552.413,13417.3,27826.9,219.51
27,29,1429,8.15E-06,8.10E-07,1.22E-05,7.34E-07,2,3,313983,9.20E+08,0.5,27,8.31E-10,0.623536,1.22E-06,1.91E-06,63.867,-27.1867,0.00880037,568.073,15444,24768.4,4466.05
27,30,1430,5.00E-07,3.64E-07,6.67E-06,7.54E-07,2,1,151653,9.20E+08,0.5,27,4.10E-10,0.492608,1.57E-06,2.14E-06,73.2828,-26.7036,0.00496151,514.955,13751.1,27915,1372.93
27,31,1431,1.13E-05,9.45E-07,1.72E-05,7.64E-07,2,4,22289.4,9.20E+08,0.5,27,1.05E-09,0.415948,7.36E-06,1.15E-05,63.9409,-19.3884,0.0189661,379.388,7355.73,17684.3,4434.91
27,32,1432,6.27E-06,6.72E-07,1.41E-05,7.49E-07,2,2,425003,9.20E+08,0.5,27,6.30E-10,0.572205,7.61E-07,9.90E-07,76.8907,-30.0424,0.00567827,627.613,18855,32951.4,657.6
27,33,1433,4.60E-06,8.84E-07,1.97E-05,7.55E-07,2,2,358381,9.20E+08,0.5,27,6.38E-10,0.530281,7.73E-07,8.85E-07,87.369,-30.5313,0.00472067,660.891,20177.8,38051.2,3.09E-13
27,34,1434,5.00E-07,3.12E-07,1.80E-05,9.36E-07,2,1,426479,9.20E+08,0.5,27,4.34E-10,0.331416,2.43E-07,3.40E-07,71.4397,-34.6816,0.00327791,337.737,11713.3,35343.1,1839.05
27,35,1435,5.99E-06,1.00E-06,2.00E-05,9.81E-07,2,2,178290,9.20E+08,0.5,27,6.51E-10,0.4538,1.12E-06,1.12E-06,96.784,-29.5065,0.00606124,649.629,19168.2,42239.4,286.668
27,36,1436,5.16E-06,8.83E-07,1.27E-05,4.61E-07,2,1,236965,9.20E+08,0.5,27,4.21E-10,0.470269,9.16E-07,1.14E-06,80.2248,-29.4243,0.00357559,538.172,15835.3,33673,228.036
27,37,1437,8.70E-06,3.48E-07,1.38E-05,1.00E-06,2,3,257981,9.20E+08,0.5,27,8.34E-10,0.603524,1.39E-06,2.64E-06,52.8085,-25.7916,0.00910156,454.637,11725.8,19428.9,10362.9
27,38,1438,1.34E-05,1.00E-06,2.00E-05,7.20E-07,6,3,181208,9.20E+08,0.5,27,1.26E-09,0.532947,1.54E-06,1.96E-06,78.6028,-27.0722,0.00285493,597.569,16177.5,30354.8,409.239
27,39,1439,1.27E-05,3.91E-07,1.71E-05,1.00E-06,2,3,232385,9.20E+08,0.5,27,8.44E-10,0.562782,1.34E-06,2.37E-06,56.6811,-26.2588,0.00770781,455.035,11948.7,21231.5,8019.62
27,40,1440,3.63E-06,1.00E-06,8.28E-06,1.00E-06,2,1,500000,9.20E+08,0.5,27,4.24E-10,0.487231,4.63E-07,5.32E-07,87.0377,-32.7422,0.00278293,604.934,19806.9,40651.9,0.00130445
27,41,1441,4.74E-06,1.00E-06,2.00E-05,1.00E-06,2,3,239298,9.20E+08,0.5,27,8.49E-10,0.551897,1.25E-06,1.42E-06,88.0921,-28.4716,0.00686136,693.523,19745.7,35777.9,0
27,42,1442,4.27E-06,5.17E-07,1.89E-05,1.00E-06,2,3,45571.6,9.20E+08,0.5,27,8.42E-10,0.45036,4.29E-06,5.82E-06,73.6518,-22.349,0.0130757,473.161,10574.7,23480.6,1287.83
27,43,1443,5.03E-06,1.00E-06,1.60E-05,1.00E-06,2,3,202878,9.20E+08,0.5,27,8.42E-10,0.567135,1.56E-06,2.03E-06,77.0797,-26.9321,0.0070105,623.581,16794.3,29612.6,627.318
27,44,1444,2.40E-06,1.80E-07,8.75E-06,6.50E-07,3,1,500000,9.20E+08,0.5,27,5.12E-10,0.579126,6.62E-07,1.14E-06,58.137,-29.4365,0.00329559,480.277,14137.7,24412.1,7216.21
27,45,1445,8.71E-06,1.00E-06,2.00E-05,7.64E-07,2,5,78116.7,9.20E+08,0.5,27,1.25E-09,0.599008,4.51E-06,5.49E-06,82.1705,-22.6063,0.0123286,702.126,15872.4,26497.9,80.0607
27,46,1446,1.19E-05,9.65E-07,1.98E-05,9.56E-07,3,2,335304,9.20E+08,0.5,27,7.61E-10,0.465551,6.29E-07,8.09E-07,77.8462,-30.923,0.00370043,516.977,15986.5,34338.8,511.771
27,47,1447,9.00E-06,1.00E-06,2.00E-05,4.93E-07,5,2,15837.8,9.20E+08,0.5,27,9.38E-10,0.222161,2.99E-06,7.44E-06,40.2175,-21.2816,0.00669784,127.453,2712.39,12209.1,20055.4
27,48,1448,2.89E-06,3.48E-07,2.00E-05,1.00E-06,2,3,149330,9.20E+08,0.5,27,8.42E-10,0.561784,2.08E-06,2.48E-06,83.9941,-26.0605,0.0078866,673.108,17541.6,31224.7,10.1182
27,49,1449,9.25E-07,2.00E-07,4.87E-06,8.61E-07,2,1,500000,9.20E+08,0.5,27,4.09E-10,0.627656,7.77E-07,1.11E-06,70.189,-29.5562,0.00428416,628.43,18574,29592.7,2193.66
28,0,1450,1.27E-05,1.00E-06,2.00E-05,5.58E-07,2,4,111154,9.20E+08,0.5,27,1.05E-09,0.589473,3.07E-06,3.66E-06,84.0026,-24.3658,0.0105468,706.354,17210.9,29197,9.94893
28,1,1451,5.00E-07,1.00E-06,8.75E-06,8.97E-07,2,1,461057,9.20E+08,0.5,27,4.17E-10,0.463623,4.48E-07,6.07E-07,73.7558,-32.1699,0.00317027,487.784,15692,33846.4,1264.33
28,2,1452,5.04E-06,4.99E-07,1.44E-05,7.91E-07,2,1,335687,9.20E+08,0.5,27,4.28E-10,0.440218,5.62E-07,6.83E-07,82.2784,-31.6554,0.00390759,516.678,16355.6,37153.5,74.0979
28,3,1453,1.66E-05,1.00E-06,1.81E-05,8.71E-07,5,3,59198.2,9.20E+08,0.5,27,1.16E-09,0.410812,2.77E-06,3.90E-06,71.1034,-24.0892,0.00530712,416.677,10037.4,24433.1,1931.23
28,4,1454,2.15E-06,2.89E-07,1.20E-05,1.00E-06,2,2,423914,9.20E+08,0.5,27,6.25E-10,0.600759,8.38E-07,1.18E-06,71.1438,-29.2908,0.00758555,609.682,17858.1,29725.8,1919.95
28,5,1455,1.58E-06,5.72E-07,1.44E-05,1.00E-06,2,3,370635,9.20E+08,0.5,27,8.31E-10,0.626266,1.03E-06,1.44E-06,71.7223,-28.4254,0.011781,640.736,18213.2,29082.2,1762.99
28,6,1456,6.54E-06,7.12E-07,2.00E-05,1.00E-06,2,3,110497,9.20E+08,0.5,27,8.49E-10,0.519324,2.39E-06,2.72E-06,87.9712,-25.6589,0.00763982,651.696,16721.8,32199.3,0
28,7,1457,1.41E-05,5.09E-07,2.00E-05,1.00E-06,3,3,79830.1,9.20E+08,0.5,27,9.54E-10,0.473791,2.74E-06,3.57E-06,76.6429,-24.4697,0.00770941,517.994,12675.2,26752.6,698.423
28,8,1458,1.48E-06,4.90E-07,1.44E-05,8.54E-07,2,1,371727,9.20E+08,0.5,27,4.26E-10,0.43901,5.02E-07,5.95E-07,84.4152,-32.2533,0.00315356,528.642,17050.4,38838.3,3.44984
28,9,1459,8.04E-06,6.02E-07,2.00E-05,1.00E-06,3,1,397687,9.20E+08,0.5,27,5.50E-10,0.290499,1.95E-07,3.47E-07,56.1571,-34.5919,0.00263518,232.711,8049.9,27710.5,8319.47
28,10,1460,5.00E-07,4.96E-07,1.36E-05,9.50E-07,2,2,460445,9.20E+08,0.5,27,6.26E-10,0.56462,6.70E-07,8.60E-07,77.8895,-30.6558,0.00788794,627.338,19231.5,34061,505.588
28,11,1461,6.45E-06,1.00E-06,1.76E-05,7.31E-07,5,2,329168,9.20E+08,0.5,27,9.39E-10,0.529151,8.35E-07,9.99E-07,83.5912,-30.0044,0.00238132,630.967,18931.8,35777.6,19.8464
28,12,1462,7.10E-06,9.35E-07,1.71E-05,8.54E-07,3,2,178390,9.20E+08,0.5,27,7.43E-10,0.489954,1.32E-06,1.40E-06,93.963,-28.5284,0.00390755,656.717,18735.1,38238.4,0.000807417
28,13,1463,7.61E-06,1.00E-06,1.23E-05,6.15E-07,2,2,263155,9.20E+08,0.5,27,6.30E-10,0.560943,1.18E-06,1.58E-06,74.6381,-28.0154,0.00544822,597.235,16731.8,29828,1073.68
28,14,1464,7.92E-06,1.00E-06,1.31E-05,9.64E-07,2,2,482924,9.20E+08,0.5,27,6.41E-10,0.535853,5.86E-07,7.34E-07,79.7688,-31.3407,0.00426616,609.741,19109.7,35662.2,273.652
28,15,1465,5.17E-06,6.24E-07,2.00E-05,6.45E-07,2,3,442420,9.20E+08,0.5,27,8.32E-10,0.618552,8.51E-07,1.34E-06,63.4976,-28.7293,0.0102244,560.274,16096.3,26022.5,4623.52
28,16,1466,5.00E-07,1.80E-07,1.15E-05,8.33E-07,2,1,372629,9.20E+08,0.5,27,4.19E-10,0.492025,6.34E-07,7.81E-07,81.206,-31.072,0.00316886,569.956,17709.7,35993.4,143.946
28,17,1467,1.33E-05,9.29E-07,1.25E-05,9.49E-07,4,3,500000,9.20E+08,0.5,27,1.05E-09,0.576097,6.53E-07,1.01E-06,64.4903,-29.9431,0.00400038,529.976,15869.1,27545.9,4206.46
28,18,1468,1.30E-05,7.25E-07,1.67E-05,6.79E-07,2,2,408191,9.20E+08,0.5,27,6.42E-10,0.521154,6.56E-07,1.01E-06,65.0537,-29.9629,0.00438072,483.62,14490.7,27804.9,3978.57
28,19,1469,7.71E-07,1.00E-06,1.64E-05,9.09E-07,2,1,304925,9.20E+08,0.5,27,4.31E-10,0.255679,2.03E-07,3.86E-07,52.5464,-34.1289,0.00316176,191.648,6540.73,25581.8,10532.9
28,20,1470,5.14E-06,5.72E-07,2.00E-05,4.87E-07,7,2,89402.4,9.20E+08,0.5,27,1.13E-09,0.527924,3.07E-06,3.74E-06,82.002,-24.2711,0.00330665,617.536,14988.2,28390.9,89.8794
28,21,1471,4.58E-06,4.80E-07,1.23E-05,7.31E-07,6,2,243355,9.20E+08,0.5,27,1.02E-09,0.592511,1.42E-06,2.08E-06,68.2877,-26.8154,0.00288351,577.172,15477.1,26121.2,2792.99
28,22,1472,1.60E-05,1.00E-06,2.00E-05,6.50E-07,2,3,500000,9.20E+08,0.5,27,8.58E-10,0.550386,5.99E-07,1.00E-06,59.8642,-29.9969,0.00548696,470.004,14098.6,25615.9,6318.07
28,23,1473,5.00E-07,1.80E-07,2.00E-05,1.00E-06,2,2,500000,9.20E+08,0.5,27,6.40E-10,0.525946,5.39E-07,7.07E-07,76.2433,-31.5071,0.0048658,572.017,18022.6,34267,766.799
28,24,1474,5.45E-06,9.22E-07,2.00E-05,9.09E-07,2,3,192759,9.20E+08,0.5,27,8.46E-10,0.554492,1.57E-06,1.85E-06,85.0981,-27.3358,0.00705155,673.104,18399.8,33183.2,0
28,25,1475,5.00E-07,1.00E-06,1.46E-05,9.34E-07,2,1,452558,9.20E+08,0.5,27,4.28E-10,0.311189,2.00E-07,3.86E-07,51.8662,-34.1302,0.00232943,230.237,7858.04,25251.6,10978.8
28,26,1476,6.83E-06,4.62E-07,1.17E-05,8.35E-07,5,2,361099,9.20E+08,0.5,27,9.26E-10,0.583153,9.27E-07,1.55E-06,59.8245,-28.0963,0.00310997,497.655,13982.3,23977,6338.05
28,27,1477,3.42E-06,5.55E-07,2.00E-05,8.75E-07,3,1,470166,9.20E+08,0.5,27,5.39E-10,0.386954,3.01E-07,4.17E-07,72.3725,-33.8035,0.00281146,399.484,13503.9,34898,1594.65
28,28,1478,5.96E-07,1.80E-07,5.83E-06,1.00E-06,2,2,196726,9.20E+08,0.5,27,6.12E-10,0.641032,2.06E-06,2.72E-06,75.5863,-25.6517,0.0070888,691.177,17729.8,27658.3,886.17
28,29,1479,1.08E-05,1.00E-06,2.00E-05,5.80E-07,4,2,232821,9.20E+08,0.5,27,8.45E-10,0.497944,1.05E-06,1.31E-06,80.061,-28.8351,0.00267536,568.68,16398,32931.3,243.934
28,30,1480,9.67E-06,1.00E-06,2.00E-05,9.48E-07,7,1,151653,9.20E+08,0.5,27,9.57E-10,0.11612,8.06E-08,3.34E-07,24.1324,-34.7617,0.000707558,39.9738,1389.56,11966.5,37049.8
28,31,1481,2.76E-06,6.24E-07,1.58E-05,1.00E-06,4,2,104751,9.20E+08,0.5,27,8.35E-10,0.46081,1.98E-06,2.58E-06,76.4366,-25.8763,0.00434327,502.447,13001.4,28214.3,733.331
28,32,1482,3.22E-06,5.82E-07,1.52E-05,8.41E-07,2,3,459970,9.20E+08,0.5,27,8.29E-10,0.638909,8.68E-07,1.21E-06,71.952,-29.1829,0.0117023,655.764,19137.1,29952.8,1702.5
28,33,1483,2.02E-06,7.78E-07,8.91E-06,1.00E-06,2,2,427448,9.20E+08,0.5,27,6.21E-10,0.615041,8.68E-07,1.19E-06,72.9306,-29.2426,0.00753042,639.853,18711,30422.3,1456.71
28,34,1484,3.67E-06,1.80E-07,9.41E-06,1.00E-06,2,1,500000,9.20E+08,0.5,27,4.20E-10,0.513526,5.16E-07,7.45E-07,69.2927,-31.2798,0.00366127,507.593,15877.4,30918.4,2467.2
28,35,1485,5.80E-06,5.40E-07,1.77E-05,4.05E-07,3,1,500000,9.20E+08,0.5,27,5.21E-10,0.479221,4.51E-07,6.14E-07,73.5223,-32.1204,0.00208433,502.598,16143.6,33687.3,1317.39
28,36,1486,1.07E-05,1.00E-06,2.00E-05,8.00E-07,2,3,236965,9.20E+08,0.5,27,8.53E-10,0.547414,1.25E-06,1.70E-06,73.3048,-27.6898,0.00597207,572.42,15850.2,28954.6,1367.78
28,37,1487,2.89E-06,1.82E-07,8.91E-06,8.29E-07,2,1,205979,9.20E+08,0.5,27,4.16E-10,0.507855,1.23E-06,1.64E-06,74.9198,-27.8583,0.00476191,542.753,15120.2,29772.6,1016.1
28,38,1488,5.63E-06,5.30E-07,2.00E-05,8.54E-07,2,2,269479,9.20E+08,0.5,27,6.40E-10,0.518134,9.81E-07,1.18E-06,82.8252,-29.265,0.00475863,612.168,17915.1,34576.2,47.2955
28,39,1489,1.47E-05,5.72E-07,2.00E-05,7.84E-07,4,3,200061,9.20E+08,0.5,27,1.05E-09,0.549197,1.49E-06,1.87E-06,79.4638,-27.2773,0.00435477,622.536,16981.1,30919.8,306.492
28,40,1490,6.14E-06,6.43E-07,1.68E-05,1.00E-06,2,1,222115,9.20E+08,0.5,27,4.42E-10,0.275198,3.24E-07,5.65E-07,57.4414,-32.4817,0.00416008,225.494,7324.44,26615.2,7595.17
28,41,1491,5.00E-07,9.19E-07,1.32E-05,9.71E-07,2,1,274532,9.20E+08,0.5,27,4.27E-10,0.265665,2.45E-07,4.70E-07,52.1009,-33.2822,0.00272866,197.445,6571.41,24735.7,10823.9
28,42,1492,9.26E-06,9.65E-07,2.00E-05,4.28E-07,2,3,465096,9.20E+08,0.5,27,8.35E-10,0.607041,7.81E-07,1.33E-06,58.9112,-28.7733,0.00890226,510.132,14678.2,24179.9,6806.23
28,43,1493,5.63E-06,1.00E-06,1.34E-05,1.00E-06,2,2,243348,9.20E+08,0.5,27,6.38E-10,0.518933,1.09E-06,1.24E-06,87.4018,-29.0548,0.00497227,646.991,18798.2,36224.7,0
28,44,1494,1.70E-06,6.99E-07,2.00E-05,8.39E-07,2,2,467176,9.20E+08,0.5,27,6.36E-10,0.535067,6.00E-07,7.15E-07,83.9977,-31.4594,0.00495262,641.123,20169.3,37695,10.0451
28,45,1495,5.90E-06,1.00E-06,2.00E-05,6.08E-07,2,3,260674,9.20E+08,0.5,27,8.36E-10,0.595997,1.34E-06,1.61E-06,83.5008,-27.9371,0.00877199,709.905,19832.7,33276.6,22.4775
28,46,1496,4.30E-06,9.65E-07,1.81E-05,8.38E-07,7,3,13019,9.20E+08,0.5,27,1.34E-09,0.220551,3.59E-06,1.02E-05,35.3242,-19.9337,0.00670859,111.134,2215.32,10044.5,24677.5
28,47,1497,1.56E-06,9.17E-07,2.00E-05,9.73E-07,2,3,280785,9.20E+08,0.5,27,8.42E-10,0.557299,1.07E-06,1.26E-06,85.04,-28.9851,0.00943669,676.048,19595.4,35161.3,0
28,48,1498,2.74E-06,1.80E-07,1.04E-05,9.21E-07,2,1,398640,9.20E+08,0.5,27,4.20E-10,0.509148,6.37E-07,7.95E-07,80.1272,-30.9936,0.00354171,581.956,18036.9,35425.7,237.443
28,49,1499,8.14E-06,1.00E-06,1.74E-05,7.71E-07,2,3,128065,9.20E+08,0.5,27,8.43E-10,0.551792,2.34E-06,2.63E-06,89.0422,-25.8059,0.00775037,700.87,18086.6,32777.9,0
29,0,1500,1.02E-05,7.38E-07,2.00E-05,6.23E-07,3,3,173039,9.20E+08,0.5,27,9.40E-10,0.574085,1.88E-06,2.31E-06,81.5964,-26.3728,0.00630229,668.211,17622.6,30696.9,115.843
29,1,1501,8.98E-07,3.50E-07,1.43E-05,9.39E-07,3,2,348815,9.20E+08,0.5,27,7.28E-10,0.569313,9.09E-07,1.12E-06,81.3031,-29.5141,0.00517582,660.274,19487.4,34229.7,136.671
29,2,1502,5.44E-06,7.02E-07,1.74E-05,7.91E-07,2,1,338575,9.20E+08,0.5,27,4.35E-10,0.390376,4.34E-07,5.82E-07,74.541,-32.351,0.00409581,415.091,13428.6,34399.2,1094.01
29,3,1503,5.00E-07,1.00E-06,2.00E-05,7.42E-07,5,2,111999,9.20E+08,0.5,27,9.31E-10,0.245898,5.17E-07,1.40E-06,36.8767,-28.5328,0.0028513,129.352,3690.78,15009.4,23159.1
29,4,1504,5.00E-07,1.80E-07,8.20E-06,8.39E-07,3,1,463830,9.20E+08,0.5,27,5.14E-10,0.561285,6.66E-07,8.58E-07,77.6151,-30.6653,0.00263569,621.435,19056.5,33951.6,545.363
29,5,1505,7.08E-06,8.91E-07,2.00E-05,7.97E-07,2,3,188356,9.20E+08,0.5,27,8.45E-10,0.562454,1.66E-06,1.89E-06,87.4511,-27.2264,0.00733026,701.646,19103.3,33964.2,0
29,6,1506,6.04E-06,3.48E-07,1.19E-05,9.90E-07,2,2,243815,9.20E+08,0.5,27,6.28E-10,0.562289,1.28E-06,1.85E-06,68.8525,-27.3205,0.00651353,552.262,15088.1,26833.3,2607.42
29,7,1507,6.06E-06,7.42E-07,1.61E-05,5.00E-07,2,1,500000,9.20E+08,0.5,27,4.25E-10,0.465291,4.25E-07,5.50E-07,77.2612,-32.5998,0.00283879,512.806,16717.4,35928.8,598.892
29,8,1508,6.87E-06,8.83E-07,1.23E-05,8.54E-07,2,2,278020,9.20E+08,0.5,27,6.33E-10,0.547147,1.06E-06,1.29E-06,82.1812,-28.8894,0.00524706,641.42,18530.2,33867,79.4552
29,9,1509,8.63E-06,8.67E-07,2.00E-05,7.74E-07,2,2,148367,9.20E+08,0.5,27,6.46E-10,0.469569,1.45E-06,1.66E-06,87.6336,-27.8042,0.00582902,586.998,16321,34757.4,0.00740817
29,10,1510,6.53E-06,9.41E-07,1.96E-05,8.22E-07,2,2,460445,9.20E+08,0.5,27,6.45E-10,0.518942,5.76E-07,6.67E-07,86.3412,-31.7579,0.00409582,639.151,20298.1,39114.3,1.08E-12
29,11,1511,7.56E-06,1.00E-06,2.00E-05,1.00E-06,2,3,191211,9.20E+08,0.5,27,8.55E-10,0.532118,1.46E-06,1.65E-06,88.3154,-27.828,0.00628925,670.364,18654.9,35057.7,0
29,12,1512,6.61E-07,2.75E-07,1.77E-05,1.00E-06,2,1,295190,9.20E+08,0.5,27,4.36E-10,0.299723,2.89E-07,4.75E-07,60.9039,-33.2364,0.00400938,260.394,8654.58,28875.2,5806.53
29,13,1513,9.26E-06,8.30E-07,2.00E-05,6.42E-07,2,2,135388,9.20E+08,0.5,27,6.41E-10,0.484868,1.70E-06,2.06E-06,82.6218,-26.8614,0.00563429,571.458,15350.2,31658.5,56.5622
29,14,1514,7.92E-06,1.80E-07,1.79E-05,8.75E-07,2,1,151653,9.20E+08,0.5,27,4.34E-10,0.258558,4.24E-07,7.64E-07,55.4871,-31.1672,0.00374164,204.652,6378.45,24669.3,8710.56
29,15,1515,6.28E-06,4.26E-07,1.82E-05,8.56E-07,5,1,200959,9.20E+08,0.5,27,7.36E-10,0.308553,4.43E-07,7.41E-07,59.7885,-31.2991,0.00203444,263.157,8236.56,26694.1,6356.48
29,16,1516,8.43E-06,1.00E-06,2.00E-05,1.00E-06,3,3,131454,9.20E+08,0.5,27,9.57E-10,0.50759,1.92E-06,2.24E-06,85.8819,-26.5014,0.00516571,621.843,16479.7,32466.6,0
29,17,1517,2.81E-06,1.00E-06,1.81E-05,8.70E-07,2,2,397043,9.20E+08,0.5,27,6.37E-10,0.531081,6.98E-07,8.41E-07,82.9879,-30.7526,0.00468084,628.698,19334.1,36405.1,40.4855
29,18,1518,5.83E-06,7.64E-07,9.36E-06,7.70E-07,2,2,278268,9.20E+08,0.5,27,6.23E-10,0.592627,1.25E-06,1.62E-06,76.7637,-27.8942,0.00605667,648.938,18101.6,30544.7,678.36
29,19,1519,5.00E-07,1.00E-06,8.25E-06,1.00E-06,2,2,361547,9.20E+08,0.5,27,6.17E-10,0.573413,8.76E-07,1.19E-06,73.4087,-29.2335,0.00853907,600.457,17553.5,30612.3,1343.58
29,20,1520,5.13E-06,1.00E-06,1.51E-05,8.33E-07,2,1,372369,9.20E+08,0.5,27,4.35E-10,0.398565,4.11E-07,5.40E-07,75.9707,-32.6721,0.0041111,431.928,14112,35407,815.357
29,21,1521,1.86E-05,1.00E-06,2.00E-05,4.61E-07,4,2,17572.8,9.20E+08,0.5,27,8.56E-10,0.176609,1.70E-06,4.90E-06,34.6514,-23.0981,0.0060847,87.297,2016.39,11417.3,25350.6
29,22,1522,7.22E-06,1.00E-06,2.00E-05,1.00E-06,3,3,189588,9.20E+08,0.5,27,9.54E-10,0.532741,1.47E-06,1.71E-06,85.885,-27.6594,0.00481428,652.679,18052.7,33886.4,0
29,23,1523,1.32E-05,1.00E-06,1.82E-05,1.00E-06,2,3,267384,9.20E+08,0.5,27,8.63E-10,0.527872,1.03E-06,1.19E-06,86.4917,-29.2603,0.00542797,651.282,19056.7,36101,0
29,24,1524,5.45E-06,7.87E-07,4.21E-06,7.29E-07,2,1,500000,9.20E+08,0.5,27,4.15E-10,0.551586,5.99E-07,8.98E-07,66.6858,-30.4689,0.00290806,524.702,15987.1,28983.9,3354.09
29,25,1525,2.97E-06,8.34E-07,1.29E-05,8.23E-07,2,3,346498,9.20E+08,0.5,27,8.26E-10,0.644191,1.17E-06,1.61E-06,72.7212,-27.9263,0.0114261,668.255,18661.9,28969.5,1507.68
29,26,1526,1.16E-05,1.00E-06,2.00E-05,7.92E-07,2,4,152764,9.20E+08,0.5,27,1.05E-09,0.577508,2.15E-06,2.71E-06,79.3497,-25.6653,0.00840014,653.686,16777.1,29050.8,319.262
29,27,1527,6.27E-06,7.37E-07,1.69E-05,4.61E-07,4,2,177405,9.20E+08,0.5,27,8.25E-10,0.566131,1.78E-06,2.13E-06,83.8357,-26.7207,0.00435269,677.037,18090.9,31955.3,13.5558
29,28,1528,1.78E-06,1.80E-07,1.67E-05,8.38E-07,2,1,358181,9.20E+08,0.5,27,4.29E-10,0.441468,5.29E-07,6.28E-07,84.2678,-32.0204,0.00371655,530.674,16992.4,38490.6,5.38806
29,29,1529,2.68E-06,4.94E-07,2.00E-05,8.93E-07,2,2,430879,9.20E+08,0.5,27,6.38E-10,0.536256,6.58E-07,7.75E-07,84.9007,-31.108,0.00435935,649.456,20203.3,37674.7,0.0986067
29,30,1530,1.52E-05,1.00E-06,2.00E-05,9.48E-07,3,3,99148.8,9.20E+08,0.5,27,9.68E-10,0.459985,2.08E-06,2.36E-06,88.325,-26.28,0.0065318,579.554,15230.7,33111.2,0.0128094
29,31,1531,1.31E-05,1.00E-06,1.78E-05,9.68E-07,3,3,249338,9.20E+08,0.5,27,9.61E-10,0.530037,1.11E-06,1.43E-06,77.6453,-28.453,0.00436247,587.067,16703.8,31514.4,540.92
29,32,1532,5.21E-06,8.84E-07,1.97E-05,6.81E-07,5,1,252973,9.20E+08,0.5,27,7.36E-10,0.343838,4.38E-07,6.81E-07,64.3257,-31.6678,0.00193736,315.503,9991.28,29058.1,4274.47
29,33,1533,4.60E-06,8.84E-07,1.97E-05,1.00E-06,2,2,78344.3,9.20E+08,0.5,27,6.48E-10,0.369409,1.68E-06,2.32E-06,72.2107,-26.3416,0.00924187,380.518,10023.4,27133.8,1635.8
29,34,1534,3.67E-06,4.26E-07,1.05E-05,9.21E-07,2,2,391181,9.20E+08,0.5,27,6.23E-10,0.608831,9.34E-07,1.33E-06,70.0184,-28.7503,0.00748865,608.1,17483.1,28715.8,2244.49
29,35,1535,9.21E-06,1.00E-06,1.98E-05,8.91E-07,2,3,99520.1,9.20E+08,0.5,27,8.54E-10,0.501848,2.48E-06,2.91E-06,85.0222,-25.3588,0.00735585,608.654,15434.7,30755.8,0
29,36,1536,5.21E-06,1.80E-07,9.45E-06,1.00E-06,2,2,236965,9.20E+08,0.5,27,6.21E-10,0.596288,1.47E-06,2.82E-06,52.1583,-25.49,0.00844187,443.656,11308.8,18965.3,10785.8
29,37,1537,4.12E-06,5.11E-07,1.97E-05,1.00E-06,2,3,205979,9.20E+08,0.5,27,8.44E-10,0.568191,1.55E-06,2.00E-06,77.1519,-26.9836,0.00723686,625.326,16873.5,29697,615.932
29,38,1538,8.52E-06,1.00E-06,2.00E-05,1.00E-06,5,2,178657,9.20E+08,0.5,27,9.57E-10,0.437409,1.03E-06,1.30E-06,79.4595,-28.8559,0.00339996,495.792,14306.5,32707.5,307.002
29,39,1539,7.34E-06,1.00E-06,2.00E-05,8.27E-07,2,2,267384,9.20E+08,0.5,27,6.48E-10,0.49271,8.91E-07,8.68E-07,98.641,-30.6136,0.00433264,721.155,22077.2,44807.6,578.453
29,40,1540,6.62E-06,5.43E-07,1.72E-05,9.52E-07,2,1,42779.6,9.20E+08,0.5,27,4.40E-10,0.0768388,1.29E-07,7.12E-07,18.0782,-31.4724,0.00350755,19.8154,623.639,8116.2,44786.7
29,41,1541,1.01E-05,9.21E-07,1.78E-05,9.64E-07,3,3,86750.9,9.20E+08,0.5,27,9.53E-10,0.487062,2.67E-06,3.25E-06,82.2788,-24.8853,0.00641429,571.66,14226,29207.7,74.053
29,42,1542,5.25E-06,6.16E-07,1.35E-05,8.63E-07,2,3,239696,9.20E+08,0.5,27,8.30E-10,0.622416,1.59E-06,2.18E-06,73.0641,-26.6219,0.00973346,648.71,17269.9,27746.6,1424.67
29,43,1543,8.28E-06,9.41E-07,1.34E-05,1.00E-06,2,3,377102,9.20E+08,0.5,27,8.42E-10,0.590746,9.10E-07,1.20E-06,75.6507,-29.1965,0.00809415,637.5,18612.8,31507.2,874.087
29,44,1544,5.00E-07,1.80E-07,8.75E-06,8.40E-07,2,4,14797.7,9.20E+08,0.5,27,1.01E-09,0.322619,6.52E-06,1.61E-05,40.4689,-17.9289,0.0214231,186.242,3339.11,10350,19830.4
29,45,1545,2.19E-06,9.17E-07,2.00E-05,8.83E-07,2,3,257872,9.20E+08,0.5,27,8.39E-10,0.572183,1.24E-06,1.58E-06,78.6197,-28.0213,0.00933718,641.7,17981.3,31425.8,407.083
29,46,1546,6.76E-06,1.00E-06,1.90E-05,6.71E-07,2,2,255699,9.20E+08,0.5,27,6.39E-10,0.519052,1.04E-06,1.14E-06,90.7911,-29.4211,0.00489837,672.233,19777.8,38103.8,0
29,47,1547,5.00E-07,1.80E-07,2.00E-05,1.00E-06,2,3,482818,9.20E+08,0.5,27,8.40E-10,0.599636,7.23E-07,8.74E-07,82.7024,-30.5867,0.0112218,707.411,21637.4,36084.2,52.7909
29,48,1548,9.15E-06,7.51E-07,1.25E-05,1.00E-06,2,1,295405,9.20E+08,0.5,27,4.39E-10,0.330343,3.52E-07,5.32E-07,66.2365,-32.7448,0.00437837,312.125,10220.5,30939,3520.92
29,49,1549,5.00E-07,6.83E-07,2.00E-05,7.71E-07,2,3,346550,9.20E+08,0.5,27,8.32E-10,0.565489,8.82E-07,1.30E-06,67.7988,-28.8555,0.0115215,546.906,15781.3,27907.3,2958.8
24,1,1550,3.92E-06,3.89E-07,1.97E-05,8.17E-07,2,2,149798,9.20E+08,0.5,27,6.35E-10,0.512639,1.72E-06,1.91E-06,90.1357,-27.1871,0.00603218,659.136,17920,34956.4,0
