gen,idx,total_index,L5,NF5,NM5,W5,LCAP,NMCAP,WCAp,IRL,NML,NTL,L34,W34,NM34,NF34,VB,L12,NF12,NM12,W12,Fosc_Hz,PD_W,V1pk_V,V1rms_V,PN_100k_dBc,PN_1M_dBc,FOM_100k,FOM_1M,cost
0,0,1,4.897828e-07,1,7,9.547672e-06,6.758462e-06,9,8.272179e-06,3.04214e-05,1,3,4.807927e-07,6.020411e-06,7,4,0.8796904,2.654902e-07,2,6,8.516489e-06,4.049751e+09,0.005761481,1.384017,0.6920086,-82.45903,-110.3151,-167.0023,-174.8583,0.03010926
0,1,2,4.159724e-07,4,10,7.556908e-06,8.810287e-06,5,7.35531e-06,3.599101e-05,1,2,3.394193e-07,6.097937e-06,5,3,1.064041,4.843156e-07,5,8,8.027111e-06,4.602787e+09,0.01220267,1.525439,0.7627194,-90.18886,-116.6109,-172.5847,-179.0068,0.05248432
0,2,3,4.800572e-07,2,9,9.388278e-06,6.733447e-06,3,8.353848e-06,4.26978e-05,1,1,4.242444e-07,5.783623e-06,9,3,0.7823799,2.68444e-07,2,8,8.737248e-06,8.903282e+09,0.008847933,1.353433,0.6767166,-77.78693,-105.2058,-167.3095,-174.7284,0.5561304
0,3,4,3.807656e-07,2,9,5.627889e-06,6.802419e-06,9,8.452469e-06,3.116705e-05,1,6,4.004015e-07,7.093455e-06,8,4,0.8517594,3.151797e-07,2,7,5.46603e-06,1.880168e+09,0.008818767,1.88392,0.9419602,-100.5738,-123.467,-176.6037,-179.4968,0.4453249
0,4,5,4.401412e-07,4,6,7.881025e-06,5.112768e-06,9,5.709949e-06,3.189018e-05,1,5,3.793107e-07,9.548206e-06,5,4,1.078712,2.512967e-07,1,8,9.566481e-06,2.639644e+09,0.01338443,2.00245,1.001225,-94.915,-119.4082,-172.0799,-176.5731,0.4395413
0,5,6,2.38425e-07,3,8,9.356663e-06,9.123568e-06,2,8.513472e-06,3.101691e-05,1,9,3.282393e-07,7.904108e-06,8,2,1.065729,2.663653e-07,2,8,7.059406e-06,1.394373e+09,0.01458057,2.104408,1.052204,-91.57069,-117.202,-162.8205,-168.4518,0.8840218
0,6,7,3.227646e-07,4,9,5.344926e-06,8.296284e-06,10,9.163636e-06,3.779457e-05,1,10,4.943943e-07,5.575181e-06,6,3,1.035946,1.834765e-07,2,9,8.567792e-06,8.928626e+08,0.009477802,2.006131,1.003066,-101.633,-125.6202,-170.8816,-174.8688,0.7826221
0,7,8,2.645004e-07,2,8,8.636558e-06,8.845255e-06,4,5.281942e-06,3.941342e-05,1,5,1.985903e-07,9.848815e-06,9,4,1.133164,4.754058e-07,3,9,8.779353e-06,1.740598e+09,0.02867011,2.080438,1.040219,-94.21517,-120.033,-164.4548,-170.2727,4.051204
0,8,9,4.541426e-07,1,9,9.19589e-06,5.735951e-06,9,6.138414e-06,4.56525e-05,1,5,3.346363e-07,7.883886e-06,9,4,0.8269864,3.183285e-07,3,7,7.443325e-06,1.863128e+09,0.006629415,1.802007,0.9010036,-92.8891,-119.4403,-170.0792,-176.6304,0.4246517
0,9,10,4.715807e-07,1,9,9.846422e-06,9.93358e-06,8,8.884974e-06,4.676385e-05,1,3,3.93954e-07,7.149278e-06,6,4,0.8142057,4.807474e-07,4,10,5.837592e-06,2.720011e+09,0.00626557,1.349541,0.6747706,-81.01356,-109.1712,-161.7354,-169.893,0.1979323
0,10,11,3.817841e-07,4,8,5.569069e-06,7.175151e-06,4,8.926409e-06,4.212222e-05,1,3,2.008583e-07,6.17163e-06,6,1,0.8089544,2.140079e-07,1,9,9.416348e-06,5.094814e+09,0.007907374,1.894835,0.9474173,-89.9094,-115.389,-175.0716,-180.5513,0.0692864
0,11,12,4.702539e-07,3,6,7.878249e-06,9.928463e-06,3,6.382051e-06,3.256744e-05,1,2,2.1949e-07,6.676218e-06,9,5,1.174648,4.58e-07,3,6,8.270158e-06,5.282095e+09,0.01915656,1.851885,0.9259426,-93.25994,-117.6296,-174.8929,-179.2626,0.8947336
0,12,13,1.872962e-07,1,9,5.439915e-06,6.185172e-06,1,5.850592e-06,3.736089e-05,1,3,2.599667e-07,5.031833e-06,6,4,0.8101192,4.109322e-07,4,7,9.990366e-06,3.945979e+09,0.007232418,1.633005,0.8165026,-68.74636,-97.61706,-152.0766,-160.9473,5.724158
0,13,14,4.743351e-07,3,6,5.216017e-06,9.322284e-06,9,5.124314e-06,4.61624e-05,1,5,2.008536e-07,7.000758e-06,7,1,0.8759928,3.567475e-07,2,6,8.612272e-06,2.409019e+09,0.006706652,1.893061,0.9465303,-95.24553,-120.4566,-174.6173,-179.8283,0.3270986
0,14,15,3.953455e-07,3,10,9.614253e-06,7.13135e-06,2,8.642917e-06,4.119737e-05,1,6,4.748339e-07,9.135869e-06,7,3,1.177324,3.34563e-07,2,9,7.539361e-06,1.807567e+09,0.0141162,2.055782,1.027891,-97.36277,-120.9338,-171.0075,-174.5785,0.7050152
0,15,16,2.194066e-07,3,10,5.941565e-06,9.866248e-06,5,6.280944e-06,3.506467e-05,1,6,3.560127e-07,8.44284e-06,6,5,1.042496,2.302094e-07,3,9,9.427438e-06,1.571372e+09,0.0247717,2.065435,1.032718,-94.75592,-120.5265,-164.7419,-170.5125,2.785593
0,16,17,4.859461e-07,3,7,9.387188e-06,7.068518e-06,9,6.640033e-06,3.726623e-05,1,7,2.408926e-07,9.18092e-06,9,4,1.103524,4.854372e-07,4,6,6.053401e-06,nil,0.02033339,nil,nil,nil,nil,1e+12,1e+12,3e+12
0,17,18,4.967585e-07,2,9,7.699551e-06,9.270336e-06,1,7.549267e-06,4.008119e-05,1,9,2.636764e-07,5.241125e-06,9,4,0.9541746,4.166674e-07,2,6,5.337961e-06,1.37095e+09,0.01040263,2.104737,1.052369,-94.02776,-118.2705,-166.5968,-170.8395,0.6828663
0,18,19,3.800108e-07,4,9,9.076615e-06,7.317598e-06,5,7.89355e-06,3.498256e-05,1,4,3.235245e-07,8.209873e-06,7,3,0.9361893,4.504407e-07,3,7,6.774903e-06,2.911469e+09,0.01564424,1.982818,0.9914092,-97.45061,-120.5948,-174.7893,-177.9335,0.5868723
0,19,20,4.910848e-07,3,6,6.168143e-06,8.152746e-06,2,5.408236e-06,3.168541e-05,1,4,3.026542e-07,9.651865e-06,10,1,1.038449,4.307923e-07,3,6,6.812181e-06,3.943297e+09,0.008874793,1.919293,0.9596467,-93.6963,-117.1684,-176.1319,-179.6041,0.1162572
0,20,21,4.114488e-07,3,8,5.858958e-06,5.95535e-06,10,8.929024e-06,4.209648e-05,1,3,1.878115e-07,5.91554e-06,6,3,0.9498699,3.270893e-07,2,8,7.706506e-06,3.589512e+09,0.01348267,1.914003,0.9570016,-93.78786,-119.2532,-173.5908,-179.0561,0.2689946
0,21,22,2.828977e-07,3,9,8.524248e-06,6.802522e-06,9,8.577397e-06,3.003004e-05,1,3,2.18177e-07,9.99618e-06,10,4,1.054659,2.071034e-07,4,8,9.352515e-06,3.039334e+09,0.04173254,2.018232,1.009116,-93.6716,-119.5848,-167.1224,-173.0356,10.3331
0,22,23,3.285736e-07,3,6,7.443518e-06,8.356273e-06,4,5.477195e-06,3.23082e-05,1,4,3.984833e-07,6.756846e-06,8,1,0.856218,2.949211e-07,3,5,5.37304e-06,4.42894e+09,0.005538075,1.796516,0.8982578,-91.90046,-116.0651,-177.3929,-181.5576,0.04831813
0,23,24,3.319674e-07,4,6,7.971006e-06,8.625748e-06,3,6.312999e-06,3.804337e-05,1,2,1.999e-07,5.661724e-06,8,3,0.8655299,2.040207e-07,2,8,5.852519e-06,6.881421e+09,0.01676579,1.984141,0.9920703,-86.17756,-112.5328,-170.6869,-177.0421,0.6839428
0,24,25,2.878395e-07,3,8,5.098794e-06,8.84292e-06,2,5.663252e-06,3.009248e-05,1,6,2.099961e-07,7.956213e-06,5,4,1.134966,3.960465e-07,3,5,9.688726e-06,2.278941e+09,0.01829758,2.085785,1.042892,-91.30385,-116.8811,-165.8346,-171.4119,1.127135
0,25,26,4.830302e-07,2,5,5.045784e-06,7.134048e-06,7,7.797455e-06,4.367086e-05,1,8,2.730207e-07,9.458715e-06,6,4,0.9277367,2.241078e-07,3,8,6.352436e-06,1.201625e+09,0.005714212,1.917829,0.9589146,-98.21496,-122.5721,-172.2408,-176.5979,0.64727
0,26,27,3.339561e-07,1,9,7.874252e-06,8.30177e-06,10,6.972508e-06,4.031667e-05,1,9,3.555062e-07,7.851841e-06,9,4,1.033582,4.665372e-07,2,6,7.274599e-06,9.429653e+08,0.01052062,2.022893,1.011447,-100.9509,-124.9939,-170.2204,-174.2634,0.7763792
0,27,28,4.850477e-07,5,6,6.219819e-06,9.446694e-06,4,9.759342e-06,3.568619e-05,1,5,4.477715e-07,8.812007e-06,10,5,1.037521,3.349825e-07,3,8,9.39411e-06,1.640721e+09,0.0196757,1.977756,0.9888779,-102.5457,-125.4606,-173.9071,-176.822,1.480074
0,28,29,2.062673e-07,2,9,8.15271e-06,8.997017e-06,7,7.367318e-06,3.85917e-05,1,8,4.059013e-07,5.273724e-06,8,4,0.8808349,4.809384e-07,3,8,9.461505e-06,1.071158e+09,0.01373801,2.032052,1.016026,-100.4042,-124.6806,-169.622,-173.8984,0.8761203
0,29,30,4.606993e-07,2,7,8.569857e-06,9.495686e-06,3,8.099345e-06,4.076144e-05,1,3,2.23035e-07,7.966351e-06,6,2,0.9351276,4.675992e-07,2,6,6.861056e-06,4.628315e+09,0.00898007,1.90314,0.9515701,-92.75978,-116.855,-176.5354,-180.6307,0.0753063
0,30,31,3.696026e-07,4,6,6.492248e-06,8.851805e-06,8,5.009934e-06,3.12221e-05,1,6,4.058965e-07,8.223041e-06,7,4,1.18437,2.395264e-07,4,6,9.029445e-06,1.730695e+09,0.01845915,2.025064,1.012532,-98.28395,-122.3827,-170.3862,-174.485,1.256449
0,31,32,2.695589e-07,5,10,7.071779e-06,7.515564e-06,3,8.889377e-06,4.829015e-05,1,9,1.896955e-07,7.65587e-06,8,4,1.040961,4.461619e-07,3,7,9.168714e-06,nil,0.0318224,nil,nil,nil,nil,1e+12,1e+12,3e+12
0,32,33,3.647617e-07,2,7,6.416535e-06,9.276851e-06,9,5.629847e-06,4.641273e-05,1,9,1.851299e-07,9.462815e-06,6,5,1.148058,3.598389e-07,3,6,6.69936e-06,nil,0.01725085,nil,nil,nil,nil,1e+12,1e+12,3e+12
0,33,34,2.899179e-07,2,6,6.868959e-06,9.174622e-06,8,5.598532e-06,3.963009e-05,1,7,4.807869e-07,7.397376e-06,6,2,1.158636,3.389342e-07,1,9,8.113194e-06,1.736559e+09,0.006501465,1.930052,0.9650259,-99.5926,-122.4736,-176.2563,-179.1373,0.4989971
0,34,35,4.445529e-07,5,7,9.213793e-06,8.939862e-06,7,8.84316e-06,4.34509e-05,1,3,4.415464e-07,7.699586e-06,8,1,1.119264,4.727691e-07,5,8,5.173049e-06,3.189005e+09,0.006789294,1.494295,0.7471474,-93.86234,-119.2659,-175.6172,-181.0208,0.1219286
0,35,36,3.200038e-07,2,8,6.887355e-06,8.798859e-06,9,7.640961e-06,4.335706e-05,1,6,3.325082e-07,5.016308e-06,7,2,0.9721513,2.452064e-07,2,6,9.86201e-06,1.827139e+09,0.00839367,1.927647,0.9638237,-99.46777,-123.0134,-175.4637,-179.0094,0.4745535
0,36,37,4.464048e-07,2,6,8.249238e-06,9.358402e-06,7,8.854653e-06,4.384536e-05,1,8,2.845862e-07,8.303227e-06,6,3,0.8990566,3.534147e-07,2,6,5.350565e-06,1.269392e+09,0.008316406,1.999559,0.9997794,-100.006,-123.3264,-172.8785,-176.1989,0.6599079
0,37,38,1.91121e-07,3,8,7.556706e-06,7.995377e-06,10,9.416693e-06,3.18549e-05,1,1,2.518282e-07,5.7079e-06,9,3,0.8902201,3.482147e-07,3,5,6.483008e-06,7.725231e+09,0.0164019,1.49246,0.7462301,-92.53474,-117.2664,-178.144,-182.8757,0.6748122
0,38,39,2.184559e-07,4,5,7.235034e-06,6.547065e-06,3,5.270676e-06,4.2813e-05,1,5,4.53869e-07,9.000116e-06,7,3,0.9319889,4.894815e-07,1,7,9.252342e-06,2.44452e+09,0.009618782,2.00657,1.003285,-98.45274,-120.7753,-176.3854,-178.708,0.3651701
0,39,40,2.259119e-07,3,9,6.839688e-06,8.402927e-06,8,9.62082e-06,4.984371e-05,1,4,1.847737e-07,7.959365e-06,7,4,1.026936,4.741608e-07,5,9,9.866939e-06,nil,nil,nil,nil,nil,nil,1e+12,1e+12,4e+12
0,40,41,3.763996e-07,3,7,7.347947e-06,6.666678e-06,9,9.606219e-06,4.475511e-05,1,10,2.144265e-07,8.339051e-06,6,4,1.002714,3.346834e-07,2,7,7.037749e-06,nil,0.01681618,nil,nil,nil,nil,1e+12,1e+12,3e+12
0,41,42,2.821951e-07,4,9,6.671388e-06,6.091661e-06,3,9.989816e-06,4.667489e-05,1,10,3.83887e-07,5.622534e-06,8,2,0.9835186,1.97408e-07,3,7,9.878219e-06,9.948919e+08,0.01162105,2.100561,1.050281,-95.47905,-120.8079,-164.7821,-170.1109,0.8217243
0,42,43,2.57296e-07,2,10,6.745665e-06,9.271472e-06,2,9.978608e-06,3.831763e-05,1,4,4.190621e-07,9.770003e-06,8,2,1.07113,4.924904e-07,3,10,9.872479e-06,2.393174e+09,0.01379751,1.897666,0.9488332,-99.72277,-122.5981,-175.9042,-178.7796,0.476226
0,43,44,3.161936e-07,1,10,5.313759e-06,6.105567e-06,6,6.166055e-06,4.480087e-05,1,8,2.149395e-07,7.802059e-06,10,2,0.978613,2.848604e-07,2,8,6.617052e-06,1.419834e+09,0.009180667,2.059371,1.029685,-92.17065,-118.2554,-165.5867,-171.6714,0.6435028
0,44,45,3.610707e-07,1,8,6.564575e-06,5.357729e-06,4,8.432216e-06,4.570334e-05,1,4,4.138096e-07,6.197947e-06,9,4,0.8333161,4.253314e-07,1,9,9.999358e-06,2.723092e+09,0.005101919,1.699236,0.8496182,-83.91167,-111.9427,-165.5356,-173.5667,0.2150154
0,45,46,4.32294e-07,2,9,9.488023e-06,9.303476e-06,7,5.966373e-06,3.737448e-05,1,4,4.807419e-07,6.832662e-06,10,1,0.7557772,2.510399e-07,2,7,9.542214e-06,3.207294e+09,0.005750558,1.686879,0.8434397,-95.69358,-119.6007,-178.2193,-182.1263,0.1348576
0,46,47,4.725044e-07,3,6,8.223656e-06,9.030409e-06,9,7.359964e-06,4.982458e-05,1,6,4.061581e-07,8.285936e-06,7,1,0.9273291,2.460452e-07,4,6,6.998329e-06,1.645023e+09,0.006485799,1.853006,0.926503,-101.3811,-124.497,-177.5849,-180.7008,0.4966531
0,47,48,2.556629e-07,2,9,5.881325e-06,7.59576e-06,7,6.168142e-06,4.06398e-05,1,4,4.466845e-07,8.912158e-06,6,3,1.18613,4.748304e-07,2,9,6.966688e-06,2.682375e+09,0.0109246,1.914067,0.9570337,-99.46177,-121.9313,-177.6481,-180.1176,0.2895751
0,48,49,2.431016e-07,3,10,9.519683e-06,5.87168e-06,3,9.554819e-06,4.136801e-05,1,8,3.969275e-07,9.142745e-06,5,4,1.007154,2.412473e-07,2,6,7.125131e-06,1.365554e+09,0.01534343,2.10264,1.05132,-92.50769,-118.0303,-163.3546,-168.8773,0.9672299
0,49,50,4.621313e-07,1,9,8.575247e-06,9.399314e-06,2,5.574655e-06,4.698082e-05,1,4,4.068397e-07,6.8943e-06,8,2,0.8816545,3.150476e-07,3,8,6.664938e-06,3.021228e+09,0.006438489,1.876588,0.9382941,-94.31672,-118.4465,-175.8325,-179.9623,0.2100436
1,0,51,4.897828e-07,1,7,9.547672e-06,6.758462e-06,9,8.272179e-06,3.04214e-05,1,3,4.807927e-07,6.020411e-06,7,4,0.8796904,2.654902e-07,2,6,8.516489e-06,4.049751e+09,0.005761481,1.384018,0.6920089,-82.45982,-110.3158,-167.003,-174.8591,0.03010928
1,1,52,2.406109e-07,3,8,8.250795e-06,7.860306e-06,5,8.488679e-06,3.783479e-05,1,6,3.784074e-07,8.453173e-06,7,3,1.113133,3.87378e-07,2,8,6.970457e-06,1.843341e+09,0.01443563,2.034144,1.017072,-97.75473,-121.2709,-171.4725,-174.9886,0.712689
1,2,53,2.243469e-07,2,6,7.008739e-06,8.638805e-06,6,9.038281e-06,4.49162e-05,1,4,4.087981e-07,7.937856e-06,8,3,0.8515926,2.606923e-07,4,7,8.999378e-06,2.220944e+09,0.01164122,1.897311,0.9486555,-97.44323,-122.4756,-173.714,-178.7464,0.3960255
1,3,54,4.743351e-07,3,6,5.216017e-06,9.322284e-06,9,5.124314e-06,4.61624e-05,1,5,2.008536e-07,7.000758e-06,7,1,0.8759928,3.567475e-07,2,6,8.612272e-06,2.409018e+09,0.006706652,1.893062,0.9465308,-95.24534,-120.4564,-174.6171,-179.8282,0.3270992
1,4,55,4.702448e-07,2,5,6.873012e-06,9.278639e-06,7,5.134907e-06,4.532048e-05,1,4,4.375985e-07,7.293292e-06,8,1,0.8947153,4.545799e-07,3,7,5.070389e-06,3.049689e+09,0.004209704,1.643104,0.8215519,-95.14922,-118.9765,-178.5918,-182.4191,0.1516943
1,5,56,4.424336e-07,2,6,7.965855e-06,7.926559e-06,9,6.330045e-06,4.364225e-05,1,6,3.757529e-07,9.069736e-06,9,3,1.067971,2.547856e-07,2,7,6.881881e-06,1.602344e+09,0.01203797,2.005043,1.002522,-99.71514,-123.2968,-173.0047,-176.5864,0.6078141
1,6,57,4.585463e-07,2,8,5.624722e-06,8.877164e-06,9,5.81554e-06,4.588216e-05,1,5,3.052265e-07,7.872888e-06,8,2,0.8543877,3.269741e-07,3,7,7.54025e-06,2.028959e+09,0.007397512,1.871338,0.9356691,-98.53005,-122.3944,-175.9847,-179.849,0.4045954
1,7,58,3.298668e-07,4,10,9.677026e-06,7.782903e-06,5,9.642073e-06,3.670411e-05,1,4,3.24133e-07,6.927128e-06,6,2,0.9374109,2.24725e-07,3,7,8.579712e-06,3.079975e+09,0.01257857,1.927718,0.9638588,-95.05924,-119.579,-173.8339,-178.3536,0.285761
1,8,59,4.118128e-07,3,6,6.269054e-06,8.237069e-06,2,7.122002e-06,4.957109e-05,1,4,3.617248e-07,7.606035e-06,6,3,1.063045,4.338971e-07,3,7,7.168573e-06,2.728197e+09,0.0105965,1.993783,0.9968917,-97.4422,-120.3301,-175.9081,-178.796,0.3083719
1,9,60,2.693893e-07,3,6,6.920112e-06,8.944191e-06,9,7.754943e-06,3.710428e-05,1,3,3.34926e-07,6.173607e-06,8,3,1.087102,3.393654e-07,2,7,7.473409e-06,3.539284e+09,0.01297006,1.852119,0.9260594,-98.15604,-121.413,-178.0049,-181.2618,0.2204336
1,10,61,3.340943e-07,1,7,5.097796e-06,6.685705e-06,6,7.619931e-06,4.43236e-05,1,7,2.440563e-07,9.028978e-06,8,4,0.9386929,2.419584e-07,3,8,6.425869e-06,1.374053e+09,0.005781833,1.883058,0.9415291,-94.60544,-120.9835,-169.7449,-176.1229,0.5830117
1,11,62,4.228437e-07,5,9,7.701698e-06,6.334013e-06,9,6.758822e-06,4.32666e-05,1,6,4.562113e-07,7.588147e-06,6,3,0.9824429,2.487138e-07,2,7,9.705945e-06,1.73793e+09,0.01215675,2.010537,1.005268,-98.05458,-122.0015,-172.007,-175.954,0.5787976
1,12,63,3.926129e-07,1,10,6.950347e-06,8.989345e-06,5,7.849589e-06,3.948856e-05,1,10,2.386401e-07,5.548595e-06,7,4,0.9546778,3.593146e-07,2,8,6.108432e-06,nil,0.008874255,nil,nil,nil,nil,1e+12,1e+12,3e+12
1,13,64,3.379936e-07,5,8,5.514803e-06,8.46234e-06,7,8.743312e-06,3.992875e-05,1,4,4.456704e-07,7.254439e-06,9,1,0.918313,4.149656e-07,1,7,6.974139e-06,3.189185e+09,0.005091123,1.691585,0.8457924,-98.20066,-121.1141,-181.2061,-184.1195,0.1382162
1,14,65,3.273872e-07,3,10,6.929866e-06,9.266782e-06,4,9.112865e-06,3.811675e-05,1,2,3.817223e-07,6.218379e-06,7,3,1.067917,2.737478e-07,2,10,9.814342e-06,5.14575e+09,0.01401479,1.7625,0.8812498,-92.97968,-117.5981,-175.7428,-180.3612,0.1918911
1,15,66,3.99515e-07,2,7,7.797276e-06,6.481561e-06,8,8.368152e-06,3.201441e-05,1,2,2.285526e-07,7.636915e-06,8,2,1.039402,3.462694e-07,3,9,8.971634e-06,5.181273e+09,0.01415601,1.680584,0.840292,-92.4413,-118.2698,-175.2206,-181.0491,0.1874717
1,16,67,3.93982e-07,3,10,8.489334e-06,7.460801e-06,3,9.373347e-06,4.177417e-05,1,8,3.583144e-07,9.089973e-06,5,4,0.9894714,3.255032e-07,2,6,6.785581e-06,1.375027e+09,0.0135179,2.091871,1.045935,-94.74834,-119.3449,-166.2055,-170.802,0.7969606
1,17,68,3.706625e-07,2,9,9.840415e-06,9.925118e-06,9,5.005593e-06,4.01341e-05,1,4,4.661824e-07,6.588131e-06,6,4,0.8425545,3.044561e-07,5,9,6.032039e-06,2.326882e+09,0.01165372,1.848144,0.9240718,-100.1056,-123.3546,-176.7764,-180.0254,0.3569737
1,18,69,3.906837e-07,3,9,6.186943e-06,6.758066e-06,4,8.411003e-06,3.338678e-05,1,3,2.961956e-07,6.163144e-06,6,2,0.7901073,2.825667e-07,2,9,9.097453e-06,4.737257e+09,0.008830857,1.806475,0.9032377,-92.00033,-116.5694,-176.0508,-180.6199,0.04284848
1,19,70,4.669377e-07,1,6,8.256287e-06,7.594871e-06,9,9.111097e-06,4.5772e-05,1,6,3.911503e-07,7.959999e-06,8,2,0.9833993,2.995523e-07,3,8,7.290798e-06,1.559185e+09,0.006101761,1.812877,0.9064387,-100.2662,-124.4154,-176.2696,-180.4188,0.5083574
1,20,71,4.114488e-07,2,8,5.858958e-06,5.95535e-06,10,8.929024e-06,3.779519e-05,1,3,1.846012e-07,7.924062e-06,9,3,0.9498699,3.270893e-07,2,6,9.449629e-06,3.508258e+09,0.01195042,1.825039,0.9125195,-94.03231,-119.2404,-174.1603,-179.3684,0.1656695
1,21,72,3.92962e-07,2,8,8.181607e-06,8.739657e-06,9,5.732886e-06,4.600233e-05,1,7,3.736684e-07,8.566473e-06,8,4,0.9559708,3.49288e-07,4,7,7.281547e-06,nil,0.01487627,nil,nil,nil,nil,1e+12,1e+12,3e+12
1,22,73,4.639198e-07,4,7,6.425492e-06,9.804746e-06,8,8.291397e-06,4.101196e-05,1,4,4.365405e-07,6.843559e-06,10,4,0.8114129,3.498708e-07,4,8,8.831927e-06,1.984104e+09,0.01200364,1.802986,0.901493,-99.28525,-123.911,-174.4434,-179.0692,0.4350672
1,23,74,2.569832e-07,2,10,5.859885e-06,8.735038e-06,7,5.793362e-06,3.086023e-05,1,5,2.817716e-07,8.287014e-06,6,4,1.168802,4.199195e-07,2,7,8.749465e-06,2.428139e+09,0.01665975,2.010616,1.005308,-96.93288,-120.605,-172.4217,-176.0938,0.8138832
1,24,75,2.320476e-07,2,9,5.698301e-06,6.97481e-06,9,7.862077e-06,3.536088e-05,1,8,4.29169e-07,8.766806e-06,7,4,0.8094295,4.281008e-07,2,8,5.481497e-06,1.208672e+09,0.01012738,1.99266,0.9963298,-99.3058,-123.7072,-170.897,-175.2984,0.6755445
1,25,76,2.13135e-07,2,6,5.209518e-06,7.478917e-06,8,6.373114e-06,4.519345e-05,1,8,2.142405e-07,7.122605e-06,7,4,0.876128,2.942094e-07,3,6,7.485496e-06,1.202225e+09,0.01085937,2.043463,1.021731,-89.02645,-116.6352,-160.2681,-167.8768,0.7081462
1,26,77,4.482299e-07,2,9,7.863371e-06,8.237583e-06,4,7.563995e-06,4.039286e-05,1,2,3.144276e-07,6.182424e-06,6,2,0.9634709,4.734522e-07,3,7,7.207494e-06,5.730665e+09,0.008228979,1.628705,0.8143525,-90.30937,-115.2616,-176.32,-181.2723,0.02265394
1,27,78,2.339534e-07,3,8,8.651742e-06,8.246579e-06,9,9.053169e-06,3.127748e-05,1,7,3.117535e-07,7.480091e-06,8,2,0.7601045,2.681553e-07,3,6,6.833407e-06,1.582916e+09,0.01281113,1.985876,0.992938,-97.32874,-122.0331,-170.242,-174.9464,0.6422161
1,28,79,3.434423e-07,3,8,8.456741e-06,6.581513e-06,3,9.327276e-06,4.682091e-05,1,2,3.539415e-07,6.54924e-06,8,3,0.871701,2.834418e-07,2,8,6.632803e-06,5.429716e+09,0.01296607,1.904771,0.9523855,-92.26499,-116.6854,-175.8324,-180.2529,0.1649731
1,29,80,4.317355e-07,2,6,7.118578e-06,6.958442e-06,2,8.394839e-06,4.182372e-05,1,2,4.377138e-07,7.698361e-06,9,3,0.7881576,3.067975e-07,2,8,8.037392e-06,5.488263e+09,0.005766061,1.39597,0.6979848,-73.70046,-101.9741,-160.8804,-169.154,0.005795785
1,30,81,4.55375e-07,2,8,9.461034e-06,6.671986e-06,10,8.747866e-06,3.054722e-05,1,3,3.08795e-07,5.937292e-06,9,4,0.9113586,4.219589e-07,2,7,6.490682e-06,3.776099e+09,0.01158186,1.757647,0.8788233,-97.50476,-120.9256,-178.4078,-181.8287,0.1071354
1,31,82,4.677497e-07,1,8,7.282123e-06,7.244402e-06,6,7.050328e-06,4.643925e-05,1,3,2.727553e-07,6.759913e-06,7,4,0.7611777,4.280396e-07,1,10,7.796985e-06,3.861059e+09,0.003239573,1.239499,0.6197494,-76.31413,-104.4811,-162.9434,-171.1103,0.04495621
1,32,83,4.11956e-07,2,8,7.690996e-06,9.080108e-06,6,6.888841e-06,3.967042e-05,1,5,2.900602e-07,6.743941e-06,8,3,0.7778256,3.274626e-07,4,6,5.34682e-06,2.260806e+09,0.008026372,1.898108,0.9490541,-97.16461,-121.0252,-175.2047,-179.0653,0.3605419
1,33,84,4.351536e-07,2,7,7.714543e-06,8.935118e-06,2,5.815921e-06,3.959294e-05,1,3,3.339454e-07,5.652383e-06,8,4,1.195006,3.312039e-07,2,6,9.938037e-06,4.183564e+09,0.01295981,1.976848,0.9884242,-94.03327,-117.8225,-175.3382,-179.1275,0.2100421
1,34,85,4.777722e-07,3,8,5.603355e-06,7.848297e-06,5,9.060851e-06,3.91217e-05,1,3,2.074363e-07,9.893296e-06,7,2,0.8446542,3.347086e-07,3,8,8.027367e-06,3.63574e+09,0.01048238,1.811914,0.9059571,-91.37325,-117.2348,-172.3805,-178.242,0.1121375
1,35,86,3.686457e-07,1,7,7.877459e-06,5.207459e-06,10,5.136269e-06,3.583925e-05,1,8,3.732431e-07,7.747833e-06,9,4,1.051453,4.367067e-07,2,7,7.644582e-06,1.247995e+09,0.009147185,1.996413,0.9982066,-100.6851,-124.0294,-172.9965,-176.3407,0.6650054
1,36,87,3.475572e-07,2,8,6.685445e-06,7.866799e-06,2,8.706909e-06,4.4095e-05,1,4,4.172847e-07,6.817475e-06,9,2,0.9372439,4.830773e-07,2,9,9.90745e-06,2.76112e+09,0.009000338,1.902726,0.9513629,-97.77187,-120.5311,-177.051,-179.8102,0.2626212
1,37,88,2.641756e-07,2,9,7.26945e-06,9.051961e-06,6,7.770272e-06,4.390449e-05,1,5,4.189315e-07,8.607528e-06,7,2,0.9866634,4.503779e-07,3,9,8.014907e-06,1.884697e+09,0.01083212,1.919889,0.9599447,-101.1509,-123.8358,-176.3086,-178.9934,0.4639608
1,38,89,3.20356e-07,2,9,5.800584e-06,5.153555e-06,8,9.088213e-06,3.803285e-05,1,9,4.634524e-07,5.563049e-06,8,4,1.062311,3.452322e-07,2,9,9.387073e-06,nil,0.01171676,nil,nil,nil,nil,1e+12,1e+12,3e+12
1,39,90,4.206364e-07,2,6,5.82231e-06,6.064048e-06,9,8.651439e-06,4.225782e-05,1,2,2.528026e-07,6.079521e-06,6,4,0.9386954,2.368169e-07,3,8,7.124995e-06,4.895014e+09,0.008696473,1.579823,0.7899117,-83.87892,-111.6736,-168.2806,-176.0753,0.00283293
1,40,91,4.148459e-07,2,7,7.751608e-06,9.447998e-06,2,6.923442e-06,4.803454e-05,1,3,2.162398e-07,7.959185e-06,6,4,0.8802791,4.515806e-07,3,5,7.518114e-06,3.752598e+09,0.01050008,1.928485,0.9642427,-92.78471,-117.3095,-174.0594,-178.5842,0.1389334
1,41,92,2.500121e-07,2,8,6.971757e-06,5.939946e-06,4,8.298251e-06,3.825374e-05,1,3,4.586686e-07,6.156495e-06,7,1,1.034284,4.764425e-07,2,8,8.148204e-06,4.699477e+09,0.004434779,1.488394,0.7441971,-88.17985,-113.878,-175.1521,-180.8502,0.001674699
1,42,93,4.611818e-07,1,8,8.570494e-06,9.457548e-06,3,6.852762e-06,4.322508e-05,1,4,2.840394e-07,7.634385e-06,7,2,0.9215308,3.805499e-07,3,9,6.756888e-06,2.923051e+09,0.007077503,1.830439,0.9152193,-92.28865,-117.7403,-173.1066,-178.5583,0.2113079
1,43,94,4.273361e-07,1,9,9.067537e-06,9.704756e-06,5,8.434554e-06,3.544993e-05,1,3,4.002524e-07,7.078282e-06,7,4,0.8236729,4.599002e-07,1,9,9.509542e-06,3.811023e+09,0.006245328,1.522359,0.7611793,-83.08635,-110.9552,-166.7516,-174.6205,0.04961292
1,44,95,2.8552e-07,5,7,7.967018e-06,9.651654e-06,2,5.717706e-06,3.280605e-05,1,3,2.929254e-07,6.705787e-06,8,3,1.112242,3.748746e-07,3,8,7.731371e-06,4.198375e+09,0.01947313,1.994966,0.9974831,-94.04343,-117.9215,-173.6107,-177.4888,1.026789
1,45,96,4.488924e-07,5,7,7.817497e-06,9.962535e-06,9,5.978677e-06,4.367494e-05,1,4,2.45439e-07,7.456314e-06,7,4,0.9238634,3.934916e-07,5,6,6.126943e-06,2.246626e+09,0.01994003,2.010388,1.005194,-97.56185,-121.9385,-171.5952,-175.9719,1.397045
1,46,97,4.51715e-07,2,6,8.650563e-06,9.213602e-06,7,7.83187e-06,4.945234e-05,1,4,4.181834e-07,8.671874e-06,7,4,0.8653312,3.467419e-07,4,6,8.963206e-06,2.018436e+09,0.009230279,1.81904,0.9095199,-97.66141,-122.755,-174.1096,-179.2031,0.3910697
1,47,98,3.330015e-07,2,6,5.197655e-06,9.924907e-06,7,7.883262e-06,4.355091e-05,1,7,4.183354e-07,9.752295e-06,7,2,0.9744663,4.852995e-07,3,9,7.160279e-06,1.270119e+09,0.008005785,1.919838,0.9599189,-103.1998,-125.9539,-176.2427,-178.9968,0.6271123
1,48,99,4.636077e-07,3,9,8.281742e-06,9.234235e-06,6,9.280782e-06,4.464164e-05,1,5,3.041856e-07,8.206411e-06,9,1,0.9342237,3.026829e-07,3,6,6.896982e-06,2.212925e+09,0.00957421,1.939881,0.9699403,-98.34619,-121.9779,-175.4345,-179.0662,0.3867213
1,49,100,4.825679e-07,2,9,8.583927e-06,8.981159e-06,1,7.794364e-06,3.810865e-05,1,4,4.485026e-07,9.980486e-06,7,3,0.8812143,2.906534e-07,2,7,7.025981e-06,3.142684e+09,0.0103703,1.96559,0.9827948,-95.90809,-119.4045,-175.6962,-179.1926,0.2263348
2,0,101,2.500121e-07,2,8,6.971757e-06,5.939946e-06,4,8.298251e-06,3.825374e-05,1,3,4.586686e-07,6.156495e-06,7,1,1.034284,4.764425e-07,2,8,8.148204e-06,4.699477e+09,0.004434779,1.488394,0.7441971,-88.17986,-113.878,-175.1521,-180.8502,0.001674699
2,1,102,3.233287e-07,2,7,7.178303e-06,8.059964e-06,6,7.458787e-06,4.558566e-05,1,3,3.469124e-07,7.089727e-06,8,3,0.7848108,3.274549e-07,1,10,8.524381e-06,3.567002e+09,0.007936668,1.812408,0.906204,-94.04586,-119.0495,-176.0955,-181.0991,0.1173832
2,2,103,4.206364e-07,2,6,5.82231e-06,6.064048e-06,9,8.651439e-06,4.225782e-05,1,2,2.528026e-07,6.079521e-06,6,1,0.8301649,2.368169e-07,3,8,7.120915e-06,5.512283e+09,0.00497019,1.275717,0.6378586,-81.95235,-109.4588,-169.8153,-177.3217,0.006535075
2,3,104,2.332512e-07,3,8,8.180425e-06,7.400751e-06,6,8.668051e-06,3.951334e-05,1,2,3.362973e-07,6.283841e-06,7,2,0.9705087,3.979027e-07,5,9,7.04619e-06,4.466817e+09,0.01233702,1.576474,0.7882368,-91.46748,-117.5216,-173.5553,-179.6095,0.0650314
2,4,105,4.299389e-07,2,6,9.604115e-06,8.618399e-06,7,6.514244e-06,3.631872e-05,1,4,2.616403e-07,6.426311e-06,7,2,1.068504,4.444042e-07,3,8,5.378646e-06,3.102116e+09,0.0100416,1.894227,0.9471137,-96.98979,-120.4742,-176.8049,-180.2893,0.2037175
2,5,106,2.028337e-07,4,8,6.142268e-06,5.48753e-06,9,9.969468e-06,3.781739e-05,1,9,4.033226e-07,6.020185e-06,10,3,1.064841,4.35197e-07,2,9,8.565149e-06,9.623403e+08,0.01499474,2.065539,1.03277,-99.97523,-123.8122,-167.8824,-171.7194,1.037402
2,6,107,4.116139e-07,2,6,6.324441e-06,6.607199e-06,8,7.094764e-06,3.812065e-05,1,4,3.114008e-07,7.65797e-06,8,3,0.8743934,3.274401e-07,4,7,9.370729e-06,2.501593e+09,0.007879311,1.706333,0.8531665,-87.2629,-114.989,-166.2623,-173.9885,0.2585032
2,7,108,3.223544e-07,3,7,8.695876e-06,7.581161e-06,10,8.658942e-06,3.696557e-05,1,3,3.618102e-07,6.009244e-06,8,3,0.9808911,3.521555e-07,4,7,6.508985e-06,3.238137e+09,0.01381874,1.813,0.9065,-98.80113,-122.147,-177.6023,-180.9482,0.3043964
2,8,109,4.493846e-07,2,8,9.115544e-06,7.935692e-06,6,6.995022e-06,3.694483e-05,1,2,3.140894e-07,5.946597e-06,8,2,0.9116773,4.530878e-07,2,7,6.493092e-06,6.159149e+09,0.008230989,1.668409,0.8342044,-92.49111,-116.4481,-179.127,-183.084,0.05573457
2,9,110,3.958256e-07,2,8,6.106471e-06,8.02466e-06,5,8.612879e-06,4.62994e-05,1,2,3.075668e-07,7.406669e-06,8,2,0.8562052,2.105623e-07,3,7,7.493451e-06,5.143996e+09,0.008866503,1.720557,0.8602783,-88.8618,-115.1979,-173.6103,-179.9464,0.02169451
2,10,111,4.218597e-07,2,6,7.822208e-06,6.769506e-06,9,8.423484e-06,3.579983e-05,1,2,3.358548e-07,6.272735e-06,7,3,0.879793,3.001742e-07,3,8,7.29329e-06,5.093651e+09,0.008640831,1.471628,0.7358139,-84.21822,-111.7989,-168.9932,-176.5739,0.0
2,11,112,4.611697e-07,1,9,7.993143e-06,5.815084e-06,4,7.367896e-06,4.169643e-05,1,4,2.854045e-07,7.270762e-06,7,2,0.9457642,3.869131e-07,3,9,6.758808e-06,3.011916e+09,0.007563105,1.852647,0.9263234,-93.51274,-118.286,-174.3026,-179.0759,0.2037451
2,12,113,4.451133e-07,3,9,8.484734e-06,5.062494e-06,4,6.989732e-06,3.997056e-05,1,6,4.504927e-07,8.167601e-06,7,3,0.979812,2.750358e-07,2,7,8.892578e-06,1.948e+09,0.01257289,2.05014,1.02507,-96.68053,-120.4762,-171.478,-175.2736,0.5636553
2,13,114,3.997893e-07,2,9,7.171684e-06,7.474521e-06,4,8.192824e-06,3.563161e-05,1,3,2.981553e-07,7.223962e-06,6,2,0.913493,3.254625e-07,3,7,8.562517e-06,4.269464e+09,0.009850776,1.825751,0.9128757,-93.73984,-117.9179,-176.4126,-180.5907,0.06372054
2,14,115,3.954674e-07,3,6,8.916912e-06,7.345957e-06,5,7.400288e-06,4.841941e-05,1,4,3.807814e-07,7.331963e-06,7,4,0.9507108,3.053801e-07,3,6,7.732482e-06,2.458601e+09,0.01388505,2.009315,1.004658,-98.04731,-121.4378,-174.4356,-177.8261,0.5144738
2,15,116,3.12834e-07,2,6,5.134793e-06,7.540701e-06,6,8.678483e-06,4.162432e-05,1,2,2.674387e-07,5.22372e-06,8,3,0.9384917,3.470073e-07,2,7,8.11851e-06,5.392418e+09,0.008638866,1.662429,0.8312143,-86.36396,-113.5702,-171.6351,-178.8413,0.01501333
2,16,117,4.220161e-07,2,8,6.978384e-06,7.262619e-06,5,9.111279e-06,3.977186e-05,1,2,4.167969e-07,5.156174e-06,7,4,1.010559,3.25225e-07,1,8,5.598772e-06,5.899338e+09,0.007618892,1.685399,0.8426996,-93.31947,-117.2165,-179.9166,-183.8137,0.03984203
2,17,118,3.534942e-07,1,9,8.705545e-06,5.327992e-06,4,8.214944e-06,3.81471e-05,1,3,4.187608e-07,6.612789e-06,7,3,0.9246729,2.899261e-07,2,9,8.372383e-06,4.102519e+09,0.008572479,1.817001,0.9085007,-92.75501,-117.4761,-175.685,-180.4061,0.07115017
2,18,119,3.810088e-07,3,6,7.251339e-06,7.589575e-06,5,8.023931e-06,4.603145e-05,1,6,4.005152e-07,6.766687e-06,8,2,0.871715,3.534606e-07,2,7,5.844665e-06,2.003688e+09,0.007738496,1.989512,0.9947559,-98.4687,-121.3783,-175.6187,-178.5283,0.455879
2,19,120,3.002015e-07,3,8,8.332974e-06,6.789943e-06,8,9.073918e-06,3.713967e-05,1,4,3.584868e-07,9.764392e-06,8,3,1.034615,2.743771e-07,2,8,7.238635e-06,2.57815e+09,0.018228,1.987398,0.9936989,-97.29265,-121.3395,-172.9114,-176.9583,1.007111
2,20,121,3.217846e-07,2,9,8.853633e-06,9.235113e-06,9,6.791686e-06,3.764172e-05,1,4,3.393634e-07,6.261094e-06,6,5,1.019956,3.07072e-07,2,9,7.353153e-06,2.57995e+09,0.01560984,1.95588,0.9779402,-98.57922,-122.0865,-174.8775,-178.3848,0.6312535
2,21,122,4.490686e-07,3,6,5.62414e-06,9.360223e-06,2,8.000472e-06,4.115788e-05,1,10,2.101848e-07,5.164313e-06,7,2,0.8693833,3.357877e-07,3,7,7.869072e-06,1.148375e+09,0.008342483,2.092058,1.046029,-94.28968,-119.7292,-166.2784,-171.7179,0.7419935
2,22,123,3.512109e-07,4,5,8.422541e-06,7.834833e-06,2,5.01134e-06,4.096114e-05,1,4,3.516034e-07,7.212056e-06,6,2,0.9715432,3.59633e-07,3,7,7.024789e-06,3.454894e+09,0.009597867,1.972514,0.986257,-94.35208,-117.7688,-175.299,-178.7157,0.1862085
2,23,124,4.897753e-07,1,8,5.0327e-06,6.758443e-06,6,7.02768e-06,3.149508e-05,1,3,4.36588e-07,9.052927e-06,7,2,1.087678,2.810639e-07,2,9,8.899529e-06,4.391857e+09,0.005768032,1.517634,0.7588172,-84.97864,-112.1731,-170.2213,-177.4158,0.01089245
2,24,125,3.517899e-07,3,5,5.776305e-06,9.292674e-06,8,5.127965e-06,4.605125e-05,1,5,3.281157e-07,7.200866e-06,8,1,0.8807169,4.473758e-07,5,6,8.47475e-06,1.936093e+09,0.006655289,1.77056,0.8852801,-98.60038,-122.7394,-176.1072,-180.2463,0.3984131
2,25,126,4.676177e-07,1,7,6.40783e-06,7.141413e-06,5,8.168581e-06,4.2232e-05,1,3,3.235204e-07,7.529195e-06,9,3,0.7796669,3.852017e-07,2,8,7.998226e-06,3.894428e+09,0.002786014,1.056284,0.5281421,-74.60168,-102.8635,-161.9607,-170.2226,0.04211473
2,26,127,3.99515e-07,2,7,7.797276e-06,9.02929e-06,8,8.368152e-06,3.201441e-05,1,5,4.719763e-07,7.636915e-06,8,2,1.039402,3.462694e-07,3,9,5.816609e-06,2.225532e+09,0.008822178,1.791855,0.8959275,-100.638,-123.4657,-178.1309,-180.9587,0.3357659
2,27,128,3.675447e-07,2,5,6.720961e-06,9.524926e-06,7,6.773259e-06,4.474137e-05,1,4,4.716009e-07,9.576244e-06,7,2,0.9310751,4.637635e-07,3,10,6.770279e-06,2.317687e+09,0.007216962,1.718437,0.8592183,-95.63491,-121.0541,-174.3525,-179.7717,0.2989383
2,28,129,4.222633e-07,2,7,6.521718e-06,6.327249e-06,10,5.627299e-06,4.921184e-05,1,2,2.971919e-07,5.998591e-06,8,4,0.9207144,2.540259e-07,2,8,6.836029e-06,4.740321e+09,0.01000757,1.763777,0.8818885,-91.22283,-116.9133,-174.7357,-180.4262,0.03198621
2,29,130,4.446793e-07,3,6,7.774751e-06,9.278095e-06,9,7.890857e-06,4.20681e-05,1,3,3.109141e-07,7.661994e-06,9,4,0.8138952,3.317762e-07,2,7,7.353505e-06,3.001712e+09,0.010098,1.7379,0.8689498,-94.91443,-120.3953,-174.4195,-179.9003,0.1753332
2,30,131,4.349713e-07,2,6,8.085828e-06,6.196486e-06,8,7.397275e-06,3.702155e-05,1,6,2.747977e-07,7.959941e-06,8,3,1.041195,4.535747e-07,2,6,6.360498e-06,1.950147e+09,0.01039011,1.986406,0.9932032,-98.50691,-121.7381,-174.1421,-177.3732,0.4690905
2,31,132,3.325979e-07,2,9,5.140266e-06,7.227884e-06,4,8.011795e-06,3.96199e-05,1,6,2.590483e-07,8.773725e-06,7,4,1.030546,2.441995e-07,3,10,8.857432e-06,1.602134e+09,0.01689044,2.049935,1.024967,-95.00347,-120.7307,-166.821,-172.5483,1.062168
2,32,133,2.500121e-07,2,8,6.971757e-06,5.939946e-06,4,6.823597e-06,3.825374e-05,1,5,4.586686e-07,6.156495e-06,7,1,1.034284,4.764425e-07,2,9,8.148204e-06,2.800357e+09,0.004522624,1.687161,0.8435803,-93.60752,-117.888,-175.9979,-180.2783,0.1991795
2,33,134,4.702929e-07,2,8,8.459345e-06,9.20274e-06,6,8.425513e-06,4.004468e-05,1,3,3.601488e-07,9.109062e-06,7,3,0.8476238,3.444139e-07,4,8,8.755714e-06,2.985812e+09,0.01054514,1.707857,0.8539285,-91.91603,-118.3515,-171.1868,-177.6222,0.1747816
2,34,135,4.549337e-07,5,6,6.441569e-06,6.237884e-06,6,8.659564e-06,3.24653e-05,1,6,2.789599e-07,6.841441e-06,9,5,0.9390722,4.314399e-07,2,8,7.866081e-06,1.744036e+09,0.01660413,2.021591,1.010795,-98.59955,-122.1887,-171.2285,-174.8177,0.9718907
2,35,136,2.737245e-07,2,6,5.473515e-06,6.566416e-06,7,8.457355e-06,4.40616e-05,1,4,2.462437e-07,8.573512e-06,6,3,0.9386949,2.417211e-07,3,8,6.506949e-06,2.676547e+09,0.01111104,1.94799,0.9739952,-95.72555,-120.3132,-173.8195,-178.4072,0.3074455
2,36,137,3.637684e-07,2,9,7.605108e-06,8.938879e-06,3,7.159463e-06,3.926879e-05,1,3,3.340177e-07,5.937037e-06,8,4,1.147547,3.331001e-07,2,7,5.74534e-06,4.185701e+09,0.01322393,1.976603,0.9883013,-94.6039,-118.2787,-175.8257,-179.5005,0.226143
2,37,138,3.711657e-07,2,7,8.187887e-06,9.021538e-06,8,9.178301e-06,4.248838e-05,1,5,3.197709e-07,7.608947e-06,9,2,1.059473,3.168765e-07,3,6,7.009059e-06,1.991027e+09,0.0120952,1.957655,0.9788274,-99.95094,-123.243,-175.1064,-178.3984,0.4894283
2,38,139,4.611818e-07,1,7,8.570494e-06,9.457548e-06,3,6.852762e-06,3.235502e-05,1,4,2.840394e-07,5.640605e-06,8,2,0.9215308,3.277495e-07,3,9,6.756888e-06,3.541745e+09,0.006266286,1.729187,0.8645937,-87.74898,-114.3992,-170.7632,-177.4135,0.1001823
2,39,140,4.422937e-07,2,6,8.11472e-06,6.139073e-06,10,8.660923e-06,3.228964e-05,1,2,2.90794e-07,5.958548e-06,7,4,0.9141705,2.955789e-07,3,7,6.653047e-06,5.339002e+09,0.009945206,1.53849,0.7692449,-86.27448,-113.5068,-170.8475,-178.0799,0.002854576
2,40,141,4.085264e-07,1,10,7.254972e-06,6.003735e-06,5,8.425527e-06,3.42219e-05,1,2,3.733515e-07,6.426403e-06,7,5,1.037209,3.773252e-07,5,9,9.358845e-06,4.304646e+09,0.01139916,1.407503,0.7037513,-79.65349,-107.9077,-161.7635,-170.0177,0.03433881
2,41,142,4.03025e-07,3,7,6.599614e-06,6.762926e-06,4,8.402748e-06,3.528509e-05,1,2,4.145158e-07,6.214341e-06,9,3,0.7886052,3.175589e-07,2,8,8.440918e-06,5.713638e+09,0.008807004,1.612597,0.8062983,-84.81368,-111.807,-170.5037,-177.497,0.02011188
2,42,143,3.535906e-07,4,9,7.572625e-06,8.446769e-06,9,9.198263e-06,4.165739e-05,1,6,3.822748e-07,6.940199e-06,7,3,0.8489844,3.275926e-07,2,7,8.436517e-06,1.599597e+09,0.0124201,1.977656,0.9888281,-100.6909,-123.9249,-173.8298,-177.0638,0.6136432
2,43,144,4.095341e-07,2,8,8.082006e-06,6.980476e-06,7,9.169158e-06,3.974871e-05,1,4,2.469909e-07,7.987266e-06,8,2,1.003938,3.297496e-07,3,9,7.041665e-06,2.649513e+09,0.0139873,1.957203,0.9786016,-96.91288,-121.2432,-173.9189,-178.2492,0.4628308
2,44,145,4.081805e-07,3,9,7.319158e-06,6.7977e-06,4,7.706131e-06,3.415483e-05,1,4,2.429416e-07,5.243869e-06,8,1,0.7839998,3.051433e-07,2,8,9.025349e-06,3.889699e+09,0.007492372,1.853757,0.9268787,-92.39803,-117.1433,-175.4502,-180.1954,0.09813149
2,45,146,3.943393e-07,3,7,8.168798e-06,8.058049e-06,2,9.587498e-06,4.800761e-05,1,2,2.166499e-07,7.006038e-06,8,3,0.8759165,3.280866e-07,3,6,5.507541e-06,5.643713e+09,0.01427232,1.949565,0.9747825,-90.20595,-115.2747,-173.6923,-178.761,0.2837192
2,46,147,4.732627e-07,2,7,5.903564e-06,7.404926e-06,8,9.081906e-06,4.426824e-05,1,5,3.336594e-07,8.101364e-06,7,2,0.8733793,4.522662e-07,3,8,9.03483e-06,1.858219e+09,0.006900959,1.762545,0.8812725,-96.76009,-122.0597,-173.7529,-179.0525,0.415993
2,47,148,4.471961e-07,1,9,8.981894e-06,9.520787e-06,3,7.180466e-06,3.291716e-05,1,6,3.282016e-07,6.933867e-06,6,3,0.9043561,4.496185e-07,2,9,8.847527e-06,2.106075e+09,0.007557993,1.901826,0.9509132,-97.27781,-120.8997,-174.9632,-178.5851,0.3968773
2,48,149,2.828944e-07,1,7,9.029638e-06,7.171429e-06,10,8.213466e-06,3.970748e-05,1,3,3.905304e-07,6.063755e-06,7,4,0.8647601,2.76312e-07,2,10,8.042052e-06,3.270603e+09,0.008159666,1.654856,0.827428,-86.81868,-114.7901,-167.9945,-175.966,0.1212342
2,49,150,3.436019e-07,2,8,7.683075e-06,7.898455e-06,8,5.933234e-06,4.160324e-05,1,7,2.754706e-07,7.08294e-06,7,2,0.7974797,3.175602e-07,3,6,6.142092e-06,1.676027e+09,0.008863617,2.009614,1.004807,-97.14788,-121.0769,-172.1574,-176.0864,0.548328
3,0,151,4.218597e-07,2,6,7.822208e-06,6.769506e-06,9,8.423484e-06,3.579983e-05,1,2,3.358548e-07,6.272735e-06,7,3,0.879793,3.001742e-07,3,8,7.29329e-06,5.093651e+09,0.008640831,1.471628,0.7358142,-84.21573,-111.7963,-168.9908,-176.5713,0.0
3,1,152,4.784376e-07,3,6,9.75958e-06,8.873387e-06,7,8.039034e-06,4.707844e-05,1,4,2.921233e-07,9.553248e-06,6,2,0.9346881,4.49006e-07,3,9,6.749317e-06,2.348618e+09,0.01159273,1.920792,0.9603962,-99.44281,-122.7576,-176.2172,-179.5319,0.3751823
3,2,153,2.729945e-07,1,7,8.271403e-06,5.615565e-06,5,7.409772e-06,3.933831e-05,1,4,4.231866e-07,6.101106e-06,7,3,0.9578004,4.651962e-07,2,10,8.047156e-06,2.890346e+09,0.007888801,1.828961,0.9144804,-95.12759,-119.6398,-175.3765,-179.8887,0.2163051
3,3,154,3.512109e-07,4,8,8.422541e-06,7.834833e-06,2,5.01134e-06,4.096114e-05,1,4,3.516034e-07,7.212056e-06,6,5,0.7822834,3.59633e-07,3,7,7.024789e-06,2.834246e+09,0.01517948,2.029402,1.014701,-96.34837,-119.7778,-173.5846,-177.014,0.5705642
3,4,155,4.403965e-07,4,8,7.133244e-06,7.44366e-06,5,7.077638e-06,3.769501e-05,1,3,3.866382e-07,9.179591e-06,8,4,1.092706,2.005237e-07,2,9,9.645322e-06,3.302812e+09,0.02187055,1.992413,0.9962067,-95.05193,-119.9266,-172.031,-176.9057,1.623112
3,5,156,3.171299e-07,2,8,8.112198e-06,7.371908e-06,8,8.172745e-06,3.295731e-05,1,2,3.488061e-07,7.413955e-06,8,4,0.8908821,2.705559e-07,2,8,8.229822e-06,5.015651e+09,0.01427512,1.724492,0.8622458,-92.64524,-118.083,-175.106,-180.5438,0.2051649
3,6,157,4.620431e-07,2,9,6.355273e-06,7.564867e-06,7,8.456234e-06,4.105829e-05,1,2,4.711472e-07,9.236488e-06,6,2,0.8308555,3.343089e-07,4,8,7.812914e-06,4.640697e+09,0.007163814,1.329085,0.6645427,-84.2338,-111.2972,-169.014,-176.0774,0.002800423
3,7,158,4.246622e-07,3,6,7.836401e-06,5.463065e-06,6,7.092374e-06,3.130033e-05,1,2,3.601301e-07,7.928527e-06,7,3,0.9337653,2.867273e-07,2,8,8.392989e-06,6.086094e+09,0.01194374,1.74063,0.8703148,-91.11036,-115.8686,-176.0257,-180.784,0.1009005
3,8,159,4.117666e-07,2,6,6.610097e-06,6.640201e-06,8,8.15536e-06,3.767657e-05,1,3,2.094507e-07,6.897136e-06,8,2,0.8777102,3.165502e-07,3,6,7.972855e-06,3.921879e+09,0.008070214,1.727128,0.863564,-88.79406,-115.5814,-171.5951,-178.3824,0.06277435
3,9,160,3.437712e-07,2,6,5.896536e-06,6.762928e-06,2,7.54555e-06,3.798114e-05,1,3,4.251393e-07,6.114642e-06,8,3,0.921846,3.291571e-07,3,7,9.027092e-06,3.970354e+09,0.008348154,1.782193,0.8910965,-89.98845,-116.0149,-172.7491,-178.7756,0.07138744
3,10,161,2.147705e-07,2,6,5.690226e-06,6.465349e-06,6,8.552347e-06,4.400602e-05,1,3,2.471781e-07,7.297442e-06,6,2,0.8942286,4.306675e-07,3,7,6.541099e-06,3.789467e+09,0.009510738,1.862087,0.9310435,-94.68591,-118.9907,-176.4753,-180.7802,0.1096352
3,11,162,4.102338e-07,2,9,7.855573e-06,6.119332e-06,4,8.452399e-06,3.798555e-05,1,6,3.319532e-07,6.379178e-06,8,2,1.005987,4.552815e-07,4,6,5.236331e-06,2.142428e+09,0.009507113,2.00703,1.003515,-97.57987,-120.6323,-174.4175,-177.4699,0.4309673
3,12,163,3.55123e-07,2,6,6.476713e-06,7.54525e-06,5,8.628064e-06,4.301344e-05,1,2,2.705887e-07,8.022137e-06,8,1,0.9199202,2.193973e-07,2,7,7.65566e-06,6.173619e+09,0.007613986,1.714446,0.8572231,-89.79255,-115.2592,-176.7872,-182.2539,0.06475466
3,13,164,3.95495e-07,1,6,8.4662e-06,5.857926e-06,4,8.25959e-06,4.50571e-05,1,3,3.933481e-07,8.405294e-06,7,5,1.078471,3.822214e-07,3,9,8.942593e-06,2.857774e+09,0.009507485,1.713163,0.8565817,-88.02232,-115.6416,-167.3622,-174.9815,0.1939013
3,14,165,3.183594e-07,2,7,5.1689e-06,7.86721e-06,7,8.1547e-06,4.160817e-05,1,4,3.132661e-07,8.703697e-06,7,1,0.9223224,3.399158e-07,2,6,7.431206e-06,3.159576e+09,0.006329433,1.804011,0.9020056,-97.22125,-120.6188,-179.2002,-182.5977,0.1672357
3,15,166,3.270644e-07,2,9,8.025651e-06,5.815699e-06,4,7.875867e-06,4.165259e-05,1,3,3.028563e-07,5.451474e-06,7,2,1.129467,3.936182e-07,3,9,6.762603e-06,4.000115e+09,0.01043232,1.876419,0.9382094,-94.36395,-118.2325,-176.2216,-180.0901,0.09857013
3,16,167,2.760759e-07,2,7,7.347351e-06,8.671569e-06,6,7.757556e-06,3.613332e-05,1,5,3.666004e-07,7.829715e-06,7,2,0.9115819,4.508005e-07,4,9,9.062697e-06,1.912094e+09,0.01062724,1.834612,0.9173059,-100.0027,-123.7536,-175.3687,-179.1196,0.4255243
3,17,168,4.133692e-07,2,7,9.688361e-06,8.806184e-06,6,8.291244e-06,4.296129e-05,1,5,4.623755e-07,5.430786e-06,9,2,0.8999979,4.109509e-07,2,9,8.724416e-06,2.107992e+09,0.007467323,1.845107,0.9225534,-100.5305,-123.0692,-178.2762,-180.8149,0.3776021
3,18,169,2.41757e-07,1,9,8.070543e-06,5.872019e-06,4,7.872625e-06,4.039573e-05,1,4,2.968054e-07,7.233635e-06,7,2,0.9472077,3.910873e-07,4,9,6.785498e-06,2.780433e+09,0.01066056,1.914522,0.9572608,-96.03951,-120.2546,-174.644,-178.8591,0.2678436
3,19,170,4.063682e-07,2,7,8.160737e-06,6.901586e-06,8,9.052155e-06,3.958205e-05,1,3,3.261212e-07,7.36764e-06,5,3,0.8717124,3.130804e-07,3,8,5.855569e-06,3.636071e+09,0.009060132,1.768448,0.8842238,-96.14929,-120.2146,-177.7906,-181.8559,0.09856393
3,20,171,4.560618e-07,1,9,6.109262e-06,7.210049e-06,2,9.055427e-06,3.492466e-05,1,5,3.616102e-07,8.003336e-06,8,1,0.8060058,4.288015e-07,3,8,8.35185e-06,2.76783e+09,0.003729668,1.533893,0.7669463,-78.70282,-106.6947,-161.8289,-169.8207,0.1898544
3,21,172,4.064023e-07,2,7,7.443772e-06,8.791232e-06,6,6.455017e-06,4.015581e-05,1,3,3.641419e-07,6.22526e-06,9,5,0.9577973,3.169856e-07,3,8,7.82619e-06,3.092546e+09,0.01287625,1.841394,0.9206972,-96.37598,-120.992,-175.0844,-179.7004,0.2705922
3,22,173,4.331662e-07,3,7,5.892837e-06,8.921935e-06,6,8.639581e-06,4.01419e-05,1,6,2.918535e-07,5.981523e-06,9,2,0.7706201,3.704751e-07,4,9,7.249486e-06,1.624916e+09,0.007352296,1.848831,0.9244157,-97.82354,-122.7176,-173.3759,-178.27,0.5008193
3,23,174,3.21247e-07,5,6,6.178438e-06,8.788406e-06,4,6.435676e-06,4.073847e-05,1,3,2.805251e-07,5.237623e-06,8,2,0.9261548,3.465018e-07,3,9,8.082575e-06,3.796373e+09,0.01222218,1.893203,0.9466016,-94.91568,-118.9469,-175.6316,-179.6628,0.1688245
3,24,175,2.856846e-07,2,6,5.534966e-06,6.564974e-06,7,8.518836e-06,4.247722e-05,1,4,2.468648e-07,7.960326e-06,6,2,0.8813188,2.411466e-07,3,8,6.553137e-06,2.916397e+09,0.008768617,1.899074,0.9495369,-95.18885,-119.9375,-175.0565,-179.8051,0.2346589
3,25,176,4.667513e-07,4,8,7.828061e-06,8.720863e-06,2,8.418861e-06,3.531979e-05,1,2,4.019272e-07,8.525943e-06,9,3,0.8325282,3.434518e-07,4,8,8.675384e-06,4.699545e+09,0.01527556,1.730627,0.8653133,-92.62348,-117.3627,-174.2246,-178.9638,0.3036281
3,26,177,4.529185e-07,1,7,8.15141e-06,9.430006e-06,3,6.874563e-06,3.263257e-05,1,3,2.015238e-07,5.771432e-06,8,3,1.044422,3.28584e-07,3,9,6.288774e-06,4.4757e+09,0.008876496,1.757387,0.8786934,-86.55349,-113.3995,-170.0883,-176.9343,0.03694168
3,27,178,1.869482e-07,3,8,7.375006e-06,7.031933e-06,2,8.532287e-06,3.769636e-05,1,4,3.95678e-07,6.277959e-06,7,2,1.014797,2.832193e-07,1,8,6.925252e-06,4.270939e+09,0.008048468,1.967073,0.9835366,-90.68154,-115.1564,-174.2349,-178.7097,0.1134402
3,28,179,4.218597e-07,3,8,7.822208e-06,6.769506e-06,9,8.423484e-06,3.579983e-05,1,2,3.358548e-07,6.272735e-06,7,3,0.879793,3.001742e-07,3,8,7.29329e-06,5.00674e+09,0.01230491,1.667355,0.8336773,-93.84524,-118.4266,-176.9356,-181.5169,0.06557392
3,29,180,4.35749e-07,2,7,6.510941e-06,6.891409e-06,7,7.758208e-06,4.518536e-05,1,1,2.991866e-07,9.754766e-06,8,3,0.8662641,3.315451e-07,2,8,5.438789e-06,7.869233e+09,0.008352297,1.176847,0.5884233,-76.04839,-104.2395,-164.749,-172.9401,0.2948347
3,30,181,3.362605e-07,2,7,5.729527e-06,7.251037e-06,6,8.291758e-06,4.283288e-05,1,9,2.812234e-07,6.410836e-06,7,2,0.9279645,3.944293e-07,2,8,6.496446e-06,1.236586e+09,0.00813575,2.049715,1.024857,-97.35307,-121.6044,-170.0936,-174.3449,0.6932638
3,31,182,3.997893e-07,2,9,7.171684e-06,7.474521e-06,4,9.085672e-06,3.563161e-05,1,3,2.981553e-07,7.223962e-06,6,2,0.913493,4.974856e-07,3,9,8.562517e-06,3.727046e+09,0.009609924,1.710398,0.8551988,-93.28094,-118.1399,-174.881,-179.74,0.07697624
3,32,183,4.22211e-07,2,7,6.666986e-06,6.35777e-06,9,7.910105e-06,4.526732e-05,1,2,3.154464e-07,6.202642e-06,6,4,1.190147,2.796604e-07,2,8,6.914226e-06,4.880379e+09,0.01193215,1.799222,0.8996109,-94.55269,-118.7848,-177.5546,-181.7867,0.07714081
3,33,184,4.241842e-07,4,10,7.05766e-06,7.974095e-06,4,8.082091e-06,3.631602e-05,1,3,2.868107e-07,6.075869e-06,8,1,0.8599555,4.380653e-07,2,10,8.788846e-06,4.292102e+09,0.00780441,1.696937,0.8484687,-91.0434,-116.7406,-174.7734,-180.4706,0.03262855
3,34,185,3.774707e-07,1,8,7.86967e-06,6.642708e-06,5,8.881071e-06,3.666535e-05,1,4,3.733248e-07,6.668598e-06,7,3,1.042372,3.473325e-07,3,8,8.407168e-06,2.81184e+09,0.009054053,1.829019,0.9145093,-96.21691,-120.5941,-175.6283,-180.0055,0.2297206
3,35,186,2.384454e-07,2,8,7.011884e-06,7.248695e-06,5,8.533627e-06,3.82618e-05,1,3,2.308021e-07,6.213946e-06,7,3,0.9700776,4.556741e-07,5,9,7.580883e-06,3.053078e+09,0.01725324,1.881034,0.9405168,-96.15073,-121.0591,-173.4768,-178.3852,0.7326933
3,36,187,4.252277e-07,1,8,6.416078e-06,5.976429e-06,5,8.441035e-06,3.727877e-05,1,4,2.684896e-07,7.156274e-06,8,2,0.9236414,3.642843e-07,3,8,6.858865e-06,3.155988e+09,0.006058217,1.718802,0.8594011,-86.10575,-113.5262,-168.265,-175.6854,0.1479572
3,37,188,3.460517e-07,3,8,7.241515e-06,8.623317e-06,7,7.785177e-06,4.775665e-05,1,6,3.356309e-07,6.56477e-06,7,5,1.174326,3.98089e-07,5,8,7.728323e-06,nil,0.02119139,nil,nil,nil,nil,1e+12,1e+12,3e+12
3,38,189,4.165809e-07,2,8,6.436341e-06,6.548765e-06,5,8.289104e-06,3.82606e-05,1,3,4.973342e-07,6.497068e-06,7,2,1.18726,4.315002e-07,2,8,8.103176e-06,4.120414e+09,0.006789855,1.677478,0.8387391,-94.40799,-117.9536,-178.3882,-181.9338,0.03931185
3,39,190,2.635117e-07,2,8,8.135333e-06,8.628844e-06,9,8.951618e-06,4.143253e-05,1,8,3.430784e-07,7.187453e-06,7,5,1.023575,3.011867e-07,3,6,6.991436e-06,1.01594e+09,0.01751657,2.053311,1.026656,-97.23348,-122.6747,-164.9363,-170.3775,1.329374
3,40,191,2.421487e-07,2,7,6.467613e-06,7.143108e-06,4,8.538269e-06,4.017438e-05,1,2,2.728356e-07,9.765748e-06,9,2,0.808387,2.280285e-07,2,7,7.9632e-06,5.762543e+09,0.01051438,1.814384,0.9071922,-86.11374,-113.2284,-171.1082,-178.2228,0.06345036
3,41,192,4.780958e-07,3,7,6.399725e-06,5.873069e-06,4,6.907909e-06,3.172863e-05,1,3,3.007078e-07,5.774079e-06,9,2,0.9429841,3.249092e-07,2,9,6.935318e-06,5.061174e+09,0.009767195,1.86988,0.9349398,-91.97946,-116.1196,-176.1668,-180.3069,0.06080487
3,42,193,4.426732e-07,3,8,7.512159e-06,6.831436e-06,4,7.547068e-06,3.303932e-05,1,2,3.646286e-07,6.103707e-06,8,3,0.9031199,4.518421e-07,2,8,6.765325e-06,6.219523e+09,0.01025196,1.722489,0.8612446,-92.4304,-116.1383,-178.1975,-181.9053,0.07082203
3,43,194,3.467982e-07,1,9,8.69847e-06,5.734802e-06,5,8.439758e-06,3.766159e-05,1,3,3.627715e-07,6.36251e-06,8,3,0.9394423,3.459751e-07,4,10,8.145449e-06,3.283775e+09,0.01022857,1.714201,0.8571006,-89.0195,-116.1246,-169.2488,-176.3539,0.1297102
3,44,195,4.293524e-07,2,7,7.902211e-06,7.907942e-06,7,7.079553e-06,4.239074e-05,1,4,3.17242e-07,7.486138e-06,6,3,0.9339786,3.216034e-07,3,6,7.16989e-06,2.774285e+09,0.01013049,1.922327,0.9611633,-97.79837,-121.2064,-176.6051,-180.0131,0.2676405
3,45,196,4.222633e-07,4,7,6.521718e-06,6.327249e-06,10,8.797268e-06,4.921184e-05,1,2,2.971919e-07,5.998591e-06,8,4,0.9207144,2.540259e-07,2,8,6.836029e-06,4.313663e+09,0.01490266,1.850737,0.9253684,-95.21252,-119.7127,-176.1768,-180.677,0.3093537
3,46,197,3.541261e-07,2,8,7.904963e-06,6.626e-06,5,8.582357e-06,3.784684e-05,1,5,3.70215e-07,6.392888e-06,10,4,1.012669,3.930105e-07,2,9,8.484305e-06,2.044278e+09,0.01484046,2.003411,1.001706,-99.51285,-122.5877,-174.0092,-177.084,0.686589
3,47,198,3.71213e-07,2,5,7.27455e-06,9.47313e-06,8,8.263877e-06,3.775557e-05,1,4,3.591055e-07,6.837806e-06,5,2,0.9041223,3.230753e-07,3,9,6.823979e-06,2.715897e+09,0.006427995,1.632717,0.8163584,-96.30345,-121.1309,-176.901,-181.7284,0.2065082
3,48,199,3.958692e-07,3,8,7.256893e-06,7.907773e-06,8,9.157453e-06,4.48329e-05,1,5,4.162998e-07,6.301022e-06,9,4,0.9267301,3.266488e-07,1,8,7.128209e-06,1.919816e+09,0.01090543,1.950315,0.9751577,-100.6808,-123.7239,-175.9696,-179.0127,0.4682325
3,49,200,4.21264e-07,2,6,6.184825e-06,6.702343e-06,9,8.564311e-06,4.011691e-05,1,2,3.228373e-07,6.246407e-06,6,2,0.8353653,2.981203e-07,5,6,9.940046e-06,4.777303e+09,0.006000887,1.150571,0.5752855,-76.18502,-104.4055,-161.9865,-170.207,0.0006270151
4,0,201,4.218597e-07,2,6,7.822208e-06,6.769506e-06,9,8.423484e-06,3.579983e-05,1,2,3.358548e-07,6.272735e-06,7,3,0.879793,3.001742e-07,3,8,7.29329e-06,5.093651e+09,0.008640831,1.471628,0.7358141,-84.21668,-111.7974,-168.9917,-176.5725,0.0
4,1,202,4.118738e-07,2,7,7.57968e-06,6.709569e-06,9,8.314435e-06,3.707023e-05,1,2,3.236588e-07,6.760431e-06,7,2,0.8046405,3.103956e-07,3,8,9.358089e-06,5.052696e+09,0.007452341,1.339644,0.6698222,-79.00596,-107.0604,-164.3535,-172.4079,0.0
4,2,203,4.127303e-07,2,7,7.752288e-06,8.710579e-06,7,8.414016e-06,4.157223e-05,1,5,2.931642e-07,6.582847e-06,6,2,1.12129,3.477507e-07,4,7,7.223463e-06,2.084154e+09,0.01012974,1.913999,0.9569996,-99.65111,-123.0832,-175.9737,-179.4058,0.4065809
4,3,204,3.901197e-07,2,8,7.009436e-06,6.37607e-06,5,8.511954e-06,3.441978e-05,1,4,3.329334e-07,6.887621e-06,8,3,1.003718,3.524725e-07,3,8,5.239265e-06,3.121711e+09,0.01174014,1.940439,0.9702197,-97.26178,-120.6323,-176.4529,-179.8235,0.2482054
4,4,205,4.227507e-07,3,7,7.828578e-06,6.612108e-06,8,8.301131e-06,3.428847e-05,1,6,3.56566e-07,7.617846e-06,7,2,1.114699,2.947732e-07,2,8,7.810038e-06,2.032213e+09,0.01088938,1.974026,0.987013,-98.09642,-121.6346,-173.8858,-177.424,0.4503094
4,5,206,4.241412e-07,1,7,8.343688e-06,5.106007e-06,7,8.438343e-06,3.589542e-05,1,6,3.304971e-07,5.066512e-06,5,3,0.8961359,4.561943e-07,4,8,6.95532e-06,1.897242e+09,0.00560559,1.750936,0.8754681,-93.94892,-119.8405,-172.0252,-177.9167,0.4035196
4,6,207,3.437712e-07,2,6,5.896536e-06,9.163146e-06,2,7.54555e-06,4.442391e-05,1,3,4.251393e-07,6.114642e-06,6,3,0.921846,3.291571e-07,3,7,5.668664e-06,4.205249e+09,0.007087946,1.838318,0.9191589,-93.24886,-117.2273,-177.2195,-181.1979,0.07097386
4,7,208,4.325574e-07,2,7,6.976875e-06,7.277513e-06,6,7.909483e-06,4.159914e-05,1,1,2.970514e-07,6.793647e-06,8,1,0.8660412,3.499295e-07,2,8,6.615315e-06,9.82543e+09,0.00601814,1.153608,0.5768042,-82.49487,-108.8825,-174.5473,-180.9349,0.8585039
4,8,209,4.151857e-07,2,8,7.989662e-06,7.530479e-06,6,6.781589e-06,3.813609e-05,1,2,3.645447e-07,6.016576e-06,9,4,0.9575047,3.957154e-07,2,9,7.702033e-06,4.964052e+09,0.01231355,1.734329,0.8671644,-93.4019,-117.8379,-176.4148,-180.8508,0.07792968
4,9,210,3.627494e-07,2,6,6.761502e-06,9.13756e-06,6,8.316884e-06,3.903351e-05,1,3,3.083406e-07,7.360194e-06,7,2,0.9065038,2.70097e-07,3,8,6.878485e-06,3.744324e+09,0.008712747,1.761409,0.8807043,-93.95392,-119.0605,-176.0198,-181.1265,0.08599712
4,10,211,3.541603e-07,2,10,7.094296e-06,8.285835e-06,5,7.295439e-06,3.190506e-05,1,2,4.170449e-07,6.719751e-06,5,3,0.9223764,2.484512e-07,3,9,8.86152e-06,5.68792e+09,0.009956232,1.539435,0.7697176,-90.15013,-115.4512,-175.2683,-180.5693,0.01398027
4,11,212,4.589409e-07,3,8,6.947223e-06,6.521653e-06,2,7.584219e-06,3.711453e-05,1,3,3.089992e-07,8.283345e-06,8,1,0.8375214,3.092719e-07,1,9,6.930321e-06,6.050182e+09,0.006802192,1.902795,0.9513976,-89.09705,-113.5493,-176.4059,-180.8582,0.1068199
4,12,213,3.98127e-07,2,7,7.934067e-06,8.580148e-06,6,8.513194e-06,3.646286e-05,1,5,3.123314e-07,5.802865e-06,8,3,0.9444219,3.279005e-07,1,8,6.504499e-06,2.572777e+09,0.00879786,1.92952,0.9647598,-97.67362,-121.0192,-176.4379,-179.7835,0.3075657
4,13,214,4.687057e-07,2,7,5.970435e-06,6.515798e-06,2,7.294402e-06,3.626977e-05,1,3,3.036508e-07,5.910965e-06,8,3,0.922625,3.591695e-07,2,7,8.042517e-06,4.747313e+09,0.008018553,1.842577,0.9212885,-90.50045,-115.2974,-174.9884,-179.7854,0.05313054
4,14,215,4.908026e-07,2,6,7.944216e-06,6.173746e-06,6,8.300405e-06,4.211628e-05,1,3,3.148496e-07,5.957522e-06,7,2,0.9612352,3.731133e-07,3,9,7.062584e-06,3.703223e+09,0.007911973,1.73961,0.8698052,-94.10842,-118.4435,-176.4972,-180.8323,0.08517022
4,15,216,3.28285e-07,2,9,6.578302e-06,5.093745e-06,7,8.108541e-06,4.186933e-05,1,2,4.17829e-07,8.662404e-06,6,2,0.8789407,3.24448e-07,3,8,9.203779e-06,4.975304e+09,0.009103033,1.589502,0.794751,-90.66044,-115.9968,-175.005,-180.3413,0.003560264
4,16,217,3.274105e-07,2,7,7.560538e-06,6.388845e-06,7,8.049946e-06,3.578154e-05,1,2,4.529692e-07,5.647085e-06,6,2,1.053051,3.244682e-07,5,8,6.805684e-06,5.251203e+09,0.007102466,1.272182,0.6360908,-86.92721,-113.1546,-172.8183,-179.0457,0.0008789811
4,17,218,3.06393e-07,4,8,7.792702e-06,7.443089e-06,3,6.883949e-06,3.491117e-05,1,4,3.281439e-07,5.661899e-06,8,3,1.027481,3.171722e-07,2,9,6.817668e-06,3.475914e+09,0.01446799,2.017405,1.008703,-93.59689,-117.6811,-172.8142,-176.8984,0.4030766
4,18,219,4.218597e-07,3,6,7.822208e-06,6.769506e-06,6,8.758617e-06,4.733104e-05,1,2,3.857576e-07,6.272735e-06,7,3,0.879793,4.530264e-07,3,8,6.253085e-06,4.6288e+09,0.009316144,1.663648,0.8318242,-93.48679,-117.8151,-177.1038,-181.4321,0.01496587
4,19,220,4.133189e-07,2,7,9.550182e-06,6.788208e-06,6,8.280865e-06,4.340406e-05,1,5,4.399589e-07,5.819877e-06,8,4,0.9423942,3.975773e-07,3,9,8.734198e-06,1.814447e+09,0.01175181,1.945067,0.9725334,-101.7314,-124.3302,-176.2052,-178.8041,0.5152541
4,20,221,4.165809e-07,2,8,6.436341e-06,6.548765e-06,5,8.107532e-06,3.82606e-05,1,3,4.973342e-07,6.497068e-06,7,2,1.18726,4.315002e-07,2,8,8.103176e-06,4.133174e+09,0.006789855,1.679889,0.8399443,-94.35603,-117.8999,-178.3631,-181.907,0.03887286
4,21,222,4.282272e-07,3,10,7.208694e-06,8.33045e-06,4,7.696979e-06,3.495446e-05,1,3,3.025892e-07,6.089729e-06,8,3,0.8778017,4.463957e-07,2,5,8.200207e-06,4.47093e+09,0.010954,1.899827,0.9499137,-95.17702,-118.4108,-177.7893,-181.023,0.08781866
4,22,223,3.832567e-07,2,7,7.898863e-06,7.307877e-06,9,8.471799e-06,3.725049e-05,1,8,3.232594e-07,6.37899e-06,8,4,0.8768317,2.715626e-07,2,6,7.358316e-06,1.252448e+09,0.01060672,2.011326,1.005663,-98.31568,-122.6851,-170.0151,-174.3845,0.6740117
4,23,224,3.435667e-07,2,8,7.20043e-06,9.055593e-06,4,7.554305e-06,3.951448e-05,1,7,2.43968e-07,5.870884e-06,7,2,0.911665,3.648342e-07,3,7,7.477091e-06,1.707698e+09,0.01045119,2.039366,1.019683,-95.84324,-120.5831,-170.2998,-175.0396,0.5557712
4,24,225,3.560081e-07,2,6,6.62527e-06,7.543481e-06,4,8.698389e-06,4.143459e-05,1,3,2.732374e-07,8.016873e-06,7,2,0.9179862,2.891385e-07,2,7,8.130812e-06,4.256072e+09,0.009046762,1.886505,0.9432523,-93.16861,-117.5928,-176.1839,-180.6081,0.08366333
4,25,226,2.711531e-07,5,8,6.314042e-06,8.500955e-06,3,7.553125e-06,3.939877e-05,1,3,3.905108e-07,6.122474e-06,7,2,0.9917003,3.29895e-07,1,9,6.954038e-06,5.038201e+09,0.007915452,1.885038,0.9425191,-92.16557,-116.0458,-177.2263,-181.1066,0.06589084
4,26,227,3.522965e-07,1,7,9.782136e-06,8.178329e-06,7,8.022665e-06,3.36123e-05,1,4,2.165996e-07,7.841729e-06,7,1,1.002319,3.389068e-07,3,7,6.935345e-06,3.258833e+09,0.008184277,1.798145,0.8990725,-95.25141,-119.9446,-176.3829,-181.076,0.1516864
4,27,228,4.12239e-07,3,9,7.504515e-06,7.942287e-06,6,8.597503e-06,3.676442e-05,1,3,2.967809e-07,7.085844e-06,7,1,0.8670242,3.232122e-07,2,10,8.447945e-06,4.106493e+09,0.007693067,1.671452,0.8357259,-92.96927,-118.1711,-176.3777,-181.5796,0.03928937
4,28,229,4.118639e-07,3,7,7.460271e-06,6.298797e-06,2,6.894882e-06,4.004029e-05,1,3,3.619121e-07,7.581176e-06,9,4,0.9916113,2.931757e-07,5,8,8.237129e-06,3.027516e+09,0.01843936,1.947014,0.9735069,-97.60606,-121.3393,-174.5703,-178.3035,0.9470683
4,29,230,4.26834e-07,5,7,7.061993e-06,6.792802e-06,8,8.426294e-06,4.052753e-05,1,3,3.637518e-07,7.079344e-06,7,2,0.8563177,3.189033e-07,4,8,7.630821e-06,3.310969e+09,0.01112346,1.775239,0.8876196,-97.00112,-120.8759,-176.9378,-180.8126,0.1514567
4,30,231,4.117666e-07,2,6,6.610097e-06,6.640201e-06,8,8.15536e-06,3.767657e-05,1,3,2.094507e-07,6.897136e-06,8,1,0.8777102,3.658426e-07,3,6,6.483892e-06,4.236622e+09,0.006822229,1.693396,0.8466978,-91.84388,-117.3462,-176.045,-181.5473,0.03495168
4,31,232,4.35749e-07,2,7,6.510941e-06,6.891409e-06,7,7.758208e-06,3.585653e-05,1,1,2.510754e-07,9.754766e-06,8,3,0.8662641,3.315451e-07,2,8,9.596936e-06,8.254327e+09,0.008761862,1.084057,0.5420284,-74.19236,-102.4909,-163.1,-171.3986,0.3825367
4,32,233,4.058942e-07,2,6,6.118613e-06,7.575584e-06,5,8.556466e-06,4.308824e-05,1,2,2.487403e-07,7.963981e-06,7,5,0.9180015,2.888e-07,3,7,7.258479e-06,4.666851e+09,0.009154131,1.564466,0.7822328,-79.98092,-108.2259,-163.7452,-171.9902,0.004111015
4,33,234,3.60466e-07,2,9,7.904838e-06,6.467488e-06,4,7.690743e-06,3.41884e-05,1,7,3.153602e-07,7.078035e-06,9,4,0.9236081,4.107892e-07,2,9,6.777465e-06,1.56406e+09,0.01427346,2.055275,1.027637,-97.42645,-121.2972,-169.7662,-173.637,0.7831545
4,34,235,4.241842e-07,4,10,7.05766e-06,7.974095e-06,4,8.082091e-06,3.507727e-05,1,3,2.868107e-07,6.075869e-06,8,4,0.8599555,4.380653e-07,2,6,8.788846e-06,4.080798e+09,0.0146519,1.943056,0.9715279,-95.37219,-118.9165,-175.9282,-179.4724,0.3315956
4,35,236,3.57884e-07,3,6,6.241428e-06,6.740281e-06,4,6.167533e-06,3.484162e-05,1,2,3.889993e-07,9.94733e-06,7,3,0.9241872,3.221157e-07,3,8,9.730949e-06,5.041346e+09,0.01272945,1.693667,0.8468333,-88.18746,-114.6411,-171.1903,-177.6439,0.09116871
4,36,237,3.499161e-07,4,8,8.03574e-06,7.464519e-06,7,6.421913e-06,3.342745e-05,1,2,3.844736e-07,7.986185e-06,6,4,0.8521193,3.305742e-07,2,8,9.114143e-06,5.309917e+09,0.01488243,1.774752,0.8873762,-94.04683,-118.1466,-176.8218,-180.9216,0.2736258
4,37,238,1.814258e-07,3,7,6.399725e-06,5.873069e-06,4,6.907909e-06,3.172863e-05,1,3,3.007078e-07,7.367858e-06,9,1,0.8788775,3.249092e-07,2,9,6.935318e-06,5.342471e+09,0.009365587,1.858285,0.9291424,-91.1656,-115.5951,-176.0051,-180.4346,0.05931279
4,38,239,4.225193e-07,3,5,7.855114e-06,7.349296e-06,4,7.462725e-06,4.169141e-05,1,7,3.560031e-07,5.294483e-06,7,3,1.00238,3.186258e-07,4,7,5.691575e-06,1.646884e+09,0.009972967,2.041609,1.020805,-98.02201,-121.5308,-172.367,-175.8758,0.5711386
4,39,240,3.343575e-07,2,9,7.319168e-06,5.904724e-06,4,8.936048e-06,3.518019e-05,1,2,3.484845e-07,5.897858e-06,8,4,0.9664658,4.043663e-07,3,10,6.890133e-06,5.092016e+09,0.0142699,1.756319,0.8781597,-92.69258,-117.3801,-175.2862,-179.9737,0.2115204
4,40,241,4.986459e-07,2,7,8.386496e-06,7.009106e-06,9,8.722391e-06,3.584342e-05,1,3,3.978552e-07,7.83774e-06,8,2,0.8299081,4.016876e-07,3,8,8.643501e-06,3.40646e+09,0.007500718,1.516073,0.7580364,-88.39012,-115.2558,-170.2852,-177.1508,0.09302029
4,41,242,3.6191e-07,2,6,5.906666e-06,7.753671e-06,5,5.498568e-06,4.282768e-05,1,4,2.719067e-07,6.347849e-06,8,2,0.9070738,3.386403e-07,3,8,7.521668e-06,2.96178e+09,0.008209091,1.891692,0.9458458,-94.24964,-119.0014,-174.5377,-179.2895,0.2246516
4,42,243,3.467791e-07,2,8,6.303277e-06,6.994061e-06,9,8.041129e-06,4.157514e-05,1,2,4.271874e-07,6.557736e-06,6,2,0.8421711,3.509532e-07,3,8,7.220232e-06,4.937365e+09,0.006639446,1.36435,0.682175,-88.6708,-114.7609,-174.3194,-180.4095,0.0
4,43,244,4.435126e-07,3,6,6.580795e-06,5.468492e-06,5,8.747849e-06,4.332152e-05,1,2,4.263012e-07,6.475553e-06,7,3,0.940943,3.234446e-07,1,10,8.012207e-06,5.676224e+09,0.008250589,1.728371,0.8641857,-92.40771,-116.4877,-178.324,-182.404,0.03594494
4,44,245,1.874034e-07,2,6,5.896827e-06,7.019925e-06,4,8.541992e-06,4.000747e-05,1,4,3.271067e-07,6.496184e-06,6,2,0.9867153,3.705766e-07,1,8,6.781045e-06,3.846379e+09,0.007108105,1.929187,0.9645937,-94.92398,-118.0225,-178.1075,-181.206,0.128103
4,45,246,2.232616e-07,1,6,5.256585e-06,6.55343e-06,8,8.442994e-06,4.004996e-05,1,3,2.871231e-07,6.95049e-06,7,3,0.8911232,3.435964e-07,3,8,7.001056e-06,3.577776e+09,0.005749865,1.467679,0.7338396,-73.05376,-101.8873,-156.5294,-165.363,0.07281454
4,46,247,4.015708e-07,2,8,6.526197e-06,6.121002e-06,6,9.775791e-06,4.415693e-05,1,5,2.694177e-07,7.03522e-06,9,3,0.9259943,3.50602e-07,1,8,7.089079e-06,2.292462e+09,0.009810166,1.976057,0.9880283,-97.27559,-120.8625,-174.5649,-178.1518,0.3839086
4,47,248,4.088598e-07,2,8,5.253401e-06,7.327891e-06,3,8.156094e-06,3.949076e-05,1,4,4.046543e-07,7.696779e-06,7,1,1.005821,4.17685e-07,2,7,7.577252e-06,3.72148e+09,0.005064783,1.766819,0.8834094,-93.63687,-117.2506,-178.0056,-181.6193,0.0894881
4,48,249,3.978058e-07,3,8,8.086899e-06,7.087008e-06,9,8.228254e-06,3.136129e-05,1,2,3.3992e-07,7.09555e-06,7,3,0.8888936,2.769314e-07,2,8,7.673069e-06,5.49854e+09,0.01285109,1.688899,0.8444494,-93.44613,-118.0919,-177.1617,-181.8074,0.1032526
4,49,250,3.262666e-07,1,6,7.370314e-06,9.372263e-06,4,5.402038e-06,3.839366e-05,1,4,2.971996e-07,6.592727e-06,8,3,0.897097,4.326009e-07,5,8,6.089333e-06,2.723692e+09,0.006140042,1.604187,0.8020935,-77.73958,-106.3446,-158.561,-167.1661,0.2020887
5,0,251,4.218597e-07,2,6,7.822208e-06,6.769506e-06,9,8.423484e-06,3.579983e-05,1,2,3.358548e-07,6.272735e-06,7,3,0.879793,3.001742e-07,3,8,7.29329e-06,5.093651e+09,0.008640831,1.471628,0.7358138,-84.19309,-111.7704,-168.9681,-176.5454,0.0
5,1,252,2.371073e-07,2,7,7.560538e-06,6.388845e-06,7,8.049946e-06,3.578154e-05,1,2,4.529692e-07,8.394159e-06,6,2,1.053051,4.630056e-07,5,8,6.805684e-06,4.782139e+09,0.009429271,1.401148,0.7005741,-89.59318,-115.4346,-173.4408,-179.2822,0.0005785566
5,2,253,3.447212e-07,2,7,6.650331e-06,8.130292e-06,4,8.277383e-06,4.081265e-05,1,2,4.821707e-07,7.426053e-06,7,2,0.9036768,3.043218e-07,3,8,8.706364e-06,5.193502e+09,0.007716799,1.510884,0.755442,-88.78503,-114.4712,-174.2199,-179.9061,0.0003887723
5,3,254,4.218597e-07,2,7,7.822208e-06,6.769506e-06,9,8.423484e-06,3.579983e-05,1,5,3.358548e-07,6.272735e-06,7,3,0.879793,3.001742e-07,3,8,7.29329e-06,2.186394e+09,0.009519988,1.876974,0.9384871,-99.44894,-122.8652,-176.4571,-179.8734,0.3698511
5,4,255,4.16201e-07,4,9,7.304771e-06,5.977931e-06,8,8.537634e-06,3.630614e-05,1,2,3.627335e-07,6.65511e-06,7,3,0.9522814,3.353871e-07,4,10,7.084344e-06,4.596644e+09,0.01502043,1.684958,0.842479,-94.28333,-118.8131,-175.7653,-180.2951,0.2710841
5,5,256,3.326579e-07,2,7,6.392326e-06,6.510144e-06,1,7.831342e-06,3.702975e-05,1,5,2.629717e-07,6.957112e-06,8,1,0.8786723,4.234595e-07,2,7,6.634844e-06,3.590651e+09,0.006636944,1.983923,0.9919613,-91.93053,-115.8233,-174.8143,-178.7071,0.1754838
5,6,257,4.141027e-07,2,7,6.608674e-06,6.609133e-06,6,8.113615e-06,3.771238e-05,1,8,2.170612e-07,6.853597e-06,8,1,1.171155,4.024631e-07,2,7,6.892911e-06,1.641364e+09,0.0084008,2.033485,1.016743,-94.68344,-119.8687,-169.7443,-174.9296,0.5687537
5,7,258,4.218597e-07,2,6,7.822208e-06,6.769506e-06,4,8.423484e-06,3.073528e-05,1,2,3.358548e-07,6.272735e-06,7,3,0.8271909,2.898263e-07,3,8,7.98995e-06,6.233825e+09,0.007524974,1.430503,0.7152517,-75.67874,-103.8602,-162.8088,-170.9903,0.04942556
5,8,259,4.245674e-07,3,6,5.111168e-06,6.478054e-06,9,8.632302e-06,4.220432e-05,1,2,4.815204e-07,6.672771e-06,8,2,0.8303838,3.236673e-07,1,9,6.976951e-06,5.320976e+09,0.005476051,1.407202,0.7036012,-90.02494,-115.708,-177.1601,-182.8431,0.001877372
5,9,260,3.953127e-07,2,6,9.120284e-06,7.870869e-06,4,8.162619e-06,3.870349e-05,1,2,3.739888e-07,6.135557e-06,6,3,0.9112738,3.278418e-07,1,9,7.078611e-06,6.47486e+09,0.007540228,1.713372,0.8566862,-91.48657,-115.7075,-178.9373,-183.1583,0.09290816
5,10,261,3.861555e-07,2,8,6.118142e-06,6.653184e-06,2,7.295392e-06,3.339209e-05,1,2,2.808426e-07,6.691552e-06,6,4,0.9225563,3.384783e-07,2,7,8.153253e-06,6.831966e+09,0.01052631,1.802229,0.9011146,-87.80049,-113.2635,-174.2686,-179.7317,0.1586956
5,11,262,2.254103e-07,4,7,6.960764e-06,7.709432e-06,4,8.673136e-06,4.135504e-05,1,3,2.91871e-07,7.918676e-06,7,1,0.9092102,2.981956e-07,2,8,6.182781e-06,4.680889e+09,0.008463448,1.86866,0.9343299,-92.4919,-116.7794,-176.623,-180.9105,0.06240403
5,12,263,4.048419e-07,4,8,6.321525e-06,7.315525e-06,4,8.937796e-06,3.834956e-05,1,3,4.134877e-07,6.48506e-06,10,2,1.098045,3.667904e-07,3,8,7.615054e-06,3.70944e+09,0.01187692,1.851653,0.9258265,-96.13137,-119.5798,-176.7705,-180.2189,0.1492233
5,13,264,3.066081e-07,5,8,8.495731e-06,8.053614e-06,5,8.186113e-06,3.884167e-05,1,3,3.959084e-07,5.915915e-06,7,1,0.8821274,4.47357e-07,3,9,8.592192e-06,3.748935e+09,0.005644171,1.390159,0.6950797,-87.51603,-114.7197,-171.4782,-178.6818,0.0551833
5,14,265,4.118738e-07,2,7,7.57968e-06,6.709569e-06,9,8.314435e-06,4.599774e-05,1,4,3.236588e-07,6.760431e-06,7,2,0.8046405,3.103956e-07,1,8,9.358089e-06,2.842339e+09,0.006687886,1.833564,0.9167819,-98.02734,-121.371,-178.848,-182.1916,0.2257929
5,15,266,4.550134e-07,2,8,6.861154e-06,6.554581e-06,3,7.948759e-06,4.255338e-05,1,3,3.812377e-07,8.010903e-06,8,1,0.9416846,3.652069e-07,2,8,7.062236e-06,4.675875e+09,0.006106226,1.781203,0.8906015,-92.00947,-115.927,-177.549,-181.4665,0.03723662
5,16,267,3.679411e-07,2,5,6.445395e-06,7.611424e-06,6,6.805814e-06,3.275838e-05,1,4,3.516834e-07,5.723213e-06,7,3,0.8951339,3.394893e-07,4,8,7.157386e-06,2.985466e+09,0.007304756,1.695378,0.8476888,-88.05601,-115.3863,-168.9202,-176.2505,0.1696285
5,17,268,4.79123e-07,2,6,6.039085e-06,7.264657e-06,6,6.786194e-06,3.266186e-05,1,2,3.430782e-07,6.934473e-06,8,4,0.9230288,3.609948e-07,2,8,7.612039e-06,5.685249e+09,0.007550624,1.403863,0.7019317,-78.29111,-106.3665,-164.6063,-172.6817,0.01316863
5,18,269,3.686396e-07,3,9,7.822208e-06,6.769506e-06,6,8.758617e-06,4.733104e-05,1,7,3.857576e-07,9.965315e-06,7,3,0.879793,2.654649e-07,3,8,6.253085e-06,1.28701e+09,0.01538841,2.069305,1.034652,-97.72446,-122.1259,-168.0442,-172.4456,0.9780747
5,19,270,3.05092e-07,3,7,6.554338e-06,7.499864e-06,3,8.006464e-06,3.815722e-05,1,3,4.297935e-07,5.960059e-06,8,2,1.050214,3.298282e-07,4,7,8.16222e-06,3.893665e+09,0.009679999,1.778557,0.8892785,-94.25623,-118.2528,-176.2046,-180.2012,0.07666488
5,20,271,4.610978e-07,2,9,6.117363e-06,6.765166e-06,7,7.359777e-06,3.743897e-05,1,3,3.911831e-07,7.043319e-06,6,2,0.847087,3.519955e-07,2,7,5.688869e-06,4.497223e+09,0.006019867,1.700068,0.8500339,-93.91102,-117.803,-179.174,-183.066,0.02454655
5,21,272,4.16639e-07,2,6,9.89824e-06,9.099917e-06,4,8.752124e-06,4.431551e-05,1,2,3.123824e-07,6.509801e-06,7,2,0.901411,3.43829e-07,3,8,6.495978e-06,5.304992e+09,0.00897792,1.69135,0.8456749,-91.55031,-116.3537,-176.5122,-181.3156,0.01788882
5,22,273,2.047057e-07,2,7,7.294815e-06,6.253764e-06,5,6.989172e-06,3.476166e-05,1,3,4.371937e-07,6.179698e-06,7,1,1.050772,3.246733e-07,3,8,6.934844e-06,4.750858e+09,0.005155044,1.485641,0.7428204,-87.28635,-113.1217,-173.6995,-179.5348,0.0009264161
5,23,274,4.924162e-07,1,6,5.365644e-06,7.869768e-06,6,8.355653e-06,3.96018e-05,1,3,2.91093e-07,5.335523e-06,7,2,0.8965876,3.265318e-07,3,8,6.928716e-06,4.169587e+09,0.003152199,1.151492,0.575746,-75.37098,-103.6083,-162.7867,-171.0241,0.02222005
5,24,275,3.595857e-07,2,7,7.977223e-06,6.662246e-06,7,8.21225e-06,3.608754e-05,1,4,4.346451e-07,6.043372e-06,6,2,0.915779,3.241055e-07,3,8,7.042739e-06,3.073689e+09,0.00679649,1.711642,0.855821,-96.53699,-120.2501,-177.9673,-181.6805,0.1588253
5,25,276,3.476259e-07,2,6,8.91023e-06,6.572519e-06,4,6.708391e-06,3.504656e-05,1,2,3.493036e-07,8.886256e-06,7,3,0.9277617,3.707137e-07,3,9,8.674452e-06,5.096246e+09,0.01252487,1.687379,0.8436894,-87.56528,-114.2821,-170.7326,-177.4493,0.07935463
5,26,277,4.642196e-07,2,7,6.817651e-06,7.00235e-06,9,8.715313e-06,3.894489e-05,1,2,2.052868e-07,6.791588e-06,7,3,0.8354081,3.936582e-07,3,8,7.282162e-06,4.894451e+09,0.007609807,1.335403,0.6677014,-78.20122,-106.374,-163.1816,-171.3544,1.28223e-06
5,27,278,4.097489e-07,3,6,7.563682e-06,7.046834e-06,6,8.533555e-06,3.834776e-05,1,2,3.544009e-07,6.666044e-06,7,3,0.8844428,2.888107e-07,3,8,7.933483e-06,5.069028e+09,0.01109492,1.679775,0.8398873,-91.40397,-116.6183,-175.0512,-180.2655,0.02635239
5,28,279,3.647105e-07,4,8,5.371326e-06,8.012726e-06,3,7.600968e-06,3.160287e-05,1,4,3.729904e-07,6.765217e-06,7,3,1.000162,3.463004e-07,3,7,6.382374e-06,3.43012e+09,0.01219217,1.950654,0.9753271,-95.70359,-119.1263,-175.549,-178.9717,0.2283032
5,29,280,3.586696e-07,4,8,7.257922e-06,7.551342e-06,4,7.677278e-06,4.21994e-05,1,2,3.258132e-07,6.168999e-06,8,3,0.9348185,3.079858e-07,3,7,6.85244e-06,5.338718e+09,0.0148338,1.883611,0.9418054,-92.96915,-117.2267,-175.8054,-180.0629,0.3012499
5,30,281,4.173837e-07,3,6,7.921303e-06,6.83966e-06,7,8.492092e-06,3.675279e-05,1,2,3.580247e-07,7.618828e-06,10,4,0.8990232,3.645331e-07,3,9,7.579155e-06,4.294488e+09,0.01425182,1.661813,0.8309064,-89.79887,-116.5269,-170.9184,-177.6464,0.207687
5,31,282,3.757567e-07,2,7,6.327639e-06,7.074364e-06,8,6.650108e-06,4.037066e-05,1,2,3.60969e-07,6.788784e-06,6,1,0.8761631,3.648102e-07,3,7,6.678013e-06,5.881429e+09,0.004776123,1.264557,0.6322786,-85.60641,-112.1144,-174.2053,-180.7133,0.02347681
5,32,283,4.24499e-07,2,7,7.546733e-06,7.158432e-06,7,8.103137e-06,4.098041e-05,1,2,2.549957e-07,7.032264e-06,6,3,0.9262438,2.963412e-07,5,8,8.268148e-06,4.409811e+09,0.01163663,1.612486,0.8062432,-86.63995,-113.925,-168.8701,-176.1551,0.04241697
5,33,284,4.533252e-07,2,8,6.69259e-06,6.345396e-06,6,8.228895e-06,3.996142e-05,1,2,4.303583e-07,6.046446e-06,7,2,1.074322,3.738471e-07,2,8,9.794035e-06,5.539061e+09,0.007331229,1.519623,0.7598117,-90.66545,-115.3582,-176.8824,-181.5752,0.007582693
5,34,285,4.669079e-07,2,10,7.783869e-06,9.71896e-06,7,8.292047e-06,4.016104e-05,1,3,4.230018e-07,7.706949e-06,6,2,1.030248,3.277484e-07,5,9,5.179512e-06,3.24269e+09,0.009044658,1.65184,0.8259201,-97.00888,-120.9748,-177.6631,-181.629,0.1246441
5,35,286,4.118738e-07,2,7,7.57968e-06,6.709569e-06,9,8.314435e-06,3.707023e-05,1,2,3.236588e-07,6.760431e-06,6,2,0.8046405,2.13802e-07,3,8,9.358089e-06,5.233992e+09,0.00734083,1.3916,0.6958,-82.08015,-109.8219,-167.7994,-175.5411,0.0006902673
5,36,287,4.58262e-07,2,7,6.169959e-06,8.961295e-06,5,9.18075e-06,3.846332e-05,1,3,4.181225e-07,6.327159e-06,7,3,0.925498,3.33355e-07,1,8,8.015135e-06,4.039782e+09,0.00673751,1.716515,0.8582573,-95.50989,-119.3393,-179.352,-183.1814,0.05165442
5,37,288,3.481982e-07,3,8,7.563777e-06,5.052534e-06,5,6.326861e-06,3.735501e-05,1,2,3.995557e-07,6.180722e-06,7,2,0.985524,3.167162e-07,1,8,7.166759e-06,7.519086e+09,0.007312489,1.768064,0.8840318,-89.7253,-113.9777,-178.608,-182.8603,0.2569264
5,38,289,4.327973e-07,3,9,7.17531e-06,6.216364e-06,6,9.917034e-06,4.593641e-05,1,2,3.979242e-07,6.356054e-06,7,3,0.9246604,3.79793e-07,3,9,6.894129e-06,4.510342e+09,0.01128183,1.704663,0.8523313,-94.78468,-118.7209,-177.3451,-181.2813,0.04137111
5,39,290,4.111839e-07,1,6,7.506556e-06,8.435491e-06,6,6.805845e-06,3.705862e-05,1,6,3.133167e-07,5.839547e-06,8,3,0.8970824,4.384512e-07,3,8,6.746212e-06,1.872576e+09,0.005104875,1.730192,0.8650959,-88.94022,-116.4413,-167.3092,-174.8103,0.4052785
5,40,291,3.61139e-07,4,6,6.190865e-06,6.627733e-06,9,8.436466e-06,3.594871e-05,1,2,3.33133e-07,8.715135e-06,8,3,0.8832422,3.424739e-07,3,8,7.131506e-06,4.659022e+09,0.01397224,1.701082,0.8505409,-93.34575,-118.5915,-175.259,-180.5048,0.1781759
5,41,292,4.184414e-07,2,7,7.517435e-06,7.105129e-06,4,5.975299e-06,3.142033e-05,1,4,3.149773e-07,6.638775e-06,9,3,0.8504541,3.111246e-07,4,8,9.172379e-06,2.880509e+09,0.009600701,1.788861,0.8944303,-89.56288,-116.4515,-168.9292,-175.8179,0.2069448
5,42,293,3.120848e-07,3,8,5.972302e-06,8.633777e-06,3,7.986765e-06,4.210934e-05,1,3,4.187967e-07,6.121132e-06,9,2,0.9351127,3.29796e-07,2,8,6.404467e-06,4.263394e+09,0.009006265,1.885545,0.9427726,-94.2086,-117.8215,-177.2583,-180.8712,0.08294354
5,43,294,4.196673e-07,2,9,7.630127e-06,6.752069e-06,8,8.382338e-06,3.661426e-05,1,2,3.276154e-07,5.147107e-06,7,2,0.8114026,3.026768e-07,3,8,8.075792e-06,5.399554e+09,0.007732924,1.447113,0.7235567,-88.3156,-114.4004,-174.0793,-180.1641,0.003449933
5,44,295,2.922965e-07,2,7,7.576103e-06,7.174894e-06,3,7.839231e-06,3.999788e-05,1,2,3.64502e-07,7.003863e-06,7,3,0.8621444,3.742455e-07,3,8,6.267313e-06,5.523257e+09,0.01039159,1.75219,0.8760952,-89.75532,-115.3166,-174.4324,-179.9937,0.03668764
5,45,296,4.311667e-07,2,7,7.57968e-06,6.709569e-06,9,8.505066e-06,3.707023e-05,1,2,3.236588e-07,6.760431e-06,5,4,0.8046405,2.97359e-07,3,8,9.358089e-06,4.909675e+09,0.0076399,1.31632,0.65816,-77.58684,-105.8016,-162.577,-170.7918,0.0
5,46,297,4.058942e-07,4,6,6.592169e-06,7.575584e-06,10,8.556466e-06,4.308824e-05,1,9,2.487403e-07,8.095402e-06,7,5,0.9180015,2.888e-07,3,7,7.258479e-06,nil,0.0172037,nil,nil,nil,nil,1e+12,1e+12,3e+12
5,47,298,3.645204e-07,2,6,6.791148e-06,7.718662e-06,3,8.449e-06,3.821857e-05,1,7,2.635203e-07,7.17478e-06,7,3,0.7628061,2.701224e-07,2,8,7.069589e-06,1.828249e+09,0.005636686,1.947324,0.9736618,-95.0123,-119.4075,-172.7428,-177.138,0.4819211
5,48,299,3.467395e-07,2,8,6.124527e-06,5.131572e-06,3,7.763001e-06,4.383298e-05,1,2,3.131656e-07,9.249506e-06,6,5,0.8839624,3.503952e-07,3,8,8.157099e-06,4.567793e+09,0.01175205,1.735566,0.867783,-84.32922,-112.0819,-166.8222,-174.5748,0.05995595
5,49,300,3.65811e-07,2,10,7.84328e-06,7.749676e-06,7,8.33134e-06,3.623322e-05,1,3,4.115049e-07,7.508711e-06,6,2,0.8944971,3.506847e-07,3,9,8.828034e-06,3.520817e+09,0.009001571,1.637146,0.818573,-95.44004,-119.7594,-176.8297,-181.1491,0.08758262
6,0,301,4.218597e-07,2,6,7.822208e-06,6.769506e-06,9,8.423484e-06,3.579983e-05,1,2,3.358548e-07,6.272735e-06,7,3,0.879793,3.001742e-07,3,8,7.29329e-06,5.093651e+09,0.008640831,1.471628,0.7358139,-84.19562,-111.7754,-168.9706,-176.5504,0.0
6,1,302,3.840121e-07,4,8,5.510418e-06,7.35993e-06,4,9.007791e-06,4.213929e-05,1,3,3.553612e-07,5.394652e-06,7,2,0.8410585,3.265733e-07,3,8,9.606217e-06,3.66321e+09,0.008809306,1.760859,0.8804293,-94.66527,-118.8801,-176.4931,-180.7079,0.0939521
6,2,303,4.17147e-07,3,6,5.948246e-06,6.488295e-06,9,8.544075e-06,3.899812e-05,1,8,3.707499e-07,6.708614e-06,6,2,0.8209344,1.890587e-07,2,9,9.209528e-06,1.375698e+09,0.007088879,1.95599,0.9779948,-100.0355,-123.766,-174.3002,-178.0307,0.6097256
6,3,304,4.46053e-07,3,6,5.117674e-06,6.684764e-06,7,7.487079e-06,4.407868e-05,1,2,2.819816e-07,5.624847e-06,8,3,0.8308018,3.336814e-07,2,10,7.164983e-06,5.167542e+09,0.007181381,1.529811,0.7649053,-79.89505,-107.8465,-165.5987,-173.5501,0.0005703568
6,4,305,4.234212e-07,2,6,7.632392e-06,6.754389e-06,9,8.458225e-06,3.59388e-05,1,2,3.322248e-07,6.340176e-06,6,4,0.8601373,4.412769e-07,3,8,7.793285e-06,4.884523e+09,0.008127897,1.338053,0.6690267,-78.7197,-106.8961,-163.3964,-171.5728,9.976256e-06
6,5,306,4.485688e-07,3,7,6.007455e-06,9.71363e-06,5,7.912777e-06,3.067038e-05,1,8,3.337489e-07,7.795996e-06,8,3,1.132932,3.503405e-07,2,8,6.706333e-06,1.393803e+09,0.01286434,2.046291,1.023146,-98.65599,-122.5451,-170.4461,-174.3352,0.7266941
6,6,307,2.598756e-07,3,7,6.74757e-06,9.211065e-06,5,7.095578e-06,3.772098e-05,1,7,4.37902e-07,7.925852e-06,7,3,1.149279,3.73236e-07,4,8,9.132174e-06,1.283128e+09,0.01494216,2.021125,1.010562,-101.1456,-124.5502,-171.5669,-174.9715,0.9097946
6,7,308,3.740876e-07,2,5,6.124176e-06,9.448646e-06,3,7.694715e-06,4.021541e-05,1,3,4.592326e-07,9.057859e-06,5,3,0.8480332,3.519138e-07,2,8,6.847336e-06,4.10417e+09,0.005627409,1.658023,0.8290114,-84.7844,-112.2131,-169.5458,-176.9745,0.03747675
6,8,309,4.033506e-07,4,7,7.577649e-06,6.733423e-06,3,8.169175e-06,3.818726e-05,1,2,3.41185e-07,6.836067e-06,7,3,0.8079907,3.491016e-07,3,8,7.709164e-06,5.475166e+09,0.01219384,1.775507,0.8877537,-91.72333,-116.2057,-175.6299,-180.1122,0.08727597
6,9,310,3.975254e-07,2,7,8.948669e-06,8.130292e-06,6,8.277383e-06,3.475368e-05,1,2,4.821707e-07,7.426053e-06,7,2,0.9036768,1.969098e-07,3,8,8.706364e-06,5.430615e+09,0.008547435,1.480286,0.7401432,-90.57701,-115.8677,-175.9556,-181.2463,0.004202463
6,10,311,2.681113e-07,2,7,6.694576e-06,5.271682e-06,5,7.913462e-06,3.657724e-05,1,8,4.841813e-07,8.494597e-06,6,4,1.183431,4.167135e-07,3,8,7.397972e-06,1.206606e+09,0.01277082,2.052294,1.026147,-99.90302,-123.5503,-170.4721,-174.1195,0.7804875
6,11,312,4.577185e-07,4,7,6.462043e-06,8.426181e-06,4,8.651393e-06,4.104663e-05,1,2,4.286936e-07,6.626225e-06,7,3,1.177847,3.553562e-07,2,8,7.662334e-06,5.313293e+09,0.0109097,1.747329,0.8736646,-93.62345,-117.5125,-177.7526,-181.6417,0.03721198
6,12,313,4.503883e-07,2,6,5.168983e-06,5.821602e-06,7,8.454027e-06,4.217416e-05,1,3,3.897063e-07,5.653e-06,7,2,0.8743479,3.240038e-07,3,9,9.594727e-06,3.510862e+09,0.005306397,1.448316,0.7241579,-82.46636,-110.1942,-166.1266,-173.8545,0.08037083
6,13,314,2.371073e-07,2,6,7.560538e-06,6.062213e-06,7,8.049946e-06,3.578154e-05,1,1,4.529692e-07,8.394159e-06,6,2,1.053051,4.630056e-07,5,8,5.54178e-06,8.092298e+09,0.008852992,1.054135,0.5270677,-82.14837,-108.7229,-170.8389,-177.4134,0.3442462
6,14,315,2.415168e-07,2,6,7.561179e-06,6.057776e-06,8,5.368712e-06,3.688348e-05,1,9,4.41094e-07,7.676387e-06,6,2,0.9800603,3.090055e-07,3,8,8.588086e-06,1.183659e+09,0.008728345,2.026063,1.013031,-99.11614,-123.1781,-171.1714,-175.2333,0.6982231
6,15,316,3.468677e-07,3,8,7.410877e-06,6.174765e-06,6,8.116768e-06,3.927817e-05,1,2,3.633499e-07,6.966237e-06,7,5,0.8969537,3.704663e-07,3,10,6.893757e-06,4.434002e+09,0.01641346,1.796008,0.8980041,-95.19332,-119.3732,-175.9772,-180.1571,0.459312
6,16,317,3.65811e-07,2,10,7.84328e-06,9.357588e-06,7,8.33134e-06,3.623322e-05,1,3,4.115049e-07,7.508711e-06,6,3,0.8944971,3.506847e-07,3,9,8.828034e-06,3.24643e+09,0.01134982,1.71734,0.8586701,-97.59129,-121.4077,-177.2695,-181.086,0.1530959
6,17,318,4.468315e-07,2,6,6.994973e-06,7.237628e-06,4,8.408405e-06,3.188944e-05,1,2,3.447342e-07,5.889279e-06,7,4,0.8171597,3.154882e-07,3,8,5.081649e-06,6.382237e+09,0.00626622,1.356384,0.6781921,-74.47986,-102.6144,-162.6093,-170.7438,0.0632115
6,18,319,4.49105e-07,2,6,7.503489e-06,8.162022e-06,7,8.25959e-06,4.926738e-05,1,1,4.481579e-07,7.815865e-06,7,3,0.9326732,4.518089e-07,3,8,6.837585e-06,6.856897e+09,0.008177298,1.076483,0.5382414,-80.87624,-108.3779,-168.4727,-175.9743,0.1186731
6,19,320,2.478984e-07,3,7,6.800699e-06,5.011296e-06,7,8.662914e-06,4.184198e-05,1,6,4.519128e-07,7.451455e-06,8,2,0.8161751,4.104264e-07,1,8,6.765616e-06,2.103381e+09,0.007096964,1.957971,0.9789853,-98.89212,-121.4956,-176.8398,-179.4433,0.418959
6,20,321,3.760815e-07,2,10,7.823071e-06,7.065843e-06,3,8.378623e-06,3.585137e-05,1,2,3.462835e-07,6.600862e-06,7,2,0.8909685,3.280827e-07,3,8,8.336163e-06,5.955662e+09,0.01002056,1.676467,0.8382336,-89.82996,-114.8456,-175.3196,-180.3352,0.04199359
6,21,322,2.047057e-07,2,7,7.294815e-06,6.253764e-06,5,6.989172e-06,3.476166e-05,1,4,4.371937e-07,6.179698e-06,7,1,1.094483,3.246733e-07,3,8,6.934844e-06,3.60158e+09,0.005176433,1.607656,0.803828,-91.47295,-116.5669,-175.4625,-180.5565,0.07536742
6,22,323,4.053352e-07,3,8,6.510487e-06,7.260121e-06,5,6.521312e-06,3.702119e-05,1,2,3.795583e-07,5.757533e-06,7,2,0.847382,3.322958e-07,2,8,6.641854e-06,6.623049e+09,0.007405358,1.647581,0.8237903,-89.77855,-114.4152,-177.5042,-182.1409,0.09886405
6,23,324,2.934566e-07,2,7,7.693061e-06,6.44164e-06,7,8.117417e-06,3.602974e-05,1,4,4.423277e-07,6.872487e-06,10,2,0.946133,4.334268e-07,4,8,6.965293e-06,2.610371e+09,0.01033633,1.813183,0.9065917,-98.8686,-122.1019,-177.059,-180.2922,0.2630665
6,24,325,4.406535e-07,3,10,5.120508e-06,5.694139e-06,9,8.669952e-06,4.0454e-05,1,2,3.830653e-07,6.780275e-06,7,2,0.8309849,3.481823e-07,4,8,7.141897e-06,4.786261e+09,0.008530618,1.477114,0.7385572,-89.99432,-115.5908,-174.2844,-179.8809,0.0005388032
6,25,326,4.286414e-07,2,9,8.268009e-06,6.900153e-06,9,8.105487e-06,3.497911e-05,1,2,3.258459e-07,6.855006e-06,7,4,0.8906628,3.502322e-07,3,8,8.991079e-06,4.640598e+09,0.01315115,1.632836,0.8164179,-90.92235,-116.9986,-173.0642,-179.1405,0.1099423
6,26,327,3.129549e-07,2,7,5.565605e-06,7.775872e-06,5,8.3121e-06,3.92609e-05,1,3,3.654267e-07,5.831514e-06,7,2,1.006008,3.272131e-07,3,5,8.094369e-06,4.226822e+09,0.007684082,1.779837,0.8899184,-94.61247,-118.4736,-178.2768,-182.1379,0.05367798
6,27,328,4.705601e-07,4,8,7.570379e-06,7.021886e-06,5,6.86105e-06,3.74536e-05,1,3,3.034324e-07,6.853829e-06,7,1,0.8762394,3.024864e-07,3,8,7.399705e-06,4.428011e+09,0.007591133,1.726864,0.8634322,-91.4311,-116.6746,-175.5522,-180.7957,0.03215281
6,28,329,2.371073e-07,3,7,7.560538e-06,6.388845e-06,7,8.049946e-06,3.578154e-05,1,2,4.529692e-07,8.394159e-06,6,2,1.053051,4.630056e-07,5,8,6.805684e-06,4.76398e+09,0.009971014,1.430161,0.7150806,-90.24644,-115.9234,-173.8184,-179.4954,0.0007705755
6,29,330,3.887782e-07,2,6,7.672453e-06,6.581689e-06,8,7.641964e-06,3.583967e-05,1,2,3.549011e-07,6.267296e-06,7,4,0.9024265,3.14245e-07,3,8,7.173111e-06,5.075803e+09,0.009848495,1.570803,0.7854015,-85.15828,-112.6416,-169.3347,-176.818,0.002228027
6,30,331,2.462459e-07,1,7,6.327639e-06,7.074364e-06,3,6.650108e-06,4.037066e-05,1,2,4.737641e-07,6.788784e-06,6,1,0.8761631,3.648102e-07,3,7,6.678013e-06,6.992595e+09,0.003653084,1.241685,0.6208427,-79.1464,-106.1305,-170.4126,-177.3967,0.137713
6,31,332,3.488352e-07,3,6,8.845157e-06,8.871033e-06,4,8.380856e-06,4.181296e-05,1,10,3.337517e-07,6.833183e-06,7,3,0.8961994,3.682304e-07,2,8,6.273677e-06,nil,0.01129493,nil,nil,nil,nil,1e+12,1e+12,3e+12
6,32,333,3.783083e-07,2,6,7.69738e-06,9.073613e-06,5,8.6054e-06,4.387812e-05,1,3,3.188229e-07,5.826682e-06,7,2,0.8987743,3.422389e-07,3,8,6.094364e-06,3.733736e+09,0.007797724,1.772553,0.8862764,-95.15775,-119.2689,-177.6809,-181.7921,0.08966575
6,33,334,4.149302e-07,3,6,7.759316e-06,6.711628e-06,9,8.356981e-06,3.661903e-05,1,2,3.237778e-07,6.415885e-06,6,2,0.8705665,2.213717e-07,3,8,8.34894e-06,5.299252e+09,0.009131519,1.540325,0.7701624,-91.24371,-116.7559,-176.1226,-181.6347,0.002249093
6,34,335,2.400057e-07,3,6,8.607502e-06,8.184175e-06,6,7.162423e-06,3.785659e-05,1,2,2.989638e-07,6.070056e-06,8,3,0.8870023,4.231961e-07,3,8,9.261887e-06,4.750696e+09,0.01542917,1.769125,0.8845625,-94.0912,-118.6495,-175.7429,-180.3012,0.3278771
6,35,336,2.040401e-07,2,7,6.660252e-06,8.117405e-06,4,8.252496e-06,4.040291e-05,1,8,4.521604e-07,6.961607e-06,7,2,1.014485,3.273633e-07,3,6,9.084406e-06,1.377508e+09,0.008907093,2.019576,1.009788,-98.43656,-122.3168,-171.7211,-175.6013,0.6367644
6,36,337,3.344918e-07,4,9,8.480766e-06,7.750617e-06,5,8.289194e-06,3.755058e-05,1,3,3.999308e-07,6.277033e-06,6,2,0.9960306,3.97777e-07,3,9,8.674286e-06,3.657172e+09,0.009119465,1.669887,0.8349436,-93.89647,-118.6916,-175.5597,-180.3549,0.07715978
6,37,338,4.883671e-07,2,6,7.810677e-06,7.462082e-06,5,8.373576e-06,3.255201e-05,1,8,4.981268e-07,6.10792e-06,7,2,0.8768203,4.150785e-07,3,9,7.959927e-06,1.374795e+09,0.005707037,1.857088,0.9285441,-102.1018,-124.551,-177.3024,-179.7517,0.574251
6,38,339,4.274846e-07,2,6,6.906096e-06,6.950599e-06,8,8.263371e-06,3.530336e-05,1,2,3.416921e-07,6.496642e-06,7,4,0.911791,3.039771e-07,3,8,9.761176e-06,4.822413e+09,0.009123446,1.412658,0.7063288,-79.52809,-107.7172,-163.5918,-171.7809,0.0002507177
6,39,340,4.306972e-07,3,6,5.174467e-06,6.771565e-06,4,8.485922e-06,3.289203e-05,1,2,3.544353e-07,6.839364e-06,9,4,0.8594731,3.535291e-07,3,7,8.12779e-06,5.398075e+09,0.008555687,1.421733,0.7108664,-76.33517,-104.6046,-161.6574,-169.9269,0.003415936
6,40,341,2.004862e-07,2,7,6.057767e-06,6.608369e-06,8,8.49605e-06,3.91353e-05,1,2,3.405441e-07,9.527571e-06,6,2,0.8155232,2.958886e-07,2,9,9.422192e-06,5.108945e+09,0.009938941,1.637671,0.8188356,-85.3647,-113.0998,-169.5579,-177.293,0.008426795
6,41,342,4.814207e-07,1,6,9.541978e-06,8.14914e-06,2,5.645783e-06,3.978907e-05,1,3,2.77831e-07,6.750113e-06,8,2,0.8797632,3.862798e-07,3,7,6.529364e-06,4.670437e+09,0.005246979,1.665146,0.8325731,-79.81831,-107.4911,-166.0064,-173.6792,0.01431634
6,42,343,3.961138e-07,4,9,7.211033e-06,5.675448e-06,6,9.002174e-06,4.426136e-05,1,2,3.432745e-07,8.791815e-06,7,3,0.930399,3.282338e-07,3,9,6.860969e-06,4.547159e+09,0.01687196,1.866947,0.9334734,-95.14099,-119.0801,-176.0241,-179.9633,0.5372683
6,43,344,3.798848e-07,2,7,6.817651e-06,7.00235e-06,9,8.715313e-06,3.894489e-05,1,7,2.052868e-07,6.791588e-06,7,3,0.8354081,3.936582e-07,3,8,7.282162e-06,1.392019e+09,0.008917833,1.950566,0.9752828,-99.03925,-123.1769,-172.4096,-176.5472,0.6027599
6,44,345,3.707527e-07,2,7,6.409689e-06,6.820531e-06,2,7.431204e-06,4.094636e-05,1,2,4.384874e-07,5.218493e-06,8,3,0.8796998,3.725313e-07,1,9,6.88896e-06,6.743167e+09,0.006560292,1.731798,0.8658992,-89.62087,-113.8873,-178.0289,-182.2953,0.1276863
6,45,346,4.393394e-07,2,7,6.07446e-06,7.404177e-06,5,8.105251e-06,4.498893e-05,1,6,2.884295e-07,6.982763e-06,7,2,0.894305,4.058464e-07,3,8,6.647675e-06,1.834757e+09,0.007598484,1.952057,0.9760285,-98.6051,-122.1191,-175.0694,-178.5834,0.4821496
6,46,347,4.58262e-07,2,7,8.367656e-06,8.961295e-06,5,9.18075e-06,3.846332e-05,1,3,4.181225e-07,6.327159e-06,5,3,0.925498,3.33355e-07,1,6,8.015135e-06,4.383533e+09,0.006068171,1.71628,0.8581399,-95.34327,-118.9834,-180.3492,-183.9893,0.0318992
6,47,348,3.816497e-07,4,7,7.914162e-06,6.781224e-06,6,7.962817e-06,3.310366e-05,1,3,4.103095e-07,7.693436e-06,7,4,0.9178221,3.603519e-07,2,9,7.096091e-06,3.766533e+09,0.01415553,1.878371,0.9391855,-96.96548,-120.3135,-176.9751,-180.3231,0.2898216
6,48,349,4.20704e-07,5,8,9.600367e-06,7.906153e-06,4,8.17254e-06,3.963073e-05,1,2,3.875922e-07,6.668999e-06,6,2,0.870645,3.109088e-07,5,9,8.564091e-06,4.603022e+09,0.01066424,1.49311,0.7465549,-89.45636,-115.7967,-172.4379,-178.7782,0.00808546
6,49,350,3.169171e-07,2,9,7.591231e-06,7.048274e-06,6,8.232892e-06,4.07814e-05,1,2,3.442456e-07,5.626349e-06,5,2,0.8271891,3.362126e-07,3,9,7.613044e-06,5.358404e+09,0.007193415,1.451789,0.7258945,-88.02099,-114.3079,-174.0323,-180.3193,0.002567199
7,0,351,4.218597e-07,2,6,7.822208e-06,6.769506e-06,9,8.423484e-06,3.579983e-05,1,2,3.358548e-07,6.272735e-06,7,3,0.879793,3.001742e-07,3,8,7.29329e-06,5.093651e+09,0.008640831,1.471628,0.7358142,-84.22016,-111.8015,-168.9952,-176.5765,0.0
7,1,352,2.587629e-07,2,5,7.672453e-06,6.581689e-06,8,7.641964e-06,3.474179e-05,1,2,3.549011e-07,6.267296e-06,7,4,0.9024265,3.14245e-07,3,7,7.173111e-06,5.22561e+09,0.01082553,1.641127,0.8205636,-85.83044,-113.4289,-169.8487,-177.4472,0.01627356
7,2,353,4.431748e-07,3,7,6.626426e-06,7.364079e-06,6,7.585623e-06,3.852582e-05,1,4,2.970871e-07,6.947017e-06,7,1,1.180617,4.056086e-07,3,8,7.978362e-06,2.989878e+09,0.00757826,1.761667,0.8808333,-95.39591,-119.9423,-176.1133,-180.6597,0.1823912
7,3,354,4.524136e-07,5,6,6.791392e-06,9.347483e-06,9,8.406146e-06,3.308523e-05,1,4,3.712906e-07,6.436706e-06,7,2,0.8466005,4.076417e-07,4,9,7.483869e-06,2.489982e+09,0.00942288,1.652507,0.8262533,-98.81612,-122.7379,-176.9982,-180.92,0.252244
7,4,355,4.603744e-07,2,6,7.632392e-06,5.119595e-06,9,5.606306e-06,3.59388e-05,1,2,3.322248e-07,6.340176e-06,8,4,0.8601373,4.412769e-07,3,8,7.793285e-06,5.183346e+09,0.007964198,1.381428,0.6907138,-76.43324,-104.6277,-161.714,-169.9085,0.0002670715
7,5,356,3.297237e-07,1,6,6.780818e-06,6.994061e-06,7,8.071058e-06,3.838276e-05,1,2,2.704205e-07,5.610861e-06,6,1,0.8744766,4.147417e-07,3,7,6.955308e-06,6.080942e+09,0.004022634,1.1082,0.5541002,-75.56612,-103.7185,-165.2004,-173.3528,0.03699525
7,6,357,4.532658e-07,2,8,8.773101e-06,7.870894e-06,6,7.567313e-06,4.175591e-05,1,2,4.372218e-07,6.808507e-06,9,2,0.9748631,3.877199e-07,2,9,8.679811e-06,5.002254e+09,0.00913771,1.615096,0.8075481,-93.19668,-117.3019,-177.5716,-181.6769,0.005887614
7,7,358,4.519236e-07,1,6,6.482302e-06,7.870242e-06,6,8.346413e-06,4.229791e-05,1,2,4.094167e-07,6.515601e-06,7,3,1.104431,3.089917e-07,2,8,7.764628e-06,5.178794e+09,0.006083197,1.43168,0.7158401,-83.58125,-111.1136,-170.0245,-177.5568,0.0002386942
7,8,359,4.075616e-07,3,6,8.118169e-06,7.848624e-06,8,7.932336e-06,3.721204e-05,1,2,3.079005e-07,6.26033e-06,6,2,0.9368205,3.018457e-07,3,5,8.948262e-06,5.542832e+09,0.009079592,1.599027,0.7995135,-92.32743,-117.286,-177.6214,-182.58,0.01189781
7,9,360,3.990249e-07,4,5,9.354259e-06,9.002799e-06,8,8.325943e-06,3.683634e-05,1,2,3.854813e-07,6.592013e-06,6,3,0.8663685,2.366843e-07,3,8,5.518683e-06,5.070403e+09,0.01068655,1.620429,0.8102144,-93.69082,-118.5063,-177.5033,-182.3188,0.01115931
7,10,361,2.289642e-07,2,10,6.389149e-06,9.972648e-06,3,7.85016e-06,3.969866e-05,1,3,4.261203e-07,9.449715e-06,9,2,0.8294303,3.23683e-07,3,9,8.950852e-06,3.351096e+09,0.01279074,1.858807,0.9294034,-95.76584,-120.1279,-175.2006,-179.5626,0.2350224
7,11,362,2.751685e-07,2,8,7.498672e-06,7.027922e-06,4,8.075088e-06,3.898674e-05,1,1,4.437074e-07,8.458865e-06,6,3,1.013867,4.172663e-07,1,8,6.367898e-06,9.588328e+09,0.00812768,1.407316,0.7036579,-87.82296,-112.4566,-178.3582,-182.9918,0.7745133
7,12,363,2.527001e-07,2,7,7.967912e-06,7.397495e-06,5,8.752912e-06,3.782667e-05,1,4,4.267143e-07,6.196618e-06,7,5,1.057325,3.318568e-07,2,6,6.738237e-06,2.836728e+09,0.01243896,1.952822,0.9764108,-98.04066,-121.2327,-176.1492,-179.3412,0.3279222
7,13,364,3.637812e-07,3,7,8.204612e-06,6.445387e-06,7,8.238388e-06,3.649594e-05,1,7,3.611812e-07,6.602022e-06,7,3,0.8881676,3.142793e-07,3,9,7.254916e-06,1.49129e+09,0.01258683,2.02254,1.01127,-99.25819,-122.9427,-171.7303,-175.4148,0.6722075
7,14,365,4.279004e-07,2,7,5.16426e-06,7.032055e-06,5,8.46909e-06,3.646761e-05,1,2,4.728258e-07,8.660925e-06,6,2,0.8338373,3.261795e-07,5,9,8.645867e-06,4.96308e+09,0.00568376,1.03657,0.5182849,-73.6529,-101.8727,-160.0216,-168.2414,0.0
7,15,366,3.90212e-07,4,8,7.772172e-06,7.7958e-06,3,8.644542e-06,4.058944e-05,1,2,3.437596e-07,7.15017e-06,7,2,0.842386,3.422866e-07,2,8,8.137079e-06,6.04224e+09,0.01045362,1.794201,0.8971005,-91.20974,-115.5623,-176.641,-180.9936,0.07465988
7,16,367,3.830492e-07,2,10,6.940684e-06,8.504469e-06,5,8.848115e-06,3.89869e-05,1,3,3.783237e-07,8.742787e-06,5,2,0.9859872,3.332727e-07,5,5,8.068259e-06,3.682927e+09,0.009299316,1.746173,0.8730864,-95.65414,-119.6125,-177.2935,-181.2518,0.08862753
7,17,368,4.095932e-07,3,7,6.296121e-06,7.350872e-06,8,8.602689e-06,4.365485e-05,1,2,3.467781e-07,6.166197e-06,7,3,0.9027092,3.097464e-07,3,8,9.678759e-06,4.351179e+09,0.01115094,1.636573,0.8182863,-92.95732,-118.2443,-175.2563,-180.5433,0.03408151
7,18,369,4.762393e-07,2,6,8.568525e-06,6.819302e-06,6,6.607534e-06,3.842607e-05,1,2,3.323435e-07,8.395739e-06,7,2,1.080252,3.220371e-07,3,8,6.800615e-06,5.576995e+09,0.0102868,1.713231,0.8566154,-91.83486,-116.3506,-176.6401,-181.1558,0.02977784
7,19,370,4.246367e-07,2,6,7.668647e-06,6.888061e-06,5,8.380265e-06,3.535326e-05,1,2,3.386462e-07,6.281742e-06,7,4,0.9088199,3.030711e-07,2,8,5.495623e-06,5.955321e+09,0.008890081,1.671959,0.8359797,-88.64816,-114.6191,-174.6572,-180.6281,0.0412689
7,20,371,4.375999e-07,2,6,7.365896e-06,6.906358e-06,8,8.14096e-06,3.926942e-05,1,5,2.96808e-07,6.506436e-06,7,2,0.8858046,3.918037e-07,3,8,5.339643e-06,2.342515e+09,0.007276976,1.856857,0.9284286,-98.49201,-121.8856,-177.2661,-180.6598,0.3290156
7,21,372,3.746595e-07,3,8,8.43763e-06,8.480746e-06,5,8.516202e-06,3.830695e-05,1,3,4.016886e-07,9.999008e-06,6,2,0.9763544,3.705836e-07,2,9,8.616322e-06,3.740099e+09,0.01099527,1.828287,0.9141433,-96.36982,-119.8274,-177.4154,-180.873,0.1138381
7,22,373,4.449101e-07,2,6,7.822208e-06,6.769506e-06,9,8.423484e-06,4.35316e-05,1,2,3.358548e-07,6.272735e-06,7,3,0.879793,3.001742e-07,3,8,6.665788e-06,4.689917e+09,0.008296963,1.54177,0.7708848,-86.8793,-114.0127,-171.1134,-178.2468,0.002613612
7,23,374,4.159141e-07,1,7,7.095743e-06,7.017383e-06,7,9.933275e-06,3.650553e-05,1,2,2.162785e-07,6.451905e-06,6,3,0.8106881,3.120721e-07,3,8,9.379935e-06,5.454991e+09,0.004021487,0.9515173,0.4757586,-74.02843,-102.4156,-162.7204,-171.1076,0.004845006
7,24,375,3.866996e-07,2,7,6.613208e-06,7.057056e-06,3,7.582806e-06,3.376776e-05,1,2,2.376888e-07,5.842821e-06,8,3,0.8351341,3.494942e-07,2,9,9.753904e-06,6.258086e+09,0.008465088,1.584086,0.7920432,-75.93065,-104.1559,-162.5832,-170.8084,0.0547058
7,25,376,3.702084e-07,2,6,7.685773e-06,6.506448e-06,4,8.188763e-06,3.578961e-05,1,7,4.46857e-07,6.330129e-06,6,2,0.9862235,3.822444e-07,5,8,7.173956e-06,1.538023e+09,0.007072606,1.872772,0.9363861,-101.0656,-123.8881,-176.3091,-179.1316,0.5325172
7,26,377,3.419071e-07,2,7,7.642066e-06,6.787107e-06,7,8.269531e-06,3.903216e-05,1,6,3.38236e-07,5.722819e-06,5,2,0.8452419,3.066561e-07,3,9,9.035169e-06,1.835609e+09,0.007072531,1.844911,0.9224557,-99.80636,-123.2907,-176.5862,-180.0706,0.4439805
7,27,378,3.273981e-07,3,7,6.984175e-06,6.726786e-06,7,8.063524e-06,3.621608e-05,1,2,3.583972e-07,9.502925e-06,7,2,0.9017988,3.85505e-07,2,9,8.958695e-06,5.255596e+09,0.01151384,1.684023,0.8420114,-93.06026,-117.5422,-176.8605,-181.3425,0.03889883
7,28,379,4.469583e-07,2,7,7.106216e-06,9.137498e-06,5,8.288151e-06,3.703423e-05,1,9,4.71654e-07,6.314969e-06,7,3,0.9808395,4.440269e-07,3,7,6.782262e-06,1.11595e+09,0.007867426,2.00756,1.00378,-102.6292,-125.0289,-174.6238,-177.0234,0.7108744
7,29,380,3.975254e-07,2,7,7.711805e-06,8.130292e-06,6,6.937845e-06,3.475368e-05,1,2,4.821707e-07,7.145832e-06,7,2,0.9036768,1.969098e-07,3,6,8.706364e-06,5.913123e+09,0.007699445,1.51706,0.7585299,-89.65467,-114.9911,-176.2264,-181.5629,0.02554917
7,30,381,3.971404e-07,1,6,6.523302e-06,7.128974e-06,4,8.024348e-06,4.30148e-05,1,2,2.998247e-07,7.188195e-06,6,3,0.9282094,3.884883e-07,4,8,7.232185e-06,5.259092e+09,0.005142981,1.221188,0.6105939,-71.4301,-99.95403,-158.7362,-167.2601,0.003086779
7,31,382,4.229724e-07,3,6,7.209475e-06,7.178409e-06,8,8.277894e-06,4.263312e-05,1,2,4.598854e-07,6.471454e-06,6,3,0.9043632,2.814514e-07,3,8,8.632117e-06,4.591334e+09,0.008910803,1.526142,0.7630708,-92.72704,-117.5871,-176.4666,-181.3267,0.004271855
7,32,383,3.032863e-07,3,7,6.080635e-06,7.054723e-06,7,8.351699e-06,3.837976e-05,1,10,1.995448e-07,9.148527e-06,6,2,0.8129856,3.03328e-07,2,9,8.364222e-06,nil,0.01197278,nil,nil,nil,nil,1e+12,1e+12,3e+12
7,33,384,3.845063e-07,4,8,5.711874e-06,7.282834e-06,5,7.042237e-06,3.804104e-05,1,2,3.729458e-07,5.566061e-06,7,2,0.8433477,3.269763e-07,2,10,8.269399e-06,5.940187e+09,0.008342296,1.611093,0.8055463,-89.81652,-114.8736,-176.0797,-181.1368,0.03262523
7,34,385,4.561102e-07,3,9,7.491477e-06,7.672087e-06,6,8.077559e-06,3.807934e-05,1,3,3.417209e-07,6.828887e-06,7,1,0.8588743,2.458939e-07,3,8,7.316291e-06,4.168303e+09,0.006796811,1.638803,0.8194017,-92.40864,-117.6521,-176.4848,-181.7282,0.03086107
7,35,386,4.385653e-07,2,9,5.61454e-06,5.408552e-06,9,8.526883e-06,3.614867e-05,1,7,3.448407e-07,6.49839e-06,7,3,0.9113095,3.098293e-07,2,8,7.622781e-06,1.62397e+09,0.008939709,1.978726,0.9893628,-99.60038,-122.8289,-174.2987,-177.5272,0.5488528
7,36,387,4.342286e-07,4,8,6.511493e-06,7.333987e-06,5,7.888494e-06,3.98697e-05,1,3,4.587352e-07,7.270027e-06,7,2,0.8699566,3.155164e-07,3,5,8.225311e-06,4.0601e+09,0.008282082,1.786724,0.8933621,-94.6135,-118.4131,-177.6028,-181.4025,0.06591889
7,37,388,4.4601e-07,2,6,7.535572e-06,8.156787e-06,8,8.290501e-06,4.539815e-05,1,2,4.117818e-07,6.945178e-06,6,2,0.8931577,2.604902e-07,3,7,8.013471e-06,4.764736e+09,0.006665068,1.433699,0.7168493,-90.26946,-116.0365,-175.5922,-181.3592,0.0007620355
7,38,389,3.54034e-07,4,7,6.236237e-06,9.710514e-06,6,7.771106e-06,3.858474e-05,1,5,4.506381e-07,9.468613e-06,7,2,0.8322939,4.527027e-07,1,5,5.212113e-06,2.535423e+09,0.005376645,1.802419,0.9012095,-100.5698,-122.5422,-181.3457,-183.318,0.2735184
7,39,390,2.457983e-07,2,7,7.35272e-06,6.400687e-06,4,8.31503e-06,3.55019e-05,1,2,3.718221e-07,9.175215e-06,6,5,0.7695012,3.820737e-07,4,8,6.394532e-06,4.846405e+09,0.01000986,1.489713,0.7448565,-72.43878,-101.1792,-156.1429,-164.8833,0.0001206061
7,40,391,2.917979e-07,2,6,8.98833e-06,6.066173e-06,7,8.48367e-06,3.979959e-05,1,3,3.607671e-07,8.404827e-06,6,2,0.847212,4.560747e-07,3,9,9.435759e-06,3.285013e+09,0.009294489,1.681084,0.840542,-92.73876,-118.5065,-173.3872,-179.155,0.123203
7,41,392,4.308784e-07,3,7,6.760841e-06,5.630683e-06,9,8.594595e-06,4.019369e-05,1,2,4.388072e-07,7.222211e-06,6,2,0.8350624,4.279956e-07,5,7,6.80984e-06,4.720842e+09,0.007261053,1.320409,0.6602046,-88.39863,-114.1563,-173.269,-179.0267,0.001336836
7,42,393,3.66162e-07,2,9,9.079803e-06,7.748983e-06,5,7.195937e-06,3.736093e-05,1,3,3.971165e-07,6.450408e-06,7,2,0.9633081,3.776963e-07,3,8,7.840713e-06,3.905452e+09,0.00916987,1.752416,0.876208,-94.84116,-118.75,-177.051,-180.9598,0.06951369
7,43,394,3.974818e-07,3,6,7.623958e-06,6.585568e-06,7,8.076437e-06,3.579322e-05,1,2,3.788146e-07,7.223974e-06,6,2,0.7930299,3.021246e-07,4,8,7.057419e-06,5.408215e+09,0.007853197,1.436114,0.7180568,-85.81455,-112.4409,-171.5252,-178.1515,0.003652316
7,44,395,3.52649e-07,2,8,8.380291e-06,8.061215e-06,6,8.125844e-06,3.844539e-05,1,2,4.955282e-07,7.001652e-06,7,2,0.8986292,2.129938e-07,3,8,7.535337e-06,5.331012e+09,0.008269049,1.517953,0.7589765,-91.31647,-116.3335,-176.6781,-181.6952,0.002195016
7,45,396,4.158421e-07,3,10,7.674589e-06,7.138503e-06,8,7.596812e-06,3.588716e-05,1,2,3.17296e-07,6.255013e-06,7,3,0.8934933,4.001166e-07,3,7,8.026392e-06,5.092865e+09,0.01303335,1.709324,0.8546618,-94.26589,-118.425,-177.2546,-181.4136,0.111486
7,46,397,4.392415e-07,2,6,7.939154e-06,6.718752e-06,9,6.251335e-06,3.833304e-05,1,5,3.390779e-07,6.349037e-06,9,3,0.8930285,3.10551e-07,3,7,8.234517e-06,2.139834e+09,0.009237984,1.897394,0.9486969,-98.6606,-122.335,-175.6124,-179.2869,0.3874935
7,47,398,3.240304e-07,3,9,6.788314e-06,7.167002e-06,5,7.84065e-06,4.020851e-05,1,2,3.761008e-07,5.626472e-06,9,2,0.8452767,3.339179e-07,2,6,7.224704e-06,6.141128e+09,0.008843733,1.746654,0.873327,-91.96955,-116.179,-178.2682,-182.4776,0.0687135
7,48,399,4.314907e-07,3,6,6.613272e-06,6.686262e-06,8,7.736032e-06,4.003531e-05,1,2,3.031731e-07,5.915648e-06,7,5,0.8721789,3.335057e-07,3,8,7.27756e-06,4.659398e+09,0.01098015,1.638977,0.8194883,-86.89184,-114.0858,-169.8524,-177.0463,0.02060226
7,49,400,3.678175e-07,3,8,7.550636e-06,6.143744e-06,3,8.076602e-06,3.84783e-05,1,2,4.235875e-07,7.231559e-06,7,3,0.9638233,3.838715e-07,1,9,8.320217e-06,6.193772e+09,0.009773906,1.801176,0.9005878,-92.84139,-116.3057,-178.7798,-182.2441,0.08630939
8,0,401,4.218597e-07,2,6,7.822208e-06,6.769506e-06,9,8.423484e-06,3.579983e-05,1,2,3.358548e-07,6.272735e-06,7,3,0.879793,3.001742e-07,3,8,7.29329e-06,5.093651e+09,0.008640831,1.471627,0.7358137,-84.19531,-111.7747,-168.9703,-176.5497,0.0
8,1,402,2.421319e-07,2,6,7.460128e-06,7.730251e-06,8,8.196902e-06,3.975303e-05,1,4,3.321806e-07,6.820161e-06,7,2,0.8904897,4.801967e-07,3,7,6.985972e-06,2.695036e+09,0.008916702,1.82492,0.9124602,-99.08742,-122.1656,-178.1967,-181.2748,0.2494148
8,2,403,4.259507e-07,2,6,6.896343e-06,6.102329e-06,2,8.515807e-06,3.934631e-05,1,2,3.723102e-07,7.117258e-06,6,3,0.8921047,3.618498e-07,4,8,6.802446e-06,5.560724e+09,0.007827916,1.56129,0.7806452,-80.76379,-108.3246,-166.73,-174.2908,0.00983054
8,3,404,4.534771e-07,1,8,6.862459e-06,5.099676e-06,9,7.055542e-06,3.953475e-05,1,4,3.73863e-07,6.585731e-06,7,1,1.024811,3.304614e-07,4,8,7.604259e-06,2.913317e+09,0.004886319,1.54133,0.7706649,-92.50083,-117.8179,-174.8988,-180.2159,0.1651453
8,4,405,4.234817e-07,1,7,7.544166e-06,5.734053e-06,8,6.23141e-06,3.602506e-05,1,2,2.462968e-07,6.425864e-06,8,3,0.8363288,4.319042e-07,3,5,8.582294e-06,6.077503e+09,0.004673421,1.15641,0.5782051,-72.60676,-100.9953,-161.5849,-169.9734,0.03673632
8,5,406,4.141796e-07,2,8,7.82661e-06,7.540862e-06,6,8.324118e-06,3.802154e-05,1,3,4.060742e-07,6.470325e-06,7,5,0.9138154,4.394125e-07,3,6,9.73092e-06,3.211486e+09,0.01153331,1.783012,0.8915059,-96.89938,-120.9645,-176.414,-180.4791,0.1778539
8,6,407,4.31689e-07,2,7,6.751114e-06,7.020673e-06,7,8.741895e-06,3.768992e-05,1,3,2.552303e-07,6.531604e-06,7,1,1.111617,4.536021e-07,2,8,8.589301e-06,4.08139e+09,0.006978052,1.652203,0.8261014,-92.9419,-118.226,-176.7207,-182.0048,0.03820601
8,7,408,3.974818e-07,3,6,7.623958e-06,6.585568e-06,7,8.076437e-06,3.579322e-05,1,2,3.788146e-07,7.223974e-06,6,2,0.7930299,3.021246e-07,4,6,7.057419e-06,5.717943e+09,0.007607364,1.49077,0.7453849,-87.60735,-113.682,-173.9398,-180.0144,0.01468105
8,8,409,4.356215e-07,3,6,6.509244e-06,7.712754e-06,5,7.367157e-06,3.824301e-05,1,3,4.546086e-07,6.911406e-06,7,2,1.077382,3.71231e-07,3,7,7.988894e-06,3.907497e+09,0.007991743,1.714284,0.8571419,-94.88816,-118.5814,-177.6997,-181.393,0.06143499
8,9,410,3.443269e-07,2,8,8.657249e-06,6.438457e-06,5,8.480223e-06,4.340735e-05,1,3,4.317145e-07,6.935437e-06,8,2,0.9755421,4.856276e-07,2,9,8.661024e-06,3.575893e+09,0.008896951,1.792887,0.8964437,-96.57887,-119.7047,-178.1541,-181.28,0.1111478
8,10,411,3.592056e-07,2,8,8.713526e-06,5.24496e-06,9,7.31686e-06,3.293876e-05,1,3,4.612453e-07,6.47597e-06,6,2,0.9318019,2.419768e-07,3,9,6.888241e-06,4.249176e+09,0.007561899,1.619495,0.8097473,-93.14066,-117.769,-176.9204,-181.5488,0.02398769
8,11,412,4.222409e-07,4,6,7.23653e-06,7.033276e-06,9,8.311522e-06,4.132367e-05,1,2,4.178928e-07,6.372828e-06,9,3,0.8997731,3.249222e-07,2,8,8.539055e-06,4.556602e+09,0.01157228,1.678263,0.8391317,-95.39941,-119.4568,-177.938,-181.9954,0.04375542
8,12,413,3.065118e-07,2,5,7.189922e-06,7.580241e-06,4,8.045444e-06,3.913901e-05,1,2,3.27631e-07,6.465535e-06,7,2,1.025146,3.115536e-07,2,7,7.630698e-06,6.401443e+09,0.008484484,1.740849,0.8704245,-90.37106,-115.1314,-177.2104,-181.9707,0.09090079
8,13,414,4.243952e-07,3,7,6.407881e-06,8.229343e-06,9,8.601636e-06,4.237626e-05,1,2,4.368286e-07,6.51002e-06,7,3,0.849219,3.541815e-07,4,7,8.878312e-06,4.114977e+09,0.009318957,1.434236,0.7171179,-89.44338,-115.932,-172.0371,-178.5257,0.02566687
8,14,415,4.38723e-07,1,10,6.615655e-06,7.640447e-06,7,7.681592e-06,4.050821e-05,1,2,2.966558e-07,6.389227e-06,7,4,1.052347,3.168201e-07,3,6,7.267386e-06,5.021489e+09,0.009611577,1.646771,0.8233857,-89.03254,-115.4856,-173.2212,-179.6743,0.009574157
8,15,416,3.975144e-07,3,6,8.897375e-06,7.826922e-06,7,7.879723e-06,3.571809e-05,1,2,4.035868e-07,7.159114e-06,7,2,0.8491814,1.813956e-07,4,6,7.670485e-06,5.512555e+09,0.009628085,1.597462,0.7987308,-90.9441,-116.4103,-175.9358,-181.4019,0.01076537
8,16,417,4.068861e-07,3,8,8.253706e-06,7.916307e-06,7,8.004344e-06,3.77289e-05,1,2,2.07003e-07,6.311439e-06,7,2,0.9066831,2.351524e-07,3,10,8.781423e-06,5.004363e+09,0.01587485,1.789369,0.8946843,-92.32436,-117.863,-174.3042,-179.8429,0.3823533
8,17,418,3.198513e-07,2,6,7.746227e-06,8.116621e-06,8,6.236325e-06,3.478004e-05,1,10,3.194945e-07,6.271656e-06,7,4,1.018335,3.069789e-07,3,6,7.240147e-06,nil,0.01279999,nil,nil,nil,nil,1e+12,1e+12,3e+12
8,18,419,4.075616e-07,3,6,8.118169e-06,7.848624e-06,8,7.932336e-06,3.721204e-05,1,2,2.263787e-07,6.426483e-06,6,2,0.9368205,3.210281e-07,3,5,8.948262e-06,5.541865e+09,0.01111888,1.708517,0.8542583,-92.6915,-117.5922,-177.104,-182.0047,0.03934955
8,19,420,4.158931e-07,2,6,6.518569e-06,7.162452e-06,8,8.520978e-06,4.31568e-05,1,2,2.354414e-07,6.134153e-06,7,4,0.8985343,3.241465e-07,3,8,7.370461e-06,4.637613e+09,0.008743958,1.517322,0.758661,-80.3409,-108.5271,-164.2497,-172.4359,0.003000772
8,20,421,4.528093e-07,2,6,6.286345e-06,7.109279e-06,6,8.085088e-06,4.641209e-05,1,2,4.107091e-07,6.759571e-06,8,5,0.9520053,3.632858e-07,3,9,7.693159e-06,4.02585e+09,0.009020317,1.486314,0.7431568,-81.73697,-109.8149,-164.2819,-172.3598,0.03182583
8,21,422,4.558479e-07,2,6,7.400326e-06,7.029955e-06,7,9.183371e-06,4.437042e-05,1,9,3.348146e-07,6.648076e-06,6,2,0.8773351,3.523282e-07,3,8,6.795619e-06,1.10417e+09,0.006697753,1.995604,0.9978019,-101.5309,-124.7113,-174.1323,-177.3128,0.7092628
8,22,423,4.391219e-07,3,9,7.765729e-06,6.699344e-06,6,7.821664e-06,3.862534e-05,1,2,4.160958e-07,7.190863e-06,8,2,0.9699397,3.753052e-07,4,9,8.351772e-06,4.61519e+09,0.01134043,1.561715,0.7808577,-92.31609,-117.2251,-175.0536,-179.9626,0.02303876
8,23,424,3.659882e-07,5,6,6.771098e-06,7.782661e-06,9,8.591704e-06,3.633988e-05,1,3,3.831449e-07,6.598231e-06,5,2,0.8365671,4.586821e-07,5,7,9.073262e-06,3.127978e+09,0.007949468,1.407349,0.7036747,-92.13078,-118.3798,-173.0327,-179.2817,0.1307814
8,24,425,4.471921e-07,2,8,7.915635e-06,6.844408e-06,8,6.869138e-06,3.808054e-05,1,9,3.396045e-07,6.460059e-06,8,3,0.8716036,2.852003e-07,3,8,7.49525e-06,nil,0.01043008,nil,nil,nil,nil,1e+12,1e+12,3e+12
8,25,426,1.835955e-07,2,8,6.468152e-06,6.694466e-06,5,7.777787e-06,3.734473e-05,1,7,3.862531e-07,6.336631e-06,7,2,0.8323611,2.70937e-07,2,5,6.224201e-06,2.062206e+09,0.007727137,2.006918,1.003459,-94.13266,-118.6988,-171.5391,-176.1053,0.4496121
8,26,427,4.518194e-07,2,9,7.641832e-06,7.696834e-06,6,7.278536e-06,3.81435e-05,1,6,4.201342e-07,6.890702e-06,7,1,0.8740614,2.194893e-07,3,6,7.409936e-06,2.255762e+09,0.005311208,1.82132,0.9106601,-97.25561,-120.9914,-177.0695,-180.8053,0.3370991
8,27,428,3.251658e-07,2,7,7.808638e-06,6.679531e-06,8,8.366796e-06,3.175944e-05,1,2,3.67539e-07,8.667958e-06,7,4,0.8416964,3.616459e-07,4,8,9.237251e-06,4.560214e+09,0.01164035,1.408762,0.7043812,-76.6998,-105.2347,-159.2198,-167.7547,0.03171619
8,28,429,4.658867e-07,2,7,8.708524e-06,7.176712e-06,2,6.673993e-06,4.165268e-05,1,2,4.159895e-07,7.025548e-06,8,2,1.013472,3.371357e-07,2,8,8.222427e-06,6.188459e+09,0.008698256,1.759571,0.8797854,-90.25975,-114.3734,-176.6971,-180.8108,0.07549489
8,29,430,3.754362e-07,3,8,5.822121e-06,8.041459e-06,5,8.104434e-06,3.813046e-05,1,4,3.446986e-07,5.360802e-06,7,2,1.069698,1.911385e-07,4,9,7.898508e-06,2.895885e+09,0.01045691,1.864179,0.9320894,-96.20313,-120.6359,-175.2447,-179.6775,0.2283161
8,30,431,4.814108e-07,2,9,5.192695e-06,6.96425e-06,6,8.35096e-06,3.895588e-05,1,2,3.794349e-07,6.576984e-06,6,2,0.8594027,3.284653e-07,4,9,8.290649e-06,5.020687e+09,0.006502533,1.267684,0.6338418,-80.93384,-108.264,-166.8183,-174.1484,0.0
8,31,432,4.317435e-07,4,6,9.295115e-06,8.936761e-06,1,8.29143e-06,3.763826e-05,1,2,4.535256e-07,6.741194e-06,6,4,0.8679335,2.912529e-07,3,5,5.671166e-06,6.453233e+09,0.01033059,1.828773,0.9143863,-90.34097,-114.6524,-176.3953,-180.7067,0.1195387
8,32,433,4.474403e-07,5,6,7.776756e-06,6.207247e-06,9,6.148183e-06,3.803263e-05,1,2,4.114548e-07,6.314296e-06,8,4,0.8722025,4.229829e-07,3,8,7.159679e-06,4.671017e+09,0.01322649,1.709599,0.8547994,-95.19804,-118.9229,-177.3718,-181.0967,0.1258114
8,33,434,4.253962e-07,2,6,6.558873e-06,6.984638e-06,9,9.60865e-06,4.360344e-05,1,2,3.39634e-07,6.220617e-06,7,3,0.9003563,2.995489e-07,3,8,7.494658e-06,4.475957e+09,0.007930139,1.450675,0.7253377,-84.06244,-111.8547,-168.0874,-175.8796,0.007489049
8,34,435,4.47926e-07,3,7,7.487377e-06,7.643942e-06,7,7.078884e-06,3.811599e-05,1,5,4.515876e-07,6.535908e-06,9,1,0.8783754,2.534552e-07,3,8,7.528112e-06,2.443997e+09,0.006039284,1.746619,0.8733093,-97.63243,-121.289,-177.5846,-181.2412,0.2782581
8,35,436,4.05399e-07,2,6,7.852874e-06,8.423156e-06,6,7.752385e-06,3.506659e-05,1,2,3.875312e-07,6.839783e-06,7,2,0.9292103,2.240432e-07,3,5,8.730255e-06,5.96821e+09,0.007977527,1.57107,0.7855348,-90.08115,-115.5003,-176.5793,-181.9985,0.03122553
8,36,437,3.150908e-07,1,6,6.783173e-06,7.885089e-06,3,8.239105e-06,4.102568e-05,1,2,3.338316e-07,9.473097e-06,7,2,1.080045,4.450106e-07,4,8,7.58906e-06,4.984849e+09,0.008153764,1.498474,0.7492369,-77.76998,-106.1254,-162.6094,-170.9649,0.0
8,37,438,4.229724e-07,4,6,7.209475e-06,7.178409e-06,8,8.277894e-06,4.263312e-05,1,8,4.598854e-07,6.471454e-06,6,3,0.8350443,2.814514e-07,1,8,8.632117e-06,1.347903e+09,0.00764824,1.994684,0.9973422,-100.1964,-123.3793,-173.9539,-177.1369,0.6342668
8,38,439,3.812198e-07,2,9,8.515289e-06,5.364225e-06,8,6.358616e-06,3.915894e-05,1,3,3.365686e-07,8.139422e-06,7,2,0.8552849,4.54468e-07,3,8,7.901817e-06,3.642513e+09,0.01024491,1.803822,0.901911,-95.6702,-119.4243,-176.7931,-180.5472,0.1074845
8,39,440,4.499124e-07,2,9,7.538073e-06,7.489046e-06,6,8.048107e-06,4.039097e-05,1,2,3.398365e-07,6.431022e-06,7,1,0.8984898,2.719956e-07,2,8,6.605304e-06,6.311317e+09,0.005696003,1.485705,0.7428523,-88.76252,-114.46,-177.2092,-182.9067,0.05641253
8,40,441,4.00881e-07,4,5,7.849826e-06,7.796931e-06,5,8.438753e-06,3.069474e-05,1,2,3.381671e-07,6.90273e-06,6,2,0.917709,2.3218e-07,3,7,8.614715e-06,6.315337e+09,0.00990866,1.610521,0.8052603,-89.67188,-115.128,-175.7197,-181.1757,0.06221635
8,41,442,4.683438e-07,2,8,8.211515e-06,8.007699e-06,6,7.283861e-06,3.823125e-05,1,2,2.142744e-07,7.602067e-06,8,2,1.069958,3.326323e-07,3,6,8.681676e-06,5.471296e+09,0.01427475,1.827551,0.9137756,-92.19945,-117.0105,-175.4156,-180.2266,0.2357198
8,42,443,3.434052e-07,4,10,6.72788e-06,5.783239e-06,7,7.788287e-06,3.83878e-05,1,2,2.749306e-07,5.818345e-06,6,2,0.8726664,4.08074e-07,3,5,7.165536e-06,6.184855e+09,0.009567536,1.738657,0.8693284,-91.80148,-116.3822,-177.8201,-182.4008,0.07056266
8,43,444,1.983941e-07,1,6,9.432594e-06,7.810072e-06,7,7.196174e-06,4.197462e-05,1,3,3.398976e-07,9.034117e-06,10,4,0.8737594,3.706324e-07,3,8,7.380229e-06,2.848643e+09,0.01051117,1.728031,0.8640155,-81.85667,-110.5323,-160.7329,-169.4086,0.2009863
8,44,445,4.752534e-07,2,7,5.624634e-06,8.621577e-06,6,8.396791e-06,3.254937e-05,1,2,4.20603e-07,7.42839e-06,7,4,1.096714,2.557786e-07,3,7,7.783617e-06,5.104296e+09,0.01054184,1.561615,0.7808076,-89.99537,-116.0717,-173.9249,-180.0013,0.004623964
8,45,446,4.271938e-07,2,6,5.162418e-06,6.764648e-06,7,7.753089e-06,3.692586e-05,1,2,3.381057e-07,6.236815e-06,7,5,0.8869583,3.047463e-07,3,8,5.779933e-06,5.234202e+09,0.006529651,1.284968,0.6424838,-75.85334,-104.2171,-162.0815,-170.4452,0.0006924353
8,46,447,3.660987e-07,3,7,9.795537e-06,6.925557e-06,4,8.053011e-06,4.223543e-05,1,2,3.046365e-07,8.567137e-06,6,2,0.9202002,3.860836e-07,1,9,7.422722e-06,6.472281e+09,0.009524384,1.848271,0.9241354,-92.4621,-116.1185,-178.8949,-182.5513,0.126309
8,47,448,4.279004e-07,4,7,5.16426e-06,7.032055e-06,5,8.46909e-06,3.646761e-05,1,6,4.728258e-07,8.660925e-06,6,2,0.8338373,3.261795e-07,2,9,6.74509e-06,2.105671e+09,0.007238054,1.916965,0.9584823,-99.05035,-121.8122,-176.9219,-179.6838,0.4024802
8,48,449,4.859998e-07,3,10,7.391085e-06,6.638188e-06,3,7.320029e-06,3.825393e-05,1,2,3.612883e-07,5.8074e-06,9,3,0.8567675,3.757585e-07,2,7,7.401876e-06,6.057529e+09,0.01093308,1.812885,0.9064427,-92.06722,-115.8774,-177.3257,-181.1359,0.08746667
8,49,450,3.083541e-07,1,7,6.426377e-06,8.841895e-06,3,8.146271e-06,4.095634e-05,1,3,4.175359e-07,7.708514e-06,8,3,0.831116,3.181305e-07,3,8,7.963517e-06,3.634268e+09,0.005054298,1.420857,0.7104284,-73.09196,-101.7545,-157.2637,-165.9262,0.06672543
9,0,451,4.218597e-07,2,6,7.822208e-06,6.769506e-06,9,8.423484e-06,3.579983e-05,1,2,3.358548e-07,6.272735e-06,7,3,0.879793,3.001742e-07,3,8,7.29329e-06,5.09365e+09,0.008640831,1.471628,0.7358141,-84.2079,-111.789,-168.9829,-176.564,0.0
9,1,452,3.198442e-07,2,6,8.404003e-06,7.066807e-06,7,8.709839e-06,3.795198e-05,1,3,2.774657e-07,9.28705e-06,7,4,1.001259,4.602707e-07,2,7,8.156949e-06,3.386312e+09,0.01403646,1.881026,0.9405128,-97.82812,-121.1582,-176.9501,-180.2801,0.3228835
9,2,453,4.462821e-07,2,8,7.638025e-06,8.343799e-06,6,7.519094e-06,3.786624e-05,1,4,3.176144e-07,6.98593e-06,7,1,0.7979318,2.673435e-07,3,7,7.180946e-06,3.278279e+09,0.005893194,1.724177,0.8620886,-95.14731,-119.4093,-177.7567,-182.0187,0.1318726
9,3,454,3.888534e-07,3,6,8.775529e-06,7.507972e-06,6,7.94814e-06,3.948795e-05,1,2,4.802342e-07,7.453642e-06,8,3,0.9051177,3.339744e-07,1,8,7.501751e-06,5.287338e+09,0.008965283,1.671002,0.8355008,-94.40716,-118.1935,-179.3463,-183.1326,0.01434555
9,4,455,4.237591e-07,2,8,8.618227e-06,7.710581e-06,4,6.691702e-06,4.124956e-05,1,2,2.627755e-07,6.921356e-06,7,5,1.007646,2.499896e-07,3,10,8.334656e-06,4.60045e+09,0.01835415,1.880019,0.9400095,-92.98648,-118.012,-173.6051,-178.6306,0.7658399
9,5,456,2.451028e-07,3,6,6.552975e-06,7.129481e-06,9,6.804712e-06,4.332158e-05,1,2,3.288038e-07,6.944635e-06,7,4,0.898915,3.085396e-07,3,8,7.457436e-06,4.424388e+09,0.01520277,1.81335,0.9066748,-94.86777,-119.4451,-175.9656,-180.543,0.3237489
9,6,457,1.941284e-07,1,6,7.779196e-06,7.621478e-06,7,9.147177e-06,3.513655e-05,1,2,3.918976e-07,6.5925e-06,8,3,0.8969622,3.657737e-07,3,6,8.596985e-06,5.062988e+09,0.008453374,1.428524,0.714262,-74.30367,-103.0994,-159.1215,-167.9172,0.0
9,7,458,4.992032e-07,2,7,5.785053e-06,6.970429e-06,2,8.426482e-06,4.586672e-05,1,2,4.621787e-07,6.427999e-06,6,2,0.873728,3.158651e-07,3,9,7.742598e-06,5.625671e+09,0.00535237,1.440429,0.7202147,-83.3444,-109.627,-171.0624,-177.345,0.01062398
9,8,459,3.328801e-07,4,6,7.068128e-06,7.696736e-06,9,8.577801e-06,3.640813e-05,1,1,3.310711e-07,8.644871e-06,6,4,1.022559,4.713248e-07,3,7,8.545197e-06,6.819238e+09,0.01637946,1.43115,0.7155752,-90.93276,-116.2293,-175.4645,-180.761,0.5206146
9,9,460,4.453384e-07,1,7,7.023066e-06,7.350038e-06,5,7.876051e-06,4.401511e-05,1,7,1.964563e-07,6.52979e-06,6,3,0.9818127,3.494032e-07,3,6,8.681772e-06,1.568044e+09,0.006811245,1.961503,0.9807516,-96.71739,-121.3096,-172.2923,-176.8845,0.5570478
9,10,461,3.515343e-07,3,7,7.64096e-06,6.885006e-06,7,6.486787e-06,3.70407e-05,1,3,4.23716e-07,6.617044e-06,7,4,0.8536668,2.605266e-07,3,6,5.428911e-06,3.87657e+09,0.01142907,1.877786,0.9388929,-95.71295,-119.6149,-176.9018,-180.8037,0.1274784
9,11,462,4.165084e-07,2,9,8.427026e-06,5.818446e-06,8,6.64385e-06,3.993687e-05,1,8,3.34501e-07,6.500438e-06,9,2,0.9928483,1.980509e-07,3,8,7.558258e-06,1.347023e+09,0.01266371,2.067513,1.033756,-96.26598,-121.0695,-167.8279,-172.6314,0.7398625
9,12,463,2.886053e-07,2,9,7.507368e-06,7.359083e-06,9,8.342306e-06,4.260987e-05,1,4,3.352279e-07,6.648832e-06,5,3,1.04757,4.417122e-07,3,8,7.002747e-06,2.484168e+09,0.01088402,1.875028,0.9375142,-100.0675,-122.8788,-177.6032,-180.4145,0.3134001
9,13,464,3.97931e-07,3,6,8.655026e-06,7.811108e-06,6,8.161743e-06,3.284274e-05,1,2,3.653267e-07,6.615515e-06,8,3,0.8985758,2.002767e-07,4,7,8.003089e-06,5.269231e+09,0.01346862,1.704542,0.8522709,-91.66917,-117.0095,-174.8109,-180.1512,0.1400084
9,14,465,4.447332e-07,4,5,7.368729e-06,6.692627e-06,7,8.090733e-06,3.89532e-05,1,4,3.798786e-07,8.520169e-06,6,1,0.9078216,3.619421e-07,3,9,8.41722e-06,2.821109e+09,0.006256258,1.628759,0.8143795,-95.19341,-119.9277,-176.2387,-180.973,0.1873678
9,15,466,4.767387e-07,2,9,5.495644e-06,8.322038e-06,9,9.283209e-06,3.695167e-05,1,2,4.08182e-07,6.581453e-06,6,3,1.013144,3.223879e-07,3,8,7.937223e-06,4.61193e+09,0.008826056,1.408012,0.7040058,-92.30781,-117.5812,-176.1278,-181.4012,0.003456232
9,16,467,4.356034e-07,4,6,8.027433e-06,5.772131e-06,5,8.15807e-06,3.839889e-05,1,2,2.257182e-07,6.478306e-06,6,2,0.896822,2.834403e-07,3,6,6.368111e-06,6.644193e+09,0.01150767,1.854861,0.9274307,-89.73535,-114.7419,-175.5743,-180.5808,0.1703755
9,17,468,4.064603e-07,3,7,5.553034e-06,8.148572e-06,7,8.118809e-06,3.694011e-05,1,2,3.105302e-07,7.088975e-06,8,2,1.003374,1.862544e-07,4,10,5.059848e-06,5.242068e+09,0.01217981,1.715855,0.8579275,-92.13707,-117.5201,-175.6707,-181.0537,0.06899968
9,18,469,3.309202e-07,1,6,6.591884e-06,7.482018e-06,7,9.175928e-06,4.313407e-05,1,5,3.394912e-07,8.281035e-06,7,2,0.9151583,1.863482e-07,3,8,7.558735e-06,2.156487e+09,0.005685264,1.776744,0.8883721,-92.75525,-119.5279,-171.8827,-178.6554,0.3475276
9,19,470,2.374003e-07,2,8,6.83782e-06,7.155583e-06,8,7.438416e-06,3.688084e-05,1,4,3.754084e-07,6.586149e-06,10,2,0.9828799,4.098169e-07,4,7,8.046012e-06,2.568925e+09,0.01233109,1.874997,0.9374986,-99.15606,-122.3899,-176.4411,-179.6749,0.3431577
9,20,471,4.179441e-07,4,6,6.808977e-06,7.250366e-06,7,8.536987e-06,3.543156e-05,1,5,3.498207e-07,6.236489e-06,7,2,0.9176218,2.276691e-07,3,5,6.352469e-06,2.661552e+09,0.009002831,1.921309,0.9606543,-96.38207,-120.4222,-175.341,-179.3811,0.2875794
9,21,472,4.27053e-07,5,6,7.113465e-06,9.005827e-06,7,8.576159e-06,3.669652e-05,1,2,3.341443e-07,6.425229e-06,7,5,0.8431432,3.823719e-07,3,7,8.570821e-06,4.445622e+09,0.01476015,1.701215,0.8506073,-94.69281,-119.3263,-175.9606,-180.594,0.2531837
9,22,473,3.317241e-07,2,6,7.79279e-06,6.939846e-06,8,9.684807e-06,3.645852e-05,1,3,4.463836e-07,7.498593e-06,9,3,0.8528947,3.680557e-07,3,8,7.787427e-06,3.183963e+09,0.009459301,1.644506,0.8222529,-89.78555,-117.0761,-170.0863,-177.3769,0.131929
9,23,474,2.24367e-07,1,9,6.532532e-06,6.516609e-06,7,7.88107e-06,4.176431e-05,1,2,3.15905e-07,6.264394e-06,7,4,0.9352122,3.019735e-07,3,8,7.355715e-06,4.807555e+09,0.01101013,1.70882,0.85441,-84.05615,-112.1236,-167.2767,-175.3441,0.02993985
9,24,475,4.203048e-07,2,6,5.801113e-06,7.077935e-06,7,6.400636e-06,4.967777e-05,1,2,3.20405e-07,6.14973e-06,7,4,0.8962277,3.051422e-07,3,8,5.960441e-06,4.722118e+09,0.007457702,1.595248,0.7976238,-82.11114,-110.0101,-166.8678,-174.7667,0.005349921
9,25,476,4.271938e-07,1,6,5.162418e-06,6.764648e-06,9,5.508325e-06,3.692586e-05,1,2,2.257342e-07,6.236815e-06,7,5,0.8869583,3.047463e-07,3,8,6.944101e-06,5.682745e+09,0.00342174,0.9132955,0.4566477,-73.44929,-101.8588,-163.198,-171.6075,0.01305621
9,26,477,4.303369e-07,3,6,6.750047e-06,6.979983e-06,6,7.748614e-06,3.654849e-05,1,5,2.522992e-07,6.946102e-06,6,2,0.8803299,3.222216e-07,3,6,7.493689e-06,2.633916e+09,0.009236747,1.946077,0.9730385,-95.64695,-119.9542,-174.4038,-178.7111,0.3023126
9,27,478,4.418081e-07,3,6,7.295255e-06,7.703373e-06,4,7.361034e-06,3.821604e-05,1,5,4.762188e-07,6.893891e-06,7,2,0.9231517,2.407495e-07,3,6,7.663978e-06,2.635412e+09,0.007621785,1.908648,0.9543238,-96.60256,-120.1489,-176.199,-179.7453,0.2878116
9,28,479,4.264314e-07,3,6,7.50739e-06,7.932104e-06,6,7.417405e-06,3.545654e-05,1,3,4.371831e-07,6.91092e-06,7,2,0.9888924,2.694934e-07,3,8,8.499792e-06,3.888818e+09,0.008892962,1.704531,0.8522657,-94.84283,-118.9889,-177.1487,-181.2948,0.06117843
9,29,480,4.249575e-07,5,9,8.388445e-06,6.319605e-06,6,7.143483e-06,3.964756e-05,1,2,3.396823e-07,7.241043e-06,5,2,0.8947353,3.498285e-07,1,8,8.027914e-06,6.790807e+09,0.007717247,1.738729,0.8693643,-91.241,-115.5025,-179.0048,-183.2663,0.1352421
9,30,481,4.263935e-07,2,9,6.46102e-06,7.884282e-06,7,8.47846e-06,4.203807e-05,1,2,4.122438e-07,6.452393e-06,7,3,0.9289039,3.249447e-07,3,7,8.091189e-06,4.681553e+09,0.009514175,1.595382,0.797691,-92.79919,-117.7229,-176.4233,-181.347,0.006030903
9,31,482,3.240127e-07,1,7,8.409615e-06,7.879296e-06,4,8.367131e-06,4.200862e-05,1,3,4.088025e-07,9.355391e-06,8,3,1.031965,4.803652e-07,2,9,7.822806e-06,3.295104e+09,0.009514217,1.782874,0.8914371,-93.35,-118.9857,-173.9236,-179.5593,0.1428393
9,32,483,4.366209e-07,1,8,6.867969e-06,6.714061e-06,2,8.225271e-06,3.883577e-05,1,2,3.074265e-07,7.101521e-06,6,1,0.9916466,3.235384e-07,4,6,6.837395e-06,7.118605e+09,0.005039708,1.476284,0.7381419,-82.18734,-108.5918,-172.2112,-178.6156,0.1566615
9,33,484,4.218464e-07,3,9,8.0153e-06,7.166003e-06,2,8.006975e-06,3.598299e-05,1,2,2.757616e-07,6.353967e-06,7,2,0.8901879,3.206685e-07,3,7,8.293661e-06,6.516474e+09,0.01191774,1.820814,0.9104068,-89.50623,-114.3327,-175.0245,-179.851,0.1596594
9,34,485,4.161275e-07,2,9,8.44082e-06,5.952842e-06,8,7.397221e-06,3.693081e-05,1,3,4.127015e-07,6.437374e-06,6,1,0.9178547,2.504397e-07,4,8,6.744325e-06,4.176986e+09,0.00501708,1.397546,0.698773,-88.90404,-115.2213,-174.3168,-180.6341,0.02177217
9,35,486,4.146142e-07,3,7,6.017203e-06,7.442457e-06,5,8.502153e-06,3.898304e-05,1,5,2.37478e-07,5.401782e-06,7,3,0.9428371,2.243784e-07,3,8,7.661969e-06,2.382354e+09,0.01301925,2.011518,1.005759,-94.7048,-119.7858,-171.0991,-176.1801,0.4714443
9,36,487,4.378215e-07,3,7,5.212754e-06,7.725181e-06,6,7.82472e-06,3.70548e-05,1,2,4.049703e-07,7.183159e-06,8,2,1.194833,3.599017e-07,4,6,9.969769e-06,4.945651e+09,0.0103974,1.562877,0.7814383,-92.19766,-116.9352,-175.9129,-180.6504,0.003336394
9,37,488,4.342574e-07,2,7,8.560346e-06,9.578335e-06,4,7.414386e-06,3.870059e-05,1,8,4.053822e-07,5.092724e-06,8,2,1.002832,3.326868e-07,2,8,9.996633e-06,1.456603e+09,0.007689013,2.002365,1.001182,-99.86111,-122.8072,-174.2692,-177.2153,0.6059996
9,38,489,3.787153e-07,2,6,7.472357e-06,7.232748e-06,4,8.182429e-06,3.663542e-05,1,2,3.304055e-07,6.300627e-06,7,3,0.9114756,4.28619e-07,2,8,7.426172e-06,5.964189e+09,0.008646027,1.660142,0.8300708,-87.87504,-113.876,-174.0179,-180.0188,0.04011084
9,39,490,4.158931e-07,2,6,6.518569e-06,7.162452e-06,8,8.520978e-06,4.31568e-05,1,2,2.354414e-07,6.134153e-06,7,4,0.8985343,3.241465e-07,3,8,7.370461e-06,4.637613e+09,0.008743958,1.517322,0.7586612,-80.37061,-108.5577,-164.2794,-172.4666,0.003000781
9,40,491,3.332631e-07,5,7,7.817657e-06,6.703779e-06,8,8.382428e-06,3.474161e-05,1,2,4.347102e-07,7.032436e-06,7,3,0.870663,3.077699e-07,3,8,6.146928e-06,5.15153e+09,0.01245435,1.668191,0.8340956,-93.99153,-118.3024,-177.277,-181.588,0.0729132
9,41,492,2.276329e-07,4,7,8.482566e-06,7.40234e-06,8,7.667735e-06,4.191545e-05,1,3,3.665374e-07,7.533983e-06,5,4,0.8750355,3.381195e-07,2,8,9.134891e-06,3.376941e+09,0.01459542,1.91218,0.9560901,-97.23229,-120.7256,-176.1606,-179.6539,0.3833006
9,42,493,3.862795e-07,2,7,7.679956e-06,7.598162e-06,6,8.2659e-06,3.806739e-05,1,4,3.206866e-07,6.730478e-06,7,4,0.9076549,4.64129e-07,3,6,8.614296e-06,2.634205e+09,0.01088308,1.879253,0.9396264,-98.4716,-121.7984,-176.5171,-179.8439,0.2855442
9,43,494,4.243952e-07,3,7,5.631578e-06,8.229343e-06,9,8.601636e-06,4.237626e-05,1,6,4.368286e-07,6.51002e-06,7,4,0.849219,3.307114e-07,4,9,8.878312e-06,1.350097e+09,0.009736439,1.873017,0.9365083,-102.6787,-126.1884,-175.402,-178.9117,0.5866974
9,44,495,4.238171e-07,2,6,6.727171e-06,5.955404e-06,8,8.235012e-06,4.022929e-05,1,6,3.206211e-07,6.488818e-06,7,3,0.8413242,3.604708e-07,3,6,8.747423e-06,1.792193e+09,0.006875239,1.880794,0.9403971,-98.44111,-122.4255,-175.1359,-179.1203,0.4667147
9,45,496,4.051824e-07,3,5,8.102107e-06,7.837187e-06,3,8.360136e-06,3.343764e-05,1,6,3.15394e-07,6.616754e-06,6,2,0.9198577,2.985274e-07,3,6,8.836665e-06,2.348279e+09,0.008874761,1.979445,0.9897225,-96.25371,-119.9593,-174.1871,-177.8927,0.3733537
9,46,497,4.48959e-07,2,7,6.407764e-06,5.697782e-06,6,6.728213e-06,4.936191e-05,1,2,3.90554e-07,5.271982e-06,8,3,1.106376,3.170202e-07,2,6,7.93204e-06,5.390159e+09,0.008710973,1.787641,0.8938206,-92.79611,-116.7929,-178.0275,-182.0242,0.04000915
9,47,498,4.484461e-07,2,7,6.600658e-06,8.112108e-06,2,8.584469e-06,4.0501e-05,1,2,3.421176e-07,9.926447e-06,7,5,0.8960434,3.362128e-07,3,7,7.923931e-06,4.618901e+09,0.009641766,1.549624,0.7748121,-79.71575,-107.8346,-163.165,-171.2838,0.004385459
9,48,499,4.507836e-07,2,7,7.499872e-06,8.307606e-06,3,7.030496e-06,3.566894e-05,1,2,4.110761e-07,6.946216e-06,8,4,0.9643544,2.264202e-07,2,9,8.591025e-06,5.436953e+09,0.0113842,1.733365,0.8666827,-89.80411,-115.4977,-173.9482,-179.6418,0.04772932
9,49,500,4.835774e-07,2,7,7.661563e-06,8.781995e-06,3,8.333386e-06,3.446738e-05,1,3,4.205668e-07,7.684638e-06,7,4,0.9459648,2.407215e-07,3,8,7.926172e-06,3.740198e+09,0.01075424,1.80407,0.9020349,-93.83337,-118.7297,-174.9755,-179.8718,0.1028055
10,0,501,4.218597e-07,2,6,7.822208e-06,6.769506e-06,9,8.423484e-06,3.579983e-05,1,2,3.358548e-07,6.272735e-06,7,3,0.879793,3.001742e-07,3,8,7.29329e-06,5.093652e+09,0.008640831,1.471628,0.7358142,-84.18647,-111.7659,-168.9615,-176.5409,0.0
10,1,502,4.315073e-07,2,9,7.397848e-06,8.651895e-06,8,7.509597e-06,4.471826e-05,1,2,4.351124e-07,6.428989e-06,6,3,0.8828267,2.735975e-07,3,8,6.982835e-06,4.588378e+09,0.00878528,1.56955,0.784775,-93.46002,-118.1905,-177.2556,-181.9861,0.006194376
10,2,503,4.263935e-07,2,8,7.223267e-06,5.956136e-06,2,8.47846e-06,4.203807e-05,1,8,4.122438e-07,5.923198e-06,7,4,0.9289039,2.73289e-07,3,7,8.091189e-06,1.352333e+09,0.01053374,2.076149,1.038075,-97.58962,-121.5683,-169.9855,-173.9641,0.674577
10,3,504,4.912801e-07,2,7,7.556006e-06,7.498432e-06,3,8.307112e-06,4.067162e-05,1,4,4.350826e-07,6.679828e-06,7,3,0.8776222,4.235058e-07,3,7,8.279823e-06,2.799399e+09,0.007648823,1.818972,0.9094861,-96.16479,-119.9455,-176.2701,-180.0509,0.2289978
10,4,505,4.45664e-07,2,7,7.054082e-06,7.098257e-06,5,8.440955e-06,3.926588e-05,1,2,4.393009e-07,6.452484e-06,7,3,0.8844287,4.992867e-07,3,8,8.520066e-06,4.871948e+09,0.007698202,1.406156,0.7030782,-83.65185,-110.8145,-168.542,-175.7047,3.277363e-05
10,5,506,4.41817e-07,2,6,7.354444e-06,8.130732e-06,9,7.321546e-06,3.75549e-05,1,3,4.157882e-07,6.908342e-06,7,4,1.167416,2.317925e-07,3,8,8.091765e-06,3.241528e+09,0.01239466,1.80316,0.9015802,-97.77012,-121.7708,-177.0528,-181.0534,0.2127488
10,6,507,4.232841e-07,1,7,9.128767e-06,7.45603e-06,8,5.685625e-06,3.883837e-05,1,2,2.328574e-07,7.204565e-06,7,1,0.9110175,3.281776e-07,2,7,7.363867e-06,6.477372e+09,0.005870573,1.530044,0.765022,-85.88344,-112.391,-174.4246,-180.9322,0.07334056
10,7,508,2.735828e-07,1,8,5.292308e-06,6.806978e-06,5,8.207668e-06,4.194067e-05,1,3,3.694658e-07,5.446744e-06,7,4,0.95534,3.348159e-07,4,8,7.436905e-06,3.377201e+09,0.00760739,1.668998,0.8344988,-81.79852,-110.1933,-163.5573,-171.9521,0.1092747
10,8,509,3.398446e-07,1,9,6.651073e-06,8.017456e-06,7,7.549046e-06,3.879033e-05,1,3,3.173313e-07,6.664654e-06,7,3,0.8006921,2.809653e-07,3,7,7.23308e-06,3.786116e+09,0.005354531,1.459154,0.729577,-76.78014,-105.2916,-161.0568,-169.5683,0.05167589
10,9,510,4.447332e-07,4,5,6.312021e-06,6.692627e-06,6,7.254462e-06,3.89532e-05,1,4,4.094545e-07,8.520169e-06,6,5,0.9078216,3.619421e-07,3,8,8.41722e-06,2.397242e+09,0.01190859,1.885743,0.9428717,-99.12789,-122.6218,-175.9635,-179.4574,0.3634425
10,10,511,3.859285e-07,3,7,7.414066e-06,7.917739e-06,7,7.762988e-06,3.853554e-05,1,3,4.14271e-07,8.359123e-06,6,2,0.9624029,3.187566e-07,3,8,8.133e-06,3.574062e+09,0.009622197,1.736271,0.8681357,-96.34232,-120.1626,-177.5728,-181.3931,0.09803487
10,11,512,3.897393e-07,3,6,8.283639e-06,7.548469e-06,6,8.020188e-06,3.849897e-05,1,8,4.591401e-07,6.99116e-06,8,3,0.8831374,3.256843e-07,2,8,5.170748e-06,1.34608e+09,0.009400145,2.025991,1.012995,-99.84872,-123.0267,-172.6988,-175.8768,0.6490079
10,12,513,4.295059e-07,4,8,7.618938e-06,6.025195e-06,6,7.459799e-06,3.920082e-05,1,2,3.264053e-07,6.846977e-06,5,1,0.8963427,2.95162e-07,3,7,6.57618e-06,6.569053e+09,0.005478575,1.421804,0.7109019,-84.64936,-111.8474,-173.6127,-180.8107,0.08297262
10,13,514,3.449201e-07,3,8,5.272253e-06,7.256579e-06,2,8.250941e-06,3.990429e-05,1,2,3.776625e-07,7.059757e-06,6,2,0.9285887,4.071851e-07,2,7,7.974676e-06,6.732801e+09,0.007724216,1.733317,0.8666585,-89.5105,-113.8059,-177.1959,-181.4912,0.1266946
10,14,515,4.156035e-07,2,7,7.842815e-06,7.459105e-06,5,8.330893e-06,4.003544e-05,1,3,3.200065e-07,8.796696e-06,7,4,1.000281,2.331632e-07,2,10,8.222172e-06,3.410546e+09,0.01443655,1.922609,0.9613047,-95.83064,-120.1415,-174.8925,-179.2033,0.3686047
10,15,516,4.287996e-07,3,8,9.239157e-06,8.23005e-06,3,9.639291e-06,3.694885e-05,1,2,3.122647e-07,7.052478e-06,6,3,1.011484,2.751337e-07,4,10,7.216333e-06,5.056845e+09,0.01598761,1.793869,0.8969344,-92.77167,-117.5065,-174.8114,-179.5462,0.3968961
10,16,517,4.228837e-07,2,6,7.610683e-06,7.131994e-06,7,5.592029e-06,3.564056e-05,1,2,3.636787e-07,6.424002e-06,7,2,0.9871769,2.923711e-07,3,8,8.287671e-06,5.761856e+09,0.008378639,1.555754,0.7778772,-88.93089,-114.4462,-174.9104,-180.4257,0.0182233
10,17,518,4.318464e-07,3,5,5.645942e-06,7.779986e-06,6,8.375673e-06,3.995344e-05,1,2,4.086079e-07,6.138745e-06,5,2,0.9728376,3.296697e-07,3,8,8.29527e-06,5.354105e+09,0.005985314,1.316948,0.6584739,-87.56312,-113.3706,-174.366,-180.1735,0.002482491
10,18,519,4.168444e-07,2,7,7.815184e-06,6.471827e-06,9,8.23215e-06,3.692896e-05,1,2,4.050733e-07,8.88068e-06,6,2,0.8960939,2.693272e-07,3,8,5.699091e-06,5.377296e+09,0.008167637,1.529592,0.7647961,-91.29201,-116.5406,-176.7823,-182.0309,0.003345494
10,19,520,3.968434e-07,4,7,6.177692e-06,6.60966e-06,9,5.199122e-06,3.979248e-05,1,2,2.869437e-07,6.244224e-06,7,4,0.9348933,3.031287e-07,4,8,7.305385e-06,4.736078e+09,0.01649893,1.830678,0.9153391,-93.89495,-118.3933,-175.2288,-179.7271,0.4720789
10,20,521,3.317241e-07,2,6,7.79279e-06,7.915506e-06,8,9.684807e-06,3.645852e-05,1,3,2.268662e-07,5.272287e-06,9,2,0.8528947,4.845756e-07,3,8,7.787427e-06,3.42495e+09,0.00931166,1.652219,0.8261097,-89.31078,-116.4886,-170.3136,-177.4914,0.1009176
10,21,522,3.269277e-07,4,7,8.62623e-06,7.437859e-06,5,7.88952e-06,3.869713e-05,1,2,4.488221e-07,6.25556e-06,6,5,0.8805681,3.381042e-07,2,8,8.656416e-06,5.015293e+09,0.01337577,1.77108,0.8855401,-94.57985,-118.4197,-177.3226,-181.1625,0.1466182
10,22,523,3.817303e-07,1,8,7.514335e-06,6.839801e-06,4,8.296986e-06,3.978359e-05,1,3,3.158202e-07,7.856104e-06,6,3,0.9332646,3.004931e-07,1,8,7.774214e-06,4.525035e+09,0.006992061,1.82445,0.9122251,-92.3796,-117.0232,-177.046,-181.6896,0.0526416
10,23,524,3.987438e-07,2,8,6.873615e-06,7.025345e-06,7,7.539361e-06,4.194591e-05,1,2,2.742233e-07,6.205062e-06,7,4,0.8995458,4.974372e-07,3,9,6.419914e-06,4.641052e+09,0.01101572,1.655843,0.8279217,-87.81491,-114.6901,-170.7271,-177.6023,0.02390391
10,24,525,4.423387e-07,2,7,7.273305e-06,6.149817e-06,6,7.051827e-06,4.198738e-05,1,3,3.92334e-07,6.823996e-06,8,3,1.169322,3.407236e-07,2,10,9.445544e-06,3.42109e+09,0.01192409,1.87719,0.9385952,-97.05868,-120.3887,-176.9777,-180.3077,0.1913478
10,25,526,3.336391e-07,2,7,6.278606e-06,6.950948e-06,7,9.069603e-06,4.13721e-05,1,3,4.482057e-07,6.431177e-06,7,3,0.8536949,3.591765e-07,1,8,5.349942e-06,3.890247e+09,0.006171602,1.709287,0.8546433,-96.81877,-120.233,-180.7143,-184.1286,0.06193271
10,26,527,4.249575e-07,5,9,6.452334e-06,6.319605e-06,6,7.143483e-06,3.964756e-05,1,2,4.735463e-07,7.241043e-06,5,3,0.8947353,3.498285e-07,2,8,9.003298e-06,5.508486e+09,0.009153355,1.634373,0.8171867,-91.87282,-116.2152,-177.0777,-181.4201,0.01444022
10,27,528,4.056459e-07,4,7,5.918632e-06,6.714006e-06,8,8.488459e-06,3.637143e-05,1,2,4.092069e-07,6.986317e-06,7,3,0.8772659,3.071091e-07,3,9,6.227834e-06,4.984092e+09,0.01105823,1.62554,0.8127699,-92.54688,-117.085,-176.0617,-180.5999,0.01820298
10,28,529,3.370613e-07,1,7,5.418408e-06,8.25428e-06,6,8.797806e-06,3.489461e-05,1,3,2.126218e-07,6.981124e-06,8,4,0.9437895,2.424376e-07,3,8,8.443412e-06,3.70771e+09,0.006205365,1.389713,0.6948564,-75.58838,-104.2196,-159.0428,-167.6741,0.05920685
10,29,530,4.118977e-07,3,6,8.278629e-06,7.596255e-06,6,7.68444e-06,3.918496e-05,1,2,3.392149e-07,9.585449e-06,9,3,0.897573,2.560121e-07,3,8,6.882192e-06,4.625641e+09,0.01464057,1.783238,0.8916189,-93.14676,-118.3269,-174.7946,-179.9748,0.2541388
10,30,531,3.698692e-07,3,7,5.785053e-06,7.683754e-06,2,8.426482e-06,4.478059e-05,1,2,4.621787e-07,6.427999e-06,6,2,0.873728,3.158651e-07,3,5,7.742598e-06,6.407827e+09,0.006335343,1.658678,0.8293389,-88.86889,-113.3642,-176.9854,-181.4807,0.07695032
10,31,532,3.95975e-07,3,7,9.720653e-06,7.173697e-06,6,5.088387e-06,4.334063e-05,1,2,3.579363e-07,6.8472e-06,7,2,0.8956242,3.545475e-07,1,8,8.125148e-06,6.432438e+09,0.008198236,1.797645,0.8988226,-91.82492,-115.7497,-178.8552,-182.78,0.1076326
10,32,533,4.114353e-07,4,6,5.488421e-06,8.108268e-06,8,8.954319e-06,3.67475e-05,1,2,3.745126e-07,7.124988e-06,7,2,0.9935087,2.889675e-07,3,9,5.946104e-06,5.069604e+09,0.009642457,1.548451,0.7742256,-93.43553,-118.1761,-177.6931,-182.4337,0.001043339
10,33,534,4.798227e-07,2,7,5.928869e-06,6.37178e-06,6,8.276465e-06,4.527543e-05,1,2,4.022587e-07,6.478283e-06,7,2,0.8666338,3.625716e-07,3,7,8.309146e-06,5.137731e+09,0.005995097,1.425013,0.7125066,-83.35619,-110.4047,-169.7937,-176.8421,5.473484e-05
10,34,535,4.064118e-07,2,7,5.150869e-06,8.49986e-06,3,8.243363e-06,3.497514e-05,1,4,4.205564e-07,7.416988e-06,9,1,0.9570164,2.890535e-07,4,10,5.195206e-06,3.350306e+09,0.005993193,1.701413,0.8507067,-93.60668,-118.0021,-176.3318,-180.7272,0.118053
10,35,536,3.392964e-07,2,9,8.252047e-06,6.607798e-06,8,7.503747e-06,3.710835e-05,1,3,4.22361e-07,6.528034e-06,6,1,0.8880896,2.637227e-07,3,8,6.637001e-06,4.285899e+09,0.004831195,1.413932,0.7069659,-90.02318,-115.9303,-175.8235,-181.7306,0.0157068
10,36,537,4.535624e-07,2,7,7.286143e-06,8.945284e-06,4,8.278248e-06,4.184696e-05,1,2,4.009213e-07,6.375069e-06,7,3,0.9288645,4.754097e-07,4,7,7.698838e-06,4.710345e+09,0.008651009,1.514038,0.7570188,-87.39269,-113.6868,-171.4831,-177.7772,0.001585664
10,37,538,4.254978e-07,5,6,7.525997e-06,6.955155e-06,5,7.500884e-06,3.555868e-05,1,2,3.441151e-07,6.771776e-06,7,3,0.9762172,2.704433e-07,3,9,7.305968e-06,5.430771e+09,0.01485359,1.800554,0.900277,-92.37214,-117.0186,-175.3511,-179.9976,0.2799274
10,38,539,4.456178e-07,2,8,7.630242e-06,6.374177e-06,4,7.049272e-06,3.592182e-05,1,9,4.114149e-07,6.678873e-06,7,1,0.9402727,4.584209e-07,3,9,8.345716e-06,1.235652e+09,0.005218614,1.905865,0.9529324,-101.578,-124.1645,-176.2404,-178.8268,0.6324556
10,39,540,3.093299e-07,3,7,8.965682e-06,7.523254e-06,6,7.932122e-06,3.795342e-05,1,2,4.769352e-07,7.195549e-06,8,2,0.937138,3.487786e-07,1,6,5.081838e-06,6.262277e+09,0.006057831,1.583531,0.7917653,-93.23013,-116.9882,-181.3416,-185.0997,0.05503834
10,40,541,1.977478e-07,1,6,7.787654e-06,9.169456e-06,8,9.394615e-06,3.528563e-05,1,2,4.240301e-07,7.30391e-06,8,3,1.058363,3.679797e-07,3,7,6.980324e-06,4.589489e+09,0.01026607,1.493759,0.7468794,-86.00075,-113.9653,-169.122,-177.0865,0.004723669
10,41,542,4.247593e-07,2,6,6.582914e-06,7.859791e-06,7,6.529897e-06,3.72934e-05,1,3,3.653141e-07,6.697433e-06,9,2,1.085956,2.745783e-07,3,8,9.352711e-06,3.639072e+09,0.009888289,1.765952,0.8829759,-95.29569,-119.6472,-176.5643,-180.9158,0.09765565
10,42,543,2.185628e-07,3,7,5.212754e-06,7.725181e-06,6,7.82472e-06,3.70548e-05,1,2,4.049703e-07,6.38271e-06,8,2,1.194833,3.599017e-07,4,6,9.969769e-06,4.992349e+09,0.01106856,1.583307,0.7916537,-91.99999,-117.1203,-175.5252,-180.6455,0.01450261
10,43,544,4.071808e-07,2,5,8.585405e-06,7.177692e-06,7,7.812302e-06,3.724395e-05,1,3,4.763165e-07,6.750104e-06,7,2,0.9089955,3.091718e-07,2,8,7.087625e-06,4.108769e+09,0.006277607,1.637627,0.8188134,-93.99633,-118.2271,-178.2926,-182.5234,0.03449272
10,44,545,4.325297e-07,2,8,7.686469e-06,5.814616e-06,7,6.682417e-06,3.085531e-05,1,8,3.599047e-07,9.40833e-06,8,3,1.072395,4.93863e-07,3,7,7.866952e-06,1.255596e+09,0.01331969,2.042075,1.021037,-100.5977,-123.7278,-171.3298,-174.4599,0.7939737
10,45,546,3.360885e-07,2,8,6.619933e-06,7.498829e-06,1,8.53523e-06,4.233913e-05,1,2,3.36407e-07,6.712115e-06,7,3,1.01667,3.667769e-07,3,9,6.434369e-06,5.583559e+09,0.01204232,1.845684,0.9228422,-91.64564,-115.8325,-175.7768,-179.9636,0.1038108
10,46,547,4.535299e-07,2,8,5.716787e-06,7.466485e-06,9,7.046108e-06,3.655609e-05,1,2,4.016469e-07,6.46352e-06,7,3,0.9916371,3.12892e-07,3,8,7.74915e-06,4.956012e+09,0.009125403,1.509405,0.7547024,-90.21403,-116.0452,-174.5142,-180.3453,3.931168e-05
10,47,548,4.252296e-07,2,6,7.395137e-06,6.450766e-06,7,7.109251e-06,3.934634e-05,1,2,4.043625e-07,5.086263e-06,7,3,1.084001,2.417086e-07,3,6,8.475697e-06,5.549905e+09,0.008897898,1.650011,0.8250056,-91.58207,-116.4043,-176.9749,-181.7971,0.01778366
10,48,549,2.103311e-07,1,6,7.206839e-06,8.046259e-06,5,8.78571e-06,3.591779e-05,1,2,3.813378e-07,6.999228e-06,8,3,0.896689,3.536423e-07,3,6,6.061617e-06,5.540069e+09,0.007573887,1.494076,0.7470382,-74.40368,-103.1502,-160.4808,-169.2273,0.007445628
10,49,550,3.888534e-07,3,6,8.775529e-06,6.613152e-06,6,7.94814e-06,3.948795e-05,1,2,4.802342e-07,7.453642e-06,8,2,0.9051177,3.339744e-07,1,8,7.501751e-06,5.959359e+09,0.007311283,1.644675,0.8223374,-92.86708,-116.7301,-179.7311,-183.5942,0.03769543
11,0,551,4.218597e-07,2,6,7.822208e-06,6.769506e-06,9,8.423484e-06,3.579983e-05,1,2,3.358548e-07,6.272735e-06,7,3,0.879793,3.001742e-07,3,8,7.29329e-06,5.093651e+09,0.008640831,1.471628,0.7358139,-84.19422,-111.7727,-168.9693,-176.5477,0.0
11,1,552,4.517283e-07,2,7,7.086284e-06,7.354375e-06,7,8.435514e-06,3.886959e-05,1,2,3.541245e-07,8.862403e-06,7,3,1.043259,3.834348e-07,3,8,8.382027e-06,4.539313e+09,0.0117469,1.633399,0.8166993,-92.0195,-117.5255,-174.4601,-179.9661,0.04384394
11,2,553,4.020825e-07,2,6,7.147986e-06,6.54582e-06,5,8.003547e-06,3.933797e-05,1,2,4.726774e-07,8.718412e-06,10,4,1.054712,3.919182e-07,1,8,7.507962e-06,4.56854e+09,0.009899187,1.612012,0.8060058,-92.65538,-117.7775,-175.8949,-181.0171,0.0101521
11,3,554,4.17915e-07,2,7,7.286143e-06,9.306069e-06,4,8.278248e-06,3.231245e-05,1,2,4.009213e-07,6.375069e-06,6,3,0.7518278,4.754097e-07,4,7,7.698838e-06,5.780543e+09,0.005600475,1.096042,0.5480209,-72.47986,-100.7315,-160.237,-168.4887,0.0178062
11,4,555,3.451533e-07,3,6,5.755307e-06,6.879003e-06,3,8.286235e-06,3.681138e-05,1,2,3.864538e-07,7.009122e-06,6,2,0.8791802,3.101169e-07,3,9,8.87721e-06,5.745688e+09,0.008122471,1.536925,0.7684624,-86.58631,-112.698,-172.6763,-178.788,0.01663492
11,5,556,4.298837e-07,2,6,7.590538e-06,7.872742e-06,8,7.337448e-06,4.149149e-05,1,3,4.096781e-07,6.896662e-06,6,2,1.057513,2.924815e-07,3,7,7.974619e-06,3.611931e+09,0.00755775,1.685559,0.8427795,-95.9632,-119.9329,-178.3341,-182.3037,0.08440447
11,6,557,4.329907e-07,2,7,5.694257e-06,7.763017e-06,7,7.135879e-06,3.134751e-05,1,2,2.748337e-07,9.010661e-06,5,2,0.9913678,3.132119e-07,3,8,5.565958e-06,6.297039e+09,0.008496408,1.570232,0.7851161,-88.46811,-114.404,-175.1585,-181.0943,0.0572827
11,7,558,4.164429e-07,4,7,5.78078e-06,7.450044e-06,5,7.448941e-06,3.848093e-05,1,2,1.81069e-07,6.774289e-06,8,3,0.9134321,4.042155e-07,3,8,8.518559e-06,5.016314e+09,0.01644726,1.829891,0.9149456,-90.65001,-116.4352,-172.4968,-178.282,0.4640397
11,8,559,4.081023e-07,2,5,7.602732e-06,7.692002e-06,7,8.069942e-06,3.738433e-05,1,2,3.32015e-07,6.434847e-06,7,3,0.821516,2.943659e-07,3,7,9.389038e-06,5.217078e+09,0.006325232,1.250047,0.6250234,-75.2437,-103.6046,-161.5815,-169.9424,0.0005270033
11,9,560,3.617174e-07,3,7,8.458651e-06,7.69236e-06,6,7.871392e-06,3.860472e-05,1,3,4.321581e-07,5.404602e-06,6,3,0.930443,3.279406e-07,2,8,8.571794e-06,3.932533e+09,0.008767223,1.763521,0.8817605,-95.28129,-119.0811,-177.7461,-181.546,0.06984712
11,10,561,2.510689e-07,3,8,6.865474e-06,7.721692e-06,5,7.9428e-06,3.799827e-05,1,5,4.694029e-07,7.160388e-06,8,2,1.015739,3.427293e-07,4,7,9.662294e-06,2.061351e+09,0.01101056,1.890103,0.9450516,-99.57809,-122.7423,-175.443,-178.6073,0.4134552
11,11,562,4.252296e-07,2,6,7.395137e-06,6.450766e-06,5,7.109251e-06,3.934634e-05,1,2,3.897927e-07,5.086263e-06,7,3,1.084001,4.631623e-07,3,6,8.475697e-06,5.545003e+09,0.008236562,1.602453,0.8012265,-90.65728,-115.3141,-176.3779,-181.0346,0.01227869
11,12,563,4.316849e-07,1,7,8.24592e-06,6.779439e-06,7,7.37554e-06,3.89375e-05,1,2,3.679826e-07,8.663773e-06,8,3,0.9019046,2.757467e-07,3,6,8.46412e-06,5.095535e+09,0.006429197,1.304337,0.6521686,-76.00928,-104.3758,-162.0715,-170.438,0.0
11,13,564,4.53657e-07,3,7,8.890845e-06,6.281514e-06,6,5.441761e-06,4.019523e-05,1,2,3.626514e-07,6.795361e-06,5,2,0.8540403,3.24213e-07,3,7,7.273866e-06,6.150626e+09,0.007575644,1.625301,0.8126507,-89.12757,-114.1961,-176.1118,-181.1802,0.04941605
11,14,565,4.194092e-07,2,5,6.255903e-06,8.759319e-06,7,8.274631e-06,3.888746e-05,1,2,4.097226e-07,6.523058e-06,7,2,0.8864842,3.439754e-07,3,7,7.188468e-06,5.258131e+09,0.005594598,1.248447,0.6242237,-80.43183,-108.2874,-167.3708,-175.2263,0.0009613761
11,15,566,4.420107e-07,2,7,7.071883e-06,6.988498e-06,4,8.362229e-06,3.777989e-05,1,3,4.199359e-07,5.766878e-06,7,4,1.150383,4.533299e-07,3,8,8.351776e-06,3.500182e+09,0.01076583,1.792424,0.8962121,-96.69649,-119.9986,-177.2578,-180.5599,0.1254817
11,16,567,4.271117e-07,1,8,7.779815e-06,8.038747e-06,6,7.274315e-06,3.64487e-05,1,2,3.140448e-07,6.888368e-06,7,3,0.8564172,2.773503e-07,3,7,9.872406e-06,5.467289e+09,0.005903978,1.227939,0.6139693,-74.22052,-102.5928,-161.2645,-169.6368,0.005186509
11,17,568,3.941569e-07,2,7,5.507438e-06,8.396466e-06,5,8.563975e-06,4.333437e-05,1,2,4.200379e-07,7.197544e-06,9,2,0.9439886,3.461044e-07,3,7,5.275391e-06,5.218645e+09,0.007510277,1.602546,0.8012729,-90.19584,-115.7849,-175.7904,-181.3795,0.005214823
11,18,569,4.624655e-07,3,7,7.598306e-06,9.204813e-06,7,6.976751e-06,3.624274e-05,1,10,4.005152e-07,8.76112e-06,7,2,0.9633938,2.959245e-07,3,8,7.285001e-06,nil,0.0105506,nil,nil,nil,nil,1e+12,1e+12,3e+12
11,19,570,4.751275e-07,2,9,7.006653e-06,6.806136e-06,8,7.511639e-06,3.935469e-05,1,3,3.095151e-07,6.330389e-06,7,2,0.8949417,4.322725e-07,3,9,6.426654e-06,3.649737e+09,0.008441157,1.715333,0.8576663,-95.02637,-119.2227,-177.0076,-181.2039,0.08571247
11,20,571,4.204816e-07,3,6,7.37691e-06,8.188089e-06,8,7.681108e-06,4.71161e-05,1,6,4.278238e-07,6.828179e-06,6,2,0.9300921,2.817891e-07,3,9,8.235671e-06,1.596928e+09,0.007942755,1.897309,0.9486544,-101.8122,-124.6651,-176.8782,-179.7311,0.5245632
11,21,572,4.373605e-07,2,7,6.400154e-06,8.907859e-06,5,8.333273e-06,4.077377e-05,1,3,4.032766e-07,6.164853e-06,7,3,0.9603878,3.783601e-07,2,7,5.660341e-06,3.94437e+09,0.007376178,1.771929,0.8859647,-96.11811,-119.508,-179.3593,-182.7492,0.07090006
11,22,573,4.7276e-07,2,9,7.543585e-06,9.404581e-06,6,7.934946e-06,4.036715e-05,1,3,4.176313e-07,5.924134e-06,7,3,0.9647736,3.752546e-07,1,7,8.461014e-06,3.911007e+09,0.007456872,1.763235,0.8816175,-97.0279,-120.2301,-180.1481,-183.3503,0.07153426
11,23,574,3.646406e-07,1,7,7.437131e-06,8.990581e-06,7,8.464631e-06,3.973979e-05,1,2,4.123355e-07,6.453841e-06,9,5,0.97318,3.850561e-07,4,7,7.015022e-06,4.1692e+09,0.008178769,1.261053,0.6305267,-76.67217,-105.2414,-159.9463,-168.5155,0.02224359
11,24,575,2.56191e-07,5,6,7.546916e-06,6.972104e-06,6,7.66866e-06,3.605745e-05,1,2,4.623485e-07,6.758513e-06,7,3,0.9659467,2.735682e-07,2,9,5.617992e-06,5.713792e+09,0.01136788,1.727295,0.8636475,-92.41978,-116.8732,-177.0015,-181.4549,0.05615675
11,25,576,4.253985e-07,2,7,7.41177e-06,8.198844e-06,5,8.346864e-06,3.738582e-05,1,2,1.924289e-07,6.312449e-06,7,3,0.8835996,4.733237e-07,4,8,7.777445e-06,4.899228e+09,0.01046529,1.526438,0.7632191,-79.02553,-106.9107,-162.6306,-170.5157,0.002475603
11,26,577,4.442924e-07,3,7,7.853492e-06,7.870521e-06,5,8.016799e-06,3.997052e-05,1,7,4.85708e-07,6.551899e-06,8,3,0.9260744,4.310893e-07,4,8,7.684867e-06,1.307706e+09,0.01059156,1.979542,0.989771,-103.1068,-125.4473,-175.1874,-177.5279,0.643171
11,27,578,3.972764e-07,3,5,5.786967e-06,8.612365e-06,6,6.330824e-06,4.499987e-05,1,8,3.888404e-07,7.436171e-06,6,2,0.8964458,3.442605e-07,2,8,8.206627e-06,1.381378e+09,0.006862728,2.003048,1.001524,-100.1598,-123.1401,-174.6011,-177.5814,0.6281178
11,28,579,4.193168e-07,2,9,5.998901e-06,6.652173e-06,7,8.185371e-06,4.487041e-05,1,3,3.854987e-07,7.427646e-06,7,3,0.8658035,2.85528e-07,3,7,7.81754e-06,3.316537e+09,0.009187641,1.805877,0.9029384,-95.53408,-120.0765,-176.3157,-180.8582,0.1460121
11,29,580,4.230168e-07,2,8,5.846767e-06,7.54608e-06,6,8.353575e-06,4.289445e-05,1,3,3.055463e-07,6.195002e-06,7,2,1.142671,3.518049e-07,3,7,8.297467e-06,3.620849e+09,0.009654034,1.82049,0.9102448,-96.18807,-119.9232,-177.5172,-181.2523,0.1137982
11,30,581,4.649528e-07,2,7,6.147999e-06,6.66055e-06,6,8.411039e-06,4.166581e-05,1,2,4.35786e-07,6.465932e-06,7,2,0.795849,4.26394e-07,3,8,8.475102e-06,5.19245e+09,0.005126183,1.170919,0.5854597,-75.5907,-103.5677,-162.8002,-170.7772,0.0003286049
11,31,582,2.915507e-07,1,6,8.810656e-06,7.576148e-06,6,8.240595e-06,3.631812e-05,1,2,3.497612e-07,7.190304e-06,8,2,0.9041946,3.134137e-07,4,7,7.044731e-06,5.415557e+09,0.007405092,1.42218,0.7110898,-75.91037,-104.4411,-161.8879,-170.4186,0.003828374
11,32,583,4.629992e-07,2,7,6.320278e-06,7.483743e-06,6,8.306259e-06,4.511723e-05,1,7,2.84197e-07,8.112574e-06,6,2,0.8950152,4.273061e-07,3,8,6.341702e-06,1.495467e+09,0.00752229,1.971924,0.9859618,-99.74387,-123.1736,-174.4759,-177.9057,0.5817339
11,33,584,4.424827e-07,5,7,8.284082e-06,8.176807e-06,6,7.459653e-06,3.652205e-05,1,2,4.514351e-07,6.663901e-06,7,2,0.9766148,4.305266e-07,3,8,9.641256e-06,4.995913e+09,0.009147608,1.443161,0.7215805,-92.96666,-119.094,-177.3259,-183.4532,0.0
11,34,585,4.141641e-07,2,7,9.616422e-06,7.308202e-06,4,7.789877e-06,3.25875e-05,1,3,4.235749e-07,6.267276e-06,5,2,1.134005,3.034314e-07,2,8,5.43744e-06,5.42726e+09,0.006112996,1.712187,0.8560933,-90.87744,-115.3532,-177.7065,-182.1822,0.02412792
11,35,586,4.332905e-07,2,8,7.075201e-06,7.23023e-06,7,8.332935e-06,4.097982e-05,1,2,2.175025e-07,6.443799e-06,6,3,0.884407,3.84558e-07,2,8,8.162561e-06,5.275139e+09,0.0100916,1.695661,0.8478303,-89.99015,-115.8141,-174.3952,-180.2191,0.0182779
11,36,587,2.262604e-07,2,7,8.218881e-06,5.431565e-06,4,7.151845e-06,3.68585e-05,1,9,4.543536e-07,6.71862e-06,7,3,0.9357252,4.437963e-07,2,8,8.199474e-06,1.218422e+09,0.00998232,2.070596,1.035298,-98.3053,-122.0052,-170.0289,-173.7289,0.7092176
11,37,588,1.977478e-07,1,7,7.787654e-06,9.169456e-06,8,9.394615e-06,4.658948e-05,1,2,4.240301e-07,7.30391e-06,8,3,1.058363,3.679797e-07,3,7,6.980324e-06,3.994619e+09,0.01095853,1.631963,0.8159816,-92.85347,-119.1118,-174.4855,-180.7438,0.05106802
11,38,589,3.094887e-07,2,8,5.716874e-06,5.370806e-06,8,7.807095e-06,3.718104e-05,1,2,2.855283e-07,6.955268e-06,7,2,0.9723118,3.378835e-07,3,8,9.496466e-06,5.206227e+09,0.01108665,1.654578,0.8272892,-89.68851,-115.7516,-173.571,-179.634,0.0228616
11,39,590,3.370613e-07,1,7,5.418408e-06,8.25428e-06,6,8.797806e-06,4.218694e-05,1,3,2.126218e-07,6.981124e-06,8,4,0.9437895,2.424376e-07,3,8,8.443412e-06,3.33904e+09,0.006205365,1.475289,0.7376446,-76.70153,-105.3164,-159.2463,-167.8611,0.1014825
11,40,591,3.9094e-07,2,6,9.819908e-06,5.844938e-06,2,5.667952e-06,3.527869e-05,1,1,4.200188e-07,6.150279e-06,7,3,0.8816172,4.698376e-07,3,8,8.409458e-06,9.183246e+09,0.008899395,1.254216,0.627108,-78.45214,-105.5941,-168.2185,-175.3605,0.6410189
11,41,592,4.56179e-07,2,7,6.49518e-06,6.677925e-06,6,8.147478e-06,4.492349e-05,1,2,4.132689e-07,8.306111e-06,7,2,0.9596017,1.972646e-07,3,9,8.181335e-06,4.887908e+09,0.008693163,1.631912,0.8159561,-90.65696,-116.2462,-175.0476,-180.6369,0.007739791
11,42,593,2.359166e-07,3,9,5.69365e-06,7.71479e-06,5,9.054057e-06,4.323265e-05,1,5,4.498251e-07,6.402839e-06,8,2,0.939522,4.173833e-07,3,6,7.948098e-06,2.192327e+09,0.008885493,1.913727,0.9568634,-99.27512,-122.0347,-176.6064,-179.366,0.3814272
11,43,594,4.263309e-07,3,8,6.946553e-06,6.736062e-06,6,7.527176e-06,4.105426e-05,1,10,3.010451e-07,6.26093e-06,6,2,0.8644263,3.266517e-07,5,5,6.51709e-06,nil,0.009130765,nil,nil,nil,nil,1e+12,1e+12,3e+12
11,44,595,3.94409e-07,2,7,7.397462e-06,8.938512e-06,7,8.361817e-06,3.732212e-05,1,2,3.843311e-07,6.337748e-06,9,3,0.9574257,3.565036e-07,3,7,7.353593e-06,4.749336e+09,0.0106308,1.594481,0.7972403,-92.03985,-117.5799,-175.3069,-180.8469,0.008891921
11,45,596,2.719751e-07,3,6,8.19604e-06,7.593242e-06,6,8.310032e-06,3.836691e-05,1,6,2.524176e-07,8.292365e-06,8,5,0.8246882,3.378878e-07,3,6,5.353917e-06,1.653077e+09,0.01568021,2.022892,1.011446,-95.28356,-120.4667,-167.6959,-172.879,0.8832548
11,46,597,4.798227e-07,2,7,5.928869e-06,6.37178e-06,6,8.276465e-06,3.463857e-05,1,2,4.022587e-07,6.478283e-06,7,4,0.8666338,3.625716e-07,3,7,8.309146e-06,5.36785e+09,0.007009716,1.305679,0.6528395,-76.59259,-104.7162,-162.7316,-170.8552,0.002758316
11,47,598,3.771207e-07,3,7,6.146541e-06,6.852186e-06,8,8.87463e-06,4.119923e-05,1,2,4.21903e-07,6.901849e-06,7,3,0.86518,3.565899e-07,2,8,5.375634e-06,5.031453e+09,0.008611668,1.618336,0.8091682,-94.12313,-118.3753,-178.8061,-183.0583,0.006223775
11,48,599,2.133486e-07,3,6,7.55847e-06,8.965761e-06,8,9.065973e-06,3.27694e-05,1,2,3.824109e-07,6.933184e-06,8,3,0.9525312,3.230166e-07,2,8,7.016164e-06,5.029564e+09,0.01334251,1.669134,0.8345668,-95.73128,-119.7171,-178.5095,-182.4954,0.1244373
11,49,600,3.38403e-07,4,6,7.813379e-06,8.622238e-06,3,7.931774e-06,4.850554e-05,1,4,3.311096e-07,6.609722e-06,6,2,0.9191285,3.042993e-07,3,10,7.128887e-06,2.739721e+09,0.01048842,1.956095,0.9780477,-96.75604,-120.3174,-175.3031,-178.8645,0.2892095
12,0,601,4.218597e-07,2,6,7.822208e-06,6.769506e-06,9,8.423484e-06,3.579983e-05,1,2,3.358548e-07,6.272735e-06,7,3,0.879793,3.001742e-07,3,8,7.29329e-06,5.093651e+09,0.008640831,1.471627,0.7358137,-84.19198,-111.768,-168.967,-176.543,0.0
12,1,602,4.52475e-07,3,7,7.452201e-06,7.563938e-06,7,5.665729e-06,4.018204e-05,1,8,3.804308e-07,6.592873e-06,9,3,0.8760947,4.243147e-07,3,7,7.337588e-06,1.218071e+09,0.01089639,2.043174,1.021587,-100.6958,-123.759,-172.0364,-175.0997,0.703786
12,2,603,3.713896e-07,1,7,6.886751e-06,8.444717e-06,6,7.315791e-06,3.768843e-05,1,6,4.036359e-07,6.651285e-06,7,2,0.8762343,2.813604e-07,3,7,8.1847e-06,1.976774e+09,0.005119655,1.786652,0.893326,-94.88535,-120.6065,-173.7121,-179.4333,0.3924235
12,3,604,2.467453e-07,1,7,7.670892e-06,8.961442e-06,8,9.278096e-06,4.538986e-05,1,2,4.215192e-07,7.279369e-06,8,3,1.004501,3.6703e-07,3,7,9.342292e-06,3.948213e+09,0.009951678,1.527726,0.763863,-85.96534,-113.9927,-167.9144,-175.9417,0.03807175
12,4,605,4.20814e-07,5,7,6.773993e-06,7.446166e-06,6,9.244605e-06,3.986826e-05,1,2,3.93449e-07,9.836927e-06,8,5,0.9594877,3.160393e-07,3,9,5.846356e-06,3.929502e+09,0.02065754,1.833594,0.916797,-97.61155,-121.3575,-176.3475,-180.0935,1.22452
12,5,606,4.154797e-07,2,7,5.755842e-06,8.183282e-06,5,5.358284e-06,4.270727e-05,1,2,4.333956e-07,6.512498e-06,8,2,0.941464,3.810749e-07,4,7,6.626637e-06,5.294375e+09,0.007154377,1.529029,0.7645143,-86.82794,-112.8679,-172.7585,-178.7985,0.0018271
12,6,607,4.239789e-07,2,8,6.040091e-06,7.491901e-06,5,7.082272e-06,4.130005e-05,1,2,2.614336e-07,5.769893e-06,8,3,0.94196,3.624691e-07,3,8,5.68617e-06,5.479715e+09,0.01022284,1.74866,0.8743299,-90.10951,-115.5378,-174.789,-180.2172,0.03352072
12,7,608,3.796576e-07,2,6,7.24376e-06,6.511647e-06,6,7.896427e-06,4.858108e-05,1,2,3.030594e-07,6.397751e-06,6,3,1.054437,2.112233e-07,2,6,8.282415e-06,5.465205e+09,0.01052359,1.852465,0.9262324,-91.65591,-116.6763,-176.1864,-181.2068,0.06308329
12,8,609,2.193903e-07,2,6,8.936167e-06,7.96752e-06,8,8.838614e-06,4.569846e-05,1,2,4.104435e-07,7.044815e-06,7,3,1.037854,4.503343e-07,3,5,7.06489e-06,4.445622e+09,0.01061318,1.690377,0.8451887,-97.2892,-120.4936,-179.9894,-183.1938,0.02846701
12,9,610,4.193932e-07,2,10,6.023947e-06,8.472382e-06,7,8.223432e-06,3.942763e-05,1,3,4.041735e-07,6.590277e-06,7,2,0.8829721,4.508211e-07,3,9,9.218902e-06,3.22277e+09,0.007888027,1.558425,0.7792124,-93.87431,-118.9184,-175.0692,-180.1133,0.1186808
12,10,611,4.247487e-07,2,7,7.706033e-06,8.435035e-06,6,8.399558e-06,3.586789e-05,1,2,3.03255e-07,6.276941e-06,7,3,0.8806236,4.102308e-07,4,8,7.410026e-06,4.896971e+09,0.009745384,1.48253,0.741265,-82.98091,-110.6409,-166.8915,-174.5514,3.821166e-07
12,11,612,3.084773e-07,2,6,6.585813e-06,7.513493e-06,7,8.22035e-06,3.933222e-05,1,2,3.860024e-07,5.292779e-06,8,3,1.039659,3.724609e-07,3,7,8.018968e-06,4.918009e+09,0.009900333,1.607884,0.8039421,-92.02223,-117.2811,-175.9015,-181.1604,0.005172884
12,12,613,4.011463e-07,2,8,8.455642e-06,8.029213e-06,6,7.844537e-06,3.798026e-05,1,3,3.95175e-07,6.714852e-06,7,3,0.8896944,3.202265e-07,3,7,9.650008e-06,3.492658e+09,0.01066517,1.785731,0.8928656,-96.41272,-120.3063,-176.9962,-180.8897,0.1232011
12,13,614,4.027799e-07,2,6,7.425757e-06,7.927304e-06,6,9.026467e-06,3.955595e-05,1,4,4.371795e-07,7.558824e-06,8,3,0.924182,3.839761e-07,4,8,7.451811e-06,2.352586e+09,0.009431124,1.781506,0.8907532,-96.90156,-121.8503,-174.5868,-179.5356,0.3054961
12,14,615,2.210342e-07,3,6,7.409699e-06,7.256957e-06,8,8.907865e-06,4.739679e-05,1,2,3.955935e-07,6.568592e-06,7,4,0.8625364,4.584122e-07,2,8,7.485267e-06,4.24354e+09,0.01202054,1.745382,0.872691,-97.14851,-120.572,-178.9038,-182.3273,0.08553536
12,15,616,3.648195e-07,2,7,7.424137e-06,8.981039e-06,7,8.367874e-06,3.785431e-05,1,2,4.039107e-07,5.425967e-06,9,3,0.962025,3.824456e-07,5,7,7.049068e-06,4.423265e+09,0.01073435,1.511513,0.7557564,-90.51845,-116.6636,-173.1256,-179.2707,0.0149175
12,16,617,4.56179e-07,1,7,6.49518e-06,6.677925e-06,6,7.560365e-06,4.492349e-05,1,2,4.132689e-07,7.842229e-06,7,4,0.9596017,1.972646e-07,3,9,8.181335e-06,4.624441e+09,0.005950178,1.280702,0.6403508,-75.98597,-104.3684,-161.5419,-169.9243,0.003162553
12,17,618,3.262451e-07,3,8,7.804677e-06,5.894214e-06,6,7.167779e-06,3.792889e-05,1,2,2.920851e-07,6.92763e-06,6,2,0.8818259,3.361268e-07,3,8,9.07415e-06,5.487458e+09,0.01162482,1.714338,0.8571691,-91.06533,-116.2726,-175.1989,-180.4062,0.05259045
12,18,619,4.255101e-07,2,6,8.302638e-06,6.590234e-06,6,7.127286e-06,3.776758e-05,1,2,4.783941e-07,5.324168e-06,10,3,0.7911163,4.300519e-07,3,7,9.543612e-06,5.06831e+09,0.006551236,1.244414,0.6222069,-74.97648,-103.1966,-160.9105,-169.1306,0.0
12,19,620,4.423447e-07,4,5,9.813429e-06,7.826894e-06,6,7.848174e-06,3.657485e-05,1,2,4.301374e-07,6.456022e-06,7,2,0.8205723,3.656416e-07,3,9,9.516553e-06,5.017133e+09,0.008397973,1.398312,0.6991559,-89.55115,-114.9278,-174.3185,-179.6952,0.0
12,20,621,3.403562e-07,4,6,9.964648e-06,8.12887e-06,6,7.881813e-06,3.828759e-05,1,3,4.362259e-07,7.464581e-06,8,3,0.9556367,4.177408e-07,2,7,8.995889e-06,3.500101e+09,0.01263926,1.860346,0.930173,-98.06012,-121.0029,-177.9245,-180.8673,0.2089886
12,21,622,4.218597e-07,2,6,7.822208e-06,6.769506e-06,9,8.423484e-06,3.579983e-05,1,2,3.358548e-07,6.272735e-06,7,3,0.9170426,2.711991e-07,3,8,7.29329e-06,5.099466e+09,0.009368634,1.538088,0.7690442,-87.92431,-114.7447,-172.358,-179.1785,0.0006447662
12,22,623,4.294375e-07,3,7,6.935247e-06,6.26013e-06,5,9.911629e-06,4.674291e-05,1,3,4.184462e-07,6.502378e-06,8,2,0.862607,4.136784e-07,1,9,7.686059e-06,3.963554e+09,0.006816222,1.812362,0.906181,-96.10399,-119.181,-179.7302,-182.8072,0.07988806
12,23,624,4.352419e-07,2,7,7.51908e-06,6.562001e-06,6,7.717307e-06,3.920606e-05,1,2,3.850228e-07,6.587389e-06,5,4,0.8419727,3.222135e-07,3,7,5.366365e-06,5.671668e+09,0.007619761,1.605072,0.8025359,-87.43841,-113.725,-173.6932,-179.9798,0.01747126
12,24,625,3.783446e-07,2,8,6.64277e-06,5.454654e-06,6,8.071446e-06,3.643023e-05,1,10,3.884346e-07,6.674352e-06,9,2,0.8967743,4.566147e-07,3,8,9.949767e-06,nil,0.009097758,nil,nil,nil,nil,1e+12,1e+12,3e+12
12,25,626,2.56658e-07,2,7,7.797869e-06,8.415844e-06,5,7.481441e-06,4.726268e-05,1,3,3.26908e-07,6.781595e-06,7,2,1.187715,2.859601e-07,3,6,8.902147e-06,3.627401e+09,0.01178634,1.923,0.9615001,-95.41569,-119.2714,-175.8938,-179.7495,0.1788855
12,26,627,4.282672e-07,2,8,6.632321e-06,8.033677e-06,6,7.165806e-06,3.40497e-05,1,2,2.774914e-07,8.491133e-06,5,3,0.9130199,3.039456e-07,3,8,9.612056e-06,5.339034e+09,0.01070216,1.604194,0.8020968,-86.16688,-113.1631,-170.4214,-177.4177,0.01195199
12,27,628,4.108562e-07,4,6,6.73878e-06,6.746676e-06,5,8.288858e-06,4.013502e-05,1,7,3.847829e-07,6.264722e-06,7,3,0.9420624,4.491476e-07,3,6,7.824515e-06,1.552963e+09,0.01021771,2.023014,1.011507,-99.9711,-122.7588,-173.7008,-176.4885,0.5886321
12,28,629,4.168083e-07,4,7,8.012767e-06,8.394198e-06,3,7.580307e-06,4.819463e-05,1,3,3.69412e-07,6.42699e-06,7,2,0.9279587,3.391613e-07,3,8,9.028643e-06,3.490676e+09,0.01029423,1.8709,0.93545,-95.55991,-119.2291,-176.2922,-179.9614,0.1447301
12,29,630,4.283565e-07,5,7,6.695786e-06,7.822383e-06,6,7.819193e-06,3.561091e-05,1,2,4.075699e-07,6.538741e-06,7,3,0.9083427,3.418267e-07,2,7,6.266968e-06,5.773952e+09,0.01016531,1.700643,0.8503214,-93.379,-117.3936,-178.5373,-182.5518,0.03562844
12,30,631,4.215182e-07,3,6,7.671451e-06,7.664428e-06,6,7.204071e-06,3.796179e-05,1,2,3.489567e-07,5.720614e-06,6,3,0.8745512,4.236216e-07,4,7,8.885882e-06,4.921619e+09,0.009508935,1.515148,0.757574,-88.70984,-114.6575,-172.7707,-178.7183,0.0001019825
12,31,632,3.832235e-07,2,7,8.848997e-06,9.365747e-06,7,7.509568e-06,4.449521e-05,1,2,4.120519e-07,9.469676e-06,6,2,0.9961465,2.643664e-07,3,8,5.18607e-06,4.890353e+09,0.009535285,1.669643,0.8348213,-94.17082,-118.5786,-178.1643,-182.5721,0.01279436
12,32,633,3.661461e-07,2,7,6.956935e-06,7.26809e-06,4,8.522799e-06,4.104342e-05,1,2,4.158103e-07,6.864345e-06,8,5,0.9032739,3.680163e-07,4,8,5.564725e-06,4.440128e+09,0.01110572,1.64189,0.8209452,-85.81221,-113.3637,-168.3046,-175.8561,0.02998219
12,33,634,4.270763e-07,1,6,7.405394e-06,8.091263e-06,6,7.308538e-06,4.028461e-05,1,5,2.155693e-07,6.87846e-06,6,3,0.907004,3.491376e-07,3,8,8.44976e-06,2.210944e+09,0.005202451,1.670291,0.8351457,-84.1128,-112.1537,-163.8423,-171.8832,0.3140556
12,34,635,4.253848e-07,2,7,7.110887e-06,7.031915e-06,6,7.123699e-06,4.009809e-05,1,2,2.648012e-07,5.639842e-06,6,3,1.011703,4.269235e-07,2,7,8.376943e-06,5.783746e+09,0.009551069,1.733352,0.8666762,-91.88351,-116.3068,-177.3272,-181.7505,0.04217568
12,35,636,4.316849e-07,1,7,8.24592e-06,6.779439e-06,7,7.37554e-06,3.89375e-05,1,2,2.448362e-07,8.663773e-06,8,3,0.9019046,2.757467e-07,3,6,8.46412e-06,5.276368e+09,0.006580853,1.337048,0.668524,-76.00643,-104.3693,-162.2703,-170.6332,0.001195913
12,36,637,4.506377e-07,2,7,6.324988e-06,5.379431e-06,6,9.59804e-06,3.551758e-05,1,2,3.246202e-07,6.468374e-06,7,3,0.8898443,3.795469e-07,2,7,8.239825e-06,5.905122e+09,0.007756761,1.560556,0.7802781,-84.85464,-111.8256,-171.3824,-178.3533,0.02655178
12,37,638,4.229658e-07,2,7,6.220601e-06,5.777003e-06,6,8.299359e-06,3.963045e-05,1,2,3.515268e-07,6.357373e-06,7,2,0.893924,4.721444e-07,5,7,7.275496e-06,4.971246e+09,0.007301364,1.362147,0.6810733,-81.63694,-109.047,-166.9322,-174.3423,0.0
12,38,639,3.954647e-07,2,10,7.399163e-06,8.363947e-06,7,8.152646e-06,4.100367e-05,1,3,4.169361e-07,6.511315e-06,7,2,0.9613459,3.5423e-07,4,8,7.936155e-06,3.233529e+09,0.009054528,1.663071,0.8315356,-96.45168,-120.5445,-177.0766,-181.1694,0.1274842
12,39,640,3.941569e-07,2,7,5.507438e-06,7.45144e-06,5,8.563975e-06,4.333437e-05,1,6,4.200379e-07,7.197544e-06,9,2,0.9439886,3.461044e-07,3,7,5.275391e-06,1.895876e+09,0.007510277,1.955841,0.9779207,-99.8305,-122.5631,-176.6301,-179.3627,0.4682268
12,40,641,4.663566e-07,2,7,6.162482e-06,6.322559e-06,6,8.149994e-06,3.494417e-05,1,2,3.982922e-07,6.521811e-06,6,4,0.8633461,4.053054e-07,3,7,7.570028e-06,5.500957e+09,0.007046106,1.363257,0.6816285,-77.915,-105.9062,-164.2443,-172.2355,0.006180949
12,41,642,4.746671e-07,4,7,8.07357e-06,5.63178e-06,6,9.801046e-06,3.643001e-05,1,2,4.317236e-07,6.571603e-06,7,4,0.9713752,4.09274e-07,3,7,9.3059e-06,4.76169e+09,0.01328533,1.684635,0.8423174,-94.88751,-118.6351,-177.209,-180.9566,0.123882
12,42,643,4.209793e-07,3,6,7.621918e-06,7.056122e-06,9,7.808894e-06,3.824962e-05,1,5,3.644621e-07,6.602413e-06,6,3,0.8800268,2.857403e-07,3,8,8.652594e-06,2.091585e+09,0.01021758,1.898166,0.9490829,-100.1121,-123.3223,-176.4281,-179.6383,0.3994301
12,43,644,4.477146e-07,4,8,9.093028e-06,9.135071e-06,7,8.056435e-06,3.992301e-05,1,3,4.136522e-07,6.38735e-06,7,3,0.9122557,3.497841e-07,1,7,9.00727e-06,3.73557e+09,0.009300829,1.804848,0.902424,-97.22404,-120.659,-178.986,-182.4209,0.09777543
12,44,645,4.165688e-07,1,7,7.528597e-06,8.680926e-06,8,8.864696e-06,4.332954e-05,1,4,4.07191e-07,8.019107e-06,8,3,1.043412,3.685528e-07,3,8,7.744601e-06,2.224209e+09,0.008056261,1.729068,0.8645338,-95.73605,-121.6565,-173.6182,-179.5386,0.321524
12,45,646,4.374113e-07,2,10,6.004416e-06,7.261578e-06,7,8.276316e-06,4.136819e-05,1,2,3.88682e-07,9.687814e-06,7,2,0.9483169,4.15716e-07,3,8,6.263428e-06,4.847524e+09,0.009477371,1.61566,0.80783,-92.84757,-117.4016,-176.7911,-181.3451,0.006060121
12,46,647,4.034376e-07,2,7,7.048273e-06,8.848351e-06,4,8.452453e-06,3.836759e-05,1,3,4.105237e-07,7.170492e-06,9,2,0.9215789,4.09056e-07,4,7,6.606547e-06,3.656853e+09,0.008659902,1.72902,0.8645102,-94.06442,-118.6115,-175.9514,-180.4985,0.08767666
12,47,648,4.56179e-07,2,7,6.49518e-06,6.677925e-06,6,8.147478e-06,4.492349e-05,1,7,4.132689e-07,8.306111e-06,7,2,1.070523,4.721274e-07,3,9,6.59536e-06,1.402621e+09,0.008344402,1.980351,0.9901753,-102.1346,-124.4893,-175.8594,-178.2142,0.6119898
12,48,649,4.331338e-07,2,6,8.637234e-06,7.551253e-06,7,8.081547e-06,3.891918e-05,1,2,2.511863e-07,6.435682e-06,6,3,0.8306339,3.108938e-07,2,7,8.811393e-06,5.537536e+09,0.008117927,1.585557,0.7927786,-84.22734,-111.6096,-169.9992,-177.3814,0.01061352
12,49,650,3.895219e-07,2,8,7.539378e-06,6.183965e-06,7,6.197792e-06,4.927273e-05,1,2,3.061331e-07,6.814516e-06,5,2,0.9463248,3.321961e-07,3,6,7.934842e-06,5.420143e+09,0.008299578,1.725963,0.8629813,-91.53046,-116.2164,-177.0201,-181.706,0.02663338
13,0,651,4.218597e-07,2,6,7.822208e-06,6.769506e-06,9,8.423484e-06,3.579983e-05,1,2,3.358548e-07,6.272735e-06,7,3,0.879793,3.001742e-07,3,8,7.29329e-06,5.093651e+09,0.008640831,1.471628,0.7358141,-84.21265,-111.7935,-168.9877,-176.5685,0.0
13,1,652,4.076479e-07,2,8,8.421194e-06,7.787456e-06,8,7.372034e-06,3.692106e-05,1,2,3.444973e-07,8.32355e-06,7,2,0.9756741,3.572188e-07,4,8,5.480909e-06,5.095578e+09,0.01085587,1.633875,0.8169375,-93.23653,-117.8227,-177.0237,-181.6099,0.01529072
13,2,653,4.59347e-07,3,7,9.85711e-06,8.168499e-06,6,8.338702e-06,3.562666e-05,1,2,4.687467e-07,9.586776e-06,9,3,0.8647298,4.081355e-07,3,8,6.559287e-06,4.490667e+09,0.01285985,1.632579,0.8162896,-94.72596,-118.999,-176.6798,-180.9529,0.09657777
13,3,654,4.065452e-07,2,7,7.119844e-06,8.307774e-06,4,8.190056e-06,3.889881e-05,1,2,4.412202e-07,5.876734e-06,8,4,0.7801331,3.70164e-07,3,7,8.746936e-06,5.071248e+09,0.006676182,1.300709,0.6503544,-74.28394,-102.6157,-160.141,-168.4728,0.0
13,4,655,3.661461e-07,2,7,6.956935e-06,7.26809e-06,4,8.522799e-06,4.104342e-05,1,2,4.158103e-07,9.09061e-06,9,4,0.9032739,3.680163e-07,4,8,5.564725e-06,4.263368e+09,0.01148536,1.624011,0.8120053,-84.43472,-112.3165,-166.4283,-174.3101,0.04577821
13,5,656,3.234103e-07,2,7,6.911319e-06,5.978285e-06,7,8.226992e-06,3.953843e-05,1,4,3.753398e-07,9.512341e-06,5,2,1.08782,4.118181e-07,4,8,7.936432e-06,2.577566e+09,0.009818167,1.819777,0.9098887,-98.53229,-121.9076,-176.8362,-180.2115,0.2700918
13,6,657,2.44929e-07,2,6,7.345072e-06,7.198305e-06,4,8.712073e-06,4.553054e-05,1,5,2.063408e-07,7.509956e-06,7,2,0.8748688,4.594934e-07,5,8,7.275962e-06,1.86054e+09,0.01241501,1.978038,0.989019,-96.6023,-121.9219,-171.0556,-176.3752,0.5446567
13,7,658,3.718263e-07,4,7,6.412617e-06,7.258726e-06,3,8.221283e-06,3.938527e-05,1,8,3.932717e-07,6.493684e-06,7,2,0.9228769,4.378461e-07,3,7,8.633099e-06,1.392953e+09,0.008969333,2.032128,1.016064,-99.80158,-122.7017,-173.1527,-176.0528,0.6381096
13,8,659,4.051341e-07,2,7,6.896261e-06,5.070065e-06,4,8.396561e-06,3.754174e-05,1,3,3.663597e-07,7.649186e-06,7,4,0.9140979,3.796844e-07,3,7,6.840194e-06,3.772912e+09,0.01011877,1.830107,0.9150537,-93.46714,-118.2969,-174.9494,-179.7792,0.1014808
13,9,660,3.567113e-07,2,7,8.606794e-06,8.260323e-06,6,8.469415e-06,4.545536e-05,1,2,3.686685e-07,6.731805e-06,7,3,0.8991448,4.254325e-07,4,8,7.074117e-06,4.251723e+09,0.01088682,1.632327,0.8161635,-91.64298,-117.3714,-173.8453,-179.5737,0.03315055
13,10,661,2.922084e-07,2,7,8.206911e-06,8.809168e-06,7,7.545569e-06,4.453867e-05,1,2,4.123797e-07,9.528916e-06,6,3,0.9890495,2.008138e-07,3,9,6.280019e-06,4.47406e+09,0.0136759,1.778874,0.8894368,-94.48322,-119.3014,-176.1377,-180.9559,0.1772431
13,11,662,4.276832e-07,2,6,7.41896e-06,9.320114e-06,8,7.728281e-06,3.74076e-05,1,3,4.562434e-07,7.419436e-06,7,2,0.8868642,4.053491e-07,3,8,7.288664e-06,3.448895e+09,0.00667818,1.501335,0.7506673,-92.1805,-117.8962,-174.6875,-180.4032,0.08770203
13,12,663,3.83286e-07,2,7,7.104225e-06,7.628178e-06,7,8.460196e-06,3.500624e-05,1,2,3.053799e-07,8.511395e-06,5,4,0.7746533,4.35954e-07,3,8,8.913356e-06,5.051705e+09,0.00695171,1.186696,0.5933481,-74.06224,-102.4939,-159.7101,-168.1417,0.0
13,13,664,2.847268e-07,2,6,8.693095e-06,7.817866e-06,8,8.413466e-06,4.609063e-05,1,2,3.11968e-07,6.037574e-06,7,4,0.9577014,4.285801e-07,2,9,8.230388e-06,4.314367e+09,0.01283906,1.758072,0.8790361,-95.58385,-119.8332,-177.1969,-181.4462,0.1244877
13,14,665,3.595542e-07,2,6,8.546863e-06,7.943274e-06,7,8.696335e-06,4.3153e-05,1,2,4.000184e-07,5.847692e-06,7,4,1.019638,4.263009e-07,5,7,7.939012e-06,3.987753e+09,0.01195193,1.587788,0.793894,-92.39801,-118.1077,-173.6382,-179.3478,0.07618585
13,15,666,4.023551e-07,2,7,6.56632e-06,7.317861e-06,6,7.451984e-06,3.788477e-05,1,3,3.71836e-07,8.34518e-06,7,2,0.987362,4.073629e-07,5,7,7.42788e-06,3.401877e+09,0.009488576,1.695678,0.8478391,-93.89747,-118.8909,-174.7598,-179.7532,0.1104943
13,16,667,3.391744e-07,2,7,6.031774e-06,8.290468e-06,7,8.222261e-06,3.942315e-05,1,3,3.908929e-07,5.426046e-06,9,2,1.153058,3.134492e-07,3,9,8.822182e-06,3.360939e+09,0.009670166,1.709937,0.8549687,-96.63163,-120.6962,-177.3065,-181.3711,0.1182435
13,17,668,4.253815e-07,2,8,6.429594e-06,7.74953e-06,6,7.136373e-06,3.116461e-05,1,2,2.630297e-07,6.817204e-06,6,5,0.91814,3.381757e-07,3,8,8.625468e-06,5.336535e+09,0.01156312,1.581177,0.7905883,-82.49406,-110.3118,-166.4085,-174.2262,0.02951331
13,18,669,4.175713e-07,2,7,7.17394e-06,5.355852e-06,7,8.848917e-06,4.316898e-05,1,3,3.111888e-07,8.729579e-06,7,3,1.033584,3.84445e-07,4,7,5.730874e-06,3.338059e+09,0.01226476,1.888735,0.9443673,-97.08448,-120.6107,-176.6678,-180.194,0.2200638
13,19,670,4.444535e-07,2,7,6.876985e-06,6.645504e-06,5,9.272832e-06,4.493519e-05,1,3,2.099382e-07,6.780778e-06,8,3,0.9145051,3.254779e-07,2,9,7.840613e-06,3.59112e+09,0.01034041,1.872105,0.9360524,-92.55613,-117.8203,-173.5154,-178.7795,0.1340496
13,20,671,4.077478e-07,4,8,7.172929e-06,6.930738e-06,7,7.575826e-06,3.430546e-05,1,2,3.758801e-07,6.557505e-06,5,3,0.920861,3.323936e-07,2,7,7.749699e-06,6.077084e+09,0.009507044,1.655038,0.827519,-91.97905,-116.4962,-177.8725,-182.3897,0.04738786
13,21,672,2.459217e-07,2,6,7.311092e-06,6.769506e-06,9,8.423484e-06,3.579983e-05,1,7,3.358548e-07,6.272735e-06,7,3,0.9332415,2.711991e-07,3,8,7.29329e-06,1.497489e+09,0.01189984,1.999114,0.9995568,-96.87083,-122.1142,-169.6227,-174.8661,0.6289888
13,22,673,4.536949e-07,1,7,7.155854e-06,8.01103e-06,6,7.755289e-06,4.567082e-05,1,2,3.704604e-07,6.441604e-06,7,4,0.994786,2.077463e-07,2,5,7.919537e-06,5.119946e+09,0.006664234,1.56546,0.7827299,-84.98288,-112.4346,-170.9307,-178.3824,0.001919736
13,23,674,2.720394e-07,2,7,6.1532e-06,8.35035e-06,10,7.253367e-06,3.806657e-05,1,6,4.315614e-07,6.39899e-06,8,2,0.9293665,3.943883e-07,4,7,6.773632e-06,1.663631e+09,0.008351556,1.857651,0.9288257,-101.6438,-124.6968,-176.8473,-179.9003,0.4930893
13,24,675,4.771494e-07,2,6,8.539624e-06,6.769506e-06,9,8.423484e-06,3.579983e-05,1,2,1.973106e-07,6.272735e-06,7,3,0.879793,2.97052e-07,3,8,7.29329e-06,5.213275e+09,0.00943705,1.524773,0.7623863,-82.37068,-110.1483,-166.9645,-174.7421,0.0007660696
13,25,676,2.695661e-07,2,7,7.582498e-06,8.109264e-06,6,8.087798e-06,4.308418e-05,1,3,3.547292e-07,6.666509e-06,8,2,1.074567,3.538267e-07,2,7,8.669087e-06,3.728484e+09,0.01035121,1.868538,0.9342688,-96.57769,-119.9297,-177.8584,-181.2105,0.1187595
13,26,677,3.954999e-07,4,9,7.393322e-06,8.028482e-06,5,8.06414e-06,4.363885e-05,1,3,3.77624e-07,7.058897e-06,7,2,0.7544374,3.719632e-07,3,8,6.274158e-06,3.680839e+09,0.009266389,1.824176,0.912088,-95.97185,-119.4718,-177.6217,-181.1216,0.1086123
13,27,678,4.142537e-07,2,8,7.844062e-06,8.134003e-06,4,5.606996e-06,4.073926e-05,1,2,2.735481e-07,6.618498e-06,7,3,0.9338689,3.650649e-07,4,7,8.368539e-06,5.055851e+09,0.01264011,1.766857,0.8834284,-90.43134,-115.8535,-173.4897,-178.9118,0.1013518
13,28,679,4.137837e-07,2,6,7.146639e-06,7.067663e-06,9,6.058352e-06,4.078926e-05,1,9,2.569464e-07,7.581634e-06,10,4,1.052164,4.125495e-07,4,7,8.01741e-06,nil,0.0140731,nil,nil,nil,nil,1e+12,1e+12,3e+12
13,29,680,4.255101e-07,2,10,8.302638e-06,6.590234e-06,6,7.127286e-06,3.776758e-05,1,6,4.783941e-07,5.324168e-06,10,3,0.7911163,4.300519e-07,3,7,9.543612e-06,1.695901e+09,0.009042909,1.917106,0.9585531,-101.5852,-124.0283,-176.6101,-179.0532,0.5049056
13,30,681,4.478475e-07,4,7,6.981573e-06,6.367463e-06,6,7.821611e-06,3.919833e-05,1,2,3.89498e-07,6.525843e-06,5,4,0.9282316,3.776372e-07,3,7,5.844497e-06,5.493608e+09,0.0103503,1.724322,0.8621611,-93.35588,-117.2488,-178.0035,-181.8964,0.0295482
13,31,682,4.066389e-07,2,7,6.436068e-06,7.91763e-06,6,7.5315e-06,3.258742e-05,1,2,3.218381e-07,7.706607e-06,5,4,0.9052128,2.266115e-07,3,10,7.711321e-06,5.423713e+09,0.009894721,1.551235,0.7756176,-82.67285,-110.4734,-167.4047,-175.2053,0.005195513
13,32,683,4.110654e-07,2,6,8.405528e-06,7.466564e-06,6,7.461258e-06,3.967119e-05,1,3,3.498875e-07,6.228369e-06,8,4,0.9754896,3.474167e-07,3,7,6.002093e-06,3.574571e+09,0.01114965,1.86015,0.9300749,-96.73291,-120.3048,-177.3248,-180.8966,0.1440328
13,33,684,4.316038e-07,4,5,9.218461e-06,7.179827e-06,7,6.26602e-06,4.197052e-05,1,2,3.144816e-07,6.221657e-06,7,2,0.8393834,3.359431e-07,3,6,8.455362e-06,5.48284e+09,0.009517428,1.702739,0.8513693,-91.9235,-116.5344,-176.9184,-181.5293,0.02390299
13,34,685,4.237772e-07,1,7,7.241236e-06,8.504145e-06,7,8.35196e-06,4.479347e-05,1,3,4.07948e-07,7.861447e-06,7,2,0.8166136,3.258749e-07,3,9,7.960125e-06,3.342899e+09,0.004032463,1.21151,0.6057548,-76.37477,-104.745,-160.8015,-169.1718,0.1009814
13,35,686,4.279365e-07,2,10,7.942603e-06,8.986044e-06,2,8.680436e-06,4.20575e-05,1,2,4.09236e-07,9.534047e-06,7,2,0.8889161,3.687819e-07,3,8,6.073482e-06,5.542088e+09,0.009843217,1.749948,0.8749739,-91.96049,-115.9877,-176.9026,-180.9298,0.03528028
13,36,687,3.875466e-07,3,5,7.719219e-06,5.128818e-06,7,6.860346e-06,4.683893e-05,1,3,2.331043e-07,7.427945e-06,5,2,0.9559851,2.748331e-07,3,6,7.175735e-06,4.147068e+09,0.01039508,1.948551,0.9742757,-92.70213,-117.4405,-174.8887,-179.6271,0.1145936
13,37,688,3.874752e-07,2,7,8.551395e-06,8.49212e-06,8,7.813325e-06,3.389589e-05,1,2,3.623461e-07,8.377567e-06,6,2,0.953068,2.781818e-07,3,8,6.903999e-06,5.366931e+09,0.009684395,1.544295,0.7721473,-92.20397,-117.2643,-176.9378,-181.9981,0.003611413
13,38,689,4.232495e-07,3,10,7.720726e-06,7.912659e-06,7,8.407109e-06,3.586065e-05,1,2,3.233636e-07,6.215256e-06,7,3,0.8824473,3.455878e-07,3,6,6.569859e-06,5.394383e+09,0.01209836,1.725279,0.8626397,-94.10324,-118.2498,-177.9148,-182.0613,0.0699188
13,39,690,4.371224e-07,3,8,8.985412e-06,9.391353e-06,7,8.636455e-06,3.979798e-05,1,2,4.115408e-07,6.4085e-06,6,3,0.8512771,3.133979e-07,2,10,8.856834e-06,4.710711e+09,0.0101852,1.570509,0.7852543,-93.99828,-118.4762,-177.3803,-181.8582,0.004044842
13,40,691,4.221351e-07,2,9,6.035533e-06,7.661286e-06,7,7.591131e-06,3.974143e-05,1,3,3.835299e-07,6.076709e-06,8,3,0.7880107,4.356637e-07,2,9,8.946011e-06,3.487142e+09,0.007007986,1.595429,0.7977147,-84.66734,-112.3083,-167.0608,-174.7017,0.08718641
13,41,692,4.642945e-07,1,7,6.52943e-06,5.90151e-06,7,8.746588e-06,3.883555e-05,1,2,3.212394e-07,8.534277e-06,8,3,0.9340165,3.571304e-07,3,6,8.538282e-06,5.186592e+09,0.005406544,1.162429,0.5812146,-75.1107,-103.4486,-162.0791,-170.417,0.0002882782
13,42,693,4.280136e-07,2,7,7.845495e-06,6.839653e-06,6,6.6915e-06,3.732318e-05,1,2,4.318493e-07,5.650088e-06,7,3,0.8053754,4.297975e-07,3,7,7.428959e-06,5.543544e+09,0.006804759,1.420107,0.7100534,-81.0914,-108.549,-167.639,-175.0966,0.007563665
13,43,694,3.213704e-07,3,7,7.635081e-06,6.897016e-06,7,8.667276e-06,3.799587e-05,1,2,3.081915e-07,6.679509e-06,6,3,1.08804,2.160229e-07,3,7,8.951315e-06,5.185728e+09,0.01545233,1.810854,0.9054272,-92.846,-117.8601,-175.2523,-180.2664,0.3405083
13,44,695,3.150872e-07,1,8,8.226805e-06,7.092338e-06,8,8.022212e-06,4.833727e-05,1,2,2.485433e-07,8.037113e-06,8,3,1.196346,3.310836e-07,3,6,8.489753e-06,4.327701e+09,0.0144848,1.834207,0.9171033,-94.77549,-119.3564,-175.8915,-180.4724,0.2644169
13,45,696,4.000209e-07,2,6,5.260059e-06,6.590234e-06,6,7.127286e-06,3.776758e-05,1,2,4.783941e-07,8.686122e-06,10,3,0.7911163,4.300519e-07,3,7,9.543612e-06,4.883664e+09,0.004690317,0.9511492,0.4755746,-72.70695,-101.1471,-159.7698,-168.21,1.111423e-05
13,46,697,4.269463e-07,2,7,6.910695e-06,8.037919e-06,6,7.154252e-06,3.469436e-05,1,5,3.648396e-07,5.328067e-06,8,3,0.9969546,4.270673e-07,3,7,7.847021e-06,2.323011e+09,0.009284658,1.888413,0.9442063,-99.41695,-122.2444,-177.0603,-179.8878,0.3436385
13,47,698,2.536938e-07,1,8,8.136363e-06,8.457733e-06,8,8.69983e-06,3.84786e-05,1,5,4.026602e-07,6.029912e-06,7,3,0.890185,3.585177e-07,4,6,9.874242e-06,1.927316e+09,0.008720529,1.809158,0.9045788,-98.05094,-123.1402,-174.3446,-179.4339,0.4105281
13,48,699,4.032084e-07,4,7,5.614238e-06,7.471204e-06,6,8.382411e-06,4.038551e-05,1,3,3.788498e-07,5.732776e-06,8,3,0.8783567,4.732193e-07,2,7,7.100942e-06,3.749237e+09,0.009129212,1.814471,0.9072355,-97.3532,-120.2587,-179.2277,-182.1333,0.09910629
13,49,700,4.023064e-07,2,8,7.177492e-06,5.293004e-06,5,5.288923e-06,4.156776e-05,1,5,3.125407e-07,7.098602e-06,6,1,1.154935,3.400558e-07,1,7,9.625822e-06,3.440369e+09,0.005540739,1.936562,0.9682812,-92.97932,-116.6143,-176.2757,-179.9107,0.1734399
14,0,701,4.218597e-07,2,6,7.822208e-06,6.769506e-06,9,8.423484e-06,3.579983e-05,1,2,3.358548e-07,6.272735e-06,7,3,0.879793,3.001742e-07,3,8,7.29329e-06,5.093651e+09,0.008640831,1.471628,0.7358141,-84.18844,-111.7646,-168.9635,-176.5396,0.0
14,1,702,4.536949e-07,1,7,7.155854e-06,8.01103e-06,6,7.755289e-06,4.567082e-05,1,2,3.704604e-07,6.441604e-06,7,4,1.138015,2.077463e-07,2,7,5.987666e-06,5.055556e+09,0.008141283,1.677493,0.8387466,-90.43173,-116.3589,-175.4002,-181.3274,0.01400171
14,2,703,4.419872e-07,2,7,7.712407e-06,7.422302e-06,7,7.255226e-06,3.164259e-05,1,2,2.704061e-07,6.512335e-06,5,2,0.8851212,4.381037e-07,2,7,7.666728e-06,6.618673e+09,0.007003366,1.500424,0.7502119,-88.54493,-114.0722,-176.5073,-182.0345,0.08867247
14,3,704,3.994699e-07,1,8,6.471785e-06,6.126474e-06,6,6.100592e-06,3.517711e-05,1,3,3.125342e-07,7.463766e-06,5,4,1.105051,3.402844e-07,2,8,9.429154e-06,4.185457e+09,0.008798775,1.78145,0.8907248,-90.72793,-116.4272,-173.7186,-179.4179,0.05647113
14,4,705,4.232893e-07,2,6,7.181207e-06,7.937667e-06,9,7.9774e-06,3.514585e-05,1,2,3.368703e-07,6.412897e-06,7,4,0.9915495,2.420237e-07,2,5,7.643363e-06,5.27485e+09,0.009853681,1.620341,0.8101706,-92.26903,-117.7076,-176.7773,-182.2158,0.007611868
14,5,706,4.408228e-07,2,8,6.958091e-06,7.975061e-06,8,7.715047e-06,3.44753e-05,1,9,3.640054e-07,8.156684e-06,7,4,0.982286,3.278359e-07,5,6,7.180934e-06,nil,0.01281579,nil,nil,nil,nil,1e+12,1e+12,3e+12
14,6,707,4.627813e-07,2,6,9.466392e-06,7.891574e-06,7,8.698082e-06,4.074915e-05,1,2,3.385283e-07,6.877556e-06,7,3,0.9632067,3.719432e-07,4,6,8.186677e-06,4.595656e+09,0.01067414,1.615266,0.8076332,-92.03916,-117.41,-175.0028,-180.3736,0.01430742
14,7,708,4.238751e-07,3,6,9.14463e-06,7.110328e-06,6,7.107109e-06,3.779641e-05,1,2,3.831708e-07,6.909326e-06,9,3,0.8359915,2.012705e-07,3,9,7.304429e-06,5.022383e+09,0.0123528,1.736299,0.8681493,-91.06024,-116.7069,-174.1608,-179.8074,0.08017325
14,8,709,3.789094e-07,2,7,8.591178e-06,8.330986e-06,1,8.115933e-06,4.517675e-05,1,2,3.665722e-07,8.189164e-06,7,2,0.9201176,3.76496e-07,4,8,6.965152e-06,5.230333e+09,0.01009343,1.744815,0.8724076,-90.18207,-115.0314,-174.5123,-179.3616,0.02737791
14,9,710,4.460157e-07,3,7,8.30286e-06,7.47696e-06,9,7.981848e-06,3.927264e-05,1,2,4.054486e-07,6.43156e-06,6,4,0.8801527,3.738995e-07,3,7,5.911389e-06,4.78513e+09,0.01031801,1.623497,0.8117484,-94.97722,-118.9865,-178.4391,-182.4484,0.008339278
14,10,711,4.248334e-07,2,9,7.07011e-06,7.794362e-06,5,7.460058e-06,4.144488e-05,1,3,3.624609e-07,6.942321e-06,7,3,0.8064507,3.539888e-07,3,8,6.66344e-06,3.618187e+09,0.008593699,1.78313,0.891565,-92.92786,-118.1268,-174.7559,-179.9548,0.1040595
14,11,712,4.177124e-07,2,9,7.089384e-06,7.762653e-06,7,7.393865e-06,3.804762e-05,1,3,3.829606e-07,8.015723e-06,8,2,0.7882374,3.959712e-07,3,9,6.923542e-06,3.541934e+09,0.007905897,1.648553,0.8242764,-89.328,-115.9766,-171.3333,-177.9819,0.0866236
14,12,713,3.83286e-07,2,7,7.104225e-06,7.628178e-06,7,8.460196e-06,3.500624e-05,1,2,3.053799e-07,8.511395e-06,5,4,0.7746533,4.35954e-07,3,8,6.555557e-06,5.269399e+09,0.006887729,1.247106,0.6235529,-74.85547,-103.2586,-160.9099,-169.3131,0.001103265
14,13,714,2.310726e-07,2,8,7.92271e-06,7.122512e-06,7,8.692225e-06,3.863584e-05,1,3,3.632575e-07,7.772289e-06,5,3,0.9971304,4.886465e-07,3,9,6.924995e-06,3.3899e+09,0.01147397,1.791701,0.8958503,-97.78379,-121.0958,-177.7904,-181.1024,0.1545205
14,14,715,4.095628e-07,1,7,8.068329e-06,9.837205e-06,6,6.92295e-06,3.786904e-05,1,1,3.504958e-07,5.771993e-06,7,3,0.8859465,4.244351e-07,4,5,8.228418e-06,8.57268e+09,0.005841872,0.8513929,0.4256965,-74.41059,-102.6882,-165.4074,-173.685,0.4636487
14,15,716,3.362987e-07,2,5,6.560917e-06,8.226211e-06,8,8.266503e-06,4.530402e-05,1,3,3.296462e-07,5.570064e-06,8,4,1.121819,4.019931e-07,2,9,9.173839e-06,3.005963e+09,0.01138763,1.82834,0.91417,-98.11355,-121.8938,-177.1089,-180.8892,0.2165813
14,16,717,4.551042e-07,3,8,6.476631e-06,7.049381e-06,6,6.54759e-06,3.416607e-05,1,2,3.06864e-07,6.266294e-06,8,4,0.9231361,3.452507e-07,3,8,8.599196e-06,5.114459e+09,0.01415231,1.736292,0.8681461,-91.66799,-116.8205,-174.3357,-179.4882,0.1972401
14,17,718,4.073117e-07,2,6,7.405211e-06,5.682384e-06,2,6.134469e-06,3.757161e-05,1,2,3.939337e-07,6.236613e-06,8,3,0.8681183,3.158075e-07,3,7,7.455546e-06,6.067434e+09,0.008045499,1.659085,0.8295425,-82.89214,-109.9993,-169.4967,-176.6039,0.04723144
14,18,719,4.227647e-07,2,7,7.879846e-06,6.275496e-06,5,7.956436e-06,3.751094e-05,1,3,3.853361e-07,6.112499e-06,7,3,0.8914127,3.839151e-07,1,7,7.024099e-06,4.639441e+09,0.006872462,1.808439,0.9042193,-94.79181,-118.0992,-179.75,-183.0573,0.04510957
14,19,720,4.048356e-07,2,7,5.340692e-06,7.112529e-06,6,7.326401e-06,3.363608e-05,1,2,4.233706e-07,7.817483e-06,8,3,1.066578,3.990639e-07,3,9,9.189794e-06,4.821082e+09,0.0103925,1.487695,0.7438476,-85.9969,-113.1252,-169.4926,-176.6209,0.001799947
14,20,721,4.259923e-07,3,5,8.045757e-06,7.630835e-06,6,6.133227e-06,4.520532e-05,1,2,3.158571e-07,6.352758e-06,6,3,0.8585907,2.397233e-07,3,7,7.970139e-06,5.246577e+09,0.009603661,1.749105,0.8745523,-90.69085,-116.0549,-175.264,-180.6281,0.02840518
14,21,722,3.433027e-07,2,6,8.181461e-06,7.972628e-06,7,8.321991e-06,4.838252e-05,1,6,3.612991e-07,5.76263e-06,9,4,1.078539,3.097966e-07,5,9,7.94452e-06,1.270772e+09,0.01561955,2.016839,1.00842,-101.0156,-125.2367,-171.1602,-175.3814,0.9830906
14,22,723,3.281719e-07,2,7,6.956985e-06,6.935451e-06,5,6.309734e-06,4.548986e-05,1,4,2.098795e-07,6.096456e-06,8,2,0.8894705,2.762498e-07,5,9,7.573234e-06,2.466618e+09,0.01191444,1.943796,0.9718982,-94.73468,-120.4186,-171.816,-177.4999,0.3708066
14,23,724,3.874752e-07,2,7,8.551395e-06,5.459202e-06,8,7.813325e-06,3.389589e-05,1,2,3.623461e-07,5.451724e-06,6,2,0.953068,2.781818e-07,1,8,6.903999e-06,7.171648e+09,0.006186299,1.577266,0.7886331,-90.26313,-115.1093,-179.4612,-184.3073,0.1676563
14,24,725,4.143139e-07,3,8,7.926104e-06,7.876947e-06,8,7.848027e-06,3.63537e-05,1,2,3.415764e-07,6.959836e-06,7,4,0.9223886,3.506934e-07,4,6,6.279511e-06,4.804051e+09,0.01448491,1.744953,0.8724764,-95.30486,-119.311,-177.3279,-181.334,0.2281951
14,25,726,4.271148e-07,2,10,7.934597e-06,8.143303e-06,3,8.519935e-06,4.161824e-05,1,1,3.420374e-07,8.897985e-06,7,2,0.8886148,2.314385e-07,3,7,6.113226e-06,9.447229e+09,0.01109125,1.565216,0.7826081,-85.65167,-111.3893,-174.708,-180.4456,0.7403807
14,26,727,3.375957e-07,2,6,8.548372e-06,8.563031e-06,9,8.420838e-06,4.293272e-05,1,2,2.927313e-07,6.038049e-06,7,4,0.896693,3.785513e-07,3,6,7.656889e-06,4.379386e+09,0.0112972,1.658427,0.8292136,-92.11625,-118.1903,-174.4148,-180.4888,0.03927114
14,27,728,3.803704e-07,3,7,8.486513e-06,7.976116e-06,3,7.781254e-06,4.328328e-05,1,2,3.651433e-07,6.432192e-06,6,3,0.9626688,3.635281e-07,4,7,8.491921e-06,4.916933e+09,0.01200181,1.743073,0.8715366,-92.70499,-117.1049,-175.7464,-180.1463,0.0663322
14,28,729,3.503091e-07,2,7,8.390923e-06,8.679046e-06,5,8.52454e-06,4.794215e-05,1,2,4.84626e-07,8.115731e-06,7,4,0.9515075,4.067023e-07,3,8,8.008307e-06,3.927687e+09,0.01202305,1.691549,0.8457744,-94.79341,-119.4708,-175.876,-180.5534,0.09660924
14,29,730,2.605202e-07,2,6,5.323216e-06,7.366612e-06,6,8.497673e-06,3.635701e-05,1,5,3.066805e-07,6.87109e-06,7,3,0.8823523,4.084382e-07,1,6,7.068125e-06,2.685715e+09,0.007040712,1.889113,0.9445565,-98.36387,-121.0305,-178.4689,-181.1355,0.2715019
14,30,731,3.657268e-07,2,8,7.313034e-06,8.116612e-06,6,8.042265e-06,4.051716e-05,1,2,3.475388e-07,7.897594e-06,8,3,1.067698,3.68345e-07,3,6,8.580836e-06,4.705638e+09,0.01375161,1.775546,0.8877731,-95.38032,-119.2514,-177.4492,-181.3202,0.1760642
14,31,732,4.240979e-07,3,6,6.238502e-06,7.719647e-06,7,7.648324e-06,3.464074e-05,1,3,4.145211e-07,7.391594e-06,10,2,0.9148575,3.810864e-07,4,8,5.933362e-06,3.596298e+09,0.009487786,1.695761,0.8478807,-94.65508,-119.2884,-176.0005,-180.6339,0.08782098
14,32,733,4.083865e-07,1,6,7.86441e-06,7.188004e-06,7,8.558116e-06,4.190897e-05,1,2,3.141974e-07,6.299159e-06,8,4,0.9367502,3.683095e-07,3,7,7.951039e-06,4.775823e+09,0.006233327,1.249763,0.6248817,-75.42842,-103.8972,-161.0622,-169.5309,0.0006422309
14,33,734,3.882066e-07,1,7,6.486108e-06,8.36142e-06,7,8.325418e-06,4.353142e-05,1,1,3.969436e-07,6.503943e-06,8,2,0.8927524,3.229495e-07,3,8,7.184981e-06,8.042737e+09,0.005034875,0.7484623,0.3742311,-78.68882,-106.5527,-169.777,-177.6409,0.3329373
14,34,735,4.147581e-07,3,6,6.242326e-06,7.467274e-06,6,6.128485e-06,4.024419e-05,1,3,4.305076e-07,6.129094e-06,8,3,0.9571861,4.518575e-07,2,7,9.5783e-06,3.673997e+09,0.00899258,1.79176,0.8958798,-96.40957,-119.6393,-178.1735,-181.4032,0.1004351
14,35,736,3.096758e-07,3,6,6.854601e-06,7.996798e-06,7,7.775175e-06,3.743935e-05,1,2,4.399958e-07,6.556083e-06,9,4,0.8900279,3.794739e-07,3,10,5.320878e-06,4.502665e+09,0.01247309,1.653658,0.8268288,-92.29257,-118.033,-174.4022,-180.1427,0.07823074
14,36,737,4.065452e-07,2,9,7.119844e-06,5.375805e-06,9,8.190056e-06,3.889881e-05,1,2,4.412202e-07,5.876734e-06,9,4,0.7801331,3.70164e-07,3,7,8.08826e-06,4.662242e+09,0.008333824,1.402526,0.7012632,-78.24748,-106.4336,-162.4109,-170.597,0.002354394
14,37,738,4.314865e-07,2,7,7.492703e-06,7.788887e-06,5,6.773284e-06,4.142728e-05,1,2,4.198884e-07,6.527291e-06,7,4,0.9518119,3.514571e-07,2,7,6.26357e-06,5.345293e+09,0.009132759,1.71514,0.8575702,-92.73076,-117.0108,-177.6842,-181.9642,0.02288459
14,38,739,2.385451e-07,2,5,9.218461e-06,7.179827e-06,9,9.717348e-06,4.197052e-05,1,2,1.818715e-07,6.221657e-06,6,2,0.8393834,3.810867e-07,3,6,8.455362e-06,4.796277e+09,0.01089653,1.665392,0.8326958,-88.79444,-115.9373,-172.0396,-179.1825,0.02064321
14,39,740,3.678974e-07,2,7,9.539896e-06,7.785349e-06,7,5.152989e-06,3.867376e-05,1,2,3.087884e-07,7.878924e-06,5,1,0.7970109,4.241109e-07,3,8,9.034677e-06,5.64772e+09,0.005764794,1.268043,0.6340217,-82.53435,-110.0021,-169.964,-177.4318,0.01153393
14,40,741,2.017689e-07,2,7,7.099101e-06,7.213799e-06,5,8.785473e-06,4.570757e-05,1,2,2.203619e-07,6.230633e-06,7,4,0.9257991,3.504946e-07,2,9,8.078288e-06,4.891652e+09,0.0168615,1.920304,0.9601518,-93.28694,-117.8548,-174.8071,-179.375,0.5493186
14,41,742,3.572014e-07,2,8,7.14332e-06,8.295779e-06,5,8.193427e-06,4.011018e-05,1,2,3.969965e-07,5.970207e-06,8,3,0.83742,3.934293e-07,3,8,7.565797e-06,4.904808e+09,0.009204557,1.574313,0.7871563,-86.75659,-113.6995,-170.929,-177.8719,0.002454387
14,42,743,4.000209e-07,2,6,5.260059e-06,6.590234e-06,6,7.127286e-06,3.776758e-05,1,2,4.783941e-07,8.686122e-06,10,3,0.8425327,3.248391e-07,3,9,9.543612e-06,4.665648e+09,0.005958787,1.070543,0.5352716,-73.34363,-101.813,-158.9703,-167.4396,0.002287407
14,43,744,4.330795e-07,5,7,6.449366e-06,7.037459e-06,6,5.678447e-06,4.190304e-05,1,2,4.565454e-07,9.375971e-06,9,4,0.9421584,2.794434e-07,2,8,8.671595e-06,4.227822e+09,0.01737776,1.840642,0.9203208,-95.84909,-119.9219,-175.9715,-180.0443,0.6147039
14,44,745,4.025793e-07,3,6,5.574192e-06,6.817318e-06,10,7.45909e-06,3.871281e-05,1,2,4.542433e-07,8.255225e-06,9,3,1.027696,4.440924e-07,2,7,8.794884e-06,4.465906e+09,0.0104971,1.581346,0.7906732,-94.04656,-118.8034,-176.8341,-181.5909,0.0132604
14,45,746,3.580818e-07,5,7,6.785892e-06,6.374812e-06,8,8.442165e-06,3.609252e-05,1,2,3.346344e-07,8.046417e-06,8,3,0.9003615,3.186384e-07,3,7,7.852682e-06,4.862878e+09,0.01687474,1.807385,0.9036925,-95.10688,-119.2022,-176.5724,-180.6677,0.5146717
14,46,747,3.677434e-07,1,7,8.485098e-06,7.337645e-06,6,8.314378e-06,4.044051e-05,1,2,3.709313e-07,7.172955e-06,8,2,0.9675263,4.232567e-07,5,8,8.961656e-06,4.365435e+09,0.007893516,1.282179,0.6410897,-77.64291,-105.9178,-161.4708,-169.7456,0.01190169
14,47,748,4.014315e-07,5,6,8.37337e-06,5.088754e-06,7,8.279313e-06,3.609229e-05,1,2,2.580115e-07,9.201938e-06,6,3,0.9867945,2.96724e-07,2,8,6.845067e-06,5.814199e+09,0.01744097,1.910768,0.955384,-92.00464,-116.6833,-174.8787,-179.5574,0.6482824
14,48,749,4.076479e-07,2,7,8.421194e-06,7.787456e-06,6,7.372034e-06,3.048139e-05,1,1,3.444973e-07,8.32355e-06,7,2,0.9756741,3.572188e-07,5,8,5.480909e-06,8.641895e+09,0.01071747,1.234587,0.6172933,-83.16691,-109.7347,-171.5982,-178.1659,0.487463
14,49,750,4.143276e-07,2,7,9.7049e-06,9.294982e-06,8,8.16233e-06,3.498907e-05,1,2,3.390989e-07,6.898188e-06,6,3,0.8096341,4.103776e-07,3,8,7.257201e-06,4.901515e+09,0.008942313,1.415421,0.7077106,-84.82459,-112.2332,-169.1167,-176.5253,0.0
15,0,751,4.218597e-07,2,6,7.822208e-06,6.769506e-06,9,8.423484e-06,3.579983e-05,1,2,3.358548e-07,6.272735e-06,7,3,0.879793,3.001742e-07,3,8,7.29329e-06,5.093651e+09,0.008640831,1.471627,0.7358137,-84.19938,-111.7799,-168.9744,-176.5549,0.0
15,1,752,3.55776e-07,3,6,7.993197e-06,7.559254e-06,7,8.474869e-06,4.243282e-05,1,3,3.569754e-07,7.545996e-06,5,3,0.8868486,3.02532e-07,3,8,7.238137e-06,3.435156e+09,0.01070364,1.82906,0.9145298,-97.10474,-120.7616,-177.5284,-181.1852,0.1424454
15,2,753,4.022851e-07,2,6,7.799322e-06,5.362765e-06,5,7.623988e-06,3.76176e-05,1,2,3.148736e-07,8.813729e-06,8,3,0.9880911,4.081941e-07,2,8,8.080546e-06,5.37381e+09,0.01136451,1.741937,0.8709683,-90.43679,-115.8816,-174.4869,-179.9318,0.04751615
15,3,754,3.677434e-07,1,7,8.485098e-06,7.337645e-06,6,8.314378e-06,4.892097e-05,1,2,3.709313e-07,7.172955e-06,10,2,0.9675263,4.232567e-07,4,7,8.961656e-06,4.175101e+09,0.008143342,1.478825,0.7394123,-80.93688,-109.0797,-164.2422,-172.385,0.02188583
15,4,755,3.799912e-07,2,7,6.07084e-06,7.904517e-06,5,8.008615e-06,4.315756e-05,1,8,3.680593e-07,6.979106e-06,7,3,0.9150759,3.779464e-07,2,6,7.001757e-06,1.382559e+09,0.008031305,2.027796,1.013898,-99.14159,-122.3657,-172.9074,-176.1315,0.6391096
15,5,756,3.851466e-07,2,7,7.927465e-06,5.315243e-06,3,8.208284e-06,4.556121e-05,1,10,3.681206e-07,8.152728e-06,7,3,0.9288595,2.734677e-07,3,7,6.758214e-06,nil,0.01124362,nil,nil,nil,nil,1e+12,1e+12,3e+12
15,6,757,4.088494e-07,2,8,6.476422e-06,9.621238e-06,8,6.12524e-06,3.454369e-05,1,2,2.470764e-07,6.522525e-06,6,4,1.04948,3.418031e-07,4,8,9.383877e-06,4.604823e+09,0.01478923,1.660719,0.8303597,-90.21935,-116.6026,-171.7842,-178.1674,0.244476
15,7,758,4.151145e-07,2,7,7.767873e-06,6.579929e-06,6,6.880265e-06,3.575546e-05,1,3,4.143659e-07,6.990175e-06,5,3,0.9344198,2.487305e-07,1,8,7.101958e-06,4.835206e+09,0.007190699,1.808821,0.9044106,-92.57843,-117.1143,-177.699,-182.2349,0.04256176
15,8,759,2.882225e-07,2,7,6.132054e-06,7.296268e-06,9,9.685896e-06,3.701845e-05,1,2,2.743628e-07,7.291901e-06,9,2,0.9942308,4.364124e-07,3,8,8.872322e-06,4.487372e+09,0.0124604,1.59896,0.7994802,-90.039,-116.815,-172.1235,-178.8995,0.07197972
15,9,760,1.942951e-07,2,7,6.077397e-06,7.530187e-06,7,5.24318e-06,3.742275e-05,1,2,4.721983e-07,8.527398e-06,8,2,0.8382811,3.609753e-07,3,8,9.35267e-06,4.976934e+09,0.009701106,1.546855,0.7734275,-84.13362,-111.8821,-168.2046,-175.9531,0.0009757303
15,10,761,3.197829e-07,2,7,7.721613e-06,7.755738e-06,2,8.316142e-06,3.92338e-05,1,2,3.640623e-07,6.933678e-06,5,3,0.9646035,4.789523e-07,4,7,7.575783e-06,5.393485e+09,0.009712167,1.643245,0.8216226,-89.15021,-114.5559,-173.9144,-179.3201,0.01243119
15,11,762,3.571343e-07,2,7,6.256383e-06,6.652515e-06,8,7.884514e-06,4.868375e-05,1,2,3.640941e-07,5.511888e-06,8,2,1.168326,3.25086e-07,3,8,5.346688e-06,4.944259e+09,0.008616655,1.682181,0.8410907,-93.90243,-118.1437,-178.4311,-182.6723,0.01475115
15,12,763,4.143276e-07,3,7,9.7049e-06,9.294982e-06,8,8.210261e-06,3.498907e-05,1,2,3.390989e-07,6.379378e-06,6,3,0.8096341,1.963858e-07,1,8,5.761059e-06,5.698712e+09,0.00913255,1.627728,0.8138642,-91.77901,-117.4265,-177.2886,-182.9361,0.02103238
15,13,764,2.381753e-07,2,8,7.523968e-06,7.7366e-06,7,8.600319e-06,3.659844e-05,1,2,3.595887e-07,7.236045e-06,6,4,0.9944136,3.074082e-07,3,7,6.9386e-06,4.971287e+09,0.01467103,1.773174,0.886587,-95.04208,-119.1408,-177.3068,-181.4056,0.2513513
15,14,765,3.810926e-07,2,6,5.651928e-06,6.876535e-06,9,7.845935e-06,3.82862e-05,1,2,3.8653e-07,8.238464e-06,6,4,0.8991268,3.466766e-07,4,8,9.054073e-06,4.399089e+09,0.008051231,1.250973,0.6254867,-75.73755,-104.23,-159.5462,-168.0386,0.0104503
15,15,766,4.118864e-07,2,6,7.653862e-06,5.177386e-06,2,7.187176e-06,3.827446e-05,1,2,2.824796e-07,7.227697e-06,7,1,0.8758976,3.623289e-07,3,9,6.018736e-06,7.047749e+09,0.006375974,1.602223,0.8011117,-83.92891,-110.0603,-172.8445,-178.9758,0.1505008
15,16,767,3.551188e-07,2,6,5.572181e-06,6.979496e-06,7,7.698973e-06,3.938171e-05,1,2,4.328799e-07,8.021584e-06,10,3,0.8681054,3.577898e-07,2,9,5.940933e-06,4.841751e+09,0.007267359,1.381671,0.6908357,-76.99519,-105.4427,-162.0815,-170.5289,0.0001413148
15,17,768,3.901566e-07,2,9,5.36885e-06,8.257485e-06,6,7.979994e-06,3.550524e-05,1,2,4.483898e-07,8.110674e-06,7,3,0.9983971,4.039205e-07,3,8,9.089773e-06,4.71802e+09,0.0103597,1.511869,0.7559345,-89.6972,-115.777,-173.0189,-179.0987,0.002735754
15,18,769,4.218597e-07,2,6,7.822208e-06,6.769506e-06,9,9.957545e-06,3.579983e-05,1,2,2.091478e-07,6.272735e-06,7,3,0.879793,3.001742e-07,3,5,8.668361e-06,5.204535e+09,0.009351725,1.536582,0.7682908,-84.43796,-112.1017,-169.0567,-176.7204,0.001014892
15,19,770,3.909269e-07,2,7,7.62503e-06,7.878684e-06,7,8.050673e-06,4.064915e-05,1,2,3.446599e-07,7.426515e-06,8,3,1.010945,4.694803e-07,3,10,6.006027e-06,4.462532e+09,0.01191718,1.660832,0.8304159,-93.23437,-118.3186,-175.4643,-180.5485,0.05622287
15,20,771,4.234273e-07,2,6,7.420046e-06,7.639498e-06,8,5.347748e-06,3.877775e-05,1,2,3.365205e-07,6.359721e-06,6,4,1.17222,2.415514e-07,2,7,8.682991e-06,5.519976e+09,0.0118527,1.792888,0.896444,-92.43584,-117.164,-176.5364,-181.2646,0.07923216
15,21,772,4.627813e-07,2,6,9.466392e-06,7.891574e-06,7,5.883645e-06,4.074915e-05,1,2,3.385283e-07,6.877556e-06,7,3,0.9632067,3.719432e-07,4,6,8.186677e-06,4.87124e+09,0.01067414,1.665357,0.8326786,-91.40085,-116.6226,-174.8703,-180.0921,0.0167315
15,22,773,4.597012e-07,4,6,9.550333e-06,8.151437e-06,7,8.502364e-06,3.897158e-05,1,2,3.387655e-07,6.884199e-06,7,2,0.8744198,4.070912e-07,4,6,9.273735e-06,4.731902e+09,0.0106775,1.569371,0.7846854,-92.76561,-117.7265,-175.9816,-180.9425,0.007905713
15,23,774,3.882374e-07,3,7,8.033719e-06,5.63175e-06,9,7.527947e-06,3.857744e-05,1,3,4.01462e-07,7.676621e-06,6,3,1.156453,2.829925e-07,1,7,7.202218e-06,4.130387e+09,0.009532751,1.857645,0.9288225,-95.24969,-119.2183,-177.7773,-181.7459,0.08151792
15,24,775,4.970246e-07,2,7,7.879846e-06,6.887758e-06,5,7.956436e-06,3.751094e-05,1,3,3.853361e-07,6.112499e-06,10,3,0.8914127,3.839151e-07,1,7,8.481899e-06,4.130293e+09,0.007658518,1.779195,0.8895973,-95.2632,-118.8487,-178.7414,-182.3268,0.05931936
15,25,776,4.133233e-07,2,6,7.609427e-06,5.629656e-06,7,7.496757e-06,3.810465e-05,1,2,4.384613e-07,6.729815e-06,8,3,0.9005892,3.253516e-07,3,7,7.524137e-06,5.18223e+09,0.008512668,1.558368,0.7791841,-86.46036,-113.3034,-171.45,-178.2931,0.001774127
15,26,777,3.864139e-07,1,7,8.252023e-06,7.663392e-06,4,8.385431e-06,4.222115e-05,1,2,3.922013e-07,7.245215e-06,7,4,0.8907667,3.443445e-07,3,8,5.177295e-06,5.149101e+09,0.006568879,1.44008,0.7200399,-76.02664,-104.4212,-162.0864,-170.4809,9.269119e-05
15,27,778,3.91153e-07,2,6,8.454978e-06,5.106163e-06,7,7.211623e-06,3.643504e-05,1,9,3.036827e-07,8.2736e-06,7,2,0.9837809,3.078513e-07,5,8,7.363889e-06,1.065265e+09,0.01160612,2.061078,1.030539,-98.84227,-123.5065,-168.7446,-173.4088,0.7781722
15,28,779,4.22132e-07,3,8,7.947099e-06,5.471718e-06,9,8.185894e-06,3.922394e-05,1,2,4.1422e-07,5.955609e-06,8,2,0.7890765,3.715001e-07,1,7,6.997779e-06,6.047693e+09,0.006233793,1.568718,0.7843589,-93.44277,-117.1906,-181.127,-184.8749,0.03662859
15,29,780,3.573711e-07,3,8,7.25038e-06,6.115467e-06,3,7.710145e-06,4.918887e-05,1,2,3.953133e-07,6.093634e-06,8,2,0.8630161,3.761335e-07,2,7,7.55846e-06,5.880428e+09,0.008372672,1.803194,0.901597,-91.41262,-115.3119,-177.5722,-181.4714,0.06427293
15,30,781,4.600742e-07,2,6,6.065055e-06,7.727527e-06,8,6.766327e-06,3.647974e-05,1,2,3.360329e-07,6.52866e-06,7,1,0.9396081,4.955294e-07,3,6,8.018095e-06,5.845524e+09,0.004810807,1.175687,0.5878434,-84.51442,-110.9521,-173.0287,-179.4664,0.02136896
15,31,782,4.185935e-07,2,7,6.684044e-06,7.442224e-06,6,7.025327e-06,4.326291e-05,1,2,4.230263e-07,9.780794e-06,7,3,1.0387,4.524918e-07,1,8,6.835639e-06,5.078275e+09,0.008166071,1.665034,0.8325168,-94.74662,-118.2873,-179.7408,-183.2815,0.01210493
15,32,783,3.937869e-07,4,9,9.196252e-06,7.993007e-06,6,8.498034e-06,4.060873e-05,1,9,3.770129e-07,9.850527e-06,9,4,0.9539416,3.783847e-07,4,9,7.078594e-06,7.325064e+08,0.02499489,2.089785,1.044892,-99.3813,-124.0068,-162.699,-167.3245,3.12643
15,33,784,3.946562e-07,1,6,8.548389e-06,7.182615e-06,8,8.670122e-06,4.195551e-05,1,2,2.946827e-07,6.266737e-06,7,4,0.907785,3.7772e-07,3,7,8.337553e-06,4.720601e+09,0.006311555,1.239463,0.6197313,-75.57884,-104.0567,-161.0574,-169.5353,0.001340436
15,34,785,2.385451e-07,2,5,9.218461e-06,7.179827e-06,9,9.717348e-06,4.197052e-05,1,6,1.818715e-07,8.641408e-06,6,2,0.8481756,3.810867e-07,3,6,8.455362e-06,1.661625e+09,0.01203382,1.987347,0.9936736,-96.04949,-121.3705,-169.6561,-174.9771,0.5837025
15,35,786,4.085659e-07,2,7,5.644948e-06,7.152904e-06,7,8.158589e-06,3.848383e-05,1,2,3.12842e-07,6.294366e-06,8,4,0.9285132,3.646279e-07,3,10,8.244494e-06,4.545574e+09,0.009626307,1.455012,0.7275062,-79.02507,-107.3136,-162.3422,-170.6307,0.005231898
15,36,787,2.198734e-07,2,7,8.298625e-06,7.584936e-06,8,7.947673e-06,3.276702e-05,1,2,3.759397e-07,7.232187e-06,7,3,0.8332318,4.014381e-07,3,8,5.758561e-06,5.243408e+09,0.01122741,1.61412,0.8070598,-90.91342,-116.914,-174.8029,-180.8035,0.02164426
15,37,788,4.296513e-07,4,7,7.450188e-06,8.006748e-06,8,7.192426e-06,4.004676e-05,1,2,3.557742e-07,5.556754e-06,6,4,0.8786429,3.926902e-07,3,8,8.575637e-06,4.595128e+09,0.01211644,1.659541,0.8297706,-94.44466,-118.7304,-176.8569,-181.1426,0.05997719
15,38,789,2.491234e-07,3,6,8.341878e-06,7.18607e-06,5,8.948731e-06,3.914973e-05,1,5,2.901919e-07,6.723413e-06,7,2,0.9800976,3.903534e-07,3,6,9.225887e-06,2.34408e+09,0.01229576,1.990443,0.9952213,-97.29965,-120.9022,-173.8015,-177.4041,0.4316927
15,39,790,3.677434e-07,1,7,8.485098e-06,9.235117e-06,6,8.072521e-06,4.339648e-05,1,2,3.709313e-07,7.172955e-06,8,1,0.9675263,4.232567e-07,5,8,6.328443e-06,4.711023e+09,0.005740121,1.192412,0.5962062,-83.34603,-110.4413,-169.2191,-176.3144,0.001487401
15,40,791,4.236942e-07,3,7,8.713761e-06,7.092251e-06,6,7.830798e-06,4.117064e-05,1,7,3.842171e-07,7.075605e-06,8,3,0.837632,2.366996e-07,2,8,7.984027e-06,1.517262e+09,0.01185599,2.043348,1.021674,-97.85289,-121.8089,-170.7347,-174.6908,0.6422486
15,41,792,2.519399e-07,2,6,7.513535e-06,6.79388e-06,8,6.101591e-06,3.879814e-05,1,2,3.149077e-07,6.260142e-06,7,4,0.9063678,3.047326e-07,4,8,7.570821e-06,4.724479e+09,0.01342017,1.7342,0.8671001,-87.58827,-114.8703,-169.7978,-177.0798,0.1426366
15,42,793,4.012583e-07,3,6,7.589705e-06,6.913749e-06,5,7.606645e-06,4.225832e-05,1,2,3.95433e-07,5.384967e-06,8,3,0.9754173,4.050452e-07,2,7,6.522309e-06,5.639691e+09,0.009009506,1.742538,0.8712691,-93.46935,-117.0776,-178.9474,-182.5557,0.03734259
15,43,794,4.073343e-07,2,7,8.205127e-06,7.758606e-06,4,8.276728e-06,3.932169e-05,1,2,3.424686e-07,6.400917e-06,6,3,0.9244612,3.20375e-07,3,8,7.302035e-06,5.481663e+09,0.009913106,1.694565,0.8472824,-90.84754,-115.8535,-175.6637,-180.6697,0.02242507
15,44,795,3.804674e-07,2,6,7.462334e-06,7.737364e-06,9,7.784739e-06,3.622089e-05,1,2,3.886534e-07,6.511054e-06,7,3,0.8826922,3.229242e-07,3,9,5.558234e-06,5.02343e+09,0.008397633,1.462096,0.731048,-86.09162,-113.4092,-170.8701,-178.1876,0.0
15,45,796,3.678974e-07,4,7,9.539896e-06,7.785349e-06,9,5.152989e-06,3.867376e-05,1,2,3.087884e-07,7.878924e-06,5,1,0.7970109,4.241109e-07,4,8,9.034677e-06,5.017441e+09,0.006784126,1.219137,0.6095683,-82.14002,-110.5729,-167.8347,-176.2676,0.0
15,46,797,4.145632e-07,3,7,7.643122e-06,7.628433e-06,6,5.72791e-06,3.89866e-05,1,2,3.088185e-07,7.143424e-06,7,4,0.7846477,2.495368e-07,4,7,6.724561e-06,5.112601e+09,0.01079744,1.708476,0.8542382,-85.04625,-112.3277,-168.8859,-176.1673,0.02568184
15,47,798,3.899436e-07,1,7,6.388773e-06,9.09964e-06,6,7.220779e-06,3.76611e-05,1,1,3.406508e-07,6.926463e-06,6,4,0.7763553,4.274756e-07,3,6,7.082863e-06,8.640532e+09,0.00318452,0.4358973,0.2179486,-76.47461,-101.967,-170.175,-175.6673,0.4983808
15,48,799,4.289421e-07,3,7,5.181524e-06,7.793889e-06,6,7.124072e-06,3.724701e-05,1,2,3.691849e-07,6.499661e-06,7,4,0.9904945,2.653611e-07,2,6,6.326558e-06,5.650229e+09,0.01039062,1.746303,0.8731516,-92.42019,-117.0971,-177.2951,-181.972,0.04012805
15,49,800,4.024636e-07,1,7,7.926527e-06,7.297515e-06,6,8.41299e-06,4.18222e-05,1,2,4.978358e-07,6.514365e-06,8,3,0.9614102,3.921446e-07,4,7,8.684664e-06,4.50835e+09,0.006863146,1.286969,0.6434847,-78.34848,-106.5511,-163.0636,-171.2662,0.006388585
16,0,801,4.218597e-07,2,6,7.822208e-06,6.769506e-06,9,8.423484e-06,3.579983e-05,1,2,3.358548e-07,6.272735e-06,7,3,0.879793,3.001742e-07,3,8,7.29329e-06,5.093651e+09,0.008640831,1.471628,0.7358142,-84.1871,-111.7642,-168.9621,-176.5392,0.0
16,1,802,4.404475e-07,2,7,8.362982e-06,7.639837e-06,7,8.082527e-06,3.594643e-05,1,2,3.697117e-07,7.140695e-06,9,3,0.8121595,2.384141e-07,1,7,6.851047e-06,5.571582e+09,0.00776502,1.553231,0.7766154,-87.68086,-114.3592,-173.699,-180.3773,0.009809507
16,2,803,3.667833e-07,2,7,9.748965e-06,7.989126e-06,7,6.749931e-06,3.915253e-05,1,2,3.424605e-07,6.535004e-06,10,1,0.8031811,3.732786e-07,1,7,8.133906e-06,6.430234e+09,0.005816271,1.56165,0.7808251,-91.99699,-116.3135,-180.5151,-184.8316,0.06972166
16,3,804,3.901566e-07,2,9,5.36885e-06,7.732693e-06,6,7.979994e-06,3.550524e-05,1,2,4.483898e-07,8.110674e-06,7,3,0.9983971,4.039205e-07,3,8,9.089773e-06,4.756635e+09,0.0103597,1.520222,0.7601111,-89.59993,-115.6591,-172.9925,-179.0516,0.00233165
16,4,805,4.114816e-07,2,6,6.777687e-06,7.336401e-06,8,7.741785e-06,3.78305e-05,1,2,3.956378e-07,9.254033e-06,8,3,0.9198637,4.378197e-07,1,9,5.6699e-06,5.097037e+09,0.007289404,1.474517,0.7372587,-89.53084,-115.7182,-175.0503,-181.2376,0.0
16,5,806,4.146879e-07,1,5,9.136611e-06,7.639713e-06,6,8.409607e-06,3.527051e-05,1,2,3.835537e-07,6.769964e-06,7,3,0.8803247,4.652579e-07,3,8,5.485564e-06,5.692882e+09,0.004741119,1.080479,0.5402394,-73.72226,-102.1244,-162.0701,-170.4722,0.01351437
16,6,807,4.182129e-07,1,6,8.284079e-06,5.142299e-06,3,8.356605e-06,4.773378e-05,1,2,3.554576e-07,6.295919e-06,7,2,0.8990335,3.874593e-07,4,8,7.802541e-06,5.216703e+09,0.005258307,1.340694,0.6703468,-72.88166,-101.1955,-160.0211,-168.3349,0.0005236313
16,7,808,3.967181e-07,1,7,7.818733e-06,7.35215e-06,6,7.672554e-06,4.316878e-05,1,5,4.002875e-07,8.109032e-06,9,4,0.9409096,4.479157e-07,3,8,8.042984e-06,1.757851e+09,0.007386968,1.76056,0.8802799,-91.81645,-119.138,-168.0314,-175.353,0.4413818
16,8,809,4.599971e-07,3,6,7.727447e-06,5.044837e-06,7,7.225677e-06,3.648945e-05,1,2,3.366992e-07,5.638489e-06,8,1,0.9365155,4.675476e-07,4,6,8.424894e-06,5.877709e+09,0.005957022,1.297696,0.648848,-83.45334,-110.6935,-171.0872,-178.3274,0.02325377
16,9,810,2.601613e-07,2,6,6.415029e-06,7.413887e-06,7,6.951466e-06,3.970151e-05,1,2,2.688219e-07,7.036868e-06,9,4,0.9636819,3.471068e-07,4,7,9.914128e-06,4.238478e+09,0.01479899,1.707832,0.8539158,-83.55502,-111.7988,-164.3969,-172.6407,0.2677266
16,10,811,3.871315e-07,2,6,6.369281e-06,9.334318e-06,8,7.959488e-06,3.948559e-05,1,2,4.375815e-07,9.579112e-06,6,3,0.9941581,4.242603e-07,3,9,6.461398e-06,4.369204e+09,0.009067018,1.447799,0.7238996,-88.19056,-115.1829,-171.424,-178.4163,0.01173447
16,11,812,4.58049e-07,2,7,6.185585e-06,6.91057e-06,8,8.537157e-06,4.091114e-05,1,3,3.136546e-07,5.576437e-06,9,3,0.8778656,3.835417e-07,1,7,9.163121e-06,3.774828e+09,0.007008666,1.714986,0.857493,-95.04227,-119.4435,-178.1239,-182.5251,0.07327028
16,12,813,3.83695e-07,4,8,8.36456e-06,7.260133e-06,6,8.007959e-06,3.827936e-05,1,2,4.024177e-07,7.096897e-06,9,3,0.9482276,3.479528e-07,3,7,8.805371e-06,4.691886e+09,0.01575839,1.781832,0.8909158,-95.30914,-119.1701,-176.761,-180.6219,0.3686966
16,13,814,3.678974e-07,4,7,9.539896e-06,7.785349e-06,9,5.152989e-06,3.867376e-05,1,9,3.087884e-07,7.878924e-06,5,1,0.7970109,4.241109e-07,4,8,9.763041e-06,1.03284e+09,0.006856828,1.91306,0.9565301,-102.3795,-126.1619,-174.2989,-178.0813,0.698693
16,14,815,4.403651e-07,2,6,6.492954e-06,6.912837e-06,9,7.080097e-06,3.845024e-05,1,2,2.830304e-07,8.993747e-06,7,2,1.013381,4.189494e-07,1,6,7.455836e-06,5.915692e+09,0.00707587,1.610166,0.8050828,-93.69339,-117.5833,-180.6357,-184.5256,0.03097468
16,15,816,3.74105e-07,2,7,8.196344e-06,7.39264e-06,9,8.142433e-06,4.338151e-05,1,2,3.854933e-07,6.905911e-06,7,2,0.9194545,3.993903e-07,2,8,8.161373e-06,4.831408e+09,0.008070718,1.543688,0.771844,-93.44033,-118.0161,-178.0527,-182.6285,0.001044238
16,16,817,3.968226e-07,3,9,6.421303e-06,7.889703e-06,9,5.513375e-06,3.509463e-05,1,1,3.556616e-07,7.490113e-06,6,4,0.8100189,2.591765e-07,3,8,7.852298e-06,7.956153e+09,0.01224047,1.32383,0.6619149,-78.7951,-106.6835,-165.9312,-173.8195,0.3638307
16,17,818,2.712391e-07,4,8,9.539896e-06,7.785349e-06,9,5.152989e-06,3.867376e-05,1,2,3.087884e-07,7.878924e-06,7,1,0.7970109,4.241109e-07,4,8,9.034677e-06,4.825985e+09,0.00916285,1.417552,0.7087758,-86.35428,-114.1215,-170.4057,-178.173,0.0002281619
16,18,819,3.801616e-07,1,7,6.998159e-06,9.595808e-06,6,8.001719e-06,4.337807e-05,1,2,3.912249e-07,7.974491e-06,8,2,0.9752364,4.192925e-07,3,8,6.699824e-06,4.764739e+09,0.006523873,1.369322,0.6846611,-80.19415,-108.3431,-165.6099,-173.7588,0.0007619948
16,19,820,2.823133e-07,2,7,7.465325e-06,7.739654e-06,5,8.031665e-06,3.854222e-05,1,2,2.879469e-07,6.692495e-06,6,3,0.9352097,4.160634e-07,3,9,7.026572e-06,5.14573e+09,0.01206735,1.725153,0.8625766,-91.18078,-116.6477,-174.5936,-180.0605,0.0653506
16,20,821,3.950609e-07,2,9,6.988981e-06,7.787904e-06,8,6.294128e-06,3.851183e-05,1,3,3.83702e-07,5.159188e-06,7,4,0.82229,3.134924e-07,2,7,7.69491e-06,3.841045e+09,0.008728275,1.788473,0.8942367,-95.34525,-119.4249,-177.625,-181.7046,0.08369027
16,21,822,2.306564e-07,2,9,8.321952e-06,7.255349e-06,4,8.059854e-06,3.845447e-05,1,10,3.177572e-07,8.538965e-06,8,2,0.8456184,3.639213e-07,3,5,8.623523e-06,nil,0.01286047,nil,nil,nil,nil,1e+12,1e+12,3e+12
16,22,823,4.075614e-07,2,7,8.043247e-06,7.749307e-06,6,7.295492e-06,4.032663e-05,1,2,3.16273e-07,6.329711e-06,6,4,1.071711,3.287141e-07,3,10,7.692294e-06,4.713993e+09,0.01357908,1.750486,0.8752431,-93.62478,-118.2159,-175.7639,-180.355,0.1574253
16,23,824,3.598809e-07,2,6,6.168488e-06,7.488878e-06,7,7.78348e-06,3.951783e-05,1,2,3.508439e-07,7.94385e-06,10,3,0.9687753,3.867552e-07,3,10,5.672305e-06,4.506117e+09,0.01054084,1.578721,0.7893606,-84.63564,-112.4985,-167.4829,-175.3458,0.01214094
16,24,825,3.515621e-07,2,7,6.45492e-06,7.535241e-06,7,6.092242e-06,3.508555e-05,1,2,3.527926e-07,6.381643e-06,7,4,0.9571279,4.218277e-07,3,8,5.893874e-06,5.311939e+09,0.01054197,1.646652,0.8233262,-89.20236,-115.4073,-173.4782,-179.6831,0.01422291
16,25,826,3.677434e-07,3,7,8.485098e-06,8.748612e-06,8,8.186557e-06,4.737731e-05,1,4,4.149133e-07,5.184314e-06,8,2,0.9675263,4.232567e-07,5,8,7.205563e-06,2.115681e+09,0.008916849,1.738461,0.8692306,-100.3246,-123.748,-177.3315,-180.7549,0.3481564
16,26,827,3.901566e-07,2,9,5.36885e-06,8.257485e-06,6,7.979994e-06,4.398555e-05,1,2,4.483898e-07,8.110674e-06,7,3,0.7605464,4.039205e-07,3,8,9.089773e-06,4.505435e+09,0.006019035,1.177772,0.5888859,-74.25352,-102.6444,-159.533,-167.9238,0.006484035
16,27,828,3.85763e-07,2,6,7.606949e-06,7.544572e-06,4,7.697813e-06,4.220279e-05,1,3,2.608922e-07,5.836477e-06,6,3,0.9699448,4.315612e-07,4,7,8.01681e-06,3.530751e+09,0.01044688,1.828769,0.9143846,-93.70222,-118.5126,-174.4697,-179.2801,0.1281225
16,28,829,4.073343e-07,2,7,7.136891e-06,7.758606e-06,4,9.505595e-06,3.589624e-05,1,2,3.424686e-07,6.400917e-06,8,3,0.9244612,3.20375e-07,3,8,7.302035e-06,5.395187e+09,0.01024122,1.648959,0.8244793,-88.104,-114.4214,-172.6406,-178.958,0.01379354
16,29,830,4.600742e-07,2,6,6.065055e-06,8.159412e-06,8,6.766327e-06,3.647974e-05,1,2,3.907216e-07,6.52866e-06,7,1,0.9396081,3.957004e-07,3,6,8.018095e-06,5.889722e+09,0.004496628,1.124693,0.5623464,-85.23313,-111.3101,-174.1062,-180.1831,0.02397772
16,30,831,4.372074e-07,2,6,6.580654e-06,8.088939e-06,8,8.537518e-06,3.99275e-05,1,2,3.117988e-07,6.671316e-06,7,5,0.8755957,3.976189e-07,4,6,8.496089e-06,4.389646e+09,0.007839323,1.262319,0.6311596,-77.55854,-105.8907,-161.4643,-169.7965,0.01084802
16,31,832,4.868367e-07,2,6,6.885273e-06,5.816753e-06,9,7.089205e-06,4.302388e-05,1,2,4.306069e-07,7.870233e-06,9,3,0.991562,4.057945e-07,2,7,7.089656e-06,4.698176e+09,0.008344459,1.578987,0.7894933,-90.72042,-116.4432,-174.945,-180.6678,0.00446934
16,32,833,3.701532e-07,2,7,7.522336e-06,7.941434e-06,3,8.314762e-06,3.69857e-05,1,2,4.288821e-07,7.695924e-06,5,3,0.9665952,4.389404e-07,3,8,8.654126e-06,5.344236e+09,0.008917985,1.546618,0.7733088,-89.09845,-114.4283,-174.1535,-179.4834,0.003259263
16,33,834,4.320085e-07,5,6,6.535431e-06,7.51931e-06,9,9.893545e-06,3.602615e-05,1,2,3.250327e-07,6.277691e-06,6,2,0.9010807,2.739804e-07,3,7,8.338576e-06,5.029253e+09,0.009623282,1.4964,0.7482002,-92.79345,-118.099,-176.9903,-182.2958,0.0
16,34,835,3.864139e-07,1,7,8.252023e-06,7.046502e-06,4,8.385431e-06,4.222115e-05,1,10,3.922013e-07,7.245215e-06,7,4,0.7651718,3.443445e-07,3,8,5.177295e-06,9.778346e+08,0.003903428,1.934668,0.967334,-98.97559,-123.4419,-172.8664,-177.3328,0.724679
16,35,836,4.077631e-07,3,7,7.58468e-06,7.686407e-06,8,8.826955e-06,3.848796e-05,1,2,3.096791e-07,6.512594e-06,7,3,0.9015425,3.81838e-07,3,10,8.794845e-06,4.348606e+09,0.01304431,1.620126,0.8100631,-92.89273,-118.2891,-174.5055,-179.9019,0.1117543
16,36,837,4.182311e-07,2,7,7.857543e-06,7.95746e-06,7,7.805328e-06,3.751948e-05,1,2,3.413478e-07,7.61891e-06,6,3,0.9610992,3.09309e-07,1,8,5.909324e-06,5.839703e+09,0.008257139,1.667395,0.8336973,-93.62093,-117.7725,-179.7805,-183.932,0.03349029
16,37,838,3.065232e-07,2,7,8.142176e-06,8.033339e-06,6,8.328367e-06,3.499359e-05,1,2,4.614596e-07,6.857599e-06,8,3,0.8439108,3.951429e-07,4,7,9.508672e-06,4.613039e+09,0.01034317,1.448944,0.724472,-83.86652,-111.5626,-166.9997,-174.6959,0.004607318
16,38,839,4.627813e-07,2,6,5.399006e-06,7.891574e-06,7,5.883645e-06,4.074915e-05,1,2,3.385283e-07,6.877556e-06,7,3,0.9632067,3.719432e-07,4,6,9.217428e-06,4.890249e+09,0.00758699,1.428276,0.7141379,-79.64015,-107.6492,-164.6261,-172.6351,3.95987e-06
16,39,840,2.264295e-07,2,7,6.404439e-06,5.857078e-06,7,6.823655e-06,3.797755e-05,1,2,4.688585e-07,8.109345e-06,8,2,0.8423795,3.371517e-07,3,8,8.383009e-06,5.133571e+09,0.009201768,1.5631,0.7815502,-86.23285,-113.3499,-170.8025,-177.9196,0.001812962
16,40,841,2.884515e-07,3,7,9.360812e-06,7.689501e-06,4,5.577887e-06,3.290528e-05,1,2,3.425731e-07,7.477789e-06,7,2,0.8057859,4.085808e-07,3,5,8.82796e-06,6.579997e+09,0.0103026,1.736648,0.8683238,-90.59021,-115.0523,-176.8252,-181.2874,0.1100189
16,41,842,4.196198e-07,2,8,7.80802e-06,5.35914e-06,3,8.165128e-06,3.83734e-05,1,8,4.833196e-07,6.984916e-06,7,2,0.8748523,3.248936e-07,1,9,6.372505e-06,1.8307e+09,0.00597996,2.021897,1.010948,-96.55296,-119.683,-174.0383,-177.1684,0.5134178
16,42,843,4.338308e-07,3,8,7.850285e-06,6.043432e-06,7,6.985486e-06,3.916076e-05,1,2,2.906466e-07,7.504872e-06,8,2,0.8762225,2.618238e-07,1,8,7.09432e-06,6.413005e+09,0.01024203,1.829233,0.9146166,-90.76273,-115.6871,-176.8001,-181.7245,0.1150427
16,43,844,3.685149e-07,2,7,5.630575e-06,9.366473e-06,8,5.622395e-06,3.81649e-05,1,8,1.885273e-07,7.230737e-06,6,3,0.8536905,3.30114e-07,3,8,8.582386e-06,1.240911e+09,0.008300811,1.985519,0.9927597,-97.42974,-122.3687,-170.1133,-175.0523,0.6624085
16,44,845,4.597979e-07,2,9,9.461797e-06,8.094518e-06,5,6.838282e-06,3.895126e-05,1,2,3.377508e-07,9.798564e-06,9,1,0.8925668,4.536163e-07,3,6,8.585246e-06,5.57258e+09,0.008779755,1.620229,0.8101146,-91.21919,-115.8917,-176.7055,-181.378,0.01501084
16,45,846,3.880282e-07,1,7,7.826835e-06,7.77955e-06,5,8.082602e-06,4.021078e-05,1,1,3.174392e-07,7.046256e-06,6,4,0.8437347,4.159549e-07,3,7,5.250379e-06,9.038632e+09,0.005285081,0.8905215,0.4452607,-72.1827,-100.6064,-164.0742,-172.4979,0.5964177
16,46,847,4.057462e-07,2,7,5.794236e-06,7.649615e-06,6,5.726406e-06,4.2795e-05,1,8,4.677214e-07,6.952806e-06,7,3,0.9253582,2.810697e-07,2,9,7.791275e-06,1.320256e+09,0.00787899,2.017761,1.008881,-98.51472,-121.9049,-171.9632,-175.3533,0.6528632
16,47,848,3.900032e-07,2,6,8.799917e-06,5.982445e-06,8,7.673213e-06,3.681365e-05,1,1,4.262164e-07,6.122732e-06,7,3,0.88526,3.232036e-07,3,8,7.282024e-06,8.300947e+09,0.008703873,1.14062,0.5703099,-80.57072,-107.838,-169.5561,-176.8234,0.3939277
16,48,849,2.426297e-07,2,8,5.452122e-06,5.335734e-06,6,7.451022e-06,3.57231e-05,1,2,2.459913e-07,8.301096e-06,7,2,0.8975615,3.863116e-07,3,8,7.679621e-06,5.68294e+09,0.01204751,1.750384,0.8751921,-86.62292,-113.5851,-170.9054,-177.8675,0.08285112
16,49,850,3.642634e-07,2,6,7.390112e-06,7.485783e-06,8,7.84341e-06,3.930683e-05,1,2,3.732071e-07,5.570018e-06,6,3,0.9638889,3.24564e-07,3,8,5.546527e-06,5.257346e+09,0.008274774,1.565186,0.7825931,-91.95843,-117.0252,-177.1962,-182.263,0.002840407
17,0,851,4.218597e-07,2,6,7.822208e-06,6.769506e-06,9,8.423484e-06,3.579983e-05,1,2,3.358548e-07,6.272735e-06,7,3,0.879793,3.001742e-07,3,8,7.29329e-06,5.093651e+09,0.008640831,1.471628,0.7358141,-84.18896,-111.7645,-168.964,-176.5396,0.0
17,1,852,3.611308e-07,4,8,9.713525e-06,7.835759e-06,8,6.705046e-06,3.894733e-05,1,2,3.379432e-07,7.26481e-06,8,1,0.797964,4.081947e-07,3,7,8.901326e-06,5.233516e+09,0.007976091,1.451065,0.7255323,-88.92175,-115.4256,-174.2797,-180.7836,0.000685376
17,2,853,4.314043e-07,2,7,7.247353e-06,5.994263e-06,8,7.411894e-06,3.89346e-05,1,2,3.579138e-07,7.865028e-06,8,2,0.8916032,4.191866e-07,1,6,6.039583e-06,6.178782e+09,0.006052857,1.588216,0.7941078,-92.9656,-116.7838,-180.9641,-184.7822,0.04820189
17,3,854,4.520399e-07,2,7,6.234887e-06,7.682349e-06,7,8.913375e-06,4.058752e-05,1,2,3.225827e-07,6.833278e-06,9,3,0.8970646,3.78546e-07,2,8,7.459428e-06,4.856231e+09,0.008329305,1.517401,0.7587005,-84.50671,-112.0691,-169.0266,-176.589,0.0002143657
17,4,855,3.955247e-07,2,7,6.957922e-06,7.08264e-06,9,8.152882e-06,3.768848e-05,1,4,4.299526e-07,7.829892e-06,6,3,0.9316204,4.25286e-07,3,5,7.316714e-06,2.727211e+09,0.008119651,1.786327,0.8931637,-99.64066,-122.46,-179.2597,-182.079,0.2330639
17,5,856,3.559821e-07,3,7,8.321087e-06,7.973159e-06,6,8.215178e-06,3.567514e-05,1,2,4.209625e-07,6.999845e-06,9,3,0.8713947,4.901505e-07,5,7,8.952264e-06,4.179909e+09,0.01343306,1.53953,0.7697648,-90.91926,-116.9484,-172.0608,-178.0899,0.1401498
17,6,857,3.965923e-07,2,6,8.076294e-06,7.235856e-06,8,8.201291e-06,4.016573e-05,1,3,3.58382e-07,5.576419e-06,7,3,0.9474358,3.41846e-07,3,7,8.327595e-06,3.451947e+09,0.009286431,1.749941,0.8749703,-96.36106,-120.4444,-177.4439,-181.5272,0.1150973
17,7,858,4.171083e-07,2,6,8.410324e-06,7.987593e-06,6,5.023456e-06,3.844245e-05,1,4,3.407738e-07,7.057495e-06,7,4,0.8416758,3.998442e-07,4,10,8.595817e-06,2.333409e+09,0.00898363,1.723571,0.8617855,-87.46052,-115.1433,-165.2858,-172.9686,0.2965754
17,8,859,2.16609e-07,2,6,6.338147e-06,7.806258e-06,5,6.730355e-06,3.604793e-05,1,2,3.42327e-07,6.637362e-06,7,3,1.189693,3.682163e-07,1,7,7.583214e-06,6.477657e+09,0.009536396,1.792268,0.8961338,-93.77145,-117.0964,-180.206,-183.5309,0.1109342
17,9,860,2.433421e-07,2,8,7.310161e-06,7.566892e-06,8,5.627488e-06,3.765605e-05,1,2,3.619961e-07,6.254827e-06,6,3,0.850045,2.714973e-07,3,8,7.162822e-06,5.42026e+09,0.01087792,1.698485,0.8492426,-91.5896,-116.806,-175.9045,-181.1209,0.0291602
17,10,861,2.490685e-07,2,7,5.844645e-06,5.856265e-06,4,7.206724e-06,3.665174e-05,1,2,4.33936e-07,5.987403e-06,8,2,0.8781284,4.587423e-07,4,6,8.407333e-06,5.658096e+09,0.007695898,1.48422,0.7421099,-83.8009,-110.8489,-169.9917,-177.0397,0.01197506
17,11,862,3.89706e-07,2,7,7.805296e-06,7.530836e-06,4,6.661121e-06,4.144608e-05,1,6,2.630613e-07,7.693304e-06,7,3,0.9610394,3.283004e-07,4,9,8.735077e-06,nil,nil,nil,nil,nil,nil,1e+12,1e+12,4e+12
17,12,863,3.795922e-07,5,9,9.533736e-06,7.602105e-06,8,7.859948e-06,3.700352e-05,1,2,4.233682e-07,7.789095e-06,7,3,0.9673133,3.546353e-07,4,8,6.294558e-06,4.592844e+09,0.01523125,1.706503,0.8532515,-95.2013,-119.3263,-176.6156,-180.7405,0.2965414
17,13,864,4.503967e-07,3,6,6.314304e-06,7.689351e-06,8,9.753802e-06,3.937619e-05,1,2,3.369408e-07,6.50992e-06,6,5,1.072882,3.012237e-07,1,6,8.955387e-06,4.91214e+09,0.01046381,1.676841,0.8384205,-94.52256,-118.2246,-178.1511,-181.8531,0.01605016
17,14,865,3.494075e-07,4,8,7.235868e-06,7.950147e-06,7,5.990538e-06,3.892608e-05,1,5,4.307519e-07,7.115854e-06,7,1,0.8019824,3.96523e-07,3,7,8.487861e-06,2.405044e+09,0.005602754,1.702814,0.8514072,-96.84082,-120.7319,-176.9793,-180.8703,0.2775405
17,15,866,3.220559e-07,2,6,7.299213e-06,6.767502e-06,8,6.942244e-06,3.859526e-05,1,2,4.454658e-07,9.074209e-06,6,3,0.9413991,3.316615e-07,3,6,7.0156e-06,5.077964e+09,0.009509355,1.627521,0.8137607,-91.49427,-116.9365,-175.8266,-181.2688,0.00722743
17,16,867,2.985351e-07,3,7,8.377609e-06,8.75009e-06,7,7.261695e-06,4.224293e-05,1,2,3.370063e-07,7.926053e-06,8,5,0.8176402,4.214653e-07,3,5,7.552244e-06,4.206075e+09,0.01496181,1.775762,0.887881,-96.04179,-120.2643,-176.7695,-180.992,0.3000483
17,17,868,2.523221e-07,2,8,8.393045e-06,7.143462e-06,7,5.487468e-06,3.785782e-05,1,2,4.096913e-07,9.94877e-06,7,1,0.8419463,3.760443e-07,3,8,8.681015e-06,5.494305e+09,0.007565604,1.443536,0.7217682,-88.00416,-114.0229,-174.014,-180.0327,0.005977579
17,18,869,4.10427e-07,1,7,6.877983e-06,8.190367e-06,1,8.230486e-06,3.003698e-05,1,2,3.917407e-07,5.577032e-06,8,3,0.9731315,4.354201e-07,3,8,6.706146e-06,6.869754e+09,0.00617944,1.386197,0.6930985,-73.92441,-102.1003,-162.7537,-170.9297,0.1204164
17,19,870,4.085619e-07,4,7,7.140046e-06,7.673642e-06,9,9.414415e-06,3.816868e-05,1,2,3.13808e-07,6.314499e-06,6,2,0.9012465,4.496777e-07,3,7,8.95524e-06,4.694764e+09,0.009426123,1.46472,0.7323602,-92.32948,-117.9666,-176.0184,-181.6555,0.00175435
17,20,871,4.053411e-07,2,7,8.262514e-06,7.138241e-06,8,8.03873e-06,3.772928e-05,1,2,3.667077e-07,6.758365e-06,8,3,0.8945156,3.339763e-07,3,8,7.682167e-06,4.781035e+09,0.01058218,1.596367,0.7981835,-89.72011,-116.0408,-173.0648,-179.3855,0.008106174
17,21,872,4.492131e-07,2,6,8.494836e-06,5.933919e-06,9,7.827562e-06,4.076167e-05,1,2,4.325107e-07,8.89864e-06,8,3,0.9936387,4.154885e-07,2,8,6.97276e-06,4.638025e+09,0.009830315,1.619539,0.8097693,-93.44834,-118.1823,-176.8493,-181.5833,0.0092093
17,22,873,3.722156e-07,4,7,7.022358e-06,7.289562e-06,9,9.008895e-06,3.587963e-05,1,2,3.299834e-07,6.277382e-06,6,2,0.8860767,2.941232e-07,3,6,8.091299e-06,5.320211e+09,0.00936704,1.53821,0.769105,-92.63474,-117.7768,-177.4373,-182.5794,0.00251329
17,23,874,4.265627e-07,2,8,7.045741e-06,7.861267e-06,8,6.455114e-06,3.914758e-05,1,2,3.186407e-07,7.123142e-06,9,1,0.88812,3.873804e-07,3,7,6.065243e-06,5.690744e+09,0.006846077,1.497406,0.7487028,-90.08711,-115.4336,-176.8361,-182.1825,0.01341709
17,24,875,3.548036e-07,3,8,7.494754e-06,6.546048e-06,7,6.392423e-06,3.810838e-05,1,7,3.052329e-07,8.735119e-06,8,2,0.7857651,4.121215e-07,2,8,6.94212e-06,1.672296e+09,0.01066481,2.033764,1.016882,-97.58527,-121.131,-171.772,-175.3177,0.5649494
17,25,876,2.541493e-07,1,6,5.927614e-06,7.849714e-06,3,9.566264e-06,3.628216e-05,1,2,3.39762e-07,6.728646e-06,8,4,0.9399885,3.211779e-07,3,8,7.321042e-06,5.441771e+09,0.006900182,1.356565,0.6782826,-69.72666,-98.53457,-156.0529,-164.8608,2.151987
17,26,877,4.285129e-07,2,8,7.384759e-06,7.66349e-06,7,5.636159e-06,3.587274e-05,1,2,4.344426e-07,7.219389e-06,8,3,0.8242168,2.743382e-07,3,8,5.613543e-06,5.430702e+09,0.00851772,1.564012,0.7820058,-85.1211,-112.2503,-170.515,-177.6442,0.006025798
17,27,878,3.888691e-07,2,6,6.427293e-06,7.323895e-06,8,7.790475e-06,3.897336e-05,1,2,3.467418e-07,7.43359e-06,9,3,0.9202576,3.086796e-07,1,10,6.903324e-06,5.133098e+09,0.008413557,1.58482,0.7924102,-88.66095,-115.3849,-173.6187,-180.3427,0.003239682
17,28,879,2.638054e-07,3,7,7.188221e-06,7.647077e-06,8,8.371377e-06,3.82944e-05,1,2,3.427091e-07,9.719064e-06,6,3,0.9094918,4.222559e-07,2,10,8.078581e-06,4.609721e+09,0.01431706,1.737942,0.8689709,-95.85911,-119.7839,-177.5741,-181.4988,0.2150422
17,29,880,4.604173e-07,2,9,8.011749e-06,7.898607e-06,7,6.22577e-06,3.139875e-05,1,2,3.381985e-07,8.225186e-06,7,2,0.9021262,4.184129e-07,4,8,8.964527e-06,5.131449e+09,0.01056775,1.464066,0.7320332,-87.65494,-113.8457,-171.6199,-177.8107,0.003261418
17,30,881,3.819084e-07,2,7,7.909427e-06,7.53112e-06,2,9.640652e-06,4.109312e-05,1,1,3.796678e-07,7.955944e-06,6,2,0.8847763,4.097858e-07,2,8,8.030951e-06,1.003434e+10,0.007680964,1.370941,0.6854704,-82.0347,-108.1953,-173.2103,-179.3709,0.9360889
17,31,882,4.033157e-07,2,8,9.657046e-06,8.044566e-06,6,6.887211e-06,3.916009e-05,1,2,2.333871e-07,7.343214e-06,9,2,0.8051375,3.424769e-07,1,8,7.607431e-06,6.174499e+09,0.009648503,1.783067,0.8915333,-91.85117,-116.3421,-177.8186,-182.3096,0.08000053
17,32,883,3.453726e-07,2,7,8.289812e-06,7.578232e-06,8,7.610397e-06,4.23267e-05,1,3,3.748376e-07,6.972805e-06,8,3,0.8770966,3.662322e-07,3,8,7.756016e-06,3.143083e+09,0.01106389,1.806885,0.9034425,-97.25827,-121.3185,-176.7663,-180.8266,0.181737
17,33,884,4.091426e-07,4,9,6.681122e-06,7.794318e-06,8,7.381474e-06,4.655268e-05,1,2,3.351733e-07,8.074539e-06,9,3,0.8357138,4.056543e-07,3,7,7.316841e-06,4.144763e+09,0.01491477,1.804569,0.9022847,-96.85103,-120.4127,-177.4649,-181.0265,0.3065336
17,34,885,4.079768e-07,4,6,8.401664e-06,6.176523e-06,9,7.18845e-06,4.68712e-05,1,3,4.217895e-07,7.203547e-06,9,2,0.9808139,4.195484e-07,4,8,7.097475e-06,2.967652e+09,0.01147226,1.817192,0.9085961,-98.68968,-121.7819,-177.5414,-180.6336,0.2219089
17,35,886,2.484068e-07,2,7,6.893218e-06,6.750921e-06,7,7.147645e-06,3.83922e-05,1,6,3.387621e-07,7.560511e-06,6,2,0.9292154,3.682608e-07,3,9,8.378093e-06,1.799013e+09,0.01011501,1.954247,0.9771237,-99.29152,-122.884,-174.3425,-177.935,0.492344
17,36,887,3.710779e-07,2,6,6.904262e-06,8.31014e-06,7,7.678563e-06,3.761121e-05,1,2,4.077974e-07,7.639493e-06,6,3,0.9172642,3.693919e-07,5,8,6.316453e-06,4.641574e+09,0.008846811,1.413459,0.7067294,-82.94901,-110.6821,-166.8145,-174.5475,0.002781516
17,37,888,3.977125e-07,3,7,6.666932e-06,6.528723e-06,7,5.180081e-06,3.465111e-05,1,2,3.51909e-07,7.091974e-06,7,2,0.7801815,3.881875e-07,3,8,9.213063e-06,5.63029e+09,0.008177171,1.470117,0.7350587,-81.38847,-108.8113,-167.2731,-174.6959,0.01081151
17,38,889,4.299981e-07,2,9,7.7824e-06,7.893645e-06,8,6.080749e-06,3.824234e-05,1,2,3.174788e-07,7.33288e-06,6,4,0.8527896,4.073093e-07,3,6,8.696252e-06,4.948146e+09,0.01091008,1.653391,0.8266957,-89.58022,-115.7339,-173.0908,-179.2445,0.0187397
17,39,890,3.704516e-07,1,6,6.343494e-06,7.722639e-06,6,7.934567e-06,4.285978e-05,1,2,4.347711e-07,7.9477e-06,8,2,0.9725546,2.663778e-07,3,9,6.446743e-06,5.097039e+09,0.005595967,1.324456,0.6622279,-76.11838,-104.5631,-162.786,-171.2307,0.0
17,40,891,3.882833e-07,1,10,6.590368e-06,8.031186e-06,4,8.008913e-06,3.838655e-05,1,2,4.436128e-07,7.994037e-06,6,3,0.8712292,4.262632e-07,3,7,9.084049e-06,5.23511e+09,0.006472521,1.314802,0.6574011,-75.03089,-103.3581,-161.2987,-169.6259,0.0007018295
17,41,892,4.019432e-07,5,7,6.748709e-06,8.376642e-06,6,9.041772e-06,3.668917e-05,1,2,4.610605e-07,6.925386e-06,7,3,0.9657803,3.588797e-07,3,9,6.672563e-06,4.819474e+09,0.01168802,1.611036,0.8055181,-94.48608,-118.6031,-177.4687,-181.5857,0.03424388
17,42,893,3.204325e-07,5,7,7.899555e-06,8.685849e-06,2,8.222388e-06,4.142748e-05,1,2,4.118014e-07,7.662192e-06,8,3,0.9101257,4.184824e-07,4,8,8.52127e-06,4.425586e+09,0.01626932,1.791228,0.895614,-95.09277,-118.8502,-175.8985,-179.656,0.4401123
17,43,894,3.690067e-07,4,7,7.015144e-06,7.132201e-06,4,7.850876e-06,3.879888e-05,1,2,3.619216e-07,7.412472e-06,10,3,0.9670355,2.640152e-07,3,9,9.457174e-06,4.593257e+09,0.01887911,1.8559,0.9279498,-94.66619,-118.9536,-175.1488,-179.4362,0.8485998
17,44,895,4.496571e-07,3,6,7.676573e-06,9.174894e-06,4,9.642118e-06,3.662574e-05,1,2,3.274404e-07,5.646343e-06,8,2,0.8835598,4.198831e-07,4,6,8.462248e-06,5.33347e+09,0.00889397,1.526184,0.7630921,-89.26391,-114.8146,-174.3132,-179.8638,0.002400387
17,45,896,3.509017e-07,3,6,6.712196e-06,7.946052e-06,8,9.170032e-06,3.71368e-05,1,2,3.351821e-07,6.395194e-06,6,3,0.9089739,2.962477e-07,2,8,6.522361e-06,5.258332e+09,0.009884417,1.63341,0.8167052,-93.84926,-118.4469,-178.3167,-182.9143,0.008874192
17,46,897,3.943763e-07,2,5,8.085041e-06,7.702325e-06,8,8.239099e-06,4.338106e-05,1,2,3.710484e-07,6.838689e-06,7,4,1.073917,3.980532e-07,4,8,8.186083e-06,3.983108e+09,0.01184464,1.597201,0.7986003,-90.42787,-116.9967,-171.6971,-178.2659,0.07324033
17,47,898,3.629588e-07,2,6,8.259739e-06,5.384056e-06,8,8.408517e-06,4.350458e-05,1,2,3.847558e-07,6.846682e-06,7,2,0.8944432,4.02178e-07,2,8,7.524987e-06,5.327067e+09,0.007469268,1.596397,0.7981986,-91.2644,-116.1968,-177.0614,-181.9938,0.006112245
17,48,899,4.22937e-07,2,6,5.54963e-06,7.715984e-06,7,7.714334e-06,4.070797e-05,1,2,3.395943e-07,9.3089e-06,9,4,0.9165911,3.76697e-07,4,8,9.174491e-06,4.063903e+09,0.008068269,1.201261,0.6006305,-76.03098,-104.4953,-159.142,-167.6064,0.0291153
17,49,900,4.257408e-07,2,7,5.377973e-06,8.090227e-06,6,7.367176e-06,4.385307e-05,1,2,2.72797e-07,7.64234e-06,7,4,0.8445651,1.936994e-07,3,7,5.688193e-06,5.08737e+09,0.00682458,1.481051,0.7405256,-78.23995,-106.4746,-164.0291,-172.2637,0.0
18,0,901,4.218597e-07,2,6,7.822208e-06,6.769506e-06,9,8.423484e-06,3.579983e-05,1,2,3.358548e-07,6.272735e-06,7,3,0.879793,3.001742e-07,3,8,7.29329e-06,5.093651e+09,0.008640831,1.471629,0.7358143,-84.18921,-111.7651,-168.9642,-176.5402,0.0
18,1,902,3.233659e-07,4,6,6.970327e-06,7.295472e-06,8,8.28068e-06,3.74206e-05,1,2,3.308048e-07,6.368616e-06,7,3,0.9130426,3.052175e-07,2,9,8.077429e-06,5.111973e+09,0.01300892,1.741492,0.870746,-94.25549,-118.594,-177.2849,-181.6234,0.1164609
18,2,903,3.958784e-07,1,8,9.032933e-06,7.750575e-06,5,6.683789e-06,3.790426e-05,1,3,2.71424e-07,7.510021e-06,7,4,0.9037509,2.678628e-07,4,9,7.84838e-06,3.425443e+09,0.008850486,1.672323,0.8361613,-82.43209,-110.5693,-163.6568,-171.794,0.1037567
18,3,904,1.849988e-07,2,8,6.942893e-06,7.302342e-06,8,5.325059e-06,3.598911e-05,1,2,3.23407e-07,7.119319e-06,8,2,0.7841775,4.586491e-07,4,7,9.668642e-06,4.85178e+09,0.01133426,1.558602,0.7793012,-80.71079,-109.1344,-163.8849,-172.3085,0.01942562
18,4,905,4.546614e-07,2,6,8.134591e-06,5.441499e-06,7,6.737695e-06,3.194927e-05,1,2,2.629675e-07,7.873519e-06,8,2,0.9020916,3.91408e-07,2,8,8.806421e-06,6.305046e+09,0.009004352,1.61092,0.8054599,-84.61963,-111.4706,-171.0689,-177.9198,0.06129803
18,5,906,2.37087e-07,3,6,9.329711e-06,7.715984e-06,7,7.714334e-06,4.070797e-05,1,4,4.946045e-07,9.3089e-06,9,4,0.9165911,3.76697e-07,4,9,7.38289e-06,1.969167e+09,0.0193461,1.948735,0.9743673,-100.3949,-124.3912,-173.4146,-177.4109,1.320749
18,6,907,3.370102e-07,2,8,7.323685e-06,7.131364e-06,8,6.317758e-06,3.804123e-05,1,2,4.084302e-07,9.454596e-06,8,3,0.8512628,4.716179e-07,3,7,8.51073e-06,4.509825e+09,0.01101083,1.57399,0.7869948,-85.44567,-113.0562,-168.1107,-175.7212,0.01899142
18,7,908,3.651851e-07,2,7,8.202951e-06,9.169256e-06,1,8.294384e-06,3.521165e-05,1,4,3.817114e-07,6.839484e-06,7,3,1.179402,4.012944e-07,4,5,7.56536e-06,3.318774e+09,0.01165578,1.972494,0.9862468,-95.99594,-119.0465,-175.7501,-178.8006,0.2307733
18,8,909,4.01564e-07,5,9,6.883534e-06,7.847759e-06,7,7.489968e-06,3.619063e-05,1,2,3.714521e-07,6.819022e-06,6,2,0.9237069,3.128009e-07,3,7,7.51326e-06,5.591099e+09,0.00972921,1.597175,0.7985873,-91.4326,-116.5795,-176.5018,-181.6487,0.01346936
18,9,910,4.088878e-07,2,6,7.348017e-06,7.285279e-06,8,6.435517e-06,3.685318e-05,1,2,3.179071e-07,7.021221e-06,7,4,1.062188,3.004923e-07,2,7,8.161915e-06,5.288121e+09,0.01186986,1.74219,0.871095,-92.71749,-117.54,-176.4391,-181.2616,0.0623937
18,10,911,2.482343e-07,2,6,7.27884e-06,8.894034e-06,4,9.076354e-06,3.921652e-05,1,2,3.240651e-07,6.822363e-06,8,2,0.895929,4.136334e-07,4,8,7.543617e-06,4.891567e+09,0.01055745,1.606283,0.8031416,-86.16534,-113.5984,-169.7187,-177.1518,0.008130975
18,11,912,3.470755e-07,2,9,9.837842e-06,7.094115e-06,7,8.064208e-06,3.646043e-05,1,2,4.37944e-07,8.223571e-06,5,4,0.8794628,4.79483e-07,4,6,8.99164e-06,4.600626e+09,0.01181853,1.583624,0.7918119,-93.31315,-117.9598,-175.8439,-180.4905,0.03991125
18,12,913,3.196177e-07,2,8,6.083296e-06,6.860281e-06,6,6.188461e-06,4.027051e-05,1,5,2.787055e-07,5.868855e-06,7,4,0.9014381,2.177428e-07,3,8,6.745568e-06,2.338831e+09,0.01235096,2.013315,1.006658,-95.02559,-119.7006,-171.4886,-176.1635,0.44558
18,13,914,3.859823e-07,1,6,6.401842e-06,7.917322e-06,5,6.77924e-06,4.085187e-05,1,6,4.386359e-07,7.989602e-06,7,2,0.9457003,3.126691e-07,2,9,8.854971e-06,1.956289e+09,0.004989959,1.817246,0.9086229,-94.36737,-120.1056,-173.2151,-178.9533,0.4056406
18,14,915,4.404355e-07,3,8,5.945481e-06,8.17437e-06,4,9.867548e-06,3.746116e-05,1,5,2.358521e-07,6.521841e-06,8,2,0.7976416,1.821097e-07,2,7,7.874957e-06,2.741671e+09,0.009343802,1.97318,0.98659,-92.78271,-118.0883,-171.8378,-177.1434,0.2935294
18,15,916,3.629588e-07,2,6,8.259739e-06,5.384056e-06,8,8.408517e-06,4.350458e-05,1,2,3.847558e-07,6.846682e-06,7,2,0.8944432,4.02178e-07,5,8,7.524987e-06,4.386678e+09,0.008510146,1.430273,0.7151367,-86.46799,-113.336,-170.0113,-176.8793,0.01097459
18,16,917,4.098312e-07,4,10,8.153239e-06,6.528851e-06,7,6.900415e-06,3.308358e-05,1,10,3.631518e-07,7.542512e-06,7,2,0.8955384,2.351872e-07,3,8,7.866204e-06,nil,0.01271107,nil,nil,nil,nil,1e+12,1e+12,3e+12
18,17,918,4.520399e-07,2,7,6.234887e-06,5.23124e-06,7,8.913375e-06,4.058752e-05,1,2,3.225827e-07,6.833278e-06,9,3,0.8970646,3.78546e-07,3,8,7.459428e-06,4.8539e+09,0.008620573,1.517979,0.7589895,-81.10377,-109.0316,-165.4702,-173.398,0.000232179
18,18,919,3.181176e-07,2,6,7.146479e-06,7.43497e-06,7,6.665544e-06,3.831884e-05,1,2,3.486977e-07,5.575812e-06,8,3,0.8704334,3.221591e-07,4,8,8.735257e-06,4.767799e+09,0.009641119,1.515436,0.7577181,-80.64011,-108.8235,-164.3652,-172.5486,0.0008338155
18,19,920,3.278932e-07,4,9,7.103599e-06,7.72505e-06,6,8.026069e-06,4.03635e-05,1,6,4.028567e-07,7.568941e-06,9,3,1.062736,2.216636e-07,4,8,9.075059e-06,1.482809e+09,0.02061019,2.050123,1.025062,-98.46361,-122.8377,-168.7445,-173.1186,1.746612
18,20,921,3.20162e-07,3,6,6.333023e-06,7.750463e-06,7,7.600776e-06,3.612795e-05,1,3,3.416248e-07,6.518397e-06,7,4,1.096956,3.666305e-07,1,7,7.748186e-06,4.021859e+09,0.01062448,1.861167,0.9305833,-97.41247,-120.3338,-179.2379,-182.1593,0.09399071
18,21,922,4.01314e-07,2,7,6.904746e-06,9.180463e-06,8,6.212461e-06,3.551356e-05,1,4,3.911961e-07,7.936128e-06,7,2,0.9096267,2.014829e-07,3,8,8.606372e-06,2.873486e+09,0.008935235,1.803705,0.9018524,-96.93915,-121.2809,-176.5963,-180.938,0.2120378
18,22,923,4.25201e-07,5,7,5.968892e-06,7.508073e-06,8,7.587987e-06,3.905771e-05,1,2,3.387883e-07,7.143135e-06,9,1,0.8960532,3.623465e-07,2,6,6.693574e-06,5.932872e+09,0.007026685,1.563512,0.7817561,-92.3694,-116.9921,-179.3672,-183.9899,0.02846236
18,23,924,3.800477e-07,2,7,7.077895e-06,8.459969e-06,8,5.636066e-06,3.989066e-05,1,2,3.651086e-07,7.043211e-06,7,2,0.793668,3.974545e-07,3,8,5.433587e-06,5.479927e+09,0.006575287,1.451914,0.725957,-81.56371,-109.2546,-168.1601,-175.8509,0.005549588
18,24,925,3.891092e-07,2,7,5.45482e-06,8.029016e-06,6,6.964289e-06,3.904593e-05,1,2,2.911307e-07,6.968211e-06,7,4,1.145003,3.102751e-07,1,7,8.721485e-06,5.632165e+09,0.01074835,1.782818,0.8914092,-93.37564,-117.5953,-178.0757,-182.2954,0.05203782
18,25,926,4.476646e-07,2,8,6.364034e-06,7.789797e-06,3,8.110198e-06,4.994989e-05,1,2,3.194354e-07,7.148591e-06,7,4,0.8877183,4.03752e-07,2,5,7.681682e-06,5.197514e+09,0.008655649,1.775359,0.8876796,-91.43052,-116.1813,-176.3734,-181.1242,0.03406456
18,26,927,3.283731e-07,2,8,7.143386e-06,7.657504e-06,8,7.346956e-06,3.066443e-05,1,2,3.538995e-07,6.272155e-06,6,3,0.7839211,3.549797e-07,3,7,7.492746e-06,5.74882e+09,0.008207808,1.411184,0.7055922,-80.12248,-108.1644,-166.1718,-174.2137,0.01618484
18,27,928,4.295161e-07,2,9,7.983767e-06,7.206402e-06,2,6.528989e-06,3.814691e-05,1,2,4.018105e-07,6.561135e-06,6,4,0.9229979,4.010737e-07,4,8,8.311962e-06,4.986205e+09,0.01156734,1.667952,0.8339759,-90.26892,-115.4812,-173.592,-178.8043,0.03710246
18,28,929,2.960945e-07,2,6,5.12306e-06,7.80808e-06,5,6.5328e-06,3.393062e-05,1,2,3.401401e-07,6.699113e-06,7,2,1.088955,3.684133e-07,5,7,8.846634e-06,5.19646e+09,0.009557243,1.466234,0.7331169,-84.53413,-111.8025,-169.045,-176.3133,0.0003577263
18,29,930,3.999714e-07,3,8,7.814611e-06,7.060672e-06,4,6.308046e-06,3.317898e-05,1,5,3.062073e-07,9.090075e-06,8,2,0.8986799,3.322165e-07,3,8,8.83208e-06,2.43312e+09,0.01436393,2.007914,1.003957,-96.65616,-120.5183,-172.8067,-176.6688,0.5585517
18,30,931,3.881414e-07,4,6,7.542431e-06,7.270415e-06,7,7.778305e-06,3.94568e-05,1,2,4.148322e-07,8.604265e-06,8,3,0.9448531,3.694088e-07,4,8,5.47742e-06,4.51572e+09,0.0140159,1.736679,0.8683395,-95.758,-119.5387,-177.3863,-181.1671,0.1923211
18,31,932,4.064459e-07,4,6,8.169651e-06,6.691422e-06,9,7.570244e-06,4.395495e-05,1,3,3.654209e-07,6.385756e-06,9,3,0.9730503,4.164614e-07,4,8,8.083664e-06,2.831333e+09,0.01499798,1.867733,0.9338667,-99.6171,-122.6674,-176.8966,-179.9469,0.4881331
18,32,933,2.984336e-07,2,6,6.315464e-06,8.135537e-06,5,7.32281e-06,4.991444e-05,1,2,4.107728e-07,6.449572e-06,8,2,0.915427,4.174369e-07,5,8,7.306514e-06,4.160231e+09,0.008299168,1.489336,0.7446679,-85.12547,-112.4736,-168.3175,-175.6656,0.02279296
18,33,934,3.916556e-07,2,6,5.725306e-06,7.79124e-06,8,7.693318e-06,3.800319e-05,1,2,3.633315e-07,5.694626e-06,6,3,0.9168447,3.761325e-07,5,7,7.089282e-06,4.812878e+09,0.007270342,1.295917,0.6479584,-79.76649,-107.8058,-164.799,-172.8384,0.0003161319
18,34,935,3.597834e-07,3,8,7.938435e-06,8.827178e-06,6,6.822597e-06,3.932112e-05,1,4,4.411492e-07,7.629765e-06,6,2,0.8468966,4.101745e-07,4,9,7.21105e-06,2.554658e+09,0.008713291,1.748761,0.8743805,-98.23118,-121.6919,-176.976,-180.4367,0.2566006
18,35,936,3.704516e-07,1,6,9.894974e-06,7.722639e-06,6,7.934567e-06,4.285978e-05,1,3,4.347711e-07,7.9477e-06,7,2,0.9725546,3.503047e-07,3,9,6.446743e-06,3.508882e+09,0.006971349,1.670234,0.8351168,-92.1116,-117.8449,-174.5818,-180.3151,0.09347993
18,36,937,3.051519e-07,2,7,8.72165e-06,7.140519e-06,8,6.91159e-06,3.818603e-05,1,2,3.49652e-07,7.317192e-06,7,2,0.8961316,3.103527e-07,2,10,8.236501e-06,5.353993e+09,0.01021075,1.66137,0.830685,-92.09801,-117.0344,-176.581,-181.5173,0.01449789
18,37,938,4.350429e-07,1,6,8.104203e-06,6.747061e-06,3,9.225828e-06,4.016095e-05,1,4,4.683534e-07,7.890912e-06,8,3,0.9903327,4.32013e-07,3,8,6.830398e-06,2.692364e+09,0.006408212,1.710897,0.8554483,-89.87523,-116.8417,-170.4105,-177.377,0.2227522
18,38,939,4.088411e-07,3,7,8.149814e-06,8.117654e-06,7,5.219516e-06,4.022955e-05,1,2,4.354317e-07,8.186358e-06,7,3,1.148278,3.878133e-07,3,9,8.014251e-06,4.548345e+09,0.01362949,1.719164,0.8595819,-95.19885,-118.9688,-177.0111,-180.7811,0.1582306
18,39,940,2.515636e-07,1,7,9.45355e-06,8.016903e-06,2,8.133624e-06,4.855113e-05,1,2,2.636235e-07,7.516345e-06,8,2,0.9727409,4.117343e-07,3,7,6.573455e-06,5.523941e+09,0.01058301,1.857473,0.9287367,-89.7496,-115.1181,-174.3485,-179.717,0.06710322
18,40,941,3.987864e-07,3,8,7.494682e-06,7.768638e-06,8,8.505512e-06,3.94857e-05,1,2,3.288059e-07,7.056251e-06,8,2,0.8456014,4.054026e-07,2,8,8.152405e-06,5.019496e+09,0.0101261,1.640547,0.8202737,-94.18286,-118.4357,-178.1416,-182.3945,0.008938392
18,41,942,4.00006e-07,5,7,7.613462e-06,7.034238e-06,10,7.21405e-06,4.08033e-05,1,3,4.282753e-07,7.42432e-06,7,3,0.9376347,4.214251e-07,4,7,7.284089e-06,3.052548e+09,0.01296274,1.808453,0.9042263,-99.12644,-122.1776,-177.6927,-180.7439,0.2722167
18,42,943,4.503967e-07,4,7,6.314304e-06,7.689351e-06,8,9.753802e-06,4.841793e-05,1,8,3.369408e-07,6.50992e-06,6,5,1.072882,3.012237e-07,4,7,8.955387e-06,nil,0.01738176,nil,nil,nil,nil,1e+12,1e+12,3e+12
18,43,944,3.775046e-07,4,7,7.912175e-06,8.242053e-06,6,8.725378e-06,3.662694e-05,1,2,4.244303e-07,6.947797e-06,8,3,0.9142912,4.403163e-07,2,8,8.514918e-06,4.94449e+09,0.01181315,1.669913,0.8349567,-95.3804,-118.9618,-178.5392,-182.1206,0.04570664
18,44,945,4.719836e-07,2,9,8.420887e-06,7.040344e-06,8,7.085075e-06,3.139875e-05,1,2,3.381985e-07,8.225186e-06,7,2,0.9021262,3.943426e-07,4,8,8.964527e-06,5.059975e+09,0.01077285,1.465126,0.732563,-88.56273,-114.5442,-172.3224,-178.3039,0.005973045
18,45,946,4.577622e-07,4,8,7.022358e-06,7.289562e-06,9,9.008895e-06,3.587963e-05,1,2,3.299834e-07,6.277382e-06,6,2,0.8860767,2.941232e-07,3,6,6.375627e-06,5.49729e+09,0.008823968,1.54579,0.7728951,-92.8331,-117.7512,-178.1794,-183.0976,0.007000304
18,46,947,4.285129e-07,5,8,9.211517e-06,7.66349e-06,7,5.636159e-06,3.587274e-05,1,2,4.344426e-07,7.219389e-06,8,3,0.8242168,2.743382e-07,3,6,9.609182e-06,5.122718e+09,0.01426378,1.75091,0.8754549,-93.09861,-117.6355,-175.7463,-180.2832,0.2097984
18,47,948,3.220559e-07,2,6,7.299213e-06,6.767502e-06,8,6.942244e-06,3.859526e-05,1,2,4.454658e-07,8.58186e-06,6,3,0.9413991,3.316615e-07,3,7,7.0156e-06,5.022649e+09,0.009518311,1.608246,0.8041231,-90.85982,-116.5363,-175.0929,-180.7693,0.005207671
18,48,949,3.360913e-07,3,8,8.300799e-06,6.49078e-06,4,6.869814e-06,3.819587e-05,1,5,4.30788e-07,6.46612e-06,8,1,0.9224438,4.367877e-07,3,6,8.4759e-06,2.708056e+09,0.00563879,1.776377,0.8881887,-95.59314,-119.2492,-176.7344,-180.3905,0.2340577
18,49,950,4.620514e-07,1,10,6.590368e-06,8.031186e-06,4,8.008913e-06,3.643669e-05,1,7,4.436128e-07,5.303426e-06,8,3,1.100059,4.262632e-07,3,7,7.747906e-06,1.603864e+09,0.007471489,1.94428,0.9721401,-101.1967,-123.5945,-176.566,-178.9637,0.5402262
19,0,951,4.218597e-07,2,6,7.822208e-06,6.769506e-06,9,8.423484e-06,3.579983e-05,1,2,3.358548e-07,6.272735e-06,7,3,0.879793,3.001742e-07,3,8,7.29329e-06,5.093651e+09,0.008640831,1.471627,0.7358137,-84.19093,-111.7685,-168.966,-176.5435,0.0
19,1,952,4.533845e-07,3,6,7.326467e-06,7.367039e-06,9,8.434299e-06,3.582647e-05,1,2,3.313281e-07,8.77045e-06,7,3,0.8832721,3.259743e-07,3,6,6.843132e-06,4.929065e+09,0.01078574,1.609258,0.8046291,-91.70319,-117.3945,-175.23,-180.9213,0.01147941
19,2,953,3.758041e-07,4,6,6.462976e-06,6.034399e-06,5,7.429139e-06,3.694468e-05,1,2,3.751731e-07,9.065932e-06,7,2,0.7649258,3.427812e-07,2,6,7.450108e-06,6.349236e+09,0.008186208,1.702327,0.8511637,-89.47256,-114.547,-176.3962,-181.4706,0.07819355
19,3,954,3.880898e-07,2,6,6.350837e-06,6.557518e-06,7,6.844663e-06,4.944249e-05,1,5,1.920551e-07,5.823556e-06,9,5,0.8707051,2.997279e-07,3,8,7.562869e-06,1.831332e+09,0.008444086,1.920118,0.9600589,-95.62202,-120.8613,-171.6118,-176.8512,0.470644
19,4,955,3.220559e-07,2,6,7.299213e-06,6.767502e-06,8,6.942244e-06,3.859526e-05,1,2,3.397727e-07,5.284246e-06,6,3,0.9413991,2.463444e-07,3,7,7.0156e-06,5.60952e+09,0.009169058,1.661964,0.8309822,-91.11263,-116.4379,-176.4679,-181.7932,0.02164003
19,5,956,4.349812e-07,3,7,8.093414e-06,9.614891e-06,8,7.074258e-06,4.302069e-05,1,2,2.664751e-07,7.496641e-06,8,2,0.8983451,3.624221e-07,2,7,8.38294e-06,4.894408e+09,0.01169277,1.74915,0.8745749,-94.83187,-118.9404,-177.9467,-182.0552,0.05624518
19,6,957,4.171195e-07,2,6,8.136911e-06,8.086931e-06,7,6.021522e-06,3.67707e-05,1,2,4.263362e-07,7.778527e-06,9,3,0.9450815,4.005916e-07,3,9,9.758648e-06,4.430108e+09,0.01073091,1.492912,0.7464559,-84.81786,-112.3574,-167.4398,-174.9793,0.01453833
19,7,958,3.769646e-07,2,8,5.600522e-06,7.863573e-06,7,7.324889e-06,4.303263e-05,1,2,3.059163e-07,7.101507e-06,7,4,0.8901745,4.733728e-07,4,7,8.932351e-06,4.199848e+09,0.01005326,1.490505,0.7452525,-79.12758,-107.459,-161.5692,-169.9006,0.02044538
19,8,959,4.679465e-07,4,7,6.690362e-06,6.302233e-06,3,6.838478e-06,3.777759e-05,1,4,3.992464e-07,7.474457e-06,8,3,0.9173708,4.002039e-07,3,5,7.477839e-06,3.110081e+09,0.01118474,1.966392,0.9831961,-96.76255,-119.8207,-176.1317,-179.1899,0.2441491
19,9,960,3.702309e-07,2,8,7.81627e-06,6.866329e-06,8,6.934351e-06,3.319349e-05,1,4,3.114834e-07,8.971088e-06,7,2,0.9887403,3.307545e-07,3,8,7.445388e-06,2.99082e+09,0.01233797,1.907806,0.9539028,-97.47414,-120.9882,-176.0775,-179.5916,0.2803848
19,10,961,4.933728e-07,3,6,8.125951e-06,7.298685e-06,6,7.882581e-06,3.111716e-05,1,8,3.009396e-07,8.539209e-06,6,3,0.9475916,3.481062e-07,3,7,6.864253e-06,1.405953e+09,0.01192705,2.041342,1.020671,-98.14393,-122.0384,-170.338,-174.2325,0.6758503
19,11,962,1.846248e-07,2,9,6.572322e-06,6.991433e-06,3,7.902087e-06,3.986539e-05,1,2,4.010496e-07,8.793741e-06,8,4,0.8910578,4.465803e-07,3,8,7.945299e-06,4.423581e+09,0.01678082,1.823843,0.9119214,-94.04864,-118.9134,-174.716,-179.5808,0.5158593
19,12,963,4.13614e-07,3,8,8.410158e-06,8.113695e-06,6,9.486216e-06,3.700844e-05,1,3,3.120212e-07,6.56669e-06,7,4,0.7958441,2.607415e-07,2,7,8.133914e-06,3.702985e+09,0.0125662,1.8765,0.9382498,-95.65098,-119.8601,-176.03,-180.2391,0.1885315
19,13,964,4.012785e-07,2,6,6.519708e-06,7.776038e-06,6,7.39506e-06,3.806277e-05,1,2,3.703852e-07,6.341915e-06,6,4,0.917424,3.963808e-07,5,7,7.286272e-06,4.752902e+09,0.008637361,1.419149,0.7095744,-79.40508,-107.5241,-163.5804,-171.6995,0.000901199
19,14,965,4.346497e-07,2,10,5.552547e-06,6.842473e-06,7,8.164648e-06,3.704736e-05,1,2,3.263796e-07,6.641607e-06,8,1,0.8645922,3.706464e-07,3,6,7.484047e-06,5.980443e+09,0.006009062,1.395102,0.6975509,-87.9792,-113.8263,-175.7258,-181.5729,0.02980314
19,15,966,3.309114e-07,2,7,7.215459e-06,7.15202e-06,8,6.702039e-06,3.765632e-05,1,2,3.529724e-07,7.395407e-06,8,3,0.9121788,4.489625e-07,3,9,8.483931e-06,4.538109e+09,0.01156538,1.583528,0.7917638,-86.31023,-113.7353,-168.8161,-176.2412,0.03305965
19,16,967,3.509095e-07,3,6,6.876288e-06,7.542365e-06,8,8.161797e-06,3.580747e-05,1,7,3.360915e-07,6.32694e-06,7,3,1.047614,4.851613e-07,3,10,7.493356e-06,1.351318e+09,0.0123776,1.988139,0.9940694,-101.7984,-124.8987,-173.4872,-176.5875,0.6869276
19,17,968,4.423931e-07,4,8,7.769486e-06,7.302342e-06,8,5.325059e-06,3.598911e-05,1,2,3.23407e-07,7.119319e-06,8,2,0.7841775,3.224617e-07,4,9,9.668642e-06,4.732358e+09,0.01234443,1.592152,0.7960758,-90.37197,-116.0601,-172.9588,-178.6469,0.05990812
19,18,969,3.450353e-07,3,8,6.921387e-06,7.031887e-06,6,6.834295e-06,3.836563e-05,1,2,4.375085e-07,6.750474e-06,6,2,0.8938093,4.257683e-07,4,8,7.106008e-06,5.197562e+09,0.007910488,1.43088,0.7154401,-88.87938,-114.4943,-174.2133,-179.8282,0.0003659469
19,19,970,3.940591e-07,4,6,8.807346e-06,5.409544e-06,10,7.423393e-06,4.095539e-05,1,3,4.331873e-07,8.217288e-06,8,3,1.139411,3.542585e-07,3,8,6.889817e-06,3.16943e+09,0.0149635,1.892006,0.9460029,-98.42396,-121.6258,-176.6933,-179.895,0.439395
19,20,971,3.380564e-07,2,8,7.053068e-06,7.447014e-06,3,6.059711e-06,3.301242e-05,1,2,3.335403e-07,6.310404e-06,7,3,0.7840915,4.067929e-07,4,7,9.505409e-06,5.615446e+09,0.008695219,1.442832,0.7214162,-73.28861,-101.7126,-158.8835,-167.3075,0.0102147
19,21,972,3.370102e-07,2,8,7.323685e-06,7.131364e-06,8,6.317758e-06,3.804123e-05,1,2,2.055582e-07,7.50089e-06,8,3,0.8512628,4.716179e-07,3,7,8.51073e-06,4.890866e+09,0.01235177,1.679323,0.8396616,-76.30671,-102.6778,-159.1771,-165.5483,0.0696037
19,22,973,4.00634e-07,5,6,7.358951e-06,7.360943e-06,9,7.420797e-06,3.731031e-05,1,3,2.683416e-07,6.919309e-06,7,3,1.046841,3.910137e-07,3,7,7.462876e-06,3.508803e+09,0.01630348,1.918792,0.9593958,-97.12909,-120.7639,-175.9095,-179.5442,0.5558977
19,23,974,4.34922e-07,2,8,8.007609e-06,6.9465e-06,2,7.004777e-06,3.901139e-05,1,3,4.567277e-07,7.383594e-06,8,3,0.9417308,4.228617e-07,4,8,7.740426e-06,3.390295e+09,0.01084133,1.794695,0.8973474,-95.45909,-119.2971,-175.713,-179.551,0.1406037
19,24,975,4.544737e-07,3,5,9.073121e-06,7.578215e-06,8,8.186615e-06,4.25847e-05,1,2,3.618958e-07,7.154174e-06,7,2,0.9606464,3.49655e-07,3,9,6.401826e-06,4.769e+09,0.009370315,1.592837,0.7964186,-93.37221,-117.9013,-177.2232,-181.7523,0.004545292
19,25,976,3.088152e-07,2,7,8.089295e-06,7.138474e-06,8,6.547655e-06,3.816147e-05,1,2,4.008099e-07,9.078104e-06,7,3,0.8896712,4.036428e-07,2,8,8.281592e-06,4.912783e+09,0.01111719,1.676248,0.8381239,-92.11768,-117.3648,-175.4843,-180.7314,0.02628695
19,26,977,4.150518e-07,4,7,7.652435e-06,7.00814e-06,2,7.955706e-06,3.721839e-05,1,3,4.154532e-07,7.082939e-06,7,3,0.9332065,3.056027e-07,4,8,7.289088e-06,3.782572e+09,0.01312524,1.891948,0.9459738,-95.26726,-118.9307,-175.6419,-179.3054,0.2179537
19,27,978,3.755062e-07,2,6,6.121394e-06,8.831669e-06,8,7.250193e-06,3.816238e-05,1,2,4.125168e-07,6.565992e-06,7,3,0.9383022,3.336222e-07,4,7,7.06848e-06,4.75477e+09,0.008309098,1.429689,0.7148446,-84.56778,-112.1599,-168.9148,-176.507,0.0008784629
19,28,979,3.548341e-07,2,7,8.624806e-06,8.199723e-06,6,8.202045e-06,4.843326e-05,1,5,1.848527e-07,7.497574e-06,8,2,0.9214383,3.939052e-07,3,8,8.263255e-06,1.902407e+09,0.01414205,2.022247,1.011124,-95.61896,-121.0804,-169.6999,-175.1613,0.6670275
19,29,980,4.800141e-07,2,6,8.07361e-06,7.187718e-06,8,6.904619e-06,3.83006e-05,1,2,3.49383e-07,5.918662e-06,8,2,0.8892814,3.121148e-07,3,10,8.440961e-06,5.009892e+09,0.007700714,1.406771,0.7033855,-84.3661,-111.4447,-169.4974,-176.576,0.0
19,30,981,3.621244e-07,2,10,6.550409e-06,8.603881e-06,4,7.269764e-06,3.475958e-05,1,3,3.799731e-07,6.79634e-06,7,3,1.125741,3.972288e-07,5,5,8.774948e-06,3.684841e+09,0.01280977,1.834673,0.9173365,-96.54255,-119.9547,-176.7955,-180.2076,0.1902284
19,31,982,4.546614e-07,2,6,8.134591e-06,8.688021e-06,4,6.737695e-06,3.194927e-05,1,2,2.629675e-07,7.873519e-06,8,2,0.9020916,3.929895e-07,2,8,8.806421e-06,6.412286e+09,0.009000167,1.624339,0.8121697,-84.50179,-111.2983,-171.0995,-177.8961,0.07308014
19,32,983,3.234746e-07,4,8,6.689054e-06,7.215464e-06,7,8.571487e-06,3.54314e-05,1,5,3.438877e-07,7.003362e-06,7,4,0.9050064,3.353544e-07,2,6,8.355945e-06,2.272289e+09,0.01463481,1.997353,0.9986763,-97.8049,-121.376,-173.2803,-176.8514,0.6123352
19,33,984,2.959273e-07,2,8,6.661239e-06,8.134089e-06,6,7.038794e-06,3.712667e-05,1,3,2.17796e-07,5.44786e-06,8,2,0.7849598,2.927675e-07,4,6,9.277622e-06,3.8845e+09,0.009326108,1.78091,0.8904552,-87.87439,-115.0394,-169.9641,-177.1291,0.07802184
19,34,985,4.56872e-07,4,7,6.551996e-06,9.920299e-06,3,7.724885e-06,3.376736e-05,1,2,3.083504e-07,7.386511e-06,7,2,0.8946424,3.351679e-07,2,9,7.800496e-06,6.424848e+09,0.01067151,1.743604,0.8718022,-90.57019,-115.119,-176.4452,-180.994,0.09836665
19,35,986,4.25201e-07,5,7,5.968892e-06,7.508073e-06,6,6.403431e-06,3.905771e-05,1,2,2.270723e-07,9.106221e-06,8,3,0.8960532,3.623465e-07,2,6,6.693574e-06,5.542448e+09,0.01517521,1.879115,0.9395577,-92.63987,-117.0846,-175.7026,-180.1472,0.3392341
19,36,987,4.380697e-07,3,8,7.222698e-06,7.176009e-06,8,8.633533e-06,3.731658e-05,1,2,3.669221e-07,6.636533e-06,6,3,0.8524486,3.328035e-07,3,7,7.823826e-06,5.025746e+09,0.0101382,1.593491,0.7967454,-93.03255,-117.7219,-176.9969,-181.6863,0.004075662
19,37,988,4.515131e-07,2,8,8.84851e-06,7.414497e-06,7,6.642436e-06,3.278597e-05,1,2,4.099513e-07,7.866735e-06,8,2,0.8945745,3.705594e-07,3,7,9.33701e-06,5.422529e+09,0.00950363,1.515833,0.7579166,-90.09109,-115.3261,-174.9962,-180.2313,0.004110839
19,38,989,3.225096e-07,2,8,6.375458e-06,8.112352e-06,6,8.112478e-06,3.859905e-05,1,2,4.071704e-07,8.069686e-06,8,2,0.8741764,4.521642e-07,3,7,7.694758e-06,5.009373e+09,0.008826454,1.537677,0.7688385,-88.42757,-114.8512,-172.9654,-179.389,0.0006309162
19,39,990,3.770804e-07,3,6,8.045852e-06,6.855062e-06,6,8.655609e-06,3.782585e-05,1,2,2.313539e-07,6.849024e-06,7,3,0.9126649,4.131963e-07,2,8,7.975483e-06,5.451978e+09,0.01326025,1.802655,0.9013273,-92.93453,-117.3798,-176.4401,-180.8854,0.1517664
19,40,991,4.520399e-07,2,7,6.234887e-06,5.23124e-06,7,8.913375e-06,4.058752e-05,1,2,3.225827e-07,6.833278e-06,9,3,0.8970646,4.399608e-07,3,8,7.459428e-06,4.801856e+09,0.008525608,1.48877,0.7443848,-80.46138,-108.4389,-164.7823,-172.7598,0.0004011745
19,41,992,1.985448e-07,2,7,7.290864e-06,7.252109e-06,9,8.026795e-06,3.142321e-05,1,2,3.46972e-07,6.272479e-06,6,3,1.121487,3.475765e-07,3,7,7.296041e-06,5.441167e+09,0.01218439,1.629525,0.8147626,-93.66682,-118.2452,-177.5226,-182.101,0.05964676
19,42,993,4.480591e-07,2,6,9.379888e-06,5.332516e-06,8,8.410455e-06,4.312802e-05,1,2,3.273247e-07,6.843992e-06,8,2,0.8962092,3.871769e-07,3,8,8.663861e-06,4.781134e+09,0.009100626,1.58586,0.7929302,-88.97201,-115.0126,-172.9719,-179.0125,0.003864914
19,43,994,3.293106e-07,2,6,7.342682e-06,7.034653e-06,3,6.774761e-06,3.793281e-05,1,2,3.96e-07,6.044568e-06,6,5,0.9833988,3.02056e-07,2,7,7.572544e-06,5.888418e+09,0.01063413,1.797589,0.8987944,-91.28637,-115.8908,-176.4193,-181.0237,0.06727939
19,44,995,4.448753e-07,2,8,6.095914e-06,7.788613e-06,7,7.999079e-06,4.973019e-05,1,2,3.335276e-07,7.147206e-06,8,2,0.8906641,3.74273e-07,2,8,7.275201e-06,4.796595e+09,0.007829686,1.641235,0.8206176,-91.52536,-116.8359,-176.2066,-181.5171,0.009310847
19,45,996,3.181176e-07,2,6,7.146479e-06,7.43497e-06,7,6.665544e-06,3.831884e-05,1,5,3.486977e-07,5.575812e-06,8,1,0.8704334,3.221591e-07,4,8,8.168242e-06,2.289106e+09,0.005843934,1.687991,0.8439954,-96.32409,-121.0476,-175.8504,-180.5739,0.2996205
19,46,997,4.202309e-07,2,7,5.51617e-06,7.694698e-06,7,7.568816e-06,4.40073e-05,1,2,3.395973e-07,6.48427e-06,7,2,0.8866384,3.54202e-07,3,8,6.219208e-06,5.147352e+09,0.006723855,1.494893,0.7474464,-85.30208,-112.3757,-171.2576,-178.3312,8.620715e-05
19,47,998,3.976429e-07,4,8,6.984432e-06,8.25888e-06,2,6.513111e-06,3.890125e-05,1,2,3.663509e-07,6.856636e-06,7,2,0.8144867,3.132209e-07,3,7,9.639291e-06,5.914486e+09,0.0101704,1.729055,0.8645277,-89.90853,-114.6642,-175.2735,-180.0291,0.04911387
19,48,999,2.482343e-07,4,6,8.556039e-06,8.894034e-06,4,9.076354e-06,3.921652e-05,1,3,3.240651e-07,6.822363e-06,8,4,0.8557585,4.136334e-07,4,8,7.543617e-06,3.107625e+09,0.01918393,1.946025,0.9730125,-98.2872,-121.5606,-175.3064,-178.5798,1.065665
19,49,1000,4.284652e-07,2,6,7.935392e-06,7.132122e-06,6,9.342696e-06,3.607861e-05,1,2,3.441419e-07,6.428886e-06,6,3,0.9898877,3.9366e-07,3,8,8.07109e-06,5.155065e+09,0.009406038,1.539373,0.7696867,-89.61321,-115.4205,-174.1238,-179.9311,0.000805586
20,0,1001,4.218597e-07,2,6,7.822208e-06,6.769506e-06,9,8.423484e-06,3.579983e-05,1,2,3.358548e-07,6.272735e-06,7,3,0.879793,3.001742e-07,3,8,7.29329e-06,5.093651e+09,0.008640831,1.471628,0.7358139,-84.19496,-111.7752,-168.97,-176.5502,0.0
20,1,1002,4.527284e-07,3,6,6.825258e-06,6.676802e-06,3,8.643352e-06,4.030318e-05,1,2,3.23473e-07,8.012826e-06,10,1,0.8969918,2.715029e-07,3,7,7.082236e-06,6.304445e+09,0.008319428,1.72049,0.8602451,-89.19064,-114.1466,-175.9826,-180.9386,0.07738127
20,2,1003,4.345248e-07,3,7,7.713937e-06,6.651782e-06,3,8.748716e-06,3.909773e-05,1,3,2.390689e-07,6.848864e-06,9,4,0.9050675,2.649433e-07,2,6,7.651072e-06,4.055098e+09,0.01506966,1.982122,0.9910608,-91.68913,-116.857,-172.0681,-177.236,0.3900539
20,3,1004,2.051182e-07,2,6,9.541313e-06,6.870922e-06,8,7.623732e-06,3.699196e-05,1,9,3.429852e-07,6.59745e-06,7,2,0.8886344,3.089949e-07,1,10,7.78521e-06,1.299746e+09,0.009060122,2.03929,1.019645,-96.64586,-121.0654,-169.3517,-173.7713,0.6691108
20,4,1005,4.279018e-07,2,6,7.09275e-06,9.690417e-06,8,7.952741e-06,3.341988e-05,1,2,3.493036e-07,7.333206e-06,7,3,1.088422,3.427795e-07,3,8,8.366873e-06,4.770558e+09,0.01107162,1.519973,0.7599866,-91.26118,-117.1613,-174.3904,-180.2906,0.01235894
20,5,1006,1.940958e-07,4,7,5.942975e-06,8.894786e-06,4,7.625392e-06,4.64824e-05,1,2,3.339269e-07,6.637882e-06,7,2,0.893221,3.524377e-07,4,9,7.20918e-06,4.616758e+09,0.01245939,1.739414,0.869707,-92.7711,-117.6856,-175.1029,-180.0174,0.08930241
20,6,1007,3.572108e-07,2,6,7.305944e-06,9.85797e-06,3,7.074309e-06,3.514644e-05,1,2,3.249283e-07,6.960766e-06,6,4,0.8496632,3.248287e-07,2,7,7.698734e-06,6.188729e+09,0.008528678,1.666169,0.8330845,-82.97654,-110.4596,-169.4997,-176.9828,0.05784416
20,7,1008,4.064144e-07,2,8,8.47739e-06,7.565143e-06,7,6.624095e-06,3.554234e-05,1,2,4.012903e-07,6.090316e-06,7,3,0.889945,3.423014e-07,2,8,9.061552e-06,5.521754e+09,0.009493699,1.6129,0.80645,-91.62301,-116.3751,-176.6902,-181.4423,0.01250385
20,8,1009,4.493611e-07,2,6,7.85326e-06,7.935302e-06,7,8.189286e-06,3.576519e-05,1,7,2.909916e-07,6.82223e-06,7,3,0.9009307,3.592603e-07,5,8,8.779275e-06,1.280369e+09,0.009562069,1.907861,0.9539306,-100.7471,-125.0001,-173.0883,-177.3413,0.6196117
20,9,1010,4.029797e-07,5,7,6.281141e-06,7.817442e-06,7,8.774268e-06,4.059508e-05,1,2,4.522901e-07,6.728223e-06,6,4,0.9539816,4.37731e-07,3,7,8.612065e-06,4.415211e+09,0.01191728,1.636142,0.8180712,-95.8559,-119.5353,-177.9932,-181.6726,0.05478579
20,10,1011,4.122929e-07,2,9,7.144208e-06,6.84357e-06,9,8.156828e-06,3.664496e-05,1,2,4.236392e-07,6.575987e-06,5,1,1.123562,3.775243e-07,3,8,7.206354e-06,5.665608e+09,0.00409508,0.9453236,0.4726618,-83.28453,-110.3365,-172.2268,-179.2788,0.01229961
20,11,1012,4.359638e-07,3,8,7.793953e-06,7.378365e-06,2,7.020246e-06,3.663614e-05,1,6,2.551936e-07,6.84266e-06,6,4,0.7848638,4.724957e-07,2,7,9.115587e-06,2.117595e+09,0.01090879,2.027864,1.013932,-95.39243,-119.329,-171.5315,-175.4681,0.454539
20,12,1013,4.592461e-07,2,10,7.904958e-06,7.120318e-06,8,7.774478e-06,3.819328e-05,1,3,3.401314e-07,6.164829e-06,7,3,0.8849143,3.10251e-07,3,9,7.33319e-06,3.48328e+09,0.01114507,1.801419,0.9007094,-96.72102,-120.5551,-177.09,-180.924,0.1370851
20,13,1014,4.2224e-07,3,6,6.056218e-06,7.744824e-06,7,9.304684e-06,3.902104e-05,1,2,3.130671e-07,6.393255e-06,7,3,0.9024759,3.874935e-07,3,7,6.98238e-06,4.934651e+09,0.009629834,1.592524,0.796262,-90.41609,-116.3984,-174.445,-180.4273,0.003804756
20,14,1015,3.875137e-07,2,6,8.07361e-06,7.187718e-06,8,6.904619e-06,3.83006e-05,1,2,3.49383e-07,5.918662e-06,8,3,0.8892814,3.121148e-07,3,10,8.440961e-06,4.729488e+09,0.009814304,1.530609,0.7653043,-84.30407,-111.9343,-167.8818,-175.512,0.001627325
20,15,1016,4.279599e-07,5,8,6.29112e-06,7.329899e-06,7,7.628114e-06,4.483963e-05,1,2,3.444295e-07,7.268355e-06,8,3,0.8920574,4.154622e-07,2,9,8.423649e-06,4.515529e+09,0.01405658,1.805053,0.9025266,-95.96891,-119.4955,-177.5843,-181.1109,0.2120734
20,16,1017,3.732512e-07,2,6,7.45092e-06,7.110572e-06,4,7.075346e-06,4.152961e-05,1,2,3.688897e-07,6.314441e-06,6,5,0.9863049,3.740846e-07,3,8,7.890129e-06,4.846092e+09,0.01127869,1.71931,0.8596548,-90.07684,-116.0582,-173.2621,-179.2434,0.03784772
20,17,1018,4.342435e-07,2,7,6.768357e-06,6.961495e-06,9,8.292831e-06,4.792672e-05,1,2,3.354562e-07,7.033755e-06,8,4,0.8803723,3.392123e-07,2,6,7.279877e-06,4.369607e+09,0.008752432,1.608953,0.8044767,-89.03017,-115.8713,-172.4177,-179.2588,0.01699256
20,18,1019,3.728119e-07,1,6,6.850254e-06,7.998648e-06,7,7.209227e-06,3.823252e-05,1,2,4.71605e-07,6.615677e-06,7,3,0.9097068,3.412123e-07,4,8,7.102258e-06,5.044674e+09,0.005127539,1.067914,0.5339572,-73.2219,-101.7437,-160.1795,-168.7012,0.0
20,19,1020,4.380697e-07,3,9,6.977651e-06,7.506069e-06,8,8.633533e-06,3.731658e-05,1,2,3.669221e-07,6.636533e-06,6,3,0.9977861,3.328035e-07,3,7,7.823826e-06,4.959609e+09,0.01152571,1.643978,0.8219892,-94.25844,-118.6076,-177.5507,-181.8999,0.03249102
20,20,1021,3.952308e-07,2,7,7.03255e-06,7.234096e-06,5,8.372635e-06,3.77767e-05,1,2,3.468462e-07,8.651719e-06,8,3,0.8780776,3.783483e-07,4,6,7.519653e-06,4.91836e+09,0.009936289,1.577407,0.7887034,-82.43374,-110.3046,-166.2979,-174.1688,0.002663032
20,21,1022,4.488787e-07,2,6,7.976423e-06,6.889503e-06,9,7.263027e-06,3.65681e-05,1,2,3.398093e-07,6.021696e-06,7,2,0.8874834,3.004109e-07,3,9,9.633783e-06,5.053079e+09,0.007712087,1.367296,0.6836482,-84.70424,-111.773,-169.9036,-176.9724,0.0
20,22,1023,4.542848e-07,2,7,5.235565e-06,8.164696e-06,4,6.677187e-06,3.26466e-05,1,2,2.784218e-07,7.280713e-06,8,2,0.9007481,3.786526e-07,2,7,8.853122e-06,6.730146e+09,0.007026657,1.534094,0.767047,-79.57857,-107.247,-167.6716,-175.34,0.1026841
20,23,1024,4.071931e-07,3,8,6.921387e-06,7.031887e-06,6,6.834295e-06,4.260981e-05,1,2,3.749842e-07,6.750474e-06,6,2,0.8938093,4.257683e-07,4,8,7.106008e-06,4.94047e+09,0.008581345,1.535102,0.7675511,-90.18744,-115.5593,-174.7273,-180.0991,0.0005476279
20,24,1025,4.042112e-07,3,6,8.70893e-06,7.32227e-06,8,7.980159e-06,4.15393e-05,1,2,3.846141e-07,6.788299e-06,6,2,0.9247552,4.133194e-07,3,9,7.013263e-06,4.826303e+09,0.008296572,1.482899,0.7414496,-91.82743,-116.9856,-176.3107,-181.4689,0.0002262088
20,25,1026,3.718922e-07,2,6,6.636576e-06,7.915946e-06,7,6.735353e-06,3.826708e-05,1,3,2.613117e-07,8.360124e-06,8,2,0.8871156,3.293727e-07,4,8,7.397458e-06,3.517655e+09,0.00909324,1.714661,0.8573306,-86.79016,-114.3114,-168.128,-175.6493,0.1000665
20,26,1027,3.316305e-07,2,8,7.181639e-06,7.194173e-06,5,6.67298e-06,3.713663e-05,1,2,3.388631e-07,7.121111e-06,6,2,0.9051285,4.436609e-07,3,8,9.298809e-06,5.370015e+09,0.009054731,1.543018,0.7715092,-87.954,-114.0278,-172.9848,-179.0585,0.003625552
20,27,1028,2.444918e-07,3,6,8.136911e-06,7.942272e-06,7,6.021522e-06,3.67707e-05,1,2,4.263362e-07,5.866265e-06,9,2,0.9450815,4.005916e-07,3,9,9.758648e-06,4.836519e+09,0.01054825,1.517266,0.7586332,-91.29991,-116.6472,-174.7588,-180.106,0.00330616
20,28,1029,2.450372e-07,2,7,8.158175e-06,7.953644e-06,7,6.039629e-06,3.642472e-05,1,2,4.15702e-07,7.790898e-06,9,2,1.052125,3.969663e-07,3,7,9.560704e-06,4.977101e+09,0.01215973,1.65976,0.8298801,-93.59384,-117.9674,-176.6841,-181.0577,0.05798791
20,29,1030,3.855278e-07,3,6,7.197886e-06,7.900431e-06,4,7.391936e-06,4.005769e-05,1,2,4.316631e-07,6.997382e-06,7,2,0.8989119,3.931478e-07,3,7,7.535582e-06,5.594028e+09,0.007936852,1.588175,0.7940873,-90.48587,-115.1411,-176.4439,-181.0991,0.01283889
20,30,1031,4.045094e-07,3,5,8.701578e-06,7.240546e-06,8,9.139063e-06,3.825589e-05,1,2,3.59344e-07,6.669091e-06,9,4,0.9725279,3.500595e-07,3,8,7.215382e-06,4.359079e+09,0.01416845,1.701845,0.8509224,-94.70239,-119.4922,-175.9771,-180.7668,0.2040535
20,31,1032,4.242682e-07,2,6,7.991603e-06,7.94685e-06,7,8.165643e-06,3.674176e-05,1,2,3.916025e-07,9.623057e-06,9,2,0.9753623,4.182444e-07,3,9,8.458138e-06,4.555758e+09,0.01043446,1.50505,0.7525249,-87.72829,-114.5685,-170.7148,-177.555,0.006834442
20,32,1033,3.899384e-07,3,8,6.951658e-06,7.6458e-06,3,8.092985e-06,3.876514e-05,1,2,3.97743e-07,6.403451e-06,6,2,0.8410818,3.921961e-07,3,5,7.378183e-06,6.597306e+09,0.006980651,1.638812,0.819406,-89.49207,-114.0196,-177.4404,-181.968,0.09475865
20,33,1034,3.302121e-07,2,7,6.755434e-06,7.53906e-06,7,7.769153e-06,3.722778e-05,1,3,3.679505e-07,8.060214e-06,8,2,0.8943197,4.516141e-07,3,8,8.201446e-06,3.466397e+09,0.009387358,1.703079,0.8515395,-93.18984,-118.7415,-174.262,-179.8136,0.1039277
20,34,1035,4.520808e-07,3,8,7.222698e-06,8.833191e-06,8,8.633533e-06,3.199993e-05,1,2,3.669221e-07,6.636533e-06,6,3,0.8524486,3.328035e-07,3,7,7.823826e-06,5.178268e+09,0.01002145,1.490254,0.7451269,-92.3959,-117.3988,-176.6703,-181.6732,0.0002401245
20,35,1036,3.605476e-07,3,8,8.78027e-06,7.666171e-06,7,7.241168e-06,3.2644e-05,1,2,3.634715e-07,9.47866e-06,6,2,1.054251,3.132343e-07,3,6,8.589802e-06,5.710395e+09,0.01225767,1.690003,0.8450013,-92.55167,-117.1804,-176.8009,-181.4296,0.08134004
20,36,1037,3.457122e-07,2,9,6.810781e-06,7.135092e-06,8,8.818593e-06,3.787695e-05,1,2,3.594727e-07,7.92311e-06,8,2,1.158824,3.937683e-07,3,7,7.539006e-06,4.903756e+09,0.01175628,1.667042,0.8335209,-94.94715,-118.9947,-178.055,-182.1025,0.04324661
20,37,1038,3.944136e-07,2,6,6.711441e-06,6.610509e-06,3,6.78593e-06,4.068295e-05,1,2,3.967158e-07,7.175772e-06,7,3,0.8690042,3.312338e-07,2,6,7.559909e-06,6.152683e+09,0.007222141,1.690754,0.8453772,-85.79779,-112.2334,-172.9924,-179.428,0.05877653
20,38,1039,3.380564e-07,4,8,5.905951e-06,7.447014e-06,3,6.059711e-06,3.301242e-05,1,2,3.335403e-07,6.310404e-06,7,3,0.9197056,3.512418e-07,4,7,9.505409e-06,5.484866e+09,0.01439771,1.744945,0.8724725,-91.58101,-116.3743,-174.7814,-179.5747,0.2257594
20,39,1040,4.203836e-07,2,6,6.115694e-06,5.329645e-06,8,8.29428e-06,4.508292e-05,1,2,3.374415e-07,6.379872e-06,7,3,0.8798573,3.527955e-07,3,8,7.081302e-06,4.86081e+09,0.007144344,1.488161,0.7440805,-80.07524,-108.1173,-165.2698,-173.3119,6.396796e-05
20,40,1041,3.988322e-07,4,6,7.286899e-06,6.110702e-06,7,9.440304e-06,3.927387e-05,1,4,2.788941e-07,8.976115e-06,8,3,0.9095175,4.215435e-07,4,8,7.633741e-06,2.306899e+09,0.01675066,1.957006,0.9785031,-99.00543,-122.6943,-174.0257,-177.7145,0.8285958
20,41,1042,3.270583e-07,2,7,7.679284e-06,9.486001e-06,9,6.131411e-06,3.390722e-05,1,2,3.527605e-07,6.615892e-06,7,2,0.865763,4.037663e-07,5,8,8.821833e-06,4.560975e+09,0.009314918,1.277,0.6384999,-83.25949,-110.8735,-166.7489,-174.3629,0.004787084
20,42,1043,3.955345e-07,2,6,7.367948e-06,7.371052e-06,8,6.514403e-06,4.834216e-05,1,2,4.99801e-07,6.561174e-06,7,4,0.9957491,2.631806e-07,3,10,7.352437e-06,4.095406e+09,0.0101956,1.637443,0.8187216,-92.53614,-118.0882,-174.698,-180.25,0.03574101
20,43,1044,3.406657e-07,2,8,6.429297e-06,7.64867e-06,7,8.163513e-06,4.308151e-05,1,2,4.269784e-07,9.076167e-06,7,3,0.9021347,2.30709e-07,5,8,5.535777e-06,4.324154e+09,0.0115134,1.667579,0.8337894,-90.69713,-117.1925,-172.8031,-179.2985,0.04919582
20,44,1045,3.619763e-07,3,9,7.484148e-06,9.298008e-06,7,7.026181e-06,4.147224e-05,1,2,3.004812e-07,6.884912e-06,7,2,0.8954646,2.397694e-07,3,7,8.248154e-06,5.082313e+09,0.01261514,1.762064,0.8810322,-93.16989,-118.0536,-176.2822,-181.1659,0.09891305
20,45,1046,2.531615e-07,5,8,6.790927e-06,7.510047e-06,6,8.081272e-06,3.231847e-05,1,1,3.503931e-07,7.667819e-06,7,2,1.092988,4.4137e-07,3,7,7.582321e-06,8.705056e+09,0.01222378,1.380152,0.6900762,-87.16462,-113.2983,-175.088,-181.2217,0.5491223
20,46,1047,4.963775e-07,3,8,6.503762e-06,8.349576e-06,5,9.254094e-06,3.645202e-05,1,7,3.504102e-07,5.944799e-06,8,3,0.9324958,3.431384e-07,4,5,7.894203e-06,1.543909e+09,0.01105669,2.012219,1.00611,-99.71071,-123.0067,-173.0469,-176.3429,0.5968848
20,47,1048,4.416052e-07,2,6,7.730613e-06,7.620314e-06,3,7.174349e-06,3.810344e-05,1,2,3.494666e-07,6.141181e-06,7,3,0.9127301,3.138432e-07,3,5,7.388044e-06,6.330177e+09,0.008228932,1.718681,0.8593403,-88.54225,-113.8525,-175.4171,-180.7274,0.07943671
20,48,1049,2.590013e-07,2,6,7.473018e-06,7.859076e-06,5,7.308539e-06,4.062586e-05,1,2,2.956981e-07,6.835838e-06,6,3,0.9061747,3.796492e-07,4,7,7.465968e-06,5.016631e+09,0.01157226,1.719845,0.8599223,-88.50923,-115.143,-171.8833,-178.5171,0.0462006
20,49,1050,4.398858e-07,2,6,7.359589e-06,9.98364e-06,9,8.430906e-06,3.000856e-05,1,2,3.356567e-07,7.806705e-06,7,3,0.8807843,3.087121e-07,3,6,7.284612e-06,5.140747e+09,0.00822989,1.253132,0.6265658,-81.46469,-109.5126,-166.5313,-174.5792,6.383265e-05
21,0,1051,4.218597e-07,2,6,7.822208e-06,6.769506e-06,9,8.423484e-06,3.579983e-05,1,2,3.358548e-07,6.272735e-06,7,3,0.879793,3.001742e-07,3,8,7.29329e-06,5.093651e+09,0.008640831,1.471628,0.7358139,-84.19496,-111.7752,-168.97,-176.5502,0.0
21,1,1052,4.335646e-07,5,8,6.828025e-06,7.718476e-06,7,8.255185e-06,4.451202e-05,1,2,3.516212e-07,7.360243e-06,8,3,0.899208,3.427818e-07,3,8,7.547086e-06,4.335132e+09,0.01552086,1.808334,0.9041671,-95.99408,-119.8433,-176.825,-180.6742,0.3603414
21,2,1053,3.311612e-07,2,8,5.763121e-06,7.768466e-06,6,6.188529e-06,3.639688e-05,1,2,3.027092e-07,8.736179e-06,7,2,0.8972552,4.338182e-07,3,8,8.929311e-06,5.206612e+09,0.01006237,1.58439,0.7921952,-83.96412,-111.4959,-168.2682,-175.8,0.003641109
21,3,1054,4.050461e-07,2,7,6.796928e-06,6.893266e-06,8,8.548076e-06,3.012442e-05,1,2,3.527992e-07,7.530312e-06,9,3,0.9471038,3.661591e-07,3,8,7.346276e-06,5.13572e+09,0.01091626,1.502418,0.7512089,-85.37304,-112.8407,-169.2043,-176.672,0.008447067
21,4,1055,3.904358e-07,2,9,6.940131e-06,6.795559e-06,5,8.427743e-06,3.780575e-05,1,2,3.516013e-07,8.281212e-06,8,2,0.9267781,3.837704e-07,4,7,7.529927e-06,5.108895e+09,0.01100492,1.659004,0.829502,-90.84523,-116.1223,-174.5959,-179.873,0.02133828
21,5,1056,4.164964e-07,2,7,6.780852e-06,6.667197e-06,7,8.265446e-06,4.396283e-05,1,2,3.441391e-07,6.710573e-06,7,5,0.8836925,4.257189e-07,3,8,7.09618e-06,4.329388e+09,0.009516333,1.545108,0.7725538,-82.554,-110.5262,-165.4978,-173.47,0.01446526
21,6,1057,3.71202e-07,2,9,8.748266e-06,7.297816e-06,7,7.947978e-06,3.676394e-05,1,3,3.732698e-07,7.176157e-06,5,1,0.9888084,3.981699e-07,3,8,7.915113e-06,4.019501e+09,0.005006288,1.345256,0.6726282,-87.4366,-114.6069,-172.5249,-179.6952,0.03228981
21,7,1058,4.347299e-07,3,8,8.191284e-06,5.860756e-06,8,8.462157e-06,3.397932e-05,1,2,3.589103e-07,6.517822e-06,6,3,0.985373,3.47271e-07,3,8,7.651736e-06,5.331996e+09,0.01181618,1.646784,0.8233919,-92.95381,-117.4949,-176.7668,-181.3079,0.04463011
21,8,1059,4.239912e-07,2,6,7.838913e-06,9.580667e-06,3,8.350202e-06,3.614676e-05,1,2,3.6865e-07,7.178944e-06,7,3,0.8866279,3.877865e-07,3,10,7.489289e-06,5.198702e+09,0.008815264,1.495074,0.747537,-80.98458,-108.7564,-165.8501,-173.622,0.0003745506
21,9,1060,3.658885e-07,5,7,7.050733e-06,7.839276e-06,7,6.118104e-06,3.962175e-05,1,2,2.951357e-07,6.50332e-06,7,2,0.9512959,3.279422e-07,2,7,8.843037e-06,5.79616e+09,0.01167459,1.795089,0.8975443,-92.34371,-116.8285,-176.9341,-181.4189,0.08537637
21,10,1061,2.098525e-07,3,6,6.956646e-06,7.535754e-06,5,6.953329e-06,4.041305e-05,1,2,4.087731e-07,6.919711e-06,6,1,0.8939315,4.152221e-07,4,7,7.155618e-06,5.726781e+09,0.005238478,1.244119,0.6220593,-83.08519,-110.4164,-171.0514,-178.3825,0.015104
21,11,1062,4.203306e-07,5,9,6.708401e-06,7.288753e-06,7,7.974473e-06,4.190223e-05,1,2,4.090766e-07,7.000792e-06,6,2,1.103494,3.83196e-07,2,10,8.410763e-06,5.058659e+09,0.00913858,1.580441,0.7902205,-92.07416,-117.0421,-176.5461,-181.514,0.002875894
21,12,1063,3.903571e-07,1,6,6.587113e-06,6.00634e-06,7,7.644355e-06,4.007555e-05,1,2,4.391713e-07,9.227295e-06,7,3,0.898694,3.469529e-07,4,7,7.100471e-06,5.015671e+09,0.004778804,1.061721,0.5308604,-72.50107,-101.0433,-159.7145,-168.2567,0.0
21,13,1064,4.226507e-07,2,6,7.121979e-06,8.259771e-06,8,9.240879e-06,4.417986e-05,1,2,3.462005e-07,7.331954e-06,6,4,1.187538,3.665124e-07,3,8,8.340331e-06,4.081552e+09,0.0124919,1.670417,0.8352087,-95.35854,-119.9515,-176.6088,-181.2018,0.1029022
21,14,1065,3.263447e-07,3,6,8.17186e-06,6.744411e-06,7,7.384585e-06,3.711182e-05,1,2,4.223886e-07,6.678763e-06,8,2,1.103498,4.132564e-07,5,6,9.712079e-06,4.656427e+09,0.01080715,1.499747,0.7498736,-91.5,-116.853,-174.5239,-179.877,0.008985803
21,15,1066,4.042112e-07,3,6,8.70893e-06,7.32227e-06,8,7.980159e-06,4.15393e-05,1,2,3.846141e-07,8.921404e-06,6,2,0.9247552,4.133194e-07,3,9,7.013263e-06,4.678016e+09,0.009753735,1.573464,0.7867318,-93.3897,-117.9598,-176.8992,-181.4693,0.00445098
21,16,1067,4.399188e-07,2,6,7.515124e-06,7.613206e-06,9,7.308538e-06,3.804923e-05,1,2,2.975744e-07,6.808813e-06,6,3,0.8903624,4.015866e-07,4,9,9.30905e-06,4.414448e+09,0.008758284,1.303373,0.6516866,-78.2457,-106.4335,-161.719,-169.9069,0.009819287
21,17,1068,3.624738e-07,2,7,6.494416e-06,9.883133e-06,9,8.33689e-06,3.680144e-05,1,8,2.719588e-07,8.188848e-06,7,3,0.9839446,2.661723e-07,2,7,6.570024e-06,1.212501e+09,0.01173683,2.009864,1.004932,-97.89877,-122.7971,-168.8769,-173.7752,0.712037
21,18,1069,3.316305e-07,4,8,7.181639e-06,7.194173e-06,5,6.67298e-06,3.713663e-05,1,2,4.370345e-07,7.121111e-06,6,3,0.9051285,2.139428e-07,3,8,9.298809e-06,5.336142e+09,0.01272372,1.72304,0.8615198,-91.74356,-116.7983,-175.242,-180.2967,0.09843992
21,19,1070,3.827681e-07,2,6,7.799711e-06,8.203568e-06,8,7.862554e-06,3.663701e-05,1,2,3.640808e-07,5.28003e-06,9,2,0.9215696,4.049771e-07,4,9,8.486134e-06,4.577006e+09,0.008584959,1.316009,0.6580043,-85.1267,-112.2804,-169.0009,-176.1547,0.004345057
21,20,1071,3.830268e-07,1,9,6.984462e-06,7.862009e-06,6,7.710176e-06,3.792916e-05,1,2,4.176028e-07,8.116881e-06,6,3,0.896461,3.65527e-07,4,7,7.352169e-06,5.038416e+09,0.006940769,1.319277,0.6596384,-76.21565,-104.5476,-161.8475,-170.1794,0.0
21,21,1072,2.553373e-07,3,6,6.269673e-06,9.371948e-06,9,8.835104e-06,3.182498e-05,1,2,4.209442e-07,8.554691e-06,7,3,0.9009131,3.738039e-07,3,8,7.079284e-06,4.597922e+09,0.0121554,1.508404,0.7542018,-91.98974,-118.1183,-174.3933,-180.5219,0.05028962
21,22,1073,3.538249e-07,4,6,6.587403e-06,7.041236e-06,9,6.430214e-06,4.240319e-05,1,2,3.352468e-07,6.927559e-06,8,4,0.8883124,3.762734e-07,2,6,7.07629e-06,4.815075e+09,0.01256755,1.793038,0.8965189,-95.79407,-119.3988,-178.4536,-182.0583,0.1043887
21,23,1074,4.354001e-07,2,8,7.708064e-06,5.93278e-06,6,7.017866e-06,4.2063e-05,1,9,3.745603e-07,8.007764e-06,7,1,0.8888515,3.21928e-07,4,8,5.93812e-06,1.241184e+09,0.006335661,2.000267,1.000134,-100.4609,-123.5586,-174.3197,-177.4174,0.6687866
21,24,1075,3.944477e-07,3,6,6.350517e-06,7.842443e-06,7,8.345804e-06,3.488692e-05,1,5,3.748411e-07,6.581671e-06,7,3,0.9015553,3.923821e-07,3,7,7.444231e-06,2.226938e+09,0.009595887,1.880219,0.9401093,-100.1025,-122.9369,-177.2358,-180.0702,0.3618468
21,25,1076,4.498013e-07,3,8,7.526721e-06,9.623621e-06,9,8.065952e-06,3.332087e-05,1,2,3.360476e-07,6.416354e-06,7,2,0.8629244,3.100999e-07,3,7,7.565381e-06,5.1264e+09,0.009470059,1.461835,0.7309175,-93.00371,-117.9807,-177.4364,-182.4134,2.679671e-05
21,26,1077,2.174399e-07,3,6,6.031931e-06,8.819494e-06,5,5.723855e-06,3.909419e-05,1,2,3.213403e-07,6.618826e-06,7,3,0.8936518,3.648655e-07,4,7,7.084642e-06,5.139208e+09,0.01331571,1.783259,0.8916293,-91.87571,-117.0329,-174.85,-180.0072,0.1456586
21,27,1078,4.218597e-07,2,6,8.443873e-06,7.195683e-06,9,9.190147e-06,3.579983e-05,1,2,4.228032e-07,6.272735e-06,7,3,0.879793,3.001742e-07,3,8,7.29329e-06,4.872877e+09,0.008336869,1.403229,0.7016146,-87.24742,-114.1665,-171.7931,-178.7122,3.063908e-05
21,28,1079,4.082616e-07,2,7,6.411718e-06,7.242958e-06,8,8.255575e-06,3.796429e-05,1,2,4.294001e-07,6.645001e-06,6,2,1.094755,4.171466e-07,3,7,8.117347e-06,5.149602e+09,0.006987283,1.358741,0.6793703,-90.36051,-115.5832,-176.1529,-181.3756,9.459374e-05
21,29,1080,3.735598e-07,2,6,7.822208e-06,6.769506e-06,9,8.423484e-06,3.579983e-05,1,2,3.554552e-07,6.272735e-06,7,3,0.879793,3.001742e-07,3,5,7.29329e-06,5.373111e+09,0.008591051,1.553446,0.776723,-89.30674,-115.6742,-174.5708,-180.9383,0.004137271
21,30,1081,2.80197e-07,4,8,6.914872e-06,7.320185e-06,6,7.244776e-06,3.302438e-05,1,2,3.441001e-07,7.145383e-06,6,2,1.004409,4.725036e-07,3,7,5.183575e-06,6.33157e+09,0.009139147,1.653446,0.8267229,-91.94689,-116.4323,-178.3681,-182.8535,0.0687794
21,31,1082,4.041588e-07,2,6,7.398215e-06,9.907979e-06,5,7.090567e-06,3.839349e-05,1,2,3.477804e-07,6.44019e-06,6,3,0.9214344,3.791752e-07,3,7,7.882866e-06,5.308817e+09,0.008467368,1.560747,0.7803737,-87.4738,-113.9599,-172.6963,-179.1824,0.003316561
21,32,1083,3.147163e-07,2,6,7.817525e-06,7.076314e-06,9,7.916347e-06,3.764846e-05,1,9,3.178724e-07,6.710866e-06,9,3,0.8761729,3.589193e-07,3,7,7.432391e-06,nil,0.01083169,nil,nil,nil,nil,1e+12,1e+12,3e+12
21,33,1084,4.398858e-07,2,6,7.359589e-06,9.98364e-06,9,8.430906e-06,3.000856e-05,1,6,3.356567e-07,7.806705e-06,7,5,0.8807843,3.087121e-07,3,6,6.361903e-06,1.674614e+09,0.008693454,1.795396,0.8976978,-99.49261,-123.875,-174.579,-178.9613,0.4720642
21,34,1085,3.794148e-07,2,6,7.984455e-06,7.625036e-06,4,9.163766e-06,3.827335e-05,1,2,3.515928e-07,6.092281e-06,7,2,1.197348,3.652444e-07,4,6,8.616827e-06,5.445587e+09,0.009414453,1.607783,0.8038915,-90.58504,-115.7459,-175.568,-180.7288,0.009754905
21,35,1086,3.245036e-07,2,6,7.846128e-06,8.931971e-06,4,6.294053e-06,3.516005e-05,1,2,4.057514e-07,6.761251e-06,8,3,0.9337341,3.313775e-07,2,8,9.6387e-06,5.599312e+09,0.01044248,1.683599,0.8417995,-89.51358,-115.2197,-174.2882,-179.9944,0.02652475
21,36,1087,4.218597e-07,5,6,7.822208e-06,6.769506e-06,9,8.423484e-06,3.579983e-05,1,2,3.358548e-07,6.272735e-06,7,3,1.151558,3.001742e-07,3,6,7.29329e-06,5.207074e+09,0.01395155,1.749422,0.8747109,-94.36363,-118.7692,-177.2493,-181.6548,0.1842374
21,37,1088,4.203836e-07,2,10,6.115694e-06,5.329645e-06,8,8.29428e-06,4.508292e-05,1,5,3.374415e-07,6.379872e-06,7,3,0.8798573,3.527955e-07,3,8,7.081302e-06,2.054013e+09,0.009934137,1.956534,0.9782672,-99.50794,-122.6115,-175.7887,-178.8923,0.4299773
21,38,1089,3.316305e-07,2,8,7.181639e-06,7.194173e-06,5,9.637054e-06,3.713663e-05,1,5,4.587607e-07,7.121111e-06,6,2,0.9051285,1.870454e-07,3,8,9.298809e-06,2.386199e+09,0.008175606,1.846968,0.9234838,-97.04576,-121.3462,-175.4747,-179.7752,0.3166953
21,39,1090,4.013461e-07,2,6,8.438609e-06,9.308145e-06,9,7.035874e-06,3.922407e-05,1,2,3.594873e-07,6.633716e-06,6,2,0.877321,4.082599e-07,4,8,7.354675e-06,4.638639e+09,0.007470996,1.302348,0.6511738,-85.95211,-112.6501,-170.5461,-177.2441,0.002845056
21,40,1091,4.040715e-07,2,7,7.140307e-06,9.805853e-06,7,6.672808e-06,3.627359e-05,1,2,4.282534e-07,7.014165e-06,6,3,0.882054,1.926676e-07,2,6,8.492694e-06,5.59488e+09,0.008176035,1.573887,0.7869434,-90.13495,-115.9692,-175.9653,-181.7996,0.0118422
21,41,1092,4.413269e-07,2,6,8.07942e-06,7.114781e-06,7,6.418059e-06,3.674068e-05,1,2,4.954743e-07,5.948404e-06,9,2,0.903805,3.406911e-07,3,9,9.641273e-06,5.052951e+09,0.007239144,1.323772,0.661886,-85.85885,-112.1723,-171.3329,-177.6463,0.0
21,42,1093,4.039573e-07,1,6,8.841233e-06,7.8016e-06,3,7.190633e-06,3.815497e-05,1,2,3.516447e-07,6.157273e-06,7,3,0.9124566,3.97746e-07,3,5,7.356856e-06,6.322244e+09,0.00591366,1.503052,0.7515262,-77.11135,-105.1944,-165.4102,-173.4933,0.05743898
21,43,1094,3.077341e-07,2,6,8.470108e-06,7.7468e-06,8,7.227203e-06,4.148304e-05,1,5,4.055075e-07,6.752357e-06,10,3,0.9235824,3.92107e-07,3,9,7.091918e-06,1.851329e+09,0.01198798,1.940626,0.9703128,-101.0828,-124.1347,-175.645,-178.6969,0.5129154
21,44,1095,2.118727e-07,3,7,7.167501e-06,7.340817e-06,8,8.521977e-06,4.13556e-05,1,6,4.80427e-07,6.739716e-06,6,3,0.9460174,4.350238e-07,3,8,8.245962e-06,1.567207e+09,0.0101583,1.916668,0.9583338,-101.786,-124.576,-175.6203,-178.4104,0.5400314
21,45,1096,4.106608e-07,3,6,6.40928e-06,7.826336e-06,7,6.822746e-06,3.920748e-05,1,2,3.547277e-07,6.5128e-06,7,3,0.9001523,3.929567e-07,2,7,7.204874e-06,5.447831e+09,0.00893892,1.660964,0.8304822,-92.44177,-117.0029,-177.6534,-182.2145,0.0161669
21,46,1097,3.619615e-07,2,6,7.88521e-06,9.845272e-06,6,6.910242e-06,3.621648e-05,1,7,3.483243e-07,6.492297e-06,7,3,0.916974,3.192516e-07,2,10,8.280544e-06,1.550863e+09,0.009921315,1.988811,0.9944054,-99.59386,-123.1071,-173.4396,-176.9529,0.5733623
21,47,1098,3.917129e-07,2,7,6.778608e-06,6.58404e-06,5,8.59928e-06,3.960914e-05,1,2,4.428195e-07,8.747894e-06,8,2,0.8991738,2.460692e-07,5,7,6.804284e-06,4.989732e+09,0.009066729,1.577698,0.7888488,-87.24023,-113.9397,-171.6273,-178.3267,0.002683079
21,48,1099,3.934734e-07,3,8,8.163024e-06,7.197187e-06,6,6.98292e-06,3.362149e-05,1,2,3.673063e-07,7.858144e-06,6,2,0.9876193,3.248562e-07,3,7,8.413734e-06,5.865962e+09,0.01046972,1.638554,0.8192771,-91.02992,-115.9826,-176.1974,-181.15,0.03329506
21,49,1100,3.422464e-07,2,9,6.67755e-06,7.381256e-06,7,8.794169e-06,3.678475e-05,1,2,4.176946e-07,8.664886e-06,7,3,0.9553618,2.724048e-07,3,7,7.59336e-06,4.845084e+09,0.01240305,1.685443,0.8427214,-93.88785,-118.6116,-176.6586,-181.3824,0.07315604
22,0,1101,4.218597e-07,2,6,7.822208e-06,6.769506e-06,9,8.423484e-06,3.579983e-05,1,2,3.358548e-07,6.272735e-06,7,3,0.879793,3.001742e-07,3,8,7.29329e-06,5.093651e+09,0.008640831,1.471628,0.7358139,-84.19494,-111.7748,-168.97,-176.5498,0.0
22,1,1102,4.226832e-07,4,6,8.006629e-06,6.988135e-06,8,6.879061e-06,3.671124e-05,1,2,4.065881e-07,6.048994e-06,8,2,0.8937689,3.119833e-07,3,8,8.491599e-06,5.238048e+09,0.009532556,1.548368,0.7741839,-91.7024,-116.6062,-176.2937,-181.1975,0.00177245
22,2,1103,2.811281e-07,4,8,6.908196e-06,7.280235e-06,6,8.149937e-06,4.543869e-05,1,2,4.518985e-07,6.833942e-06,6,2,1.010593,4.321166e-07,3,7,6.828123e-06,5.068015e+09,0.007783079,1.563227,0.7816134,-91.3716,-115.8876,-176.5568,-181.0729,0.001776728
22,3,1104,3.54833e-07,2,6,6.785754e-06,9.195181e-06,9,7.504748e-06,3.575001e-05,1,2,3.612852e-07,7.291573e-06,8,2,0.8782905,2.488633e-07,2,8,5.744425e-06,5.37619e+09,0.007764919,1.487782,0.7438908,-88.69178,-115.432,-174.3999,-181.1402,0.002932748
22,4,1105,3.371537e-07,3,6,8.514092e-06,7.015938e-06,7,7.28743e-06,3.696689e-05,1,6,4.514544e-07,6.242785e-06,8,2,1.100958,3.749061e-07,4,8,9.679296e-06,1.6328e+09,0.01002044,1.882491,0.9412453,-101.6944,-124.4352,-175.9442,-178.685,0.5096156
22,5,1106,4.07164e-07,2,8,6.420773e-06,7.55739e-06,7,7.822846e-06,3.404752e-05,1,2,3.411536e-07,8.520338e-06,6,2,0.978553,4.031312e-07,3,8,8.36574e-06,5.294639e+09,0.009361859,1.504306,0.7521532,-89.52162,-115.2832,-174.2847,-180.0464,0.001464772
22,6,1107,4.016792e-07,2,7,6.750843e-06,7.210361e-06,6,9.473477e-06,3.780979e-05,1,2,4.492811e-07,6.734492e-06,6,2,0.9800177,2.514242e-07,3,8,9.027706e-06,5.283602e+09,0.007288034,1.404103,0.7020517,-89.82683,-115.1915,-175.6593,-181.024,0.001296029
22,7,1108,3.737173e-07,3,8,6.046645e-06,5.963826e-06,7,6.353553e-06,3.734674e-05,1,4,3.017115e-07,8.45971e-06,7,2,0.8948611,4.211255e-07,4,8,9.153363e-06,2.563438e+09,0.01230755,1.88214,0.9410702,-97.92016,-121.6902,-175.1949,-178.9649,0.3455362
22,8,1109,4.377658e-07,3,8,6.962519e-06,8.438646e-06,8,8.714154e-06,3.898395e-05,1,2,3.373542e-07,7.045452e-06,8,3,0.9271009,4.737155e-07,3,6,7.564623e-06,4.566128e+09,0.01185303,1.653522,0.826761,-95.91554,-119.7532,-178.3682,-182.2059,0.04945498
22,9,1110,3.72275e-07,2,7,6.65345e-06,7.516694e-06,4,7.660036e-06,3.126142e-05,1,2,2.704377e-07,7.141112e-06,8,3,0.9151955,4.262764e-07,2,8,8.920724e-06,6.035102e+09,0.01057302,1.65586,0.82793,-84.53229,-111.7387,-169.904,-177.1104,0.04769858
22,10,1111,4.469044e-07,3,10,8.373746e-06,6.937874e-06,8,9.795672e-06,3.432493e-05,1,2,3.648771e-07,6.479366e-06,6,3,0.9659775,4.902771e-07,3,8,8.40283e-06,4.778426e+09,0.01154741,1.54051,0.7702551,-93.87614,-118.5696,-176.837,-181.5304,0.02528964
22,11,1112,3.917129e-07,2,7,6.778608e-06,6.58404e-06,5,8.59928e-06,3.960914e-05,1,2,1.818076e-07,8.747894e-06,8,3,0.8991738,2.216126e-07,5,7,6.067994e-06,5.062544e+09,0.0114925,1.712655,0.8563273,-82.84785,-110.6841,-166.3311,-174.1673,0.04237438
22,12,1113,3.990823e-07,3,9,6.750065e-06,7.09554e-06,5,8.298632e-06,4.678284e-05,1,4,3.318181e-07,7.987971e-06,8,1,0.8005083,4.143711e-07,3,8,7.867526e-06,2.700411e+09,0.007640261,1.832518,0.916259,-97.30295,-120.8212,-177.1005,-180.6187,0.2506489
22,13,1114,2.791952e-07,3,6,7.600254e-06,7.669732e-06,4,7.126216e-06,3.792265e-05,1,2,3.560954e-07,6.645721e-06,7,1,0.9103249,4.033425e-07,4,5,7.282575e-06,6.492237e+09,0.006042935,1.466947,0.7334737,-85.50212,-112.1425,-173.9375,-180.578,0.07452227
22,14,1115,4.224213e-07,3,7,7.349636e-06,8.685855e-06,9,8.485867e-06,3.404298e-05,1,2,3.509884e-07,6.670799e-06,7,2,0.9045234,3.238272e-07,4,8,7.385006e-06,4.808558e+09,0.00995166,1.427538,0.7137692,-91.48924,-116.9455,-175.1506,-180.6069,0.0003482573
22,15,1116,4.009919e-07,4,6,7.833063e-06,7.070414e-06,7,9.033203e-06,3.583425e-05,1,2,2.260219e-07,9.142685e-06,7,3,0.8849696,3.362636e-07,3,9,7.44112e-06,4.799456e+09,0.01748244,1.803926,0.901963,-93.27011,-118.3071,-174.4679,-179.505,0.6013436
22,16,1117,3.961897e-07,5,7,8.358727e-06,7.297794e-06,7,7.975382e-06,4.188629e-05,1,2,4.032722e-07,7.023685e-06,6,2,0.9545724,2.607628e-07,2,10,6.527617e-06,5.434542e+09,0.009263161,1.654834,0.827417,-91.66944,-116.7009,-176.7051,-181.7366,0.01495783
22,17,1118,4.357808e-07,3,8,7.310863e-06,7.661879e-06,9,9.935374e-06,3.835167e-05,1,2,3.513863e-07,8.252163e-06,7,2,0.8917427,2.491161e-07,4,7,7.154274e-06,4.607474e+09,0.01150983,1.597564,0.798782,-94.33386,-119.1533,-176.9924,-181.8118,0.03059047
22,18,1119,4.287729e-07,2,7,7.503785e-06,6.353991e-06,8,7.806564e-06,3.592176e-05,1,2,4.195016e-07,7.955493e-06,6,3,0.9708593,2.215179e-07,3,7,7.879632e-06,5.276038e+09,0.01007676,1.623591,0.8117957,-91.60953,-116.867,-176.0225,-181.2799,0.008039175
22,19,1120,3.498894e-07,1,9,7.356858e-06,7.416818e-06,6,8.597109e-06,4.346022e-05,1,8,4.185519e-07,7.783209e-06,7,3,1.018018,4.03057e-07,4,6,7.819527e-06,1.137832e+09,0.00922157,2.010657,1.005329,-101.5302,-124.9884,-173.0037,-176.4619,0.7053988
22,20,1121,3.87683e-07,2,7,7.439053e-06,9.91297e-06,7,8.438609e-06,3.938376e-05,1,2,4.131381e-07,6.471346e-06,8,2,0.8925171,2.511776e-07,4,5,7.18336e-06,5.01405e+09,0.008117125,1.502516,0.7512578,-91.85406,-117.2387,-176.7638,-182.1484,2.812667e-06
22,21,1122,4.120031e-07,5,9,8.160534e-06,9.755431e-06,9,7.027115e-06,3.349202e-05,1,4,3.429971e-07,6.59928e-06,7,3,0.8783773,2.264368e-07,3,6,7.844674e-06,2.798829e+09,0.01523984,1.922039,0.9610194,-96.7678,-121.207,-173.8775,-178.3167,0.5376005
22,22,1123,3.860369e-07,5,6,6.693581e-06,7.840536e-06,7,8.329955e-06,3.638767e-05,1,4,3.172632e-07,6.523271e-06,7,2,0.9042647,3.784015e-07,3,7,8.206172e-06,2.859216e+09,0.01075766,1.866621,0.9333106,-100.0533,-122.2515,-178.861,-181.0592,0.2389398
22,23,1124,3.327404e-07,2,9,7.435248e-06,5.533783e-06,6,7.404621e-06,4.802111e-05,1,2,4.128992e-07,6.857606e-06,7,3,0.9152661,3.358761e-07,2,8,8.71116e-06,4.909353e+09,0.0107103,1.78735,0.8936748,-93.86148,-117.7871,-177.3839,-181.3096,0.04174296
22,24,1125,3.04632e-07,3,6,6.730511e-06,8.131001e-06,7,5.849323e-06,3.719204e-05,1,2,3.587126e-07,6.230256e-06,5,2,0.909361,4.001582e-07,3,7,7.496873e-06,5.821359e+09,0.007175517,1.476037,0.7380185,-88.66472,-114.5228,-175.4067,-181.2647,0.02000608
22,25,1126,4.206353e-07,4,6,6.978565e-06,8.237038e-06,6,8.317811e-06,3.708438e-05,1,2,4.10309e-07,6.735854e-06,6,2,1.174585,2.887187e-07,3,7,9.649288e-06,5.310171e+09,0.009052575,1.513172,0.7565861,-90.97018,-116.3207,-175.9046,-181.2552,0.001775381
22,26,1127,4.074073e-07,4,7,6.527622e-06,7.388389e-06,7,7.373443e-06,3.814685e-05,1,2,3.529885e-07,5.516675e-06,9,3,0.9265769,3.858108e-07,3,7,7.248957e-06,5.051611e+09,0.0123065,1.726541,0.8632705,-94.49313,-118.4878,-177.6604,-181.655,0.0760086
22,27,1128,3.849759e-07,2,6,8.031016e-06,6.82588e-06,9,8.797625e-06,3.579983e-05,1,2,3.961925e-07,6.272735e-06,7,3,0.879793,3.001742e-07,4,7,7.29329e-06,4.883964e+09,0.008859522,1.441241,0.7206207,-85.59483,-112.9737,-169.8962,-177.2751,1.070996e-05
22,28,1129,4.399188e-07,2,6,7.515124e-06,7.613206e-06,9,5.175578e-06,3.804923e-05,1,2,2.975744e-07,6.808813e-06,6,3,0.8903624,3.60803e-07,3,9,9.30905e-06,4.929984e+09,0.008653715,1.455112,0.7275561,-80.22381,-108.176,-164.7087,-172.6609,0.0
22,29,1130,3.942898e-07,3,6,8.073913e-06,9.283037e-06,6,8.367453e-06,3.615279e-05,1,2,2.374031e-07,5.684501e-06,9,2,0.9615949,3.696283e-07,5,5,8.402322e-06,5.053318e+09,0.01335232,1.705796,0.8528982,-92.67926,-117.7595,-175.4952,-180.5755,0.1312039
22,30,1131,4.172129e-07,1,7,6.892051e-06,6.776987e-06,5,7.660746e-06,3.693903e-05,1,2,3.394308e-07,8.646909e-06,7,2,0.904161,2.854287e-07,5,7,5.296994e-06,5.910198e+09,0.005473518,1.29307,0.6465348,-73.14287,-101.5436,-161.1922,-169.5929,0.02523726
22,31,1132,2.30926e-07,3,8,6.933792e-06,5.485229e-06,5,6.060792e-06,3.711785e-05,1,2,3.225513e-07,5.164394e-06,7,2,0.9077241,3.733985e-07,4,7,7.404845e-06,5.918413e+09,0.01005867,1.672382,0.8361911,-88.95598,-114.6785,-174.3747,-180.0972,0.03899298
22,32,1133,4.188208e-07,2,6,7.27738e-06,8.12689e-06,5,8.304352e-06,3.856305e-05,1,8,3.540137e-07,7.099471e-06,7,4,0.8864731,4.223124e-07,3,8,7.25536e-06,1.196216e+09,0.008723402,1.988856,0.9944282,-101.2287,-124.4484,-173.3781,-176.5977,0.6775596
22,33,1134,3.842819e-07,1,8,5.770137e-06,7.532472e-06,6,7.67593e-06,3.80195e-05,1,2,4.263638e-07,8.83619e-06,7,3,0.8259395,4.098336e-07,4,5,7.254938e-06,5.379706e+09,0.004191189,0.9968459,0.4984229,-72.33676,-100.8259,-160.7286,-169.2177,0.003007908
22,34,1135,3.992951e-07,2,6,6.613831e-06,8.428636e-06,8,7.943988e-06,3.728956e-05,1,7,3.691316e-07,6.621756e-06,6,2,0.8951573,4.026828e-07,4,7,7.673359e-06,1.451183e+09,0.006699094,1.849467,0.9247336,-101.9332,-124.9844,-176.9075,-179.9587,0.5496698
22,35,1136,3.982723e-07,2,9,8.159046e-06,6.935975e-06,6,8.985776e-06,4.091025e-05,1,2,3.679202e-07,8.281955e-06,7,2,0.9266234,4.684453e-07,3,9,7.283987e-06,4.759096e+09,0.01016629,1.605058,0.8025292,-92.62594,-117.3277,-176.1048,-180.8066,0.006008886
22,36,1137,4.040826e-07,2,6,7.632831e-06,9.627132e-06,4,7.250395e-06,3.75812e-05,1,2,3.521633e-07,6.493417e-06,6,3,0.9151326,3.76812e-07,3,6,7.353667e-06,5.785953e+09,0.008254487,1.620547,0.8102734,-88.54814,-114.3449,-174.6287,-180.4255,0.02454887
22,37,1138,3.981831e-07,1,7,6.699567e-06,8.723135e-06,7,7.522528e-06,3.84427e-05,1,2,3.813285e-07,6.865883e-06,6,4,1.131311,4.063263e-07,4,10,8.231578e-06,4.285283e+09,0.008722341,1.324979,0.6624897,-80.18964,-108.3967,-163.4229,-171.6299,0.01573832
22,38,1139,3.903571e-07,3,6,8.693844e-06,9.117202e-06,7,6.399658e-06,4.007555e-05,1,2,4.391713e-07,9.459166e-06,7,3,1.014018,3.469529e-07,4,7,7.100471e-06,4.401678e+09,0.01378134,1.712088,0.8560441,-95.68315,-119.5727,-177.1626,-181.0521,0.1733196
22,39,1140,3.589398e-07,2,7,8.500568e-06,6.756698e-06,7,7.805344e-06,3.683552e-05,1,2,3.806113e-07,7.109782e-06,6,2,1.0642,4.053648e-07,4,7,8.560216e-06,5.060096e+09,0.009172276,1.477153,0.7385765,-90.05317,-115.7042,-174.5116,-180.1626,0.0
22,40,1141,3.243911e-07,2,7,8.279395e-06,8.780008e-06,6,7.209965e-06,3.887873e-05,1,6,3.621874e-07,8.234315e-06,10,2,0.918828,4.05969e-07,3,6,8.676324e-06,1.739486e+09,0.01159763,1.993058,0.9965292,-99.92488,-123.0438,-174.0896,-177.2085,0.5496004
22,41,1142,4.144397e-07,3,8,6.717395e-06,6.688553e-06,5,8.576713e-06,4.374245e-05,1,2,4.294099e-07,8.903319e-06,7,4,1.101582,4.673733e-07,5,8,7.38045e-06,3.760837e+09,0.01649906,1.738228,0.869114,-96.95276,-120.6479,-176.2839,-179.979,0.5016495
22,42,1143,4.203306e-07,5,9,6.708401e-06,7.288753e-06,7,7.542199e-06,4.954188e-05,1,2,4.090766e-07,7.000792e-06,6,2,1.103494,3.83196e-07,2,8,8.410763e-06,4.896205e+09,0.008736339,1.663519,0.8317594,-93.25989,-117.6564,-177.6438,-182.0403,0.01188432
22,43,1144,4.968604e-07,2,6,6.7184e-06,7.19146e-06,8,8.260573e-06,3.423205e-05,1,2,4.06097e-07,6.789885e-06,7,2,1.031996,3.679894e-07,3,6,9.155978e-06,5.442834e+09,0.007102758,1.36136,0.68068,-89.18521,-114.6662,-175.3874,-180.8685,0.004518833
22,44,1145,4.27226e-07,2,7,7.81937e-06,7.135125e-06,9,6.033681e-06,3.569465e-05,1,1,3.35913e-07,6.338714e-06,6,2,0.8665599,3.089661e-07,5,9,7.376594e-06,8.015644e+09,0.008043855,0.9429002,0.4714501,-77.5015,-104.7685,-166.5256,-173.7926,0.3268351
22,45,1146,3.770971e-07,3,9,6.925287e-06,7.359791e-06,8,7.441648e-06,4.029517e-05,1,2,2.996554e-07,7.568586e-06,8,3,0.8957029,3.757297e-07,4,7,7.136094e-06,4.49824e+09,0.01568038,1.785915,0.8929576,-95.19778,-119.3807,-176.3051,-180.4879,0.3657223
22,46,1147,3.62157e-07,2,9,7.375258e-06,9.05276e-06,7,7.337883e-06,3.677903e-05,1,2,4.924357e-07,5.46644e-06,8,2,0.9507775,4.981875e-07,3,8,9.148786e-06,4.861812e+09,0.007175424,1.250856,0.6254278,-88.877,-114.3905,-174.0545,-179.568,6.07387e-05
22,47,1148,3.101763e-07,2,9,6.778608e-06,6.58404e-06,10,8.59928e-06,3.960914e-05,1,2,4.428195e-07,8.747894e-06,8,2,0.8991738,2.460692e-07,5,7,6.828949e-06,4.431692e+09,0.01122895,1.576531,0.7882653,-93.10383,-118.5033,-175.5318,-180.9313,0.02684038
22,48,1149,4.218597e-07,2,6,8.443873e-06,7.195683e-06,9,9.190147e-06,3.579983e-05,1,7,4.228032e-07,6.272735e-06,7,3,0.879793,3.001742e-07,3,8,7.29329e-06,1.441607e+09,0.008336869,1.909206,0.9546029,-102.1732,-125.0907,-176.1401,-179.0576,0.5725677
22,49,1150,4.757723e-07,2,9,7.827504e-06,7.677219e-06,8,8.659215e-06,3.612343e-05,1,2,4.270261e-07,5.328433e-06,9,3,0.8799216,2.516773e-07,2,7,7.991775e-06,5.195017e+09,0.009177824,1.566643,0.7833215,-92.60422,-117.5406,-177.2886,-182.2249,0.002321016
23,0,1151,4.218597e-07,2,6,7.822208e-06,6.769506e-06,9,8.423484e-06,3.579983e-05,1,2,3.358548e-07,6.272735e-06,7,3,0.879793,3.001742e-07,3,8,7.29329e-06,5.093651e+09,0.008640831,1.471628,0.7358138,-84.21144,-111.793,-168.9865,-176.568,0.0
23,1,1152,4.02971e-07,3,9,8.000389e-06,6.995794e-06,5,8.969281e-06,3.839087e-05,1,2,3.715768e-07,6.874924e-06,6,2,1.037852,3.102611e-07,3,8,7.295094e-06,5.60308e+09,0.009777187,1.643578,0.8217892,-91.04055,-116.1211,-176.1069,-181.1875,0.0188926
23,2,1153,4.226832e-07,4,6,8.006629e-06,6.988135e-06,8,6.879061e-06,3.671124e-05,1,2,4.328434e-07,6.048994e-06,8,2,0.8937689,3.119833e-07,3,8,8.491599e-06,5.228925e+09,0.009108705,1.515238,0.7576188,-91.46956,-116.3618,-176.2432,-181.1355,0.0007422382
23,3,1154,2.818288e-07,3,7,7.349636e-06,8.685855e-06,5,8.485867e-06,3.404298e-05,1,2,3.509884e-07,6.670799e-06,7,2,0.9045234,3.238272e-07,4,8,7.385006e-06,5.353017e+09,0.01108651,1.591169,0.7955844,-90.99002,-116.432,-175.114,-180.5561,0.0179605
23,4,1155,4.21288e-07,4,5,7.72425e-06,7.073e-06,8,7.745129e-06,3.763865e-05,1,2,3.904419e-07,7.268353e-06,10,2,0.9755074,3.458088e-07,3,8,8.099996e-06,4.803735e+09,0.01192429,1.6521,0.8260498,-94.13013,-118.4306,-176.9974,-181.2979,0.04769678
23,5,1156,3.241248e-07,2,9,5.961507e-06,7.687822e-06,4,7.591154e-06,3.61487e-05,1,2,4.68597e-07,5.351138e-06,9,3,0.8889584,3.690465e-07,1,8,8.574975e-06,6.153662e+09,0.007744248,1.655077,0.8275383,-91.80329,-115.9448,-178.6962,-182.8377,0.05337205
23,6,1157,4.731329e-07,1,10,6.902627e-06,8.385809e-06,6,8.303724e-06,3.632899e-05,1,2,3.89507e-07,9.906471e-06,7,3,0.8866436,2.974081e-07,5,7,6.6159e-06,4.861407e+09,0.00670313,1.178582,0.5892909,-76.17901,-104.4466,-161.6515,-169.919,6.203265e-05
23,7,1158,4.197029e-07,2,6,7.09385e-06,7.509663e-06,6,9.788481e-06,3.813114e-05,1,5,4.555777e-07,7.242436e-06,10,2,0.94823,2.503729e-07,4,8,6.092437e-06,2.125803e+09,0.008677231,1.864093,0.9320463,-99.54806,-123.0783,-176.7147,-180.2449,0.3794571
23,8,1159,2.159355e-07,2,6,8.031016e-06,6.82588e-06,3,8.797625e-06,4.489994e-05,1,2,3.961925e-07,8.092641e-06,8,3,0.879793,3.001742e-07,4,7,7.29329e-06,4.651871e+09,0.01336166,1.818695,0.9093477,-91.37916,-117.1127,-173.4731,-179.2067,0.1607129
23,9,1160,4.171707e-07,2,7,7.799494e-06,8.878369e-06,7,9.887519e-06,3.586584e-05,1,2,3.739449e-07,7.789074e-06,8,2,0.9188661,3.78371e-07,3,7,7.808578e-06,4.875857e+09,0.009145802,1.471094,0.7355472,-90.7638,-116.6057,-174.9126,-180.7545,2.427664e-05
23,10,1161,3.278938e-07,2,7,8.500568e-06,6.756698e-06,7,9.105598e-06,4.275397e-05,1,4,3.806113e-07,7.109782e-06,6,4,1.0642,1.839068e-07,4,8,8.560216e-06,2.3725e+09,0.01573903,1.967791,0.9838954,-97.62521,-122.1405,-173.1596,-177.6749,0.6926883
23,11,1162,3.758095e-07,2,7,8.337096e-06,9.843586e-06,7,7.74013e-06,3.708945e-05,1,2,4.324173e-07,6.005801e-06,8,2,0.9212972,4.020058e-07,3,6,9.033512e-06,5.044945e+09,0.007793731,1.40643,0.7032151,-91.47398,-116.5468,-176.6137,-181.6865,0.0
23,12,1163,4.147638e-07,2,7,6.546585e-06,8.185918e-06,7,7.969954e-06,3.548484e-05,1,2,4.033874e-07,7.394659e-06,7,3,1.062028,3.99116e-07,4,7,7.324917e-06,4.791821e+09,0.01045231,1.533577,0.7667885,-91.09587,-116.672,-174.5138,-180.0899,0.003034323
23,13,1164,3.904007e-07,3,6,8.498719e-06,7.148335e-06,8,7.853531e-06,3.525744e-05,1,4,4.084671e-07,6.706338e-06,7,3,1.054472,3.711868e-07,4,7,9.331514e-06,2.507116e+09,0.01256688,1.843937,0.9219686,-99.84175,-122.8836,-176.833,-179.8748,0.3569426
23,14,1165,4.20533e-07,3,8,8.210623e-06,7.64241e-06,8,9.039935e-06,3.411036e-05,1,2,3.586301e-07,6.528448e-06,6,2,0.9539104,4.748919e-07,4,8,8.236806e-06,4.765679e+09,0.009275674,1.336109,0.6680545,-89.03762,-115.5058,-172.9267,-179.3948,0.0007514453
23,15,1166,1.833002e-07,2,8,6.433989e-06,7.423944e-06,8,7.485955e-06,3.442247e-05,1,2,3.34402e-07,8.036728e-06,7,2,0.9126748,3.97275e-07,3,7,7.714102e-06,5.3218e+09,0.01164946,1.657378,0.8286889,-92.52811,-117.6144,-176.3862,-181.4725,0.04010649
23,16,1167,4.269792e-07,3,8,6.942202e-06,7.583787e-06,2,9.038612e-06,3.629344e-05,1,2,3.417155e-07,8.396909e-06,6,4,0.9114507,2.990254e-07,3,8,5.037908e-06,5.859368e+09,0.0133703,1.852316,0.926158,-91.75883,-116.1561,-175.8544,-180.2517,0.1909267
23,17,1168,3.331257e-07,4,6,7.302481e-06,6.108766e-06,6,7.59625e-06,3.863689e-05,1,2,4.106993e-07,6.847941e-06,6,3,1.093216,2.927578e-07,2,8,7.059074e-06,5.780875e+09,0.01101736,1.764591,0.8822956,-92.20445,-116.6178,-177.0235,-181.4368,0.05928863
23,18,1169,4.154682e-07,2,7,7.445382e-06,6.240324e-06,7,8.200303e-06,3.622086e-05,1,2,4.169534e-07,7.982399e-06,7,2,0.9268102,4.592365e-07,4,7,7.874207e-06,5.040425e+09,0.008293071,1.416683,0.7083414,-87.48406,-113.6447,-172.3462,-178.5069,0.0
23,19,1170,4.006714e-07,2,6,6.838476e-06,9.603473e-06,8,7.965937e-06,3.921935e-05,1,2,3.119074e-07,7.832457e-06,7,3,0.9074644,2.287509e-07,3,7,6.70148e-06,4.775774e+09,0.009228137,1.546234,0.773117,-86.09159,-113.6882,-170.0213,-177.6179,0.001592769
23,20,1171,4.03844e-07,3,6,8.260845e-06,7.42497e-06,4,6.640384e-06,3.107265e-05,1,2,2.515094e-07,6.599145e-06,6,3,0.9339044,2.914234e-07,3,5,6.982802e-06,7.142277e+09,0.01232355,1.84148,0.9207401,-89.59324,-114.4626,-175.7626,-180.6319,0.2661724
23,21,1172,4.262735e-07,3,5,6.898876e-06,7.232102e-06,8,7.82748e-06,3.873306e-05,1,2,3.525451e-07,5.470062e-06,9,3,0.9267554,4.337669e-07,3,7,7.329146e-06,4.872312e+09,0.0094218,1.564304,0.7821522,-89.37517,-115.4288,-173.3885,-179.4422,0.001869731
23,22,1173,3.897545e-07,2,6,7.115406e-06,9.412312e-06,4,7.408238e-06,3.591713e-05,1,2,3.573897e-07,8.840909e-06,7,3,0.8998517,2.583e-07,2,7,7.321067e-06,5.756323e+09,0.009090799,1.667688,0.833844,-86.7558,-113.5579,-172.3727,-179.1748,0.02905876
23,23,1174,3.613153e-07,2,7,6.732621e-06,9.053081e-06,8,7.094723e-06,3.80337e-05,1,10,3.734173e-07,7.175928e-06,9,2,1.079293,3.881726e-07,4,8,5.478453e-06,8.956432e+08,0.0105093,2.056242,1.028121,-100.845,-124.6854,-169.672,-173.5124,0.8079486
23,24,1175,3.6192e-07,3,8,7.999904e-06,8.757578e-06,7,8.149154e-06,3.813128e-05,1,2,4.302456e-07,5.928208e-06,7,1,0.9393949,3.798399e-07,5,8,7.618915e-06,4.884871e+09,0.005309396,0.9712315,0.4856157,-82.98099,-110.3039,-169.5076,-176.8305,9.53338e-06
23,25,1176,2.394507e-07,2,8,6.926468e-06,5.708663e-06,5,6.070676e-06,3.682423e-05,1,2,3.084667e-07,6.956552e-06,7,2,0.9044743,3.192736e-07,5,7,6.102436e-06,5.777824e+09,0.01168597,1.753204,0.876602,-90.10591,-115.4261,-174.6645,-179.9848,0.0745835
23,26,1177,2.987105e-07,3,8,7.289138e-06,6.129751e-06,6,7.840926e-06,4.928635e-05,1,2,4.44487e-07,6.847338e-06,6,2,0.9372796,3.487603e-07,2,7,6.84504e-06,5.531965e+09,0.007278357,1.682284,0.8411419,-92.24194,-116.4127,-178.4792,-182.6499,0.02194166
23,27,1178,3.667892e-07,2,7,6.73429e-06,9.756115e-06,6,7.696447e-06,3.345773e-05,1,2,3.387421e-07,9.758672e-06,6,3,0.9311841,4.216018e-07,3,7,8.845094e-06,4.970185e+09,0.01078391,1.538786,0.7693929,-85.74661,-113.1734,-169.3463,-176.7731,0.00681377
23,28,1179,3.84312e-07,1,6,6.527674e-06,8.422718e-06,7,7.793704e-06,3.762469e-05,1,2,4.233197e-07,7.261917e-06,7,3,1.147699,3.630477e-07,1,6,7.277133e-06,5.588631e+09,0.005788681,1.425466,0.7127332,-89.05944,-115.1769,-176.3797,-182.4972,0.009179537
23,29,1180,3.99241e-07,5,5,8.1424e-06,7.297439e-06,6,6.139801e-06,3.834288e-05,1,2,4.158067e-07,6.818377e-06,6,2,0.9579332,2.51942e-07,3,8,8.621345e-06,5.607996e+09,0.00912035,1.595827,0.7979134,-90.14013,-115.4181,-175.5162,-180.7942,0.01400281
23,30,1181,3.849759e-07,2,5,8.896625e-06,6.82588e-06,9,8.797625e-06,3.579983e-05,1,2,3.961925e-07,7.376004e-06,7,3,0.879793,3.001742e-07,2,7,7.29329e-06,5.202014e+09,0.008238791,1.498165,0.7490824,-87.45449,-114.4553,-172.6193,-179.6201,0.0004001136
23,31,1182,3.011115e-07,1,8,6.723491e-06,8.326045e-06,7,8.550595e-06,3.841624e-05,1,2,3.740368e-07,6.852176e-06,6,3,1.054718,4.714151e-07,4,8,8.975845e-06,4.370048e+09,0.009013428,1.361655,0.6808274,-81.96309,-110.0354,-165.2239,-173.2962,0.01169718
23,32,1183,4.628381e-07,4,6,6.865222e-06,5.227176e-06,5,8.302416e-06,3.625338e-05,1,5,3.037534e-07,6.739819e-06,7,2,1.093951,3.519097e-07,3,6,9.28452e-06,2.580338e+09,0.01132542,1.988091,0.9940456,-96.34868,-120.0266,-174.0417,-177.7196,0.3475568
23,33,1184,4.083272e-07,3,7,6.945658e-06,8.684488e-06,9,6.972891e-06,3.631947e-05,1,2,3.514725e-07,6.073169e-06,9,2,0.907081,4.582236e-07,3,7,7.376888e-06,4.99467e+09,0.009470545,1.525628,0.7628141,-92.90708,-117.6825,-177.1135,-181.8889,0.0002919127
23,34,1185,4.206353e-07,4,9,6.978565e-06,8.237038e-06,6,8.317811e-06,4.235161e-05,1,2,4.10309e-07,6.735854e-06,6,2,1.174585,2.887187e-07,3,7,9.649288e-06,4.962487e+09,0.009508365,1.575243,0.7876213,-91.72986,-116.976,-175.8628,-181.1089,0.002516195
23,35,1186,3.220427e-07,1,8,6.669786e-06,6.915954e-06,8,8.45514e-06,3.949646e-05,1,2,4.313334e-07,8.799512e-06,7,2,0.8680766,3.114085e-07,5,5,7.021676e-06,5.039093e+09,0.006135396,1.268748,0.6343739,-75.09966,-103.6357,-161.2683,-169.8043,0.0
23,36,1187,4.206353e-07,4,6,6.978565e-06,8.237038e-06,6,8.317811e-06,3.372955e-05,1,2,4.10309e-07,8.016398e-06,6,2,1.174585,2.887187e-07,3,7,9.649288e-06,5.436764e+09,0.01023449,1.547209,0.7736043,-91.53852,-116.6345,-176.1447,-181.2406,0.005900612
23,37,1188,3.786024e-07,3,7,8.133899e-06,7.253122e-06,2,7.114124e-06,3.522774e-05,1,3,4.23706e-07,6.408833e-06,8,2,1.072162,3.402106e-07,4,8,9.031087e-06,3.861726e+09,0.01068855,1.766367,0.8831835,-93.98297,-118.1182,-175.4294,-179.5647,0.08117346
23,38,1189,3.964592e-07,2,7,9.928959e-06,8.517733e-06,7,7.661207e-06,3.735878e-05,1,8,3.62564e-07,7.299654e-06,6,5,0.9192702,3.904749e-07,3,8,6.37486e-06,1.152246e+09,0.01287416,2.036972,1.018486,-100.159,-123.9457,-170.2927,-174.0794,0.7957504
23,39,1190,3.609487e-07,3,7,6.795781e-06,7.416046e-06,3,8.105179e-06,3.330196e-05,1,2,4.022141e-07,8.50732e-06,6,3,1.100413,4.399028e-07,5,8,7.883145e-06,4.799268e+09,0.01365331,1.612626,0.8063128,-92.16711,-117.0231,-174.4382,-179.2942,0.1395271
23,40,1191,4.265235e-07,3,9,7.243043e-06,6.383228e-06,8,8.51491e-06,3.761445e-05,1,2,3.485061e-07,6.944797e-06,7,3,0.8902067,2.570928e-07,5,6,7.536883e-06,4.798156e+09,0.01372996,1.719455,0.8597275,-93.86172,-118.5126,-176.1065,-180.7574,0.1609624
23,41,1192,3.939548e-07,3,8,7.441503e-06,7.214821e-06,8,7.895043e-06,3.70701e-05,1,2,4.257813e-07,7.392865e-06,7,2,0.861273,3.251076e-07,4,6,8.09177e-06,5.071682e+09,0.00929067,1.517871,0.7589353,-92.14764,-116.9646,-176.5702,-181.3871,0.0001419359
23,42,1193,4.144171e-07,5,9,7.755307e-06,6.947449e-06,9,8.644921e-06,3.601474e-05,1,2,3.341075e-07,6.484686e-06,7,2,0.883008,3.46616e-07,2,7,7.678565e-06,5.51509e+09,0.01023719,1.641679,0.8208395,-93.63138,-118.0944,-178.3606,-182.8237,0.01610824
23,43,1194,2.234664e-07,2,7,9.871593e-06,9.056917e-06,7,8.165498e-06,3.89145e-05,1,10,4.517517e-07,8.30558e-06,8,3,0.8852896,3.067446e-07,5,5,5.277585e-06,8.380842e+08,0.01330221,2.069799,1.034899,-97.28248,-122.8454,-164.509,-170.0719,0.9405226
23,44,1195,3.620859e-07,1,7,5.781269e-06,6.264947e-06,6,7.802548e-06,3.737039e-05,1,2,3.823084e-07,7.672423e-06,6,2,1.001408,4.068535e-07,4,6,8.556775e-06,5.562273e+09,0.005826973,1.288306,0.6441529,-76.22844,-104.4685,-163.4791,-171.7191,0.008215944
23,45,1196,2.429236e-07,2,8,7.602729e-06,7.944341e-06,9,7.613804e-06,3.175119e-05,1,3,3.812381e-07,5.693874e-06,8,2,0.8788715,2.819089e-07,2,7,6.336184e-06,4.306104e+09,0.008523565,1.704664,0.8523322,-95.39479,-119.4703,-178.7703,-182.8457,0.0333069
23,46,1197,4.007266e-07,2,6,6.828499e-06,7.160103e-06,6,9.414869e-06,4.543594e-05,1,8,4.158489e-07,6.783013e-06,6,2,0.992131,2.566993e-07,4,7,9.014631e-06,1.208343e+09,0.007521654,1.971698,0.9858489,-101.877,-125.0899,-174.7577,-177.9706,0.6664991
23,47,1198,4.377701e-07,2,8,5.528621e-06,8.297178e-06,6,8.115423e-06,3.615674e-05,1,2,4.191068e-07,6.044738e-06,6,3,0.8498791,3.35566e-07,3,8,7.897778e-06,5.337229e+09,0.006689242,1.322623,0.6613116,-80.45827,-108.1807,-166.7508,-174.4733,0.002163695
23,48,1199,3.54833e-07,2,6,6.785754e-06,9.195181e-06,8,7.504748e-06,3.575001e-05,1,6,3.612852e-07,7.291573e-06,8,2,0.8782905,2.488633e-07,2,8,5.744425e-06,1.984833e+09,0.007764919,1.902358,0.9511789,-99.39878,-122.6967,-176.4519,-179.7498,0.4258961
23,49,1200,4.399188e-07,2,6,7.515124e-06,7.613206e-06,9,5.175578e-06,3.804923e-05,1,8,2.810817e-07,6.808813e-06,6,3,0.8903624,3.60803e-07,3,9,9.30905e-06,1.205712e+09,0.008769875,1.98343,0.9917149,-100.425,-124.2891,-172.62,-176.484,0.6722887
24,0,1201,4.218597e-07,2,6,7.822208e-06,6.769506e-06,9,8.423484e-06,3.579983e-05,1,2,3.358548e-07,6.272735e-06,7,3,0.879793,3.001742e-07,3,8,7.29329e-06,5.093651e+09,0.008640831,1.471628,0.7358142,-84.21564,-111.7962,-168.9907,-176.5712,0.0
24,1,1202,3.781728e-07,1,7,7.907904e-06,8.711798e-06,7,7.250873e-06,3.653048e-05,1,2,3.576726e-07,6.025726e-06,10,1,0.9195584,4.059916e-07,4,8,7.277984e-06,5.315034e+09,0.005442854,1.12822,0.5641101,-79.17668,-106.8878,-166.3285,-174.0396,0.001777771
24,2,1203,4.204859e-07,4,7,7.279162e-06,7.475073e-06,7,8.230893e-06,3.395355e-05,1,2,3.431392e-07,8.002067e-06,7,2,1.12926,3.441102e-07,4,9,9.149133e-06,4.675495e+09,0.01404596,1.596241,0.7981204,-92.6948,-118.0219,-174.6158,-179.943,0.1699141
24,3,1204,3.776515e-07,2,7,6.815063e-06,7.231936e-06,8,8.205771e-06,3.932571e-05,1,2,3.842332e-07,5.389651e-06,10,3,0.8833248,2.837526e-07,4,5,6.864093e-06,4.925441e+09,0.009274382,1.593419,0.7967096,-88.59108,-115.3414,-172.7671,-179.5174,0.003878726
24,4,1205,4.186768e-07,1,6,7.504944e-06,5.032593e-06,8,9.978095e-06,3.768215e-05,1,2,4.292776e-07,7.244094e-06,8,3,0.9030394,2.978887e-07,3,8,8.071937e-06,5.096651e+09,0.005169228,1.078989,0.5394946,-74.2944,-102.7188,-161.3058,-169.7302,0.0
24,5,1206,3.901417e-07,2,6,7.604071e-06,7.833686e-06,4,7.595178e-06,3.545509e-05,1,3,3.735823e-07,7.83307e-06,7,4,0.9410104,2.207023e-07,4,7,8.372696e-06,3.594544e+09,0.01155751,1.823046,0.9115231,-92.57104,-118.3891,-173.0553,-178.8734,0.1416194
24,6,1207,3.728661e-07,2,8,8.000271e-06,8.607483e-06,7,8.927282e-06,4.364972e-05,1,6,4.113179e-07,6.09533e-06,6,2,0.9937237,3.54504e-07,3,8,7.560874e-06,1.686105e+09,0.00751071,1.870036,0.9350182,-101.6472,-124.3011,-177.428,-180.082,0.4910571
24,7,1208,3.966116e-07,2,6,6.571776e-06,7.672117e-06,6,8.821285e-06,4.031194e-05,1,5,4.224107e-07,7.174269e-06,7,3,1.121759,1.848923e-07,4,7,7.853758e-06,2.082975e+09,0.01108136,1.942919,0.9714593,-98.67375,-122.7613,-174.6015,-178.6891,0.4293966
24,8,1209,3.747784e-07,2,10,8.416198e-06,8.61205e-06,8,8.187637e-06,3.637752e-05,1,2,4.376727e-07,6.378812e-06,7,2,0.927878,2.701261e-07,3,7,9.492442e-06,5.007897e+09,0.008854237,1.435971,0.7179856,-92.12565,-117.2405,-176.6472,-181.7621,0.0
24,9,1210,4.589559e-07,2,6,5.445845e-06,6.76428e-06,9,8.790327e-06,3.873594e-05,1,8,3.779713e-07,6.845916e-06,7,5,1.00036,2.285829e-07,4,6,7.64139e-06,1.118836e+09,0.008968214,1.962943,0.9814716,-101.4361,-125.3037,-172.8843,-176.752,0.6907203
24,10,1211,4.664589e-07,2,8,6.573635e-06,8.532482e-06,7,7.006743e-06,3.632516e-05,1,7,3.542918e-07,9.190584e-06,8,2,0.8941233,4.42787e-07,4,8,7.159773e-06,1.383952e+09,0.009040067,1.931804,0.9659022,-101.8199,-124.8138,-175.0806,-178.0745,0.5977625
24,11,1212,2.574396e-07,3,8,7.90004e-06,8.455113e-06,8,7.926255e-06,3.63127e-05,1,3,4.045963e-07,5.899399e-06,8,2,0.8802593,3.496755e-07,2,7,6.70467e-06,3.959554e+09,0.008607563,1.730117,0.8650583,-96.47408,-120.0693,-179.0782,-182.6734,0.06037121
24,12,1213,2.959067e-07,2,7,6.717016e-06,8.807322e-06,8,7.593757e-06,3.66485e-05,1,2,3.53444e-07,7.108089e-06,8,2,0.913665,3.99333e-07,3,7,6.995306e-06,5.077652e+09,0.009393953,1.550372,0.7751858,-90.86855,-116.7485,-175.2533,-181.1332,0.001127687
24,13,1214,2.434433e-07,3,5,7.481779e-06,7.948158e-06,7,7.79211e-06,3.70821e-05,1,2,4.315695e-07,6.24847e-06,8,2,0.8918806,3.38947e-07,3,6,8.851742e-06,5.290394e+09,0.008853017,1.53621,0.7681052,-91.86443,-116.8467,-176.8633,-181.8456,0.001976445
24,14,1215,2.332114e-07,2,7,6.943488e-06,6.887771e-06,4,9.811475e-06,3.532795e-05,1,2,3.36389e-07,6.383232e-06,7,3,0.8969011,3.317926e-07,5,8,7.519332e-06,4.906444e+09,0.0128434,1.65128,0.82564,-86.79007,-114.06,-169.5186,-176.7885,0.09102089
24,15,1216,4.731329e-07,1,7,6.902627e-06,8.385809e-06,6,8.303724e-06,3.632899e-05,1,3,3.89507e-07,9.906471e-06,7,3,0.9918541,2.974081e-07,5,7,6.6159e-06,3.389574e+09,0.006581847,1.425152,0.7125759,-80.52173,-108.7778,-162.9412,-171.1972,0.09501814
24,16,1217,3.917058e-07,2,7,9.68628e-06,6.719254e-06,9,8.726756e-06,3.669446e-05,1,5,3.90707e-07,7.161005e-06,8,2,0.9388313,3.847806e-07,3,7,9.018442e-06,2.094344e+09,0.009892045,1.867733,0.9338663,-100.862,-123.6115,-177.3301,-180.0796,0.3879522
24,17,1218,4.102104e-07,3,7,7.09912e-06,7.684797e-06,5,7.928403e-06,3.579654e-05,1,2,3.276226e-07,8.819691e-06,7,3,0.9789737,3.496333e-07,4,9,7.640126e-06,4.675884e+09,0.01539774,1.729559,0.8647795,-93.04406,-117.9628,-174.5668,-179.4855,0.3168686
24,18,1219,3.732934e-07,1,7,8.816236e-06,9.301802e-06,7,7.737265e-06,3.668949e-05,1,3,4.307982e-07,5.419532e-06,8,2,0.9455104,3.752037e-07,3,7,6.806663e-06,3.817344e+09,0.006006334,1.521362,0.7606811,-91.47671,-117.2594,-175.3258,-181.1085,0.04902182
24,19,1220,4.133762e-07,3,7,7.598141e-06,6.973067e-06,9,5.846124e-06,4.175317e-05,1,2,3.475616e-07,6.316264e-06,10,2,0.8993477,3.876652e-07,3,7,7.648134e-06,4.954336e+09,0.01082435,1.701632,0.8508158,-93.68105,-117.9028,-177.2367,-181.4585,0.02486448
24,20,1221,3.287545e-07,2,6,8.29742e-06,7.532078e-06,5,8.223069e-06,3.931669e-05,1,2,2.634179e-07,7.323922e-06,7,3,1.085764,3.249512e-07,3,6,7.290427e-06,5.441205e+09,0.01416523,1.855317,0.9276584,-93.39838,-117.6558,-176.6,-180.8575,0.2340786
24,21,1222,3.952262e-07,3,6,7.202706e-06,7.72127e-06,6,7.836627e-06,4.636643e-05,1,2,3.942352e-07,6.662212e-06,8,3,1.047293,4.137596e-07,2,7,6.873897e-06,4.855101e+09,0.01035074,1.761266,0.8806331,-94.51084,-117.5532,-178.0851,-181.1274,0.03165194
24,22,1223,3.926551e-07,3,5,8.220878e-06,9.674946e-06,6,6.90193e-06,3.774371e-05,1,2,4.18621e-07,8.116202e-06,6,2,0.9439618,2.749947e-07,3,7,8.790265e-06,5.303786e+09,0.00881979,1.549218,0.7746091,-91.58686,-116.5196,-176.624,-181.5567,0.00267329
24,23,1224,3.875207e-07,3,8,7.782507e-06,7.808686e-06,7,7.355197e-06,3.757564e-05,1,2,4.258915e-07,7.105911e-06,7,1,0.8652819,3.561974e-07,5,7,8.088813e-06,5.110128e+09,0.005995359,1.127836,0.5639179,-84.4221,-111.3873,-170.8126,-177.7778,3.943639e-06
24,24,1225,2.296806e-07,3,7,8.204625e-06,9.244379e-06,8,7.757705e-06,3.670409e-05,1,2,4.211856e-07,6.114659e-06,8,2,0.9119902,3.006668e-07,3,8,8.000823e-06,4.902912e+09,0.01028212,1.516314,0.7581569,-93.15017,-118.1199,-176.8384,-181.8082,0.0009142171
24,25,1226,3.958405e-07,2,7,7.768923e-06,6.439748e-06,7,8.870844e-06,3.313194e-05,1,2,4.104979e-07,7.787743e-06,7,3,0.9494022,3.761713e-07,2,9,5.088799e-06,5.640064e+09,0.009209591,1.599959,0.7999796,-92.4993,-117.0513,-177.8826,-182.4346,0.01565455
24,26,1227,4.206576e-07,2,6,7.591608e-06,6.919607e-06,9,9.563413e-06,3.66122e-05,1,5,4.450911e-07,6.280783e-06,9,3,0.8921727,2.822215e-07,4,8,6.812203e-06,1.950645e+09,0.008733509,1.800724,0.900362,-99.39398,-123.6903,-175.7857,-180.082,0.4024881
24,27,1228,3.639732e-07,3,7,6.234464e-06,9.048803e-06,8,8.061314e-06,3.691306e-05,1,1,3.573468e-07,7.899252e-06,6,3,1.070933,3.50479e-07,3,7,7.126192e-06,7.534746e+09,0.01234293,1.326631,0.6633156,-89.8882,-115.1074,-176.5154,-181.7346,0.2828052
24,28,1229,4.158636e-07,2,8,7.208179e-06,7.730092e-06,2,9.009348e-06,3.624256e-05,1,2,3.852216e-07,8.013565e-06,7,1,0.9186366,2.098673e-07,3,8,6.476825e-06,7.207455e+09,0.006443783,1.59074,0.7953699,-86.08429,-111.7651,-175.1485,-180.8293,0.1744156
24,29,1230,4.166992e-07,2,8,7.949032e-06,7.765734e-06,10,8.573789e-06,3.464287e-05,1,2,3.771948e-07,6.777723e-06,7,2,1.011107,4.756016e-07,4,6,7.920936e-06,4.785275e+09,0.008847547,1.36819,0.6840948,-91.89244,-117.1623,-176.0223,-181.2922,0.0005481826
24,30,1231,2.324364e-07,2,9,6.711191e-06,7.845021e-06,5,7.323874e-06,3.62047e-05,1,2,3.786668e-07,5.398233e-06,9,2,0.9013082,3.784582e-07,3,8,8.369313e-06,5.442972e+09,0.01004482,1.606091,0.8030456,-90.61547,-115.9199,-175.3128,-180.6172,0.009544952
24,31,1232,4.188777e-07,2,5,8.578295e-06,7.462704e-06,9,7.837708e-06,3.613252e-05,1,2,3.939902e-07,7.357244e-06,8,3,0.8943073,3.703448e-07,3,7,7.313583e-06,4.841851e+09,0.008385816,1.405648,0.7028239,-82.37818,-110.2845,-166.843,-174.7493,0.000140827
24,32,1233,3.508405e-07,2,9,6.681704e-06,8.464669e-06,4,8.302792e-06,3.628184e-05,1,2,4.24522e-07,7.625854e-06,7,4,1.000991,3.415014e-07,1,8,8.4045e-06,5.530243e+09,0.0106749,1.74143,0.8707148,-94.09548,-117.8991,-178.6667,-182.4703,0.03757766
24,33,1234,4.425924e-07,2,8,7.898099e-06,7.650425e-06,7,8.384177e-06,3.612335e-05,1,2,3.907534e-07,9.253555e-06,7,3,0.9907817,4.045225e-07,4,7,6.701376e-06,4.651699e+09,0.01210949,1.621571,0.8107855,-93.19781,-118.0987,-175.7188,-180.6196,0.05363579
24,34,1235,3.898219e-07,2,8,7.433539e-06,7.963157e-06,8,7.941654e-06,3.667057e-05,1,2,3.872892e-07,7.165557e-06,7,1,0.7875415,2.796004e-07,2,7,7.386013e-06,6.002366e+09,0.005095601,1.276528,0.6382642,-88.88282,-114.4904,-177.3773,-182.9849,0.03130585
24,35,1236,3.755245e-07,5,7,6.820108e-06,7.934133e-06,7,7.721031e-06,3.921835e-05,1,2,3.277831e-07,8.373997e-06,6,3,0.9087012,2.801153e-07,3,7,7.177721e-06,5.00403e+09,0.01510473,1.814608,0.9073039,-94.08754,-118.5154,-176.2828,-180.7107,0.304573
24,36,1237,4.083693e-07,4,6,8.226052e-06,8.265063e-06,4,8.119139e-06,3.575779e-05,1,9,2.89596e-07,6.720394e-06,7,3,1.012792,4.570313e-07,3,6,8.852375e-06,nil,0.01415239,nil,nil,nil,nil,1e+12,1e+12,3e+12
24,37,1238,4.098437e-07,3,10,5.794051e-06,9.390692e-06,10,9.086204e-06,3.76798e-05,1,2,3.727771e-07,6.995883e-06,9,4,1.030239,3.446844e-07,3,8,7.851597e-06,3.906754e+09,0.0171103,1.693561,0.8467803,-98.14665,-121.9349,-177.6504,-181.4386,0.5633042
24,38,1239,4.192621e-07,2,8,7.415404e-06,6.249101e-06,7,8.511559e-06,3.623013e-05,1,2,4.144004e-07,7.80473e-06,8,2,0.965656,3.885113e-07,3,6,7.541239e-06,5.438791e+09,0.008970747,1.585187,0.7925936,-92.3098,-116.7505,-177.4916,-181.9323,0.00763816
24,39,1240,4.20533e-07,3,8,8.210623e-06,7.64241e-06,8,9.039935e-06,3.411036e-05,1,2,3.586301e-07,5.526772e-06,10,2,0.9539104,4.748919e-07,4,10,8.236806e-06,4.360356e+09,0.01187929,1.42702,0.7135099,-91.43235,-117.2012,-173.4749,-179.2437,0.04744625
24,40,1241,4.292539e-07,2,8,5.76043e-06,6.791161e-06,6,8.063491e-06,3.808061e-05,1,3,4.300514e-07,6.631825e-06,6,2,0.8525875,3.361558e-07,2,7,5.422273e-06,4.577892e+09,0.005371899,1.669557,0.8347785,-93.25459,-117.3106,-179.1666,-183.2226,0.01709885
24,41,1242,3.758095e-07,4,9,8.337096e-06,9.843586e-06,7,7.74013e-06,3.949566e-05,1,6,4.324173e-07,7.905218e-06,8,2,0.9212972,4.020058e-07,3,6,9.033512e-06,1.659895e+09,0.0111618,1.952239,0.9761196,-101.4191,-124.0606,-175.3433,-177.9848,0.541642
24,42,1243,3.799185e-07,2,6,7.616308e-06,9.4365e-06,8,8.034762e-06,4.86525e-05,1,2,3.535891e-07,7.35413e-06,6,2,0.9810878,3.433958e-07,5,7,7.013256e-06,4.085393e+09,0.008804488,1.501633,0.7508164,-92.12113,-117.8235,-174.8988,-180.6011,0.027639
24,43,1244,4.116617e-07,2,7,6.818949e-06,8.763335e-06,5,7.969038e-06,3.874921e-05,1,6,3.354333e-07,7.600996e-06,9,3,1.015826,3.950732e-07,4,7,7.139179e-06,1.626619e+09,0.01223,1.988729,0.9943644,-100.42,-123.6582,-173.7715,-177.0096,0.6021607
24,44,1245,2.772734e-07,3,8,6.940039e-06,8.016658e-06,5,6.472819e-06,3.6418e-05,1,2,3.183937e-07,6.764534e-06,9,2,0.9047643,3.481611e-07,4,7,6.109948e-06,5.634368e+09,0.01321716,1.793459,0.8967297,-92.59765,-116.9623,-176.4032,-180.7678,0.1527544
24,45,1246,3.869947e-07,3,7,7.065044e-06,8.39099e-06,8,9.400718e-06,3.373708e-05,1,2,3.905905e-07,8.659135e-06,7,3,0.9309805,2.385164e-07,4,9,7.388024e-06,4.478677e+09,0.01421496,1.612054,0.8060272,-93.42178,-118.8529,-174.9173,-180.3484,0.1906325
24,46,1247,3.694048e-07,3,7,7.939007e-06,9.034126e-06,5,7.529135e-06,3.430439e-05,1,2,3.666243e-07,8.240001e-06,7,2,0.9257182,2.675403e-07,2,8,7.447113e-06,6.062281e+09,0.01082016,1.724163,0.8620817,-91.51428,-116.2927,-176.8247,-181.603,0.06466075
24,47,1248,3.022945e-07,3,8,6.90688e-06,8.169759e-06,5,7.675846e-06,3.59521e-05,1,2,3.811182e-07,7.656466e-06,8,2,1.059962,3.521938e-07,1,8,8.515484e-06,6.253023e+09,0.009681648,1.750837,0.8754185,-93.3153,-117.0571,-179.3776,-183.1194,0.07907764
24,48,1249,4.069855e-07,3,8,6.087951e-06,5.489976e-06,5,6.778229e-06,3.168188e-05,1,2,3.799661e-07,6.09344e-06,6,2,0.9574921,3.240742e-07,4,8,7.511466e-06,6.188419e+09,0.008363256,1.480416,0.7402078,-86.99397,-112.8912,-173.6018,-179.499,0.0455462
24,49,1250,4.937598e-07,2,8,7.899199e-06,6.689243e-06,4,8.62238e-06,3.405391e-05,1,3,4.089712e-07,8.104247e-06,10,3,1.068779,3.831752e-07,5,6,7.356304e-06,3.38751e+09,0.01364427,1.822767,0.9113835,-97.23663,-120.7347,-176.4847,-179.9828,0.274387
25,0,1251,4.218597e-07,2,6,7.822208e-06,6.769506e-06,9,8.423484e-06,3.579983e-05,1,2,3.358548e-07,6.272735e-06,7,3,0.879793,3.001742e-07,3,8,7.29329e-06,5.093651e+09,0.008640831,1.471629,0.7358143,-84.19369,-111.7722,-168.9687,-176.5473,0.0
25,1,1252,4.332863e-07,2,7,6.922096e-06,8.105088e-06,4,9.460801e-06,3.538666e-05,1,2,3.37639e-07,6.956355e-06,8,2,1.006575,3.330386e-07,2,8,7.743718e-06,6.076564e+09,0.009085538,1.669443,0.8347213,-90.85896,-115.585,-176.9486,-181.6746,0.04942618
25,2,1253,4.353465e-07,1,7,7.499092e-06,8.069789e-06,8,7.577714e-06,4.008292e-05,1,2,3.68344e-07,8.992932e-06,9,2,0.971919,3.784997e-07,5,7,6.943619e-06,4.552589e+09,0.006941143,1.236453,0.6182267,-76.8131,-105.1716,-161.564,-169.9225,0.005026851
25,3,1254,4.047302e-07,2,5,6.069628e-06,9.283669e-06,9,7.168016e-06,3.78441e-05,1,2,3.922584e-07,6.680842e-06,6,2,0.8595528,1.808329e-07,2,7,6.187638e-06,5.628054e+09,0.005198537,1.277569,0.6387843,-83.46365,-111.1415,-171.312,-178.9899,0.01072052
25,4,1255,3.661993e-07,3,7,6.863344e-06,9.393902e-06,8,8.690736e-06,3.664571e-05,1,2,3.334018e-07,8.82124e-06,7,3,0.8975144,3.403643e-07,5,7,7.414616e-06,4.212478e+09,0.01423806,1.621333,0.8106666,-92.05219,-118.2292,-173.0084,-179.1855,0.2058417
25,5,1256,4.39972e-07,2,5,6.993945e-06,8.425533e-06,6,7.840525e-06,4.085041e-05,1,5,4.402443e-07,8.854584e-06,7,2,0.9212536,3.220125e-07,1,8,7.169556e-06,2.471659e+09,0.005847773,1.846504,0.9232519,-98.97201,-121.8412,-179.1619,-182.0311,0.2989615
25,6,1257,3.585688e-07,2,6,7.439684e-06,7.46154e-06,6,8.11517e-06,3.817136e-05,1,2,3.332908e-07,7.007853e-06,6,3,0.9728032,3.254593e-07,4,6,5.864533e-06,5.439459e+09,0.009968688,1.685384,0.8426918,-91.42511,-116.5943,-176.1498,-181.319,0.01970455
25,7,1258,1.913144e-07,2,8,7.361956e-06,8.106176e-06,4,7.633914e-06,3.633204e-05,1,2,4.25822e-07,7.351419e-06,7,2,0.9122274,2.041034e-07,5,7,5.684435e-06,5.805165e+09,0.01083432,1.688303,0.8441514,-90.04442,-115.4738,-174.9727,-180.402,0.04183795
25,8,1259,3.235616e-07,2,8,7.843083e-06,7.24114e-06,9,8.423208e-06,3.605062e-05,1,2,3.800895e-07,9.064679e-06,8,3,0.9455504,3.774097e-07,4,7,6.757105e-06,4.422833e+09,0.01409648,1.665311,0.8326556,-93.97441,-119.1621,-175.3973,-180.585,0.1894405
25,9,1260,3.735643e-07,2,7,7.684149e-06,9.05429e-06,8,8.066357e-06,3.48076e-05,1,3,4.156001e-07,7.6191e-06,8,2,0.9387078,2.749401e-07,3,8,7.216805e-06,3.58337e+09,0.009538886,1.689018,0.8445088,-96.45203,-120.6512,-177.7429,-181.9421,0.08807869
25,10,1261,3.198111e-07,2,5,8.058777e-06,6.992632e-06,6,5.567105e-06,3.648591e-05,1,3,3.924716e-07,5.969903e-06,8,2,0.9918436,3.72722e-07,2,7,9.079144e-06,4.416458e+09,0.007863483,1.781145,0.8905725,-93.79113,-117.6187,-177.7365,-181.564,0.04486814
25,11,1262,3.752737e-07,2,9,7.011932e-06,8.527228e-06,8,8.187856e-06,3.928435e-05,1,2,3.864949e-07,6.878545e-06,7,2,0.9071408,2.808633e-07,4,6,8.822275e-06,4.783959e+09,0.009303363,1.512666,0.7563332,-92.29258,-117.5229,-176.2019,-181.4323,0.0006321335
25,12,1263,3.332901e-07,2,8,7.764994e-06,8.155724e-06,8,8.77668e-06,3.196638e-05,1,2,3.968164e-07,7.043342e-06,7,1,0.8982774,2.762549e-07,3,7,8.718781e-06,5.70106e+09,0.006014022,1.139866,0.5699331,-86.90114,-113.4023,-174.2286,-180.7298,0.0138898
25,13,1264,4.141757e-07,2,7,7.703174e-06,6.996804e-06,10,8.186022e-06,3.580004e-05,1,2,3.480109e-07,6.739218e-06,9,2,0.9422554,3.950372e-07,4,7,7.735298e-06,4.731073e+09,0.009905002,1.475629,0.7378147,-89.66607,-115.8876,-173.2067,-179.4283,0.001188513
25,14,1265,4.192621e-07,2,8,7.415404e-06,6.249101e-06,7,8.511559e-06,3.623013e-05,1,8,4.144004e-07,7.80473e-06,8,2,0.965656,3.885113e-07,3,10,7.541239e-06,1.224535e+09,0.009752754,1.995738,0.9978688,-102.1593,-124.999,-174.0274,-176.8671,0.6718672
25,15,1266,4.21599e-07,4,8,7.951707e-06,6.576256e-06,9,8.733838e-06,3.365333e-05,1,2,4.090403e-07,7.884186e-06,6,3,0.9807476,3.772705e-07,2,8,5.79401e-06,5.409784e+09,0.01069778,1.636351,0.8181753,-94.99127,-118.7486,-179.3619,-183.1193,0.0168214
25,16,1267,3.456326e-07,3,6,6.724239e-06,8.225604e-06,9,8.602114e-06,4.567477e-05,1,2,3.523293e-07,6.262542e-06,8,4,0.9274889,4.827969e-07,3,8,7.404434e-06,3.889828e+09,0.01252563,1.660592,0.8302958,-94.50732,-119.7907,-175.3279,-180.6113,0.1177513
25,17,1268,2.657566e-07,3,8,6.772316e-06,7.878955e-06,10,7.485862e-06,3.613552e-05,1,2,2.0491e-07,6.451752e-06,9,2,0.9249369,3.72501e-07,1,8,8.501368e-06,5.557409e+09,0.01307267,1.789354,0.8946771,-95.19374,-118.9907,-178.9275,-182.7245,0.1396683
25,18,1269,1.940566e-07,3,7,7.207293e-06,7.724916e-06,9,8.182593e-06,4.11522e-05,1,2,2.878384e-07,6.686496e-06,7,1,0.8516029,4.206943e-07,3,6,6.653624e-06,5.234526e+09,0.007219026,1.463074,0.731537,-90.73696,-117.0457,-176.5297,-182.8384,0.0006957753
25,19,1270,3.913895e-07,1,6,7.286038e-06,5.240913e-06,6,7.675033e-06,4.320974e-05,1,2,3.152312e-07,6.49852e-06,10,2,0.9713963,4.115527e-07,3,7,7.656233e-06,5.361907e+09,0.006216656,1.43846,0.7192299,-75.76057,-104.1247,-162.4114,-170.7756,0.002637264
25,20,1271,4.28179e-07,2,7,6.166212e-06,7.231618e-06,9,7.986922e-06,3.670902e-05,1,2,4.017968e-07,6.972613e-06,7,2,0.8917631,3.539078e-07,3,7,5.553811e-06,5.43042e+09,0.006591261,1.392548,0.696274,-88.32214,-114.5229,-174.8291,-181.0298,0.004197515
25,21,1272,3.605361e-07,3,10,7.38089e-06,8.414753e-06,8,7.94355e-06,3.614224e-05,1,5,3.949298e-07,6.817406e-06,7,2,1.193754,2.974703e-07,2,7,9.171267e-06,2.334157e+09,0.01019649,1.897757,0.9488784,-98.52332,-121.9509,-175.8014,-179.229,0.3449022
25,22,1273,3.156981e-07,2,7,7.596066e-06,7.47024e-06,10,9.332383e-06,3.904444e-05,1,2,3.915626e-07,6.877698e-06,7,2,0.8952916,4.340824e-07,3,6,7.519351e-06,4.722239e+09,0.007973812,1.416353,0.7081766,-92.64365,-117.9225,-177.11,-182.3888,0.001316073
25,23,1274,2.409505e-07,2,7,7.505058e-06,7.225934e-06,4,9.676736e-06,3.770949e-05,1,6,2.462909e-07,6.744328e-06,8,3,0.9947713,3.852118e-07,4,7,7.205431e-06,1.76143e+09,0.01691344,2.057094,1.028547,-94.88578,-120.2393,-167.5208,-172.8743,1.026163
25,24,1275,3.610186e-07,3,5,6.75742e-06,8.278848e-06,8,9.0402e-06,3.750657e-05,1,2,3.829052e-07,6.269935e-06,8,2,0.8957093,3.870301e-07,3,7,8.759626e-06,4.811944e+09,0.008314229,1.411256,0.7056279,-89.31497,-115.5634,-173.7632,-180.0116,0.0003229405
25,25,1276,4.354476e-07,2,8,7.921834e-06,7.648826e-06,8,8.49856e-06,3.440168e-05,1,2,3.694453e-07,7.131581e-06,9,3,0.97628,4.696952e-07,4,9,5.235359e-06,4.61984e+09,0.01197161,1.568444,0.7842218,-92.30229,-117.692,-174.8133,-180.203,0.04422363
25,26,1277,4.186966e-07,2,9,8.929777e-06,5.908061e-06,5,7.378415e-06,3.579842e-05,1,2,3.69514e-07,5.486678e-06,9,2,0.8942526,4.18958e-07,4,10,8.324326e-06,4.88983e+09,0.01011465,1.472961,0.7364804,-88.41316,-114.2939,-172.1495,-178.0303,0.0001357582
25,27,1278,2.296806e-07,3,7,5.971206e-06,9.244379e-06,7,7.757705e-06,3.670409e-05,1,2,4.211856e-07,5.689148e-06,8,2,0.9119902,1.86493e-07,3,8,8.000823e-06,5.252285e+09,0.009880445,1.553535,0.7767675,-90.85578,-116.4009,-175.315,-180.8601,0.002165391
25,28,1279,3.670603e-07,1,8,6.99296e-06,5.534732e-06,8,8.870306e-06,4.302968e-05,1,2,4.098786e-07,7.234868e-06,8,2,0.9116523,3.314878e-07,5,7,6.999518e-06,4.691284e+09,0.006591981,1.322576,0.6612878,-77.03196,-105.3801,-162.2676,-170.6158,0.001814346
25,29,1280,2.887747e-07,2,10,6.477281e-06,8.636268e-06,9,8.588155e-06,3.749208e-05,1,2,3.81227e-07,7.015169e-06,8,3,0.8025138,3.395906e-07,3,8,9.254932e-06,4.306268e+09,0.01134268,1.515731,0.7578654,-85.18928,-113.121,-167.3241,-175.2559,0.0328199
25,30,1281,4.046418e-07,3,7,7.617194e-06,5.623553e-06,7,9.344152e-06,3.758073e-05,1,2,4.291871e-07,6.772128e-06,7,2,0.836323,3.467705e-07,3,8,6.854929e-06,5.425031e+09,0.0079997,1.508522,0.7542609,-90.92639,-115.7873,-176.5837,-181.4446,0.004093976
25,31,1282,3.898219e-07,2,8,7.433539e-06,7.963157e-06,8,7.941654e-06,3.667057e-05,1,2,3.872892e-07,6.150745e-06,7,1,0.8962752,2.796004e-07,2,7,7.386013e-06,6.06634e+09,0.004960128,1.247712,0.6238559,-88.38246,-114.3506,-177.0861,-183.0542,0.03590208
25,32,1283,1.867607e-07,2,8,6.988087e-06,7.637626e-06,8,8.201226e-06,3.876849e-05,1,2,4.218082e-07,9.44787e-06,10,4,0.8621986,2.823401e-07,3,7,7.19703e-06,3.960407e+09,0.01742047,1.759319,0.8796597,-91.64517,-118.5401,-171.1894,-178.0843,0.6172899
25,33,1284,3.922168e-07,2,8,8.292853e-06,7.20749e-06,7,8.585485e-06,4.289335e-05,1,2,4.327723e-07,7.692437e-06,7,4,0.9443014,3.673032e-07,3,9,6.341479e-06,4.266322e+09,0.0123441,1.693998,0.8469992,-94.97623,-119.3958,-176.6627,-181.0822,0.0883993
25,34,1285,4.203048e-07,1,6,7.551519e-06,6.112547e-06,7,9.633098e-06,3.717592e-05,1,3,4.449477e-07,7.103247e-06,8,3,0.8971813,2.848834e-07,4,8,7.920753e-06,3.472418e+09,0.005103863,1.254801,0.6274006,-76.38068,-104.8154,-160.1143,-168.5491,0.08488094
25,35,1286,4.253076e-07,2,7,9.559883e-06,9.263324e-06,6,7.995385e-06,3.800703e-05,1,2,3.416676e-07,8.56178e-06,6,2,0.9273026,3.11084e-07,3,7,6.624582e-06,5.406201e+09,0.009593149,1.641548,0.8207741,-92.69276,-117.3088,-177.531,-182.1471,0.01250959
25,36,1287,3.039317e-07,3,7,7.230755e-06,7.098878e-06,7,8.658192e-06,3.564535e-05,1,2,4.134898e-07,7.054993e-06,9,2,0.8723178,3.367226e-07,5,7,8.040045e-06,4.682219e+09,0.01156194,1.540572,0.7702858,-91.69222,-117.166,-174.471,-179.9447,0.02710347
25,37,1288,3.983193e-07,1,8,7.333923e-06,8.214475e-06,8,7.621541e-06,3.636234e-05,1,1,3.887888e-07,7.385106e-06,7,1,0.907118,2.918524e-07,3,7,6.652374e-06,9.170659e+09,0.004716157,0.7035993,0.3517997,-84.35113,-109.5888,-176.8633,-182.1009,0.6370729
25,38,1289,2.487229e-07,4,9,8.595784e-06,7.849005e-06,9,7.242149e-06,3.627474e-05,1,2,3.346802e-07,6.403784e-06,9,2,0.8570148,3.69993e-07,3,8,9.622321e-06,4.705104e+09,0.01457365,1.677566,0.8387828,-94.33531,-119.0321,-176.151,-180.8478,0.2247779
25,39,1290,3.821682e-07,2,8,6.636509e-06,8.513205e-06,8,6.060683e-06,3.630147e-05,1,2,3.565052e-07,8.47652e-06,8,2,0.9480744,3.846241e-07,3,8,8.334542e-06,4.965067e+09,0.01052175,1.583589,0.7917945,-90.22127,-116.1085,-173.9189,-179.8061,0.005827654
25,40,1291,2.757672e-07,2,7,7.052506e-06,7.900377e-06,7,7.986396e-06,3.493837e-05,1,2,4.248116e-07,8.27513e-06,7,3,1.034824,3.884842e-07,3,7,7.952882e-06,4.875362e+09,0.01209699,1.636879,0.8184395,-93.83726,-118.4602,-176.7706,-181.3935,0.05232587
25,41,1292,3.84571e-07,2,7,7.799722e-06,9.623754e-06,7,7.750454e-06,3.357755e-05,1,2,3.638076e-07,6.27573e-06,9,2,0.9296701,4.435524e-07,4,7,7.349454e-06,5.007875e+09,0.00936647,1.434843,0.7174214,-88.89621,-115.1058,-173.1735,-179.3831,0.0
25,42,1293,3.524304e-07,2,9,6.677275e-06,8.661593e-06,4,8.107989e-06,3.644677e-05,1,1,4.019146e-07,7.645829e-06,7,4,1.063532,3.480196e-07,1,7,8.022713e-06,8.820046e+09,0.01058656,1.456232,0.7281159,-88.41607,-113.4553,-177.0779,-182.1172,0.5354951
25,43,1294,4.213498e-07,5,6,7.666307e-06,6.324621e-06,8,6.425632e-06,3.724764e-05,1,2,4.216168e-07,7.666711e-06,9,3,0.9181478,3.122966e-07,2,7,7.357686e-06,5.151177e+09,0.01319302,1.776602,0.888301,-94.25876,-118.3379,-177.2934,-181.3726,0.1360585
25,44,1295,2.368583e-07,3,7,8.050394e-06,9.071365e-06,8,7.695186e-06,4.927695e-05,1,8,3.87757e-07,6.410916e-06,8,2,0.9133378,3.915452e-07,3,5,8.956282e-06,1.140433e+09,0.01001538,2.023853,1.011927,-100.8573,-124.1778,-171.992,-175.3125,0.7106537
25,45,1296,3.819457e-07,2,7,7.943446e-06,8.964546e-06,7,8.336014e-06,3.451555e-05,1,2,3.738592e-07,7.260709e-06,7,4,0.9672009,2.665215e-07,3,8,7.652415e-06,4.763656e+09,0.01298959,1.654466,0.8272329,-92.26104,-117.9597,-174.6839,-180.3825,0.1007553
25,46,1297,3.556729e-07,2,8,7.044945e-06,5.46102e-06,5,7.488524e-06,3.685034e-05,1,2,4.250848e-07,7.252034e-06,7,1,0.9708342,1.965065e-07,3,7,8.341748e-06,6.680583e+09,0.00597629,1.45884,0.7294198,-86.1915,-112.2147,-174.9235,-180.9466,0.09604935
25,47,1298,4.579729e-07,3,5,6.087951e-06,5.489976e-06,5,6.778229e-06,3.168188e-05,1,3,2.629276e-07,6.09344e-06,6,2,0.9574921,3.240742e-07,4,8,7.511466e-06,4.453033e+09,0.008608971,1.715555,0.8577773,-90.09933,-115.5593,-173.7229,-179.1829,0.02897124
25,48,1299,4.080345e-07,2,6,9.857236e-06,7.378024e-06,5,7.780923e-06,3.677971e-05,1,3,4.940189e-07,6.86797e-06,6,3,0.8674255,2.954055e-07,5,7,5.461191e-06,3.794159e+09,0.008168537,1.697418,0.8487091,-94.25075,-118.5448,-176.7116,-181.0057,0.06825407
25,49,1300,4.245747e-07,4,7,7.097877e-06,6.601526e-06,7,8.531719e-06,3.595091e-05,1,3,4.273202e-07,5.071139e-06,6,2,0.8838709,3.477061e-07,2,7,5.333635e-06,4.653197e+09,0.005552201,1.623078,0.8115389,-93.538,-117.6764,-179.4484,-183.5867,0.009269438
26,0,1301,4.218597e-07,2,6,7.822208e-06,6.769506e-06,9,8.423484e-06,3.579983e-05,1,2,3.358548e-07,6.272735e-06,7,3,0.879793,3.001742e-07,3,8,7.29329e-06,5.093651e+09,0.008640831,1.471628,0.7358142,-84.18648,-111.7637,-168.9615,-176.5387,0.0
26,1,1302,2.758672e-07,4,7,7.695994e-06,5.785561e-06,6,7.517218e-06,3.637439e-05,1,2,3.542945e-07,7.744186e-06,8,3,0.961623,3.539118e-07,4,7,6.998699e-06,5.006067e+09,0.01752105,1.838512,0.9192561,-94.62591,-118.5286,-176.1802,-180.083,0.6165908
26,2,1303,4.055566e-07,2,9,7.790747e-06,9.953173e-06,8,8.059008e-06,3.837306e-05,1,2,3.61556e-07,7.427491e-06,6,3,0.9238511,3.024241e-07,4,6,7.897023e-06,4.576201e+09,0.01142179,1.60058,0.80029,-94.1725,-118.9792,-176.8053,-181.612,0.02907789
26,3,1304,3.821634e-07,4,8,7.688686e-06,6.982398e-06,7,8.544748e-06,3.421482e-05,1,2,4.204077e-07,6.696988e-06,7,2,0.895748,3.28593e-07,3,7,5.492645e-06,5.883635e+09,0.00870688,1.566464,0.7832322,-92.00701,-116.6209,-178.0013,-182.6151,0.02557289
26,4,1305,2.008215e-07,3,8,7.521864e-06,6.696668e-06,5,5.466186e-06,3.500192e-05,1,2,3.547456e-07,5.513241e-06,6,3,0.9745667,3.488626e-07,4,7,5.85912e-06,6.161229e+09,0.01168949,1.756087,0.8780437,-90.8508,-115.5308,-175.9662,-180.6462,0.1009896
26,5,1306,4.922735e-07,2,7,6.454634e-06,7.622485e-06,7,8.381694e-06,3.992144e-05,1,2,3.886164e-07,5.337137e-06,8,2,0.833374,3.547391e-07,5,7,8.512445e-06,4.771314e+09,0.00601789,1.145602,0.572801,-77.75254,-105.5696,-163.5309,-171.3479,0.0006897171
26,6,1307,4.637748e-07,1,8,7.863803e-06,8.103128e-06,6,8.574506e-06,3.207378e-05,1,6,2.995755e-07,7.054688e-06,7,2,0.903048,4.69611e-07,3,9,5.853667e-06,2.008042e+09,0.005998292,1.764204,0.882102,-95.0557,-120.4389,-173.3309,-178.714,0.3793545
26,7,1308,4.15619e-07,2,8,7.508998e-06,8.372917e-06,9,7.135124e-06,4.103431e-05,1,2,4.349118e-07,7.964924e-06,8,4,0.957225,3.836125e-07,3,8,6.744692e-06,4.104597e+09,0.01216562,1.628374,0.8141871,-93.75722,-119.1121,-175.1713,-180.5262,0.08057342
26,8,1309,4.05041e-07,4,7,6.192016e-06,8.593906e-06,9,8.11326e-06,3.679758e-05,1,2,4.497573e-07,7.002786e-06,8,3,0.8200685,3.494872e-07,3,7,8.366922e-06,4.492324e+09,0.01050108,1.507341,0.7536705,-92.29852,-117.827,-175.1356,-180.6641,0.009456826
26,9,1310,4.006426e-07,2,6,6.203385e-06,6.312042e-06,8,6.553912e-06,3.838356e-05,1,2,3.86518e-07,7.26085e-06,6,2,0.9095994,2.360596e-07,3,8,7.014697e-06,5.736351e+09,0.006897644,1.51085,0.7554249,-86.48342,-113.0357,-173.2691,-179.8214,0.01562104
26,10,1311,3.105528e-07,2,8,7.029962e-06,5.637406e-06,7,8.600926e-06,3.583682e-05,1,2,4.192349e-07,7.971956e-06,7,3,0.799247,2.242031e-07,3,8,7.880926e-06,5.182545e+09,0.009734958,1.592599,0.7962996,-83.42782,-111.2734,-167.8353,-175.681,0.004072902
26,11,1312,3.730252e-07,3,8,9.591077e-06,6.627975e-06,5,7.637897e-06,4.883094e-05,1,2,4.138736e-07,6.680995e-06,8,1,0.9291028,2.165656e-07,2,5,8.566139e-06,6.316262e+09,0.006101512,1.652851,0.8264255,-88.11842,-113.7374,-176.2732,-181.8922,0.06725777
26,12,1313,2.953383e-07,3,7,6.789686e-06,6.26801e-06,7,9.224657e-06,3.749647e-05,1,2,4.287567e-07,8.776686e-06,7,2,0.8848745,3.444202e-07,3,8,7.020823e-06,5.110705e+09,0.0102067,1.609478,0.8047392,-93.00726,-117.5711,-177.088,-181.6519,0.005758544
26,13,1314,3.773851e-07,2,7,7.794932e-06,8.987688e-06,7,8.299059e-06,3.467532e-05,1,3,4.08988e-07,7.440299e-06,8,3,0.9615082,1.817063e-07,3,8,7.509859e-06,3.514933e+09,0.01226987,1.800493,0.9002465,-96.01081,-120.7608,-176.0408,-180.7908,0.1715553
26,14,1315,3.745289e-07,2,8,7.161407e-06,5.445148e-06,3,7.575733e-06,4.129609e-05,1,2,3.509052e-07,6.791546e-06,7,2,0.9711406,3.061908e-07,3,7,8.165219e-06,5.992773e+09,0.009581075,1.763266,0.8816332,-90.2144,-114.8367,-175.9528,-180.5751,0.06144783
26,15,1316,4.21599e-07,4,8,5.245693e-06,6.746665e-06,9,8.733838e-06,3.365333e-05,1,2,4.090403e-07,7.884186e-06,8,3,1.122711,2.835831e-07,2,8,5.79401e-06,5.154842e+09,0.01289681,1.701486,0.850743,-94.79296,-119.0582,-177.9324,-182.1977,0.1020735
26,16,1317,3.415715e-07,4,9,7.897479e-06,7.073294e-06,10,8.854515e-06,4.839242e-05,1,2,4.085173e-07,7.165347e-06,9,4,1.107887,4.127281e-07,2,7,6.103131e-06,3.910879e+09,0.01492797,1.800645,0.9003227,-99.3779,-122.0756,-179.4834,-182.1811,0.3237694
26,17,1318,4.986312e-07,5,5,7.203089e-06,7.270243e-06,7,6.137077e-06,3.779656e-05,1,5,4.199549e-07,8.020947e-06,8,2,0.914474,3.240959e-07,2,7,7.433003e-06,2.484498e+09,0.009234323,1.945119,0.9725597,-97.80339,-121.026,-176.0541,-179.2767,0.3310675
26,18,1319,4.464435e-07,2,5,5.184679e-06,8.035941e-06,6,6.572836e-06,3.796775e-05,1,3,4.118201e-07,6.271924e-06,6,2,0.9282376,3.741769e-07,4,6,6.711658e-06,4.142931e+09,0.004851412,1.478203,0.7391014,-84.99803,-112.0273,-170.4855,-177.5148,0.02387143
26,19,1320,4.053518e-07,2,6,6.889664e-06,9.26922e-06,6,7.561924e-06,3.740041e-05,1,2,1.867354e-07,5.049756e-06,6,2,0.9741503,3.673656e-07,4,7,5.787127e-06,5.675746e+09,0.009110316,1.616431,0.8082155,-88.24161,-114.6184,-173.7267,-180.1036,0.01876942
26,20,1321,1.940566e-07,3,7,7.207293e-06,8.461079e-06,9,8.182593e-06,4.11522e-05,1,2,2.878384e-07,6.686496e-06,7,1,0.8516029,4.206943e-07,3,6,6.653624e-06,5.107052e+09,0.007219026,1.437127,0.7185634,-91.00835,-117.3464,-176.587,-182.925,1.911893e-06
26,21,1322,4.427867e-07,2,6,7.25455e-06,5.870274e-06,7,9.884112e-06,3.189431e-05,1,3,2.677416e-07,6.40902e-06,8,2,0.9566016,3.455563e-07,4,7,7.561181e-06,3.97252e+09,0.009314453,1.685847,0.8429234,-91.15935,-117.0467,-173.4491,-179.3365,0.05117823
26,22,1323,4.22989e-07,4,6,7.42716e-06,5.588643e-06,1,7.300416e-06,3.760775e-05,1,9,4.107833e-07,6.888814e-06,6,3,0.8571525,3.161157e-07,3,7,6.970278e-06,1.346763e+09,0.009822885,2.097033,1.048517,-96.64819,-120.3142,-169.3116,-172.9776,0.6842646
26,23,1324,3.039479e-07,2,6,8.663506e-06,8.106476e-06,7,9.484959e-06,4.49292e-05,1,2,3.920069e-07,6.458605e-06,8,3,0.9272315,3.312963e-07,4,8,6.287287e-06,4.217728e+09,0.01152302,1.661525,0.8307626,-93.53831,-118.8896,-175.4242,-180.7755,0.05417905
26,24,1325,4.880125e-07,5,7,7.428616e-06,7.84988e-06,6,6.132823e-06,4.084542e-05,1,7,3.632927e-07,8.147587e-06,7,1,0.9177236,4.102729e-07,4,7,6.731894e-06,1.612148e+09,0.007240149,1.934697,0.9673485,-100.0807,-123.0493,-175.6313,-178.5999,0.5342106
26,25,1326,4.160238e-07,3,6,7.073349e-06,7.528257e-06,9,9.533154e-06,4.186701e-05,1,2,3.824912e-07,8.456058e-06,5,2,0.9056582,4.512979e-07,2,8,6.68106e-06,4.876017e+09,0.007037719,1.44014,0.7200701,-93.90533,-118.2944,-179.1923,-183.5814,2.395684e-05
26,26,1327,4.019882e-07,2,7,9.805948e-06,7.6424e-06,6,9.810666e-06,3.458527e-05,1,3,2.255146e-07,7.067971e-06,6,4,0.9373325,2.945004e-07,5,8,7.644582e-06,3.296987e+09,0.01627159,1.858714,0.9293571,-94.9206,-120.1928,-173.1686,-178.4409,0.5575423
26,27,1328,4.161752e-07,2,7,6.603047e-06,7.601931e-06,7,7.804426e-06,4.94912e-05,1,5,3.903518e-07,6.72364e-06,8,2,0.9291478,4.107995e-07,4,7,6.835962e-06,1.898586e+09,0.007980554,1.892851,0.9464256,-100.9604,-123.6862,-177.5087,-180.2344,0.4437894
26,28,1329,4.354476e-07,2,8,7.921834e-06,7.648826e-06,8,8.49856e-06,4.683301e-05,1,2,3.694453e-07,7.131581e-06,9,3,0.97628,4.696952e-07,2,5,5.235359e-06,4.608452e+09,0.008569571,1.653762,0.8268809,-97.05274,-120.1064,-180.9942,-184.0479,0.01404809
26,29,1330,4.196604e-07,2,9,5.840608e-06,6.969592e-06,7,7.06911e-06,3.605679e-05,1,3,3.611598e-07,6.004124e-06,7,2,0.911591,3.085522e-07,3,8,6.515205e-06,4.156087e+09,0.007738829,1.716055,0.8580274,-93.95871,-118.2384,-177.4456,-181.7254,0.04379553
26,30,1331,3.928189e-07,2,7,7.222155e-06,6.825233e-06,9,9.065981e-06,3.666581e-05,1,5,3.739511e-07,5.566505e-06,7,4,0.8829344,3.21291e-07,3,8,6.604098e-06,2.097528e+09,0.009412643,1.867993,0.9339967,-100.1856,-123.4118,-176.8827,-180.1089,0.3872936
26,31,1332,3.156981e-07,2,5,7.964643e-06,7.47024e-06,10,9.332383e-06,3.904444e-05,1,2,3.915626e-07,6.877698e-06,7,2,0.8952916,4.340824e-07,3,6,7.519351e-06,4.746688e+09,0.007240363,1.351488,0.6757442,-88.65221,-115.3703,-173.5824,-180.3005,0.0009789551
26,32,1333,4.281302e-07,2,7,7.301098e-06,7.024031e-06,2,8.033801e-06,3.674961e-05,1,2,4.23114e-07,6.988424e-06,8,2,0.8941452,3.497737e-07,4,8,5.580276e-06,6.09251e+09,0.007819173,1.599914,0.7999569,-86.53415,-112.2367,-173.2985,-179.001,0.04230974
26,33,1334,3.749694e-07,2,5,7.350843e-06,7.839748e-06,8,7.078363e-06,3.783984e-05,1,2,4.771491e-07,7.740611e-06,7,3,0.9209341,3.601126e-07,4,7,5.210402e-06,4.917042e+09,0.007767174,1.434123,0.7170615,-84.55826,-112.0795,-169.4897,-177.0109,0.0
26,34,1335,4.281571e-07,3,7,7.671065e-06,7.47205e-06,8,8.110763e-06,4.643055e-05,1,2,2.27021e-07,7.801119e-06,9,2,0.9629869,3.877756e-07,5,7,7.693415e-06,4.029696e+09,0.01619145,1.78983,0.8949148,-94.63531,-119.5363,-174.6479,-179.5489,0.4522214
26,35,1336,3.49247e-07,2,7,7.85913e-06,7.166326e-06,7,5.682806e-06,3.657763e-05,1,2,3.920676e-07,6.007054e-06,7,2,1.069932,2.979579e-07,2,7,7.713376e-06,6.39449e+09,0.008064846,1.653266,0.8266331,-90.62028,-115.342,-177.6704,-182.3922,0.07486559
26,36,1337,3.614939e-07,1,8,6.877189e-06,6.335753e-06,8,9.000396e-06,4.248871e-05,1,2,3.907792e-07,8.678531e-06,8,2,0.9041559,3.607682e-07,5,7,8.61674e-06,4.375231e+09,0.00682323,1.21525,0.6076252,-74.5636,-103.0932,-159.0437,-167.5733,0.01146951
26,37,1338,2.85765e-07,3,7,6.975861e-06,8.069156e-06,1,9.15543e-06,3.847473e-05,1,6,3.849837e-07,6.541471e-06,7,2,0.8954451,2.797225e-07,4,6,7.593203e-06,2.245678e+09,0.009838624,2.026097,1.013048,-95.50805,-119.3046,-172.6057,-176.4022,0.4164494
26,38,1339,4.114255e-07,2,6,7.44644e-06,7.623145e-06,8,9.797362e-06,3.388115e-05,1,2,3.337905e-07,6.328884e-06,6,3,0.9315381,3.009193e-07,4,7,6.502904e-06,5.122717e+09,0.008966373,1.454207,0.7271034,-87.62774,-114.4848,-172.2916,-179.1486,1.984042e-05
26,39,1340,3.685659e-07,2,7,7.639733e-06,8.987918e-06,5,7.793404e-06,3.720066e-05,1,8,3.707797e-07,6.623699e-06,8,2,0.9164689,4.427078e-07,4,6,9.856844e-06,1.226978e+09,0.009159308,1.989767,0.9948833,-101.9095,-124.9093,-174.0676,-177.0674,0.6685042
26,40,1341,4.018839e-07,2,8,7.196632e-06,7.767619e-06,8,8.509059e-06,3.758445e-05,1,2,3.740095e-07,6.820819e-06,8,3,0.8041646,3.213451e-07,3,8,9.385664e-06,4.62473e+09,0.008587916,1.362849,0.6814243,-78.50581,-106.7483,-162.4687,-170.7111,0.003155915
26,41,1342,4.283246e-07,3,7,7.310099e-06,8.073806e-06,8,7.704886e-06,3.976722e-05,1,2,3.80744e-07,5.249143e-06,8,2,0.7633295,3.190758e-07,5,6,7.643628e-06,4.860689e+09,0.007366255,1.361927,0.6809637,-85.09549,-112.02,-170.157,-177.0815,6.436177e-05
26,42,1343,3.976539e-07,5,6,7.818443e-06,9.91852e-06,7,8.302342e-06,3.702042e-05,1,6,3.34203e-07,6.286596e-06,6,3,0.8831033,3.252832e-07,4,6,7.156626e-06,1.745264e+09,0.01225385,1.97113,0.985565,-99.89888,-123.3374,-173.8534,-177.2919,0.5639578
26,43,1344,4.206887e-07,2,7,6.402438e-06,8.70279e-06,8,8.021458e-06,3.701701e-05,1,2,3.862522e-07,6.978791e-06,6,2,0.939676,3.451235e-07,4,6,5.859359e-06,5.295419e+09,0.006972785,1.392968,0.696484,-90.30307,-115.8035,-176.347,-181.8474,0.001468228
26,44,1345,3.690327e-07,1,10,7.589476e-06,9.362906e-06,6,7.557224e-06,3.254226e-05,1,2,3.804558e-07,6.450235e-06,8,2,1.165049,4.002945e-07,3,9,8.589228e-06,5.205956e+09,0.009312566,1.433239,0.7166196,-89.2687,-115.1073,-173.908,-179.7466,0.0004316277
26,45,1346,3.943255e-07,2,7,6.248203e-06,6.365449e-06,2,7.202711e-06,3.742842e-05,1,2,4.101722e-07,6.956035e-06,7,2,0.8691803,1.828253e-07,3,7,7.145062e-06,6.911024e+09,0.007297128,1.711127,0.8555637,-85.86448,-111.7973,-174.0238,-179.9566,0.145909
26,46,1347,4.23918e-07,2,7,7.79169e-06,8.822063e-06,7,8.136344e-06,3.676123e-05,1,2,3.709579e-07,7.447607e-06,8,3,0.9714726,3.534088e-07,4,6,7.242527e-06,4.728361e+09,0.01128248,1.60948,0.8047401,-91.98397,-117.5151,-174.9541,-180.4853,0.02300167
26,47,1348,3.947501e-07,2,6,7.189219e-06,5.935629e-06,7,7.301884e-06,4.04966e-05,1,3,2.951195e-07,6.230766e-06,9,2,0.944781,3.691172e-07,4,7,6.961169e-06,3.664638e+09,0.009425613,1.796599,0.8982993,-93.5335,-118.4471,-175.071,-179.9846,0.1026599
26,48,1349,3.85652e-07,3,5,6.606463e-06,9.917623e-06,6,7.708635e-06,3.567457e-05,1,2,3.321494e-07,6.578482e-06,8,2,0.9203116,3.280449e-07,4,7,7.874155e-06,5.115899e+09,0.009467599,1.517545,0.7587725,-88.04393,-114.5756,-172.46,-178.9917,0.00014653
26,49,1350,2.665409e-07,3,7,6.363883e-06,9.059513e-06,7,8.48513e-06,3.896138e-05,1,3,2.807016e-07,5.42626e-06,8,2,0.8889539,2.751913e-07,4,6,5.640411e-06,3.789319e+09,0.01120889,1.845256,0.9226279,-96.17771,-120.1725,-177.2533,-181.2481,0.1189718
27,0,1351,4.218597e-07,2,6,7.822208e-06,6.769506e-06,9,8.423484e-06,3.579983e-05,1,2,3.358548e-07,6.272735e-06,7,3,0.879793,3.001742e-07,3,8,7.29329e-06,5.093652e+09,0.008640831,1.471628,0.735814,-84.19002,-111.7666,-168.965,-176.5416,0.0
27,1,1352,4.266741e-07,4,6,7.096298e-06,7.492999e-06,8,8.076623e-06,4.520499e-05,1,2,2.564879e-07,7.158045e-06,8,2,0.9418432,2.537997e-07,5,7,6.462754e-06,4.50918e+09,0.01456956,1.803247,0.9016237,-94.33154,-119.075,-175.779,-180.5225,0.2560412
27,2,1353,4.802634e-07,3,7,6.653847e-06,6.93648e-06,9,9.147561e-06,4.038047e-05,1,3,2.74501e-07,6.355636e-06,9,4,0.9378497,3.754243e-07,1,6,7.488373e-06,3.490191e+09,0.009976566,1.797023,0.8985113,-97.74075,-121.1822,-178.6079,-182.0494,0.1219906
27,3,1354,3.723424e-07,1,8,7.168068e-06,5.931832e-06,5,7.573478e-06,3.294724e-05,1,2,3.79994e-07,6.68757e-06,5,2,0.9823193,3.800846e-07,3,8,8.359773e-06,6.294917e+09,0.005974931,1.319293,0.6596464,-81.68809,-108.6994,-169.9046,-176.9159,0.05489527
27,4,1355,4.833329e-07,3,7,6.2856e-06,8.023982e-06,7,8.178652e-06,3.85136e-05,1,2,4.115019e-07,5.34349e-06,8,3,0.8250462,3.502593e-07,3,7,8.3974e-06,4.938931e+09,0.007982615,1.445665,0.7228326,-86.43722,-113.173,-171.2884,-178.0242,0.0
27,5,1356,4.248004e-07,2,7,6.961072e-06,8.638526e-06,7,8.335868e-06,3.827504e-05,1,2,3.995718e-07,6.311442e-06,8,3,0.949764,3.166944e-07,3,8,7.922679e-06,4.706328e+09,0.009706606,1.538414,0.7692068,-89.99647,-116.1881,-173.5794,-179.7711,0.002218037
27,6,1357,2.689643e-07,2,7,6.764304e-06,8.615265e-06,9,8.160253e-06,3.966632e-05,1,2,3.562329e-07,6.834388e-06,6,1,1.115206,4.728668e-07,3,6,5.989891e-06,5.286139e+09,0.005081651,1.179786,0.589893,-88.26511,-115.016,-175.6678,-182.4188,0.001332089
27,7,1358,3.860147e-07,1,7,9.585164e-06,8.950716e-06,6,9.381695e-06,3.772029e-05,1,1,3.972513e-07,8.644112e-06,8,2,0.8763068,3.442295e-07,3,7,7.969471e-06,8.013936e+09,0.006859052,0.8827392,0.4413696,-76.15186,-104.3856,-165.8661,-174.0999,0.3264521
27,8,1359,4.076453e-07,3,9,8.209851e-06,7.72983e-06,9,9.530237e-06,3.444363e-05,1,2,3.939258e-07,6.668e-06,7,3,0.850253,3.185329e-07,4,7,8.023397e-06,4.577191e+09,0.01238917,1.549463,0.7747316,-94.3279,-119.0051,-176.6095,-181.2866,0.06250903
27,9,1360,2.474913e-07,3,7,7.310099e-06,8.073806e-06,5,7.704886e-06,3.976722e-05,1,2,3.80744e-07,6.344388e-06,8,1,0.7633295,3.190758e-07,5,6,6.92224e-06,5.592512e+09,0.006436805,1.376778,0.688389,-86.20331,-112.8826,-173.0687,-179.748,0.00932596
27,10,1361,3.611132e-07,3,7,7.842778e-06,7.769501e-06,8,8.280034e-06,4.525549e-05,1,2,3.299631e-07,6.704887e-06,8,2,0.8633348,4.342383e-07,3,6,6.337303e-06,4.806368e+09,0.009593283,1.679445,0.8397225,-95.25365,-119.1258,-179.0703,-182.9424,0.01467649
27,11,1362,4.174419e-07,4,7,7.289003e-06,5.729091e-06,6,7.603993e-06,3.809719e-05,1,3,3.557278e-07,6.793711e-06,7,2,0.8564889,3.369856e-07,4,7,6.057521e-06,4.049694e+09,0.00987323,1.828706,0.9143529,-94.63704,-118.4738,-176.8409,-180.6776,0.07813441
27,12,1363,4.011156e-07,4,6,8.525405e-06,6.411843e-06,7,7.839623e-06,3.538145e-05,1,3,2.947696e-07,8.065512e-06,7,3,0.9434834,3.461495e-07,4,8,7.27881e-06,3.469558e+09,0.01704997,1.912056,0.9560278,-96.77478,-120.584,-175.263,-179.0723,0.657704
27,13,1364,3.418086e-07,2,7,8.016459e-06,7.720788e-06,7,6.705653e-06,4.428572e-05,1,2,4.197706e-07,6.823634e-06,8,2,0.905472,3.379804e-07,4,8,5.598059e-06,4.869934e+09,0.008893216,1.61524,0.8076202,-92.24234,-117.1068,-176.5022,-181.3666,0.005940019
27,14,1365,2.625896e-07,2,7,7.210164e-06,8.29102e-06,9,8.853389e-06,3.765972e-05,1,4,2.954767e-07,6.153e-06,7,2,0.8589621,3.249567e-07,3,7,6.604275e-06,2.749963e+09,0.009463224,1.821971,0.9109857,-98.87169,-122.3358,-177.8978,-181.3619,0.2386042
27,15,1366,3.785157e-07,2,9,7.506203e-06,6.963563e-06,6,8.075148e-06,3.304926e-05,1,2,3.860176e-07,5.653086e-06,8,2,0.961919,3.806615e-07,4,8,8.586945e-06,5.238164e+09,0.009418116,1.431315,0.7156577,-88.83227,-114.6627,-173.4762,-179.3066,0.0007339202
27,16,1367,2.787401e-07,3,7,7.131422e-06,8.391616e-06,6,8.818973e-06,4.01136e-05,1,8,3.099991e-07,9.759346e-06,7,2,0.8834497,2.45565e-07,4,6,7.081686e-06,1.239831e+09,0.01439905,2.064371,1.032186,-95.13196,-120.7679,-165.4159,-171.0518,0.8930477
27,17,1368,4.092874e-07,2,8,7.409227e-06,8.933005e-06,3,7.538417e-06,3.773968e-05,1,2,2.168781e-07,7.554701e-06,8,2,0.9726314,2.822328e-07,4,7,6.362285e-06,5.940936e+09,0.01358109,1.854027,0.9270135,-89.82188,-115.1663,-173.9696,-179.314,0.2111353
27,18,1369,4.126321e-07,2,8,6.932579e-06,6.663354e-06,1,8.797429e-06,3.853234e-05,1,2,4.148996e-07,8.635805e-06,8,2,0.8955998,3.579566e-07,4,8,8.137288e-06,5.307751e+09,0.009526525,1.619912,0.8099561,-86.07683,-112.4254,-170.7857,-177.1343,0.008050009
27,19,1370,3.855246e-07,3,9,8.04059e-06,8.849109e-06,9,7.896808e-06,4.344991e-05,1,2,3.809055e-07,7.099676e-06,8,2,0.9241463,2.986092e-07,5,6,7.972713e-06,4.20675e+09,0.01217311,1.623312,0.8116561,-95.25688,-119.7943,-176.8818,-181.4192,0.07399863
27,20,1371,4.225976e-07,3,7,7.348957e-06,7.905937e-06,8,7.860796e-06,3.509178e-05,1,2,3.493448e-07,5.280846e-06,7,3,1.191574,2.113546e-07,5,7,6.918442e-06,5.017416e+09,0.01334032,1.664694,0.8323469,-92.99772,-118.1728,-175.7557,-180.9308,0.1236327
27,21,1372,4.165383e-07,2,7,7.544673e-06,7.344894e-06,3,8.402802e-06,3.506425e-05,1,2,3.978639e-07,6.494125e-06,9,1,0.8400578,3.224455e-07,4,9,5.811812e-06,6.368719e+09,0.005836263,1.357176,0.6785881,-83.91209,-110.0666,-172.3318,-178.4863,0.06188574
27,22,1373,2.065661e-07,5,5,8.073819e-06,7.097297e-06,7,6.394764e-06,3.71259e-05,1,4,4.069048e-07,6.594395e-06,8,2,0.9053965,3.14093e-07,3,8,8.302883e-06,2.868134e+09,0.01152394,1.885295,0.9426475,-96.80051,-120.5067,-175.3365,-179.0427,0.2611511
27,23,1374,4.768228e-07,1,7,8.867988e-06,7.088151e-06,8,8.542919e-06,3.081197e-05,1,2,3.377095e-07,6.688394e-06,7,1,0.8730994,3.841638e-07,3,6,6.290633e-06,6.532204e+09,0.004203531,1.049478,0.524739,-82.1852,-109.0154,-172.2503,-179.0804,0.0788623
27,24,1375,4.018895e-07,3,6,6.185333e-06,9.259137e-06,7,7.649839e-06,3.57025e-05,1,2,4.128223e-07,7.641155e-06,8,2,0.9143484,3.099623e-07,3,10,7.180428e-06,4.926404e+09,0.009336158,1.478705,0.7393525,-89.94209,-115.8637,-174.091,-180.0127,0.0
27,25,1376,4.298298e-07,2,6,7.42168e-06,5.933797e-06,7,8.161938e-06,3.373403e-05,1,2,3.027281e-07,6.741153e-06,8,2,0.9625189,3.499375e-07,4,6,6.926637e-06,5.819533e+09,0.009071513,1.584949,0.7924743,-87.80575,-113.9468,-173.5267,-179.6678,0.02311217
27,26,1377,1.83425e-07,2,7,7.774645e-06,8.625578e-06,4,8.154455e-06,3.692618e-05,1,9,3.343537e-07,9.747433e-06,8,2,0.943583,2.494459e-07,3,6,7.16777e-06,1.160142e+09,0.01496218,2.091485,1.045742,-90.85986,-117.6239,-160.4001,-167.1642,0.984253
27,27,1378,3.696895e-07,2,8,7.471011e-06,8.447228e-06,8,9.135899e-06,3.339714e-05,1,3,3.591863e-07,6.405478e-06,6,2,0.9804143,3.845344e-07,3,9,8.049268e-06,3.561475e+09,0.008553976,1.553059,0.7765294,-94.94502,-119.8024,-176.6559,-181.5134,0.07587222
27,28,1379,3.639674e-07,3,8,7.575774e-06,7.780052e-06,7,8.796043e-06,4.131711e-05,1,2,4.154311e-07,7.131745e-06,7,2,0.8991585,3.435895e-07,4,7,6.329504e-06,4.847204e+09,0.009442626,1.572566,0.786283,-93.29433,-117.879,-177.2532,-181.8379,0.002456455
27,29,1380,2.908747e-07,1,10,6.875147e-06,9.079541e-06,7,8.155857e-06,3.481687e-05,1,2,3.865945e-07,6.434296e-06,8,2,1.189415,3.834695e-07,4,8,8.557081e-06,4.728628e+09,0.009952975,1.423335,0.7116677,-89.61165,-115.8201,-173.1268,-179.3353,0.001223167
27,30,1381,3.92693e-07,4,6,7.561205e-06,6.631678e-06,7,7.614405e-06,3.842083e-05,1,2,4.733321e-07,6.63824e-06,7,2,1.117376,3.551759e-07,3,7,5.784166e-06,5.654466e+09,0.007911716,1.557296,0.778648,-92.055,-116.4706,-178.1201,-182.5357,0.01327881
27,31,1382,4.166136e-07,2,7,7.321409e-06,8.305707e-06,7,8.310044e-06,3.705903e-05,1,2,3.719064e-07,7.262943e-06,8,3,0.8977478,4.212267e-07,3,7,7.280708e-06,4.818487e+09,0.009430197,1.517415,0.7587074,-87.01406,-114.0712,-170.9271,-177.9842,0.0004115252
27,32,1383,1.940566e-07,3,7,6.140564e-06,8.461079e-06,9,5.225098e-06,4.11522e-05,1,2,2.878384e-07,7.544922e-06,7,1,0.8516029,4.206943e-07,3,6,6.653624e-06,5.653649e+09,0.007681285,1.585818,0.7929088,-90.6609,-116.4022,-176.8531,-182.5944,0.01505816
27,33,1384,4.755543e-07,2,7,6.443251e-06,7.871708e-06,4,7.307995e-06,3.661181e-05,1,2,4.045388e-07,6.640789e-06,8,3,0.888572,2.141207e-07,3,7,9.918707e-06,5.447519e+09,0.00815983,1.542895,0.7714475,-82.5342,-110.0537,-168.1414,-175.6608,0.005460961
27,34,1385,4.002832e-07,2,9,9.412439e-06,8.932453e-06,4,7.617439e-06,3.594842e-05,1,2,3.813206e-07,6.769555e-06,7,1,1.096568,2.654986e-07,3,7,8.666129e-06,6.32241e+09,0.006463601,1.410359,0.7051793,-85.71609,-112.3999,-173.629,-180.3128,0.05745047
27,35,1386,3.404315e-07,2,6,7.250785e-06,6.360157e-06,1,9.692894e-06,3.192642e-05,1,5,3.328083e-07,5.948208e-06,7,2,0.9008313,3.232953e-07,3,8,8.470784e-06,2.932956e+09,0.008252258,1.922711,0.9613557,-94.92018,-118.6874,-175.1006,-178.8678,0.2405677
27,36,1387,4.216682e-07,3,6,7.099233e-06,6.628608e-06,7,9.791964e-06,4.045992e-05,1,3,4.944396e-07,8.15586e-06,7,2,0.9142066,3.667842e-07,3,8,5.714791e-06,3.547284e+09,0.007673896,1.679776,0.839888,-96.72827,-120.1902,-178.876,-182.3379,0.09057576
27,37,1388,4.905917e-07,3,5,6.626672e-06,9.120848e-06,7,7.545641e-06,3.699262e-05,1,2,3.703856e-07,6.973543e-06,7,4,0.9207076,3.529094e-07,4,7,8.252938e-06,4.565039e+09,0.00959089,1.44143,0.7207152,-82.99254,-110.7213,-166.3628,-174.0916,0.004673
27,38,1389,3.455377e-07,2,7,7.370709e-06,7.660239e-06,5,8.796467e-06,3.907698e-05,1,6,3.313161e-07,7.16137e-06,6,2,0.8975775,3.640707e-07,3,7,7.359431e-06,1.981077e+09,0.008458917,1.954058,0.9770292,-98.94358,-122.0834,-175.6085,-178.7483,0.4464875
27,39,1390,3.690327e-07,1,10,7.589476e-06,9.362906e-06,9,7.557224e-06,3.254226e-05,1,2,3.804558e-07,6.450235e-06,8,5,1.165049,4.002945e-07,1,6,8.589228e-06,4.933519e+09,0.009661889,1.497541,0.7487703,-94.30737,-118.9462,-178.3199,-182.9587,0.0
27,40,1391,3.646194e-07,1,7,6.232852e-06,7.208647e-06,5,8.811498e-06,3.748595e-05,1,2,4.416424e-07,8.049703e-06,8,5,0.7671118,3.447562e-07,3,8,7.16784e-06,4.98041e+09,0.003171834,0.7314766,0.3657383,-74.29269,-102.7789,-163.2249,-171.7111,0.0
27,41,1392,3.840067e-07,3,8,6.748807e-06,7.246707e-06,8,8.703872e-06,4.003817e-05,1,2,3.899828e-07,6.149791e-06,8,2,0.866408,3.339829e-07,5,7,8.574974e-06,4.404425e+09,0.009938441,1.465837,0.7329183,-91.48985,-117.0351,-174.3944,-179.9397,0.01022886
27,42,1393,3.872685e-07,2,7,7.658072e-06,6.855698e-06,8,8.940736e-06,3.452227e-05,1,5,3.901439e-07,6.135857e-06,7,4,0.88453,3.239034e-07,3,8,5.590296e-06,2.217947e+09,0.009763154,1.885413,0.9427063,-99.91049,-122.9539,-176.9336,-179.977,0.3656195
27,43,1394,4.006578e-07,2,7,8.585806e-06,7.409669e-06,7,7.393564e-06,3.392038e-05,1,4,3.972401e-07,7.023655e-06,7,2,0.8823152,4.682401e-07,3,8,6.484074e-06,3.012642e+09,0.00773567,1.744144,0.8720722,-97.22844,-120.6078,-177.9224,-181.3017,0.1748516
27,44,1395,4.91017e-07,4,5,7.780977e-06,7.155874e-06,8,7.318439e-06,3.698768e-05,1,4,3.09648e-07,6.89543e-06,8,3,0.8898101,3.100795e-07,3,8,7.394835e-06,2.696448e+09,0.01207647,1.906364,0.9531819,-97.95795,-121.594,-175.7544,-179.3904,0.3187432
27,45,1396,2.953383e-07,3,7,7.09443e-06,6.26801e-06,7,9.224657e-06,3.749647e-05,1,2,4.287567e-07,8.776686e-06,7,2,0.8848745,3.444202e-07,3,8,7.020823e-06,5.108522e+09,0.01032352,1.614226,0.8071129,-93.221,-117.7193,-177.2486,-181.747,0.006848381
27,46,1397,4.059856e-07,2,7,6.051689e-06,7.762795e-06,8,8.981339e-06,4.005308e-05,1,2,3.76789e-07,6.449881e-06,6,2,0.9044238,4.144122e-07,3,8,6.896096e-06,4.951785e+09,0.006518332,1.323189,0.6615943,-87.61667,-114.009,-173.3705,-179.7628,0.0
27,47,1398,3.945246e-07,3,7,7.01425e-06,5.299382e-06,6,7.687878e-06,4.002496e-05,1,2,4.20115e-07,6.849826e-06,7,3,1.190638,3.358334e-07,3,7,8.341829e-06,5.117497e+09,0.01220818,1.74831,0.8741552,-93.60879,-117.6523,-176.9234,-180.967,0.07617593
27,48,1399,2.575908e-07,3,8,7.173188e-06,6.340312e-06,5,9.696397e-06,3.561969e-05,1,5,4.197457e-07,7.018095e-06,6,2,1.017303,3.44644e-07,4,7,6.400216e-06,2.459845e+09,0.009053248,1.879752,0.939876,-97.79546,-121.0157,-176.0456,-179.2658,0.3120889
27,49,1400,4.028922e-07,4,5,6.552792e-06,9.581564e-06,8,7.930262e-06,3.619892e-05,1,2,3.942029e-07,6.888569e-06,8,3,0.893261,3.30411e-07,2,8,7.931277e-06,4.833011e+09,0.01042275,1.577955,0.7889775,-93.27833,-118.3131,-176.7829,-181.8176,0.004674933
28,0,1401,4.218597e-07,2,6,7.822208e-06,6.769506e-06,9,8.423484e-06,3.579983e-05,1,2,3.358548e-07,6.272735e-06,7,3,0.879793,3.001742e-07,3,8,7.29329e-06,5.093651e+09,0.008640831,1.471628,0.7358142,-84.19006,-111.7664,-168.9651,-176.5414,0.0
28,1,1402,4.186819e-07,2,7,7.184278e-06,5.933108e-06,6,8.112368e-06,3.336587e-05,1,2,3.431649e-07,6.712322e-06,6,2,0.9807559,3.732723e-07,4,8,7.455541e-06,5.642523e+09,0.008440575,1.457046,0.7285232,-87.30802,-113.3254,-173.0738,-179.0912,0.01131609
28,2,1403,3.725367e-07,4,7,7.774247e-06,7.82204e-06,7,8.06991e-06,4.001959e-05,1,2,4.181595e-07,6.015975e-06,8,2,0.9012624,3.432816e-07,2,8,7.35541e-06,5.366891e+09,0.008749843,1.60837,0.804185,-93.09474,-117.465,-178.2692,-182.6394,0.007958158
28,3,1404,3.314522e-07,3,8,6.388857e-06,9.870858e-06,7,5.393376e-06,3.876744e-05,1,2,3.559726e-07,7.34886e-06,8,2,0.8732634,4.210537e-07,3,7,5.82377e-06,5.400639e+09,0.009912357,1.684693,0.8423465,-93.5244,-117.6365,-178.2115,-182.3237,0.01863565
28,4,1405,4.001339e-07,1,6,6.720921e-06,7.007643e-06,10,5.610339e-06,3.785351e-05,1,2,4.209592e-07,7.728432e-06,8,3,0.8706827,3.215231e-07,3,8,8.429596e-06,5.107382e+09,0.00433522,0.9580504,0.4790252,-73.47841,-101.9534,-161.2723,-169.7472,2.095186e-06
28,5,1406,4.248004e-07,2,7,6.961072e-06,8.638526e-06,7,8.335868e-06,3.827504e-05,1,5,3.489254e-07,6.311442e-06,5,3,0.949764,3.166944e-07,3,8,7.922679e-06,2.171316e+09,0.00856766,1.856192,0.9280962,-99.8609,-123.0643,-177.2667,-180.4702,0.366497
28,6,1407,3.323879e-07,1,7,8.145856e-06,7.399331e-06,5,8.352361e-06,3.39795e-05,1,3,3.972729e-07,6.642419e-06,7,3,0.8469078,3.721272e-07,3,9,6.307128e-06,4.00565e+09,0.00610703,1.491814,0.745907,-76.90067,-105.3726,-161.0958,-169.5678,0.03331373
28,7,1408,4.097763e-07,2,7,9.360116e-06,7.479244e-06,7,7.309577e-06,3.552076e-05,1,2,4.001235e-07,6.968801e-06,7,3,0.8830838,3.651232e-07,3,7,8.227048e-06,5.140071e+09,0.01002926,1.579946,0.7899731,-90.73856,-116.2073,-174.9453,-180.414,0.002910917
28,8,1409,4.483978e-07,3,6,6.98088e-06,7.814355e-06,6,8.230073e-06,3.585734e-05,1,2,3.495094e-07,6.305669e-06,8,4,0.8844331,2.775378e-07,3,8,8.935685e-06,4.846123e+09,0.01145644,1.618419,0.8092097,-87.24257,-114.2518,-170.36,-177.3692,0.0275655
28,9,1410,4.897844e-07,2,6,8.895609e-06,8.67899e-06,7,8.156839e-06,3.526954e-05,1,4,3.228918e-07,6.772095e-06,8,2,0.8067605,3.515774e-07,4,7,7.302196e-06,2.793926e+09,0.00679831,1.647561,0.8237803,-89.51298,-116.3763,-170.1133,-176.9766,0.194415
28,10,1411,4.218597e-07,2,6,7.822208e-06,6.769506e-06,9,8.423484e-06,3.579983e-05,1,10,3.358548e-07,6.272735e-06,6,3,0.879793,3.001742e-07,3,8,7.29329e-06,nil,0.008288499,nil,nil,nil,nil,1e+12,1e+12,3e+12
28,11,1412,3.728952e-07,1,6,7.542265e-06,5.967416e-06,8,7.927156e-06,3.477923e-05,1,2,3.617081e-07,6.315406e-06,5,3,0.9770137,3.002529e-07,3,8,8.222058e-06,5.646604e+09,0.00624011,1.305728,0.6528641,-77.64197,-105.8694,-164.7258,-172.9533,0.01148698
28,12,1413,3.672604e-07,2,8,7.546667e-06,7.382439e-06,8,8.79374e-06,4.055761e-05,1,2,4.128436e-07,6.911428e-06,10,2,1.155647,3.371816e-07,4,7,6.350222e-06,4.607489e+09,0.0116117,1.653277,0.8266384,-95.16364,-119.2521,-177.784,-181.8724,0.0399811
28,13,1414,4.342443e-07,3,6,6.304939e-06,8.833494e-06,4,7.309808e-06,3.571168e-05,1,2,4.115597e-07,6.95653e-06,8,3,0.8938934,4.55511e-07,3,9,9.073712e-06,4.847109e+09,0.009710661,1.478471,0.7392357,-84.23238,-111.4749,-168.0695,-175.3121,0.0001165136
28,14,1415,3.506093e-07,3,8,7.874609e-06,5.295681e-06,9,9.400584e-06,4.477571e-05,1,2,3.979806e-07,6.093061e-06,7,2,0.8790471,3.255483e-07,3,7,7.286684e-06,4.922125e+09,0.008720372,1.600127,0.8000636,-93.15338,-117.7837,-177.5911,-182.2214,0.004455751
28,15,1416,3.179923e-07,2,7,7.201014e-06,6.662259e-06,7,8.136964e-06,3.942936e-05,1,3,3.34927e-07,6.510438e-06,7,4,0.9744662,3.25745e-07,3,7,9.556154e-06,3.329662e+09,0.01348609,1.876566,0.9382829,-97.12914,-120.957,-176.2783,-180.1061,0.2872568
28,16,1417,3.814753e-07,2,9,7.443829e-06,6.684083e-06,5,8.64158e-06,4.988353e-05,1,2,4.111299e-07,7.470504e-06,9,2,0.9376319,3.409342e-07,1,8,8.537492e-06,5.273928e+09,0.008636423,1.784261,0.8921305,-93.99622,-117.7218,-179.0756,-182.8011,0.03707607
28,17,1418,3.930666e-07,2,7,7.509413e-06,7.827257e-06,7,7.637221e-06,3.888848e-05,1,2,4.019664e-07,7.012706e-06,7,2,1.100383,4.388969e-07,4,7,7.642057e-06,4.848644e+09,0.008958361,1.486149,0.7430746,-91.39936,-116.5068,-175.5895,-180.697,0.0001098467
28,18,1419,3.069486e-07,2,7,6.119218e-06,8.154881e-06,7,7.863799e-06,3.726399e-05,1,2,4.004542e-07,6.535077e-06,7,2,0.9084141,4.135589e-07,5,9,7.046971e-06,4.577167e+09,0.008286668,1.291859,0.6459295,-84.00491,-111.3921,-168.033,-175.4203,0.004340726
28,19,1420,3.935551e-07,3,7,7.574773e-06,7.380695e-06,6,8.661684e-06,3.540934e-05,1,2,4.099179e-07,6.857492e-06,9,1,0.8512863,3.268941e-07,5,9,6.037904e-06,5.275628e+09,0.0069653,1.25411,0.6270552,-86.27916,-112.718,-172.2953,-178.7341,0.001185901
28,20,1421,4.018084e-07,2,8,8.413321e-06,7.880374e-06,2,9.467793e-06,4.425641e-05,1,4,3.855642e-07,7.055527e-06,8,2,0.8799333,4.631897e-07,3,8,6.468182e-06,2.903322e+09,0.008726892,1.917318,0.9586588,-97.29847,-120.0839,-177.1478,-179.9332,0.243446
28,21,1422,4.080419e-07,2,7,6.051689e-06,7.762795e-06,8,8.981339e-06,4.005308e-05,1,2,3.76789e-07,6.449881e-06,6,2,0.9044238,4.144122e-07,3,7,6.896096e-06,5.057195e+09,0.006383592,1.343022,0.671511,-88.45206,-114.6019,-174.4796,-180.6294,0.0
28,22,1423,4.755543e-07,2,7,6.443251e-06,7.871708e-06,4,7.307995e-06,3.89025e-05,1,2,4.045388e-07,6.640789e-06,5,2,0.888572,2.141207e-07,3,10,9.918707e-06,5.526807e+09,0.006277667,1.370125,0.6850627,-85.25697,-111.481,-172.1285,-178.3526,0.007003634
28,23,1424,3.622692e-07,5,7,6.665536e-06,9.039269e-06,7,7.834274e-06,3.804969e-05,1,2,4.045021e-07,7.234354e-06,7,1,1.072696,4.464337e-07,3,7,6.242028e-06,5.521626e+09,0.005825527,1.281947,0.6409737,-88.17218,-114.622,-175.3602,-181.81,0.006834613
28,24,1425,4.833329e-07,3,7,6.2856e-06,8.744731e-06,7,5.03927e-06,4.957431e-05,1,2,4.115019e-07,5.34349e-06,8,3,0.8250462,3.502593e-07,2,7,8.3974e-06,4.939604e+09,0.007596208,1.653584,0.826792,-91.26079,-116.1977,-176.3287,-181.2656,0.01048359
28,25,1426,3.919195e-07,2,8,7.933227e-06,8.808313e-06,8,8.005639e-06,3.85717e-05,1,2,3.986483e-07,6.651764e-06,9,2,0.9348152,3.109408e-07,3,6,7.9577e-06,4.928838e+09,0.009614823,1.576841,0.7884207,-93.83217,-118.3839,-177.8576,-182.4094,0.002624268
28,26,1427,3.840067e-07,3,8,6.748807e-06,5.719787e-06,8,8.703872e-06,4.003817e-05,1,9,3.899828e-07,8.805598e-06,8,2,0.866408,3.296552e-07,5,10,8.574974e-06,nil,0.01249859,nil,nil,nil,nil,1e+12,1e+12,3e+12
28,27,1428,2.413413e-07,1,7,6.232852e-06,7.208647e-06,10,8.811498e-06,3.748595e-05,1,2,4.416424e-07,8.049703e-06,8,5,0.7671118,3.447562e-07,3,7,7.16784e-06,4.402896e+09,0.004475183,0.8016225,0.4008112,-73.45893,-102.2354,-159.8256,-168.6021,0.01029205
28,28,1429,2.228543e-07,3,6,7.541674e-06,7.880199e-06,9,7.113963e-06,3.953539e-05,1,2,3.07271e-07,6.527724e-06,7,3,0.8735974,3.82046e-07,3,7,6.773403e-06,4.861645e+09,0.01327215,1.755383,0.8776917,-95.32643,-119.357,-177.8327,-181.8632,0.1361177
28,29,1430,3.92693e-07,4,6,7.561205e-06,6.631678e-06,7,7.614405e-06,3.842083e-05,1,2,4.733321e-07,6.63824e-06,7,2,1.117376,3.551759e-07,3,7,5.784166e-06,5.654464e+09,0.007911716,1.557297,0.7786486,-92.05444,-116.4701,-178.1196,-182.5352,0.01327881
28,30,1431,3.955473e-07,4,5,6.977832e-06,8.621662e-06,8,7.860268e-06,3.757641e-05,1,2,4.832995e-07,6.866775e-06,5,3,1.108029,3.316161e-07,5,8,8.104106e-06,4.369068e+09,0.009504849,1.343509,0.6717545,-91.41614,-116.7922,-174.4445,-179.8205,0.01174048
28,31,1432,4.152914e-07,5,7,7.043524e-06,7.036779e-06,7,8.515552e-06,3.62098e-05,1,2,3.936649e-07,7.149727e-06,7,3,1.054191,3.614782e-07,3,7,6.574099e-06,5.145031e+09,0.01293485,1.722906,0.861453,-94.61961,-118.5736,-177.7298,-181.6837,0.1082945
28,32,1433,3.672536e-07,4,5,6.477855e-06,9.57328e-06,8,8.101444e-06,3.624032e-05,1,2,3.986654e-07,5.792127e-06,8,5,0.8730341,3.343741e-07,3,7,7.990877e-06,4.383431e+09,0.0121886,1.580977,0.7904886,-90.1932,-116.9367,-172.1699,-178.9135,0.061928
28,33,1434,4.714237e-07,2,7,6.634706e-06,7.806235e-06,4,6.984821e-06,4.393686e-05,1,2,4.19569e-07,6.670201e-06,8,3,0.902218,2.243432e-07,3,7,6.39218e-06,5.300458e+09,0.0082573,1.690996,0.8454979,-88.65604,-114.6537,-173.9739,-179.9716,0.017758
28,34,1435,4.006008e-07,1,9,7.139296e-06,8.192229e-06,9,8.629603e-06,3.346382e-05,1,2,2.238102e-07,6.45015e-06,7,4,1.005421,4.039667e-07,3,10,9.429916e-06,4.531324e+09,0.01024493,1.331106,0.6655531,-77.98411,-106.4415,-161.0035,-169.4609,0.006260934
28,35,1436,2.189416e-07,2,7,8.415408e-06,8.777932e-06,8,8.685181e-06,3.878304e-05,1,7,3.452068e-07,6.414273e-06,9,2,1.132618,3.795509e-07,4,7,8.250384e-06,1.311754e+09,0.01340798,1.997499,0.9987497,-101.4564,-125.2554,-172.5398,-176.3388,0.7624019
28,36,1437,4.080737e-07,3,8,7.385155e-06,7.525665e-06,7,8.372753e-06,3.348383e-05,1,2,4.930899e-07,6.931263e-06,7,2,1.193334,3.398102e-07,4,7,6.272476e-06,5.445607e+09,0.008552378,1.428042,0.7140209,-91.21383,-116.1314,-176.6139,-181.5315,0.004592234
28,37,1438,3.891676e-07,4,8,7.557506e-06,6.748622e-06,7,7.825908e-06,3.479587e-05,1,2,4.112404e-07,6.498445e-06,8,2,1.091795,3.700013e-07,4,6,8.293814e-06,5.306307e+09,0.01079667,1.584193,0.7920966,-91.99477,-116.8985,-176.1577,-181.0614,0.01113368
28,38,1439,3.351638e-07,1,7,6.495866e-06,7.179626e-06,6,8.973548e-06,4.453793e-05,1,3,2.931295e-07,6.705749e-06,9,5,0.8619481,2.969971e-07,3,8,7.23552e-06,3.114879e+09,0.005566768,1.368806,0.6844031,-76.09415,-104.7155,-158.5069,-167.1283,0.1327221
28,39,1440,4.406493e-07,2,7,6.51095e-06,8.026741e-06,6,7.883989e-06,3.704246e-05,1,2,3.87384e-07,9.136915e-06,5,4,0.8959439,2.412386e-07,3,7,7.398236e-06,5.15712e+09,0.008902695,1.561747,0.7808735,-84.81306,-112.2505,-169.566,-177.0034,0.001819966
28,40,1441,3.649787e-07,3,10,7.884218e-06,7.769095e-06,9,9.165483e-06,3.842999e-05,1,2,4.075926e-07,6.871638e-06,7,3,0.8726254,3.379715e-07,4,7,6.396604e-06,4.481077e+09,0.01251354,1.626178,0.813089,-95.64587,-119.8005,-177.6997,-181.8544,0.07756406
28,41,1442,4.116175e-07,3,7,7.449745e-06,6.91749e-06,3,8.416059e-06,3.657233e-05,1,2,4.101879e-07,6.503122e-06,7,1,0.877259,3.245633e-07,3,8,6.292822e-06,6.929155e+09,0.005234774,1.394789,0.6973944,-84.33598,-110.5832,-173.9606,-180.2078,0.1286354
28,42,1443,3.885463e-07,2,8,6.748807e-06,7.246707e-06,8,8.703872e-06,4.003817e-05,1,2,3.899828e-07,7.112549e-06,6,2,1.039115,3.339829e-07,5,7,8.574974e-06,4.474203e+09,0.009047522,1.409419,0.7047095,-90.73455,-116.4848,-174.1836,-179.9338,0.007551146
28,43,1444,4.00682e-07,3,8,7.157781e-06,5.416188e-06,5,7.864736e-06,3.786697e-05,1,2,3.76878e-07,6.982887e-06,10,2,0.8689881,3.142975e-07,5,6,8.379192e-06,5.058573e+09,0.01209863,1.698989,0.8494947,-91.7771,-116.6434,-175.0303,-179.8966,0.06164104
28,44,1445,4.41812e-07,3,8,7.420154e-06,8.974308e-06,7,7.565016e-06,3.73118e-05,1,2,3.736734e-07,7.059289e-06,8,3,0.9232806,3.423694e-07,4,6,8.187869e-06,4.663466e+09,0.01309938,1.677859,0.8389293,-94.53888,-118.8507,-176.7405,-181.0524,0.1124514
28,45,1446,2.974089e-07,2,6,7.248924e-06,6.722749e-06,4,8.997551e-06,3.948192e-05,1,2,3.892044e-07,8.033528e-06,8,2,0.8222988,3.229085e-07,5,7,7.718592e-06,4.963025e+09,0.008584224,1.502007,0.7510034,-77.51928,-105.875,-162.0972,-170.4529,1.789937e-06
28,46,1447,4.022104e-07,2,7,7.478651e-06,8.016366e-06,7,8.53135e-06,3.877032e-05,1,10,3.958294e-07,7.168769e-06,8,2,0.8837626,4.028714e-07,4,7,6.995039e-06,9.04228e+08,0.008334157,2.028692,1.014346,-102.2818,-125.5867,-172.1988,-175.5036,0.7892101
28,47,1448,3.796051e-07,3,7,7.329298e-06,7.67023e-06,10,7.783384e-06,3.690308e-05,1,2,3.932662e-07,7.547259e-06,9,1,0.9624615,3.209074e-07,4,9,6.320278e-06,4.874487e+09,0.007928741,1.320588,0.6602939,-89.80631,-115.9407,-174.5728,-180.7072,2.710969e-05
28,48,1449,4.400917e-07,4,6,9.538725e-06,7.65234e-06,5,7.359114e-06,3.80203e-05,1,2,3.990285e-07,6.797987e-06,8,2,0.7717516,4.066857e-07,3,7,7.044836e-06,5.584167e+09,0.008773923,1.61408,0.8070401,-91.41038,-115.839,-176.9176,-181.3462,0.01479674
28,49,1450,3.931066e-07,3,7,7.558308e-06,6.923743e-06,5,7.748559e-06,3.673663e-05,1,2,4.258931e-07,6.499528e-06,8,1,0.8441833,3.322709e-07,3,9,5.784198e-06,6.313804e+09,0.00555401,1.35157,0.6757849,-85.93434,-111.9509,-174.4941,-180.5107,0.05664439
29,0,1451,4.218597e-07,2,6,7.822208e-06,6.769506e-06,9,8.423484e-06,3.579983e-05,1,2,3.358548e-07,6.272735e-06,7,3,0.879793,3.001742e-07,3,8,7.29329e-06,5.093652e+09,0.008640831,1.471627,0.7358137,-84.21401,-111.7961,-168.989,-176.5711,0.0
29,1,1452,4.328689e-07,2,8,6.862134e-06,5.600914e-06,6,7.570506e-06,4.33735e-05,1,2,4.099236e-07,6.663999e-06,9,3,0.9259689,2.641307e-07,3,7,6.557279e-06,5.006528e+09,0.01022516,1.739983,0.8699917,-92.00798,-116.979,-175.902,-180.8731,0.02610339
29,2,1453,3.283082e-07,2,8,6.319323e-06,9.486643e-06,7,5.533806e-06,4.26131e-05,1,7,3.945089e-07,5.545887e-06,7,2,0.9054537,4.915156e-07,3,9,8.015448e-06,1.402404e+09,0.007325634,1.911992,0.9559959,-102.3038,-124.8428,-176.5928,-179.1318,0.5849421
29,3,1454,3.622692e-07,5,9,6.665536e-06,7.294572e-06,7,9.64478e-06,3.804969e-05,1,5,4.045021e-07,7.234354e-06,7,1,1.050927,4.464337e-07,3,7,5.790252e-06,2.411866e+09,0.00581027,1.715655,0.8578275,-98.16393,-121.6312,-178.169,-181.6363,0.2785128
29,4,1455,2.58158e-07,1,5,6.567419e-06,7.251143e-06,10,8.788649e-06,3.480721e-05,1,3,4.111549e-07,7.427664e-06,7,4,0.7696694,1.83704e-07,3,9,6.559025e-06,3.598215e+09,0.003276582,0.8933943,0.4466971,-73.35975,-102.114,-159.3273,-168.0815,0.07058072
29,5,1456,4.807114e-07,3,7,6.393485e-06,7.838816e-06,7,6.454459e-06,4.55198e-05,1,2,4.189505e-07,5.467849e-06,8,3,0.8607157,2.80029e-07,2,7,6.933514e-06,5.19103e+09,0.008152543,1.678393,0.8391964,-92.48736,-117.0251,-177.6795,-182.2172,0.01446256
29,6,1457,2.391352e-07,2,7,6.594907e-06,7.30132e-06,6,8.439963e-06,3.862626e-05,1,2,3.889798e-07,9.856027e-06,9,5,0.980638,2.234231e-07,4,7,7.832221e-06,3.856075e+09,0.01911869,1.780448,0.8902242,-90.52881,-117.8105,-169.4371,-176.7189,0.911849
29,7,1458,3.96292e-07,2,7,6.447966e-06,7.672917e-06,2,7.35155e-06,3.991155e-05,1,2,3.955932e-07,7.719511e-06,6,2,0.9581292,3.186529e-07,3,8,8.692201e-06,5.826147e+09,0.008033335,1.622297,0.8111484,-87.8074,-113.2425,-174.0661,-179.5012,0.02691992
29,8,1459,3.846371e-07,3,7,8.69339e-06,8.559672e-06,7,8.116884e-06,4.166028e-05,1,3,3.821511e-07,6.069422e-06,8,2,0.8924857,3.498374e-07,2,5,7.335819e-06,3.897913e+09,0.008048096,1.789503,0.8947517,-96.57811,-120.0534,-179.3378,-182.8131,0.07907317
29,9,1460,4.051495e-07,2,8,7.716909e-06,7.796739e-06,9,5.841192e-06,3.480492e-05,1,4,2.856449e-07,6.363011e-06,10,4,0.9128922,3.106463e-07,3,9,6.055891e-06,2.634874e+09,0.0136301,1.913093,0.9565465,-97.65599,-121.5321,-174.7262,-178.6023,0.4213126
29,10,1461,3.401069e-07,2,7,7.179734e-06,7.91828e-06,8,9.704155e-06,3.698834e-05,1,2,4.002515e-07,7.271181e-06,8,2,0.9116897,4.383472e-07,4,9,6.979104e-06,4.444543e+09,0.009255955,1.369682,0.6848409,-87.57055,-114.482,-170.8629,-177.7743,0.008639772
29,11,1462,4.000516e-07,4,7,7.284388e-06,9.031075e-06,7,7.767458e-06,3.792426e-05,1,2,4.044203e-07,7.129386e-06,7,3,0.9957951,2.124341e-07,3,7,8.13392e-06,4.875709e+09,0.01388458,1.731263,0.8656313,-93.54344,-118.5024,-175.8789,-180.8378,0.1746943
29,12,1463,3.925917e-07,3,6,7.295151e-06,6.959395e-06,5,8.558156e-06,3.854222e-05,1,2,3.27482e-07,6.714845e-06,8,2,0.8705127,3.800134e-07,4,9,7.257298e-06,4.946069e+09,0.01024376,1.583297,0.7916483,-88.29432,-114.5261,-172.0749,-178.3067,0.003677889
29,13,1464,4.080419e-07,2,8,6.051689e-06,7.762795e-06,4,7.654871e-06,4.005308e-05,1,2,3.76789e-07,9.254278e-06,6,2,0.9044238,4.144122e-07,3,8,9.614528e-06,5.061168e+09,0.00843807,1.520219,0.7601097,-85.54349,-112.2969,-170.3661,-177.1195,0.0001817009
29,14,1465,4.764044e-07,2,7,6.257881e-06,9.140655e-06,8,6.782394e-06,4.512901e-05,1,2,3.768634e-07,5.700553e-06,7,3,0.9042889,2.243964e-07,2,7,5.083219e-06,5.171075e+09,0.007030673,1.599519,0.7997597,-91.70586,-117.1067,-177.5075,-182.9083,0.004596049
29,15,1466,3.183354e-07,2,7,6.280298e-06,8.444267e-06,8,7.992877e-06,3.739983e-05,1,7,2.827691e-07,6.575289e-06,7,2,0.8337592,3.460335e-07,2,9,7.204682e-06,1.597111e+09,0.008049576,1.946882,0.9734409,-99.4907,-123.0313,-174.4997,-178.0403,0.5431126
29,16,1467,3.697498e-07,3,5,6.749981e-06,9.389504e-06,7,7.656756e-06,3.600625e-05,1,2,3.934875e-07,7.434144e-06,7,2,1.086863,3.428883e-07,3,7,7.593675e-06,5.203295e+09,0.009315695,1.538966,0.7694829,-92.8575,-117.5481,-177.4909,-182.1815,0.001085038
29,17,1468,3.740409e-07,1,10,9.538725e-06,7.65234e-06,1,7.359114e-06,3.80203e-05,1,2,3.990285e-07,6.797987e-06,8,5,0.8927314,4.066857e-07,3,7,7.044836e-06,5.117045e+09,0.01037074,1.674171,0.8370853,-84.07249,-111.5507,-168.0948,-175.573,0.01486803
29,18,1469,3.356419e-07,5,6,9.721201e-06,8.541986e-06,5,8.261717e-06,3.936238e-05,1,2,3.90448e-07,7.383839e-06,7,2,0.8768045,3.935036e-07,4,7,9.194217e-06,4.728856e+09,0.01156659,1.604219,0.8021093,-92.37684,-117.4601,-175.2399,-180.3231,0.03058945
29,19,1470,4.200492e-07,4,6,7.574051e-06,9.519136e-06,5,7.795982e-06,3.603375e-05,1,2,3.876992e-07,5.422302e-06,8,2,0.8203625,3.852142e-07,4,7,8.011818e-06,5.249977e+09,0.008476406,1.449689,0.7248445,-89.39996,-114.8857,-174.521,-180.0067,0.0008647828
29,20,1471,3.863098e-07,1,9,7.784429e-06,8.781404e-06,8,7.8525e-06,3.850817e-05,1,2,3.935793e-07,8.182805e-06,9,2,0.9570668,3.196621e-07,3,9,7.113181e-06,4.675483e+09,0.008544587,1.443832,0.7219162,-84.59653,-112.2893,-168.6762,-176.3689,0.002099455
29,21,1472,3.240395e-07,5,6,7.584783e-06,6.808376e-06,7,8.794436e-06,4.167564e-05,1,2,4.892417e-07,7.707904e-06,8,3,0.8313898,2.69272e-07,5,7,7.203022e-06,4.20795e+09,0.01387972,1.684859,0.8424295,-95.28325,-119.57,-176.3409,-180.6276,0.1856571
29,22,1473,4.080622e-07,2,9,7.880621e-06,7.634307e-06,8,7.331262e-06,3.461778e-05,1,2,3.536905e-07,6.902943e-06,9,3,0.902731,3.940597e-07,3,9,8.926899e-06,4.588165e+09,0.01284974,1.595375,0.7976873,-90.20007,-116.4557,-172.3439,-178.5996,0.08930318
29,23,1474,4.074199e-07,3,6,8.603654e-06,6.844083e-06,5,8.291639e-06,3.588294e-05,1,2,3.747363e-07,6.417953e-06,8,5,0.8683004,4.249777e-07,3,8,6.162531e-06,4.852208e+09,0.01265287,1.692924,0.8464622,-91.61345,-117.0779,-174.3103,-179.7748,0.08701426
29,24,1475,4.338849e-07,3,7,9.856399e-06,7.022219e-06,10,7.485339e-06,3.796868e-05,1,10,4.379147e-07,7.282602e-06,8,3,0.7712256,3.925249e-07,3,7,7.078545e-06,8.64231e+08,0.01001164,2.041661,1.020831,-101.7961,-125.2029,-170.5236,-173.9304,0.8087604
29,25,1476,4.097763e-07,2,8,9.360116e-06,7.479244e-06,7,7.309577e-06,3.552076e-05,1,2,4.001235e-07,8.804618e-06,7,2,0.8830838,3.651232e-07,3,7,8.227048e-06,5.281728e+09,0.009801595,1.579406,0.7897031,-91.82343,-116.62,-176.366,-181.1626,0.004072089
29,26,1477,3.50879e-07,1,5,7.49857e-06,7.96818e-06,7,9.925281e-06,4.167558e-05,1,3,4.67745e-07,7.233528e-06,8,3,0.8548785,4.015107e-07,5,5,8.15372e-06,3.201415e+09,0.004193175,1.104183,0.5520915,-74.75871,-103.347,-158.6401,-167.2284,0.1201663
29,27,1478,4.188061e-07,1,9,6.161593e-06,8.047622e-06,8,8.972778e-06,3.55842e-05,1,2,3.122213e-07,6.45006e-06,6,3,0.9594758,4.041589e-07,3,7,8.219176e-06,5.085184e+09,0.006839483,1.258772,0.629386,-78.82949,-107.0486,-164.6054,-172.8245,0.0
29,28,1479,4.08175e-07,1,6,7.031473e-06,8.183324e-06,9,8.557259e-06,3.580842e-05,1,2,2.370273e-07,6.361063e-06,7,4,0.9285811,3.176233e-07,3,10,9.375406e-06,4.750849e+09,0.005599588,0.9980313,0.4990156,-75.42285,-103.9001,-161.4767,-169.954,0.0009265254
29,29,1480,4.360411e-07,2,7,7.509413e-06,6.517338e-06,7,7.637221e-06,3.059306e-05,1,2,4.019664e-07,7.012706e-06,6,2,1.100383,4.388969e-07,1,7,7.642057e-06,7.099962e+09,0.005907912,1.493669,0.7468347,-91.8231,-115.6623,-181.1339,-184.973,0.1537812
29,30,1481,4.322791e-07,3,7,6.162236e-06,8.526797e-06,4,8.335597e-06,3.827273e-05,1,2,3.85305e-07,8.367141e-06,9,2,0.89788,4.40035e-07,3,8,7.918059e-06,5.007619e+09,0.01006846,1.608625,0.8043126,-89.87444,-115.4701,-173.8374,-179.4331,0.005291073
29,31,1482,4.211677e-07,3,6,6.490547e-06,6.832021e-06,7,7.451704e-06,3.382962e-05,1,2,4.344947e-07,6.313075e-06,7,2,1.02491,3.28457e-07,4,7,6.66942e-06,5.697578e+09,0.007968115,1.451332,0.7256662,-89.95821,-115.0323,-176.0585,-181.1325,0.01372931
29,32,1483,3.951938e-07,2,7,9.889499e-06,8.55047e-06,6,6.421999e-06,3.465522e-05,1,3,4.113724e-07,9.689789e-06,8,3,0.839967,3.572368e-07,2,7,7.178704e-06,3.72122e+09,0.01046819,1.797065,0.8985325,-96.03137,-119.9838,-177.2464,-181.1988,0.09928584
29,33,1484,4.674254e-07,3,10,6.561348e-06,8.102455e-06,5,8.391811e-06,3.995245e-05,1,7,3.803503e-07,5.462713e-06,8,3,0.8398039,3.244437e-07,2,7,8.3832e-06,1.612979e+09,0.009906474,2.021108,1.010554,-98.93114,-122.173,-173.1245,-176.3664,0.570691
29,34,1485,4.059907e-07,2,7,5.701543e-06,7.86995e-06,7,7.459491e-06,3.889752e-05,1,2,4.031231e-07,6.789881e-06,6,4,0.9768408,2.366073e-07,4,8,8.632463e-06,4.606974e+09,0.01000373,1.546562,0.7732808,-86.60804,-113.8709,-169.8747,-177.1376,0.00453987
29,35,1486,2.73959e-07,3,6,6.717416e-06,6.966196e-06,8,8.530876e-06,3.774763e-05,1,2,2.492892e-07,6.978812e-06,8,2,0.9359401,3.455469e-07,3,8,6.670895e-06,5.159985e+09,0.01352524,1.767313,0.8836563,-93.73536,-118.3621,-176.6769,-181.3036,0.15617
29,36,1487,4.30784e-07,2,7,6.07211e-06,7.848421e-06,7,8.559366e-06,3.852772e-05,1,2,3.843953e-07,5.337458e-06,6,1,0.952448,3.436344e-07,3,8,6.919446e-06,5.738266e+09,0.003985447,1.005908,0.5029539,-83.39188,-110.2576,-172.5627,-179.4284,0.01566256
29,37,1488,3.091852e-07,1,8,7.069175e-06,7.468327e-06,9,8.746056e-06,3.698339e-05,1,2,3.50549e-07,8.00324e-06,8,4,1.096587,3.549765e-07,3,9,7.610385e-06,4.247342e+09,0.01211395,1.553777,0.7768885,-85.12317,-113.1923,-166.8527,-174.9217,0.06371425
29,38,1489,2.41364e-07,4,6,8.496239e-06,8.973792e-06,3,7.341972e-06,3.838006e-05,1,2,3.376089e-07,7.953471e-06,7,1,1.063046,4.265527e-07,3,7,6.719136e-06,6.37893e+09,0.00764591,1.611852,0.805926,-87.87936,-113.9091,-175.14,-181.1698,0.06844624
29,39,1490,3.614344e-07,3,6,6.50546e-06,7.887473e-06,10,7.862316e-06,4.247956e-05,1,2,3.938154e-07,6.777587e-06,10,1,0.9262806,2.462886e-07,4,7,6.421254e-06,4.780186e+09,0.007429227,1.413107,0.7065537,-92.0893,-117.496,-176.9688,-182.3755,0.0005978916
29,40,1491,3.402278e-07,2,8,7.232408e-06,6.948414e-06,6,8.701271e-06,3.761344e-05,1,3,3.918634e-07,6.690724e-06,8,5,0.9702453,3.27592e-07,3,7,7.600483e-06,3.242287e+09,0.0143847,1.875043,0.9375214,-98.16068,-121.6597,-176.7987,-180.2977,0.3692231
29,41,1492,3.954734e-07,2,7,7.81309e-06,8.493006e-06,2,8.197869e-06,4.140155e-05,1,5,2.607113e-07,6.062554e-06,8,2,0.899077,3.169271e-07,2,8,7.317325e-06,2.839022e+09,0.009558937,2.024382,1.012191,-93.21719,-117.6789,-172.4765,-176.9382,0.2991226
29,42,1493,4.072542e-07,1,6,7.242242e-06,5.09023e-06,8,7.614661e-06,3.366867e-05,1,2,4.363339e-07,7.473092e-06,8,3,0.92466,3.323805e-07,4,7,6.924512e-06,5.512703e+09,0.005440805,1.103974,0.551987,-73.01991,-101.4893,-160.4906,-168.9599,0.006548401
29,43,1494,3.100642e-07,3,6,9.242463e-06,8.141657e-06,7,7.460865e-06,3.616569e-05,1,2,3.992153e-07,6.576196e-06,7,2,0.7874666,4.080613e-07,4,8,5.449613e-06,5.306148e+09,0.008428056,1.480971,0.7404857,-90.1665,-115.657,-175.4048,-180.8954,0.001633878
29,44,1495,3.962226e-07,3,6,7.248924e-06,6.722749e-06,4,8.997551e-06,3.948192e-05,1,2,3.892044e-07,8.033528e-06,8,2,0.8222988,3.229085e-07,4,7,7.718592e-06,5.195879e+09,0.009249468,1.611024,0.8055119,-86.69219,-113.258,-171.3442,-177.91,0.005831773
29,45,1496,3.828712e-07,2,8,7.464279e-06,7.966688e-06,9,7.955706e-06,3.730523e-05,1,2,3.96452e-07,8.02977e-06,9,1,0.943813,3.807535e-07,3,6,7.318195e-06,5.262238e+09,0.006926116,1.372167,0.6860833,-91.63991,-116.7503,-177.6584,-182.7688,0.001011966
29,46,1497,4.006008e-07,5,7,7.139296e-06,7.875064e-06,9,8.629603e-06,3.067055e-05,1,2,2.238102e-07,6.45015e-06,7,4,1.005421,4.039667e-07,3,10,9.429916e-06,4.496352e+09,0.02324612,1.784857,0.8924287,-95.39565,-120.0576,-174.7894,-179.4513,1.797448
29,47,1498,2.041452e-07,1,7,7.227995e-06,7.323212e-06,7,8.67795e-06,3.962984e-05,1,2,4.016653e-07,6.31349e-06,6,2,0.9626152,3.649859e-07,3,7,7.138488e-06,5.339172e+09,0.006842228,1.433651,0.7168256,-86.34567,-113.4289,-172.5432,-179.6264,0.002199274
29,48,1499,3.507789e-07,2,8,7.827815e-06,8.617345e-06,9,8.086732e-06,3.67647e-05,1,1,3.847013e-07,6.137671e-06,8,1,0.9078974,3.081e-07,3,6,7.15242e-06,8.538209e+09,0.005734931,0.7505827,0.3752914,-86.75533,-111.4516,-177.7974,-182.4937,0.4544899
29,49,1500,4.918849e-07,1,6,7.159036e-06,8.45723e-06,6,8.996855e-06,3.906027e-05,1,3,4.046318e-07,8.038828e-06,8,3,0.7896689,3.432171e-07,5,7,7.30536e-06,3.512251e+09,0.002703452,0.858275,0.4291375,-76.59375,-104.7836,-163.1863,-171.3761,0.0802102
30,0,1501,4.218597e-07,2,6,7.822208e-06,6.769506e-06,9,8.423484e-06,3.579983e-05,1,2,3.358548e-07,6.272735e-06,7,3,0.879793,3.001742e-07,3,8,7.29329e-06,5.093651e+09,0.008640831,1.471628,0.735814,-84.19564,-111.7753,-168.9707,-176.5503,0.0
30,1,1502,4.334176e-07,3,6,7.248924e-06,6.722749e-06,4,8.997551e-06,3.948192e-05,1,2,3.892044e-07,8.033528e-06,8,2,0.8222988,3.229085e-07,4,7,7.718592e-06,5.212847e+09,0.008822895,1.585009,0.7925044,-85.68822,-112.4259,-170.5736,-177.3113,0.003701385
30,2,1503,3.282513e-07,3,6,6.363594e-06,7.354812e-06,6,8.123823e-06,4.086862e-05,1,2,4.736093e-07,9.517975e-06,6,2,0.8931613,2.958857e-07,5,7,7.425731e-06,4.698428e+09,0.009144096,1.513201,0.7566004,-90.66537,-116.1751,-174.493,-180.0027,0.001769721
30,3,1504,2.137458e-07,4,7,6.611265e-06,8.111189e-06,4,5.07485e-06,3.963951e-05,1,8,3.788537e-07,8.596365e-06,6,2,0.9394589,4.043347e-07,3,7,9.479783e-06,nil,nil,nil,nil,nil,nil,1e+12,1e+12,4e+12
30,4,1505,4.22335e-07,3,5,6.29108e-06,9.313644e-06,5,7.821504e-06,3.757884e-05,1,2,3.883374e-07,7.548869e-06,8,3,0.9116898,4.128466e-07,3,7,7.611015e-06,4.944291e+09,0.009161299,1.536173,0.7680867,-85.66904,-112.8764,-169.9316,-177.1389,0.000581559
30,5,1506,4.479651e-07,3,8,6.202529e-06,8.14494e-06,5,8.413095e-06,3.856677e-05,1,5,3.843196e-07,8.304318e-06,9,1,0.8012442,3.455317e-07,3,5,7.964926e-06,2.569303e+09,0.006581359,1.851903,0.9259516,-97.95149,-120.9947,-177.9646,-181.0079,0.2812835
30,6,1507,3.678569e-07,2,8,6.531741e-06,7.018118e-06,5,7.637324e-06,3.62462e-05,1,2,3.949117e-07,8.530214e-06,6,2,1.033282,4.21821e-07,2,7,9.135691e-06,5.979803e+09,0.008428717,1.625354,0.8126772,-91.20333,-115.6201,-177.4795,-181.8962,0.03674373
30,7,1508,4.224005e-07,4,7,7.467564e-06,7.328802e-06,4,7.762893e-06,4.52919e-05,1,2,3.994319e-07,6.058453e-06,8,1,0.9050274,1.844698e-07,4,7,6.837629e-06,5.912615e+09,0.006456216,1.547919,0.7739594,-87.32219,-113.4427,-174.658,-180.7785,0.02640859
30,8,1509,3.93631e-07,3,8,6.499602e-06,7.939903e-06,8,8.016807e-06,3.865196e-05,1,2,1.910093e-07,5.841866e-06,6,3,0.9600103,2.738925e-07,4,9,7.833813e-06,4.630148e+09,0.01695551,1.786535,0.8932674,-92.59269,-118.3414,-173.6115,-179.3602,0.5233141
30,9,1510,3.959567e-07,3,6,7.258652e-06,6.166548e-06,3,7.946235e-06,3.4467e-05,1,2,4.159726e-07,7.272624e-06,8,2,0.8827248,4.142383e-07,4,9,7.15438e-06,5.432241e+09,0.009306815,1.517987,0.7589933,-87.07645,-112.9919,-172.088,-178.0035,0.004387691
30,10,1511,3.996419e-07,1,8,8.932622e-06,8.279028e-06,8,7.7474e-06,3.83329e-05,1,2,3.992239e-07,5.417482e-06,8,2,0.9468906,3.550003e-07,2,7,7.339281e-06,5.513836e+09,0.006220025,1.412692,0.7063458,-89.76838,-115.4195,-176.6595,-182.3107,0.006584386
30,11,1512,4.53217e-07,2,9,6.517937e-06,6.347707e-06,8,7.343533e-06,3.66213e-05,1,2,4.054806e-07,6.480593e-06,8,3,0.9203502,3.287801e-07,3,5,5.486414e-06,5.592308e+09,0.008673579,1.63436,0.8171799,-92.62686,-117.0808,-178.1967,-182.6506,0.01734159
30,12,1513,3.113194e-07,1,8,6.561751e-06,7.999771e-06,8,9.534768e-06,4.691583e-05,1,2,4.226825e-07,7.691331e-06,8,4,1.085264,2.8695e-07,3,8,8.153818e-06,3.798638e+09,0.01083267,1.589115,0.7945576,-87.56295,-115.3662,-168.8082,-176.6114,0.06098343
30,13,1514,3.837703e-07,3,9,6.077119e-06,7.864373e-06,10,8.314083e-06,4.173145e-05,1,2,3.934162e-07,6.369052e-06,10,1,0.9319489,2.06503e-07,5,7,8.294998e-06,4.446582e+09,0.008186414,1.339372,0.669686,-90.96905,-117.0955,-174.7986,-180.9251,0.008562589
30,14,1515,4.886306e-07,1,7,6.507415e-06,8.711039e-06,8,6.864977e-06,4.383874e-05,1,2,3.885784e-07,7.80067e-06,8,3,1.033877,3.112891e-07,3,7,5.937788e-06,4.670055e+09,0.006332522,1.355355,0.6776774,-81.16428,-109.1916,-166.535,-174.5623,0.002202203
30,15,1516,4.057952e-07,2,7,6.49476e-06,6.622423e-06,5,7.519367e-06,4.040307e-05,1,2,3.972932e-07,8.985776e-06,8,2,0.9488491,3.014657e-07,3,7,8.216168e-06,5.254839e+09,0.009365976,1.666801,0.8334003,-89.49591,-115.2257,-174.1916,-179.9214,0.01328729
30,16,1517,4.08175e-07,1,6,7.031473e-06,8.183324e-06,9,6.851313e-06,3.580842e-05,1,2,2.370273e-07,6.361063e-06,7,4,0.9285811,3.176233e-07,3,8,9.375406e-06,5.105083e+09,0.005579915,1.076393,0.5381964,-74.52247,-103.0044,-161.2162,-169.6982,9.932703e-07
30,17,1518,4.116849e-07,2,7,7.819638e-06,9.860416e-06,5,7.529719e-06,4.146056e-05,1,5,2.410354e-07,5.832434e-06,8,2,0.9015045,3.006079e-07,2,8,8.461147e-06,2.414099e+09,0.009895302,1.971827,0.9859134,-95.62262,-120.2313,-173.3234,-177.9321,0.3563228
30,18,1519,3.116429e-07,3,7,6.478302e-06,7.560634e-06,7,8.540637e-06,3.83094e-05,1,2,3.431913e-07,6.076187e-06,9,2,0.9437784,3.448634e-07,3,8,5.414503e-06,5.320961e+09,0.01058313,1.687668,0.8438339,-93.81908,-118.1061,-178.0927,-182.3797,0.02093047
30,19,1520,3.925917e-07,3,6,7.295151e-06,6.959395e-06,5,8.558156e-06,3.854222e-05,1,2,3.326649e-07,6.714845e-06,7,2,0.8705127,3.800134e-07,4,9,6.743409e-06,5.11496e+09,0.00948678,1.563644,0.7818221,-86.17658,-111.9855,-170.5822,-176.3911,0.001808863
30,20,1521,3.027733e-07,1,6,6.181956e-06,7.988501e-06,7,7.827407e-06,3.810552e-05,1,2,3.998557e-07,6.476139e-06,7,3,0.9862067,4.077285e-07,4,8,6.470083e-06,4.93123e+09,0.006487355,1.241714,0.6208569,-73.82171,-102.4701,-159.5601,-168.2085,0.0
30,21,1522,3.87394e-07,2,7,7.454079e-06,6.654626e-06,4,8.800617e-06,3.923961e-05,1,2,3.191864e-07,8.032094e-06,8,1,0.846103,3.597531e-07,4,6,7.429574e-06,5.940374e+09,0.00701164,1.531345,0.7656723,-86.10803,-112.3162,-173.1261,-179.3343,0.02758888
30,22,1523,1.80767e-07,3,7,9.485149e-06,7.671493e-06,6,7.889223e-06,3.63987e-05,1,2,3.964017e-07,7.046692e-06,7,2,0.9645671,3.951421e-07,1,7,7.733112e-06,6.356366e+09,0.007823243,1.67195,0.8359751,-93.88548,-117.3434,-181.0158,-184.4737,0.07382736
30,23,1524,4.100727e-07,2,7,8.655736e-06,6.857628e-06,8,7.97725e-06,4.618507e-05,1,8,4.312111e-07,7.907899e-06,8,5,0.8645839,4.215474e-07,3,8,6.08002e-06,9.75291e+08,0.01089129,2.009943,1.004971,-102.2799,-125.7714,-171.6918,-175.1833,0.7650567
30,24,1525,4.1737e-07,2,7,9.436231e-06,8.217227e-06,7,8.413267e-06,3.920774e-05,1,3,3.402392e-07,6.343297e-06,7,3,0.9211929,3.772101e-07,2,5,7.848043e-06,3.824931e+09,0.009214575,1.812491,0.9062454,-97.16086,-120.4395,-179.1686,-182.4473,0.0915374
30,25,1526,4.826416e-07,2,6,6.475891e-06,6.053139e-06,6,7.615352e-06,3.933337e-05,1,7,4.084986e-07,8.75707e-06,7,4,0.9223348,2.489947e-07,3,7,7.974612e-06,1.41893e+09,0.008187148,1.951521,0.9757605,-100.254,-123.8133,-174.1619,-177.7212,0.5953095
30,26,1527,3.770658e-07,1,6,6.787379e-06,8.0624e-06,9,8.394005e-06,3.805177e-05,1,2,2.734063e-07,6.924618e-06,10,3,0.9263254,2.709067e-07,3,9,7.107664e-06,4.74933e+09,0.005702406,1.073948,0.5369738,-75.61373,-104.1434,-161.5858,-170.1155,0.0009454961
30,27,1528,3.41702e-07,5,8,8.989682e-06,7.403837e-06,7,7.570309e-06,3.619796e-05,1,2,4.355883e-07,6.623416e-06,8,3,0.8550215,4.052663e-07,4,8,6.411259e-06,4.737018e+09,0.0136653,1.669896,0.8349482,-94.78957,-118.8152,-176.9435,-180.9691,0.1482793
30,28,1529,3.709857e-07,3,7,6.324317e-06,6.451983e-06,6,5.567492e-06,4.094066e-05,1,3,4.057614e-07,7.26219e-06,7,3,0.8824461,2.76491e-07,3,8,7.524511e-06,3.659397e+09,0.01105293,1.876937,0.9384685,-95.7375,-119.5216,-176.5709,-180.3551,0.1383363
30,29,1530,2.403488e-07,2,7,6.427043e-06,5.968722e-06,7,7.500453e-06,4.169004e-05,1,2,4.087661e-07,5.564034e-06,8,3,1.018438,2.871852e-07,3,7,6.947119e-06,5.175465e+09,0.01108382,1.745906,0.8729529,-93.3519,-117.724,-177.184,-181.5561,0.03884095
30,30,1531,3.965886e-07,4,7,9.335385e-06,7.735628e-06,9,7.941012e-06,3.486761e-05,1,3,4.694718e-07,7.248367e-06,7,3,0.8178293,3.373458e-07,3,8,8.221688e-06,3.329918e+09,0.01156935,1.719535,0.8597677,-97.93221,-121.4425,-177.7478,-181.258,0.148721
30,31,1532,3.795e-07,2,5,7.057823e-06,5.706161e-06,5,7.664532e-06,4.020178e-05,1,2,3.009524e-07,7.79807e-06,8,2,0.9725391,3.288086e-07,2,8,7.43456e-06,6.003632e+09,0.00872554,1.732256,0.8661282,-88.21182,-114.0682,-174.3722,-180.2286,0.05536841
30,32,1533,4.621296e-07,2,7,6.251904e-06,9.132289e-06,7,7.816348e-06,4.228045e-05,1,2,3.790498e-07,5.542404e-06,7,3,0.9493181,3.211929e-07,3,8,5.546275e-06,4.940096e+09,0.007789846,1.538552,0.7692761,-90.99618,-116.5426,-175.9556,-181.5021,0.0006605655
30,33,1534,3.697498e-07,3,5,6.749981e-06,8.437622e-06,7,7.656756e-06,3.600625e-05,1,2,3.934875e-07,7.434144e-06,8,2,1.086863,4.705298e-07,3,8,7.593675e-06,4.966134e+09,0.009712246,1.522715,0.7613576,-92.25987,-117.141,-176.307,-181.1882,0.000229326
30,34,1535,4.177897e-07,2,6,7.408575e-06,9.190235e-06,6,8.236438e-06,3.590786e-05,1,2,3.812156e-07,5.643146e-06,8,2,0.845851,3.015997e-07,4,9,8.353107e-06,4.99965e+09,0.007002464,1.236489,0.6182446,-78.81497,-106.7503,-164.3413,-172.2766,0.0
30,35,1536,3.907636e-07,3,7,7.803931e-06,7.304246e-06,5,8.291422e-06,3.780205e-05,1,2,3.898812e-07,6.439586e-06,7,3,0.8764134,4.002511e-07,3,7,6.347616e-06,5.439741e+09,0.01010881,1.683937,0.8419683,-92.96684,-117.0831,-177.6314,-181.7477,0.01959281
30,36,1537,3.537202e-07,3,6,8.329155e-06,8.020872e-06,4,7.458652e-06,3.442136e-05,1,2,4.238521e-07,6.39554e-06,7,2,1.074779,2.981243e-07,4,7,5.645466e-06,6.246577e+09,0.008928545,1.618426,0.8092129,-89.86224,-114.8207,-176.2673,-181.2258,0.05677679
30,37,1538,4.610879e-07,3,6,6.50546e-06,6.701969e-06,10,7.862316e-06,4.755247e-05,1,2,4.083084e-07,6.777587e-06,10,3,0.9262806,2.462886e-07,4,7,6.421254e-06,4.06329e+09,0.01109512,1.672382,0.8361911,-93.26093,-118.8114,-174.9872,-180.5376,0.05435789
30,38,1539,3.637805e-07,3,6,7.367433e-06,8.379554e-06,7,8.056815e-06,3.918601e-05,1,2,4.36676e-07,7.161548e-06,6,3,0.9547031,2.328687e-07,4,7,8.790464e-06,4.658546e+09,0.01118814,1.60152,0.8007599,-93.26428,-118.1887,-176.1417,-181.0662,0.02112558
30,39,1540,3.722189e-07,3,7,6.663552e-06,8.261968e-06,8,7.858385e-06,3.509474e-05,1,2,3.938097e-07,5.898673e-06,10,4,0.948748,2.756422e-07,3,8,6.842444e-06,4.617182e+09,0.01453408,1.704997,0.8524987,-94.53525,-119.3179,-176.1989,-180.9815,0.2275876
30,40,1541,4.712315e-07,3,6,6.916215e-06,7.886544e-06,4,7.824328e-06,3.895444e-05,1,2,4.045802e-07,6.112916e-06,8,5,0.7983472,3.165286e-07,4,6,7.019505e-06,4.914678e+09,0.008097008,1.448417,0.7242086,-77.86146,-105.933,-162.6081,-170.6796,0.0
30,41,1542,3.411718e-07,3,6,7.545322e-06,7.546013e-06,7,8.090792e-06,3.911849e-05,1,2,3.964414e-07,9.77808e-06,8,2,0.8130253,4.053271e-07,4,7,5.649862e-06,4.841876e+09,0.009921736,1.598286,0.799143,-89.08548,-115.5288,-172.8199,-179.2632,0.004434095
30,42,1543,3.8921e-07,3,6,7.778677e-06,7.122509e-06,6,8.480482e-06,3.66581e-05,1,2,3.869806e-07,9.506683e-06,8,4,0.8606371,3.881787e-07,4,8,6.811281e-06,4.293456e+09,0.01319838,1.608982,0.8044911,-85.771,-113.4052,-167.2219,-174.8561,0.1228978
30,43,1544,3.769284e-07,4,6,8.941533e-06,8.172508e-06,5,7.879772e-06,3.943782e-05,1,2,2.545495e-07,6.348955e-06,8,2,0.8520339,3.32486e-07,5,7,7.860789e-06,4.843894e+09,0.01436886,1.75513,0.8775652,-92.61397,-117.6862,-174.7436,-179.8159,0.2199304
30,44,1545,3.718394e-07,3,8,8.32465e-06,7.740949e-06,3,7.515959e-06,3.833296e-05,1,1,2.646941e-07,6.795049e-06,8,3,1.092192,3.636823e-07,4,7,6.535721e-06,8.523818e+09,0.01858641,1.714149,0.8570744,-89.03681,-114.0851,-174.9575,-180.0058,1.208339
30,45,1546,2.303049e-07,2,7,7.825271e-06,8.629855e-06,4,7.844203e-06,4.361959e-05,1,2,3.878653e-07,7.60954e-06,8,2,0.8380269,2.71618e-07,3,7,8.670848e-06,5.123172e+09,0.01077115,1.749348,0.8746742,-91.3583,-116.5462,-175.2265,-180.4144,0.03360049
30,46,1547,1.851665e-07,3,6,7.430089e-06,7.960305e-06,7,8.044929e-06,3.712705e-05,1,2,3.791852e-07,8.645395e-06,8,4,0.8379357,2.374505e-07,4,8,5.54509e-06,4.45655e+09,0.0182826,1.817959,0.9089793,-93.36183,-118.9431,-173.7214,-179.3027,0.7391377
30,47,1548,3.978106e-07,3,6,5.181277e-06,6.782254e-06,6,8.916423e-06,3.603508e-05,1,2,4.086104e-07,6.426125e-06,8,2,0.9572065,3.245171e-07,4,7,7.460825e-06,5.333376e+09,0.00833032,1.483868,0.7419339,-88.76179,-114.5723,-174.0952,-179.9057,0.002093985
30,48,1549,4.08175e-07,1,8,5.213883e-06,9.412043e-06,2,8.557259e-06,3.580842e-05,1,2,2.370273e-07,8.373704e-06,7,4,0.9285811,3.176233e-07,3,10,9.375406e-06,5.473166e+09,0.005541428,1.1386,0.5693,-71.19535,-99.72274,-158.5239,-167.0513,0.08222762
30,49,1550,3.865974e-07,3,7,6.684381e-06,8.095094e-06,3,7.705494e-06,3.788548e-05,1,2,3.879013e-07,6.67571e-06,7,1,1.048038,4.24695e-07,3,7,7.182893e-06,6.51946e+09,0.005583614,1.412055,0.7060277,-84.68086,-111.1086,-173.4959,-179.9237,0.0774651
