0.00865076	5.01631e+09	1.43618	0.718089	-90.4855	-115.837	-175.123	-180.474	0.30374	0.151886	0.219045	-0.0933803	0.50285	
0.00977819	4.96234e+09	1.4632	0.731601	-90.8059	-116.169	-174.817	-180.18	-0.268316	-0.2344	0.229731	-0.73142	0.0890343	
0.00963934	4.9294e+09	1.4303	0.715149	-90.5107	-115.997	-174.526	-180.013	0.0114978	-0.699314	0.349509	0.191962	-0.276333	
0.0085361	5.03432e+09	1.4303	0.715148	-90.3294	-115.743	-175.056	-180.469	0.922351	0.329253	-0.175562	0.437264	0.151069	
0.00917095	4.99244e+09	1.44237	0.721187	-94.8089	-120.518	-179.151	-184.86	0.218568	0.21146	0.383302	-0.357308	-0.063492	
0.0101043	4.969e+09	1.47149	0.735746	-90.7814	-116.172	-174.662	-180.052	0.185747	-0.266271	-0.501712	-0.194045	-0.38028	
0.0102588	4.93151e+09	1.46872	0.734359	-90.9116	-116.332	-174.66	-180.081	0.925328	-0.753364	-0.29768	-0.209129	-0.125087	
0.00893534	5.01134e+09	1.42894	0.71447	-90.3499	-115.81	-174.838	-180.298	-0.129788	0.27012	0.0187886	0.319041	-0.364837	
0.00843939	5.02852e+09	1.41099	0.705497	-90.1407	-115.63	-174.906	-180.396	-0.278728	0.165564	-0.126902	0.885037	-0.115913	
0.00870345	5.02433e+09	1.43222	0.716111	-90.3777	-115.799	-175.002	-180.424	0.276485	0.258029	-0.0848664	0.310969	0.0480081	
0.00915748	4.98848e+09	1.43997	0.719985	-90.4476	-115.867	-174.789	-180.209	0.439936	-0.0619209	0.0336921	0.0854755	-0.0343184	
0.00855669	5.02554e+09	1.4333	0.71665	-90.4354	-115.827	-175.136	-180.528	0.142396	0.0428322	-0.148004	0.334564	0.48254	
0.00918444	5.01575e+09	1.45261	0.726303	-90.5991	-115.964	-174.975	-180.341	0.280347	0.563665	0.20155	-0.532004	-0.17325	
0.00919826	5.02274e+09	1.46151	0.730757	-90.6719	-116.049	-175.054	-180.431	0.517268	0.242484	-0.449611	-0.116345	0.104411	
0.00906999	4.9881e+09	1.42687	0.713433	-90.357	-115.827	-174.74	-180.209	-0.486219	-0.0964265	0.102144	0.354309	-0.249755	
0.0090052	5.00874e+09	1.45346	0.726732	-90.6195	-115.943	-175.069	-180.392	0.289141	0.111124	0.0916466	-0.441381	0.500468	
0.00894446	5.02898e+09	1.4458	0.7229	-90.5001	-115.919	-175.014	-180.434	0.150662	0.302841	-0.35826	0.2039	-0.0452852	
0.0102722	4.94606e+09	1.45884	0.729419	-90.7652	-116.225	-174.534	-179.994	-0.00801508	-0.213979	-0.0496966	-0.264829	-0.867713	
0.00923872	4.98437e+09	1.42507	0.712536	-90.3438	-115.849	-174.64	-180.145	0.126622	0.0455161	0.0371988	0.470184	-0.69269	
0.00881655	5.05177e+09	1.44356	0.721782	-90.425	-115.825	-175.041	-180.441	0.396632	0.931656	-0.0899026	-0.0755381	-0.397463	
0.00912039	4.96435e+09	1.41323	0.706613	-90.3053	-115.84	-174.622	-180.157	-0.0625813	-0.209474	0.44013	0.457199	-0.466733	
0.00950842	4.9873e+09	1.45827	0.729135	-90.7801	-116.237	-174.956	-180.413	0.319238	-0.0530996	-0.164661	-0.223553	-0.0492559	
0.00908572	4.97924e+09	1.43428	0.717141	-90.4712	-115.915	-174.831	-180.274	0.392531	-0.381963	-0.0721371	0.376189	0.148659	
0.00933647	4.98014e+09	1.44653	0.723265	-90.5961	-116.034	-174.839	-180.277	0.0619419	-0.388869	-0.273858	0.237474	0.08856	
0.00936144	4.97754e+09	1.44818	0.724089	-90.6239	-116.04	-174.851	-180.266	0.230691	-0.290595	-0.0823187	0.0026057	0.0937482	
0.00842094	4.99172e+09	1.40166	0.700832	-90.1402	-115.578	-174.852	-180.29	-0.0493045	-0.133509	0.646585	0.511103	0.253086	
0.00887811	5.01832e+09	1.44599	0.722993	-90.5001	-115.872	-175.028	-180.4	0.00021375	0.129375	-0.0990313	-0.0486466	0.327701	
0.00952016	4.97291e+09	1.44786	0.723928	-90.5995	-116.057	-174.745	-180.202	-0.00457547	-0.440801	-0.357838	0.304779	-0.11328	
0.00963989	4.97367e+09	1.45925	0.729624	-90.7883	-116.236	-174.881	-180.329	-0.248736	-0.307605	-0.154766	-0.234428	0.0352277	
0.00933235	4.98568e+09	1.45039	0.725194	-90.6176	-116.005	-174.872	-180.259	-0.188746	-0.0865294	0.0903842	-0.273534	0.0895721	
0.00874879	5.02699e+09	1.43938	0.719691	-90.4588	-115.843	-175.065	-180.45	-0.0616358	0.329263	0.0184533	-0.00956395	0.17734	
0.00846528	5.03906e+09	1.43518	0.717591	-90.4151	-115.783	-175.186	-180.554	0.0249909	0.260459	-0.0923966	0.179545	0.502699	
0.00963377	4.95128e+09	1.45034	0.72517	-90.6957	-116.11	-174.752	-180.166	-0.0522677	-0.560363	0.105723	-0.182324	0.113556	
0.0096536	4.96526e+09	1.45947	0.729734	-90.7324	-116.086	-174.804	-180.158	0.388749	-0.35855	-0.0559653	-0.310444	0.121742	
0.00841734	5.05286e+09	1.42455	0.712276	-90.2526	-115.647	-175.072	-180.466	-0.535754	0.833575	0.313506	0.0195183	-0.103486	
0.00842594	5.03601e+09	1.41841	0.709203	-90.225	-115.628	-175.011	-180.413	0.0696131	0.659495	0.449832	0.115409	-0.0748893	
0.0090325	4.99172e+09	1.42619	0.713094	-90.3467	-115.813	-174.754	-180.22	-0.0886573	0.0147225	0.125924	0.345536	-0.304291	
0.00928003	5.01823e+09	1.46713	0.733563	-90.7613	-116.086	-175.097	-180.421	-0.449429	0.277069	-0.111987	-0.662739	0.283088	
0.00820053	5.02509e+09	1.39817	0.699087	-90.0439	-115.495	-174.928	-180.379	-0.051061	0.332957	0.481931	0.656365	-0.0153284	
0.00880139	5.02972e+09	1.45495	0.727477	-90.655	-115.974	-175.24	-180.559	0.456862	0.194291	-0.192301	-0.250682	0.650877	
0.00901696	5.03858e+09	1.44819	0.724095	-90.4805	-115.917	-174.976	-180.413	0.109108	0.469115	-0.51558	0.270759	-0.291009	
0.00891442	5.02027e+09	1.45	0.725002	-90.5666	-115.93	-175.08	-180.444	0.38007	0.177671	-0.153831	-0.104757	0.341158	
0.0083258	5.05236e+09	1.43894	0.719471	-90.4542	-115.767	-175.32	-180.632	-0.283663	0.396484	0.0123511	-0.0992011	0.766799	
0.00954406	4.96212e+09	1.44354	0.721772	-90.5715	-115.99	-174.687	-180.106	-0.0279876	-0.158669	0.354169	-0.276049	-0.234285	
0.00970446	4.96277e+09	1.45488	0.727442	-90.6886	-116.077	-174.733	-180.122	-0.0760232	-0.197874	0.203671	-0.449541	-0.131444	
0.00891262	5.04141e+09	1.4519	0.725948	-90.5463	-115.951	-175.097	-180.502	-0.347254	0.310786	-0.543815	0.181414	0.105253	
0.00910599	4.99459e+09	1.43223	0.716116	-90.4246	-115.889	-174.801	-180.265	0.596415	0.0203188	-0.121634	0.433387	-0.332795	
0.00979879	4.92971e+09	1.44131	0.720655	-90.4303	-115.9	-174.375	-179.844	-0.436882	-0.60778	0.481488	-0.255727	-0.184327	
0.00900906	5.02527e+09	1.45305	0.726523	-90.5975	-115.991	-175.074	-180.468	0.282567	0.162766	-0.443532	0.10324	0.186114	
0.00963442	5.02921e+09	1.4876	0.743799	-90.9721	-116.345	-175.164	-180.537	0.0679192	0.124551	-1.01328	-0.291357	0.201054	
0.00922038	5.0083e+09	1.44129	0.720647	-90.4579	-115.921	-174.804	-180.268	-0.0859525	0.171274	-0.308889	0.324321	-0.439336	
0.00979757	4.97719e+09	1.46884	0.734418	-90.8098	-116.166	-174.838	-180.195	0.634314	0.00439579	-0.0515228	-0.618007	-0.109039	
0.00938807	5.00434e+09	1.46621	0.733103	-90.7417	-116.1	-175.003	-180.361	0.389644	-0.0292199	-0.409159	-0.247187	0.258238	
0.00904789	4.98084e+09	1.42997	0.714985	-90.7668	-116.263	-175.147	-180.644	-0.0992536	-0.118178	0.36626	0.0412672	0.0203118	
0.00847311	5.02816e+09	1.41944	0.709719	-90.2564	-115.645	-175.004	-180.392	0.0361281	0.573585	0.546017	0.01457	0.00750952	
0.00941414	4.97902e+09	1.44901	0.724505	-90.6429	-116.074	-174.848	-180.279	0.467377	-0.203611	-0.120856	0.0200714	-0.0504066	
0.00867177	5.02802e+09	1.42924	0.71462	-90.2727	-115.728	-174.92	-180.375	0.114072	0.130031	-0.37019	0.663068	0.00623776	
0.00880073	5.01302e+09	1.43739	0.718694	-90.5051	-115.864	-175.062	-180.42	-0.28334	0.281194	0.398627	-0.308264	0.271598	
0.00860432	4.98879e+09	1.4173	0.708651	-90.3309	-115.712	-174.944	-180.325	-0.0584821	-0.0941384	0.731138	0.0045643	0.453827	
0.00984815	5.01181e+09	1.4788	0.7394	-90.8383	-116.245	-174.905	-180.311	0.270736	0.146228	-0.879935	-0.115394	-0.339899	
0.00875922	5.01999e+09	1.4214	0.7107	-90.2576	-115.725	-174.847	-180.315	-0.119371	0.391579	0.0799058	0.434157	-0.416915	
0.00888921	4.99793e+09	1.41858	0.709292	-90.2705	-115.755	-174.758	-180.243	0.386	0.128551	0.125732	0.535059	-0.420686	
0.00939459	5.0175e+09	1.46598	0.732988	-90.7779	-116.204	-175.059	-180.485	0.592994	0.132313	-0.679605	0.0210643	-0.0261543	
0.00857868	5.00379e+09	1.41622	0.708108	-90.2609	-115.66	-174.913	-180.312	-0.265937	0.200363	0.686375	0.032675	0.157602	
0.00969489	4.96505e+09	1.44934	0.724671	-90.6369	-116.083	-174.69	-180.136	-0.0737094	-0.186195	0.0486773	-0.139444	-0.382879	
0.00978398	4.95917e+09	1.45141	0.725707	-90.6683	-116.124	-174.671	-180.127	0.1683	-0.376442	-0.166231	0.0470796	-0.348163	
0.00891482	5.03649e+09	1.4493	0.724648	-90.5393	-115.922	-175.081	-180.463	0.203732	0.562914	-0.142851	-0.140126	-0.0447462	
0.00926451	5.01146e+09	1.45789	0.728944	-90.6482	-116.041	-174.979	-180.372	-0.366753	0.0385985	-0.374883	-0.0762874	0.106703	
0.00952958	4.978e+09	1.44783	0.723915	-90.59	-116.008	-174.74	-180.159	0.257982	0.0826291	0.18351	-0.264858	-0.378765	
0.00904175	4.97873e+09	1.4307	0.715348	-90.4453	-115.864	-174.825	-180.244	0.257765	-0.130303	0.388037	0.0120714	0.0791306	
0.00877662	5.00564e+09	1.42521	0.712605	-90.3435	-115.75	-174.899	-180.306	0.0866367	0.321622	0.511386	-0.0416066	-0.0616796	
0.00947133	5.00809e+09	1.46409	0.732044	-90.7176	-116.108	-174.947	-180.338	-0.390655	0.112934	-0.370792	-0.245519	-0.0583639	
0.00950852	4.94459e+09	1.43115	0.715574	-90.4903	-115.945	-174.592	-180.047	-0.105968	-0.354272	0.579167	-0.104117	-0.287345	
0.00941806	4.98619e+09	1.4455	0.72275	-90.3556	-115.666	-174.571	-179.882	-0.0729911	0.00998824	-0.0308324	-0.00969203	-0.332011	
0.00853283	5.06613e+09	1.44773	0.723866	-90.502	-115.878	-175.285	-180.66	-0.134541	0.526619	-0.545651	0.220708	0.351523	
0.00828147	5.05832e+09	1.43133	0.715664	-90.338	-115.7	-175.237	-180.599	-0.0222505	0.581202	-0.0200766	0.153149	0.401058	
0.0097244	4.97384e+09	1.46175	0.730877	-90.7652	-116.162	-174.82	-180.217	0.128411	-0.162846	-0.0993733	-0.357774	-0.11015	
0.00955916	4.97895e+09	1.44872	0.724358	-90.5905	-116.004	-174.729	-180.143	0.125892	0.129122	0.210069	-0.323346	-0.42425	
0.00937695	4.98966e+09	1.45474	0.727371	-90.6466	-116.029	-174.887	-180.27	-0.111038	-0.054433	-0.0252342	-0.288416	0.0801874	
0.00812413	5.04269e+09	1.42016	0.710082	-90.2622	-115.599	-175.218	-180.554	0.355554	0.392159	0.348746	0.139318	0.672125	
0.0100571	4.95367e+09	1.46784	0.733922	-90.8603	-116.253	-174.734	-180.127	-0.20583	-0.353044	-0.0195986	-0.570056	-0.156664	
0.00895777	4.99904e+09	1.43674	0.71837	-90.4905	-115.903	-174.946	-180.359	0.383872	0.00978551	0.0656988	0.110961	0.106727	
0.0100512	4.97292e+09	1.47032	0.735159	-90.8475	-116.245	-174.758	-180.155	0.516085	0.0812893	-0.128383	-0.565321	-0.515001	
0.00866999	5.03346e+09	1.43212	0.716058	-90.3587	-115.785	-175.016	-180.443	0.0758622	0.392107	-0.12112	0.319438	-0.0465407	
0.00909762	5.01331e+09	1.45174	0.72587	-90.6022	-115.934	-175.015	-180.347	-0.0606821	0.503706	0.411557	-0.736706	0.0899185	
0.00793891	5.05927e+09	1.42934	0.71467	-90.3769	-115.628	-175.461	-180.713	0.757158	0.413756	0.221262	-0.0748533	1.20419	
0.0097632	4.96073e+09	1.45734	0.728668	-90.6669	-116.076	-174.682	-180.091	-0.502535	-0.498471	-0.16021	-0.140267	-0.0231856	
0.00954878	4.96137e+09	1.44243	0.721215	-90.5705	-116.066	-174.683	-180.178	0.0626608	-0.721096	-0.497673	0.624152	-0.111955	
0.00929609	4.98969e+09	1.4494	0.724702	-90.5513	-115.933	-174.83	-180.212	0.014624	-0.0789024	-0.0402223	-0.11619	0.0416151	
0.00912582	5.00877e+09	1.44696	0.723478	-90.494	-115.918	-174.886	-180.31	0.541694	-0.0493962	-0.511188	0.395384	-0.0032484	
0.00967806	4.97764e+09	1.46341	0.731703	-90.7855	-116.165	-174.868	-180.247	0.364633	-0.0396845	0.00615949	-0.527638	-0.0588317	
0.00949029	5.01936e+09	1.47333	0.736663	-90.7792	-116.166	-175.019	-180.406	0.232258	0.0559555	-0.819169	-0.0524632	0.0842603	
0.00893464	5.02072e+09	1.44534	0.72267	-90.5255	-115.911	-175.03	-180.416	0.60435	0.366678	-0.0392774	-0.0826273	0.0317776	
0.00946961	4.98901e+09	1.45625	0.728123	-90.6941	-116.095	-174.891	-180.292	0.38416	-0.0145886	-0.147351	-0.187337	-0.0870534	
0.00900719	5.00485e+09	1.43358	0.71679	-90.4197	-115.832	-174.862	-180.273	0.479696	0.462697	0.410112	-0.167329	-0.318511	
0.00894193	5.02576e+09	1.4482	0.724102	-90.5461	-115.952	-175.056	-180.462	-0.130998	0.140983	-0.392126	0.175144	0.169367	
0.00914634	5.01374e+09	1.4467	0.723348	-90.5177	-115.926	-174.908	-180.316	-0.0242437	0.395087	0.0219198	-0.175256	-0.242966	
0.00883099	4.98937e+09	1.41283	0.706413	-90.4835	-116.305	-174.984	-180.806	-0.584278	0.0133354	0.45978	0.377407	-0.259254	
0.00906796	5.01618e+09	1.44947	0.724734	-90.5665	-115.955	-174.999	-180.388	0.471046	0.309221	-0.100235	-0.123312	-0.00849994	
0.00957191	4.9623e+09	1.45692	0.728462	-88.7648	-113.844	-172.868	-177.948	-0.226761	-0.430914	0.151207	-0.463115	0.318901	
0.00943201	4.97055e+09	1.43613	0.718067	-90.511	-115.968	-174.693	-180.15	-0.229065	0.0100112	0.404656	-0.149567	-0.443068	
0.00900733	4.97767e+09	1.42325	0.711624	-90.3599	-115.791	-174.754	-180.185	0.681508	0.0772384	0.623757	-0.00652148	-0.178943	
0.00975718	4.96373e+09	1.46373	0.731863	-90.8102	-116.214	-174.833	-180.237	0.116524	-0.566488	-0.349653	-0.12034	0.18447	
0.00979794	4.97521e+09	1.46301	0.731506	-90.7727	-116.176	-174.798	-180.201	0.0527171	-0.0879488	-0.118567	-0.37854	-0.250688	
0.00898301	5.00175e+09	1.43726	0.718628	-90.4724	-115.843	-174.921	-180.291	0.0310397	0.373205	0.579898	-0.445812	-0.00524447	
0.00890116	4.94031e+09	1.40939	0.704697	-90.2951	-115.762	-174.676	-180.143	0.260557	-0.948011	0.479005	0.623984	0.441491	
0.00987157	4.94398e+09	1.45855	0.729275	-90.7862	-116.221	-174.724	-180.159	0.714169	-0.799609	-0.352859	0.100483	0.0859869	
0.00929044	4.9671e+09	1.43425	0.717125	-90.4913	-115.954	-174.733	-180.195	-0.0560491	-0.424742	0.0322279	0.296054	-0.069919	
0.00997124	4.98409e+09	1.48194	0.740972	-90.9613	-116.309	-174.926	-180.273	-0.380808	-0.149645	-0.383606	-0.68983	0.0785416	
0.00873454	4.99177e+09	1.41108	0.705541	-90.2053	-115.674	-174.758	-180.227	-0.740095	-0.056971	0.437822	0.440437	-0.116394	
0.00886559	4.99543e+09	1.42646	0.713232	-90.3567	-115.797	-174.851	-180.291	0.39752	-0.052721	0.0914919	0.376779	-0.00509321	
0.00871316	5.00681e+09	1.41817	0.709087	-90.2583	-115.701	-174.848	-180.29	0.333895	0.295726	0.384322	0.27653	-0.210876	
0.00942213	4.96926e+09	1.44408	0.722038	-89.9481	-115.118	-174.132	-179.302	0.139556	-0.300282	0.0445686	0.00947912	-0.0614659	
0.00956802	5.00152e+09	1.47639	0.738195	-90.9198	-116.31	-175.094	-180.483	0.0574173	-0.311899	-0.772025	-0.154496	0.446451	
0.0091189	5.01225e+09	1.45475	0.727373	-90.6307	-116.017	-175.032	-180.418	0.20571	0.00359905	-0.362293	0.00536231	0.262003	
0.00873344	5.0414e+09	1.44473	0.722365	-90.5059	-115.862	-175.145	-180.501	-0.191531	0.621547	0.0842196	-0.27629	0.13071	
0.0107007	4.93525e+09	1.48786	0.743929	-91.118	-116.506	-174.69	-180.078	-0.139086	-0.500622	-0.190835	-0.927962	-0.268088	
0.00803857	5.03703e+09	1.40446	0.70223	-90.1075	-115.5	-175.099	-180.492	0.351084	0.361585	0.432391	0.512555	0.392963	
0.0089064	4.99756e+09	1.43383	0.716914	-90.4523	-115.878	-174.93	-180.356	0.0249265	-0.139911	-0.00819634	0.262661	0.193538	
0.00885616	5.00527e+09	1.43468	0.71734	-90.4353	-115.84	-174.951	-180.356	-0.350352	0.00536212	0.107627	0.0917311	0.21283	
0.00906616	5.00008e+09	1.44234	0.72117	-90.527	-115.954	-174.932	-180.36	0.143538	-0.146348	-0.25705	0.279081	0.129476	
0.00873672	5.02129e+09	1.42523	0.712616	-90.2943	-115.731	-174.897	-180.334	0.170259	0.517266	0.285331	0.134958	-0.284275	
0.00870932	5.01984e+09	1.4409	0.720452	-90.5332	-115.852	-175.147	-180.466	0.369183	0.329716	0.334461	-0.359995	0.458624	
0.00890132	5.03045e+09	1.45296	0.726478	-90.5875	-115.958	-175.125	-180.496	-0.212317	0.164995	-0.363725	-0.00972078	0.370001	
0.00875014	5.03152e+09	1.43988	0.71994	-90.4644	-115.85	-175.078	-180.464	-0.210635	0.42167	0.0201638	-0.0405924	0.0989408	
0.00880846	5.00117e+09	1.43695	0.718477	-90.5026	-115.871	-175.035	-180.404	-0.0238142	-0.077716	0.207049	-0.061079	0.490628	
0.00935309	4.96354e+09	1.43297	0.716485	-90.606	-116.157	-174.812	-180.363	0.0211549	-0.168536	0.430049	-0.0574613	-0.247334	
0.00974017	4.96943e+09	1.46545	0.732725	-90.8258	-116.164	-174.866	-180.205	-0.74747	-0.140572	0.312391	-0.924184	0.170989	
0.00865763	5.02219e+09	1.44121	0.720605	-90.5556	-115.88	-175.199	-180.524	-0.42779	0.166548	0.232351	-0.293201	0.645458	
0.00919337	4.96812e+09	1.42982	0.714909	-90.4348	-115.874	-174.724	-180.163	0.0816628	-0.21872	0.391254	0.0598477	-0.0901641	
0.00937451	4.95132e+09	1.43488	0.717441	-90.5469	-115.966	-174.722	-180.141	0.347586	-0.294756	0.639145	-0.27836	0.00196205	
0.00908923	5.01375e+09	1.44287	0.721435	-90.4943	-115.887	-174.912	-180.305	-0.0921624	0.527819	0.286858	-0.34177	-0.272654	
0.010253	4.94557e+09	1.46586	0.732929	-90.8463	-116.263	-174.622	-180.039	-0.486548	-0.28957	0.0834276	-0.604854	-0.496582	
0.0094134	4.99848e+09	1.45705	0.728524	-90.7785	-116.256	-175.018	-180.495	-0.337483	0.0859639	-0.11168	-0.291087	-0.0683996	
0.00908145	4.97525e+09	1.43172	0.71586	-90.8567	-116.507	-175.211	-180.861	-0.146575	-0.421846	0.0723438	0.302253	0.170288	
0.00956733	4.9424e+09	1.43138	0.715691	-90.4967	-115.971	-174.568	-180.042	0.0777117	-0.441031	0.394189	0.0810336	-0.361853	
0.00874696	5.0202e+09	1.44018	0.720092	-90.4966	-115.858	-175.092	-180.454	-0.00429091	0.227999	0.129908	-0.129592	0.360161	
0.00899877	5.02117e+09	1.45147	0.725736	-90.5829	-115.952	-175.057	-180.426	0.11067	0.274369	-0.119864	-0.186363	0.179334	
0.00944939	4.98267e+09	1.44997	0.724985	-90.6218	-116.055	-174.817	-180.25	0.0929663	-0.157865	-0.162353	0.0181838	-0.13563	
0.00916214	4.96966e+09	1.44071	0.720356	-90.9846	-116.442	-175.291	-180.749	-0.841747	-0.708817	-0.0230137	0.148813	0.556207	
0.00907113	4.99716e+09	1.44947	0.724737	-90.6289	-115.973	-175.027	-180.371	-0.105617	-0.0269576	0.192474	-0.398137	0.444871	
0.00811627	5.04974e+09	1.41791	0.708954	-90.2259	-115.597	-175.198	-180.569	0.390012	0.497261	0.204837	0.331132	0.438798	
0.00924845	5.00416e+09	1.45172	0.725862	-90.6061	-115.992	-174.932	-180.318	0.074977	0.254122	0.0510338	-0.319061	-0.0840712	
0.00855852	5.01038e+09	1.41723	0.708613	-90.251	-115.712	-174.924	-180.386	0.277084	-0.0770129	-0.0619243	0.728946	0.134568	
0.00887235	5.02673e+09	1.44218	0.721092	-90.4734	-115.901	-175.019	-180.447	0.118647	0.161701	-0.414001	0.36605	0.0580948	
0.00931425	4.98616e+09	1.44307	0.721533	-90.5617	-115.996	-174.826	-180.26	-0.319531	-0.0132074	0.112262	-0.0903974	-0.178253	
0.00909767	4.98735e+09	1.43747	0.718734	-90.4982	-115.907	-174.866	-180.275	-0.470552	-0.0979319	0.256402	-0.0852998	0.109125	
0.00923233	4.97795e+09	1.44163	0.720816	-90.5431	-115.977	-174.831	-180.265	1.01151	-0.309554	-0.14999	0.269375	0.07316	
0.00909085	4.98605e+09	1.43624	0.718122	-90.4876	-115.912	-174.857	-180.281	0.16719	-0.134077	0.120736	0.103652	0.0527782	
0.00938765	4.95334e+09	1.43236	0.716178	-90.4868	-115.952	-174.659	-180.124	-0.513057	-0.576445	0.195914	0.215879	-0.051728	
0.00947622	4.97539e+09	1.43807	0.719034	-90.4835	-115.914	-174.654	-180.084	-0.112046	0.243669	0.53097	-0.347242	-0.599906	
0.00866254	5.04198e+09	1.4427	0.72135	-90.454	-115.839	-175.13	-180.514	-0.113543	0.353308	-0.264528	0.143912	0.272474	
0.00901451	5.03801e+09	1.44929	0.724646	-90.4949	-115.936	-174.991	-180.432	-0.0282431	0.337322	-0.644274	0.372022	-0.184527	
0.00858782	5.01495e+09	1.42996	0.71498	-90.4069	-115.819	-175.073	-180.485	0.198063	-0.157054	-0.182279	0.494254	0.505636	
0.00861179	5.02332e+09	1.42171	0.710853	-90.268	-115.698	-174.937	-180.367	-0.166234	0.397046	0.248973	0.257727	-0.116585	
0.00872844	5.0198e+09	1.42604	0.713018	-90.3219	-115.769	-174.926	-180.373	0.153304	0.292568	0.00932776	0.391351	-0.170863	
0.008476	5.03739e+09	1.43499	0.717493	-90.4169	-115.773	-175.179	-180.535	-0.234991	0.299373	0.0536454	0.0336415	0.508495	
0.00905843	5.00342e+09	1.43178	0.71589	-90.5742	-116.143	-174.989	-180.558	0.000297985	0.290964	0.145936	0.139979	-0.421407	
0.00890916	5.00483e+09	1.44468	0.722341	-90.5864	-115.958	-175.076	-180.448	-0.233694	-0.159705	-0.0760031	-0.00457811	0.52536	
0.00860769	5.02691e+09	1.43265	0.716327	-90.3917	-115.791	-175.069	-180.468	0.469408	0.247881	-0.0492712	0.25727	0.235417	
0.00945636	4.95442e+09	1.42841	0.714206	-90.4765	-115.982	-174.619	-180.125	-0.279331	-0.298266	0.368481	0.144722	-0.443765	
0.00916659	4.96822e+09	1.42322	0.711611	-90.5257	-116.141	-174.828	-180.443	0.131678	-0.335285	0.13031	0.491144	-0.261319	
0.00935942	4.9858e+09	1.44062	0.720309	-90.5232	-116.008	-174.765	-180.25	-0.23024	-0.178594	-0.249047	0.344989	-0.313001	
0.00907138	5.00634e+09	1.44859	0.724295	-90.5893	-115.945	-175.003	-180.359	0.0619008	0.260062	0.248434	-0.447816	0.172252	
0.00931413	4.99789e+09	1.45543	0.727713	-90.7378	-116.123	-175.022	-180.407	-0.21236	0.050969	-0.0295987	-0.330206	0.090564	
0.00950233	5.00314e+09	1.45552	0.727761	-90.6835	-116.138	-174.89	-180.344	-0.0531368	0.34615	-0.104413	-0.263775	-0.477321	
0.00808162	5.06976e+09	1.43402	0.71701	-90.3597	-115.677	-175.385	-180.702	-0.30336	0.4425	-0.165576	0.165904	0.882604	
0.00907979	5.00868e+09	1.4517	0.725851	-90.6045	-115.979	-175.018	-180.393	0.196041	0.0552414	-0.142761	-0.130681	0.267624	
0.00963538	4.98936e+09	1.47097	0.735483	-90.8431	-116.195	-174.965	-180.318	0.047031	-0.10926	-0.253754	-0.516212	0.202218	
0.00944166	4.99029e+09	1.44817	0.724087	-90.5681	-115.988	-174.78	-180.2	-0.193226	0.159307	0.0765521	-0.209082	-0.37242	
0.00865294	5.01869e+09	1.43035	0.715177	-90.4297	-115.806	-175.07	-180.447	-0.383285	0.284537	0.360667	-0.0860545	0.250067	
0.00907028	5.00578e+09	1.44301	0.721503	-90.5181	-115.935	-174.931	-180.348	-0.149341	0.0679319	-0.0938199	0.0700641	0.00534518	
0.00872015	4.99237e+09	1.41329	0.706647	-90.239	-115.701	-174.8	-180.261	0.0924292	-0.0323531	0.361017	0.470127	-0.0800594	
0.00972872	4.96562e+09	1.45259	0.726294	-90.6741	-116.134	-174.713	-180.173	0.233381	-0.379096	-0.304202	0.141059	-0.287847	
0.00869383	5.00589e+09	1.41937	0.709684	-90.2792	-115.711	-174.877	-180.308	-0.0314905	0.225307	0.423459	0.204288	-0.0705931	
0.00924788	4.99416e+09	1.43126	0.715631	-90.3751	-115.852	-174.684	-180.161	-0.182878	0.0412695	-0.182861	0.494842	-0.605991	
0.00919696	4.99164e+09	1.43772	0.718861	-90.4723	-115.925	-174.801	-180.253	-0.253526	-0.0724896	-0.0776044	0.235953	-0.202453	
0.00900469	4.97088e+09	1.42568	0.712842	-90.4022	-115.848	-174.786	-180.232	-0.483736	-0.490836	0.23485	0.313933	0.236133	
0.00873045	5.0094e+09	1.41946	0.709732	-90.2626	-115.702	-174.848	-180.288	-0.608169	0.280094	0.415409	0.186136	-0.182972	
0.00909577	5.01779e+09	1.44335	0.721674	-90.4803	-115.906	-174.902	-180.328	-0.355613	0.360531	-0.0828592	0.0080661	-0.286404	
0.00836257	5.05431e+09	1.41787	0.708936	-90.1804	-115.593	-175.03	-180.442	0.00785886	0.98056	0.39228	0.128651	-0.317606	
0.00836616	4.99408e+09	1.39635	0.698174	-90.0897	-115.549	-174.834	-180.292	0.530443	-0.0389212	0.619778	0.678204	0.0846001	
0.00917876	5.00226e+09	1.44192	0.720959	-90.5029	-115.925	-174.858	-180.281	0.128246	0.296065	0.129898	-0.114702	-0.296249	
0.00862255	5.00464e+09	1.42945	0.714724	-90.4469	-115.821	-175.078	-180.452	0.0817327	-0.0868892	0.262771	0.0841939	0.573977	
0.00910252	4.99462e+09	1.43524	0.717622	-90.5647	-116.086	-174.943	-180.464	0.127439	-0.0895381	-0.153367	0.378881	-0.151809	
0.0087365	5.02327e+09	1.43987	0.719937	-90.4707	-115.878	-175.077	-180.484	0.197457	0.00363035	-0.347261	0.369018	0.364971	
0.00957047	4.98597e+09	1.44208	0.721038	-90.5175	-116.01	-174.663	-180.156	0.736361	0.100012	-0.302843	0.360551	-0.817213	
0.00936666	4.96948e+09	1.44387	0.721936	-90.5904	-116.004	-174.801	-180.215	-0.193544	-0.320022	0.166242	-0.115637	0.087168	
0.00907718	5.01949e+09	1.45841	0.729204	-90.7063	-116.057	-175.14	-180.49	-0.0759944	0.173294	-0.190424	-0.315973	0.353888	
0.00976243	4.96111e+09	1.4508	0.725399	-90.6659	-116.106	-174.682	-180.122	0.831268	-0.129744	0.0433991	-0.146971	-0.47135	
0.00895904	4.98139e+09	1.42447	0.712237	-90.3609	-115.824	-174.785	-180.248	-0.272518	-0.338058	0.090397	0.460343	0.0528618	
0.00838632	5.03958e+09	1.42704	0.713518	-90.3576	-115.724	-175.17	-180.536	-0.692203	0.393551	0.248663	0.0467694	0.403537	
0.00890177	4.98727e+09	1.43662	0.718311	-90.5333	-115.875	-174.996	-180.338	0.405612	-0.0178525	0.594795	-0.402694	0.48547	
0.00922357	4.95098e+09	1.42642	0.713212	-90.5372	-115.999	-174.782	-180.244	0.0897198	-0.53492	0.436502	0.161697	0.078408	
0.00951864	4.98438e+09	1.45517	0.727587	-90.6586	-116.074	-174.825	-180.24	0.216186	-0.120274	-0.210844	-0.0799824	-0.120122	
0.0097269	4.97169e+09	1.44702	0.723511	-90.599	-116.045	-174.649	-180.095	0.299729	0.174223	0.217681	-0.265584	-0.744672	
0.00923623	4.9885e+09	1.44219	0.721096	-90.4599	-115.828	-174.764	-180.132	-0.146103	0.055111	0.226339	-0.184749	-0.100133	
0.00902932	4.97627e+09	1.42722	0.713611	-90.4111	-115.839	-174.793	-180.22	-0.327269	-0.202538	0.440817	0.0525058	0.0757853	
0.00921609	5.00522e+09	1.44542	0.722708	-90.5316	-115.938	-174.875	-180.281	-0.127514	0.354731	0.157591	-0.25536	-0.281246	
0.00881823	5.02887e+09	1.44821	0.724107	-90.5117	-115.89	-175.087	-180.466	-0.576848	0.0482102	-0.348909	0.104103	0.460792	
0.00940534	4.98287e+09	1.45167	0.725836	-90.6391	-116.057	-174.855	-180.273	0.265691	-0.224947	-0.19512	0.00809217	0.0332356	
0.0096618	4.95576e+09	1.44229	0.721143	-90.5811	-116.025	-174.633	-180.076	0.173917	-0.12296	0.396922	-0.264726	-0.448095	
0.00907581	4.97057e+09	1.43742	0.718711	-90.5671	-115.963	-174.916	-180.312	0.14872	-0.503533	0.183703	0.0481256	0.492172	
0.00918171	4.98901e+09	1.44349	0.721743	-90.6383	-116.031	-174.969	-180.362	0.243363	0.159986	0.429831	-0.428391	0.0285395	
0.0089394	5.03588e+09	1.45091	0.725455	-90.5537	-115.932	-175.082	-180.461	-0.0581124	0.531507	-0.144809	-0.187944	-0.00907467	
0.00948071	4.94741e+09	1.42627	0.713137	-90.2758	-115.735	-174.395	-179.854	-0.0792715	-0.492666	0.213799	0.376991	-0.429192	
0.00931989	4.98022e+09	1.44709	0.723547	-90.7227	-116.199	-174.974	-180.45	-0.196232	-0.366685	-0.167194	0.105573	0.151129	
0.00963609	4.95721e+09	1.44558	0.722791	-90.6182	-116.044	-174.684	-180.109	0.158042	-0.189322	0.333943	-0.295275	-0.279643	
0.00946754	5.00354e+09	1.47066	0.735332	-90.8195	-116.162	-175.043	-180.385	-0.421186	-0.0600253	-0.335977	-0.476072	0.34827	
0.00957846	4.99347e+09	1.46124	0.730622	-90.6995	-116.103	-174.855	-180.258	-0.0432809	0.0147818	-0.281587	-0.209376	-0.167892	
0.00931663	5.00833e+09	1.46214	0.731069	-90.7	-116.089	-175.001	-180.39	-0.480937	-0.151902	-0.533891	-0.0249766	0.282356	
0.0094541	4.95547e+09	1.43949	0.719743	-90.5476	-115.982	-174.693	-180.128	0.197112	-0.498983	0.108755	0.113653	-0.0342991	
0.00940053	4.97082e+09	1.43132	0.715659	-90.4536	-115.962	-174.651	-180.159	-0.0794034	-0.151417	0.0882368	0.29506	-0.535936	
0.00875343	5.03345e+09	1.44334	0.721671	-90.5112	-115.871	-175.127	-180.486	0.102238	0.516878	0.104717	-0.228044	0.166412	
0.00849081	5.03195e+09	1.43718	0.71859	-90.4836	-115.825	-175.229	-180.57	-0.517093	0.111272	0.0274381	0.00152763	0.720434	
0.00900323	5.01189e+09	1.44124	0.720619	-90.4912	-115.875	-174.947	-180.331	0.16259	0.443135	0.305328	-0.303055	-0.108576	
0.00912924	4.98094e+09	1.43671	0.718356	-90.4664	-115.899	-174.808	-180.241	0.230062	-0.352959	-0.0982003	0.327702	0.120848	
0.00854803	5.0102e+09	1.41835	0.709177	-90.2989	-115.686	-174.977	-180.365	0.297461	0.366904	0.69953	-0.0497784	0.128752	
0.00983027	4.95946e+09	1.44398	0.721989	-90.535	-115.982	-174.518	-179.965	-0.256737	-0.0363934	0.217907	-0.160827	-0.789107	
0.00938751	5.01129e+09	1.46086	0.730431	-90.7883	-116.226	-175.062	-180.5	-0.0287257	0.39391	-0.0565015	-0.492974	-0.170412	
0.0092462	4.99369e+09	1.45139	0.725694	-90.6336	-116.017	-174.942	-180.326	0.104683	-0.0287447	-0.00475271	-0.222072	0.148007	
0.00970417	4.97698e+09	1.45275	0.726373	-90.6209	-116.083	-174.691	-180.152	0.439609	-0.153063	-0.357384	0.160643	-0.474002	
0.00946197	4.94484e+09	1.435	0.717498	-90.5282	-115.975	-174.651	-180.098	0.543609	-0.551678	0.278803	0.106287	-0.0525355	
0.0096747	4.93817e+09	1.43197	0.715987	-90.5091	-116.001	-174.524	-180.016	0.164346	-0.448899	0.351723	0.114652	-0.499577	
0.00959196	4.95114e+09	1.45226	0.726129	-90.7219	-116.114	-174.797	-180.189	-0.217763	-0.624893	0.150071	-0.291233	0.319937	
0.00902813	4.98818e+09	1.43405	0.717024	-90.4042	-115.818	-174.807	-180.221	0.224268	-0.0713605	0.204593	0.0745938	0.0595578	
0.00943529	4.94851e+09	1.4417	0.72085	-90.5995	-116.003	-174.741	-180.145	0.517753	-0.453158	0.477921	-0.299405	0.209202	
0.00909612	5.02032e+09	1.46184	0.730918	-90.7105	-116.069	-175.137	-180.495	0.214143	0.00516222	-0.484245	-0.100093	0.477218	
0.00970504	4.96975e+09	1.45108	0.72554	-90.6514	-116.077	-174.708	-180.134	0.746376	0.0837473	0.170856	-0.312197	-0.523286	
0.00898626	4.98948e+09	1.43113	0.715565	-90.4247	-115.829	-174.85	-180.254	-0.56255	0.0268432	0.491711	-0.152731	0.0702026	
0.00798401	5.07783e+09	1.42293	0.711463	-90.2174	-115.564	-175.309	-180.655	-0.281969	0.807801	0.104248	0.190793	0.469199	
0.00849883	5.03817e+09	1.41986	0.70993	-90.2192	-115.685	-174.971	-180.437	-0.312603	0.347842	-0.166156	0.666869	-0.130428	
0.00873869	4.99009e+09	1.40993	0.704967	-90.0319	-115.472	-174.58	-180.02	0.696711	0.297363	0.788132	0.158751	-0.307647	
0.00909885	5.00779e+09	1.45566	0.727832	-90.6631	-116.018	-175.066	-180.421	-0.0944219	-0.029591	-0.1561	-0.239799	0.438498	
0.00993182	5.01561e+09	1.4974	0.748702	-91.0639	-116.358	-175.1	-180.394	-0.291854	0.172336	-0.683453	-0.928763	0.230733	
0.00846575	5.06856e+09	1.45939	0.729693	-90.653	-115.898	-175.474	-180.719	0.0213089	0.620753	-0.187094	-0.552554	0.930018	
0.0096982	4.98106e+09	1.46168	0.730838	-90.7382	-116.176	-174.818	-180.256	0.362656	-0.354554	-0.621807	0.181218	-0.10795	
0.0090653	4.97571e+09	1.42486	0.71243	-90.5685	-116.103	-174.932	-180.466	-1.15215	-0.310125	0.330248	0.213035	-0.0113082	
0.00937886	4.96734e+09	1.44242	0.721208	-90.5751	-115.994	-174.776	-180.195	-0.0306157	-0.293443	0.212659	-0.111971	0.0214174	
0.00905632	4.98496e+09	1.42676	0.713379	-90.4156	-115.919	-174.799	-180.303	-0.519259	-0.191461	0.0983655	0.371786	-0.148704	
0.00873341	5.03552e+09	1.44724	0.723622	-90.5396	-115.878	-175.169	-180.507	0.242512	0.474481	0.0410754	-0.283885	0.335506	
0.00786556	5.08917e+09	1.41492	0.707462	-90.0954	-115.515	-175.271	-180.691	-0.210047	0.701786	-0.373568	0.852379	0.317483	
0.00911617	5.01904e+09	1.44607	0.723036	-90.5081	-115.927	-174.922	-180.341	0.42163	0.438066	-0.133462	-0.00370964	-0.315325	
0.00983644	4.94032e+09	1.44786	0.723929	-90.67	-116.152	-174.617	-180.098	0.786357	-0.78657	-0.336837	0.386129	-0.204331	
0.00850559	5.03867e+09	1.4462	0.723098	-90.563	-115.85	-175.312	-180.6	0.042056	0.276696	0.070915	-0.329653	0.868511	
0.00904388	4.98854e+09	1.43191	0.715957	-90.4228	-115.857	-174.819	-180.253	-0.268027	-0.0465764	0.253283	0.073882	-0.035344	
0.00909788	4.96861e+09	1.43005	0.715027	-90.3622	-115.784	-174.698	-180.12	-0.0349897	-0.584927	-0.00993674	0.450899	0.21014	
0.00858352	5.02557e+09	1.42439	0.712195	-90.2868	-115.732	-174.974	-180.419	-0.0567095	0.163416	-0.125276	0.55239	0.0587969	
0.00863886	5.00571e+09	1.42557	0.712787	-90.387	-115.758	-175.012	-180.383	-0.0489291	0.173649	0.570876	-0.119546	0.329891	
0.00930935	4.9948e+09	1.45512	0.727562	-90.6685	-116.05	-174.95	-180.331	-0.476749	-0.10849	-0.102316	-0.241837	0.207079	
0.00983686	4.95732e+09	1.45958	0.729791	-90.7507	-116.153	-174.727	-180.13	0.318788	-0.345334	-0.0305814	-0.316022	-0.133592	
0.008701	5.0073e+09	1.43437	0.717187	-90.481	-115.868	-175.077	-180.464	-0.0387306	-0.131935	0.0407495	0.161962	0.539618	
0.00907893	4.98114e+09	1.42371	0.711854	-90.437	-115.949	-174.803	-180.315	0.0330267	-0.0475537	0.278227	0.29541	-0.32211	
0.00965341	5.01373e+09	1.47283	0.736417	-90.7827	-116.185	-174.939	-180.342	-0.552636	0.0712083	-0.731953	-0.127149	-0.144004	
0.00907101	4.97281e+09	1.43086	0.715431	-90.4111	-115.793	-174.767	-180.148	0.131016	-0.100495	0.643895	-0.237725	0.137095	
0.00898232	5.01288e+09	1.44566	0.722832	-90.5358	-115.941	-175.004	-180.409	-0.538028	-0.0593775	-0.27017	0.14822	0.265936	
0.00968951	4.97482e+09	1.47403	0.737016	-90.9384	-116.233	-175.011	-180.306	0.307697	-0.178983	0.108492	-0.978532	0.485123	
0.00849004	5.04264e+09	1.42422	0.71211	-90.2697	-115.685	-175.034	-180.449	0.353639	0.700266	0.177884	0.211308	-0.160145	
0.00859814	5.06033e+09	1.44881	0.724407	-90.4954	-115.859	-175.235	-180.599	-0.220056	0.547599	-0.394835	0.048718	0.327796	
0.00906116	5.01793e+09	1.45159	0.725795	-90.5782	-115.986	-175.017	-180.425	0.655851	0.0818315	-0.474887	0.20646	0.131021	
0.00878594	5.03211e+09	1.44778	0.723891	-90.5466	-115.912	-175.144	-180.509	0.56085	0.314368	-0.219099	-0.00437937	0.306848	
0.00950012	5.00777e+09	1.46297	0.731485	-90.6964	-116.089	-174.912	-180.305	-0.0771061	0.260281	-0.262911	-0.320647	-0.22438	
0.00971948	4.96129e+09	1.46002	0.730008	-90.7508	-116.108	-174.786	-180.143	0.265478	-0.310646	0.0872351	-0.468728	0.0680878	
0.00891563	5.02862e+09	1.45183	0.725916	-90.5916	-115.956	-175.119	-180.483	-0.234171	0.255601	-0.202156	-0.142257	0.298544	
0.0101182	4.92789e+09	1.45578	0.727891	-90.7759	-116.198	-174.578	-180.001	0.149525	-0.495161	0.347996	-0.521729	-0.31832	
0.00979113	4.96555e+09	1.46727	0.733633	-90.8487	-116.236	-174.86	-180.247	-0.193779	-0.557279	-0.334934	-0.251917	0.249463	
0.00960657	4.99486e+09	1.46269	0.731344	-89.7757	-114.905	-173.921	-179.049	-0.695737	-0.053501	-0.338387	-0.207048	-0.125357	
0.00847231	5.06754e+09	1.45561	0.727804	-90.5737	-115.892	-175.39	-180.708	-0.314295	0.316825	-0.63206	0.0550121	0.866569	
0.00872814	5.01488e+09	1.41975	0.709874	-90.2589	-115.711	-174.855	-180.307	0.053999	0.386476	0.26927	0.314981	-0.324833	
0.00882308	5.0003e+09	1.42226	0.711129	-90.3135	-115.738	-174.837	-180.261	0.637498	0.361439	0.543855	0.032476	-0.237964	
0.00960446	4.98081e+09	1.45276	0.726378	-90.6744	-116.114	-174.796	-180.236	-0.0865667	-0.138129	-0.236836	0.018134	-0.315445	
0.00955119	4.95793e+09	1.46012	0.73006	-91.0247	-116.419	-175.13	-180.525	0.103275	-0.716974	-0.0872337	-0.294224	0.619314	
0.00885409	5.01126e+09	1.43316	0.716581	-90.4162	-115.83	-174.944	-180.357	-0.241377	0.21152	0.163462	0.0636523	0.000686591	
0.00907797	5.02313e+09	1.45424	0.727118	-90.5755	-115.98	-175.015	-180.42	0.213249	0.108302	-0.530113	0.166544	0.136611	
0.00852606	5.06097e+09	1.44609	0.723044	-90.476	-115.786	-175.253	-180.564	-0.135995	0.885302	0.175695	-0.481449	0.301656	
0.00935598	4.99498e+09	1.45848	0.729241	-90.7216	-116.126	-174.981	-180.385	-0.059649	-0.231095	-0.379799	-0.0361687	0.250537	
0.00946603	4.98887e+09	1.4574	0.7287	-90.6849	-116.079	-174.883	-180.277	-0.559921	-0.133996	-0.134048	-0.254314	0.0638152	
0.00904713	5.01458e+09	1.43778	0.718891	-90.4188	-115.857	-174.858	-180.297	-0.807108	0.279212	-0.0223122	0.0994017	-0.291103	
0.00955777	4.9739e+09	1.44539	0.722697	-90.5729	-116.008	-174.703	-180.138	-0.0271375	0.0734643	0.281378	-0.291652	-0.446318	
0.0092675	4.95866e+09	1.42176	0.710879	-90.3529	-115.851	-174.591	-180.089	-0.251452	-0.364606	0.316744	0.366805	-0.340302	
0.00912812	4.99269e+09	1.43631	0.718153	-90.459	-115.887	-174.822	-180.25	-0.72774	0.016453	0.204594	-0.0205802	-0.107227	
0.00969961	4.96085e+09	1.44496	0.722479	-90.5601	-115.996	-174.604	-180.04	-0.258503	-0.0594947	0.361357	-0.328635	-0.4964	
0.00911138	4.98575e+09	1.44095	0.720474	-90.5415	-115.96	-174.9	-180.319	0.575479	-0.255089	-0.0809115	0.186362	0.199251	
0.00853625	5.04164e+09	1.44132	0.72066	-90.5062	-115.832	-175.245	-180.571	0.0607264	0.493635	0.146692	-0.252785	0.486691	
0.00844124	5.03032e+09	1.43191	0.715957	-90.4036	-115.763	-175.171	-180.531	-0.0533571	0.146114	0.0567653	0.13982	0.608721	
0.00930483	4.99675e+09	1.44003	0.720013	-90.6357	-116.241	-174.922	-180.528	0.192775	0.330066	0.130974	-0.0512696	-0.561451	
0.00993785	4.95484e+09	1.46101	0.730507	-90.7797	-116.192	-174.707	-180.119	-0.347297	-0.399841	-0.0451858	-0.349011	-0.186888	
0.00926587	5.04872e+09	1.47554	0.737768	-90.7302	-116.058	-175.125	-180.453	-0.00613271	0.699794	-0.473064	-0.587811	0.0203197	
0.0092927	4.99377e+09	1.45226	0.726129	-90.6361	-116.031	-174.923	-180.319	-0.0824068	-0.0745993	-0.106031	-0.142325	0.106161	
0.00908251	5.01752e+09	1.45292	0.726462	-90.6107	-115.994	-175.038	-180.422	-0.544813	0.109556	-0.23538	-0.106922	0.205607	
0.00906179	4.98024e+09	1.42393	0.711965	-90.3563	-115.81	-174.729	-180.183	-0.247705	-0.0193266	0.449881	0.119865	-0.236728	
0.00850642	5.0293e+09	1.43172	0.715861	-90.4219	-115.789	-175.155	-180.522	0.655544	0.335201	0.14535	0.0786036	0.377936	
0.00972208	4.99919e+09	1.46555	0.732777	-90.7346	-116.163	-174.835	-180.264	0.410259	0.0942242	-0.580657	-0.0225667	-0.420432	
0.0093918	5.00645e+09	1.46395	0.731976	-90.7113	-116.094	-174.974	-180.358	0.336481	0.00149017	-0.47454	-0.115202	0.120128	
0.00923087	4.97726e+09	1.43379	0.716896	-90.4674	-115.912	-174.755	-180.199	0.565964	-0.0532629	0.22423	0.0980203	-0.244223	
0.00921542	4.97293e+09	1.42535	0.712673	-90.3764	-115.86	-174.664	-180.147	0.35161	-0.11723	0.209391	0.343546	-0.427177	
0.0097748	4.97227e+09	1.46052	0.73026	-90.7492	-116.171	-174.779	-180.201	-0.1616	-0.269736	-0.251356	-0.16142	-0.187027	
0.00870042	5.00153e+09	1.42965	0.714823	-90.4182	-115.808	-175.005	-180.394	0.141052	-0.0955277	0.208599	0.148183	0.439819	
0.00861929	5.0152e+09	1.42885	0.714426	-90.3829	-115.806	-175.034	-180.457	0.349456	-0.0504513	-0.133702	0.479054	0.344126	
0.00889255	5.0169e+09	1.44143	0.720717	-90.4894	-115.869	-175.008	-180.387	0.116498	0.338332	0.158102	-0.17515	0.0874373	
0.00889808	5.00875e+09	1.43641	0.718205	-90.453	-115.849	-174.955	-180.351	-0.091822	0.22366	0.226415	-0.0816239	0.0582998	
0.00954958	4.98816e+09	1.4506	0.725301	-90.6011	-116.048	-174.76	-180.207	0.0826295	0.0464525	-0.196904	0.016404	-0.457131	
0.00956984	4.98441e+09	1.45981	0.729905	-90.7234	-116.105	-174.867	-180.248	0.317054	-0.0320539	-0.103125	-0.325069	-0.0795936	
0.00970354	4.98004e+09	1.46007	0.730036	-90.7183	-116.142	-174.794	-180.218	-0.134367	-0.221446	-0.35824	-0.0578667	-0.193414	
0.00982018	4.9592e+09	1.45421	0.727106	-90.7034	-116.125	-174.69	-180.112	-0.0934242	-0.180708	0.16635	-0.38196	-0.34602	
0.00848587	5.06157e+09	1.43611	0.718056	-90.3438	-115.758	-175.143	-180.557	0.294263	0.654997	-0.37134	0.386769	0.015813	
0.00883216	5.00743e+09	1.42607	0.713034	-90.3387	-115.769	-174.87	-180.3	-0.458316	0.245841	0.328733	0.100567	-0.139858	
0.00890374	4.99654e+09	1.43119	0.715593	-90.4203	-115.853	-174.898	-180.331	0.780428	-0.0262449	0.0358368	0.308962	0.0378939	
0.00926462	4.97375e+09	1.42914	0.714571	-89.3182	-114.254	-173.584	-178.519	-0.375221	-0.349609	-0.0765912	0.509424	-0.301272	
0.00873723	4.98546e+09	1.41805	0.709025	-90.3083	-115.766	-174.849	-180.306	0.0817652	-0.386724	0.107299	0.613341	0.249177	
0.00913706	4.98832e+09	1.44091	0.720454	-90.5326	-115.947	-174.884	-180.298	-0.316048	-0.178298	0.0497178	0.0285986	0.135124	
0.00896973	4.98576e+09	1.42968	0.714839	-90.4247	-115.823	-174.852	-180.25	0.0975062	0.0636585	0.579091	-0.176333	0.0624315	
0.00878362	4.99911e+09	1.42528	0.712639	-90.37	-115.801	-174.911	-180.342	-0.0562354	-0.0414088	0.190361	0.293937	0.113792	
0.00927607	4.98414e+09	1.43113	0.715564	-90.7547	-116.494	-175.033	-180.772	-0.319927	-0.0807201	-0.0424207	0.38875	-0.489899	
0.00903455	4.98582e+09	1.4349	0.717449	-90.5998	-116.078	-174.996	-180.473	-0.0562195	-0.187876	0.163693	0.0933383	0.163748	
0.00904529	5.02202e+09	1.44818	0.724088	-90.5301	-115.958	-174.983	-180.411	-0.540589	0.061399	-0.477904	0.269462	0.0519419	
0.00969443	4.96947e+09	1.46142	0.730711	-90.6424	-115.988	-174.703	-180.049	-0.0706996	-0.299761	-0.0747421	-0.368126	0.0582972	
0.00890204	5.00887e+09	1.43685	0.718427	-90.4602	-115.838	-174.96	-180.338	-0.280342	0.315125	0.409477	-0.285895	0.0700848	
0.00902756	4.97393e+09	1.41117	0.705583	-90.3479	-115.943	-174.726	-180.321	-0.271709	-0.215567	0.2409	0.668576	-0.474711	
0.00977531	4.95276e+09	1.44535	0.722676	-90.6129	-116.043	-174.609	-180.039	-0.134581	-0.0661354	0.519439	-0.476079	-0.506735	
0.00896529	5.00592e+09	1.4571	0.728548	-90.7273	-116.021	-175.191	-180.485	0.459143	-0.0778634	0.0161234	-0.477253	0.831806	
0.00876762	5.00369e+09	1.42457	0.712286	-90.337	-115.771	-174.894	-180.328	-0.132302	0.0584569	0.205534	0.282675	0.028869	
0.00926336	5.00164e+09	1.44884	0.724419	-90.5667	-115.966	-174.881	-180.281	-0.148595	0.216311	0.0489564	-0.231033	-0.164851	
0.00940885	4.99969e+09	1.46033	0.730163	-90.7645	-116.165	-175.008	-180.408	0.17579	0.157058	-0.0765632	-0.418964	-0.00391874	
0.00909687	4.99879e+09	1.45162	0.725809	-90.6371	-115.984	-175.025	-180.372	-0.176345	-0.0572374	0.0877157	-0.356774	0.452711	
0.0089977	5.00416e+09	1.43753	0.718765	-90.4613	-115.886	-174.907	-180.332	0.101815	0.102403	0.00592239	0.128607	-0.0478334	
0.00787795	5.05961e+09	1.41353	0.706766	-90.1639	-115.517	-175.282	-180.635	-0.156835	0.35456	0.117508	0.486316	0.786092	
0.00936358	4.96402e+09	1.433	0.716499	-90.5429	-116.036	-174.745	-180.238	0.252486	-0.370368	0.0283031	0.343445	-0.26033	
0.0103187	4.94314e+09	1.46792	0.733958	-90.8272	-116.243	-174.571	-179.987	0.0154479	-0.411997	-0.164471	-0.383862	-0.504713	
0.00968827	4.99123e+09	1.47858	0.739288	-91.05	-116.437	-175.152	-180.539	0.483905	-0.179852	-0.440515	-0.542719	0.378926	
0.00914866	5.01696e+09	1.45707	0.728537	-90.6716	-116.031	-175.067	-180.426	0.0275633	0.296826	-0.0803994	-0.37887	0.135507	
0.00900479	5.03268e+09	1.44563	0.722815	-90.4618	-115.864	-174.953	-180.355	-0.569874	0.615136	-0.00629449	-0.182897	-0.290701	
0.00928689	4.97396e+09	1.44053	0.720263	-90.594	-116.031	-174.849	-180.287	0.621322	-0.0808875	0.309217	-0.164409	-0.0489555	
0.00887174	4.98025e+09	1.42401	0.712004	-90.3816	-115.786	-174.847	-180.251	0.0185976	-0.124123	0.593948	-0.0159059	0.214318	
0.00924477	5.02828e+09	1.46565	0.732826	-90.7088	-116.06	-175.078	-180.43	0.482344	0.489689	-0.282632	-0.431107	0.0100146	
0.00954648	4.97059e+09	1.44664	0.723321	-90.587	-115.949	-174.717	-180.079	-0.169201	0.342649	0.930156	-0.999615	-0.319283	
0.0090084	4.99553e+09	1.43286	0.716432	-90.4214	-115.871	-174.847	-180.296	-0.112785	-0.0946658	-0.0394794	0.322664	-0.0462083	
0.00913012	4.98602e+09	1.4321	0.716052	-90.4118	-115.831	-174.762	-180.181	-0.288835	0.134511	0.495246	-0.169615	-0.208125	
0.00882197	5.01392e+09	1.44566	0.722828	-90.5578	-115.894	-175.106	-180.442	0.31217	0.141396	0.135301	-0.273804	0.514685	
0.00939694	4.95761e+09	1.42872	0.71436	-90.4766	-116.017	-174.652	-180.193	-0.665865	-0.528371	0.0599008	0.426436	-0.282258	
0.00889667	5.02974e+09	1.43849	0.719244	-90.4316	-115.84	-174.97	-180.379	-0.259145	0.641649	0.163815	-0.141906	-0.294634	
0.0081068	5.02554e+09	1.41386	0.706932	-90.2556	-115.603	-175.191	-180.538	0.431744	0.0557288	0.389211	0.326564	0.839536	
0.00895992	5.01267e+09	1.42756	0.713779	-90.3393	-115.806	-174.818	-180.285	0.149402	0.413115	0.0778857	0.295025	-0.544427	
0.00950608	4.98917e+09	1.4525	0.726251	-90.6123	-116.032	-174.793	-180.213	0.0356453	0.0543899	-0.114981	-0.124089	-0.310564	
0.00937086	4.98669e+09	1.45394	0.726968	-90.6633	-116.072	-174.902	-180.311	0.583641	-0.235711	-0.300457	0.0493114	0.12659	
0.00924851	5.00314e+09	1.44865	0.724327	-90.7032	-116.202	-175.027	-180.526	-0.0662055	-0.00544375	-0.32608	0.162435	-0.100818	
0.00936727	5.00332e+09	1.45937	0.729684	-90.7968	-116.246	-175.066	-180.515	0.400085	0.0374572	-0.362283	-0.0913832	0.019865	
0.0100354	4.93774e+09	1.45349	0.726743	-90.7431	-116.216	-174.598	-180.071	0.394637	-0.55054	-0.0603394	-0.0587626	-0.413006	
0.0100549	4.95062e+09	1.46898	0.734489	-90.8829	-116.286	-174.752	-180.156	0.899739	-0.505666	-0.292956	-0.276459	-0.0750902	
0.00890569	5.00266e+09	1.43127	0.715634	-90.3939	-115.826	-174.881	-180.313	-0.330123	0.0365346	0.100049	0.20342	-0.00351165	
0.00882202	5.0348e+09	1.44303	0.721515	-90.4653	-115.857	-175.049	-180.441	-0.198929	0.491346	-0.0652307	-0.0483549	-0.00929049	
0.00934201	4.981e+09	1.44833	0.724164	-90.6536	-116.094	-174.895	-180.336	-0.203153	-0.266109	-0.063872	-0.0398682	0.106428	
0.0103368	4.92574e+09	1.46104	0.73052	-90.8241	-116.267	-174.53	-179.972	-0.591685	-0.628502	0.0954951	-0.423231	-0.439076	
0.00880695	4.95643e+09	1.407	0.703502	-90.2454	-115.702	-174.701	-180.157	0.125146	-0.512652	0.712321	0.410925	0.207141	
0.0100763	4.95503e+09	1.46447	0.732235	-90.824	-116.268	-174.692	-180.136	-0.0715586	-0.374216	-0.212239	-0.266803	-0.353449	
0.00939812	4.98484e+09	1.45954	0.729768	-90.7378	-116.107	-174.96	-180.33	0.0350588	-0.296273	-0.181879	-0.249329	0.373453	
0.00861513	5.04138e+09	1.43246	0.71623	-90.3449	-115.744	-175.043	-180.442	0.214039	0.681757	0.119056	0.0457664	-0.112243	
0.00902011	4.97622e+09	1.42051	0.710254	-90.3227	-115.778	-174.709	-180.164	-0.714152	-0.149867	0.501673	0.16805	-0.140425	
0.00932758	4.98715e+09	1.43653	0.718264	-90.4603	-115.954	-174.72	-180.213	-0.152914	-0.190536	-0.328657	0.528916	-0.405976	
0.00914307	5.00008e+09	1.44674	0.72337	-90.5354	-115.986	-174.904	-180.355	-0.0631504	-0.441451	-0.703078	0.609507	0.252	
0.00889894	4.98228e+09	1.4289	0.714451	-90.4323	-115.848	-174.887	-180.303	0.228218	-0.292657	0.234812	0.205022	0.314706	
0.0101135	4.98122e+09	1.47698	0.738492	-90.8871	-116.296	-174.785	-180.194	-0.14571	-0.122984	-0.579557	-0.308383	-0.386597	
0.00901556	5.02363e+09	1.45062	0.725312	-90.5373	-115.939	-175.008	-180.409	-0.311387	0.127435	-0.389906	0.108465	0.149358	
0.00903504	4.9804e+09	1.43466	0.717329	-90.4923	-115.887	-174.878	-180.273	0.286059	-0.142609	0.385364	-0.102058	0.226259	
0.009134	5.01242e+09	1.44875	0.724377	-90.5324	-115.94	-174.927	-180.334	0.108772	0.192723	-0.199666	0.00510294	-0.063336	
0.00889009	4.99786e+09	1.4287	0.71435	-90.3793	-115.793	-174.866	-180.28	0.106384	0.15647	0.386924	0.00970676	-0.029557	
0.00886828	4.98879e+09	1.42801	0.714005	-90.4499	-115.867	-174.931	-180.349	0.144586	-0.150391	0.266579	0.177513	0.212617	
0.00939343	4.98458e+09	1.44953	0.724764	-90.6214	-116.057	-174.846	-180.281	-0.00325374	-0.23351	-0.240497	0.104721	-0.0319322	
0.0088027	4.99413e+09	1.42454	0.712268	-90.324	-115.762	-174.847	-180.285	-0.266687	-0.182087	0.14852	0.366295	0.172898	
0.00858746	5.01678e+09	1.42797	0.713986	-90.385	-115.761	-175.055	-180.431	-0.0610948	0.221396	0.357554	-0.00517107	0.336133	
0.00981598	4.97203e+09	1.46628	0.733139	-90.8174	-116.211	-174.829	-180.223	0.500562	-0.208217	-0.227711	-0.338238	-0.0960874	
0.00857272	5.01133e+09	1.41295	0.706476	-90.2159	-115.665	-174.884	-180.333	-0.754105	0.179006	0.399319	0.371715	-0.0549883	
0.01066	4.95015e+09	1.49452	0.747261	-91.1087	-116.445	-174.724	-180.059	0.220993	-0.354067	-0.377925	-0.958043	-0.205917	
0.00884807	5.00478e+09	1.43303	0.716514	-90.4267	-115.825	-174.946	-180.345	-0.580501	0.0685461	0.260685	-0.0194032	0.187505	
0.00922304	4.98745e+09	1.43849	0.719247	-90.6615	-116.177	-174.97	-180.486	-0.142597	-0.00104293	0.130704	0.0180635	-0.192943	
0.00985816	4.95768e+09	1.45954	0.729769	-90.7626	-116.202	-174.73	-180.17	-0.376634	-0.633614	-0.377324	0.0372985	-0.0454295	
0.00885866	5.00117e+09	1.43389	0.716947	-90.3977	-115.829	-174.905	-180.337	0.144818	0.0788559	0.273606	-0.0314886	0.19994	
0.00902978	5.00945e+09	1.45283	0.726413	-90.6339	-115.987	-175.073	-180.426	-0.105196	0.00603499	-0.0872153	-0.237604	0.448837	
0.00908844	4.98893e+09	1.43716	0.718582	-91.3378	-117.179	-175.713	-181.554	-0.148192	-0.029326	0.255057	-0.0737178	0.0498972	
0.00904592	5.02165e+09	1.43874	0.71937	-90.4249	-115.838	-174.877	-180.29	0.416933	0.762635	0.284176	-0.236438	-0.550714	
0.00873517	5.02778e+09	1.44243	0.721213	-90.4833	-115.875	-175.098	-180.49	-0.264336	0.05129	-0.310678	0.23763	0.416841	
0.00884045	5.00624e+09	1.43213	0.716066	-90.4386	-115.88	-174.964	-180.406	0.186513	-0.0709129	-0.15358	0.434329	0.118509	
0.00855549	4.99149e+09	1.41778	0.708892	-90.3448	-115.731	-174.987	-180.374	-0.0552799	-0.20472	0.547012	0.165635	0.560008	
0.00885637	5.00104e+09	1.43542	0.717709	-90.4577	-115.89	-174.966	-180.398	0.374297	-0.290758	-0.295211	0.507225	0.349414	
0.00907088	4.97556e+09	1.42691	0.713454	-90.3975	-115.817	-174.758	-180.178	0.371486	0.01918	0.614468	-0.0985539	-0.112277	
0.0094171	4.98569e+09	1.4516	0.725801	-90.6218	-115.977	-174.837	-180.192	-0.228313	0.117186	0.297829	-0.525359	-0.0805406	
0.0089669	5.02706e+09	1.45533	0.727667	-90.6391	-115.992	-175.139	-180.492	-0.337003	0.219062	-0.211918	-0.232827	0.365147	
0.00926643	4.99521e+09	1.44391	0.721953	-90.5357	-115.991	-174.838	-180.293	-0.163626	-0.154113	-0.346466	0.334212	-0.140819	
0.00878013	4.99695e+09	1.42522	0.71261	-90.3704	-115.748	-174.909	-180.287	-0.140219	0.249736	0.776772	-0.290764	0.129627	
0.00951429	4.94806e+09	1.44499	0.722495	-90.6416	-116.041	-174.747	-180.146	-0.0341188	-0.541525	0.374814	-0.297753	0.227566	
0.00891691	4.99809e+09	1.44381	0.721906	-90.5341	-115.891	-175.008	-180.364	-0.0567989	-0.189493	0.0703093	-0.110957	0.584386	
0.00924334	5.00667e+09	1.44819	0.724093	-90.7142	-116.247	-175.047	-180.579	0.0741169	0.230989	-0.12751	-0.0392103	-0.246607	
0.0096525	4.97317e+09	1.45126	0.72563	-90.6571	-116.088	-174.743	-180.175	-0.555786	-0.0779752	0.110399	-0.288326	-0.33615	
0.0100017	4.93431e+09	1.45507	0.727533	-90.7585	-116.171	-174.622	-180.034	0.319693	-0.526874	0.197107	-0.358235	-0.224905	
0.0087369	5.00168e+09	1.41505	0.707527	-90.2359	-115.685	-174.805	-180.253	-0.176803	0.253938	0.513089	0.239342	-0.247957	
0.00914386	4.99595e+09	1.44094	0.720469	-90.9905	-116.435	-175.352	-180.796	0.0713048	0.0380612	0.0135315	0.0504917	-0.0931358	
0.00902755	5.01546e+09	1.45351	0.726756	-90.6238	-115.988	-175.074	-180.439	0.160313	0.10108	-0.195674	-0.150938	0.335	
0.00871721	5.04508e+09	1.44955	0.724773	-90.5166	-115.908	-175.17	-180.561	0.102478	0.186916	-0.634627	0.331163	0.410126	
0.00896424	5.0394e+09	1.45761	0.728805	-90.6298	-115.974	-175.152	-180.497	-0.513216	0.51303	-0.140044	-0.412964	0.196491	
0.00890463	4.99673e+09	1.43267	0.716333	-90.4369	-115.859	-174.914	-180.336	-0.14919	-0.11447	0.0817245	0.203625	0.17783	
0.0093542	5.00086e+09	1.46249	0.731244	-90.7343	-116.1	-175.005	-180.371	-0.209763	-0.0883644	-0.282441	-0.277821	0.287312	
0.00978739	4.94642e+09	1.45054	0.725268	-90.7212	-116.175	-174.7	-180.154	-0.551635	-0.707833	-0.105533	0.0355587	-0.0582819	
0.00965538	4.95686e+09	1.44108	0.720542	-90.5651	-116.03	-174.622	-180.087	0.238109	-0.254824	0.123988	0.0422484	-0.479698	
0.00859141	5.02235e+09	1.42876	0.714379	-90.3555	-115.774	-175.033	-180.452	-0.0472983	0.0623416	-0.107285	0.426304	0.283932	
0.00861343	4.98186e+09	1.41417	0.707083	-90.2922	-115.688	-174.888	-180.284	-0.303949	-0.251227	0.720735	0.121286	0.478166	
0.00933499	4.99511e+09	1.45819	0.729097	-91.0227	-116.511	-175.292	-180.781	0.360502	-0.0793838	-0.206522	-0.204128	0.204885	
0.0101584	4.95659e+09	1.47457	0.737285	-90.9284	-116.287	-174.764	-180.122	0.160808	-0.126113	0.122967	-0.927709	-0.206775	
0.00981286	4.97701e+09	1.46183	0.730917	-90.7288	-116.148	-174.75	-180.169	-0.0619184	-0.167806	-0.320104	-0.137956	-0.316706	
0.0100987	4.96128e+09	1.48098	0.74049	-90.9814	-116.354	-174.851	-180.223	0.722165	-0.682905	-0.745833	-0.176282	0.236691	
0.00934129	5.01578e+09	1.45966	0.72983	-90.6564	-116.031	-174.959	-180.334	-0.144373	0.452485	-0.0520913	-0.47812	-0.195604	
0.00885601	5.01682e+09	1.4346	0.717302	-90.4099	-115.807	-174.946	-180.343	0.0257922	0.4468	0.302187	-0.129373	-0.10506	
0.0099149	4.99939e+09	1.47193	0.735964	-90.7947	-116.19	-174.81	-180.205	0.0804282	0.354502	-0.346148	-0.462513	-0.628968	
0.00914324	4.97427e+09	1.434	0.717001	-90.486	-115.91	-174.81	-180.234	0.0944202	-0.249276	0.27083	0.0484136	0.0856545	
0.00876303	5.01451e+09	1.43661	0.718303	-90.4538	-115.847	-175.032	-180.425	-0.168958	0.055757	0.00578097	0.115495	0.318192	
0.010244	4.96439e+09	1.4813	0.740649	-90.943	-116.296	-174.756	-180.108	-0.489334	-0.43008	-0.504068	-0.476192	-0.0988312	
0.00990067	4.9774e+09	1.47597	0.737985	-90.9119	-116.274	-174.895	-180.258	-0.0377578	-0.229726	-0.323847	-0.548869	0.078016	
0.00899416	5.02405e+09	1.45142	0.725708	-90.6066	-115.967	-175.088	-180.449	-0.138481	0.406627	0.0275861	-0.354791	0.124939	
0.00944852	4.99201e+09	1.45859	0.729296	-90.6882	-116.072	-174.9	-180.284	0.163079	-0.0066511	-0.135457	-0.281827	0.0123935	
0.00965557	4.96569e+09	1.44507	0.722537	-90.5841	-116.044	-174.656	-180.116	0.169057	-0.175323	-0.00574617	0.0356075	-0.491389	
0.00860231	5.02919e+09	1.43287	0.716433	-90.3882	-115.777	-175.072	-180.461	-0.301067	0.275918	0.0583546	0.119617	0.264479	
0.00912188	5.00874e+09	1.44585	0.722923	-90.5088	-115.926	-174.903	-180.319	0.414577	0.176195	-0.172483	0.0748635	-0.10675	
0.0092217	4.98979e+09	1.44107	0.720534	-90.4974	-115.902	-174.811	-180.215	0.133462	0.125338	0.244872	-0.170826	-0.167586	
0.00872557	5.0088e+09	1.42673	0.713365	-90.3577	-115.753	-174.944	-180.34	0.0505338	0.284626	0.459586	-0.0426595	0.072812	
0.00863543	5.01317e+09	1.42066	0.710332	-90.2815	-115.724	-174.921	-180.363	-0.0079497	0.149703	0.147571	0.419137	-0.0022566	
0.00976083	4.98728e+09	1.45196	0.725979	-90.6113	-116.073	-174.674	-180.135	0.116136	0.248966	-0.16969	-0.0581664	-0.874482	
0.00873212	5.02346e+09	1.43338	0.71669	-90.3988	-115.794	-175.008	-180.403	-0.692704	0.328618	0.200182	-0.0261039	0.0987806	
0.00969188	4.97144e+09	1.45955	0.729777	-90.7313	-116.132	-174.797	-180.198	0.122843	-0.240336	-0.115357	-0.270241	-0.0707487	
0.00878677	5.00732e+09	1.42106	0.710531	-90.2286	-115.679	-174.782	-180.233	-0.184189	0.291759	0.360028	0.209829	-0.247016	
0.00941857	4.99143e+09	1.44667	0.723335	-90.56	-116.036	-174.785	-180.26	-0.251569	-0.242384	-0.527108	0.449298	-0.260367	
0.00814434	5.05067e+09	1.40263	0.701315	-89.9542	-115.403	-174.913	-180.361	-0.24212	0.700273	0.316969	0.613965	-0.201947	
0.00906935	4.97643e+09	1.4283	0.714152	-89.4817	-114.599	-173.844	-178.962	0.291474	-0.230983	0.21121	0.261609	-0.0284922	
0.00817876	5.03749e+09	1.42489	0.712445	-90.3513	-115.688	-175.269	-180.605	-0.413656	0.0571575	0.118662	0.231814	0.926255	
0.00871516	5.0226e+09	1.43866	0.719328	-90.4848	-115.852	-175.101	-180.468	-0.141721	0.242173	0.1176	-0.0825795	0.338999	
0.00976971	4.97847e+09	1.46284	0.73142	-90.758	-116.177	-174.801	-180.221	-0.544502	-0.257768	-0.337654	-0.16114	-0.154669	
0.00895379	5.00864e+09	1.43003	0.715016	-89.2604	-114.669	-173.735	-179.143	-0.222388	0.0293678	-0.240268	0.556707	-0.238058	
0.00975043	4.95272e+09	1.45392	0.72696	-90.7402	-116.177	-174.747	-180.183	0.294917	-0.558798	-0.13735	-0.0272334	-0.0428437	
0.00955169	4.98119e+09	1.44592	0.722958	-90.5356	-115.998	-174.681	-180.144	-0.699069	-0.137896	-0.170445	0.122217	-0.428728	
0.00989364	4.94295e+09	1.45265	0.726327	-90.7269	-116.161	-174.653	-180.088	0.58759	-0.407894	0.149678	-0.258705	-0.283584	
0.00856431	5.00971e+09	1.41814	0.709069	-90.2703	-115.71	-174.94	-180.379	-0.466846	-0.0555054	0.135332	0.502588	0.214206	
0.00871445	5.01458e+09	1.43286	0.716428	-90.4162	-115.823	-175.019	-180.425	0.223305	0.0710329	-0.0168076	0.250808	0.254187	
0.00879258	5.04262e+09	1.44399	0.721994	-90.4398	-115.815	-175.052	-180.427	-0.138171	0.707836	0.0411249	-0.208341	-0.0872633	
0.00999258	4.97273e+09	1.47592	0.73796	-90.9195	-116.289	-174.855	-180.224	0.0332152	-0.205723	-0.274921	-0.583402	-0.048356	
0.00853074	5.0155e+09	1.41367	0.706834	-90.3419	-115.79	-175.038	-180.487	0.145091	0.291815	0.344362	0.409891	-0.0922541	
0.00973609	4.95117e+09	1.44773	0.723865	-90.6596	-116.1	-174.67	-180.11	-0.11551	-0.405578	0.145413	-0.15129	-0.237372	
0.00906042	4.99456e+09	1.44062	0.720309	-90.5087	-115.921	-174.907	-180.32	0.0225159	-0.109724	-0.0108685	0.0857759	0.148406	
0.00925741	5.00179e+09	1.45496	0.727478	-90.6425	-116.036	-174.96	-180.353	0.231557	-0.0297709	-0.270793	-0.0630735	0.136797	
0.00883756	4.9959e+09	1.42875	0.714377	-90.4026	-115.821	-174.912	-180.33	-0.476461	-0.131757	0.207506	0.182674	0.230944	
0.0101541	4.92878e+09	1.44649	0.723247	-90.6714	-116.18	-174.46	-179.968	0.0986312	-0.72997	-0.23341	0.316787	-0.681536	
0.00896793	5.00569e+09	1.44477	0.722386	-90.5444	-115.955	-175.007	-180.417	-0.156209	-0.266497	-0.373433	0.306659	0.414954	
0.00901094	5.01748e+09	1.44201	0.721007	-90.4795	-115.896	-174.941	-180.358	0.290391	0.36324	-0.0597843	0.0358826	-0.194315	
0.00898116	5.00537e+09	1.41554	0.707772	-90.1718	-115.655	-174.627	-180.111	-0.291342	0.447017	0.264246	0.427606	-0.873708	
0.00897714	5.02276e+09	1.44925	0.724627	-90.5534	-115.95	-175.041	-180.438	-0.559345	0.0920674	-0.328383	0.0789976	0.219825	
0.00957431	4.96079e+09	1.44889	0.724446	-90.6665	-116.094	-174.766	-180.194	0.0795038	-0.405964	0.0343352	-0.0923178	-0.0300518	
0.00831066	5.02314e+09	1.41295	0.706473	-90.2369	-115.617	-175.06	-180.44	-0.0926157	0.352081	0.62682	0.125185	0.311027	
0.00896381	5.00934e+09	1.44477	0.722383	-90.5474	-115.915	-175.018	-180.386	0.462489	0.232427	0.145571	-0.229601	0.186543	
0.00865751	5.05204e+09	1.44549	0.722743	-90.4688	-115.812	-175.164	-180.507	-0.185806	0.79296	0.108896	-0.357396	0.123718	
0.00921113	4.98749e+09	1.43337	0.716684	-90.436	-115.908	-174.75	-180.222	-0.462665	-0.10411	-0.0332262	0.314166	-0.312406	
0.00878833	5.00569e+09	1.42737	0.713683	-90.36	-115.802	-174.91	-180.353	-0.524052	-0.0704284	0.00274972	0.394018	0.105142	
0.00904108	5.02153e+09	1.45786	0.728929	-90.6583	-115.988	-175.113	-180.443	-0.541913	0.230848	-0.0415192	-0.480988	0.403512	
0.00920924	4.97854e+09	1.4393	0.719648	-90.5906	-116.043	-174.89	-180.343	0.120716	-0.253171	0.0628979	0.0973139	0.0593841	
0.00875428	5.03713e+09	1.45165	0.725825	-90.6081	-115.967	-175.23	-180.588	0.0248595	0.164225	-0.407492	0.0511906	0.53757	
0.00945712	4.97619e+09	1.45339	0.726693	-90.6867	-116.082	-174.867	-180.263	0.605183	-0.186046	-0.0119283	-0.207671	0.0588841	
0.00990799	4.9473e+09	1.46301	0.731503	-90.8456	-116.234	-174.773	-180.162	-0.155605	-0.691725	-0.151699	-0.268031	0.152249	
0.00866604	5.07104e+09	1.458	0.729002	-90.5608	-115.929	-175.285	-180.653	0.273804	0.574049	-0.779032	0.17333	0.332378	
0.00905475	5.00175e+09	1.44741	0.723703	-90.5855	-115.969	-174.999	-180.382	-0.179335	-0.0855241	-0.0724438	-0.0696667	0.323008	
0.00897469	5.03702e+09	1.45756	0.728781	-90.6222	-115.976	-175.135	-180.489	0.0773162	0.463726	-0.249149	-0.273475	0.181338	
0.00856538	5.03221e+09	1.44	0.720002	-90.4896	-115.836	-175.197	-180.544	-0.157466	0.195712	-0.0112076	-0.0276921	0.596666	
0.00915197	4.97306e+09	1.42796	0.71398	-90.4597	-115.924	-174.777	-180.241	0.244633	-0.0525958	0.479661	0.0102113	-0.199795	
0.00893003	4.99666e+09	1.42548	0.712742	-90.3482	-115.801	-174.813	-180.266	-0.351866	0.0431837	0.207585	0.269121	-0.168562	
0.00899629	5.00355e+09	1.44533	0.722666	-90.5642	-115.944	-175.009	-180.389	0.0263817	-0.0192798	-0.00718326	-0.0807639	0.311919	
0.00950876	4.98249e+09	1.45666	0.728329	-90.699	-116.092	-174.867	-180.259	0.513314	-0.0415566	-0.0372905	-0.295522	-0.0557424	
0.00859016	4.98314e+09	1.40571	0.702853	-90.1956	-115.641	-174.806	-180.251	0.131634	-0.154436	0.644091	0.432762	0.131463	
0.00886061	4.98442e+09	1.42148	0.710738	-90.3414	-115.757	-174.819	-180.235	-0.380103	-0.0252424	0.642355	-0.013353	0.0780332	
0.00940223	4.9807e+09	1.45044	0.72522	-90.553	-115.979	-174.767	-180.192	0.341231	-0.440798	-0.457502	0.321999	0.0967858	
0.00900309	4.97736e+09	1.42329	0.711643	-90.345	-115.811	-174.741	-180.207	-0.538903	-0.362903	0.158093	0.431786	0.00802862	
0.0085936	5.04663e+09	1.4359	0.71795	-90.3526	-115.771	-175.071	-180.489	-0.501736	0.373384	-0.317848	0.366953	0.12159	
0.00950274	4.9615e+09	1.44256	0.721281	-90.5427	-115.9	-174.677	-180.034	0.40674	-0.204288	0.280099	-0.161265	-0.195315	
0.00975499	4.95632e+09	1.43115	0.715576	-90.3379	-115.843	-174.349	-179.853	0.191327	-0.0768805	0.11097	0.294998	-1.07748	
0.0092629	4.98195e+09	1.45332	0.72666	-90.685	-116.056	-174.966	-180.337	0.172474	-0.362512	-0.0829259	-0.16625	0.473687	
0.00841901	5.0672e+09	1.44413	0.722064	-90.4574	-115.789	-175.3	-180.632	-0.663249	0.685744	-0.111049	-0.155982	0.451595	
0.00961513	4.96229e+09	1.45016	0.725081	-90.6653	-116.088	-174.749	-180.172	0.476734	-0.263007	0.0842854	-0.17648	-0.150988	
0.00944324	4.96888e+09	1.444	0.721998	-90.6986	-116.214	-174.873	-180.388	0.164414	-0.183033	0.205299	-0.150902	-0.124281	
0.0092396	5.00788e+09	1.44552	0.722758	-90.5057	-115.934	-174.842	-180.271	-0.11753	0.266053	-0.11721	0.0165349	-0.350724	
0.00953335	4.9833e+09	1.45826	0.729132	-90.6899	-116.104	-174.848	-180.262	0.106701	-0.220688	-0.273478	-0.100672	0.0242696	
0.00942479	4.98308e+09	1.44908	0.72454	-90.6982	-116.191	-174.905	-180.399	0.440329	-0.0899084	-0.109744	-0.00609593	-0.166625	
0.00964087	4.94217e+09	1.44205	0.721027	-90.6207	-116.062	-174.658	-180.1	0.135496	-0.556939	0.263228	-0.0773423	-0.0880801	
0.00885589	5.01393e+09	1.44737	0.723687	-90.5171	-115.894	-175.048	-180.426	0.587346	-0.15634	-0.393818	0.240332	0.563284	
0.00951955	4.98294e+09	1.45148	0.72574	-90.7443	-116.261	-174.908	-180.425	-0.118735	-0.0245212	-0.0303021	-0.168704	-0.259796	
0.00799362	5.04915e+09	1.41557	0.707787	-90.2083	-115.551	-175.245	-180.588	-0.585117	0.278352	0.279693	0.29431	0.807096	
0.00930835	4.9941e+09	1.45124	0.725622	-90.6169	-116.039	-174.897	-180.32	0.249529	-0.159335	-0.337975	0.136485	0.0377812	
0.0093319	4.95699e+09	1.44025	0.720124	-90.5902	-115.984	-174.795	-180.189	-0.419643	-0.473722	0.451308	-0.274988	0.307394	
0.00923094	4.97332e+09	1.42811	0.714057	-90.5211	-116.028	-174.802	-180.309	-0.0102998	-0.0509164	0.379943	0.0960226	-0.358241	
0.00856687	5.01073e+09	1.42518	0.712592	-90.3816	-115.745	-175.051	-180.414	-0.129379	0.187724	0.548861	-0.104832	0.406565	
0.00969526	4.967e+09	1.44558	0.722791	-90.6012	-116.066	-174.658	-180.123	-0.801599	-0.209763	0.00949499	-0.017053	-0.499915	
0.00973563	4.97434e+09	1.47023	0.735117	-90.8521	-116.195	-174.903	-180.246	0.071183	-0.230214	-0.0737071	-0.647495	0.233309	
0.00921863	4.97505e+09	1.42711	0.713553	-90.5848	-116.156	-174.874	-180.445	0.082852	0.260416	0.813561	-0.314693	-0.452616	
0.0088747	5.0028e+09	1.43022	0.715112	-90.3973	-115.821	-174.9	-180.324	0.243526	0.138494	0.194652	0.148071	-0.0331213	
0.00851565	5.00722e+09	1.42367	0.711834	-90.345	-115.737	-175.035	-180.427	-0.0579399	-0.157868	0.177607	0.321986	0.577745	
0.00965994	4.98808e+09	1.46727	0.733636	-90.7839	-116.18	-174.893	-180.289	-0.420251	-0.170028	-0.325009	-0.331186	0.0666687	
0.00933816	4.96869e+09	1.43779	0.718895	-90.5202	-115.955	-174.742	-180.177	0.483949	-0.179404	0.238859	-0.0033786	-0.154783	
0.00952055	4.99851e+09	1.46504	0.732519	-90.7417	-116.103	-174.932	-180.293	0.0347059	0.160064	-0.104223	-0.526314	-0.0234458	
0.00890141	5.01919e+09	1.44183	0.720914	-90.5056	-115.932	-175.024	-180.45	-0.459639	-0.00198045	-0.34858	0.319215	0.179456	
0.00860743	5.00631e+09	1.40586	0.702928	-90.1127	-115.598	-174.754	-180.24	-0.468815	0.183569	0.369696	0.599071	-0.328991	
0.00957173	4.9665e+09	1.46285	0.731427	-90.8019	-116.13	-174.913	-180.242	0.551689	-0.311092	0.159284	-0.653873	0.423188	
0.009816	4.95642e+09	1.46335	0.731677	-90.8163	-116.199	-174.8	-180.183	0.30976	-0.449303	-0.0518012	-0.403283	0.108691	
0.00955623	4.97296e+09	1.44332	0.721662	-90.5638	-116.027	-174.693	-180.156	0.318209	-0.105078	-0.0499628	0.11175	-0.487886	
0.00999316	4.95721e+09	1.45744	0.728722	-90.7362	-116.195	-174.644	-180.103	0.311931	-0.32768	-0.269092	-0.00955577	-0.522578	
0.00913831	5.00738e+09	1.4421	0.721051	-90.4744	-115.915	-174.858	-180.298	0.137087	0.16195	-0.18321	0.185901	-0.238011	
0.00902038	5.018e+09	1.45437	0.727187	-90.6338	-115.982	-175.092	-180.44	-0.0763771	0.205237	-0.0630583	-0.330908	0.333242	
0.00975497	4.974e+09	1.45741	0.728706	-90.7086	-116.135	-174.75	-180.177	0.0805874	-0.092558	-0.11676	-0.216828	-0.367936	
0.00916632	5.0043e+09	1.46077	0.730386	-90.749	-116.062	-175.114	-180.427	0.554547	0.108688	0.0531394	-0.598853	0.489634	
0.00958052	5.0003e+09	1.46166	0.730828	-90.7598	-116.231	-174.926	-180.397	-0.125931	-0.00416094	-0.524114	0.0140592	-0.238431	
0.00882719	5.0049e+09	1.4399	0.71995	-90.5243	-115.884	-175.054	-180.414	-0.155156	-0.0221654	0.193628	-0.146646	0.497517	
0.00865613	5.00162e+09	1.42827	0.714133	-90.4112	-115.807	-175.02	-180.416	0.304185	-0.165015	0.124347	0.273593	0.490931	
0.00925972	4.97887e+09	1.44141	0.720703	-90.7168	-116.204	-174.993	-180.48	0.0582258	-0.202179	0.0887663	0.00976284	0.0162427	
0.00939771	4.96247e+09	1.44641	0.723207	-90.6581	-116.063	-174.842	-180.247	-0.505917	-0.50403	0.193615	-0.205865	0.312474	
0.0102917	4.97226e+09	1.48011	0.740054	-90.9183	-116.302	-174.725	-180.108	-0.308315	0.0275327	-0.233758	-0.754505	-0.516999	
0.00914538	5.01017e+09	1.44969	0.724847	-90.5717	-115.952	-174.957	-180.337	-0.0846801	0.309281	0.0870492	-0.319375	-0.0354919	
0.00980159	4.96613e+09	1.46118	0.730591	-90.7785	-116.188	-174.786	-180.195	-0.212353	-0.321349	-0.132757	-0.289163	-0.104586	
0.00927742	4.97812e+09	1.44836	0.724178	-90.7581	-116.21	-175.025	-180.477	0.297165	-0.396259	-0.127236	0.0416873	0.304576	
0.00932546	4.98264e+09	1.44373	0.721864	-90.5412	-115.982	-174.794	-180.235	-0.202137	-0.250259	-0.148767	0.1724	-0.0672777	
0.00906287	5.01822e+09	1.45088	0.725441	-90.5582	-115.94	-174.996	-180.378	-0.672999	0.189399	-0.124613	-0.169433	0.137372	
0.00944222	4.98744e+09	1.45315	0.726574	-90.6512	-116.041	-174.858	-180.248	0.214746	0.0757149	0.0618375	-0.317931	-0.142292	
0.0090575	4.98031e+09	1.43742	0.718711	-90.5113	-115.92	-174.886	-180.295	-0.0561171	-0.375053	0.0745436	0.127493	0.338635	
0.00891119	5.01883e+09	1.4418	0.720898	-90.4819	-115.882	-174.995	-180.395	-0.277133	0.233955	-0.0389551	0.00483794	0.0697092	
0.00892263	5.00891e+09	1.42466	0.712332	-90.3033	-115.785	-174.793	-180.275	0.14681	0.224549	-0.0527508	0.511927	-0.457051	
0.00895754	4.99604e+09	1.43908	0.719539	-90.3991	-115.779	-174.85	-180.229	0.401899	0.0032455	0.210762	-0.0958137	0.261056	
0.00903996	4.96591e+09	1.43194	0.715971	-90.5012	-115.894	-174.86	-180.252	-0.114808	-0.46727	0.44959	-0.0571357	0.467806	
0.00938692	4.96764e+09	1.43505	0.717523	-90.4202	-115.814	-174.618	-180.011	-0.164857	-0.250599	0.146006	0.152298	-0.292831	
0.00885138	4.99865e+09	1.41246	0.706232	-90.1594	-115.644	-174.666	-180.151	0.647414	0.259765	0.237542	0.582084	-0.605847	
0.00968244	4.93097e+09	1.42776	0.713878	-90.4403	-115.933	-174.439	-179.932	0.626644	-0.491698	0.393952	0.213762	-0.571115	
0.00906482	4.98662e+09	1.43457	0.717287	-90.3198	-115.722	-174.702	-180.105	0.301334	-0.0372116	0.247004	0.0235125	0.0106789	
0.00862455	5.02509e+09	1.43044	0.715218	-90.3672	-115.773	-175.033	-180.439	0.741612	0.338007	0.0418223	0.237829	0.0992259	
0.00896084	4.99205e+09	1.42237	0.711186	-90.3196	-115.776	-174.762	-180.218	-0.026344	0.133332	0.362985	0.216473	-0.314897	
0.00941304	5.02215e+09	1.46603	0.733016	-90.8439	-116.306	-175.124	-180.586	0.101182	0.278057	-0.57698	-0.112015	-0.149185	
0.00835175	5.02213e+09	1.4084	0.704202	-90.1354	-115.543	-174.935	-180.343	0.0672477	0.483364	0.687387	0.197619	0.0108474	
0.0101368	4.9738e+09	1.46681	0.733403	-90.7869	-116.24	-174.662	-180.115	-0.274284	-0.145121	-0.527821	-0.0629128	-0.693261	
0.00907576	4.98995e+09	1.44192	0.72096	-90.5214	-115.915	-174.904	-180.298	0.321073	-0.127634	0.07527	-0.0204649	0.226793	
0.00840037	5.02022e+09	1.41521	0.707607	-90.2563	-115.683	-175.028	-180.455	-0.363701	0.0650642	0.175388	0.512095	0.287791	
0.0091543	5.00111e+09	1.45014	0.72507	-90.6129	-115.994	-174.978	-180.359	-0.388026	-0.00309977	-0.0139603	-0.209545	0.210299	
0.00935402	4.9921e+09	1.44248	0.72124	-90.5974	-116.126	-174.853	-180.382	0.083027	0.0781804	-0.10935	0.138698	-0.429252	
0.00943179	4.9749e+09	1.44735	0.723677	-90.6141	-116.011	-174.804	-180.201	0.236474	-0.014523	0.316353	-0.377791	-0.102426	
0.00894737	4.95322e+09	1.41562	0.707811	-90.3352	-115.759	-174.716	-180.14	0.180377	-0.433093	0.837098	0.061507	0.246558	
0.0085409	5.03462e+09	1.42916	0.714581	-90.3409	-115.743	-175.065	-180.468	-0.123358	0.387451	0.0499413	0.218944	0.136346	
0.00865967	4.99419e+09	1.42923	0.714615	-90.4481	-115.8	-175.042	-180.395	0.666539	-0.114037	0.449878	-0.0583875	0.636644	
0.00829774	5.06782e+09	1.43351	0.716757	-90.3215	-115.697	-175.228	-180.604	0.623935	0.779962	-0.165083	0.230524	0.203172	
0.00914699	4.97461e+09	1.41908	0.709538	-89.9662	-115.145	-174.289	-179.468	-0.12427	-0.00893241	0.425907	0.283756	-0.523386	
0.00923784	4.97273e+09	1.44257	0.721286	-90.5948	-115.988	-174.871	-180.264	-0.0245891	-0.279013	0.285937	-0.210911	0.256806	
0.00893241	5.05789e+09	1.47345	0.736724	-90.7648	-116.049	-175.334	-180.619	-0.389337	0.479058	-0.529267	-0.539331	0.643255	
0.00889823	5.00946e+09	1.4298	0.714902	-90.368	-115.815	-174.871	-180.318	0.518288	0.258285	0.0355995	0.299697	-0.259251	
0.00944075	4.99191e+09	1.44404	0.722019	-90.498	-115.94	-174.713	-180.156	-0.00454284	0.259794	0.0699535	-0.0919025	-0.595159	
0.00924664	4.9711e+09	1.43305	0.716525	-90.4566	-115.877	-174.726	-180.146	-0.403515	-0.0844357	0.546491	-0.206087	-0.119646	
0.00952442	4.93567e+09	1.42418	0.712091	-90.1236	-115.61	-174.202	-179.689	0.181985	-0.656731	0.245077	0.442071	-0.384319	
0.00927449	4.98763e+09	1.44516	0.722579	-90.9542	-116.541	-175.239	-180.826	-0.0495916	-0.206091	-0.177987	0.151727	-0.000223512	
0.00945341	4.99179e+09	1.46146	0.730729	-90.3446	-115.566	-174.554	-179.775	0.0881125	0.036013	-0.00950881	-0.505642	0.115132	
0.00978563	4.95208e+09	1.42938	0.714689	-90.447	-115.986	-174.437	-179.976	-0.294986	-0.294941	-0.056311	0.504025	-1.04092	
0.00908579	5.01345e+09	1.45091	0.725456	-90.5848	-115.984	-175.004	-180.403	0.0506532	0.0588379	-0.308191	0.0521564	0.156024	
0.00950517	4.96234e+09	1.44964	0.72482	-90.6582	-116.071	-174.792	-180.206	0.057271	-0.521902	-0.0646455	-0.0166283	0.15912	
0.00914713	4.94538e+09	1.42153	0.710767	-90.4193	-115.85	-174.69	-180.121	-0.584646	-0.554727	0.816654	-0.0765849	0.232745	
0.00911245	5.01154e+09	1.44993	0.724967	-90.5778	-115.977	-174.981	-180.38	0.0496442	0.119137	-0.211352	-0.0152399	0.0688045	
0.00942398	5.00773e+09	1.45394	0.72697	-90.6054	-116.012	-174.856	-180.263	-0.415246	0.429602	0.0223938	-0.372562	-0.443943	
0.00869504	5.02336e+09	1.43862	0.719309	-90.4839	-115.855	-175.111	-180.482	-0.7844	0.113735	0.0399218	-0.0190313	0.447027	
0.0083801	5.04856e+09	1.41778	0.708889	-90.1886	-115.637	-175.019	-180.468	0.416297	0.650196	-0.0278779	0.566764	-0.227172	
0.00969144	4.94631e+09	1.43991	0.719956	-90.4904	-115.924	-174.512	-179.946	0.0290887	-0.391464	0.259722	-0.0341502	-0.379557	
0.00929593	5.02197e+09	1.46158	0.730789	-90.6605	-116.05	-174.995	-180.385	0.302559	0.353761	-0.382394	-0.188518	-0.112371	
0.00849684	5.02995e+09	1.42054	0.710271	-90.2596	-115.686	-174.998	-180.425	0.418969	0.437977	0.154247	0.37384	-0.0511299	
0.0100972	4.93675e+09	1.44805	0.724023	-90.6836	-116.138	-174.51	-179.965	-0.0429854	-0.173768	0.457648	-0.451045	-0.78139	
0.00951706	4.97238e+09	1.44411	0.722056	-90.5774	-116.011	-174.724	-180.158	-0.199043	-0.0322576	0.254017	-0.224037	-0.342755	
0.0090501	4.98827e+09	1.43078	0.71539	-90.4208	-115.852	-174.813	-180.245	-0.0780295	0.024528	0.315367	0.0474913	-0.115309	
0.00896033	5.04775e+09	1.46634	0.733169	-90.6856	-116.014	-175.224	-180.553	0.270089	0.449279	-0.504426	-0.291455	0.399055	
0.0086953	5.05974e+09	1.45079	0.725396	-90.4989	-115.859	-175.189	-180.549	0.371853	0.788046	-0.254433	-0.135168	0.0803951	
0.00948836	4.97014e+09	1.44369	0.721845	-90.5817	-116.038	-174.737	-180.193	0.328631	-0.288295	-0.110824	0.178589	-0.237316	
0.00925852	4.99785e+09	1.44545	0.722727	-90.5465	-115.99	-174.857	-180.3	0.0113246	-0.0565315	-0.2898	0.229784	-0.149045	
0.00911868	5.01099e+09	1.45545	0.727726	-90.712	-116.046	-175.111	-180.446	-0.0330959	0.293615	0.18262	-0.601111	0.263947	
0.00930126	4.98003e+09	1.44124	0.72062	-90.5868	-116.025	-174.846	-180.284	-0.366392	-0.0351027	0.316529	-0.230166	-0.0966309	
0.00971285	4.96465e+09	1.44631	0.723156	-90.6059	-116.054	-174.65	-180.099	-0.619558	-0.118623	0.193723	-0.213641	-0.498813	
0.00955116	4.99516e+09	1.46509	0.732545	-90.7617	-116.145	-174.932	-180.316	0.2041	-0.0182957	-0.320055	-0.279946	0.0114198	
0.00920774	4.99025e+09	1.44822	0.724112	-90.6111	-115.966	-174.932	-180.287	-0.0512395	0.113523	0.405586	-0.554762	0.175409	
0.00961468	4.99591e+09	1.46121	0.730605	-90.6794	-116.087	-174.822	-180.23	-0.528678	0.0286367	-0.322591	-0.181366	-0.254563	
0.00975327	4.96915e+09	1.46047	0.730233	-90.7577	-116.159	-174.792	-180.193	0.080104	-0.197734	-0.0447501	-0.365953	-0.136974	
0.00869792	5.02393e+09	1.42603	0.713016	-90.3016	-115.745	-174.928	-180.372	-0.554208	0.291758	0.0332179	0.343759	-0.124427	
0.00938574	4.99018e+09	1.46051	0.730253	-90.7661	-116.139	-175.004	-180.376	-0.204721	-0.248858	-0.223325	-0.253529	0.358297	
0.0093316	5.01279e+09	1.46069	0.730343	-90.6071	-115.942	-174.909	-180.244	-0.0308418	0.230742	-0.26099	-0.273157	-0.0309019	
0.00901021	5.00534e+09	1.44156	0.720781	-90.4994	-115.94	-174.941	-180.381	-0.234988	-0.232776	-0.421268	0.445586	0.199419	
0.00824952	5.09533e+09	1.43991	0.719956	-90.3228	-115.708	-175.302	-180.687	0.0848358	1.01337	-0.508837	0.317319	0.111197	
0.00919875	4.97843e+09	1.4358	0.717902	-90.5923	-116.137	-174.897	-180.442	0.391274	-0.487203	-0.356418	0.621314	0.0202805	
0.00912377	5.00576e+09	1.43615	0.718074	-90.4178	-115.871	-174.805	-180.259	-0.308066	0.219741	-0.0400527	0.19502	-0.403312	
0.00877957	5.02437e+09	1.44294	0.721469	-90.456	-115.833	-175.043	-180.42	-0.070071	0.177058	-0.107293	0.0258924	0.334685	
0.0094529	5.00325e+09	1.46993	0.734965	-90.7965	-116.155	-175.026	-180.384	0.374166	-0.0954037	-0.50269	-0.252706	0.311105	
0.00921896	4.98931e+09	1.4416	0.720799	-90.5201	-115.931	-174.834	-180.245	0.158679	0.097316	0.228379	-0.166664	-0.128713	
0.00949108	4.9807e+09	1.44776	0.723881	-90.6344	-116.1	-174.807	-180.273	0.0222479	0.00668452	0.0655084	-0.153901	-0.316574	
0.00893166	5.00546e+09	1.42486	0.712431	-90.3361	-115.799	-174.816	-180.278	-0.790414	0.203876	0.198902	0.256889	-0.343376	
0.00897083	4.98435e+09	1.42216	0.711081	-90.359	-115.783	-174.783	-180.207	-0.107395	0.225575	0.803026	-0.191369	-0.220154	
0.00934861	5.01236e+09	1.44694	0.72347	-90.5325	-115.999	-174.826	-180.292	-0.164829	0.378265	-0.249395	0.0942111	-0.615691	
0.00983738	4.96356e+09	1.44719	0.723594	-90.5813	-116.068	-174.568	-180.055	0.0907671	-0.254075	-0.268969	0.241539	-0.69555	
0.00886879	4.97758e+09	1.41515	0.707575	-90.3729	-115.854	-174.835	-180.316	-0.453987	-0.256799	0.420448	0.396595	-0.0170095	
0.00994869	4.99449e+09	1.48205	0.741024	-90.9138	-116.273	-174.906	-180.265	-0.204924	0.00748649	-0.513315	-0.571935	-0.0913713	
0.00963921	4.98459e+09	1.45749	0.728744	-90.6717	-116.078	-174.784	-180.19	0.800279	0.122703	-0.106109	-0.244999	-0.389266	
0.0091054	5.02096e+09	1.45203	0.726016	-90.5586	-115.943	-174.981	-180.365	-0.201497	0.363134	-0.0964387	-0.227863	-0.0373386	
0.00925154	4.99287e+09	1.44754	0.72377	-90.5365	-115.925	-174.841	-180.229	0.0234594	-0.166992	-0.240102	0.136098	0.0473935	
0.00991215	4.94008e+09	1.44907	0.724533	-90.6811	-116.12	-174.594	-180.033	-0.358247	-0.41865	0.317889	-0.341407	-0.345796	
0.00968544	4.98054e+09	1.4553	0.727649	-90.6779	-116.116	-174.762	-180.2	0.0624457	-0.0415384	-0.191716	-0.0978202	-0.415734	
0.00866386	4.97987e+09	1.40433	0.702165	-90.1718	-115.642	-174.739	-180.21	-0.922786	-0.284239	0.588494	0.51154	0.0604779	
0.00987269	4.93833e+09	1.43668	0.718338	-90.5543	-116.05	-174.482	-179.977	-0.332154	-0.259449	0.484026	-0.166616	-0.743879	
0.00955199	4.97669e+09	1.45905	0.729523	-90.4011	-115.611	-174.539	-179.749	0.175588	-0.420314	-0.357068	-0.0155057	0.179358	
0.00911649	5.00967e+09	1.45528	0.727639	-90.6518	-116.003	-175.05	-180.401	-0.0634196	0.123705	-0.0363386	-0.35988	0.308403	
0.00948769	4.96429e+09	1.44021	0.720105	-90.5316	-115.962	-174.677	-180.107	0.10265	-0.13865	0.321693	-0.152589	-0.289938	
0.00944455	4.99293e+09	1.45056	0.725278	-90.5783	-116.023	-174.794	-180.238	-0.31183	-0.124571	-0.379645	0.188618	-0.227407	
0.0095136	4.95794e+09	1.43519	0.717595	-90.507	-115.97	-174.63	-180.093	-0.0722552	-0.239545	0.304776	0.0172654	-0.400231	
0.00892018	5.00768e+09	1.43337	0.716686	-90.4162	-115.86	-174.905	-180.349	-0.297464	0.0380867	-0.0835122	0.315686	-0.0428867	
0.00857857	5.01099e+09	1.4253	0.712652	-90.3709	-115.772	-175.035	-180.436	0.0663113	-0.0156324	0.144834	0.303415	0.385078	
0.00947829	4.99392e+09	1.46301	0.731507	-90.7331	-116.105	-174.935	-180.306	0.119061	-0.0376198	-0.21367	-0.335355	0.110241	
0.00910977	4.99362e+09	1.44587	0.722936	-90.5709	-115.956	-174.944	-180.329	0.0616052	-0.0940346	0.0496568	-0.122886	0.258907	
0.00898125	5.00867e+09	1.44499	0.722494	-90.5445	-115.916	-175.006	-180.377	0.300723	0.209166	0.133815	-0.225231	0.182352	
0.00872808	5.04596e+09	1.46007	0.730036	-90.7111	-116.008	-175.361	-180.658	0.174205	0.313986	-0.328076	-0.319912	0.759241	
0.00919274	4.99967e+09	1.46262	0.731312	-90.7618	-116.093	-175.106	-180.437	0.320237	-0.254894	-0.294785	-0.273457	0.696619	
0.00931101	5.00314e+09	1.43639	0.718197	-90.4979	-116.091	-174.793	-180.386	-0.639232	-0.0493347	-0.561354	0.700765	-0.599458	
0.00955152	4.94441e+09	1.43403	0.717013	-90.5265	-116.013	-174.608	-180.095	-0.111879	-0.654336	0.0798795	0.314337	-0.209921	
0.00967803	4.94234e+09	1.45335	0.726674	-90.7063	-116.088	-174.727	-180.109	-0.0361542	-0.661224	0.274375	-0.423434	0.334187	
0.00893489	4.99942e+09	1.43573	0.717863	-90.4627	-115.868	-174.93	-180.335	-0.55856	-0.0482675	0.158191	0.025584	0.20064	
0.00904461	5.01285e+09	1.44072	0.720358	-90.463	-115.907	-174.901	-180.345	0.420318	0.186206	-0.252956	0.285541	-0.191795	
0.00914777	4.98543e+09	1.424	0.712001	-90.4033	-115.872	-174.744	-180.213	-0.323648	0.176842	0.427971	0.114882	-0.550264	
0.0100541	4.91287e+09	1.43051	0.715254	-90.5216	-116.021	-174.325	-179.825	-0.0357092	-0.418983	0.745875	-0.188249	-0.907861	
0.0096362	5.01473e+09	1.48032	0.74016	-90.9801	-116.386	-175.146	-180.552	-0.348329	0.0811251	-0.635533	-0.45787	0.163159	
0.00979388	4.95115e+09	1.46471	0.732354	-90.8315	-116.174	-174.816	-180.159	-0.349441	-0.658675	0.0067595	-0.514014	0.410221	
0.00908502	5.0071e+09	1.45319	0.726593	-90.6374	-116.004	-175.046	-180.412	0.265134	0.00393934	-0.159	-0.152322	0.349305	
0.00902184	4.99522e+09	1.43961	0.719805	-90.5145	-115.89	-174.933	-180.308	-0.613882	0.0550307	0.405943	-0.329675	0.22104	
0.00906809	4.99566e+09	1.44638	0.723188	-90.5556	-115.945	-174.952	-180.342	0.57761	-0.148247	-0.114593	0.0374492	0.321879	
0.00992774	4.96954e+09	1.46678	0.733388	-90.8152	-116.22	-174.773	-180.178	-0.163145	-0.219973	-0.210717	-0.377091	-0.222124	
0.00880059	5.00629e+09	1.42357	0.711786	-90.3136	-115.731	-174.859	-180.276	-0.245044	0.368829	0.553504	-0.047801	-0.174102	
0.00921697	4.98722e+09	1.44218	0.721091	-90.5865	-116.032	-174.898	-180.343	0.17533	-0.0621012	0.0609494	-0.00609677	-0.040408	
0.00903064	4.99512e+09	1.42166	0.710829	-90.3356	-115.839	-174.749	-180.253	-0.585108	0.171373	0.267931	0.301852	-0.519328	
0.0100961	4.93805e+09	1.45674	0.728368	-90.6604	-116.064	-174.49	-179.894	0.526446	-0.569557	-0.156533	-0.0479196	-0.409773	
0.00845023	5.00498e+09	1.40946	0.704729	-90.1808	-115.62	-174.9	-180.339	0.246631	-0.000528226	0.355423	0.547966	0.187033	
0.0095416	4.97301e+09	1.45082	0.725411	-90.6409	-116.046	-174.777	-180.183	-0.527808	-0.151751	0.175118	-0.341594	-0.0947906	
0.0100104	4.95977e+09	1.46052	0.730258	-90.7631	-116.166	-174.668	-180.071	-0.241227	0.0359881	0.310352	-0.722665	-0.538697	
0.00926383	4.99204e+09	1.45441	0.727206	-90.65	-116.031	-174.948	-180.329	0.327492	-0.182878	-0.187953	-0.108375	0.292672	
0.00957385	4.97379e+09	1.45986	0.729929	-90.7436	-116.13	-174.867	-180.253	0.126222	-0.337979	-0.149285	-0.253598	0.18507	
0.00897916	5.03351e+09	1.4528	0.726402	-90.5416	-115.942	-175.047	-180.447	0.222739	0.262495	-0.531152	0.177389	0.0911	
0.00971677	4.98934e+09	1.46334	0.731669	-90.734	-116.146	-174.82	-180.232	-0.066844	0.0326493	-0.288543	-0.249067	-0.316482	
0.00938555	4.9823e+09	1.43684	0.718422	-90.4704	-115.963	-174.694	-180.187	-0.564849	-0.244745	-0.258522	0.456268	-0.405028	
0.00941561	4.97355e+09	1.44634	0.72317	-90.7356	-116.281	-174.93	-180.476	0.351149	-0.232482	0.00183634	-0.0188857	-0.0617757	
0.00846524	5.04232e+09	1.42209	0.711045	-90.2397	-115.677	-175.016	-180.454	0.284203	0.55081	-0.0230756	0.465964	-0.140404	
0.00907209	5.02514e+09	1.45929	0.729645	-90.5928	-115.926	-175.039	-180.372	-0.0619786	0.282137	-0.207742	-0.33808	0.282484	
0.00902976	4.99065e+09	1.43708	0.718542	-90.5026	-115.91	-174.909	-180.316	0.220659	-0.0647232	0.172337	0.0141262	0.13181	
0.00909636	4.99746e+09	1.43459	0.717294	-90.3621	-115.764	-174.748	-180.15	0.22978	0.211008	0.186548	0.0472199	-0.291919	
0.00916756	4.97732e+09	1.4437	0.72185	-90.6003	-115.959	-174.918	-180.276	0.158441	-0.138049	0.454418	-0.432739	0.350165	
0.00934201	4.99065e+09	1.45329	0.726646	-90.6237	-116.029	-174.882	-180.288	0.337595	-0.175605	-0.278639	0.0277339	0.0965942	
0.00913026	4.98283e+09	1.44562	0.722811	-90.6143	-115.971	-174.959	-180.316	-0.0203929	-0.186455	0.301542	-0.352157	0.438403	
0.00973985	4.96446e+09	1.45856	0.729278	-90.7466	-116.169	-174.778	-180.201	-0.0329761	-0.441495	-0.23117	-0.101718	-0.0308793	
0.00931238	5.01393e+09	1.46775	0.733877	-90.8061	-116.149	-175.119	-180.462	-0.416221	0.0538035	-0.337486	-0.421079	0.367546	
0.00945127	5.01154e+09	1.4702	0.735099	-90.827	-116.216	-175.072	-180.46	-0.502343	-0.0714463	-0.604402	-0.190861	0.246959	
0.0091814	4.96387e+09	1.42271	0.711353	-90.4478	-115.996	-174.735	-180.283	0.279701	-0.273526	0.332881	0.324411	-0.263281	
0.00889181	5.02406e+09	1.43969	0.719843	-90.4053	-115.832	-174.936	-180.363	0.338385	0.627445	0.279459	-0.265856	-0.173346	
0.00833011	5.02035e+09	1.41307	0.706534	-90.2503	-115.669	-175.058	-180.477	0.167193	0.101767	0.236294	0.519696	0.332646	
0.00958136	5.00407e+09	1.46567	0.732834	-90.7225	-116.155	-174.895	-180.327	0.389169	-0.129442	-0.85054	0.244216	-0.122883	
0.0102247	4.94521e+09	1.46574	0.732871	-90.8413	-116.285	-174.628	-180.072	0.0797681	-0.562561	-0.357128	-0.119752	-0.387359	
0.00859343	5.04407e+09	1.44533	0.722665	-90.5248	-115.856	-175.239	-180.57	0.0239274	0.484342	0.00110785	-0.223432	0.459318	
0.00937512	4.97285e+09	1.4364	0.718201	-90.5488	-116.039	-174.761	-180.251	0.186428	-0.115267	0.143937	0.1075	-0.355974	
0.00981603	4.99365e+09	1.4694	0.7347	-90.7371	-116.063	-174.786	-180.112	-0.0853701	0.182929	-0.266893	-0.461008	-0.385924	
0.0100753	4.97622e+09	1.46921	0.734604	-90.8153	-116.23	-174.721	-180.136	-0.408024	0.0312165	-0.214789	-0.469189	-0.580042	
0.0100995	4.93266e+09	1.44945	0.724723	-90.6359	-116.059	-174.454	-179.877	0.0956076	-0.390454	0.262643	-0.27313	-0.628636	
0.00861688	5.00418e+09	1.41869	0.709347	-90.2624	-115.693	-174.896	-180.326	-0.34434	-0.0355148	0.266344	0.377754	0.194798	
0.00964897	4.9906e+09	1.45241	0.726207	-90.6123	-116.093	-174.731	-180.211	-0.36894	-0.153368	-0.605228	0.367516	-0.509222	
0.00936574	4.99128e+09	1.44685	0.723423	-90.5593	-116.008	-174.808	-180.256	-0.317069	-0.137731	-0.276201	0.188905	-0.178781	
0.00884064	4.99522e+09	1.42895	0.714474	-90.4047	-115.817	-174.911	-180.324	-0.0669428	-0.0644796	0.261178	0.132918	0.198402	
0.00882544	5.01867e+09	1.44315	0.721576	-90.5168	-115.899	-175.071	-180.454	-0.415318	0.0320936	-0.136146	0.0599406	0.393601	
0.00903833	5.0027e+09	1.44022	0.720108	-90.4969	-115.903	-174.92	-180.326	0.431491	0.188239	0.114231	-0.0449756	-0.0464875	
0.00917781	4.99313e+09	1.44232	0.721159	-90.6911	-116.19	-175.031	-180.53	0.305502	-0.087954	-0.144662	0.186688	-0.0422564	
0.0101301	4.9695e+09	1.4824	0.741198	-91.1162	-116.715	-174.986	-180.585	0.0692387	-0.520577	-0.715769	-0.284139	0.0899424	
0.009065	5.0016e+09	1.44894	0.724469	-90.6042	-115.971	-175.013	-180.38	0.132089	0.0110619	0.0309778	-0.216551	0.313579	
0.00844931	5.01719e+09	1.4109	0.70545	-90.1851	-115.602	-174.926	-180.343	0.508896	0.470187	0.623543	0.214443	-0.0773779	
0.00919252	5.03287e+09	1.46021	0.730104	-90.6377	-116.04	-175.04	-180.442	0.210038	0.409267	-0.519532	-0.0378233	-0.117761	
0.00965123	4.97913e+09	1.45811	0.729054	-90.7216	-116.128	-174.819	-180.225	-0.180776	0.0353542	0.117826	-0.504459	-0.213705	
0.00910243	5.0197e+09	1.44899	0.724497	-90.5463	-115.941	-174.968	-180.363	-0.451554	0.37096	-0.0422269	-0.199362	-0.115284	
0.00910663	4.98745e+09	1.43807	0.719037	-90.5088	-115.927	-174.873	-180.291	-0.0957037	-0.120103	0.139017	0.0241852	0.080703	
0.00869689	4.99061e+09	1.42671	0.713355	-90.4183	-115.815	-174.988	-180.385	0.0629755	-0.346524	0.198331	0.270452	0.58147	
0.00871147	5.00639e+09	1.41806	0.709031	-90.4403	-115.927	-175.03	-180.516	0.48336	0.0223657	-0.0600809	0.714532	-0.155207	
0.00858514	5.00635e+09	1.4364	0.718201	-90.5102	-115.841	-175.163	-180.494	0.513268	-0.206338	0.127821	0.0129681	0.91111	
0.00947779	5.00993e+09	1.46981	0.734903	-91.01	-116.465	-175.24	-180.695	-0.628671	0.0145082	-0.452275	-0.340362	0.179138	
0.00853568	5.00353e+09	1.40533	0.702663	-90.1308	-115.601	-174.804	-180.274	-0.452458	0.0716495	0.424601	0.577073	-0.108535	
0.00850989	5.04158e+09	1.43681	0.718406	-90.4112	-115.779	-175.163	-180.531	-0.620799	0.297816	-0.0685147	0.0904701	0.455385	
0.00991949	4.98914e+09	1.47709	0.738543	-90.9386	-116.339	-174.934	-180.335	0.0712563	0.11969	-0.251803	-0.68879	-0.20569	
0.00976598	4.96402e+09	1.44701	0.723506	-90.6146	-116.071	-174.634	-180.091	0.24502	-0.0436531	0.102866	-0.125417	-0.652118	
0.00842997	5.05386e+09	1.42787	0.713933	-90.2806	-115.678	-175.095	-180.492	0.89548	0.876621	0.11207	0.154576	-0.143393	
0.00907449	5.02094e+09	1.45175	0.725876	-90.5733	-115.974	-175.011	-180.411	-0.289363	0.154425	-0.339151	0.0328733	0.093833	
0.00867399	5.01136e+09	1.41664	0.70832	-90.2111	-115.639	-174.828	-180.256	-0.236839	0.452026	0.612158	0.069871	-0.247403	
0.00970721	5.00814e+09	1.4704	0.735198	-90.6818	-116.049	-174.804	-180.172	0.402979	0.362533	-0.404462	-0.37284	-0.425574	
0.0091807	4.98667e+09	1.43526	0.717629	-90.4637	-115.925	-174.791	-180.253	0.0639238	-0.158352	-0.0925349	0.339032	-0.178195	
0.00961469	5.00691e+09	1.47368	0.736839	-90.8278	-116.172	-174.99	-180.334	0.723456	0.361047	-0.213548	-0.671811	-0.0983919	
0.00935946	5.00323e+09	1.45167	0.725833	-90.5933	-116.015	-174.866	-180.288	-0.739144	0.11792	-0.163101	-0.104574	-0.21812	
0.0101744	4.88979e+09	1.43707	0.718534	-90.667	-116.168	-174.378	-179.879	-0.555804	-1.06847	0.608945	-0.15875	-0.330951	
0.00876735	5.02724e+09	1.44222	0.721109	-90.5207	-115.89	-175.119	-180.488	-0.386832	0.301516	0.0416014	-0.123224	0.276664	
0.00870098	5.03509e+09	1.43301	0.716503	-90.3656	-115.78	-175.01	-180.424	-0.463461	0.490158	0.0216869	0.134701	-0.101645	
0.00857767	5.04901e+09	1.44131	0.720657	-90.4466	-115.798	-175.177	-180.529	-0.193493	0.645132	0.067134	-0.187619	0.231627	
0.00955509	4.96956e+09	1.45422	0.727111	-90.7325	-116.167	-174.857	-180.291	-0.52569	-0.46282	-0.137195	-0.103135	0.144952	
0.00932656	4.98005e+09	1.43605	0.718027	-90.1392	-115.397	-174.387	-179.645	-0.143942	0.0361212	0.249836	-0.0157801	-0.393462	
0.00847702	5.01037e+09	1.4166	0.708298	-90.262	-115.726	-174.977	-180.441	-0.194672	-0.347898	-0.240112	0.913336	0.422652	
0.00912544	5.00625e+09	1.46424	0.732122	-90.7998	-116.089	-175.188	-180.476	0.124906	-0.0503484	-0.0486965	-0.62687	0.771493	
0.00919679	5.00831e+09	1.44229	0.721145	-90.6106	-116.107	-174.968	-180.464	0.439538	0.381405	-0.0399243	0.0330895	-0.461447	
0.00921711	5.02025e+09	1.45489	0.727446	-90.6903	-116.16	-175.059	-180.529	0.1686	0.215888	-0.483566	0.108871	-0.127033	
0.00928471	4.9947e+09	1.45103	0.725517	-90.5988	-116.035	-174.891	-180.328	-0.169136	-0.353599	-0.535498	0.337006	0.163336	
0.00919395	4.97953e+09	1.43096	0.715478	-90.355	-115.817	-174.664	-180.125	-0.150384	-0.146181	0.135786	0.242855	-0.241737	
0.00909057	5.0068e+09	1.43297	0.716487	-90.5209	-116.058	-174.926	-180.463	-0.577008	0.158266	-0.112057	0.343763	-0.421522	
0.00936708	4.9626e+09	1.4403	0.720151	-90.5685	-115.99	-174.767	-180.189	0.109356	-0.361114	0.246504	-0.0697299	0.0532974	
0.00941194	4.97889e+09	1.44501	0.722504	-90.5746	-115.994	-174.78	-180.199	-0.383228	-0.0549016	0.203649	-0.218393	-0.172679	
0.0103699	4.96928e+09	1.48234	0.741169	-90.8825	-116.265	-174.651	-180.034	-0.147019	-0.199979	-0.559683	-0.451305	-0.46814	
0.00932785	4.99521e+09	1.44254	0.721269	-90.544	-116.046	-174.817	-180.319	0.0640235	-0.0818283	-0.399835	0.424014	-0.353364	
0.00871885	5.05621e+09	1.44988	0.724938	-90.4998	-115.9	-175.172	-180.572	0.111424	0.452911	-0.635934	0.295687	0.164597	
0.00869852	5.01825e+09	1.43541	0.717705	-90.4339	-115.821	-175.05	-180.438	-0.162311	0.100976	0.0334189	0.108554	0.349926	
0.00830572	5.00125e+09	1.3996	0.699798	-90.0979	-115.558	-174.886	-180.346	-0.327948	-0.246811	0.340082	0.824481	0.336038	
0.00854086	5.0052e+09	1.42627	0.713134	-90.3974	-115.732	-175.071	-180.405	-0.360076	0.027981	0.631679	-0.217307	0.67819	
0.00897433	5.01077e+09	1.45187	0.725935	-90.6145	-115.978	-175.083	-180.446	0.111587	-0.109634	-0.263512	-0.0239105	0.535253	
0.0100513	4.95646e+09	1.47321	0.736603	-90.9242	-116.297	-174.805	-180.178	-0.266715	-0.453449	-0.149818	-0.600009	0.0683782	
0.00880212	5.02169e+09	1.44243	0.721216	-90.5235	-115.894	-175.095	-180.465	0.20573	0.271726	0.0365685	-0.0951705	0.261	
0.0085372	4.98962e+09	1.40922	0.704609	-90.2317	-115.687	-174.88	-180.335	0.120517	-0.365198	0.214732	0.733795	0.318426	
0.00920375	5.02433e+09	1.45638	0.728191	-90.7275	-116.126	-175.109	-180.508	0.110989	0.404916	-0.294307	-0.144867	-0.158888	
0.00955686	5.01347e+09	1.4687	0.734351	-90.779	-116.164	-174.979	-180.363	-0.202787	0.345001	-0.307393	-0.457536	-0.217591	
0.00908939	4.98344e+09	1.43868	0.719342	-90.5212	-115.923	-174.886	-180.288	-0.165678	-0.217955	0.196165	-0.0419659	0.246861	
0.00868226	5.02429e+09	1.43555	0.717776	-90.4265	-115.813	-175.062	-180.448	0.193221	0.283484	0.0620881	0.0658902	0.225629	
0.00924756	4.99622e+09	1.44428	0.722141	-90.7065	-116.242	-175.019	-180.554	-0.305522	0.0452902	-0.0394565	0.0015538	-0.169351	
0.00980664	4.95439e+09	1.45619	0.728096	-90.7391	-116.166	-174.724	-180.151	0.527344	-0.428372	-0.0961672	-0.136286	-0.149758	
0.00898465	5.01124e+09	1.44162	0.720809	-90.4813	-115.881	-174.945	-180.345	-0.161508	0.214272	0.0560767	-0.0629582	0.0173963	
0.00914802	5.00155e+09	1.45978	0.729889	-90.7365	-116.051	-175.105	-180.42	0.46684	0.00195913	0.0184047	-0.528715	0.566609	
0.0088357	5.01567e+09	1.43407	0.717037	-90.4074	-115.836	-174.952	-180.38	-0.38175	0.120021	-0.0713094	0.25985	0.0335479	
0.00888612	5.02833e+09	1.45691	0.728453	-90.6761	-115.973	-175.217	-180.515	0.242532	0.39286	0.0850833	-0.604833	0.528007	
0.00907488	4.9996e+09	1.45245	0.726224	-90.6554	-116.005	-175.056	-180.405	0.242484	-0.0933138	-0.0223093	-0.260553	0.496366	
0.00960747	4.94077e+09	1.44506	0.722531	-90.699	-116.149	-174.749	-180.198	0.259455	-0.668294	0.231355	-0.123824	0.149314	
0.00868463	5.04238e+09	1.43529	0.717647	-90.3393	-115.795	-175.005	-180.46	-0.418516	0.233902	-0.556124	0.637888	-0.00264429	
0.00915629	4.98291e+09	1.45123	0.725613	-90.6762	-115.994	-175.009	-180.326	0.397309	-0.127403	0.380445	-0.602896	0.581756	
0.0082397	5.04517e+09	1.41264	0.70632	-90.1615	-115.616	-175.06	-180.515	0.047385	0.345658	-0.126945	0.805179	0.0725038	
0.00942746	4.96008e+09	1.45106	0.725529	-90.8598	-116.236	-175.026	-180.402	0.209082	-0.390669	0.3728	-0.51321	0.413791	
0.00828221	5.0175e+09	1.4224	0.711202	-90.355	-115.703	-175.183	-180.531	0.509738	-0.0918194	0.232269	0.271142	0.884019	
0.00778097	5.05194e+09	1.40441	0.702207	-90.1112	-115.461	-175.27	-180.62	-0.221688	0.262803	0.342141	0.535323	0.864243	
0.00924716	5.00901e+09	1.45685	0.728423	-90.6579	-116.036	-174.993	-180.371	0.52242	0.216273	-0.166858	-0.241671	0.0265573	
0.00908617	5.02968e+09	1.46167	0.730836	-90.683	-116.041	-175.13	-180.488	-0.154312	0.226097	-0.419359	-0.194277	0.29756	
0.00885635	4.96699e+09	1.41978	0.709888	-90.3676	-115.805	-174.817	-180.254	-0.0901529	-0.590087	0.336254	0.395919	0.41935	
0.00901687	5.03614e+09	1.45777	0.728887	-90.6214	-116.007	-175.113	-180.499	-0.394347	0.232026	-0.54508	0.0304892	0.212556	
0.00957364	4.9811e+09	1.4588	0.729399	-89.1078	-113.346	-173.243	-177.481	-1.14082	0.0485113	0.397162	-0.853268	0.0427106	
0.00978089	4.9559e+09	1.44941	0.724706	-90.5856	-115.993	-174.584	-179.992	0.264975	-0.263139	0.0694267	-0.130428	-0.412026	
0.00913555	5.00776e+09	1.44363	0.721813	-90.5055	-115.937	-174.891	-180.322	0.0718826	0.170129	-0.151998	0.110046	-0.187582	
0.00911486	4.99168e+09	1.42804	0.714019	-90.3683	-115.816	-174.736	-180.184	-0.339616	0.268483	0.458942	-0.0421719	-0.453601	
0.00888127	5.00292e+09	1.43479	0.717394	-90.447	-115.849	-174.947	-180.349	-0.120832	0.0608212	0.198588	0.00909889	0.171503	
0.00919176	4.96635e+09	1.41521	0.707607	-90.278	-115.787	-174.565	-180.074	0.262742	-0.111604	0.368121	0.466438	-0.624436	
0.0090275	4.98736e+09	1.44034	0.720171	-90.5462	-115.918	-174.948	-180.32	0.258273	-0.0982249	0.308956	-0.211224	0.342025	
0.00841234	5.0183e+09	1.40589	0.702945	-90.1462	-115.619	-174.908	-180.381	0.199621	0.243384	0.260393	0.686324	-0.127335	
0.00859514	5.00192e+09	1.41156	0.705781	-90.2066	-115.682	-174.847	-180.322	-0.275212	-0.124203	0.123391	0.711228	0.0302032	
0.00897111	4.96526e+09	1.41727	0.708634	-90.3359	-115.794	-174.726	-180.184	0.339656	-0.327035	0.479028	0.333623	-0.00833414	
0.00988701	4.99251e+09	1.47274	0.736368	-90.8377	-116.245	-174.853	-180.261	-0.405636	0.0485592	-0.418069	-0.397207	-0.314232	
0.00871867	5.03409e+09	1.4394	0.7197	-90.4826	-115.896	-175.117	-180.53	0.0270691	0.258669	-0.298611	0.299587	0.157593	
0.00869058	5.02727e+09	1.43962	0.71981	-90.4638	-115.855	-175.1	-180.492	0.213456	0.126593	-0.231234	0.244372	0.362988	
0.00886639	5.01394e+09	1.42795	0.713974	-90.3358	-115.805	-174.862	-180.331	-0.182929	0.145747	-0.146067	0.504002	-0.244097	
0.00892901	5.02333e+09	1.43938	0.719689	-90.4332	-115.874	-174.945	-180.386	-0.300803	0.211038	-0.294804	0.321594	-0.116083	
0.00884272	5.01679e+09	1.44071	0.720356	-90.4407	-115.81	-174.983	-180.353	0.338191	0.333455	0.196437	-0.190701	0.16711	
0.00919207	4.97173e+09	1.42722	0.713612	-90.4047	-115.869	-174.701	-180.165	-0.25025	-0.207871	0.29375	0.20919	-0.223256	
0.00933832	4.9918e+09	1.44642	0.723211	-90.5496	-115.979	-174.812	-180.241	-0.150402	0.00254236	-0.0880945	0.00790265	-0.212627	
0.00929362	4.98751e+09	1.44919	0.724596	-90.6125	-115.996	-174.888	-180.272	-0.0449806	-0.00254186	0.178734	-0.333759	0.0736632	
0.00947506	5.00312e+09	1.46242	0.731212	-90.8182	-116.263	-175.037	-180.482	-0.360846	0.142761	-0.195616	-0.371567	-0.0700602	
0.0092921	4.97356e+09	1.42136	0.71068	-90.3506	-115.873	-174.603	-180.125	-0.207507	-0.0105551	0.262982	0.372117	-0.729757	
0.00865781	4.99606e+09	1.41223	0.706115	-90.2204	-115.707	-174.819	-180.306	-0.130742	-0.240595	0.0264919	0.803975	0.0212174	
0.00926654	5.00284e+09	1.44248	0.721238	-90.4971	-115.945	-174.812	-180.261	0.206842	0.250618	-0.108059	0.109244	-0.463046	
0.0095946	4.99951e+09	1.47225	0.736124	-90.8317	-116.205	-174.99	-180.364	0.12254	-0.130731	-0.566826	-0.23938	0.185522	
0.00869486	5.04373e+09	1.44591	0.722957	-90.5169	-115.846	-175.179	-180.509	0.0694609	0.728724	0.218909	-0.457368	0.200995	
0.00916375	5.00356e+09	1.44311	0.721554	-90.5145	-115.924	-174.879	-180.289	-0.0532053	0.287691	0.152911	-0.178558	-0.217585	
0.0086965	5.02747e+09	1.43555	0.717776	-90.4152	-115.811	-175.049	-180.445	-0.0576953	0.324503	0.0235905	0.0916942	0.142873	
0.00894376	5.02615e+09	1.45218	0.726092	-90.5856	-115.93	-175.095	-180.439	-0.251451	0.381046	0.0368754	-0.400567	0.256894	
0.00977455	5.01759e+09	1.49512	0.747559	-91.0154	-116.311	-175.124	-180.42	0.388714	0.0275167	-0.878276	-0.64028	0.427946	
0.00884235	5.02057e+09	1.44172	0.720858	-90.4881	-115.872	-175.037	-180.421	0.259504	0.297171	0.0216926	-0.051766	0.144294	
0.00938013	4.94419e+09	1.42219	0.711095	-90.4128	-115.904	-174.573	-180.063	-0.13322	-0.459516	0.505542	0.215761	-0.314693	
0.00898946	5.02108e+09	1.44932	0.724659	-90.5565	-115.946	-175.035	-180.425	-0.266093	0.166849	-0.229522	-0.0154497	0.176991	
0.00897331	4.98554e+09	1.41675	0.708375	-90.3828	-115.952	-174.808	-180.376	0.0447867	-0.0631567	0.167169	0.570845	-0.405796	
0.00878528	5.03983e+09	1.45005	0.725023	-90.5256	-115.902	-175.136	-180.512	-0.166721	0.266515	-0.398771	0.0825384	0.344458	
0.00976697	4.93751e+09	1.45133	0.725666	-90.7348	-116.165	-174.707	-180.137	0.221253	-0.809327	-0.0184526	-0.0368286	0.138721	
0.00868841	5.00306e+09	1.41784	0.708921	-90.2669	-115.71	-174.862	-180.305	0.427995	0.15951	0.326775	0.356892	-0.0885714	
0.00973814	4.97287e+09	1.45618	0.728091	-90.6944	-116.131	-174.742	-180.179	-0.317703	-0.239536	-0.213041	-0.0846184	-0.284746	
0.00928882	5.00492e+09	1.43951	0.719754	-90.5154	-116.038	-174.824	-180.347	-0.497733	0.241184	-0.155602	0.214414	-0.596586	
0.00850631	5.0061e+09	1.41826	0.709132	-90.2894	-115.674	-174.982	-180.366	0.103888	0.116519	0.567419	0.0924243	0.358495	
0.00924486	5.03229e+09	1.47674	0.73837	-90.817	-116.135	-175.193	-180.511	-0.0151799	0.11813	-0.687	-0.36316	0.55627	
0.0094009	4.97524e+09	1.4569	0.728452	-90.7353	-116.108	-174.94	-180.313	-0.282665	-0.508085	-0.142805	-0.195013	0.500116	
0.00884777	5.00755e+09	1.41816	0.709081	-90.6457	-116.196	-175.17	-180.72	-0.277339	-0.0158869	-0.251702	0.869822	-0.390442	
0.00879334	5.0277e+09	1.45604	0.728018	-90.6803	-115.964	-175.266	-180.55	0.628731	0.291846	0.0394555	-0.532404	0.721597	
0.0100764	4.95011e+09	1.46968	0.73484	-90.8953	-116.275	-174.755	-180.134	-0.312456	-0.43153	0.0135126	-0.653974	-0.0334029	
0.00999918	4.94137e+09	1.44456	0.722281	-90.6251	-116.104	-174.502	-179.981	0.218145	-0.273967	0.177531	-0.0777583	-0.790891	
0.00916087	4.97679e+09	1.42545	0.712727	-90.3758	-115.839	-174.695	-180.158	0.106091	-0.00591604	0.383288	0.157735	-0.376591	
0.00940614	4.9582e+09	1.43758	0.718789	-90.5243	-115.929	-174.697	-180.101	0.849746	-0.256594	0.327442	-0.0490959	-0.138454	
0.00968592	4.97049e+09	1.44901	0.724506	-90.6218	-116.087	-174.688	-180.154	-0.245286	-0.273264	-0.228099	0.135966	-0.411565	
0.00888068	5.03244e+09	1.44228	0.72114	-90.4451	-115.885	-174.996	-180.436	-0.115236	0.224269	-0.49668	0.426803	-0.0467239	
0.00917259	4.99652e+09	1.4515	0.72575	-90.6389	-116.003	-174.987	-180.351	0.0128843	-0.0084428	0.0732989	-0.321208	0.280618	
0.00967169	4.97503e+09	1.4669	0.733452	-90.8324	-116.182	-174.913	-180.263	0.154149	-0.180859	0.00411837	-0.632683	0.200648	
0.00968053	4.93474e+09	1.44214	0.721072	-90.633	-116.054	-174.639	-180.06	-0.287853	-0.574438	0.539988	-0.349626	0.00749356	
0.00995165	4.92328e+09	1.4521	0.72605	-90.7617	-116.176	-174.628	-180.042	0.364144	-0.708872	0.36315	-0.410035	0.00186731	
0.010371	4.92692e+09	1.46997	0.734987	-90.9313	-116.332	-174.625	-180.025	-0.212168	-0.610662	0.125756	-0.711873	-0.189781	
0.00903996	4.9953e+09	1.44441	0.722207	-90.6183	-115.98	-175.028	-180.39	-0.4822	-0.051121	0.26269	-0.322613	0.381552	
0.00931856	5.00219e+09	1.4538	0.7269	-90.6729	-116.098	-174.963	-180.388	-0.0142739	-0.0713735	-0.42611	0.128547	-0.0184674	
0.00909175	5.01958e+09	1.45727	0.728633	-90.6381	-116.038	-175.065	-180.465	0.223406	-0.104449	-0.688491	0.254041	0.349566	
0.00840827	4.99637e+09	1.3911	0.695551	-90.0036	-115.494	-174.73	-180.22	0.576142	0.12775	0.630224	0.785273	-0.276044	
0.0101101	4.98469e+09	1.46793	0.733966	-90.3771	-115.611	-174.282	-179.517	-0.376311	0.139345	-0.421317	-0.240992	-0.846565	
0.00888853	4.98133e+09	1.41807	0.709035	-90.3254	-115.81	-174.784	-180.269	-0.0311744	-0.306698	0.127	0.597566	-0.0416292	
0.0102667	4.97158e+09	1.48585	0.742927	-91.0164	-116.365	-174.832	-180.181	-0.136514	-0.0767354	-0.251541	-0.906583	-0.196359	
0.00932261	5.01096e+09	1.46782	0.733909	-92.6738	-118.323	-176.977	-182.626	0.0990639	0.035152	-0.36482	-0.373457	0.36188	
0.00866517	5.00656e+09	1.42818	0.714092	-90.3978	-115.822	-175.011	-180.435	0.285586	-0.188601	-0.110924	0.498522	0.391227	
0.00837626	5.03893e+09	1.42496	0.712478	-90.236	-115.607	-175.052	-180.424	0.155548	0.499538	0.269364	0.104999	0.270183	
0.00867005	5.02406e+09	1.43008	0.71504	-90.3515	-115.757	-174.992	-180.398	0.194766	0.376524	0.149723	0.132453	0.0273826	
0.00880919	5.03416e+09	1.44349	0.721746	-90.4879	-115.898	-175.077	-180.488	0.0707004	0.311791	-0.32214	0.212452	0.0896278	
0.00989016	4.96559e+09	1.46222	0.731108	-90.7702	-116.205	-174.738	-180.173	0.540345	-0.358149	-0.407324	-0.0125945	-0.262838	
0.00811759	5.06563e+09	1.40411	0.702057	-90.0124	-115.495	-175.011	-180.494	0.324856	0.784651	-0.12631	0.954891	-0.369056	
0.00877039	5.04317e+09	1.45817	0.729087	-90.6732	-115.993	-175.297	-180.617	-0.0524509	0.270411	-0.364365	-0.211397	0.649952	
0.00925578	4.97958e+09	1.42086	0.71043	-90.3154	-115.849	-174.595	-180.129	-0.113862	-0.127397	-0.0999453	0.715795	-0.733598	
0.00932521	4.98413e+09	1.45231	0.726153	-90.8531	-116.271	-175.108	-180.526	-0.482257	-0.127163	0.194853	-0.444546	0.255554	
0.00820452	5.05578e+09	1.42844	0.714218	-90.3265	-115.656	-175.262	-180.591	-0.177632	0.601803	0.253355	-0.0458731	0.552804	
0.00968819	4.96868e+09	1.45627	0.728135	-90.692	-116.101	-174.754	-180.163	-0.426699	-0.140415	0.186193	-0.496928	-0.128332	
0.00966224	4.98984e+09	1.47028	0.735141	-90.8314	-116.182	-174.942	-180.293	-0.428597	-0.0287878	-0.125523	-0.645492	0.11832	
0.00808392	5.08582e+09	1.41657	0.708287	-90.124	-115.549	-175.175	-180.6	-0.0873696	1.11883	-0.0372499	0.48872	-0.238243	
0.0092792	4.98613e+09	1.44094	0.720469	-89.8356	-114.949	-174.116	-179.229	-0.0310821	0.0672671	0.214944	-0.128877	-0.218895	
0.00899902	4.98607e+09	1.42742	0.713709	-90.3847	-115.814	-174.798	-180.228	0.367161	0.0570871	0.40728	0.0635108	-0.125242	
0.00915556	5.00766e+09	1.44461	0.722305	-90.5589	-116.018	-174.935	-180.394	0.207656	0.0804612	-0.312711	0.251825	-0.161269	
0.00897076	5.05702e+09	1.46617	0.733087	-90.6651	-116.021	-175.215	-180.571	-0.563428	0.47092	-0.678585	-0.135667	0.270832	
0.00880166	4.96058e+09	1.41116	0.705578	-90.286	-115.732	-174.751	-180.197	-0.175711	-0.566254	0.601158	0.389874	0.337704	
0.00903791	4.98959e+09	1.43222	0.716109	-90.4942	-115.982	-174.895	-180.382	0.680231	-0.238955	-0.225535	0.559267	-0.0330659	
0.00949459	4.94863e+09	1.43047	0.715236	-90.467	-115.948	-174.582	-180.063	0.442928	-0.404512	0.25958	0.228497	-0.378291	
0.0087963	5.00422e+09	1.42382	0.71191	-90.3236	-115.733	-174.867	-180.277	0.281594	0.403018	0.603675	-0.0882566	-0.1625	
0.00903779	4.99076e+09	1.42904	0.714521	-90.39	-115.838	-174.793	-180.241	-0.12892	0.0168801	0.211065	0.189544	-0.19036	
0.00920519	5.01376e+09	1.46388	0.731941	-90.7471	-116.087	-175.11	-180.449	0.519324	0.138971	-0.254725	-0.377912	0.36066	
0.00855732	5.05759e+09	1.44005	0.720024	-90.4277	-115.803	-175.183	-180.559	-0.150528	0.766476	-0.0568149	-0.0434822	0.0482595	
0.0091344	4.9865e+09	1.42849	0.714244	-90.3832	-115.864	-174.732	-180.213	0.0224828	-0.0901933	-0.00720869	0.42929	-0.346537	
0.00874647	5.01011e+09	1.42918	0.714591	-90.4212	-115.853	-175	-180.432	-0.074008	-0.00675796	-0.0356612	0.379029	0.152877	
0.00868234	5.05033e+09	1.44333	0.721667	-90.4404	-115.821	-175.12	-180.501	-0.662977	0.600048	-0.125941	-0.0510228	0.0834871	
0.00860524	5.03411e+09	1.434	0.717	-90.3846	-115.788	-175.075	-180.479	-0.11802	0.289011	-0.119767	0.259948	0.206826	
0.00918729	5.01171e+09	1.45553	0.727767	-90.6339	-116.025	-175.002	-180.393	-0.162303	0.0317539	-0.337363	-0.047044	0.169288	
0.00974044	4.99142e+09	1.47163	0.735813	-90.8448	-116.238	-174.923	-180.316	0.362202	-0.0508274	-0.448055	-0.316543	-0.0604675	
0.00920726	4.99663e+09	1.44027	0.720133	-90.4874	-115.932	-174.82	-180.265	0.27242	0.0769926	-0.095289	0.179823	-0.27887	
0.00831897	5.04774e+09	1.42156	0.710782	-90.2346	-115.645	-175.096	-180.506	0.0401921	0.529388	0.0497762	0.389066	0.118542	
0.00955056	4.96772e+09	1.4453	0.722648	-90.5924	-116.057	-174.715	-180.18	0.213005	-0.407054	-0.255707	0.28636	-0.224891	
0.0083814	5.03804e+09	1.4133	0.706649	-90.154	-115.586	-174.966	-180.398	-0.73391	0.549419	0.343831	0.336579	-0.115179	
0.00863459	4.96852e+09	1.41203	0.706015	-90.3074	-115.74	-174.87	-180.302	0.171853	-0.688352	0.367899	0.576074	0.62869	
0.00877182	4.98661e+09	1.41304	0.706519	-90.2414	-115.685	-174.767	-180.211	0.0612307	0.073767	0.656603	0.205208	-0.132389	
0.00928127	4.9945e+09	1.43761	0.718805	-90.4503	-115.875	-174.744	-180.169	-0.0758729	0.440337	0.442866	-0.298316	-0.561903	
0.00909697	4.99488e+09	1.44296	0.721479	-90.5361	-115.93	-174.918	-180.312	0.238492	0.0226598	0.125011	-0.115559	0.113252	
0.0094153	5.00083e+09	1.47136	0.735679	-90.8384	-116.166	-175.081	-180.409	0.443385	-0.111421	-0.364538	-0.447202	0.495114	
0.00915913	4.98987e+09	1.43798	0.71899	-90.4389	-115.851	-174.782	-180.194	0.0628013	0.0270661	0.153015	0.00810415	-0.128947	
0.00965931	4.9818e+09	1.44408	0.722039	-90.5499	-116.044	-174.648	-180.142	-0.34405	-0.0544577	-0.310353	0.307862	-0.752638	
0.00921126	4.97014e+09	1.43478	0.71739	-90.5732	-116.047	-174.857	-180.332	0.350367	-0.337045	0.128469	0.186318	0.0269804	
0.0089317	5.05294e+09	1.45344	0.726721	-90.5269	-115.932	-175.088	-180.494	-0.29349	0.632719	-0.488978	0.0501622	-0.150759	
0.00979053	4.93677e+09	1.44383	0.721916	-90.4648	-115.907	-174.426	-179.868	0.169123	-0.492783	0.341633	-0.194116	-0.261538	
0.00974569	4.94161e+09	1.44996	0.724978	-90.6983	-116.127	-174.688	-180.116	0.335978	-0.627781	0.098202	-0.127312	0.00835377	
0.00933745	4.97595e+09	1.43553	0.717763	-90.4651	-115.923	-174.7	-180.158	0.105826	-0.116586	0.0893396	0.175886	-0.355038	
0.00856119	5.09209e+09	1.46765	0.733827	-90.6299	-115.92	-175.443	-180.733	-0.365182	0.846468	-0.659305	-0.331384	0.610702	
0.00906873	5.02146e+09	1.44562	0.722809	-90.5006	-115.926	-174.942	-180.367	-0.377528	0.284854	-0.240614	0.0990737	-0.173735	
0.00938306	4.991e+09	1.44027	0.720133	-90.4853	-115.945	-174.726	-180.186	-0.0030111	0.19984	0.0455618	0.0390219	-0.585082	
0.0092569	4.98784e+09	1.43768	0.718839	-90.471	-115.908	-174.765	-180.202	-0.590065	0.0466408	0.206916	-0.0469295	-0.273543	
0.00870821	5.02943e+09	1.43418	0.71709	-90.402	-115.829	-175.033	-180.46	-0.259711	0.226525	-0.199244	0.348543	0.0799357	
0.00887569	4.98707e+09	1.42369	0.711845	-90.3582	-115.787	-174.833	-180.262	0.194153	-0.0426305	0.408596	0.160534	0.0344675	
0.0090398	4.99272e+09	1.44483	0.722416	-90.5792	-115.955	-174.984	-180.36	0.690483	-0.108277	0.0602363	-0.0911409	0.357535	
0.00849519	5.00153e+09	1.41302	0.70651	-90.24	-115.667	-174.93	-180.357	-0.139485	-0.10922	0.356396	0.455365	0.322864	
0.00951237	4.97881e+09	1.45195	0.725977	-90.6447	-116.052	-174.804	-180.212	-0.00637271	-0.054856	0.0807644	-0.28294	-0.150575	
0.00918204	5.00721e+09	1.44853	0.724264	-89.5772	-114.775	-173.94	-179.138	-0.247628	-0.0490157	-0.394409	0.222027	0.00248884	
0.00936244	5.00001e+09	1.45572	0.727862	-90.7815	-116.254	-175.047	-180.519	-0.438186	0.0951404	-0.0752616	-0.299416	-0.0319218	
0.00975451	4.97158e+09	1.45903	0.729517	-90.7419	-116.138	-174.78	-180.176	-0.322764	-0.100729	0.0583495	-0.447966	-0.232299	
0.00971279	4.97449e+09	1.45538	0.727688	-90.8428	-116.316	-174.904	-180.378	-0.253415	-0.160672	-0.141392	-0.140964	-0.319382	
0.0093221	4.96477e+09	1.43953	0.719764	-90.559	-115.941	-174.782	-180.164	0.0862121	-0.0786646	0.696515	-0.519338	0.0504933	
0.00953511	5.00297e+09	1.46691	0.733457	-90.8025	-116.231	-174.994	-180.422	0.217477	-0.0866898	-0.637892	-0.0152946	0.0238284	
0.00873175	5.03023e+09	1.4413	0.720652	-90.4624	-115.835	-175.083	-180.456	0.163645	0.394014	0.0193031	-0.0710099	0.204224	
0.00799253	5.0688e+09	1.4192	0.709601	-90.1506	-115.485	-175.222	-180.556	0.0739069	0.822197	0.336423	0.0959623	0.444496	
0.00911593	4.99988e+09	1.4403	0.720149	-90.4636	-115.892	-174.845	-180.273	-0.44695	-0.0244438	-0.092285	0.154554	-0.0610674	
0.00819118	5.05542e+09	1.43014	0.715068	-90.3475	-115.691	-175.289	-180.632	0.398588	0.460426	-0.0165056	0.191797	0.630921	
0.00910959	4.9894e+09	1.43783	0.718914	-90.4958	-115.883	-174.862	-180.249	0.0388076	0.180209	0.517904	-0.359663	-0.0258589	
0.00998759	4.98841e+09	1.47656	0.738279	-90.823	-116.204	-174.788	-180.169	0.167595	0.0256161	-0.487287	-0.409216	-0.328867	
0.00905233	5.04901e+09	1.46449	0.732244	-90.6487	-115.992	-175.145	-180.489	-0.0941052	0.700019	-0.308504	-0.446427	0.0402971	
0.00852702	5.01759e+09	1.39608	0.698041	-90.0026	-115.535	-174.705	-180.237	-0.166893	0.356473	0.18169	0.974254	-0.709242	
0.00914103	5.005e+09	1.45121	0.725607	-90.6142	-116.007	-174.992	-180.385	-0.089666	-0.0318278	-0.205644	-0.0424718	0.211984	
0.00932021	5.02203e+09	1.46697	0.733483	-90.7194	-116.082	-175.043	-180.406	-0.188925	0.327774	-0.287984	-0.461938	0.0896241	
0.00866014	5.01979e+09	1.43783	0.718917	-90.4878	-115.853	-175.126	-180.492	0.0797636	0.0922292	0.0322814	0.0369815	0.495961	
0.00853141	5.01983e+09	1.42328	0.711639	-90.3004	-115.745	-175.004	-180.449	-0.117761	-0.0983304	-0.218793	0.690901	0.314934	
0.00849528	5.00991e+09	1.41807	0.709036	-90.2787	-115.691	-174.984	-180.395	0.367154	0.0586709	0.29192	0.365499	0.295645	
0.00812701	5.03959e+09	1.40419	0.702095	-90.071	-115.47	-175.02	-180.419	0.0382895	0.632973	0.645498	0.299786	0.0835347	
0.00948511	5.01267e+09	1.45765	0.728824	-90.6143	-116.025	-174.845	-180.256	0.388886	0.517433	-0.197511	-0.244994	-0.580466	
0.00874025	5.01716e+09	1.42958	0.71479	-90.3204	-115.708	-174.914	-180.302	-0.316244	0.439188	0.473553	-0.16973	-0.000949163	
0.00859541	4.99786e+09	1.41681	0.708407	-90.2776	-115.718	-174.911	-180.351	0.230236	-0.18942	0.168015	0.554577	0.27332	
0.00871192	4.994e+09	1.43149	0.715744	-90.4896	-115.878	-175.057	-180.446	0.600902	-0.329815	0.0534181	0.281302	0.632728	
0.00908198	4.95423e+09	1.42505	0.712527	-90.4361	-115.871	-174.754	-180.188	0.685622	-0.557423	0.409361	0.230451	0.260893	
0.00933652	5.02439e+09	1.46127	0.730636	-90.6359	-116.032	-174.956	-180.352	0.05094	0.418848	-0.399213	-0.173296	-0.250513	
0.00932803	4.98313e+09	1.44172	0.720862	-90.5358	-115.972	-174.788	-180.225	0.0379481	-0.0485092	0.0645815	0.0110792	-0.224602	
0.00957702	4.96081e+09	1.44118	0.720588	-90.5561	-116.018	-174.655	-180.117	-0.549817	-0.360591	0.0828282	0.0586974	-0.300436	
0.00932682	4.97294e+09	1.42683	0.713414	-90.4013	-115.926	-174.636	-180.161	-0.230632	-0.218134	-0.0118882	0.501939	-0.548569	
0.00994593	4.93289e+09	1.44895	0.724476	-90.6937	-116.185	-174.579	-180.071	-0.0547544	-0.996328	-0.391268	0.41597	-0.154309	
0.00905939	4.98074e+09	1.42743	0.713713	-90.3985	-115.853	-174.773	-180.228	-0.177385	-0.191829	0.203482	0.271428	-0.0831075	
0.0102388	4.95972e+09	1.4755	0.73775	-90.915	-116.339	-174.722	-180.145	-0.33366	-0.549279	-0.628858	-0.155694	-0.223632	
0.00928964	4.98195e+09	1.44361	0.721803	-90.8642	-116.45	-175.132	-180.718	-0.0689061	-0.0457047	0.2313	-0.209982	-0.0348442	
0.00879172	5.02212e+09	1.44144	0.720722	-90.5047	-115.878	-175.082	-180.455	0.524277	0.340983	0.075056	-0.10019	0.202618	
0.00998175	4.97006e+09	1.46541	0.732705	-90.7946	-116.19	-174.73	-180.125	-0.465271	0.0534254	0.123733	-0.703479	-0.449896	
0.00907723	4.98248e+09	1.43386	0.716932	-90.3986	-115.797	-174.768	-180.167	0.268175	-0.0278587	0.394647	-0.0943473	0.0327705	
0.00866488	4.95916e+09	1.39914	0.699569	-90.1621	-115.623	-174.693	-180.153	0.372989	-0.431249	0.839766	0.497325	0.16951	
0.009429	4.97414e+09	1.43086	0.715432	-90.4144	-115.908	-174.604	-180.098	-0.321524	-0.0715363	0.0821355	0.293564	-0.664754	
0.00876712	4.99038e+09	1.42388	0.711938	-90.3704	-115.782	-174.905	-180.316	-0.258743	-0.166261	0.376765	0.169015	0.301815	
0.00921217	5.01532e+09	1.4488	0.724398	-90.5714	-116.001	-174.934	-180.364	0.112074	0.472972	-0.019961	-0.194129	-0.363416	
0.00962669	4.96788e+09	1.44557	0.722787	-90.5882	-116.036	-174.677	-180.125	0.11922	-0.106883	0.0832454	-0.0742815	-0.46044	
0.00863551	5.04171e+09	1.44311	0.721554	-90.472	-115.858	-175.161	-180.547	-0.328058	0.202181	-0.384698	0.25107	0.41862	
0.00918853	4.98728e+09	1.44175	0.720876	-90.5403	-115.945	-174.865	-180.269	0.00229749	-0.0163105	0.211464	-0.150595	0.0152822	
0.00826725	5.05086e+09	1.42623	0.713113	-90.2912	-115.666	-175.185	-180.56	0.167687	0.501755	0.0448232	0.25649	0.370925	
0.00954436	4.95166e+09	1.43189	0.715946	-90.4731	-115.976	-174.571	-180.073	0.0985026	-0.511474	-0.0212308	0.446271	-0.431845	
0.0086191	5.00988e+09	1.42095	0.710473	-90.3162	-115.73	-174.958	-180.372	-0.126896	0.184061	0.393219	0.17822	0.116505	
0.00878289	5.02483e+09	1.44747	0.723736	-90.5696	-115.929	-175.156	-180.515	-0.00991961	0.0769032	-0.21375	0.00311381	0.523601	
0.0095484	4.96035e+09	1.43803	0.719014	-90.5314	-116.019	-174.642	-180.13	0.196636	-0.427457	-0.128956	0.370767	-0.371459	
0.00860967	5.03286e+09	1.41916	0.709578	-90.2444	-115.666	-174.931	-180.352	-0.0681884	0.639873	0.227393	0.314792	-0.416362	
0.00876143	4.98408e+09	1.42171	0.710853	-90.3542	-115.797	-174.88	-180.323	0.367379	-0.408047	0.090792	0.541648	0.34012	
0.00870589	5.03352e+09	1.44178	0.720892	-90.4681	-115.844	-175.107	-180.484	0.116666	0.363145	-0.0855147	0.0133154	0.240665	
0.0095137	4.9916e+09	1.45404	0.727018	-90.6831	-116.133	-174.864	-180.315	-0.148637	0.144267	-0.0290445	-0.2687	-0.327173	
0.00894598	4.97574e+09	1.42112	0.710561	-90.3141	-115.788	-174.735	-180.209	0.169987	-0.484838	-0.0311484	0.691506	0.0630707	
0.00924246	5.00737e+09	1.44327	0.721637	-90.5125	-115.952	-174.847	-180.287	-0.30295	0.308546	-0.047433	0.00261906	-0.440644	
0.00930282	4.99455e+09	1.44536	0.72268	-90.3192	-115.632	-174.603	-179.916	-0.259161	0.165358	0.127182	-0.193971	-0.247983	
0.00934535	5.01081e+09	1.45321	0.726604	-90.6089	-116.044	-174.901	-180.336	-0.464685	0.158618	-0.363954	0.0457483	-0.264212	
0.00976963	4.97532e+09	1.46448	0.732239	-90.7635	-116.182	-174.801	-180.219	0.255185	-0.329602	-0.440287	-0.0742356	-0.0693631	
0.00900424	5.01438e+09	1.44384	0.721922	-90.519	-115.922	-174.979	-180.382	-0.299198	0.204404	-0.0482731	-0.0294662	0.0189789	
0.00890971	5.00456e+09	1.42554	0.712772	-90.3306	-115.781	-174.819	-180.27	-0.363079	0.22654	0.240566	0.209591	-0.289847	
0.00892455	4.9915e+09	1.43443	0.717216	-90.4721	-115.885	-174.931	-180.344	0.171054	-0.21097	0.0632414	0.194549	0.288619	
0.00942041	5.02025e+09	1.45606	0.728029	-90.5741	-116.012	-174.848	-180.286	-0.411775	0.390589	-0.433219	0.00941783	-0.523545	
0.0101864	4.95291e+09	1.48462	0.742311	-91.0911	-116.419	-174.908	-180.236	0.389086	-0.373167	-0.0108434	-1.09294	0.276896	
0.00901419	4.97655e+09	1.43279	0.716396	-90.4831	-115.87	-174.872	-180.259	0.0485658	-0.189326	0.511488	-0.171854	0.300678	
0.00864864	5.04705e+09	1.44024	0.720121	-90.4253	-115.826	-175.117	-180.517	-0.470991	0.447179	-0.258939	0.186876	0.127181	
0.00987343	4.94624e+09	1.45319	0.726597	-90.6721	-116.093	-174.613	-180.034	0.508936	-0.408768	0.0810681	-0.214515	-0.272102	
0.0086137	5.00038e+09	1.4252	0.712598	-90.3758	-115.748	-175.004	-180.376	0.327223	-0.0134197	0.450765	0.034016	0.481511	
0.00842478	5.03502e+09	1.42435	0.712177	-90.3128	-115.691	-175.097	-180.475	0.0927939	0.513164	0.348563	0.0540717	0.199504	
0.0093781	4.98594e+09	1.46217	0.731085	-90.7796	-116.113	-175.013	-180.346	0.0695511	-0.198412	0.000833354	-0.534199	0.481422	
0.00925883	4.97017e+09	1.42533	0.712665	-90.3616	-115.856	-174.623	-180.117	0.0367383	-0.259409	0.0690251	0.480893	-0.424101	
0.00886251	5.01603e+09	1.42869	0.714345	-90.3365	-115.792	-174.868	-180.324	-0.0535241	0.361673	0.0988497	0.236507	-0.313249	
0.0089044	5.00153e+09	1.43265	0.716323	-90.3998	-115.823	-174.886	-180.309	0.382306	0.0710223	0.0935744	0.188699	0.0138375	
0.00927182	5.0058e+09	1.46478	0.73239	-90.7656	-116.095	-175.083	-180.412	0.00689712	0.0124551	-0.164348	-0.493489	0.448989	
0.0082833	5.08071e+09	1.43848	0.719239	-90.3487	-115.721	-175.285	-180.658	-0.492732	0.757576	-0.360253	0.232178	0.311254	
0.00981008	4.97815e+09	1.46945	0.734723	-90.7461	-116.137	-174.771	-180.162	-0.36439	-0.503625	-0.661222	-0.00211606	0.102043	
0.00885909	4.9713e+09	1.40672	0.703359	-90.1869	-115.649	-174.642	-180.105	-0.144645	0.00848964	0.922509	0.155506	-0.268689	
0.00911069	4.99207e+09	1.43231	0.716153	-90.425	-115.861	-174.795	-180.231	0.082262	0.180731	0.309062	0.000384441	-0.299121	
0.0089191	4.99576e+09	1.42003	0.710013	-90.2547	-115.733	-174.723	-180.201	-0.291372	0.0342911	0.143443	0.476181	-0.337287	
0.0093124	4.97008e+09	1.44399	0.721996	-90.5874	-115.98	-174.824	-180.216	0.27112	-0.231595	0.299816	-0.251169	0.159449	
0.00887074	5.00922e+09	1.44298	0.721492	-90.5306	-115.898	-175.046	-180.414	-0.286127	-0.00199563	0.052209	-0.102548	0.437824	
0.00962901	4.96516e+09	1.46215	0.731077	-90.5224	-115.727	-174.605	-179.81	-0.280007	-0.44561	0.0259267	-0.497677	0.362246	
0.00955491	4.99535e+09	1.44357	0.721787	-90.4867	-115.981	-174.656	-180.15	0.114929	0.157142	-0.392965	0.372383	-0.844884	
0.00985021	4.95065e+09	1.45592	0.727958	-90.7434	-116.153	-174.702	-180.112	-0.088116	-0.35772	0.190342	-0.430529	-0.155903	
0.00944139	4.97112e+09	1.44407	0.722034	-90.6581	-116.173	-174.837	-180.352	0.199852	-0.176776	0.125216	-0.0773773	-0.16482	
0.0091165	5.03655e+09	1.45872	0.729362	-90.6235	-115.982	-175.068	-180.427	0.115002	0.732318	-0.0593667	-0.500923	-0.162691	
0.0100131	4.95976e+09	1.46631	0.733157	-90.8273	-116.258	-174.731	-180.162	-0.605515	-0.576215	-0.448548	-0.0902594	-0.122717	
0.00948265	4.95816e+09	1.44391	0.721955	-90.6125	-116.027	-174.75	-180.164	-0.235781	-0.386425	0.301011	-0.222437	0.0506507	
0.00986007	4.9657e+09	1.46863	0.734316	-90.856	-116.233	-174.837	-180.214	0.128434	-0.334746	-0.156574	-0.475761	0.0659811	
0.00971485	4.97887e+09	1.45905	0.729524	-90.7297	-116.141	-174.798	-180.21	-0.0612253	-0.0169862	-0.0647967	-0.334367	-0.311348	
0.00975892	4.95729e+09	1.44522	0.722609	-90.6084	-116.084	-174.619	-180.095	-0.00332929	-0.35262	-0.0946862	0.141586	-0.498326	
0.00946542	4.98344e+09	1.44789	0.723945	-90.6273	-116.112	-174.817	-180.301	-0.0484514	-0.117463	-0.161623	0.068613	-0.257781	
0.00963008	4.9873e+09	1.46853	0.734267	-90.8402	-116.24	-174.961	-180.361	0.183126	-0.34721	-0.581526	-0.0801475	0.216949	
0.00917394	5.00777e+09	1.45157	0.725785	-90.7455	-116.232	-175.113	-180.599	-0.167769	-0.302625	-0.725873	0.478541	0.216957	
0.00949912	4.9654e+09	1.44682	0.723409	-90.6183	-116.031	-174.761	-180.173	-0.0141681	-0.251392	0.214855	-0.23494	-0.0466741	
0.00910896	4.9672e+09	1.42186	0.710928	-90.4913	-116.002	-174.819	-180.33	-0.279398	-0.133322	0.650284	0.0174376	-0.176356	
0.00945008	4.99318e+09	1.45695	0.728477	-90.6721	-116.094	-174.885	-180.308	0.497112	-0.122365	-0.427307	0.0777103	-0.0508037	
0.00913245	5.02495e+09	1.45532	0.727659	-90.6032	-115.987	-175.02	-180.404	0.379569	0.42903	-0.225104	-0.185062	-0.0803283	
0.00961924	5.02494e+09	1.46819	0.734096	-90.6507	-116.045	-174.842	-180.236	-0.452324	0.298409	-0.82592	0.0709847	-0.491369	
0.00969598	4.99167e+09	1.45651	0.728254	-90.7028	-116.18	-174.802	-180.28	0.00015283	-0.117067	-0.658123	0.316232	-0.500204	
0.0097712	4.96983e+09	1.46256	0.731282	-90.7766	-116.19	-174.804	-180.218	0.416859	-0.340219	-0.32271	-0.125129	-0.0720926	
0.00925721	4.99194e+09	1.44451	0.722257	-90.6628	-116.13	-174.963	-180.431	-0.194791	-0.260414	-0.365091	0.346759	-0.0231782	
0.00885314	5.00876e+09	1.43	0.714999	-90.3846	-115.781	-174.908	-180.305	-0.165193	0.428912	0.551014	-0.231769	-0.109088	
0.00915741	4.98238e+09	1.43587	0.717934	-90.4931	-115.913	-174.824	-180.244	-0.36275	-0.0490817	0.368128	-0.136739	-0.0205319	
0.00954912	5.00537e+09	1.46571	0.732855	-90.7358	-116.142	-174.925	-180.332	0.181228	0.0478827	-0.558936	-0.0707949	-0.128103	
0.00906575	5.00059e+09	1.44191	0.720955	-90.5165	-115.93	-174.923	-180.336	0.176908	0.0263335	-0.0363401	0.0624788	0.0437935	
0.0092299	4.98707e+09	1.43431	0.717155	-90.431	-115.898	-174.736	-180.203	-0.0479758	-0.145971	-0.165444	0.429364	-0.316871	
0.00875788	5.04507e+09	1.4565	0.728251	-90.6277	-115.945	-175.261	-180.579	0.0135116	0.426862	-0.219169	-0.318652	0.529661	
0.00980017	4.99763e+09	1.4695	0.73475	-90.7676	-116.161	-174.831	-180.224	0.325654	0.265592	-0.321097	-0.408954	-0.452175	
0.00961145	4.99247e+09	1.46881	0.734406	-90.8068	-116.183	-174.945	-180.322	-0.105949	-0.155336	-0.403804	-0.298839	0.140619	
0.00855687	5.0132e+09	1.42427	0.712134	-90.3555	-115.74	-175.035	-180.419	0.071349	0.174655	0.392309	0.0774869	0.329291	
0.0090515	5.03497e+09	1.45487	0.727437	-90.342	-115.725	-174.815	-180.198	-0.453457	0.32415	-0.465119	0.033972	0.0132417	
0.00899365	5.04119e+09	1.45031	0.725155	-90.4215	-115.788	-174.933	-180.299	0.574356	0.926099	0.0626517	-0.389516	-0.369447	
0.00868923	5.03402e+09	1.43847	0.719234	-90.4332	-115.811	-175.082	-180.459	0.111564	0.493685	0.0777265	-0.0616598	0.116103	
0.0084331	5.08413e+09	1.45027	0.725135	-90.4708	-115.831	-175.335	-180.695	-0.0570473	0.790536	-0.584691	0.137009	0.323956	
0.00955844	5.00473e+09	1.4645	0.732251	-90.7358	-116.114	-174.92	-180.298	-0.0201054	0.342065	-0.109779	-0.520007	-0.267385	
0.00929854	4.99958e+09	1.45994	0.729972	-90.7106	-116.074	-175.005	-180.368	-0.186798	-0.0971748	-0.205173	-0.28469	0.330273	
0.00855069	5.03245e+09	1.43037	0.715185	-90.3468	-115.753	-175.062	-180.469	0.0397173	0.282284	-0.0589156	0.305006	0.210549	
0.00852332	5.0265e+09	1.43341	0.716705	-90.434	-115.818	-175.153	-180.537	-0.0142117	-0.0109191	-0.172958	0.348931	0.576121	
0.00884263	4.99972e+09	1.43833	0.719166	-90.5196	-115.889	-175.033	-180.402	0.272246	-0.0674711	0.184173	-0.0658953	0.464525	
0.00901933	5.00145e+09	1.43431	0.717157	-90.429	-115.875	-174.859	-180.305	-0.139978	0.0401638	-0.0337283	0.2594	-0.137152	
0.00933415	4.97845e+09	1.44393	0.721967	-90.5676	-115.999	-174.809	-180.24	0.210483	-0.224803	-0.0410483	0.0763819	-0.0486531	
0.00899457	4.99747e+09	1.43008	0.715038	-90.391	-115.854	-174.826	-180.29	0.0550462	-0.0454181	-0.074882	0.429701	-0.163711	
0.00977679	4.95572e+09	1.45605	0.728026	-90.7438	-116.154	-174.744	-180.154	0.0965876	-0.349535	0.0986348	-0.348826	-0.10283	
0.00937785	5.02132e+09	1.46826	0.73413	-90.7451	-116.1	-175.04	-180.396	-0.54398	0.305954	-0.305399	-0.484038	0.0583182	
0.00875495	5.0315e+09	1.44454	0.722268	-90.5024	-115.862	-175.114	-180.473	0.0199651	0.390608	0.00916811	-0.161473	0.272787	
0.00904641	4.96256e+09	1.4235	0.711749	-90.4156	-115.862	-174.765	-180.211	0.321265	-0.400479	0.437721	0.212308	0.125699	
0.00918047	4.9915e+09	1.45055	0.725275	-90.64	-116.01	-174.976	-180.345	-0.139207	-0.1493	0.0387738	-0.246679	0.353387	
0.00883416	5.00305e+09	1.42546	0.712728	-90.3468	-115.803	-174.87	-180.327	-0.69087	-0.0559172	0.0355132	0.416069	-0.0239363	
0.00933097	4.97631e+09	1.44654	0.72327	-90.2951	-115.583	-174.534	-179.822	-0.275518	-0.0828453	0.413459	-0.473862	0.126844	
0.0096799	4.97028e+09	1.45079	0.725396	-90.644	-116.097	-174.713	-180.166	0.49248	-0.203243	-0.20263	0.0764335	-0.395611	
0.0098571	4.95761e+09	1.45271	0.726353	-90.6881	-116.146	-174.656	-180.114	-0.454557	-0.41519	-0.154337	-0.0101038	-0.371252	
0.00953618	4.96921e+09	1.44599	0.722995	-90.6048	-116.055	-174.737	-180.187	0.0909034	-0.303324	-0.099733	0.102234	-0.21814	
0.009998	4.96017e+09	1.46494	0.732472	-90.8135	-116.222	-174.724	-180.132	-0.0277053	-0.286093	-0.144577	-0.365634	-0.288335	
0.0103109	4.9435e+09	1.46281	0.731403	-90.8121	-116.254	-174.56	-180.002	0.123922	-0.232106	-0.00127977	-0.415009	-0.756026	
0.010364	4.94208e+09	1.46979	0.734894	-90.8873	-116.33	-174.61	-180.053	0.410968	-0.569767	-0.443862	-0.129276	-0.461496	
0.00898411	5.01e+09	1.43914	0.719572	-90.4183	-115.84	-174.88	-180.302	0.507106	0.211254	-0.0595469	0.141442	-0.100078	
0.00944931	4.96309e+09	1.44876	0.724381	-90.6637	-116.065	-174.825	-180.226	-0.132411	-0.473299	0.100823	-0.169961	0.240603	
0.00981677	4.97744e+09	1.47786	0.738931	-90.9438	-116.26	-174.964	-180.281	-0.0680245	-0.203799	-0.107472	-0.861629	0.342349	
0.00899863	5.01278e+09	1.44361	0.721805	-90.5059	-115.936	-174.966	-180.396	0.0618428	-0.0374169	-0.396049	0.34824	0.108954	
0.00916679	4.98581e+09	1.4396	0.719802	-90.6491	-116.142	-174.982	-180.475	0.662974	-0.0970254	0.016551	0.124589	-0.0314257	
0.00863316	5.01278e+09	1.42137	0.710683	-90.2821	-115.751	-174.922	-180.391	0.090844	-0.102387	-0.222062	0.767082	0.102881	
0.00977294	4.98377e+09	1.47297	0.736485	-90.875	-116.205	-174.926	-180.256	0.0487062	0.110348	0.094617	-0.939288	0.031057	
0.00954952	5.00658e+09	1.46716	0.733582	-90.7298	-116.134	-174.921	-180.325	0.0865197	-0.019683	-0.661929	-0.00891739	-0.0628247	
0.00934322	5.00746e+09	1.45638	0.728192	-90.2532	-115.499	-174.541	-179.787	-0.289202	0.081291	-0.338876	-0.0562011	-0.0796968	
0.0087306	5.01703e+09	1.4313	0.715651	-90.386	-115.81	-174.984	-180.408	0.535482	0.168235	-0.0639128	0.340495	0.0751608	
0.0084521	5.00879e+09	1.41113	0.705565	-90.2141	-115.618	-174.939	-180.343	-0.280339	0.226303	0.702176	0.14288	0.181029	
