gen,idx,total_index,WN,LN,WP,LP,MC,CF,RL,FREQ,AMPRF,TEMP,Area,VOUTMAX,POUT_AVG,PIN_AVG,PCE,PIDBM,DELTAVO,FOM1,FOM2,FOM3,cost
-1,0,0,1.94E-05,2.35E-07,9.83E-06,9.26E-07,5,5,330674,9.20E+08,0.5,27,1.53E-09,0.668233,1.33E-06,9.21E-06,14.4174,-20.3556,0.00767464,137.43,2797.47,4186.37,49819
-1,1,1,9.11E-07,6.00E-07,4.44E-06,9.51E-07,4,3,398626,9.20E+08,0.5,27,1.01E-09,0.718148,1.27E-06,2.11E-06,59.9677,-26.7528,0.00490793,614.324,16434.9,22885.1,6266.16
-1,2,2,6.12E-06,3.99E-07,7.46E-06,2.85E-07,8,4,403235,9.20E+08,0.5,27,1.61E-09,0.756667,1.40E-06,6.89E-06,20.3755,-21.615,0.0052523,219.928,4753.74,6282.47,41763.2
-1,3,3,1.83E-05,5.99E-07,1.54E-05,5.54E-07,6,2,310154,9.20E+08,0.5,27,1.04E-09,0.513656,8.36E-07,1.35E-06,61.7806,-28.6864,0.00190431,452.68,12985.8,25281.1,5391.39
-1,4,4,1.93E-06,5.89E-07,4.78E-06,2.14E-07,7,4,475983,9.20E+08,0.5,27,1.50E-09,0.79744,1.32E-06,4.62E-06,28.4522,-23.3498,0.00625299,323.653,7557.25,9476.88,31976.6
-1,5,5,1.84E-05,6.97E-07,1.23E-05,9.49E-07,3,4,440051,9.20E+08,0.5,27,1.15E-09,0.607898,8.27E-07,1.99E-06,41.6107,-27.0162,0.00707182,360.83,9748.27,16036,18826.3
-1,6,6,7.26E-06,3.33E-07,1.36E-05,7.01E-07,6,1,383999,9.20E+08,0.5,27,8.24E-10,0.462072,5.35E-07,7.67E-07,69.7745,-31.1531,0.00138011,459.91,14327.6,31007.3,2318.17
-1,7,7,3.56E-06,8.07E-07,1.15E-05,2.39E-07,4,2,268885,9.20E+08,0.5,27,8.11E-10,0.66377,1.61E-06,3.05E-06,52.765,-25.1544,0.00833705,499.608,12567.3,18933.3,10391
-1,8,8,1.51E-05,6.94E-07,3.25E-06,8.53E-07,3,2,432518,9.20E+08,0.5,27,7.26E-10,0.545534,6.71E-07,1.65E-06,40.7159,-27.8278,0.00232068,316.849,8817.21,16162.5,19610.8
-1,9,9,1.40E-05,2.28E-07,1.64E-05,6.78E-07,8,3,276943,9.20E+08,0.5,27,1.43E-09,0.606776,1.31E-06,3.96E-06,33.1117,-24.0263,0.00414953,286.6,6885.96,11348.4,26923.9
-1,10,10,1.67E-05,3.65E-07,8.74E-06,3.26E-07,5,1,408341,9.20E+08,0.5,27,7.18E-10,0.474454,5.40E-07,9.15E-07,58.9876,-30.3844,0.00124187,399.228,12130.3,25566.8,6766.48
-1,11,11,1.74E-05,2.79E-07,1.17E-05,1.98E-07,9,2,56309.4,9.20E+08,0.5,27,1.31E-09,0.569449,5.68E-06,8.47E-06,67.1205,-20.7223,0.00444696,545.226,11298.3,19840.8,3196.77
-1,12,12,3.66E-06,5.65E-07,1.26E-05,9.26E-07,3,4,367931,9.20E+08,0.5,27,1.13E-09,0.679811,1.23E-06,2.23E-06,55.101,-26.5144,0.0115176,534.335,14167.6,20840.5,8939.49
-1,13,13,4.84E-06,2.82E-07,1.21E-05,9.29E-07,3,3,264995,9.20E+08,0.5,27,9.25E-10,0.64325,1.54E-06,3.02E-06,51.006,-25.2064,0.00832395,468.023,11797.1,18339.9,11555.9
-1,14,14,1.75E-05,8.56E-07,1.77E-06,7.56E-07,2,3,441565,9.20E+08,0.5,27,8.33E-10,0.558929,6.93E-07,2.08E-06,33.3093,-26.8205,0.00232142,265.576,7122.87,12743.8,26719.2
-1,15,15,9.53E-06,6.56E-07,1.40E-05,4.50E-07,8,2,182299,9.20E+08,0.5,27,1.23E-09,0.567344,1.74E-06,2.44E-06,71.3333,-26.1234,0.00227582,577.305,15081.2,26582,1867.8
-1,16,16,1.20E-05,5.18E-07,9.20E-06,7.95E-07,9,1,333036,9.20E+08,0.5,27,1.13E-09,0.415706,4.76E-07,7.83E-07,60.7946,-31.0648,0.000989962,360.51,11199.2,26940.2,5859.08
-1,17,17,1.96E-05,8.63E-07,8.10E-06,3.45E-07,10,5,66367.7,9.20E+08,0.5,27,2.04E-09,0.621163,5.74E-06,8.89E-06,64.5489,-20.5091,0.00322869,571.953,11730.2,18884.3,4182.49
-1,18,18,3.22E-06,4.99E-07,1.29E-05,1.89E-07,4,4,359644,9.20E+08,0.5,27,1.21E-09,0.761956,1.56E-06,6.26E-06,24.972,-22.0311,0.0205919,271.425,5979.8,7847.96,36033.6
-1,19,19,5.65E-06,3.34E-07,1.21E-05,7.76E-07,8,2,37630.3,9.20E+08,0.5,27,1.22E-09,0.424789,4.67E-06,7.35E-06,63.6133,-21.3387,0.00420211,385.467,8225.38,19363.5,4573.95
-1,20,20,9.68E-06,6.37E-07,8.46E-06,2.28E-07,10,4,405778,9.20E+08,0.5,27,1.82E-09,0.721753,1.27E-06,5.64E-06,22.5353,-22.4894,0.00445607,232.016,5217.91,7229.5,39018.3
-1,21,21,1.71E-05,9.37E-07,9.61E-06,8.61E-07,8,4,25755.5,9.20E+08,0.5,27,1.65E-09,0.32961,4.11E-06,8.69E-06,47.2602,-20.6106,0.00454311,222.209,4579.88,13894.8,14243.1
-1,22,22,1.44E-05,8.68E-07,3.37E-06,8.79E-07,4,4,432977,9.20E+08,0.5,27,1.23E-09,0.640259,9.29E-07,2.96E-06,31.3875,-25.2881,0.0025292,286.667,7249.27,11322.4,28743.1
-1,23,23,9.10E-06,5.76E-07,1.17E-05,7.58E-07,7,2,221816,9.20E+08,0.5,27,1.13E-09,0.555084,1.36E-06,1.87E-06,72.931,-27.2859,0.00213505,577.48,15757.1,28386.8,1456.61
-1,24,24,9.09E-06,5.56E-07,1.00E-05,9.27E-07,2,5,484949,9.20E+08,0.5,27,1.23E-09,0.702647,9.94E-07,3.71E-06,26.8208,-24.3109,0.0154225,268.829,6535.46,9301.2,33848.2
-1,25,25,1.97E-05,7.96E-07,1.57E-05,8.67E-07,7,2,337617,9.20E+08,0.5,27,1.16E-09,0.461097,6.05E-07,9.00E-07,67.2043,-30.4583,0.00174654,442.033,13463.6,29199,3166.88
-1,26,26,8.88E-06,2.63E-07,1.42E-05,2.97E-07,10,4,497567,9.20E+08,0.5,27,1.81E-09,0.718276,1.03E-06,7.92E-06,12.9489,-21.0139,0.00601475,132.675,2788.03,3881.55,51913.6
-1,27,27,3.77E-06,6.97E-07,1.72E-05,6.79E-07,3,3,163558,9.20E+08,0.5,27,9.29E-10,0.609112,2.24E-06,2.75E-06,81.2519,-25.6013,0.00722288,705.987,18074.2,29673,140.483
-1,28,28,1.58E-05,6.77E-07,1.50E-05,3.65E-07,3,2,77125.2,9.20E+08,0.5,27,7.32E-10,0.498187,3.16E-06,3.99E-06,79.2023,-23.9916,0.00621421,562.855,13503.8,27105.8,336.132
-1,29,29,2.10E-06,2.87E-07,2.57E-06,2.36E-07,9,5,454451,9.20E+08,0.5,27,1.90E-09,0.817914,1.46E-06,6.11E-06,23.8075,-22.1385,0.00287535,277.772,6149.45,7518.46,37445.2
-1,30,30,1.13E-05,2.84E-07,1.17E-05,9.88E-07,4,2,72902.2,9.20E+08,0.5,27,8.30E-10,0.42405,2.39E-06,3.88E-06,61.6537,-24.1099,0.00601358,372.943,8991.63,21204.2,5450.54
-1,31,31,3.77E-06,2.82E-07,2.91E-06,4.55E-07,8,5,472395,9.20E+08,0.5,27,1.80E-09,0.792634,1.31E-06,7.39E-06,17.741,-21.3137,0.00220851,200.593,4275.37,5393.88,45237.8
-1,32,32,1.74E-05,5.22E-07,5.51E-06,7.16E-07,2,1,441118,9.20E+08,0.5,27,4.26E-10,0.403007,3.56E-07,6.13E-07,58.0825,-32.1255,0.00274172,333.905,10726.9,26617.1,7245.62
-1,33,33,2.22E-06,3.74E-07,8.28E-07,3.19E-07,5,1,127095,9.20E+08,0.5,27,7.02E-10,0.575321,2.54E-06,4.93E-06,51.4936,-23.0684,0.00213186,422.6,9748.7,16944.8,11226.8
-1,34,34,5.37E-06,1.85E-07,3.35E-06,8.41E-07,3,4,397798,9.20E+08,0.5,27,1.11E-09,0.744062,1.37E-06,9.04E-06,15.1716,-20.4379,0.00617718,161.03,3291.1,4423.16,48760.1
-1,35,35,7.55E-06,9.98E-07,1.84E-05,6.14E-07,3,1,433584,9.20E+08,0.5,27,5.38E-10,0.392172,3.40E-07,4.34E-07,78.1841,-33.6221,0.0025691,437.382,14705.7,37498.1,464.664
-1,36,36,1.76E-05,2.00E-07,1.63E-05,7.92E-07,6,1,206074,9.20E+08,0.5,27,8.33E-10,0.229155,2.36E-07,5.33E-07,44.2171,-32.7305,0.00107433,144.539,4730.84,20644.7,16633
-1,37,37,9.55E-06,2.36E-07,5.96E-06,6.33E-07,4,2,364003,9.20E+08,0.5,27,8.12E-10,0.640858,1.11E-06,4.12E-06,26.9847,-23.8519,0.00509778,246.687,5883.94,9181.34,33657.7
-1,38,38,1.36E-05,5.24E-07,1.92E-05,9.37E-07,5,1,367006,9.20E+08,0.5,27,7.50E-10,0.233806,1.32E-07,3.26E-07,40.5075,-34.8672,0.00151982,135.1,4710.57,20147.4,19796.4
-1,39,39,1.14E-05,8.60E-07,1.06E-05,9.36E-07,9,3,230779,9.20E+08,0.5,27,1.54E-09,0.577073,1.41E-06,2.35E-06,59.9366,-26.2871,0.00188452,493.389,12969.7,22475,6281.74
-1,40,40,1.90E-05,5.76E-07,6.64E-06,8.58E-07,6,1,290818,9.20E+08,0.5,27,8.33E-10,0.272106,2.33E-07,5.40E-07,43.146,-32.6791,0.00106684,167.473,5472.87,20113,17518
-1,41,41,1.90E-05,3.34E-07,1.95E-05,5.19E-07,4,2,483396,9.20E+08,0.5,27,8.33E-10,0.523747,5.60E-07,1.31E-06,42.6878,-28.8234,0.00329021,318.927,9192.55,17551.5,17903.3
-1,42,42,1.14E-05,6.31E-07,1.39E-05,3.72E-07,10,4,86883.1,9.20E+08,0.5,27,1.82E-09,0.653785,4.86E-06,7.93E-06,61.3314,-21.0072,0.00432386,571.985,12015.8,18378.8,5602.02
-1,43,43,8.23E-06,8.01E-07,1.78E-05,9.64E-07,7,3,439944,9.20E+08,0.5,27,1.35E-09,0.5762,7.40E-07,1.10E-06,67.4913,-29.6002,0.00331721,554.738,16420.4,28497.7,3065.53
-1,44,44,8.57E-06,8.73E-07,6.90E-06,4.78E-07,5,4,103242,9.20E+08,0.5,27,1.32E-09,0.661795,4.19E-06,6.57E-06,63.8078,-21.8276,0.00516635,602.37,13148.3,19867.6,4491.11
-1,45,45,1.68E-05,8.08E-07,1.54E-05,8.24E-07,10,4,107699,9.20E+08,0.5,27,1.85E-09,0.55931,2.85E-06,3.95E-06,72.2233,-24.0384,0.00248264,576.23,13851.7,24765.6,1632.44
-1,46,46,4.61E-06,9.92E-07,3.73E-06,8.13E-07,6,4,12858.2,9.20E+08,0.5,27,1.42E-09,0.190511,2.72E-06,1.21E-05,22.5224,-19.1785,0.00552856,61.207,1173.86,6161.63,39035.3
-1,47,47,1.04E-05,5.93E-07,3.67E-06,9.23E-07,4,1,432453,9.20E+08,0.5,27,6.19E-10,0.459316,4.64E-07,8.67E-07,53.5331,-30.6176,0.00149171,350.752,10739.2,23380.8,9901.67
-1,48,48,1.70E-05,5.52E-07,1.49E-05,3.95E-07,4,1,316266,9.20E+08,0.5,27,6.31E-10,0.385186,4.53E-07,6.55E-07,69.1663,-31.838,0.00169751,380.041,12099.8,31412.8,2507.18
-1,49,49,1.27E-05,7.63E-07,1.64E-05,5.60E-07,6,3,132073,9.20E+08,0.5,27,1.24E-09,0.573251,2.46E-06,3.34E-06,73.5615,-24.764,0.00391592,601.535,14896.4,25985.9,1308.4
0,0,50,1.74E-05,6.56E-07,5.51E-06,4.50E-07,7,2,441118,9.20E+08,0.5,27,1.13E-09,0.568487,7.19E-07,1.60E-06,44.8603,-27.9538,0.00124924,363.788,10169.3,17888.3,16112
0,1,51,1.58E-05,3.34E-07,1.21E-05,7.76E-07,4,1,285211,9.20E+08,0.5,27,6.29E-10,0.341945,3.88E-07,6.49E-07,59.744,-31.8767,0.0021323,291.418,9289.46,27166.5,6378.87
0,2,52,1.44E-05,8.68E-07,1.23E-05,1.80E-07,4,4,56309.4,9.20E+08,0.5,27,1.23E-09,0.645526,7.23E-06,1.00E-05,72.2071,-19.9962,0.0136516,664.906,13295.6,20596.5,1636.59
0,3,53,3.42E-06,3.74E-07,8.28E-07,3.19E-07,10,1,127095,9.20E+08,0.5,27,1.20E-09,0.533553,2.13E-06,4.78E-06,44.6227,-23.204,0.00100424,339.625,7880.66,14770.1,16303.2
0,4,54,5.18E-06,5.76E-07,1.17E-05,7.12E-07,7,2,221816,9.20E+08,0.5,27,1.12E-09,0.586972,1.53E-06,2.27E-06,67.4733,-26.4493,0.0023912,564.957,14942.7,25457.3,3071.86
0,5,55,1.97E-05,8.07E-07,1.15E-05,9.39E-07,4,2,220782,9.20E+08,0.5,27,8.54E-10,0.439978,8.49E-07,1.28E-06,66.4144,-28.9336,0.00324464,416.831,12060.4,27411.4,3454.26
0,6,56,3.77E-06,5.22E-07,1.72E-05,7.16E-07,4,1,441118,9.20E+08,0.5,27,6.29E-10,0.44301,4.29E-07,5.40E-07,79.4395,-32.6769,0.00190912,502.015,16404.3,37029.1,309.215
0,7,57,1.97E-05,7.96E-07,1.57E-05,8.67E-07,7,2,337617,9.20E+08,0.5,27,1.16E-09,0.461097,6.05E-07,9.00E-07,67.2043,-30.4583,0.00174654,442.033,13463.6,29199,3166.88
0,8,58,4.84E-06,7.63E-07,1.21E-05,5.60E-07,3,3,264995,9.20E+08,0.5,27,9.21E-10,0.66086,1.63E-06,2.71E-06,60.021,-25.6658,0.00749611,565.82,14522.2,21974.7,6239.52
0,9,59,5.18E-06,6.08E-07,1.17E-05,9.64E-07,7,2,221816,9.20E+08,0.5,27,1.13E-09,0.552627,1.34E-06,1.81E-06,74.38,-27.4284,0.00213336,586.347,16082.5,29102,1127.84
0,10,60,3.77E-06,8.01E-07,1.72E-05,7.16E-07,4,2,439944,9.20E+08,0.5,27,8.31E-10,0.562768,7.09E-07,9.45E-07,74.9905,-30.2443,0.00339126,602.007,18207.3,32353.1,1001.91
0,11,61,1.97E-05,9.98E-07,1.84E-05,9.79E-07,5,2,220782,9.20E+08,0.5,27,9.76E-10,0.389091,6.53E-07,8.98E-07,72.6552,-30.4666,0.00331272,403.259,12285.9,31576,1524.05
0,12,62,1.97E-05,7.63E-07,1.57E-05,5.60E-07,7,2,337617,9.20E+08,0.5,27,1.15E-09,0.494277,7.08E-07,1.07E-06,66.4252,-29.7259,0.00137697,468.35,13922.1,28166.6,3450.21
0,13,63,1.68E-05,9.37E-07,1.54E-05,8.35E-07,10,4,107699,9.20E+08,0.5,27,1.86E-09,0.548545,2.74E-06,3.83E-06,71.4738,-24.1669,0.00235518,559.275,13516,24639.6,1829.59
0,14,64,1.97E-05,8.58E-07,1.15E-05,5.19E-07,4,2,220782,9.20E+08,0.5,27,8.46E-10,0.490384,1.07E-06,1.51E-06,71.1129,-28.2236,0.00236371,497.451,14039.9,28630.3,1928.53
0,15,65,1.14E-05,3.74E-07,5.84E-07,3.19E-07,9,1,127095,9.20E+08,0.5,27,1.11E-09,0.248642,4.53E-07,2.30E-06,19.6719,-26.3761,0.000553681,69.7729,1840.33,7401.55,42678.1
0,16,66,1.04E-05,8.73E-07,6.90E-06,5.02E-07,5,4,103242,9.20E+08,0.5,27,1.33E-09,0.644472,3.97E-06,6.28E-06,63.2521,-22.0205,0.0047881,581.494,12804.8,19868.7,4729.71
0,17,67,4.14E-06,8.73E-07,2.91E-06,5.02E-07,8,5,439974,9.20E+08,0.5,27,1.81E-09,0.763233,1.30E-06,3.76E-06,34.6511,-24.253,0.00173131,377.26,9149.68,11988.1,25350.1
0,18,68,1.95E-05,8.01E-07,1.67E-05,9.79E-07,5,2,439944,9.20E+08,0.5,27,9.64E-10,0.457608,4.58E-07,6.97E-07,65.7,-31.5663,0.00237572,428.87,13537.8,29583.9,3724.92
0,19,69,1.85E-05,5.76E-07,6.80E-06,8.58E-07,6,1,290818,9.20E+08,0.5,27,8.33E-10,0.280288,2.47E-07,5.55E-07,44.5345,-32.555,0.00110725,178.061,5796.77,20681.4,16374.9
0,20,70,1.97E-05,7.63E-07,1.15E-05,5.19E-07,4,2,220782,9.20E+08,0.5,27,8.42E-10,0.499195,1.11E-06,1.58E-06,70.4842,-28.027,0.00253679,501.912,14067.1,28179.6,2107.09
0,21,71,1.70E-05,2.00E-07,1.49E-05,3.95E-07,6,1,206074,9.20E+08,0.5,27,8.19E-10,0.40313,7.63E-07,1.16E-06,65.6872,-29.3499,0.00148994,377.74,11086.6,27501.3,3729.92
0,22,72,1.27E-05,5.52E-07,1.81E-05,3.95E-07,6,2,132073,9.20E+08,0.5,27,1.03E-09,0.534631,2.14E-06,2.78E-06,76.791,-25.5577,0.00322057,585.64,14967.6,27996.1,673.882
0,23,73,5.50E-06,5.48E-07,3.67E-06,9.23E-07,4,1,163558,9.20E+08,0.5,27,6.13E-10,0.436995,1.13E-06,1.92E-06,58.7833,-27.1688,0.00247971,366.435,9955.59,22781.9,6873.2
0,24,74,1.58E-05,6.42E-07,1.15E-05,3.65E-07,4,2,220782,9.20E+08,0.5,27,8.29E-10,0.554057,1.37E-06,2.18E-06,62.9639,-26.6118,0.00358299,497.636,13243,23901.9,4855.91
0,25,75,7.55E-06,6.08E-07,1.12E-05,9.38E-07,3,2,221816,9.20E+08,0.5,27,7.30E-10,0.544798,1.32E-06,1.79E-06,73.6074,-27.4766,0.00420448,572.036,15717.6,28850.4,1297.91
0,26,76,3.77E-06,5.22E-07,1.72E-05,1.80E-07,4,1,441118,9.20E+08,0.5,27,6.10E-10,0.541349,6.54E-07,1.02E-06,64.0195,-29.9047,0.00302164,494.374,14784.1,27309.8,4401.81
0,27,77,5.65E-06,3.34E-07,1.21E-05,7.16E-07,8,2,439944,9.20E+08,0.5,27,1.22E-09,0.609237,8.30E-07,1.88E-06,44.0537,-27.2474,0.00235542,382.855,10431.8,17122.8,16766
0,28,78,1.70E-05,5.52E-07,1.72E-05,7.16E-07,4,1,348657,9.20E+08,0.5,27,6.44E-10,0.271972,1.96E-07,3.92E-07,50.1066,-34.0694,0.00164749,194.395,6622.93,24351.5,12175.9
0,29,79,1.97E-05,6.77E-07,1.84E-05,9.79E-07,5,2,77125.2,9.20E+08,0.5,27,9.63E-10,0.26794,8.94E-07,1.62E-06,55.2351,-27.9071,0.00354489,211.115,5891.63,21988.6,8859.9
0,30,80,7.55E-06,6.08E-07,1.15E-05,9.38E-07,3,2,220782,9.20E+08,0.5,27,7.31E-10,0.542479,1.31E-06,1.76E-06,74.3675,-27.5384,0.00418235,575.483,15847.9,29213.8,1130.5
0,31,81,1.70E-05,6.97E-07,1.72E-05,3.95E-07,3,1,206074,9.20E+08,0.5,27,5.37E-10,0.297078,4.12E-07,6.94E-07,59.4052,-31.5854,0.00220112,251.745,7951.45,26765.5,6551.29
0,32,82,1.95E-05,8.01E-07,8.10E-06,3.45E-07,10,5,400549,9.20E+08,0.5,27,2.04E-09,0.671081,1.11E-06,4.38E-06,25.4141,-23.5872,0.00242174,243.285,5738.43,8551.03,35504.8
0,33,83,1.90E-06,7.45E-07,8.10E-06,3.45E-07,10,3,193709,9.20E+08,0.5,27,1.61E-09,0.719491,2.62E-06,4.73E-06,55.5391,-23.2558,0.00364742,570.021,13256.3,18424.5,8679.42
0,34,84,5.18E-06,6.08E-07,1.72E-05,7.16E-07,4,2,221816,9.20E+08,0.5,27,8.31E-10,0.545704,1.32E-06,1.63E-06,81.3518,-27.8871,0.0035611,633.272,17660.1,32362,133.096
0,35,85,1.70E-05,5.22E-07,1.49E-05,3.95E-07,4,1,441118,9.20E+08,0.5,27,6.30E-10,0.407552,3.64E-07,5.28E-07,68.9551,-32.7711,0.00161921,400.881,13137.3,32234.7,2574.47
0,36,86,1.68E-05,6.08E-07,1.72E-05,8.35E-07,10,2,107699,9.20E+08,0.5,27,1.45E-09,0.408117,1.48E-06,2.18E-06,67.8137,-26.6132,0.00201298,394.792,10506.7,25744.3,2953.75
0,37,87,3.77E-06,5.99E-07,1.64E-05,5.25E-07,6,3,310154,9.20E+08,0.5,27,1.22E-09,0.652528,1.36E-06,2.61E-06,51.9626,-25.8329,0.00474115,483.678,12494.8,19148.3,10914.7
0,38,88,4.29E-06,7.44E-07,1.72E-05,6.79E-07,4,3,156551,9.20E+08,0.5,27,1.03E-09,0.60318,2.29E-06,2.82E-06,81.2139,-25.4904,0.00560212,698.786,17812.3,29530.7,143.343
0,39,89,7.55E-06,6.08E-07,1.49E-05,9.38E-07,4,2,316266,9.20E+08,0.5,27,8.37E-10,0.533341,8.83E-07,1.06E-06,83.6201,-29.7614,0.00296842,636.183,18933.7,35500.2,19.0401
0,40,90,3.77E-06,5.72E-07,1.72E-05,6.79E-07,7,3,221816,9.20E+08,0.5,27,1.33E-09,0.623053,1.73E-06,2.42E-06,71.2867,-26.1606,0.0039418,633.577,16574.8,26602.5,1880.56
0,41,91,9.53E-06,8.01E-07,1.78E-05,9.72E-07,8,2,182299,9.20E+08,0.5,27,1.25E-09,0.462639,1.13E-06,1.42E-06,79.3207,-28.4646,0.00204072,523.474,14900.5,32207.6,322.556
0,42,92,7.55E-06,5.52E-07,1.43E-05,9.38E-07,6,2,316266,9.20E+08,0.5,27,1.04E-09,0.540085,9.02E-07,1.27E-06,70.9203,-28.9543,0.00219442,546.385,15820.2,29292,1982.38
0,43,93,1.89E-05,8.86E-07,1.18E-05,5.19E-07,4,2,220782,9.20E+08,0.5,27,8.46E-10,0.492553,1.08E-06,1.50E-06,72.0171,-28.2392,0.0023864,506.004,14289.2,29010.4,1685.57
0,44,94,1.74E-05,5.68E-07,1.49E-05,4.50E-07,4,2,303745,9.20E+08,0.5,27,8.33E-10,0.533973,9.27E-07,1.54E-06,60.1826,-28.1233,0.00300548,458.412,12892.1,24143.7,6159.05
0,45,95,1.27E-05,3.34E-07,1.81E-05,3.95E-07,6,2,132073,9.20E+08,0.5,27,1.02E-09,0.552703,2.28E-06,3.33E-06,68.5051,-24.7707,0.00376093,540.108,13378.9,24206.3,2720.82
0,46,96,7.55E-06,6.08E-07,1.41E-05,9.31E-07,4,4,56309.4,9.20E+08,0.5,27,1.24E-09,0.557239,5.41E-06,7.19E-06,75.2049,-21.4345,0.00745685,597.797,12813.5,22994.5,959.45
0,47,97,7.55E-06,6.08E-07,1.15E-05,9.38E-07,3,2,220782,9.20E+08,0.5,27,7.31E-10,0.542479,1.31E-06,1.76E-06,74.3675,-27.5384,0.00418235,575.483,15847.9,29213.8,1130.5
0,48,98,7.55E-06,6.08E-07,1.41E-05,9.38E-07,4,2,316266,9.20E+08,0.5,27,8.36E-10,0.538624,9.01E-07,1.20E-06,75.2785,-29.2181,0.0030472,578.392,16899.5,31375.4,945.083
0,49,99,1.97E-05,6.08E-07,1.41E-05,9.79E-07,5,2,52725.1,9.20E+08,0.5,27,9.52E-10,0.232898,9.93E-07,2.29E-06,43.2902,-26.3963,0.00391408,143.821,3796.34,16300.4,17397.7
1,0,100,7.85E-06,8.80E-07,1.78E-05,9.72E-07,3,1,182299,9.20E+08,0.5,27,5.48E-10,0.191229,1.89E-07,4.78E-07,39.5756,-33.2061,0.00228388,107.956,3584.8,18746.1,20634.5
1,1,101,7.55E-06,6.28E-07,1.54E-05,8.35E-07,4,2,316266,9.20E+08,0.5,27,8.35E-10,0.54096,9.11E-07,1.15E-06,79.031,-29.3837,0.00308629,609.858,17919.9,33126.1,356.292
1,2,102,1.68E-05,6.08E-07,1.72E-05,9.38E-07,4,1,316266,9.20E+08,0.5,27,6.53E-10,0.185395,9.91E-08,2.81E-07,35.2588,-35.5108,0.00108999,93.2461,3311.25,17860.5,24743.4
1,3,103,1.58E-05,6.08E-07,1.15E-05,9.38E-07,3,2,77125.2,9.20E+08,0.5,27,7.41E-10,0.362294,1.65E-06,2.66E-06,61.9298,-25.7512,0.00642939,320.057,8241.86,22749.1,5322.48
1,4,104,1.89E-05,6.08E-07,1.41E-05,5.19E-07,4,2,56309.4,9.20E+08,0.5,27,8.38E-10,0.410477,2.92E-06,4.19E-06,69.7708,-23.7765,0.00505537,408.535,9713.54,23664,2319.34
1,5,105,9.53E-06,6.56E-07,1.40E-05,5.16E-07,7,2,182299,9.20E+08,0.5,27,1.13E-09,0.557488,1.68E-06,2.49E-06,67.523,-26.0399,0.0023469,536.974,13982.7,25081.7,3054.46
1,6,106,7.77E-06,6.84E-07,1.15E-05,9.38E-07,6,2,220782,9.20E+08,0.5,27,1.03E-09,0.535617,1.27E-06,1.73E-06,73.378,-27.6173,0.00224185,560.642,15483.4,28907.6,1350.72
1,7,107,7.55E-06,6.77E-07,1.50E-05,9.38E-07,3,2,221816,9.20E+08,0.5,27,7.38E-10,0.515004,1.17E-06,1.32E-06,88.8326,-28.7895,0.00388086,652.603,18788.1,36481.5,0
1,8,108,8.57E-06,8.42E-07,6.90E-06,4.78E-07,5,4,103242,9.20E+08,0.5,27,1.32E-09,0.66395,4.22E-06,6.69E-06,63.026,-21.7457,0.00521649,596.926,12980.6,19550.5,4828.59
1,9,109,9.53E-06,6.08E-07,1.72E-05,5.54E-07,6,2,182299,9.20E+08,0.5,27,1.03E-09,0.538373,1.57E-06,2.03E-06,77.2218,-26.9268,0.00261878,593.048,15968.9,29661.3,605.004
1,10,110,6.98E-06,6.28E-07,1.43E-05,8.35E-07,4,2,316266,9.20E+08,0.5,27,8.33E-10,0.551665,9.47E-07,1.26E-06,75.15,-28.9967,0.00320527,591.385,17148.2,31084.5,970.233
1,11,111,4.29E-06,6.28E-07,1.54E-05,8.35E-07,4,2,316266,9.20E+08,0.5,27,8.31E-10,0.557968,9.70E-07,1.25E-06,77.7797,-29.0424,0.00341824,619.073,17979.3,32222.9,521.327
1,12,112,7.55E-06,6.28E-07,1.46E-05,8.45E-07,3,1,221816,9.20E+08,0.5,27,5.34E-10,0.346402,5.17E-07,7.67E-07,67.428,-31.1517,0.00328018,333.187,10379.3,29963.2,3087.94
1,13,113,7.55E-06,5.52E-07,1.41E-05,9.80E-07,4,2,316266,9.20E+08,0.5,27,8.36E-10,0.537084,8.95E-07,1.18E-06,75.7227,-29.272,0.00308076,580.142,16981.9,31618.7,860.692
1,14,114,4.29E-06,5.90E-07,1.49E-05,9.38E-07,5,2,292666,9.20E+08,0.5,27,9.33E-10,0.548032,1.01E-06,1.21E-06,83.2132,-29.1723,0.00293255,650.526,18977.4,34628.2,31.9248
1,15,115,9.53E-06,6.56E-07,1.40E-05,6.79E-07,3,3,182299,9.20E+08,0.5,27,9.32E-10,0.604708,1.98E-06,2.91E-06,68.1057,-25.3613,0.00661341,587.483,14899.3,24638.9,2854.17
1,16,116,6.17E-06,9.98E-07,1.77E-05,6.79E-07,3,1,433584,9.20E+08,0.5,27,5.36E-10,0.400623,3.54E-07,4.85E-07,73.1434,-33.1459,0.00268526,418.001,13855,34583.7,1405.88
1,17,117,7.55E-06,6.97E-07,1.41E-05,9.80E-07,4,2,163558,9.20E+08,0.5,27,8.38E-10,0.495804,1.47E-06,1.77E-06,82.9057,-27.5142,0.00340924,586.355,16133.1,32539.2,43.8626
1,18,118,7.55E-06,5.91E-07,1.72E-05,7.16E-07,4,1,441118,9.20E+08,0.5,27,6.34E-10,0.413838,3.71E-07,4.90E-07,75.6566,-33.0937,0.00209585,446.625,14780.5,35715.7,873.044
1,19,119,1.68E-05,6.08E-07,1.54E-05,5.54E-07,10,4,152344,9.20E+08,0.5,27,1.84E-09,0.617254,2.47E-06,4.62E-06,53.462,-23.3531,0.0030428,470.734,10993.1,17809.7,9946.46
1,20,120,7.55E-06,5.86E-07,1.15E-05,9.38E-07,10,2,203193,9.20E+08,0.5,27,1.43E-09,0.538959,1.38E-06,1.87E-06,74.1147,-27.2865,0.00154027,569.805,15548,28848.2,1184.9
1,21,121,1.72E-05,6.77E-07,1.50E-05,3.65E-07,2,2,109000,9.20E+08,0.5,27,6.34E-10,0.507216,2.32E-06,2.96E-06,78.1318,-25.2809,0.00708309,565.31,14291.6,28176.5,471.721
1,22,122,7.55E-06,6.08E-07,1.49E-05,6.14E-07,3,1,465161,9.20E+08,0.5,27,5.28E-10,0.451781,4.28E-07,5.40E-07,79.1281,-32.6731,0.00226495,509.947,16661.5,36879.7,344.81
1,23,123,5.18E-06,7.17E-07,1.72E-05,7.16E-07,4,2,221816,9.20E+08,0.5,27,8.32E-10,0.540258,1.30E-06,1.53E-06,84.5982,-28.1471,0.00342651,651.971,18351.1,33967.3,1.61472
1,24,124,2.40E-06,6.42E-07,1.24E-05,9.38E-07,3,2,77125.2,9.20E+08,0.5,27,7.26E-10,0.465638,2.74E-06,3.75E-06,73.2523,-24.264,0.00607877,486.56,11805.9,25354.2,1380.09
1,25,125,8.13E-06,6.77E-07,1.43E-05,9.38E-07,3,2,190740,9.20E+08,0.5,27,7.38E-10,0.508377,1.33E-06,1.50E-06,88.6067,-28.2395,0.00398871,642.567,18145.8,35693.6,0
1,26,126,9.53E-06,6.08E-07,1.72E-05,5.54E-07,4,2,316266,9.20E+08,0.5,27,8.31E-10,0.55188,9.51E-07,1.49E-06,64.0153,-28.2788,0.00343739,503.959,14251.3,25823.2,4403.56
1,27,127,5.18E-06,6.93E-07,1.18E-05,7.16E-07,4,2,222354,9.20E+08,0.5,27,8.24E-10,0.580222,1.49E-06,2.03E-06,73.7764,-26.9357,0.00374092,610.63,16447.8,28347.4,1259.68
1,28,128,7.55E-06,5.34E-07,1.78E-05,9.38E-07,4,2,182299,9.20E+08,0.5,27,8.41E-10,0.494847,1.31E-06,1.46E-06,90.2835,-28.3687,0.0032932,637.302,18079.4,36535.4,0.0002124
1,29,129,4.46E-06,6.08E-07,1.72E-05,7.16E-07,4,2,221816,9.20E+08,0.5,27,8.30E-10,0.548719,1.34E-06,1.65E-06,80.8415,-27.8123,0.00362401,632.777,17599,32072.9,172.935
1,30,130,1.68E-05,8.08E-07,1.70E-05,5.19E-07,4,4,107699,9.20E+08,0.5,27,1.24E-09,0.593372,3.23E-06,4.50E-06,71.6955,-23.4668,0.00632794,606.856,14241,24000,1770.09
1,31,131,6.17E-06,7.38E-07,1.84E-05,9.80E-07,4,2,433584,9.20E+08,0.5,27,8.45E-10,0.516757,6.04E-07,8.20E-07,73.5838,-30.861,0.00248939,542.418,16739.6,32393.5,1303.3
1,32,132,7.62E-06,6.97E-07,1.88E-05,9.43E-07,4,1,441118,9.20E+08,0.5,27,6.46E-10,0.338996,2.38E-07,3.55E-07,67.0192,-34.4961,0.00226105,324.086,11179.7,32978.8,3233.3
1,33,133,4.57E-06,6.08E-07,1.41E-05,9.31E-07,4,2,316266,9.20E+08,0.5,27,8.32E-10,0.555925,9.61E-07,1.15E-06,83.7122,-29.4011,0.00357281,663.852,19518,35109.1,16.5833
1,34,134,7.55E-06,5.52E-07,1.27E-05,9.80E-07,4,2,316266,9.20E+08,0.5,27,8.33E-10,0.547038,9.29E-07,1.31E-06,70.866,-28.823,0.00301601,552.995,15939,29136.9,1997.7
1,35,135,8.13E-06,6.28E-07,1.55E-05,9.38E-07,4,2,190740,9.20E+08,0.5,27,8.39E-10,0.503139,1.30E-06,1.46E-06,88.7467,-28.3433,0.00320952,636.951,18053.3,35881.4,0
1,36,136,8.13E-06,6.77E-07,1.43E-05,9.38E-07,3,2,220782,9.20E+08,0.5,27,7.38E-10,0.516139,1.18E-06,1.34E-06,88.4361,-28.7308,0.00388898,651.122,18707.3,36244.7,0
1,37,137,7.55E-06,6.08E-07,1.41E-05,9.31E-07,5,2,465161,9.20E+08,0.5,27,9.36E-10,0.549718,6.38E-07,9.33E-07,68.3412,-30.3013,0.00250899,535.907,16238.7,29540,2775.16
1,38,138,8.12E-06,6.28E-07,1.41E-05,9.38E-07,4,2,190740,9.20E+08,0.5,27,8.37E-10,0.512128,1.35E-06,1.73E-06,77.7582,-27.6117,0.00322943,568.056,15685,30627.1,524.438
1,39,139,7.55E-06,5.52E-07,1.26E-05,9.80E-07,4,1,221816,9.20E+08,0.5,27,6.33E-10,0.336859,4.84E-07,7.47E-07,64.7625,-31.2691,0.00268628,311.199,9730.93,28887.2,4095.76
1,40,140,4.46E-06,6.08E-07,1.72E-05,7.21E-07,4,3,132073,9.20E+08,0.5,27,1.03E-09,0.596427,2.66E-06,3.40E-06,78.2606,-24.6888,0.0057349,665.834,16438.6,27561.9,454.201
1,41,141,4.57E-06,5.86E-07,1.41E-05,9.38E-07,10,2,316266,9.20E+08,0.5,27,1.43E-09,0.555578,9.47E-07,1.13E-06,84.1163,-29.4841,0.00146125,666.64,19655.2,35378,7.80945
1,42,142,2.40E-06,5.89E-07,1.72E-05,7.21E-07,3,3,132073,9.20E+08,0.5,27,9.28E-10,0.597207,2.66E-06,3.41E-06,77.8928,-24.6664,0.00723992,663.573,16367.9,27407.5,505.124
1,43,143,8.97E-06,6.08E-07,1.49E-05,6.14E-07,3,1,465161,9.20E+08,0.5,27,5.29E-10,0.440178,4.05E-07,4.87E-07,83.0594,-33.1206,0.00233927,521.535,17273.5,39242.2,37.6865
1,44,144,7.55E-06,6.20E-07,1.43E-05,6.73E-07,4,2,465161,9.20E+08,0.5,27,8.29E-10,0.574174,7.00E-07,1.09E-06,64.4755,-29.641,0.0033954,528.086,15653,27261.7,4212.54
1,45,145,8.13E-06,6.77E-07,1.43E-05,9.38E-07,3,1,200971,9.20E+08,0.5,27,5.38E-10,0.285682,3.86E-07,6.70E-07,57.5947,-31.7385,0.00309674,234.71,7449.34,26075.6,7510.87
1,46,146,1.72E-05,7.44E-07,1.72E-05,6.79E-07,4,2,109000,9.20E+08,0.5,27,8.49E-10,0.42888,1.65E-06,2.23E-06,73.7779,-26.5122,0.00394673,451.366,11966.7,27902.2,1259.39
1,47,147,7.55E-06,5.34E-07,1.78E-05,9.38E-07,3,2,182299,9.20E+08,0.5,27,7.41E-10,0.495162,1.32E-06,1.44E-06,91.6618,-28.4241,0.00410982,647.443,18403,37165.7,0.000187282
1,48,148,7.55E-06,6.97E-07,1.49E-05,9.38E-07,4,2,163558,9.20E+08,0.5,27,8.39E-10,0.496897,1.48E-06,1.83E-06,80.8399,-27.3804,0.00330578,573.005,15689.1,31574.2,173.065
1,49,149,1.44E-05,6.08E-07,1.23E-05,1.80E-07,4,4,316266,9.20E+08,0.5,27,1.22E-09,0.691119,1.48E-06,5.73E-06,25.8138,-22.4179,0.0130315,254.491,5705.13,8254.92,35030
2,0,150,8.13E-06,6.77E-07,1.43E-05,9.38E-07,4,1,221816,9.20E+08,0.5,27,6.38E-10,0.30219,3.87E-07,6.39E-07,60.5996,-31.9474,0.00246997,261.226,8345.49,27616.7,5954.08
2,1,151,4.29E-06,5.65E-07,1.72E-05,7.07E-07,3,2,292666,9.20E+08,0.5,27,7.29E-10,0.561689,1.06E-06,1.29E-06,82.5421,-28.8957,0.00447501,661.36,19110.4,34023.2,60.4113
2,2,152,1.44E-05,8.68E-07,1.72E-05,1.80E-07,4,4,56309.4,9.20E+08,0.5,27,1.23E-09,0.634927,6.97E-06,9.56E-06,72.9384,-20.1957,0.0149641,660.612,13341.5,21012.7,1454.82
2,3,153,4.29E-06,4.93E-07,1.72E-05,7.31E-07,5,2,292666,9.20E+08,0.5,27,9.29E-10,0.561284,1.06E-06,1.39E-06,76.3685,-28.5717,0.00293828,611.453,17470.2,31125.5,745.027
2,4,154,5.18E-06,6.42E-07,1.57E-05,9.80E-07,4,2,221816,9.20E+08,0.5,27,8.37E-10,0.518778,1.19E-06,1.42E-06,83.7942,-28.4782,0.00313294,620.1,17659.3,34040.3,14.5404
2,5,155,4.57E-06,5.86E-07,1.41E-05,8.83E-07,10,2,316266,9.20E+08,0.5,27,1.43E-09,0.561778,9.71E-07,1.31E-06,73.8113,-28.811,0.00172987,591.499,17041.7,30335.3,1251.87
2,6,156,2.40E-06,6.08E-07,1.72E-05,7.16E-07,4,2,221816,9.20E+08,0.5,27,8.28E-10,0.552022,1.35E-06,1.71E-06,78.7987,-27.6599,0.00385471,620.499,17162.9,31091,384.564
2,7,157,1.68E-05,7.40E-07,1.54E-05,8.24E-07,10,4,107699,9.20E+08,0.5,27,1.85E-09,0.56438,2.90E-06,4.13E-06,70.2966,-23.8412,0.00259294,565.942,13492.7,23907.2,2161.89
2,8,158,7.51E-06,5.34E-07,1.78E-05,9.40E-07,3,2,156921,9.20E+08,0.5,27,7.41E-10,0.485902,1.47E-06,1.62E-06,90.8427,-27.9031,0.00443427,629.659,17569.4,36158.4,0.00158998
2,9,159,5.18E-06,5.65E-07,1.54E-05,9.80E-07,3,2,228310,9.20E+08,0.5,27,7.36E-10,0.526542,1.19E-06,1.45E-06,82.2353,-28.3842,0.00409496,617.671,17532.1,33296.7,76.4367
2,10,160,5.37E-06,7.17E-07,1.63E-05,7.16E-07,4,2,100369,9.20E+08,0.5,27,8.31E-10,0.5014,2.46E-06,3.01E-06,81.821,-25.2203,0.0041798,585.215,14759.3,29436.2,101.06
2,11,161,7.55E-06,5.89E-07,1.50E-05,7.21E-07,3,2,221816,9.20E+08,0.5,27,7.31E-10,0.548304,1.34E-06,1.76E-06,76.0741,-27.5526,0.00454104,595.01,16394.1,29899.6,796.719
2,12,162,7.55E-06,6.77E-07,1.84E-05,9.38E-07,4,2,182299,9.20E+08,0.5,27,8.45E-10,0.482765,1.25E-06,1.35E-06,92.5734,-28.6991,0.00324017,637.512,18296,37898.3,0.00237641
2,13,163,8.13E-06,6.28E-07,1.55E-05,1.00E-06,4,2,190740,9.20E+08,0.5,27,8.41E-10,0.494062,1.25E-06,1.54E-06,81.2808,-28.1289,0.00322531,572.843,16113.4,32614.2,138.323
2,14,164,7.51E-06,5.34E-07,1.78E-05,7.26E-07,3,2,100369,9.20E+08,0.5,27,7.34E-10,0.493692,2.38E-06,2.96E-06,80.6116,-25.2942,0.00519422,567.702,14359.6,29086.1,192.578
2,15,165,7.55E-06,6.08E-07,1.78E-05,9.31E-07,4,4,56309.4,9.20E+08,0.5,27,1.24E-09,0.545041,5.17E-06,6.50E-06,79.6111,-21.8734,0.00735582,618.969,13538.9,24840.2,290.406
2,16,166,8.13E-06,6.28E-07,1.78E-05,9.38E-07,4,2,190740,9.20E+08,0.5,27,8.44E-10,0.489021,1.23E-06,1.35E-06,90.7733,-28.6955,0.00317319,633.216,18170.4,37156.8,0.000964354
2,17,167,3.77E-06,6.97E-07,1.84E-05,6.79E-07,4,3,163558,9.20E+08,0.5,27,1.03E-09,0.601728,2.18E-06,2.66E-06,82.1624,-25.7543,0.00574594,705.244,18163.1,30184.9,80.5209
2,18,168,8.97E-06,6.08E-07,1.49E-05,6.14E-07,3,1,465161,9.20E+08,0.5,27,5.29E-10,0.440178,4.05E-07,4.87E-07,83.0594,-33.1206,0.00233927,521.535,17273.5,39242.2,37.6865
2,19,169,7.55E-06,5.34E-07,1.50E-05,9.38E-07,3,2,182299,9.20E+08,0.5,27,7.36E-10,0.512956,1.42E-06,1.79E-06,79.2256,-27.4766,0.00420428,579.711,15928.5,31052.4,333.434
2,20,170,7.55E-06,5.34E-07,1.72E-05,6.79E-07,3,2,163558,9.20E+08,0.5,27,7.31E-10,0.532288,1.71E-06,2.17E-06,78.8073,-26.6441,0.0046943,598.383,15943.4,29952.5,383.501
2,21,171,8.13E-06,5.34E-07,1.43E-05,9.38E-07,3,2,190740,9.20E+08,0.5,27,7.36E-10,0.517022,1.38E-06,1.77E-06,77.7537,-27.5221,0.0041835,573.452,15782.6,30525.9,525.086
2,22,172,5.18E-06,6.77E-07,1.54E-05,9.80E-07,4,2,245470,9.20E+08,0.5,27,8.37E-10,0.524011,1.10E-06,1.37E-06,80.0749,-28.6324,0.00305497,598.554,17138,32705.5,242.566
2,23,173,8.13E-06,6.28E-07,1.78E-05,9.38E-07,3,2,163181,9.20E+08,0.5,27,7.44E-10,0.479771,1.38E-06,1.52E-06,90.5134,-28.1709,0.00445762,619.46,17450.7,36373.1,0.00327363
2,24,174,6.17E-06,6.28E-07,1.61E-05,9.80E-07,4,2,445613,9.20E+08,0.5,27,8.39E-10,0.536791,6.35E-07,6.68E-07,95.1284,-31.7543,0.00276914,728.42,23130.4,43090.2,0.164776
2,25,175,8.13E-06,6.08E-07,1.55E-05,9.66E-07,4,2,221816,9.20E+08,0.5,27,8.40E-10,0.508503,1.14E-06,1.29E-06,88.6257,-28.9008,0.00310328,642.864,18579.3,36537.3,0
2,26,176,1.72E-05,5.34E-07,1.78E-05,9.40E-07,3,2,109000,9.20E+08,0.5,27,7.52E-10,0.385011,1.32E-06,1.90E-06,69.2814,-27.2157,0.00603287,380.501,10355.6,26896.9,2470.85
2,27,177,4.29E-06,5.90E-07,1.72E-05,9.38E-07,3,2,292666,9.20E+08,0.5,27,7.37E-10,0.530786,9.47E-07,1.08E-06,87.5562,-29.658,0.00361054,662.937,19661.4,37042,1.67E-14
2,28,178,7.55E-06,6.08E-07,1.72E-05,9.38E-07,3,2,268795,9.20E+08,0.5,27,7.42E-10,0.512827,9.61E-07,1.08E-06,89.1928,-29.6773,0.00366081,652.48,19363.9,37759,9.26E-15
2,29,179,7.55E-06,6.08E-07,1.43E-05,9.38E-07,3,2,223048,9.20E+08,0.5,27,7.36E-10,0.523967,1.21E-06,1.39E-06,87.1254,-28.5761,0.00400083,651.201,18608.8,35515.2,0
2,30,180,4.57E-06,5.86E-07,1.77E-05,1.00E-06,10,2,316266,9.20E+08,0.5,27,1.44E-09,0.521358,8.28E-07,1.08E-06,76.9461,-29.679,0.00137482,572.254,16983.9,32576.4,648.657
2,31,181,4.29E-06,5.90E-07,1.72E-05,9.38E-07,3,2,291686,9.20E+08,0.5,27,7.37E-10,0.530668,9.50E-07,1.09E-06,87.5556,-29.6453,0.00361104,662.786,19648.5,37026,1.50E-14
2,32,182,4.13E-06,6.08E-07,1.72E-05,7.16E-07,4,2,221816,9.20E+08,0.5,27,8.30E-10,0.550058,1.34E-06,1.66E-06,81.0706,-27.8042,0.00367564,636.118,17686.8,32154.4,154.401
2,33,183,5.18E-06,6.77E-07,1.54E-05,9.80E-07,3,2,228310,9.20E+08,0.5,27,7.37E-10,0.520899,1.17E-06,1.38E-06,84.5933,-28.6023,0.00391572,628.573,17978.7,34514.7,1.65421
2,34,184,2.68E-06,5.34E-07,1.72E-05,7.07E-07,3,2,292666,9.20E+08,0.5,27,7.27E-10,0.567981,1.09E-06,1.39E-06,78.1911,-28.5699,0.00486327,633.516,18099.5,31866.3,463.607
2,35,185,8.31E-06,6.97E-07,1.72E-05,9.80E-07,4,2,228320,9.20E+08,0.5,27,8.45E-10,0.491497,1.03E-06,1.25E-06,82.9501,-29.0449,0.00298964,581.572,16891.7,34367.9,42.0222
2,36,186,8.46E-06,5.85E-07,1.50E-05,9.38E-07,3,2,316266,9.20E+08,0.5,27,7.38E-10,0.529224,8.71E-07,1.11E-06,78.451,-29.547,0.00378496,592.25,17499.2,33065.8,428.889
2,37,187,5.37E-06,7.17E-07,1.78E-05,9.38E-07,3,2,100369,9.20E+08,0.5,27,7.41E-10,0.445798,1.93E-06,2.41E-06,80.1962,-26.1881,0.00586027,509.986,13355.6,29958.8,230.792
2,38,188,7.55E-06,5.90E-07,1.72E-05,9.38E-07,3,2,163558,9.20E+08,0.5,27,7.41E-10,0.488687,1.43E-06,1.59E-06,89.6953,-27.9765,0.004264,625.268,17492.8,35795.5,0.00102396
2,39,189,4.29E-06,5.80E-07,1.72E-05,9.38E-07,3,2,292666,9.20E+08,0.5,27,7.37E-10,0.531215,9.49E-07,1.08E-06,87.4591,-29.6458,0.00361651,662.738,19647.4,36985.8,1.57E-14
2,40,190,1.44E-05,6.77E-07,1.72E-05,9.97E-07,4,2,56309.4,9.20E+08,0.5,27,8.54E-10,0.264643,1.20E-06,2.26E-06,53.0506,-26.4617,0.00510974,200.27,5299.49,20025.1,10208.1
2,41,191,8.13E-06,6.08E-07,1.49E-05,9.38E-07,3,2,465161,9.20E+08,0.5,27,7.38E-10,0.541054,6.20E-07,8.49E-07,72.9781,-30.7088,0.00355776,563.248,17296.7,31968.4,1445.26
2,42,192,4.57E-06,5.86E-07,1.41E-05,9.16E-07,9,2,316266,9.20E+08,0.5,27,1.33E-09,0.558089,9.59E-07,1.20E-06,79.5925,-29.191,0.00177787,633.638,18496.5,33142.6,292.413
2,43,193,1.44E-05,8.68E-07,1.72E-05,9.38E-07,4,2,56309.4,9.20E+08,0.5,27,8.57E-10,0.263179,1.19E-06,2.32E-06,51.0812,-26.3436,0.00489642,191.769,5051.88,19195.6,11505.3
2,44,194,5.37E-06,6.81E-07,1.78E-05,9.38E-07,2,2,100369,9.20E+08,0.5,27,6.41E-10,0.449281,1.96E-06,2.38E-06,82.1134,-26.2304,0.00789996,526.257,13803.9,30724.5,83.348
2,45,195,4.29E-06,5.54E-07,1.72E-05,9.38E-07,3,1,292666,9.20E+08,0.5,27,5.37E-10,0.361599,4.24E-07,5.94E-07,71.3426,-32.2602,0.00323596,367.995,11871.6,32830.9,1865.41
2,46,196,5.37E-06,6.81E-07,1.78E-05,9.38E-07,3,2,100369,9.20E+08,0.5,27,7.41E-10,0.44855,1.95E-06,2.44E-06,80.2003,-26.1337,0.00586212,513.16,13410.8,29898.1,230.39
2,47,197,7.55E-06,6.77E-07,1.64E-05,5.60E-07,6,2,156117,9.20E+08,0.5,27,1.03E-09,0.544035,1.87E-06,2.37E-06,78.8029,-26.2513,0.00281918,611.555,16054.1,29509.3,384.036
2,48,198,8.13E-06,6.77E-07,1.78E-05,9.38E-07,2,2,190740,9.20E+08,0.5,27,6.44E-10,0.487051,1.22E-06,1.39E-06,87.4023,-28.5614,0.0052801,607.245,17343.8,35609.8,0.00134142
2,49,199,4.57E-06,5.90E-07,1.72E-05,9.38E-07,4,2,316266,9.20E+08,0.5,27,8.38E-10,0.532487,8.81E-07,1.04E-06,84.6515,-29.8279,0.00300225,642.998,19179.3,36018.3,1.21426
3,0,200,4.29E-06,6.42E-07,1.90E-05,9.80E-07,4,2,221816,9.20E+08,0.5,27,8.43E-10,0.497883,1.09E-06,1.17E-06,93.7982,-29.3364,0.00301535,666.175,19543.2,39252.6,3.58E-05
3,1,201,4.29E-06,5.35E-07,1.72E-05,7.07E-07,3,2,292666,9.20E+08,0.5,27,7.29E-10,0.563031,1.07E-06,1.32E-06,80.8581,-28.7841,0.00443174,649.414,18692.8,33200.3,171.553
3,2,202,8.13E-06,6.09E-07,1.55E-05,9.47E-07,4,2,163558,9.20E+08,0.5,27,8.39E-10,0.493812,1.46E-06,1.66E-06,88.0457,-27.8084,0.00330787,620.206,17246.9,34926.1,0.00030637
3,3,203,8.88E-06,6.28E-07,1.78E-05,9.38E-07,3,2,163181,9.20E+08,0.5,27,7.44E-10,0.475472,1.35E-06,1.64E-06,82.4125,-27.845,0.00464855,558.964,15564.4,32734.6,66.9583
3,4,204,7.55E-06,5.64E-07,1.72E-05,9.38E-07,3,2,163558,9.20E+08,0.5,27,7.41E-10,0.490357,1.44E-06,1.57E-06,91.5082,-28.033,0.00420486,640.086,17943.5,36592.8,0.000743909
3,5,205,4.29E-06,5.12E-07,1.49E-05,9.38E-07,3,1,436896,9.20E+08,0.5,27,5.32E-10,0.428938,4.04E-07,4.96E-07,81.473,-33.0426,0.00283887,498.511,16472.1,38402,124.439
3,6,206,7.55E-06,7.17E-07,1.73E-05,9.38E-07,3,2,95200.8,9.20E+08,0.5,27,7.43E-10,0.431574,1.90E-06,2.38E-06,79.847,-26.2306,0.00635488,491.564,12894,29876.7,265.573
3,7,207,4.29E-06,4.81E-07,1.49E-05,1.00E-06,3,1,436896,9.20E+08,0.5,27,5.34E-10,0.420243,3.86E-07,4.86E-07,79.5004,-33.1344,0.00299322,476.58,15791.2,37576.3,302.509
3,8,208,4.57E-06,5.86E-07,1.41E-05,9.38E-07,5,2,190740,9.20E+08,0.5,27,9.32E-10,0.534297,1.47E-06,1.79E-06,81.8559,-27.4673,0.00313493,623.877,17136.2,32072.4,98.8557
3,9,209,4.29E-06,6.28E-07,1.50E-05,3.65E-07,4,2,326510,9.20E+08,0.5,27,8.16E-10,0.624742,1.18E-06,2.03E-06,58.0061,-26.9146,0.00562692,516.94,13913.2,22270.3,7286.71
3,10,210,4.29E-06,5.90E-07,1.84E-05,9.38E-07,4,2,182299,9.20E+08,0.5,27,8.40E-10,0.500172,1.34E-06,1.55E-06,86.7187,-28.0974,0.00323702,618.726,17384.6,34757.2,0
3,11,211,8.13E-06,5.52E-07,1.44E-05,6.14E-07,4,1,190740,9.20E+08,0.5,27,6.27E-10,0.40075,8.15E-07,1.04E-06,78.1674,-29.8184,0.00239027,446.854,13324.5,33248.8,466.925
3,12,212,8.13E-06,6.08E-07,1.55E-05,9.47E-07,4,1,487513,9.20E+08,0.5,27,6.39E-10,0.389245,2.90E-07,4.30E-07,67.4781,-33.6687,0.00233605,374.673,12614.7,32408.2,3070.28
3,13,213,7.55E-06,6.08E-07,1.72E-05,9.38E-07,3,2,268795,9.20E+08,0.5,27,7.42E-10,0.512827,9.61E-07,1.08E-06,89.1928,-29.6773,0.00366081,652.48,19363.9,37759,9.26E-15
3,14,214,4.29E-06,5.90E-07,1.49E-05,9.38E-07,4,1,188614,9.20E+08,0.5,27,6.33E-10,0.333469,5.59E-07,8.70E-07,64.2616,-30.6054,0.00282145,305.684,9355.58,28055.4,4301.03
3,15,215,8.13E-06,5.90E-07,1.43E-05,9.38E-07,3,2,203375,9.20E+08,0.5,27,7.36E-10,0.516991,1.29E-06,1.67E-06,77.411,-27.7816,0.00403241,570.889,15860.2,30677.9,575.932
3,16,216,3.32E-06,6.01E-07,1.90E-05,9.82E-07,4,2,190740,9.20E+08,0.5,27,8.41E-10,0.491693,1.24E-06,1.42E-06,87.0089,-28.468,0.00326152,610.272,17373.2,35333.5,0.000552089
3,17,217,7.51E-06,6.81E-07,1.78E-05,9.38E-07,3,2,156921,9.20E+08,0.5,27,7.44E-10,0.477306,1.42E-06,1.52E-06,93.3139,-28.1786,0.00447651,635.345,17903.1,37508.7,0.00412018
3,18,218,7.55E-06,6.48E-07,1.43E-05,9.38E-07,3,2,223048,9.20E+08,0.5,27,7.37E-10,0.521688,1.20E-06,1.37E-06,87.6095,-28.6389,0.00394861,651.971,18671.7,35791,0
3,19,219,4.29E-06,6.42E-07,1.90E-05,1.00E-06,4,2,221816,9.20E+08,0.5,27,8.44E-10,0.494994,1.08E-06,1.15E-06,94.1322,-29.4054,0.00300884,664.667,19544.8,39485,0.000200501
3,20,220,7.55E-06,6.08E-07,1.72E-05,9.38E-07,3,2,268795,9.20E+08,0.5,27,7.42E-10,0.512827,9.61E-07,1.08E-06,89.1928,-29.6773,0.00366081,652.48,19363.9,37759,9.26E-15
3,21,221,4.93E-06,6.08E-07,1.54E-05,9.38E-07,2,2,228310,9.20E+08,0.5,27,6.35E-10,0.531666,1.22E-06,1.37E-06,88.5637,-28.6177,0.00558024,671.678,19221.9,36154,0
3,22,222,3.29E-06,6.49E-07,1.74E-05,1.00E-06,2,2,203022,9.20E+08,0.5,27,6.39E-10,0.503995,1.23E-06,1.43E-06,85.8158,-28.4479,0.00510051,616.963,17551.3,34824.4,0
3,23,223,8.80E-06,6.09E-07,1.40E-05,9.47E-07,3,2,163181,9.20E+08,0.5,27,7.37E-10,0.499462,1.50E-06,1.90E-06,78.7508,-27.2084,0.00421882,561.078,15266,30565,390.521
3,24,224,7.55E-06,5.90E-07,1.72E-05,9.38E-07,3,2,206419,9.20E+08,0.5,27,7.41E-10,0.502005,1.20E-06,1.31E-06,91.6946,-28.8424,0.0039317,656.626,18938.7,37726,0
3,25,225,7.96E-06,6.77E-07,1.43E-05,9.24E-07,3,2,144382,9.20E+08,0.5,27,7.37E-10,0.493168,1.65E-06,2.05E-06,80.4823,-26.8821,0.00433359,566.189,15220.4,30862.4,204.099
3,26,226,8.13E-06,6.81E-07,1.41E-05,9.28E-07,3,2,316266,9.20E+08,0.5,27,7.37E-10,0.533196,8.84E-07,1.08E-06,81.6124,-29.6512,0.00361762,620.739,18405.7,34519.5,114.76
3,27,227,7.55E-06,5.32E-07,1.75E-05,9.38E-07,3,2,100369,9.20E+08,0.5,27,7.41E-10,0.450416,1.97E-06,2.45E-06,80.26,-26.1057,0.00637324,515.679,13462.2,29888.3,224.692
3,28,228,4.29E-06,6.09E-07,1.37E-05,9.38E-07,4,2,291686,9.20E+08,0.5,27,8.31E-10,0.55678,1.05E-06,1.28E-06,81.5883,-28.9237,0.00345875,648.005,18742.7,33662.6,116.394
3,29,229,3.01E-06,5.80E-07,1.72E-05,1.00E-06,3,2,163558,9.20E+08,0.5,27,7.38E-10,0.493626,1.46E-06,1.73E-06,84.0584,-27.6088,0.00429434,591.896,16341.5,33105.1,8.86732
3,30,230,8.79E-06,6.32E-07,1.78E-05,9.38E-07,3,2,163181,9.20E+08,0.5,27,7.44E-10,0.475755,1.36E-06,1.62E-06,83.4406,-27.8935,0.00463583,566.275,15795.4,33200.7,24.3213
3,31,231,7.55E-06,6.42E-07,1.90E-05,1.00E-06,3,2,163558,9.20E+08,0.5,27,7.48E-10,0.46402,1.28E-06,1.44E-06,89.3433,-28.4279,0.00499019,591.378,16811.6,36230.4,0.0103563
3,32,232,8.13E-06,6.81E-07,1.72E-05,9.28E-07,3,2,316266,9.20E+08,0.5,27,7.43E-10,0.513701,8.20E-07,1.01E-06,80.8488,-29.9402,0.00342385,592.449,17738,34529.8,172.321
3,33,233,4.29E-06,5.90E-07,1.43E-05,9.38E-07,3,2,223048,9.20E+08,0.5,27,7.32E-10,0.542115,1.30E-06,1.53E-06,84.6534,-28.1492,0.00433183,654.64,18427.6,33992,1.20133
3,34,234,4.29E-06,6.42E-07,1.72E-05,1.00E-06,4,2,268795,9.20E+08,0.5,27,8.40E-10,0.517366,9.76E-07,1.14E-06,85.585,-29.4316,0.00296038,631.629,18589.8,35931.7,3.60E-15
3,35,235,9.32E-06,5.90E-07,1.72E-05,7.16E-07,3,2,206419,9.20E+08,0.5,27,7.36E-10,0.523033,1.31E-06,1.66E-06,78.7513,-27.8061,0.00413323,587.561,16337.8,31236.7,390.464
3,36,236,3.29E-06,6.49E-07,1.74E-05,1.00E-06,2,2,190740,9.20E+08,0.5,27,6.39E-10,0.500119,1.29E-06,1.51E-06,85.2694,-28.2183,0.00515282,608.321,17165.8,34323.5,0
3,37,237,8.88E-06,7.45E-07,1.78E-05,9.38E-07,3,1,220782,9.20E+08,0.5,27,5.47E-10,0.229185,2.24E-07,4.38E-07,51.0633,-33.5806,0.00240411,166.94,5605.97,24460.4,11517.6
3,38,238,4.29E-06,6.42E-07,1.90E-05,9.80E-07,4,2,174736,9.20E+08,0.5,27,8.43E-10,0.483536,1.31E-06,1.48E-06,88.5493,-28.3099,0.00325209,610.773,17291,35759.4,0.00216854
3,39,239,7.55E-06,6.81E-07,1.78E-05,8.74E-07,3,2,156921,9.20E+08,0.5,27,7.41E-10,0.487385,1.48E-06,1.62E-06,91.4019,-27.8983,0.00417731,635.468,17728.4,36374.6,0.00127316
3,40,240,8.79E-06,6.42E-07,1.78E-05,9.38E-07,3,2,188427,9.20E+08,0.5,27,7.45E-10,0.484274,1.22E-06,1.45E-06,84.1378,-28.3962,0.0041193,581.231,16504.7,34081.4,7.43592
3,41,241,8.13E-06,6.77E-07,1.43E-05,9.38E-07,2,2,220782,9.20E+08,0.5,27,6.38E-10,0.516691,1.19E-06,1.35E-06,88.1349,-28.7055,0.00521647,649.599,18647.1,36089.4,0
3,42,242,4.29E-06,5.65E-07,1.43E-05,8.98E-07,3,2,292666,9.20E+08,0.5,27,7.31E-10,0.559442,1.05E-06,1.21E-06,87.3196,-29.1813,0.00424906,696.839,20334.7,36348.2,0
3,43,243,7.55E-06,6.77E-07,1.43E-05,9.38E-07,3,2,220782,9.20E+08,0.5,27,7.37E-10,0.519545,1.20E-06,1.37E-06,87.941,-28.6476,0.00392077,651.749,18671,35937.3,0
3,44,244,5.62E-06,5.90E-07,1.72E-05,9.23E-07,3,2,163558,9.20E+08,0.5,27,7.38E-10,0.50009,1.50E-06,1.75E-06,85.6365,-27.5683,0.00427011,610.904,16841.6,33677.1,0
3,45,245,7.55E-06,7.41E-07,1.76E-05,9.38E-07,3,2,188427,9.20E+08,0.5,27,7.44E-10,0.486662,1.23E-06,1.30E-06,94.4827,-28.8541,0.00392718,655.913,18925.7,38888.9,0.00142315
3,46,246,4.29E-06,6.81E-07,1.59E-05,9.38E-07,3,2,156921,9.20E+08,0.5,27,7.36E-10,0.505191,1.60E-06,1.88E-06,84.7065,-27.2511,0.00430161,610.434,16635,32928.1,0.861217
3,47,247,6.01E-06,5.44E-07,1.90E-05,1.00E-06,4,2,292666,9.20E+08,0.5,27,8.45E-10,0.506589,8.58E-07,1.04E-06,82.8934,-29.8491,0.00284833,599.02,17880.2,35295.3,44.3796
3,48,248,4.29E-06,6.42E-07,1.72E-05,9.80E-07,4,2,268795,9.20E+08,0.5,27,8.39E-10,0.519892,9.86E-07,1.14E-06,86.2916,-29.4219,0.00287796,639.952,18828.6,36216.4,1.21E-15
3,49,249,3.29E-06,6.42E-07,2.00E-05,1.00E-06,4,2,203022,9.20E+08,0.5,27,8.44E-10,0.482656,1.12E-06,1.28E-06,87.1522,-28.9159,0.00315378,600.042,17350.8,35948.5,0.00240661
4,0,250,7.51E-06,5.34E-07,1.78E-05,9.40E-07,3,2,309213,9.20E+08,0.5,27,7.41E-10,0.517827,8.52E-07,1.07E-06,79.8216,-29.7152,0.00356963,589.619,17520.6,33834.9,268.157
4,1,251,4.29E-06,6.28E-07,1.55E-05,9.48E-07,4,2,268795,9.20E+08,0.5,27,8.35E-10,0.537076,1.05E-06,1.22E-06,86.0731,-29.1193,0.00307916,659.432,19202.2,35753.2,0
4,2,252,8.93E-06,5.90E-07,1.72E-05,9.23E-07,3,2,268795,9.20E+08,0.5,27,7.42E-10,0.508634,9.45E-07,1.18E-06,79.7489,-29.2638,0.00359492,578.625,16932.7,33290.6,275.736
4,3,253,7.55E-06,6.73E-07,1.43E-05,9.38E-07,3,2,264026,9.20E+08,0.5,27,7.37E-10,0.527873,1.04E-06,1.27E-06,81.89,-28.9728,0.00383311,616.632,17865.5,33844.4,96.7228
4,4,254,7.51E-06,6.13E-07,1.41E-05,9.38E-07,3,2,316266,9.20E+08,0.5,27,7.36E-10,0.538915,9.04E-07,1.18E-06,76.6142,-29.2824,0.00380109,588.973,17246.5,32002.3,703.221
4,5,255,4.29E-06,5.90E-07,1.84E-05,9.38E-07,2,2,203022,9.20E+08,0.5,27,6.40E-10,0.506916,1.24E-06,1.44E-06,86.0568,-28.4057,0.00513648,622.282,17676.3,34870.4,0
4,6,256,5.62E-06,5.46E-07,1.84E-05,9.23E-07,3,2,163558,9.20E+08,0.5,27,7.40E-10,0.494974,1.47E-06,1.63E-06,90.1048,-27.881,0.00425349,636.205,17738,35836.2,0.000202066
4,7,257,7.55E-06,5.90E-07,1.72E-05,9.38E-07,3,2,292666,9.20E+08,0.5,27,7.41E-10,0.516768,8.96E-07,1.11E-06,81.0567,-29.563,0.00365546,597.518,17664.4,34182.5,155.498
4,8,258,3.38E-06,7.41E-07,1.43E-05,9.38E-07,3,2,216200,9.20E+08,0.5,27,7.32E-10,0.536031,1.31E-06,1.60E-06,81.6299,-27.9588,0.00415456,624.174,17451.1,32556.2,113.573
4,9,259,7.55E-06,5.46E-07,1.84E-05,9.23E-07,2,2,223048,9.20E+08,0.5,27,6.42E-10,0.503262,1.11E-06,1.35E-06,82.8057,-28.7094,0.00475099,594.457,17066.5,33911.8,48.1488
4,10,260,8.13E-06,6.28E-07,1.55E-05,9.62E-07,5,2,190740,9.20E+08,0.5,27,9.40E-10,0.499361,1.28E-06,1.52E-06,84.1164,-28.1882,0.00266714,599.185,16889.9,33823.1,7.80795
4,11,261,7.55E-06,6.08E-07,1.72E-05,9.38E-07,4,1,268795,9.20E+08,0.5,27,6.42E-10,0.303888,3.20E-07,5.35E-07,59.7604,-32.7191,0.00235712,259.056,8476.09,27892.1,6370.68
4,12,262,7.55E-06,6.28E-07,1.43E-05,9.38E-07,3,2,223048,9.20E+08,0.5,27,7.36E-10,0.522863,1.20E-06,1.38E-06,87.4204,-28.6095,0.00397496,652.029,18654.2,35677.1,0
4,13,263,7.55E-06,6.48E-07,1.43E-05,9.38E-07,3,2,223048,9.20E+08,0.5,27,7.37E-10,0.521688,1.20E-06,1.37E-06,87.6095,-28.6389,0.00394861,651.971,18671.7,35791,0
4,14,264,7.55E-06,5.90E-07,1.72E-05,9.38E-07,2,2,206419,9.20E+08,0.5,27,6.41E-10,0.502501,1.20E-06,1.28E-06,93.6445,-28.9246,0.00522445,671.251,19415.7,38638.1,0
4,15,265,4.29E-06,6.10E-07,1.55E-05,9.38E-07,4,2,182299,9.20E+08,0.5,27,8.34E-10,0.520491,1.46E-06,1.77E-06,82.5083,-27.5275,0.00344787,612.6,16863.4,32399,62.0835
4,16,266,7.55E-06,5.90E-07,1.72E-05,9.38E-07,2,2,206419,9.20E+08,0.5,27,6.41E-10,0.502501,1.20E-06,1.28E-06,93.6445,-28.9246,0.00522445,671.251,19415.7,38638.1,0
4,17,267,7.55E-06,6.28E-07,1.43E-05,9.38E-07,3,2,223048,9.20E+08,0.5,27,7.36E-10,0.522863,1.20E-06,1.38E-06,87.4204,-28.6095,0.00397496,652.029,18654.2,35677.1,0
4,18,268,9.17E-06,5.85E-07,1.43E-05,9.38E-07,3,2,151507,9.20E+08,0.5,27,7.38E-10,0.492897,1.57E-06,2.01E-06,78.2652,-26.9771,0.00441612,550.29,14845.2,30118.3,453.577
4,19,269,4.41E-06,6.77E-07,1.55E-05,9.38E-07,3,2,190740,9.20E+08,0.5,27,7.35E-10,0.519299,1.39E-06,1.65E-06,84.123,-27.8232,0.00412635,623.158,17338.2,33387.8,7.69127
4,20,270,7.55E-06,6.77E-07,1.72E-05,8.77E-07,3,2,268795,9.20E+08,0.5,27,7.40E-10,0.516858,9.77E-07,1.20E-06,81.2887,-29.2017,0.00364601,599.332,17501.5,33861.4,137.735
4,21,271,3.29E-06,5.80E-07,1.74E-05,9.55E-07,2,2,292666,9.20E+08,0.5,27,6.37E-10,0.531393,9.50E-07,1.09E-06,86.8648,-29.6131,0.00504655,658.455,19498.9,36693.9,1.52E-14
4,22,272,8.13E-06,6.28E-07,1.55E-05,9.38E-07,4,2,190740,9.20E+08,0.5,27,8.39E-10,0.503139,1.30E-06,1.46E-06,88.7467,-28.3433,0.00320952,636.951,18053.3,35881.4,0
4,23,273,8.13E-06,6.31E-07,1.72E-05,9.38E-07,2,2,268795,9.20E+08,0.5,27,6.43E-10,0.509101,9.47E-07,1.15E-06,82.5649,-29.4034,0.00468161,599.606,17630.5,34630.6,59.2953
4,24,274,4.29E-06,6.28E-07,1.43E-05,9.38E-07,3,2,203022,9.20E+08,0.5,27,7.32E-10,0.535641,1.39E-06,1.63E-06,84.9647,-27.8649,0.00446413,649.2,18089.9,33772.4,0.0124612
4,25,275,7.55E-06,5.59E-07,1.43E-05,9.38E-07,2,2,239314,9.20E+08,0.5,27,6.35E-10,0.530397,1.16E-06,1.46E-06,79.1792,-28.3564,0.00537271,599.071,16987.5,32027.8,338.816
4,26,276,4.29E-06,5.65E-07,2.00E-05,8.98E-07,3,2,221816,9.20E+08,0.5,27,7.41E-10,0.506508,1.14E-06,1.29E-06,87.8559,-28.8877,0.00390366,634.78,18337.3,36203.5,0
4,27,277,2.39E-06,5.90E-07,1.84E-05,9.38E-07,2,2,203022,9.20E+08,0.5,27,6.37E-10,0.50577,1.24E-06,1.34E-06,91.876,-28.7129,0.00501085,662.859,19032.6,37631,0
4,28,278,4.29E-06,5.13E-07,1.72E-05,9.38E-07,2,2,224315,9.20E+08,0.5,27,6.37E-10,0.524143,1.20E-06,1.32E-06,90.9459,-28.7799,0.00525828,679.985,19569.9,37336.9,0
4,29,279,8.13E-06,6.07E-07,1.43E-05,9.38E-07,3,2,220782,9.20E+08,0.5,27,7.37E-10,0.520271,1.20E-06,1.38E-06,87.4319,-28.6104,0.00398155,648.882,18564.8,35682.9,0
4,30,280,4.29E-06,5.90E-07,1.72E-05,9.38E-07,3,2,199384,9.20E+08,0.5,27,7.37E-10,0.514041,1.30E-06,1.50E-06,86.8384,-28.2443,0.00403199,636.76,17984.8,34987.2,0
4,31,281,8.13E-06,5.90E-07,1.72E-05,9.38E-07,3,2,190740,9.20E+08,0.5,27,7.42E-10,0.494909,1.26E-06,1.38E-06,91.441,-28.615,0.00401559,645.554,18472.5,37325.1,0.000207322
4,32,282,8.13E-06,6.28E-07,1.55E-05,9.47E-07,4,2,163558,9.20E+08,0.5,27,8.40E-10,0.492563,1.45E-06,1.65E-06,87.9687,-27.8271,0.00330478,618.096,17199.8,34919,0.000442498
4,33,283,8.13E-06,6.77E-07,1.55E-05,9.38E-07,3,2,190740,9.20E+08,0.5,27,7.40E-10,0.50052,1.29E-06,1.42E-06,90.9335,-28.4903,0.00397098,649.25,18497.3,36956.1,0
4,34,284,7.55E-06,6.28E-07,1.43E-05,9.38E-07,2,2,223048,9.20E+08,0.5,27,6.36E-10,0.523398,1.21E-06,1.37E-06,87.956,-28.6259,0.00534863,656.695,18798.5,35916.3,0
4,35,285,7.55E-06,6.77E-07,1.74E-05,1.00E-06,3,2,228539,9.20E+08,0.5,27,7.45E-10,0.493495,1.04E-06,1.10E-06,94.6758,-29.5802,0.00373862,666.482,19714.7,39949,0.0003385
4,36,286,7.55E-06,5.90E-07,1.72E-05,9.38E-07,4,2,206419,9.20E+08,0.5,27,8.41E-10,0.501704,1.19E-06,1.33E-06,90.0152,-28.7731,0.00314955,644.213,18536,36946.1,0
4,37,287,4.29E-06,5.65E-07,1.43E-05,8.98E-07,3,2,292666,9.20E+08,0.5,27,7.31E-10,0.559442,1.05E-06,1.21E-06,87.3196,-29.1813,0.00424906,696.839,20334.7,36348.2,0
4,38,288,7.55E-06,5.30E-07,1.76E-05,9.38E-07,2,2,206419,9.20E+08,0.5,27,6.41E-10,0.503895,1.21E-06,1.29E-06,93.7761,-28.9062,0.00528291,674.06,19484.5,38667.8,0
4,39,289,3.29E-06,6.49E-07,1.38E-05,9.38E-07,2,2,203022,9.20E+08,0.5,27,6.30E-10,0.542623,1.43E-06,1.67E-06,85.6176,-27.7825,0.00597515,662.716,18411.9,33931.3,0
4,40,290,3.29E-06,6.28E-07,2.00E-05,9.38E-07,4,2,203022,9.20E+08,0.5,27,8.42E-10,0.49298,1.17E-06,1.35E-06,86.4458,-28.686,0.00310809,607.91,17438.5,35373.7,0.000394273
4,41,291,6.25E-06,6.77E-07,1.44E-05,8.64E-07,3,1,190740,9.20E+08,0.5,27,5.33E-10,0.334851,5.63E-07,8.57E-07,65.6359,-30.6689,0.00343121,313.516,9615.2,28714.8,3749.89
4,42,292,8.13E-06,6.77E-07,1.55E-05,9.38E-07,3,2,190740,9.20E+08,0.5,27,7.40E-10,0.50052,1.29E-06,1.42E-06,90.9335,-28.4903,0.00397098,649.25,18497.3,36956.1,0
4,43,293,5.62E-06,5.46E-07,1.72E-05,9.38E-07,4,2,206419,9.20E+08,0.5,27,8.38E-10,0.513008,1.25E-06,1.40E-06,89.0033,-28.524,0.00318812,651.323,18578.3,36214.5,0
4,44,294,4.29E-06,6.42E-07,1.55E-05,9.80E-07,4,2,190740,9.20E+08,0.5,27,8.36E-10,0.515353,1.36E-06,1.66E-06,82.4042,-27.8085,0.00321713,605.787,16846,32688.3,67.3838
4,45,295,8.13E-06,6.77E-07,1.43E-05,9.38E-07,3,2,190740,9.20E+08,0.5,27,7.38E-10,0.508377,1.33E-06,1.50E-06,88.6067,-28.2395,0.00398871,642.567,18145.8,35693.6,0
4,46,296,4.29E-06,6.28E-07,2.00E-05,9.96E-07,2,2,233104,9.20E+08,0.5,27,6.45E-10,0.4925,1.02E-06,1.07E-06,95.3353,-29.7101,0.00479023,669.771,19899,40404,1.12504
4,47,297,6.39E-06,6.77E-07,1.43E-05,9.38E-07,3,2,259350,9.20E+08,0.5,27,7.36E-10,0.533464,1.08E-06,1.33E-06,81.2538,-28.7681,0.00363119,618.322,17788,33344.3,140.341
4,48,298,9.48E-06,6.37E-07,1.50E-05,9.20E-07,4,2,190740,9.20E+08,0.5,27,8.40E-10,0.500489,1.29E-06,1.47E-06,87.6693,-28.3373,0.00317632,625.904,17736.5,35438.3,0
4,49,299,7.55E-06,5.90E-07,1.57E-05,9.38E-07,2,2,291686,9.20E+08,0.5,27,6.38E-10,0.527488,9.39E-07,1.09E-06,85.737,-29.6061,0.00488619,645.13,19099.8,36208.9,2.25E-14
5,0,300,4.29E-06,6.77E-07,1.72E-05,1.00E-06,2,2,221816,9.20E+08,0.5,27,6.40E-10,0.507026,1.14E-06,1.26E-06,90.5492,-29.0119,0.00510366,654.909,19000.2,37473.8,0
5,1,301,4.29E-06,5.90E-07,1.72E-05,1.00E-06,4,2,221816,9.20E+08,0.5,27,8.40E-10,0.510638,1.15E-06,1.34E-06,86.053,-28.7377,0.00320794,626.823,18013.5,35276.4,0
5,2,302,6.31E-06,6.28E-07,1.43E-05,9.38E-07,4,2,163558,9.20E+08,0.5,27,8.35E-10,0.512573,1.58E-06,1.91E-06,82.6424,-27.1992,0.00337833,604.262,16435.4,32064.6,55.5815
5,3,303,4.29E-06,5.90E-07,1.72E-05,8.98E-07,3,2,199384,9.20E+08,0.5,27,7.36E-10,0.519871,1.33E-06,1.54E-06,86.2913,-28.1141,0.00411344,639.925,17990.9,34606.5,0
5,4,304,7.55E-06,6.28E-07,1.81E-05,9.38E-07,3,2,223048,9.20E+08,0.5,27,7.43E-10,0.498089,1.09E-06,1.32E-06,82.6968,-28.7993,0.00359859,587.573,16921.7,33973.2,53.0481
5,5,305,4.29E-06,6.77E-07,1.59E-05,9.38E-07,3,2,156921,9.20E+08,0.5,27,7.36E-10,0.505402,1.60E-06,1.88E-06,84.7312,-27.2486,0.00430453,610.867,16645.3,32934.8,0.722378
5,6,306,2.39E-06,5.90E-07,1.84E-05,9.25E-07,3,2,203022,9.20E+08,0.5,27,7.37E-10,0.507319,1.24E-06,1.41E-06,88.2228,-28.5135,0.00392254,638.452,18204.5,35883.8,0
5,7,307,6.08E-06,5.90E-07,1.72E-05,9.38E-07,3,2,223048,9.20E+08,0.5,27,7.40E-10,0.512633,1.16E-06,1.29E-06,90.0058,-28.9102,0.00389236,658.178,19028,37118.2,0
5,8,308,4.29E-06,6.48E-07,1.43E-05,9.41E-07,3,2,223048,9.20E+08,0.5,27,7.33E-10,0.538763,1.28E-06,1.52E-06,84.1919,-28.1809,0.00423466,647.045,18234.3,33844.7,6.53106
5,9,309,4.93E-06,5.13E-07,1.54E-05,9.38E-07,2,2,228310,9.20E+08,0.5,27,6.34E-10,0.536521,1.24E-06,1.42E-06,87.4624,-28.4831,0.0057343,669.382,19066,35536.5,0
5,10,310,7.55E-06,5.59E-07,1.43E-05,9.38E-07,2,2,223048,9.20E+08,0.5,27,6.35E-10,0.527163,1.22E-06,1.57E-06,77.7772,-28.0282,0.00537995,584.876,16393,31096.6,521.69
5,11,311,7.55E-06,6.77E-07,1.85E-05,9.70E-07,3,2,163705,9.20E+08,0.5,27,7.46E-10,0.469937,1.32E-06,1.41E-06,93.4462,-28.5103,0.00465905,626.423,17859.5,38004,0.00723023
5,12,312,8.08E-06,5.65E-07,1.56E-05,8.98E-07,3,2,292666,9.20E+08,0.5,27,7.37E-10,0.530412,9.46E-07,1.16E-06,81.5343,-29.3547,0.00376721,616.908,18109.1,34141.6,120.11
5,13,313,7.55E-06,6.08E-07,1.29E-05,9.38E-07,3,2,221362,9.20E+08,0.5,27,7.33E-10,0.532767,1.26E-06,1.65E-06,76.3409,-27.8221,0.00404993,580.177,16141.7,30297.9,749.807
5,14,314,8.13E-06,6.37E-07,1.43E-05,9.20E-07,4,2,186623,9.20E+08,0.5,27,8.37E-10,0.511654,1.38E-06,1.76E-06,78.3454,-27.5565,0.00324525,571.815,15757.3,30796.7,442.839
5,15,315,4.29E-06,5.90E-07,1.82E-05,9.38E-07,2,2,224315,9.20E+08,0.5,27,6.39E-10,0.513184,1.15E-06,1.28E-06,90.1257,-28.9297,0.00516812,659.763,19086.8,37192.8,0
5,16,316,8.90E-06,5.90E-07,1.72E-05,9.38E-07,2,2,206419,9.20E+08,0.5,27,6.43E-10,0.49541,1.17E-06,1.43E-06,81.7579,-28.4616,0.00510098,577.778,16444.5,33193.6,105.111
5,17,317,4.29E-06,6.28E-07,1.43E-05,9.24E-07,4,2,223048,9.20E+08,0.5,27,8.32E-10,0.541659,1.29E-06,1.57E-06,82.1401,-28.0315,0.00354898,634.669,17790.7,32844.8,81.7918
5,18,318,4.29E-06,5.90E-07,1.82E-05,9.38E-07,2,2,224315,9.20E+08,0.5,27,6.39E-10,0.513184,1.15E-06,1.28E-06,90.1257,-28.9297,0.00516812,659.763,19086.8,37192.8,0
5,19,319,7.55E-06,6.69E-07,1.47E-05,8.88E-07,3,2,223048,9.20E+08,0.5,27,7.36E-10,0.524621,1.21E-06,1.41E-06,85.7816,-28.4951,0.00398281,641.956,18292.6,34868.3,0
5,20,320,4.93E-06,5.13E-07,1.72E-05,9.38E-07,2,2,206419,9.20E+08,0.5,27,6.37E-10,0.518188,1.28E-06,1.39E-06,92.2536,-28.5838,0.00534734,681.925,19492,37615.7,0
5,21,321,3.50E-06,5.90E-07,1.64E-05,9.20E-07,2,2,203022,9.20E+08,0.5,27,6.34E-10,0.526434,1.34E-06,1.55E-06,86.7786,-28.107,0.00552444,651.662,18316.2,34793.1,0
5,22,322,7.55E-06,6.77E-07,1.49E-05,9.38E-07,3,2,223048,9.20E+08,0.5,27,7.38E-10,0.516045,1.17E-06,1.32E-06,88.6659,-28.7874,0.00388229,652.695,18789.4,36410.4,0
5,23,323,3.29E-06,6.77E-07,1.43E-05,1.00E-06,3,2,203022,9.20E+08,0.5,27,7.33E-10,0.527355,1.35E-06,1.65E-06,81.3821,-27.8168,0.00400131,612.208,17029.7,32292.6,130.889
5,24,324,7.55E-06,7.17E-07,1.43E-05,9.40E-07,3,2,223048,9.20E+08,0.5,27,7.38E-10,0.517513,1.18E-06,1.34E-06,88.0488,-28.7322,0.00386614,649.996,18675.8,36087.7,0
5,25,325,2.39E-06,6.09E-07,1.55E-05,9.25E-07,4,2,163558,9.20E+08,0.5,27,8.32E-10,0.516104,1.60E-06,1.92E-06,83.1226,-27.1694,0.00365358,611.959,16626.6,32215.6,35.2456
5,26,326,7.55E-06,5.40E-07,1.38E-05,9.38E-07,2,2,234089,9.20E+08,0.5,27,6.34E-10,0.533957,1.20E-06,1.58E-06,75.7154,-28.0075,0.00542551,576.71,16152.2,30250,862.034
5,27,327,4.29E-06,6.78E-07,1.50E-05,9.20E-07,4,2,224315,9.20E+08,0.5,27,8.33E-10,0.534507,1.25E-06,1.48E-06,84.5637,-28.2986,0.00319933,644.768,18246.1,34136.2,1.90336
5,28,328,7.55E-06,5.53E-07,1.55E-05,9.08E-07,4,2,223048,9.20E+08,0.5,27,8.37E-10,0.522581,1.20E-06,1.49E-06,80.7365,-28.2722,0.00322218,601.852,17015.7,32560.9,181.774
5,29,329,4.93E-06,6.45E-07,1.54E-05,9.38E-07,2,2,291686,9.20E+08,0.5,27,6.35E-10,0.539659,9.84E-07,1.17E-06,83.7437,-29.3009,0.00521907,644.671,18889.4,35002.5,15.7824
5,30,330,3.29E-06,5.14E-07,1.74E-05,1.00E-06,2,2,203022,9.20E+08,0.5,27,6.38E-10,0.511304,1.26E-06,1.47E-06,86.1416,-28.3356,0.00526421,628.288,17802.9,34818.6,0
5,31,331,3.45E-06,6.28E-07,2.00E-05,9.48E-07,4,2,242247,9.20E+08,0.5,27,8.42E-10,0.501266,1.01E-06,1.16E-06,87.3456,-29.3506,0.00297906,624.563,18331.3,36570,0
5,32,332,7.55E-06,6.57E-07,1.47E-05,9.38E-07,3,2,261569,9.20E+08,0.5,27,7.38E-10,0.525729,1.04E-06,1.20E-06,86.7548,-29.2187,0.00381291,650.612,19010,36159.3,0
5,33,333,4.93E-06,5.13E-07,1.72E-05,9.38E-07,3,2,228310,9.20E+08,0.5,27,7.37E-10,0.522285,1.17E-06,1.33E-06,88.2804,-28.7606,0.0039387,657.715,18916.3,36218.3,0
5,34,334,7.55E-06,5.13E-07,1.72E-05,9.38E-07,3,2,224315,9.20E+08,0.5,27,7.40E-10,0.510315,1.14E-06,1.31E-06,86.9356,-28.8256,0.00393744,632.852,18242.3,35747.2,0
5,35,335,4.29E-06,5.90E-07,2.00E-05,8.98E-07,3,1,221816,9.20E+08,0.5,27,5.41E-10,0.284475,3.44E-07,6.01E-07,57.2295,-32.208,0.00308255,232.236,7479.87,26293.6,7712.38
5,36,336,8.18E-06,6.08E-07,1.43E-05,9.38E-07,2,2,196146,9.20E+08,0.5,27,6.37E-10,0.514068,1.32E-06,1.67E-06,79.122,-27.7698,0.00545555,580.209,16112.3,31342.7,345.504
5,37,337,8.13E-06,7.33E-07,1.43E-05,9.25E-07,4,2,190740,9.20E+08,0.5,27,8.38E-10,0.506501,1.32E-06,1.49E-06,88.2652,-28.2602,0.00313775,637.729,18022.3,35582.1,0
5,38,338,4.29E-06,5.55E-07,1.72E-05,8.98E-07,3,2,221816,9.20E+08,0.5,27,7.36E-10,0.526804,1.23E-06,1.41E-06,87.3324,-28.5103,0.00381878,656.283,18710.8,35517.6,0
5,39,339,7.80E-06,6.77E-07,1.54E-05,9.49E-07,2,2,208004,9.20E+08,0.5,27,6.40E-10,0.507281,1.21E-06,1.32E-06,91.6844,-28.7821,0.00522131,663.453,19095.6,37643,0
5,40,340,7.55E-06,6.49E-07,1.38E-05,9.38E-07,3,2,220782,9.20E+08,0.5,27,7.36E-10,0.5246,1.22E-06,1.41E-06,86.8342,-28.5068,0.00398626,649.808,18524,35310.7,0
5,41,341,5.55E-06,6.08E-07,1.54E-05,9.59E-07,2,2,228310,9.20E+08,0.5,27,6.36E-10,0.525754,1.19E-06,1.32E-06,89.9856,-28.7848,0.00529381,674.872,19426.1,36949,0
5,42,342,4.29E-06,7.03E-07,1.72E-05,1.00E-06,2,2,181259,9.20E+08,0.5,27,6.41E-10,0.493665,1.32E-06,1.51E-06,87.3972,-28.2202,0.00529508,615.454,17368.2,35182.2,0.000321092
5,43,343,5.62E-06,5.24E-07,1.72E-05,8.93E-07,4,2,163558,9.20E+08,0.5,27,8.37E-10,0.508725,1.55E-06,1.80E-06,86.4618,-27.459,0.00343414,627.442,17228.9,33866.8,0
5,44,344,7.55E-06,6.09E-07,1.43E-05,9.38E-07,4,2,223048,9.20E+08,0.5,27,8.36E-10,0.523402,1.21E-06,1.57E-06,76.9732,-28.0531,0.00308173,574.7,16122.1,30802.6,644.297
5,45,345,7.55E-06,6.08E-07,1.43E-05,9.38E-07,3,2,190740,9.20E+08,0.5,27,7.36E-10,0.515767,1.37E-06,1.73E-06,79.1724,-27.6214,0.00409478,582.497,16089.4,31195,339.606
5,46,346,7.55E-06,6.28E-07,1.43E-05,9.38E-07,2,2,223048,9.20E+08,0.5,27,6.36E-10,0.523398,1.21E-06,1.37E-06,87.956,-28.6259,0.00534863,656.695,18798.5,35916.3,0
5,47,347,4.47E-06,4.76E-07,1.72E-05,9.38E-07,3,2,206419,9.20E+08,0.5,27,7.37E-10,0.521167,1.29E-06,1.49E-06,86.5755,-28.2575,0.0040692,643.632,18187.5,34897.6,0
5,48,348,5.62E-06,5.90E-07,1.25E-05,9.38E-07,2,2,128385,9.20E+08,0.5,27,6.30E-10,0.516043,2.03E-06,2.54E-06,80.0634,-25.9563,0.00671939,589.368,15297.8,29644.4,243.698
5,49,349,7.55E-06,6.48E-07,1.76E-05,9.38E-07,3,2,206419,9.20E+08,0.5,27,7.43E-10,0.496792,1.17E-06,1.35E-06,87.089,-28.7122,0.00390063,617.169,17720.3,35669.4,8.23E-05
6,0,350,7.55E-06,6.49E-07,1.50E-05,9.07E-07,4,2,190740,9.20E+08,0.5,27,8.37E-10,0.512897,1.35E-06,1.55E-06,87.2963,-28.0983,0.0032413,638.693,17946.2,34989.9,0
6,1,351,7.55E-06,5.30E-07,1.76E-05,9.38E-07,4,2,268795,9.20E+08,0.5,27,8.41E-10,0.514532,9.66E-07,1.15E-06,84.0437,-29.3969,0.0030037,616.855,18133.7,35243,9.14581
6,2,352,7.55E-06,6.99E-07,1.43E-05,9.38E-07,3,2,220782,9.20E+08,0.5,27,7.37E-10,0.518289,1.19E-06,1.36E-06,88.0149,-28.6728,0.00389554,650.72,18657.9,35999.1,0
6,3,353,4.29E-06,5.90E-07,1.43E-05,9.38E-07,3,2,190740,9.20E+08,0.5,27,7.32E-10,0.53431,1.47E-06,1.75E-06,83.9571,-27.5647,0.00465638,639.907,17638.9,33012.4,10.8755
6,4,354,2.52E-06,5.90E-07,1.90E-05,9.38E-07,2,2,171014,9.20E+08,0.5,27,6.39E-10,0.489481,1.37E-06,1.62E-06,84.5193,-27.8991,0.00524557,590.144,16464.5,33636.6,2.31169
6,5,355,4.47E-06,5.30E-07,1.76E-05,9.01E-07,3,2,206419,9.20E+08,0.5,27,7.36E-10,0.521365,1.29E-06,1.46E-06,88.9621,-28.3707,0.00404118,661.627,18770.8,36003.3,0
6,6,356,7.55E-06,6.77E-07,1.43E-05,9.38E-07,3,2,220782,9.20E+08,0.5,27,7.37E-10,0.519545,1.20E-06,1.37E-06,87.941,-28.6476,0.00392077,651.749,18671,35937.3,0
6,7,357,3.57E-06,6.28E-07,1.84E-05,8.72E-07,4,2,182299,9.20E+08,0.5,27,8.37E-10,0.50944,1.40E-06,1.66E-06,84.2628,-27.8072,0.00322772,612.344,17027.6,33424.1,5.43396
6,8,358,7.55E-06,5.31E-07,2.00E-05,8.98E-07,2,2,221816,9.20E+08,0.5,27,6.44E-10,0.497203,1.09E-06,1.29E-06,84.8883,-28.9012,0.00486145,602.071,17400.6,34996.9,0.124817
6,9,359,6.92E-06,5.51E-07,1.87E-05,9.38E-07,3,2,223048,9.20E+08,0.5,27,7.43E-10,0.501325,1.10E-06,1.33E-06,82.9511,-28.7558,0.00390421,593.208,17058.2,34026.3,41.9819
6,10,360,7.55E-06,5.33E-07,1.50E-05,8.84E-07,3,2,163558,9.20E+08,0.5,27,7.35E-10,0.514942,1.59E-06,2.00E-06,79.7006,-26.9948,0.00437848,585.446,15804,30690.8,280.836
6,11,361,4.29E-06,6.28E-07,1.72E-05,9.38E-07,4,2,190740,9.20E+08,0.5,27,8.38E-10,0.509184,1.33E-06,1.57E-06,84.8326,-28.0397,0.00323567,616.174,17277.3,33931.4,0.280166
6,12,362,4.47E-06,6.28E-07,1.43E-05,9.38E-07,3,2,223048,9.20E+08,0.5,27,7.32E-10,0.53943,1.28E-06,1.51E-06,84.7088,-28.1965,0.0043308,651.824,18379.2,34071.5,0.847828
6,13,363,9.48E-06,6.28E-07,1.48E-05,9.20E-07,3,2,223048,9.20E+08,0.5,27,7.39E-10,0.511209,1.15E-06,1.35E-06,85.0118,-28.6889,0.00387653,619.933,17785.2,34790.4,0
6,14,364,8.09E-06,6.69E-07,1.47E-05,8.88E-07,4,2,242247,9.20E+08,0.5,27,8.37E-10,0.52468,1.12E-06,1.32E-06,84.2204,-28.7782,0.00308802,630.345,18140.2,34573.7,6.07832
6,15,365,4.29E-06,6.48E-07,1.43E-05,9.38E-07,3,2,223048,9.20E+08,0.5,27,7.32E-10,0.538988,1.28E-06,1.53E-06,83.7531,-28.1529,0.00414216,643.942,18128.9,33635,15.5474
6,16,366,7.55E-06,5.13E-07,1.47E-05,8.88E-07,3,2,224315,9.20E+08,0.5,27,7.34E-10,0.533625,1.25E-06,1.62E-06,76.9466,-27.8966,0.00416867,585.722,16339.7,30620.1,648.58
6,17,367,4.93E-06,6.95E-07,1.43E-05,9.38E-07,3,2,220782,9.20E+08,0.5,27,7.34E-10,0.533267,1.27E-06,1.48E-06,85.5688,-28.2966,0.00408231,650.919,18418.8,34539.5,0
6,18,368,8.13E-06,6.77E-07,1.55E-05,9.38E-07,2,2,228310,9.20E+08,0.5,27,6.40E-10,0.510363,1.12E-06,1.39E-06,80.4848,-28.567,0.00483543,585.948,16738.8,32797.9,203.87
6,19,369,9.48E-06,5.90E-07,1.50E-05,9.38E-07,4,2,224315,9.20E+08,0.5,27,8.39E-10,0.509424,1.13E-06,1.37E-06,82.9643,-28.6458,0.0031071,602.889,17270.3,33901.5,41.4404
6,20,370,9.88E-06,5.90E-07,1.53E-05,9.38E-07,4,2,206419,9.20E+08,0.5,27,8.40E-10,0.501256,1.19E-06,1.36E-06,87.7614,-28.6732,0.00314755,627.523,17993.1,35896,0
6,21,371,7.55E-06,5.11E-07,1.79E-05,9.38E-07,3,2,163558,9.20E+08,0.5,27,7.41E-10,0.48948,1.43E-06,1.57E-06,91.5053,-28.049,0.00427904,638.921,17921.1,36612.6,0.000885337
6,22,372,8.13E-06,6.77E-07,1.60E-05,8.88E-07,3,2,190740,9.20E+08,0.5,27,7.39E-10,0.504605,1.31E-06,1.46E-06,89.8718,-28.364,0.00398455,646.906,18348.9,36362.8,0
6,23,373,8.13E-06,5.90E-07,1.72E-05,9.38E-07,3,2,190740,9.20E+08,0.5,27,7.42E-10,0.494909,1.26E-06,1.38E-06,91.441,-28.615,0.00401559,645.554,18472.5,37325.1,0.000207322
6,24,374,3.45E-06,6.28E-07,1.43E-05,9.38E-07,4,2,242247,9.20E+08,0.5,27,8.31E-10,0.546707,1.21E-06,1.48E-06,82.0707,-28.3051,0.00341519,640.043,18116.4,33137.4,85.8077
6,25,375,7.55E-06,5.90E-07,1.84E-05,9.70E-07,2,2,203022,9.20E+08,0.5,27,6.45E-10,0.48989,1.16E-06,1.28E-06,90.377,-28.9274,0.00520369,631.572,18269.8,37293.6,0.000817672
6,26,376,7.55E-06,5.90E-07,1.72E-05,9.38E-07,2,2,223048,9.20E+08,0.5,27,6.41E-10,0.506069,1.13E-06,1.37E-06,82.5244,-28.6463,0.00485777,595.742,17065.8,33722.3,61.2844
6,27,377,4.29E-06,6.69E-07,1.47E-05,8.88E-07,4,2,268795,9.20E+08,0.5,27,8.32E-10,0.549388,1.10E-06,1.36E-06,81.3294,-28.6713,0.00343452,637.372,18274.3,33262.9,134.734
6,28,378,4.29E-06,5.30E-07,1.76E-05,8.98E-07,2,2,199384,9.20E+08,0.5,27,6.36E-10,0.521356,1.34E-06,1.52E-06,88.1877,-28.1821,0.00517883,655.857,18483.4,35452.5,0
6,29,379,5.62E-06,6.28E-07,1.86E-05,9.38E-07,3,2,163558,9.20E+08,0.5,27,7.42E-10,0.486194,1.41E-06,1.61E-06,87.6915,-27.9239,0.00424491,608.182,16982.8,34930.1,0.00152477
6,30,380,4.29E-06,5.13E-07,1.72E-05,9.38E-07,2,2,224315,9.20E+08,0.5,27,6.37E-10,0.524143,1.20E-06,1.32E-06,90.9459,-28.7799,0.00525828,679.985,19569.9,37336.9,0
6,31,381,5.62E-06,6.48E-07,1.43E-05,9.38E-07,3,2,163558,9.20E+08,0.5,27,7.34E-10,0.515957,1.60E-06,1.82E-06,87.5783,-27.3934,0.00450811,644.58,17657.2,34222.2,0
6,32,382,4.29E-06,5.65E-07,1.43E-05,8.98E-07,2,2,223048,9.20E+08,0.5,27,6.31E-10,0.549371,1.33E-06,1.57E-06,84.9057,-28.0421,0.00582837,665.378,18658.6,33963.6,0.0889288
6,33,383,7.55E-06,6.28E-07,1.43E-05,9.38E-07,3,1,220782,9.20E+08,0.5,27,5.36E-10,0.316821,4.32E-07,6.76E-07,63.876,-31.6975,0.00326366,288.681,9150.46,28882.1,4462.51
6,34,384,7.55E-06,6.49E-07,1.74E-05,1.00E-06,3,2,223048,9.20E+08,0.5,27,7.45E-10,0.493694,1.07E-06,1.14E-06,94.1276,-29.4457,0.00378806,662.889,19519.2,39537.1,0.000318173
6,35,385,2.39E-06,5.90E-07,1.84E-05,9.38E-07,2,2,203022,9.20E+08,0.5,27,6.37E-10,0.50577,1.24E-06,1.34E-06,91.876,-28.7129,0.00501085,662.859,19032.6,37631,0
6,36,386,4.29E-06,6.42E-07,1.55E-05,9.48E-07,4,2,278884,9.20E+08,0.5,27,8.35E-10,0.537881,1.02E-06,1.19E-06,85.6956,-29.2471,0.00306172,657.523,19230.7,35752.6,0
6,37,387,7.55E-06,5.65E-07,2.00E-05,8.98E-07,3,2,221816,9.20E+08,0.5,27,7.44E-10,0.495076,1.08E-06,1.22E-06,89.1467,-29.1532,0.00368579,629.568,18353.9,37072.9,0.000193997
6,38,388,8.13E-06,5.65E-07,2.00E-05,8.98E-07,3,2,221816,9.20E+08,0.5,27,7.45E-10,0.492433,1.07E-06,1.29E-06,83.264,-28.9046,0.00366066,584.886,16905.9,34331.4,30.1372
6,39,389,7.55E-06,6.77E-07,1.43E-05,9.38E-07,3,2,245468,9.20E+08,0.5,27,7.37E-10,0.524617,1.10E-06,1.28E-06,86.1037,-28.93,0.00391044,644.363,18641.4,35533.4,0
6,40,390,7.55E-06,5.90E-07,1.72E-05,9.80E-07,2,2,206419,9.20E+08,0.5,27,6.43E-10,0.496617,1.17E-06,1.24E-06,94.0952,-29.0528,0.00521842,666.585,19366.1,38996.1,9.15E-05
6,41,391,4.29E-06,5.68E-07,1.82E-05,9.38E-07,2,2,253102,9.20E+08,0.5,27,6.39E-10,0.519528,1.05E-06,1.15E-06,91.3489,-29.399,0.0046747,676.984,19902.7,38309.1,0
6,42,392,4.29E-06,5.90E-07,1.72E-05,9.38E-07,2,2,224315,9.20E+08,0.5,27,6.37E-10,0.520341,1.19E-06,1.29E-06,92.2209,-28.9053,0.00517014,684.515,19786.1,38025.3,0
6,43,393,8.74E-06,6.50E-07,1.43E-05,9.38E-07,3,2,223048,9.20E+08,0.5,27,7.38E-10,0.51459,1.17E-06,1.32E-06,88.3856,-28.7998,0.00388191,648.798,18685.3,36311,0
6,44,394,3.45E-06,6.28E-07,1.43E-05,9.48E-07,4,2,262375,9.20E+08,0.5,27,8.31E-10,0.548916,1.13E-06,1.38E-06,81.8952,-28.6065,0.00326561,641.255,18344.1,33418.7,96.3969
6,45,395,9.48E-06,6.37E-07,1.50E-05,9.20E-07,4,2,170170,9.20E+08,0.5,27,8.40E-10,0.49367,1.40E-06,1.61E-06,86.9946,-27.9303,0.00324135,612.625,17110.8,34660.4,0.000320578
6,46,396,4.29E-06,6.28E-07,1.55E-05,9.48E-07,4,2,268795,9.20E+08,0.5,27,8.35E-10,0.537076,1.05E-06,1.22E-06,86.0731,-29.1193,0.00307916,659.432,19202.2,35753.2,0
6,47,397,4.29E-06,4.54E-07,1.76E-05,8.98E-07,2,2,165580,9.20E+08,0.5,27,6.35E-10,0.515732,1.58E-06,1.78E-06,88.4123,-27.4854,0.00577577,650.434,17877.4,34664.2,0
6,48,398,7.55E-06,5.90E-07,1.43E-05,9.37E-07,3,2,206419,9.20E+08,0.5,27,7.36E-10,0.52115,1.29E-06,1.65E-06,78.3475,-27.8266,0.00403997,582.444,16207.4,31099.4,442.557
6,49,399,7.55E-06,5.13E-07,1.47E-05,9.38E-07,2,2,224315,9.20E+08,0.5,27,6.35E-10,0.527478,1.22E-06,1.59E-06,76.4677,-27.9739,0.00538513,575.372,16095.4,30513.9,728.005
7,0,400,7.55E-06,6.57E-07,1.43E-05,8.81E-07,3,2,261569,9.20E+08,0.5,27,7.35E-10,0.535027,1.08E-06,1.34E-06,80.3341,-28.7263,0.00392546,613.114,17612.5,32918.9,217.71
7,1,401,7.55E-06,6.28E-07,1.43E-05,9.38E-07,2,2,222427,9.20E+08,0.5,27,6.36E-10,0.523267,1.21E-06,1.37E-06,88.0337,-28.6199,0.00535217,657.111,18806.5,35940.5,0
7,2,402,7.55E-06,6.08E-07,1.54E-05,9.38E-07,3,2,228310,9.20E+08,0.5,27,7.38E-10,0.517785,1.15E-06,1.30E-06,88.8838,-28.8691,0.00391609,656.505,18952.7,36603.5,0
7,3,403,7.55E-06,5.90E-07,1.84E-05,8.83E-07,2,2,203022,9.20E+08,0.5,27,6.41E-10,0.501969,1.22E-06,1.47E-06,82.8602,-28.3261,0.00489621,593.32,16806.4,33481,45.786
7,4,404,4.29E-06,6.47E-07,1.72E-05,1.00E-06,2,2,221816,9.20E+08,0.5,27,6.40E-10,0.508495,1.14E-06,1.27E-06,89.8352,-28.951,0.00507499,651.628,18865.3,37100.2,0
7,5,405,4.93E-06,5.30E-07,1.54E-05,9.38E-07,2,2,206419,9.20E+08,0.5,27,6.34E-10,0.530999,1.34E-06,1.56E-06,86.2604,-28.078,0.0057461,653.388,18345.8,34549.7,0
7,6,406,4.29E-06,5.65E-07,1.84E-05,9.38E-07,4,2,222971,9.20E+08,0.5,27,8.39E-10,0.512346,1.15E-06,1.32E-06,87.3422,-28.7898,0.00314634,638.342,18377.7,35869.8,0
7,7,407,2.39E-06,5.13E-07,1.72E-05,9.81E-07,2,2,224315,9.20E+08,0.5,27,6.36E-10,0.519627,1.18E-06,1.22E-06,97.2758,-29.1527,0.00500476,721.045,21020.4,40452.9,51.7926
7,8,408,4.29E-06,5.90E-07,1.47E-05,9.38E-07,3,2,182299,9.20E+08,0.5,27,7.33E-10,0.528769,1.51E-06,1.78E-06,84.6416,-27.496,0.00455219,638.434,17554.4,33198.6,1.28483
7,9,409,4.29E-06,5.90E-07,1.82E-05,9.38E-07,2,2,292666,9.20E+08,0.5,27,6.39E-10,0.524276,9.24E-07,1.02E-06,90.4343,-29.9048,0.00481611,676.33,20225.6,38578.1,3.43E-14
7,10,410,4.29E-06,6.77E-07,1.30E-05,9.38E-07,2,2,220782,9.20E+08,0.5,27,6.30E-10,0.548479,1.34E-06,1.63E-06,82.4977,-27.8896,0.0057708,645.458,18001.5,32820.9,62.6157
7,11,411,4.70E-06,6.49E-07,1.55E-05,9.38E-07,2,2,203022,9.20E+08,0.5,27,6.35E-10,0.5242,1.33E-06,1.52E-06,87.7243,-28.1918,0.00548029,655.968,18492.9,35278.3,0
7,12,412,7.55E-06,6.77E-07,1.50E-05,9.38E-07,3,2,221816,9.20E+08,0.5,27,7.38E-10,0.515004,1.17E-06,1.32E-06,88.8326,-28.7895,0.00388086,652.603,18788.1,36481.5,0
7,13,413,4.47E-06,4.76E-07,1.72E-05,9.38E-07,3,2,203022,9.20E+08,0.5,27,7.37E-10,0.520354,1.31E-06,1.52E-06,86.326,-28.1869,0.00409439,640.777,18061.5,34710.1,0
7,14,414,4.29E-06,5.65E-07,1.84E-05,8.98E-07,4,2,221816,9.20E+08,0.5,27,8.38E-10,0.51771,1.19E-06,1.39E-06,85.5568,-28.5823,0.00322274,631.841,18059.5,34883.4,0
7,15,415,8.13E-06,6.28E-07,1.43E-05,9.38E-07,3,2,190740,9.20E+08,0.5,27,7.37E-10,0.511171,1.34E-06,1.70E-06,78.9289,-27.688,0.0040621,575.531,15935.3,31174.1,368.579
7,16,416,5.90E-06,6.99E-07,1.43E-05,9.52E-07,4,2,223048,9.20E+08,0.5,27,8.36E-10,0.526187,1.22E-06,1.49E-06,81.9431,-28.2787,0.00318377,615.062,17393.2,33055.1,93.446
7,17,417,7.55E-06,6.77E-07,1.43E-05,9.38E-07,3,2,269701,9.20E+08,0.5,27,7.37E-10,0.528486,1.02E-06,1.19E-06,85.41,-29.2373,0.00378541,643.885,18825.5,35621.5,0
7,18,418,7.55E-06,5.90E-07,1.47E-05,9.38E-07,3,2,249360,9.20E+08,0.5,27,7.36E-10,0.527561,1.10E-06,1.33E-06,82.5744,-28.7663,0.00398154,621.418,17875.9,33884,58.8372
7,19,419,4.93E-06,5.13E-07,1.54E-05,9.38E-07,2,2,228310,9.20E+08,0.5,27,6.34E-10,0.536521,1.24E-06,1.42E-06,87.4624,-28.4831,0.0057343,669.382,19066,35536.5,0
7,20,420,7.38E-06,6.77E-07,1.43E-05,9.20E-07,3,2,220782,9.20E+08,0.5,27,7.36E-10,0.522977,1.22E-06,1.39E-06,87.2973,-28.5561,0.00395834,651.252,18597.2,35560.4,0
7,21,421,5.81E-06,6.28E-07,1.54E-05,9.48E-07,4,2,242247,9.20E+08,0.5,27,8.37E-10,0.526823,1.12E-06,1.31E-06,85.8268,-28.8262,0.00309959,644.992,18592.7,35292,0
7,22,422,7.55E-06,5.90E-07,1.72E-05,9.38E-07,3,2,197739,9.20E+08,0.5,27,7.41E-10,0.499763,1.24E-06,1.36E-06,91.3555,-28.6798,0.00397994,651.275,18678.5,37374.6,4.50E-07
7,23,423,6.87E-06,6.08E-07,1.43E-05,8.96E-07,3,2,223048,9.20E+08,0.5,27,7.34E-10,0.533333,1.25E-06,1.52E-06,82.4246,-28.1765,0.00413076,627.078,17668.8,33129.1,66.326
7,24,424,3.29E-06,6.49E-07,1.43E-05,9.38E-07,3,1,223048,9.20E+08,0.5,27,5.31E-10,0.371414,5.92E-07,8.50E-07,69.6729,-30.7046,0.00351108,369.138,11334.2,30516.4,2349.34
7,25,425,4.29E-06,4.56E-07,1.63E-05,9.38E-07,3,2,199384,9.20E+08,0.5,27,7.34E-10,0.528435,1.38E-06,1.51E-06,91.4401,-28.2216,0.00407283,689.279,19452.5,36811.6,0
7,26,426,7.55E-06,6.48E-07,1.55E-05,9.38E-07,2,2,268795,9.20E+08,0.5,27,6.39E-10,0.522123,9.97E-07,1.15E-06,86.4585,-29.3799,0.00499024,643.942,18919,36234.7,4.44E-17
7,27,427,4.29E-06,6.77E-07,1.89E-05,9.32E-07,2,2,234290,9.20E+08,0.5,27,6.41E-10,0.506771,1.08E-06,1.20E-06,90.0253,-29.2261,0.00497761,650.793,19020.1,37531.9,0
7,28,428,4.29E-06,6.47E-07,1.72E-05,9.27E-07,3,2,174119,9.20E+08,0.5,27,7.38E-10,0.50476,1.44E-06,1.67E-06,85.7217,-27.761,0.00412925,617.223,17134.7,33946.3,0
7,29,429,5.71E-06,6.92E-07,1.72E-05,1.00E-06,2,2,221816,9.20E+08,0.5,27,6.42E-10,0.501169,1.11E-06,1.25E-06,88.7913,-29.0303,0.00498776,634.776,18427.8,36769.6,0
7,30,430,7.26E-06,5.90E-07,1.83E-05,9.38E-07,4,2,182299,9.20E+08,0.5,27,8.43E-10,0.489371,1.28E-06,1.41E-06,91.4019,-28.5215,0.00324698,638.057,18198.4,37187.3,0.000903851
7,31,431,6.30E-06,6.77E-07,1.43E-05,9.38E-07,3,2,184888,9.20E+08,0.5,27,7.35E-10,0.517712,1.42E-06,1.70E-06,83.7536,-27.7007,0.00451336,618.527,17133.6,33094.9,15.534
7,32,432,7.55E-06,6.28E-07,1.30E-05,9.38E-07,2,2,190962,9.20E+08,0.5,27,6.34E-10,0.523803,1.41E-06,1.77E-06,79.6246,-27.5147,0.00559975,594.952,16369.9,31252.1,288.947
7,33,433,7.55E-06,5.90E-07,1.43E-05,9.38E-07,3,2,223048,9.20E+08,0.5,27,7.36E-10,0.525024,1.21E-06,1.40E-06,86.856,-28.5448,0.00402663,650.497,18568.3,35366.6,0
7,34,434,3.51E-06,6.57E-07,1.53E-05,8.98E-07,3,2,261569,9.20E+08,0.5,27,7.32E-10,0.546301,1.12E-06,1.35E-06,83.2402,-28.6987,0.00420523,648.681,18616.3,34077,30.9697
7,35,435,4.29E-06,6.28E-07,1.55E-05,1.00E-06,4,2,221816,9.20E+08,0.5,27,8.36E-10,0.521893,1.20E-06,1.33E-06,90.5403,-28.763,0.00306783,674.046,19387.6,37148.6,0
7,36,436,8.13E-06,6.77E-07,1.55E-05,9.38E-07,3,2,224372,9.20E+08,0.5,27,7.40E-10,0.509074,1.13E-06,1.25E-06,90.6535,-29.0308,0.00381934,658.311,19111.3,37541.3,0
7,37,437,8.13E-06,5.13E-07,1.72E-05,9.38E-07,4,2,190740,9.20E+08,0.5,27,8.41E-10,0.499244,1.28E-06,1.43E-06,89.7515,-28.4613,0.00327688,639.176,18191.8,36438.7,4.58E-06
7,38,438,7.55E-06,6.77E-07,1.43E-05,9.38E-07,3,2,186006,9.20E+08,0.5,27,7.37E-10,0.510435,1.37E-06,1.56E-06,88.3603,-28.0821,0.00403306,643.375,18067.3,35395.9,0
7,39,439,7.55E-06,5.90E-07,1.74E-05,1.00E-06,2,2,203022,9.20E+08,0.5,27,6.44E-10,0.49224,1.17E-06,1.23E-06,95.1296,-29.1086,0.00524611,667.973,19443.8,39500.6,0.168511
7,40,440,4.29E-06,6.47E-07,1.87E-05,9.38E-07,2,2,206419,9.20E+08,0.5,27,6.41E-10,0.502525,1.20E-06,1.24E-06,96.7467,-29.0639,0.00505011,693.522,20156.5,40110.3,30.5087
7,41,441,4.47E-06,4.76E-07,1.72E-05,9.38E-07,3,2,206419,9.20E+08,0.5,27,7.37E-10,0.521167,1.29E-06,1.49E-06,86.5755,-28.2575,0.0040692,643.632,18187.5,34897.6,0
7,42,442,4.93E-06,5.13E-07,1.60E-05,9.43E-07,2,2,228310,9.20E+08,0.5,27,6.35E-10,0.531024,1.22E-06,1.36E-06,89.1397,-28.6542,0.00541422,675.229,19348.1,36435.6,0
7,43,443,7.55E-06,6.48E-07,1.55E-05,9.38E-07,4,2,223048,9.20E+08,0.5,27,8.39E-10,0.513253,1.16E-06,1.32E-06,87.8033,-28.7991,0.00309868,642.848,18513.5,36070.9,0
7,44,444,2.39E-06,5.90E-07,1.84E-05,9.72E-07,3,2,200421,9.20E+08,0.5,27,7.39E-10,0.499311,1.22E-06,1.39E-06,87.8653,-28.5842,0.00389562,625.828,17888.8,35827,3.79E-06
7,45,445,9.40E-06,6.37E-07,1.50E-05,9.38E-07,4,2,198999,9.20E+08,0.5,27,8.40E-10,0.500749,1.23E-06,1.40E-06,88.031,-28.5362,0.00314448,628.813,17943.9,35834.2,0
7,46,446,7.43E-06,6.48E-07,1.72E-05,1.00E-06,2,2,223048,9.20E+08,0.5,27,6.44E-10,0.495499,1.08E-06,1.13E-06,95.6125,-29.4788,0.00503456,675.808,19922,40206,3.75164
7,47,447,1.72E-06,5.90E-07,1.84E-05,9.25E-07,3,2,203022,9.20E+08,0.5,27,7.36E-10,0.498717,1.20E-06,1.41E-06,85.0967,-28.5175,0.00396047,605.387,17264.1,34617.1,1.32E-05
7,48,448,7.55E-06,6.77E-07,1.43E-05,1.00E-06,2,2,221816,9.20E+08,0.5,27,6.39E-10,0.512309,1.16E-06,1.26E-06,91.8378,-28.9825,0.00517044,671.15,19451.6,37968.5,0
7,49,449,4.29E-06,6.31E-07,1.43E-05,9.48E-07,2,2,268795,9.20E+08,0.5,27,6.33E-10,0.54731,1.10E-06,1.26E-06,86.9661,-28.9868,0.00542338,678.968,19681.1,35959.8,0
8,0,450,8.13E-06,6.69E-07,1.47E-05,8.88E-07,3,2,223048,9.20E+08,0.5,27,7.37E-10,0.52086,1.20E-06,1.47E-06,81.2359,-28.3213,0.00369824,603.58,17094.2,32819.2,141.681
8,1,451,4.29E-06,6.47E-07,1.47E-05,8.19E-07,3,2,199384,9.20E+08,0.5,27,7.30E-10,0.547426,1.48E-06,1.71E-06,86.7983,-27.6803,0.0044976,677.801,18761.7,34272.6,0
8,2,452,7.55E-06,5.90E-07,1.86E-05,9.38E-07,3,2,220782,9.20E+08,0.5,27,7.44E-10,0.49682,1.10E-06,1.30E-06,84.0709,-28.8501,0.00379995,595.814,17189.3,34598.7,8.63288
8,3,453,4.29E-06,5.90E-07,1.38E-05,9.38E-07,2,2,151712,9.20E+08,0.5,27,6.31E-10,0.525286,1.79E-06,2.11E-06,84.8007,-26.7669,0.00606138,635.42,17008.3,32379.1,0.3972
8,4,454,8.93E-06,6.47E-07,1.43E-05,1.00E-06,3,2,223048,9.20E+08,0.5,27,7.40E-10,0.50572,1.12E-06,1.25E-06,89.9327,-29.0341,0.00383845,648.775,18836.6,37247,0
8,5,455,2.39E-06,5.65E-07,1.84E-05,8.98E-07,2,2,221816,9.20E+08,0.5,27,6.36E-10,0.518403,1.19E-06,1.35E-06,88.1088,-28.693,0.00498862,651.558,18695.2,36063,0
8,6,456,3.29E-06,6.08E-07,1.74E-05,1.00E-06,2,1,228310,9.20E+08,0.5,27,4.39E-10,0.306653,3.92E-07,5.74E-07,68.3021,-32.4128,0.0046354,298.777,9684.19,31580.3,2788.49
8,7,457,7.55E-06,6.77E-07,1.43E-05,9.38E-07,4,2,206419,9.20E+08,0.5,27,8.37E-10,0.515749,1.26E-06,1.60E-06,78.7424,-27.9469,0.00313631,579.313,16190,31391.2,391.571
8,8,458,6.38E-06,6.77E-07,1.50E-05,9.43E-07,3,2,221816,9.20E+08,0.5,27,7.37E-10,0.520982,1.20E-06,1.35E-06,89.2978,-28.709,0.00391907,663.635,19052.3,36570.1,0
8,9,459,7.55E-06,6.49E-07,1.74E-05,9.38E-07,3,2,203022,9.20E+08,0.5,27,7.42E-10,0.497093,1.19E-06,1.30E-06,91.8088,-28.8636,0.0038906,651.01,18790.5,37800.8,6.76E-05
8,10,460,6.38E-06,6.77E-07,1.50E-05,9.43E-07,3,1,203022,9.20E+08,0.5,27,5.37E-10,0.303561,4.31E-07,7.31E-07,59.0157,-31.3604,0.00331061,255.552,8014.21,26400.7,6752.13
8,11,461,5.76E-06,6.47E-07,1.72E-05,1.00E-06,2,2,221816,9.20E+08,0.5,27,6.42E-10,0.503084,1.12E-06,1.23E-06,90.6931,-29.0883,0.00505256,650.85,18932.1,37632.1,0
8,12,462,7.55E-06,5.30E-07,1.76E-05,9.38E-07,2,2,218327,9.20E+08,0.5,27,6.41E-10,0.506613,1.15E-06,1.26E-06,91.2031,-28.9804,0.00520725,659.101,19101,37703.3,0
8,13,463,4.29E-06,5.90E-07,1.89E-05,8.98E-07,3,2,224315,9.20E+08,0.5,27,7.39E-10,0.513607,1.16E-06,1.34E-06,86.4452,-28.7409,0.00387297,633.342,18202.8,35441.2,0
8,14,464,7.55E-06,6.25E-07,1.72E-05,9.38E-07,2,2,219298,9.20E+08,0.5,27,6.42E-10,0.503407,1.13E-06,1.37E-06,82.608,-28.6236,0.00479656,593.209,16979.8,33729.8,57.2151
8,15,465,7.55E-06,4.52E-07,1.76E-05,9.38E-07,2,2,168973,9.20E+08,0.5,27,6.40E-10,0.497375,1.43E-06,1.79E-06,80.2617,-27.4807,0.00577418,569.454,15649,31463.2,224.513
8,16,466,7.55E-06,5.50E-07,1.87E-05,9.38E-07,4,2,206419,9.20E+08,0.5,27,8.43E-10,0.494716,1.16E-06,1.34E-06,86.682,-28.7345,0.00313799,611.718,17577.4,35530.3,0.000223332
8,17,467,4.29E-06,5.41E-07,1.47E-05,9.38E-07,3,2,224315,9.20E+08,0.5,27,7.32E-10,0.541743,1.29E-06,1.52E-06,84.8053,-28.1878,0.00439202,655.364,18473.3,34099.6,0.379067
8,18,468,5.60E-06,6.99E-07,1.43E-05,9.38E-07,3,2,192521,9.20E+08,0.5,27,7.35E-10,0.522586,1.39E-06,1.66E-06,83.6464,-27.7874,0.00443947,623.55,17326.8,33155.9,18.3234
8,19,469,7.55E-06,6.10E-07,1.54E-05,9.72E-07,3,2,220782,9.20E+08,0.5,27,7.39E-10,0.511673,1.16E-06,1.29E-06,89.8962,-28.8805,0.00390694,656.145,18949.8,37035,0
8,20,470,7.55E-06,6.48E-07,1.55E-05,9.38E-07,3,2,223048,9.20E+08,0.5,27,7.39E-10,0.513554,1.16E-06,1.30E-06,89.5003,-28.8709,0.00388196,655.657,18929.4,36859.7,0
8,21,471,4.93E-06,5.46E-07,1.54E-05,9.38E-07,2,2,228310,9.20E+08,0.5,27,6.34E-10,0.534747,1.23E-06,1.40E-06,87.8773,-28.5317,0.0056042,670.334,19125.8,35766.1,0
8,22,472,7.55E-06,6.28E-07,1.55E-05,9.38E-07,2,2,190740,9.20E+08,0.5,27,6.39E-10,0.507187,1.32E-06,1.45E-06,91.4183,-28.3954,0.00540035,661.405,18780.9,37029.5,0
8,23,473,2.39E-06,6.28E-07,1.84E-05,9.38E-07,2,2,203022,9.20E+08,0.5,27,6.37E-10,0.503564,1.22E-06,1.16E-06,98.215,-29.3488,0.00490088,757.099,22219.9,44125.3,1081.16
8,24,474,4.29E-06,6.48E-07,1.43E-05,9.38E-07,2,2,223048,9.20E+08,0.5,27,6.32E-10,0.5397,1.29E-06,1.50E-06,85.7539,-28.2433,0.00568455,660.195,18646.1,34549,0
8,25,475,2.79E-06,5.67E-07,1.54E-05,1.00E-06,2,2,221816,9.20E+08,0.5,27,6.34E-10,0.52944,1.24E-06,1.50E-06,82.9425,-28.2452,0.00527523,626.412,17693.1,33418.6,42.3333
8,26,476,7.55E-06,6.57E-07,1.47E-05,9.38E-07,3,2,261569,9.20E+08,0.5,27,7.38E-10,0.525729,1.04E-06,1.20E-06,86.7548,-29.2187,0.00381291,650.612,19010,36159.3,0
8,27,477,4.29E-06,6.57E-07,1.47E-05,9.38E-07,2,2,203022,9.20E+08,0.5,27,6.33E-10,0.531462,1.37E-06,1.58E-06,86.6097,-28.0153,0.00573221,656.606,18395,34612.1,0
8,28,478,4.29E-06,5.13E-07,1.72E-05,8.98E-07,3,2,221816,9.20E+08,0.5,27,7.35E-10,0.52889,1.24E-06,1.42E-06,87.6459,-28.4897,0.00384881,661.246,18838.7,35619.3,0
8,29,479,7.55E-06,5.65E-07,1.43E-05,8.98E-07,3,2,280149,9.20E+08,0.5,27,7.34E-10,0.540201,1.03E-06,1.37E-06,75.0292,-28.6429,0.00382689,578.165,16560.3,30655.9,994.175
8,30,480,7.22E-06,6.08E-07,1.43E-05,9.38E-07,2,2,228310,9.20E+08,0.5,27,6.36E-10,0.527415,1.20E-06,1.39E-06,85.8649,-28.5543,0.0053832,646.002,18446.2,34974.7,0
8,31,481,4.29E-06,5.65E-07,1.43E-05,8.98E-07,3,2,220782,9.20E+08,0.5,27,7.31E-10,0.548181,1.34E-06,1.62E-06,82.9839,-27.9168,0.0042419,648.91,18115.5,33046.5,40.6447
8,32,482,7.55E-06,6.08E-07,1.43E-05,8.77E-07,3,2,223048,9.20E+08,0.5,27,7.34E-10,0.531965,1.25E-06,1.54E-06,81.1855,-28.1336,0.00425147,616.067,17332.2,32581.5,145.503
8,33,483,7.55E-06,5.90E-07,1.84E-05,9.38E-07,4,2,249509,9.20E+08,0.5,27,8.43E-10,0.503315,9.94E-07,1.15E-06,86.8428,-29.4119,0.00291587,623.504,18338.5,36435.4,1.91E-16
8,34,484,7.55E-06,6.69E-07,1.47E-05,9.38E-07,3,2,223048,9.20E+08,0.5,27,7.38E-10,0.517919,1.18E-06,1.34E-06,88.3571,-28.7401,0.0039018,652.784,18761.1,36224,0
8,35,485,4.29E-06,5.90E-07,1.84E-05,9.38E-07,3,2,203022,9.20E+08,0.5,27,7.40E-10,0.50664,1.24E-06,1.39E-06,89.2257,-28.5698,0.00402566,644.845,18423.1,36363.3,0
8,36,486,4.29E-06,6.77E-07,1.72E-05,9.38E-07,3,2,221816,9.20E+08,0.5,27,7.38E-10,0.515147,1.17E-06,1.34E-06,87.8104,-28.7353,0.00365194,645.273,18542.1,35993.8,0
8,37,487,4.93E-06,6.03E-07,1.43E-05,9.38E-07,2,2,228310,9.20E+08,0.5,27,6.33E-10,0.539959,1.26E-06,1.45E-06,86.9121,-28.3969,0.00552641,669.434,19009.9,35206.1,0
8,38,488,7.55E-06,6.28E-07,1.45E-05,1.00E-06,2,2,221816,9.20E+08,0.5,27,6.39E-10,0.513618,1.17E-06,1.27E-06,91.6181,-28.9495,0.00522668,671.255,19432.5,37834.5,0
8,39,489,5.93E-06,6.77E-07,1.72E-05,9.38E-07,2,2,221816,9.20E+08,0.5,27,6.40E-10,0.509182,1.15E-06,1.34E-06,85.6923,-28.7311,0.00489228,622.416,17882.7,35120.4,0
8,40,490,7.55E-06,5.90E-07,1.72E-05,9.38E-07,3,2,190740,9.20E+08,0.5,27,7.41E-10,0.497809,1.27E-06,1.40E-06,91.2416,-28.5529,0.00402174,647.92,18500,37162.9,3.84E-05
8,41,491,4.29E-06,5.65E-07,1.43E-05,8.98E-07,2,2,268795,9.20E+08,0.5,27,6.31E-10,0.556696,1.14E-06,1.35E-06,84.3943,-28.7047,0.00568306,670.189,19237.6,34556.7,3.66866
8,42,492,2.39E-06,5.90E-07,1.84E-05,9.25E-07,3,2,203022,9.20E+08,0.5,27,7.37E-10,0.507319,1.24E-06,1.41E-06,88.2228,-28.5135,0.00392254,638.452,18204.5,35883.8,0
8,43,493,7.55E-06,7.04E-07,1.47E-05,9.38E-07,3,2,223048,9.20E+08,0.5,27,7.38E-10,0.515955,1.17E-06,1.32E-06,88.5115,-28.7815,0.00386417,651.445,18749.6,36339.6,0
8,44,494,3.29E-06,6.49E-07,1.38E-05,9.38E-07,2,2,203022,9.20E+08,0.5,27,6.30E-10,0.542623,1.43E-06,1.67E-06,85.6176,-27.7825,0.00597515,662.716,18411.9,33931.3,0
8,45,495,6.60E-06,6.28E-07,1.55E-05,8.81E-07,4,2,220782,9.20E+08,0.5,27,8.36E-10,0.526526,1.23E-06,1.44E-06,85.6853,-28.4175,0.00324641,643.564,18288.5,34734.3,0
8,46,496,8.73E-06,6.77E-07,1.27E-05,9.38E-07,3,2,223048,9.20E+08,0.5,27,7.36E-10,0.522996,1.20E-06,1.47E-06,81.9721,-28.3297,0.00392425,611.548,17324.9,33126.4,91.6814
8,47,497,8.13E-06,5.90E-07,1.43E-05,9.39E-07,3,2,183801,9.20E+08,0.5,27,7.36E-10,0.511321,1.40E-06,1.77E-06,78.8358,-27.5196,0.00414631,575.02,15824.3,30947.9,379.976
8,48,498,4.60E-06,6.77E-07,1.50E-05,9.43E-07,3,2,221816,9.20E+08,0.5,27,7.35E-10,0.529978,1.24E-06,1.43E-06,87.0531,-28.4466,0.00395006,658.125,18721.4,35324.9,0
8,49,499,2.87E-06,6.77E-07,1.72E-05,1.00E-06,2,2,221816,9.20E+08,0.5,27,6.38E-10,0.508664,1.14E-06,1.08E-06,97.254,-29.6759,0.00479131,770.507,22865.5,44952,1251.92
9,0,500,7.55E-06,5.90E-07,1.72E-05,9.38E-07,2,2,203533,9.20E+08,0.5,27,6.41E-10,0.501775,1.21E-06,1.30E-06,93.4402,-28.867,0.00524857,668.82,19306.8,38477,0
9,1,501,4.29E-06,6.77E-07,2.00E-05,8.98E-07,3,2,221816,9.20E+08,0.5,27,7.42E-10,0.500962,1.11E-06,1.24E-06,89.3109,-29.0582,0.00382812,638.228,18545.7,37020.2,0
9,2,502,8.13E-06,6.28E-07,1.43E-05,9.38E-07,4,2,190740,9.20E+08,0.5,27,8.37E-10,0.510889,1.34E-06,1.71E-06,78.2756,-27.6621,0.0032287,570.452,15779.9,30887.1,452.178
9,3,503,4.29E-06,5.65E-07,1.43E-05,8.29E-07,2,2,228310,9.20E+08,0.5,27,6.29E-10,0.559526,1.35E-06,1.63E-06,82.8377,-27.8708,0.00603424,661.173,18427.4,32934,46.756
9,4,504,5.50E-06,4.74E-07,1.72E-05,9.38E-07,2,2,206419,9.20E+08,0.5,27,6.38E-10,0.518011,1.28E-06,1.39E-06,91.6366,-28.5583,0.00540934,677.133,19337.8,37330.8,0
9,5,505,3.22E-06,5.90E-07,1.72E-05,1.00E-06,2,2,186370,9.20E+08,0.5,27,6.38E-10,0.502888,1.33E-06,1.56E-06,85.0653,-28.0577,0.00521396,610.224,17121.5,34046.4,0
9,6,506,3.28E-06,5.90E-07,1.82E-05,9.38E-07,2,2,206419,9.20E+08,0.5,27,6.38E-10,0.510418,1.24E-06,1.40E-06,88.2248,-28.5245,0.00501048,642.367,18323.2,35898.4,0
9,7,507,3.29E-06,5.86E-07,1.43E-05,1.00E-06,3,2,203022,9.20E+08,0.5,27,7.33E-10,0.532043,1.37E-06,1.67E-06,81.8459,-27.7618,0.00406761,621.17,17244.8,32412.4,99.4819
9,8,508,4.29E-06,6.10E-07,1.72E-05,1.00E-06,2,2,221816,9.20E+08,0.5,27,6.40E-10,0.510349,1.15E-06,1.32E-06,87.5878,-28.8093,0.00512902,637.643,18370,35995.1,0
9,9,509,4.93E-06,5.13E-07,1.51E-05,9.79E-07,2,2,310042,9.20E+08,0.5,27,6.35E-10,0.544696,9.43E-07,1.14E-06,83.0645,-29.4469,0.00499021,645.41,19005.4,34891.7,37.4635
9,10,510,4.29E-06,5.51E-07,1.55E-05,8.98E-07,4,2,292666,9.20E+08,0.5,27,8.33E-10,0.549899,1.02E-06,1.24E-06,82.0208,-29.0662,0.00327624,643.388,18700.9,34007.8,88.7538
9,11,511,9.49E-06,6.77E-07,1.43E-05,9.38E-07,3,2,190740,9.20E+08,0.5,27,7.40E-10,0.499933,1.28E-06,1.45E-06,88.447,-28.3818,0.00392138,630.755,17902,35808.8,3.59E-08
9,12,512,7.55E-06,6.77E-07,1.43E-05,8.73E-07,3,2,223048,9.20E+08,0.5,27,7.35E-10,0.528603,1.23E-06,1.49E-06,82.5262,-28.2601,0.00410237,622.283,17585.8,33268.4,61.1953
9,13,513,7.55E-06,5.13E-07,1.76E-05,9.38E-07,2,2,198827,9.20E+08,0.5,27,6.41E-10,0.502958,1.25E-06,1.34E-06,93.3195,-28.7395,0.00536546,669.53,19242,38257.7,0
9,14,514,8.21E-06,6.77E-07,1.43E-05,8.99E-07,3,2,220782,9.20E+08,0.5,27,7.37E-10,0.520787,1.21E-06,1.41E-06,85.5653,-28.5061,0.00395927,635.66,18120.2,34793.9,0
9,15,515,7.55E-06,6.77E-07,1.43E-05,9.77E-07,3,2,208621,9.20E+08,0.5,27,7.38E-10,0.511505,1.23E-06,1.46E-06,84.2965,-28.3594,0.00394826,615.071,17443.1,34101.5,4.94871
9,16,516,4.93E-06,5.13E-07,1.54E-05,1.00E-06,3,2,228310,9.20E+08,0.5,27,7.36E-10,0.527811,1.20E-06,1.28E-06,93.871,-28.937,0.00385501,706.766,20451.7,38748.1,0
9,17,517,4.29E-06,6.08E-07,1.72E-05,9.38E-07,2,1,244181,9.20E+08,0.5,27,4.38E-10,0.333322,4.35E-07,6.43E-07,67.6247,-31.918,0.00450404,321.541,10262.9,30789.9,3019.22
9,18,518,7.55E-06,5.90E-07,1.84E-05,9.38E-07,4,2,182299,9.20E+08,0.5,27,8.43E-10,0.487651,1.28E-06,1.40E-06,90.989,-28.5336,0.00324345,632.942,18060.1,37034.9,0.00122007
9,19,519,8.13E-06,6.28E-07,1.55E-05,9.38E-07,4,2,186791,9.20E+08,0.5,27,8.39E-10,0.501954,1.32E-06,1.49E-06,88.7657,-28.2744,0.00322342,635.587,17970.8,35801.8,0
9,20,520,7.55E-06,5.41E-07,1.72E-05,9.38E-07,3,2,206419,9.20E+08,0.5,27,7.41E-10,0.504819,1.21E-06,1.32E-06,91.4462,-28.7808,0.00398099,658.519,18952.7,37543.5,0
9,21,521,4.70E-06,5.76E-07,1.72E-05,8.65E-07,3,2,203022,9.20E+08,0.5,27,7.35E-10,0.524928,1.34E-06,1.55E-06,86.1536,-28.0967,0.00388995,645.118,18125.7,34529.9,0
9,22,522,7.55E-06,6.28E-07,1.55E-05,9.38E-07,4,2,190740,9.20E+08,0.5,27,8.39E-10,0.506339,1.32E-06,1.60E-06,82.3858,-27.9634,0.00322712,595.059,16639.9,32863.1,68.3398
9,23,523,3.45E-06,7.03E-07,1.38E-05,9.48E-07,3,2,193754,9.20E+08,0.5,27,7.31E-10,0.534841,1.45E-06,1.74E-06,83.2803,-27.5907,0.00454813,635.38,17530.6,32777.1,29.5726
9,24,524,4.47E-06,6.77E-07,1.43E-05,9.38E-07,3,2,206419,9.20E+08,0.5,27,7.33E-10,0.533138,1.35E-06,1.60E-06,84.3908,-27.9497,0.00445293,641.802,17938.2,33646.4,3.71147
9,25,525,4.47E-06,4.76E-07,1.66E-05,9.38E-07,2,2,206419,9.20E+08,0.5,27,6.35E-10,0.526496,1.32E-06,1.50E-06,88.1432,-28.2467,0.00571868,661.988,18699,35515.9,0
9,26,526,4.29E-06,5.90E-07,1.84E-05,9.38E-07,3,2,190740,9.20E+08,0.5,27,7.40E-10,0.503126,1.30E-06,1.54E-06,84.4411,-28.1215,0.00395673,606.034,17042.6,33873.4,3.12398
9,27,527,4.29E-06,5.90E-07,1.84E-05,9.52E-07,2,2,203022,9.20E+08,0.5,27,6.40E-10,0.505094,1.23E-06,1.33E-06,92.6054,-28.7571,0.00518982,667.229,19187.6,37988.1,0
9,28,528,4.29E-06,5.65E-07,1.89E-05,8.27E-07,3,2,221816,9.20E+08,0.5,27,7.36E-10,0.523901,1.22E-06,1.39E-06,87.8199,-28.5809,0.00398223,656.31,18757.9,35804.3,0
9,29,529,4.29E-06,6.49E-07,1.43E-05,1.00E-06,2,2,203022,9.20E+08,0.5,27,6.34E-10,0.526406,1.34E-06,1.57E-06,85.1675,-28.032,0.00580856,639.531,17927.3,34056,0
9,30,530,4.29E-06,5.13E-07,1.84E-05,9.38E-07,3,2,141179,9.20E+08,0.5,27,7.39E-10,0.48849,1.66E-06,1.92E-06,86.1989,-27.1665,0.0044221,600.653,16317.6,33404.2,0.0010599
9,31,531,8.13E-06,6.77E-07,1.32E-05,9.38E-07,2,2,220782,9.20E+08,0.5,27,6.36E-10,0.523825,1.22E-06,1.45E-06,84.405,-28.3963,0.00532836,630.697,17909.5,34189.8,3.54049
9,32,532,8.13E-06,7.06E-07,1.37E-05,9.43E-07,3,2,190740,9.20E+08,0.5,27,7.37E-10,0.51,1.34E-06,1.52E-06,87.756,-28.1699,0.00395166,638.43,17984.5,35263.8,0
9,33,533,7.55E-06,6.98E-07,1.55E-05,9.38E-07,3,2,223048,9.20E+08,0.5,27,7.40E-10,0.511311,1.15E-06,1.28E-06,89.5389,-28.9119,0.00383573,653.075,18881.6,36927.9,0
9,34,534,2.39E-06,5.90E-07,1.84E-05,9.38E-07,3,2,203022,9.20E+08,0.5,27,7.37E-10,0.505364,1.23E-06,1.36E-06,90.3391,-28.6513,0.00387011,651.248,18659.1,36922.1,0
9,35,535,4.29E-06,5.79E-07,1.43E-05,9.38E-07,2,2,292666,9.20E+08,0.5,27,6.32E-10,0.554098,1.03E-06,1.23E-06,84.1739,-29.1041,0.00548177,665.32,19363.5,34946.1,6.824
9,36,536,7.55E-06,6.69E-07,1.72E-05,9.38E-07,3,2,197745,9.20E+08,0.5,27,7.42E-10,0.495331,1.22E-06,1.31E-06,92.4697,-28.8121,0.00391531,653.373,18825.1,38005,0.00017439
9,37,537,7.55E-06,6.99E-07,1.63E-05,9.23E-07,3,2,220782,9.20E+08,0.5,27,7.41E-10,0.507373,1.14E-06,1.30E-06,87.8052,-28.851,0.00383547,635.497,18334.7,36136.6,0
9,38,538,7.55E-06,5.90E-07,1.72E-05,9.38E-07,2,2,206419,9.20E+08,0.5,27,6.41E-10,0.502501,1.20E-06,1.28E-06,93.6445,-28.9246,0.00522445,671.251,19415.7,38638.1,0
9,39,539,4.29E-06,6.31E-07,1.43E-05,9.38E-07,2,2,261569,9.20E+08,0.5,27,6.32E-10,0.547504,1.13E-06,1.30E-06,87.0317,-28.8687,0.00546555,679.721,19622.7,35840.3,0
9,40,540,6.69E-06,6.77E-07,1.25E-05,9.38E-07,3,2,218303,9.20E+08,0.5,27,7.33E-10,0.536512,1.30E-06,1.70E-06,76.2636,-27.6947,0.00401146,583.664,16164.4,30128.7,763.248
9,41,541,8.13E-06,5.90E-07,1.82E-05,9.38E-07,3,2,190740,9.20E+08,0.5,27,7.44E-10,0.488715,1.23E-06,1.35E-06,90.5972,-28.6875,0.0040003,631.592,18118.8,37074.4,0.00101886
9,42,542,7.55E-06,6.28E-07,1.43E-05,9.38E-07,2,2,203022,9.20E+08,0.5,27,6.36E-10,0.518744,1.30E-06,1.46E-06,89.3431,-28.366,0.00542334,661.12,18753.4,36151.5,0
9,43,543,7.55E-06,6.28E-07,1.43E-05,9.38E-07,2,2,223048,9.20E+08,0.5,27,6.36E-10,0.523398,1.21E-06,1.37E-06,87.956,-28.6259,0.00534863,656.695,18798.5,35916.3,0
9,44,544,4.47E-06,4.76E-07,1.72E-05,9.38E-07,3,2,212945,9.20E+08,0.5,27,7.37E-10,0.522819,1.26E-06,1.38E-06,91.2036,-28.5915,0.00412244,680.188,19447.6,37197.6,0
9,45,545,5.70E-06,6.77E-07,1.61E-05,1.00E-06,2,2,220782,9.20E+08,0.5,27,6.40E-10,0.509911,1.16E-06,1.32E-06,87.3273,-28.7835,0.00511591,635.199,18283.3,35855.8,0
9,46,546,5.81E-06,6.31E-07,1.43E-05,9.48E-07,2,2,203022,9.20E+08,0.5,27,6.34E-10,0.526854,1.34E-06,1.59E-06,84.352,-27.9778,0.00553491,633.945,17736.4,33664.7,4.19945
9,47,547,5.69E-06,6.31E-07,1.84E-05,9.48E-07,2,2,203022,9.20E+08,0.5,27,6.42E-10,0.498955,1.20E-06,1.25E-06,95.9923,-29.0224,0.00514448,683.224,19828.8,39740.7,9.84567
9,48,548,8.13E-06,6.28E-07,1.55E-05,9.38E-07,5,2,190740,9.20E+08,0.5,27,9.39E-10,0.502946,1.30E-06,1.48E-06,87.5689,-28.2967,0.00266966,628.258,17777.6,35347,0
9,49,549,2.75E-06,6.10E-07,1.43E-05,9.00E-07,2,2,292666,9.20E+08,0.5,27,6.29E-10,0.562937,1.07E-06,1.33E-06,80.5002,-28.7744,0.00585874,646.432,18600.7,33042.3,202.478
10,0,550,8.13E-06,6.48E-07,1.43E-05,8.79E-07,2,2,220782,9.20E+08,0.5,27,6.36E-10,0.526011,1.23E-06,1.48E-06,83.4754,-28.3085,0.00539989,626.354,17731.1,33708.6,23.2439
10,1,551,4.29E-06,5.90E-07,1.77E-05,9.38E-07,2,2,206419,9.20E+08,0.5,27,6.38E-10,0.512343,1.25E-06,1.46E-06,85.3925,-28.3489,0.00519582,624.09,17692.3,34532,0
10,2,552,3.45E-06,6.76E-07,1.50E-05,9.48E-07,5,2,167789,9.20E+08,0.5,27,9.33E-10,0.516252,1.55E-06,1.94E-06,79.9388,-27.1115,0.00281976,588.688,15960.2,30915.5,256.161
10,3,553,7.55E-06,6.28E-07,1.55E-05,9.38E-07,3,2,220782,9.20E+08,0.5,27,7.39E-10,0.514208,1.18E-06,1.32E-06,89.391,-28.81,0.00391202,655.69,18890.4,36737,0
10,4,554,4.29E-06,5.90E-07,1.88E-05,9.38E-07,3,2,218382,9.20E+08,0.5,27,7.40E-10,0.507307,1.16E-06,1.26E-06,92.1082,-29.0119,0.00381577,666.554,19338,38119,0
10,5,555,4.29E-06,5.90E-07,1.72E-05,9.85E-07,2,2,224315,9.20E+08,0.5,27,6.39E-10,0.513848,1.16E-06,1.34E-06,86.5349,-28.743,0.00514003,634.297,18231.6,35480.5,0
10,6,556,4.29E-06,5.90E-07,1.82E-05,9.39E-07,3,2,199384,9.20E+08,0.5,27,7.39E-10,0.506725,1.26E-06,1.44E-06,87.8301,-28.4219,0.00408598,634.865,18044.1,35609.2,0
10,7,557,4.13E-06,5.90E-07,1.43E-05,9.25E-07,3,2,203022,9.20E+08,0.5,27,7.31E-10,0.539976,1.41E-06,1.67E-06,84.72,-27.7793,0.00441821,652.569,18127.9,33571.7,0.784099
10,8,558,4.29E-06,6.77E-07,1.72E-05,1.00E-06,2,2,254694,9.20E+08,0.5,27,6.40E-10,0.514014,1.02E-06,1.08E-06,94.7325,-29.6842,0.00482668,694.608,20618.9,40113.5,0
10,9,559,8.13E-06,6.77E-07,1.43E-05,9.38E-07,3,2,220782,9.20E+08,0.5,27,7.38E-10,0.516139,1.18E-06,1.34E-06,88.4361,-28.7308,0.00388898,651.122,18707.3,36244.7,0
10,10,560,4.29E-06,5.65E-07,1.61E-05,9.38E-07,3,2,247669,9.20E+08,0.5,27,7.35E-10,0.534078,1.13E-06,1.29E-06,88.008,-28.9023,0.0039292,670.492,19378.8,36284.5,0
10,11,561,7.55E-06,6.28E-07,1.43E-05,9.38E-07,3,2,223048,9.20E+08,0.5,27,7.36E-10,0.522863,1.20E-06,1.38E-06,87.4204,-28.6095,0.00397496,652.029,18654.2,35677.1,0
10,12,562,4.29E-06,6.47E-07,1.72E-05,1.00E-06,2,2,176730,9.20E+08,0.5,27,6.40E-10,0.495047,1.36E-06,1.56E-06,87.2218,-28.0765,0.00537199,615.939,17293.4,34932.9,0.000196229
10,13,563,7.55E-06,6.08E-07,1.38E-05,9.38E-07,3,2,203022,9.20E+08,0.5,27,7.35E-10,0.522547,1.32E-06,1.69E-06,78.1863,-27.7219,0.00406065,582.803,16156.4,30918.7,464.261
10,14,564,7.69E-06,6.41E-07,1.43E-05,9.38E-07,3,2,220782,9.20E+08,0.5,27,7.37E-10,0.520791,1.21E-06,1.38E-06,87.7324,-28.6161,0.00395747,651.763,18650.9,35812.6,0
10,15,565,4.93E-06,5.09E-07,1.72E-05,9.03E-07,3,2,228310,9.20E+08,0.5,27,7.36E-10,0.527411,1.20E-06,1.38E-06,86.6201,-28.5885,0.0038164,651.679,18630.5,35324.4,0
10,16,566,7.55E-06,6.28E-07,1.41E-05,9.19E-07,3,2,190740,9.20E+08,0.5,27,7.35E-10,0.518703,1.39E-06,1.76E-06,78.577,-27.5375,0.00408327,581.407,16010.5,30866.4,412.551
10,17,567,7.55E-06,7.13E-07,1.43E-05,9.38E-07,3,2,206419,9.20E+08,0.5,27,7.38E-10,0.514083,1.26E-06,1.41E-06,89.1147,-28.5073,0.00392781,653.505,18629.7,36238.6,0
10,18,568,4.29E-06,5.90E-07,1.72E-05,9.38E-07,3,2,199384,9.20E+08,0.5,27,7.37E-10,0.514041,1.30E-06,1.50E-06,86.8384,-28.2443,0.00403199,636.76,17984.8,34987.2,0
10,19,569,4.80E-06,6.77E-07,1.84E-05,9.38E-07,3,2,199384,9.20E+08,0.5,27,7.41E-10,0.499459,1.23E-06,1.38E-06,88.7334,-28.5944,0.00390491,632.198,18077.3,36193.8,2.34E-06
10,20,570,8.13E-06,6.77E-07,1.50E-05,9.38E-07,3,2,233762,9.20E+08,0.5,27,7.39E-10,0.514297,1.11E-06,1.24E-06,89.6805,-29.0712,0.0038258,657.928,19126.7,37190.1,0
10,21,571,4.29E-06,6.45E-07,1.43E-05,8.77E-07,3,2,292666,9.20E+08,0.5,27,7.31E-10,0.557956,1.05E-06,1.36E-06,76.9585,-28.6565,0.00430034,612.524,17552.8,31459.1,646.656
10,22,572,7.55E-06,5.13E-07,1.72E-05,9.38E-07,3,2,192221,9.20E+08,0.5,27,7.40E-10,0.502772,1.29E-06,1.41E-06,91.13,-28.4929,0.00408657,653.58,18622.4,37039.5,0
10,23,573,4.93E-06,6.08E-07,1.54E-05,9.38E-07,3,2,223048,9.20E+08,0.5,27,7.35E-10,0.529846,1.24E-06,1.46E-06,85.0002,-28.3684,0.0040811,642.446,18225.1,34397,0
10,24,574,4.70E-06,6.49E-07,1.73E-05,9.38E-07,2,2,220782,9.20E+08,0.5,27,6.39E-10,0.514567,1.18E-06,1.26E-06,93.8217,-29.0108,0.00510432,688.67,19978.9,38826.5,0
10,25,575,7.55E-06,6.28E-07,1.72E-05,9.38E-07,2,2,206419,9.20E+08,0.5,27,6.42E-10,0.500255,1.19E-06,1.43E-06,82.8965,-28.4328,0.00495659,591.553,16819.5,33621.9,44.2487
10,26,576,7.55E-06,5.30E-07,1.43E-05,9.19E-07,2,2,223048,9.20E+08,0.5,27,6.34E-10,0.531443,1.25E-06,1.63E-06,76.3867,-27.8776,0.00546655,579.083,16143.4,30376.6,741.897
10,27,577,7.55E-06,5.90E-07,1.72E-05,9.38E-07,3,2,206419,9.20E+08,0.5,27,7.41E-10,0.502005,1.20E-06,1.31E-06,91.6946,-28.8424,0.0039317,656.626,18938.7,37726,0
10,28,578,4.93E-06,6.08E-07,1.54E-05,9.38E-07,2,2,228310,9.20E+08,0.5,27,6.35E-10,0.531666,1.22E-06,1.37E-06,88.5637,-28.6177,0.00558024,671.678,19221.9,36154,0
10,29,579,8.13E-06,6.77E-07,1.43E-05,9.38E-07,2,2,220782,9.20E+08,0.5,27,6.38E-10,0.516691,1.19E-06,1.35E-06,88.1349,-28.7055,0.00521647,649.599,18647.1,36089.4,0
10,30,580,4.93E-06,6.77E-07,1.54E-05,9.43E-07,3,2,223048,9.20E+08,0.5,27,7.36E-10,0.525867,1.22E-06,1.47E-06,82.6176,-28.3122,0.00398132,619.748,17546.4,33366.7,56.7587
10,31,581,4.70E-06,6.49E-07,1.43E-05,9.54E-07,2,2,203022,9.20E+08,0.5,27,6.33E-10,0.531022,1.36E-06,1.59E-06,85.902,-27.99,0.00590831,650.702,18213.1,34298.3,0
10,32,582,4.47E-06,4.76E-07,1.84E-05,9.43E-07,3,2,221816,9.20E+08,0.5,27,7.39E-10,0.515438,1.18E-06,1.31E-06,89.9994,-28.8366,0.00390449,661.732,19082.1,37021.1,0
10,33,583,3.29E-06,6.08E-07,1.54E-05,9.38E-07,2,2,228310,9.20E+08,0.5,27,6.33E-10,0.536987,1.24E-06,1.47E-06,84.2416,-28.3125,0.00568708,645.292,18269.8,34022.9,5.75237
10,34,584,4.29E-06,6.47E-07,1.72E-05,1.00E-06,2,2,221816,9.20E+08,0.5,27,6.40E-10,0.508495,1.14E-06,1.27E-06,89.8352,-28.951,0.00507499,651.628,18865.3,37100.2,0
10,35,585,3.29E-06,6.99E-07,1.43E-05,9.38E-07,4,2,155040,9.20E+08,0.5,27,8.31E-10,0.517639,1.69E-06,2.04E-06,83.223,-26.9123,0.00355812,614.521,16538.2,31949.2,31.5784
10,36,586,8.13E-06,6.77E-07,1.84E-05,9.38E-07,3,2,190740,9.20E+08,0.5,27,7.45E-10,0.482644,1.19E-06,1.39E-06,85.7336,-28.5598,0.00408004,590.261,16857.7,34927.8,0.00240986
10,37,587,2.39E-06,5.83E-07,1.24E-05,9.64E-07,3,2,203022,9.20E+08,0.5,27,7.27E-10,0.555546,1.50E-06,1.89E-06,79.219,-27.2407,0.00454172,627.791,17101.4,30783.1,334.202
10,38,588,7.55E-06,6.90E-07,1.47E-05,8.93E-07,3,2,261569,9.20E+08,0.5,27,7.37E-10,0.529259,1.05E-06,1.28E-06,82.427,-28.9345,0.00376974,622.307,18006.1,34021.4,66.2032
10,39,589,4.29E-06,6.28E-07,1.43E-05,9.48E-07,3,2,268795,9.20E+08,0.5,27,7.33E-10,0.547034,1.10E-06,1.29E-06,84.7592,-28.8846,0.00421991,661.404,19104.4,34923.7,0.579975
10,40,590,4.47E-06,6.28E-07,1.84E-05,9.38E-07,4,2,206419,9.20E+08,0.5,27,8.40E-10,0.504882,1.21E-06,1.33E-06,90.7098,-28.7502,0.00313425,653.296,18782.4,37201.5,0
10,41,591,8.13E-06,6.77E-07,1.76E-05,9.38E-07,2,2,190740,9.20E+08,0.5,27,6.44E-10,0.488406,1.22E-06,1.37E-06,89.3372,-28.6327,0.00532335,622.414,17821.4,36488.9,0.0010754
10,42,592,4.93E-06,4.79E-07,1.54E-05,9.38E-07,2,1,228310,9.20E+08,0.5,27,4.34E-10,0.357538,5.38E-07,7.60E-07,70.7222,-31.189,0.0047996,360.699,11249.8,31464.7,2038.73
10,43,593,7.55E-06,6.49E-07,1.35E-05,9.38E-07,4,2,220782,9.20E+08,0.5,27,8.35E-10,0.525908,1.23E-06,1.60E-06,76.6377,-27.948,0.00309989,574.935,16068.3,30553.4,699.285
10,44,594,4.12E-06,6.28E-07,2.00E-05,8.98E-07,2,2,225523,9.20E+08,0.5,27,6.41E-10,0.50492,1.11E-06,1.24E-06,89.2209,-29.0525,0.00497484,642.622,18669.8,36975.7,0
10,45,595,5.91E-06,5.13E-07,1.72E-05,9.38E-07,3,2,228903,9.20E+08,0.5,27,7.38E-10,0.51853,1.15E-06,1.29E-06,89.6927,-28.9053,0.0039365,663.434,19176.8,36983,0
10,46,596,1.00E-05,6.49E-07,1.43E-05,9.38E-07,3,2,190740,9.20E+08,0.5,27,7.40E-10,0.498457,1.28E-06,1.45E-06,88.0394,-28.3886,0.00391989,625.995,17771.1,35652.3,1.91E-05
10,47,597,4.47E-06,5.65E-07,1.72E-05,9.38E-07,3,2,292666,9.20E+08,0.5,27,7.37E-10,0.531286,9.49E-07,1.12E-06,84.5933,-29.5018,0.00389084,641.107,18913.8,35600,1.65435
10,48,598,6.89E-06,6.99E-07,1.43E-05,9.38E-07,3,2,190934,9.20E+08,0.5,27,7.37E-10,0.514747,1.36E-06,1.61E-06,84.5616,-27.9323,0.0042693,620.916,17343.6,33693.5,1.92209
10,49,599,7.55E-06,6.28E-07,1.43E-05,9.38E-07,3,2,203022,9.20E+08,0.5,27,7.36E-10,0.518198,1.30E-06,1.48E-06,87.9286,-28.3063,0.00404172,649.967,18398.2,35504.2,0
11,0,600,4.29E-06,5.90E-07,1.72E-05,9.38E-07,3,2,206419,9.20E+08,0.5,27,7.37E-10,0.515894,1.27E-06,1.44E-06,88.098,-28.4246,0.00397194,648.325,18428.4,35721.2,0
11,1,601,7.55E-06,6.49E-07,1.74E-05,9.38E-07,2,2,203022,9.20E+08,0.5,27,6.42E-10,0.497509,1.20E-06,1.44E-06,83.19,-28.4256,0.00498733,590.389,16782.2,33732.4,32.7606
11,2,602,4.29E-06,6.43E-07,1.43E-05,8.98E-07,2,2,217733,9.20E+08,0.5,27,6.31E-10,0.544377,1.34E-06,1.54E-06,86.7858,-28.1141,0.00583617,673.93,18946.9,34804.8,0
11,3,603,7.55E-06,6.08E-07,1.54E-05,9.38E-07,3,2,223048,9.20E+08,0.5,27,7.38E-10,0.516699,1.18E-06,1.32E-06,88.9436,-28.7896,0.00393299,655.57,18873.6,36527.2,0
11,4,604,6.78E-06,5.90E-07,1.72E-05,9.38E-07,3,2,206419,9.20E+08,0.5,27,7.40E-10,0.505689,1.22E-06,1.34E-06,90.8651,-28.7372,0.00394559,655.462,18836.1,37248.4,0
11,5,605,5.62E-06,6.77E-07,1.72E-05,9.23E-07,2,2,163558,9.20E+08,0.5,27,6.39E-10,0.495829,1.47E-06,1.67E-06,88.1489,-27.7741,0.00578656,623.468,17316.3,34923.9,0.000139211
11,6,606,4.29E-06,5.65E-07,2.00E-05,8.98E-07,3,2,223048,9.20E+08,0.5,27,7.41E-10,0.506722,1.13E-06,1.28E-06,88.3798,-28.9335,0.00379315,638.836,18483.7,36477.1,0
11,7,607,4.29E-06,6.77E-07,1.72E-05,1.00E-06,2,2,213441,9.20E+08,0.5,27,6.40E-10,0.504859,1.17E-06,1.32E-06,88.5016,-28.7831,0.00504136,637.364,18345.3,36337.5,0
11,8,608,7.55E-06,5.50E-07,1.72E-05,9.38E-07,2,2,206419,9.20E+08,0.5,27,6.41E-10,0.504784,1.21E-06,1.30E-06,93.3257,-28.8695,0.00528246,672.006,19400.5,38433.2,0
11,9,609,8.13E-06,5.13E-07,1.54E-05,9.38E-07,2,2,228310,9.20E+08,0.5,27,6.37E-10,0.520291,1.17E-06,1.51E-06,77.1383,-28.2094,0.00511237,572.51,16150.1,31040.5,618.068
11,10,610,8.13E-06,6.28E-07,1.55E-05,1.00E-06,4,2,223048,9.20E+08,0.5,27,8.41E-10,0.503311,1.11E-06,1.28E-06,86.8762,-28.9328,0.00303699,623.739,18046.5,35855.6,0
11,11,611,2.53E-06,6.48E-07,1.43E-05,9.38E-07,3,2,242247,9.20E+08,0.5,27,7.30E-10,0.54742,1.22E-06,1.46E-06,83.264,-28.3523,0.00405157,650.196,18434.5,33675.3,30.1353
11,12,612,4.29E-06,5.65E-07,2.00E-05,8.98E-07,3,1,221816,9.20E+08,0.5,27,5.41E-10,0.286764,3.50E-07,6.07E-07,57.6566,-32.1696,0.0031056,235.852,7587.25,26458.2,7477
11,13,613,4.93E-06,6.08E-07,1.54E-05,9.38E-07,3,2,228310,9.20E+08,0.5,27,7.35E-10,0.530975,1.21E-06,1.50E-06,81.1375,-28.2503,0.00397047,614.557,17361.4,32697.2,149.187
11,14,614,8.13E-06,6.77E-07,1.43E-05,9.38E-07,2,2,232969,9.20E+08,0.5,27,6.38E-10,0.51933,1.14E-06,1.29E-06,88.0073,-28.8869,0.00521936,651.971,18833.4,36264.8,0
11,15,615,7.55E-06,5.90E-07,1.43E-05,9.38E-07,4,2,182299,9.20E+08,0.5,27,8.36E-10,0.514032,1.42E-06,1.80E-06,78.9391,-27.4469,0.00331492,578.827,15887,30906.7,367.34
11,16,616,4.29E-06,6.77E-07,1.43E-05,9.48E-07,2,2,268795,9.20E+08,0.5,27,6.33E-10,0.545212,1.09E-06,1.23E-06,88.2352,-29.084,0.00536922,686.237,19958.5,36606.8,0
11,17,617,4.93E-06,6.37E-07,1.54E-05,9.20E-07,4,2,228310,9.20E+08,0.5,27,8.35E-10,0.531654,1.22E-06,1.47E-06,82.6949,-28.3247,0.00322263,627.154,17763.9,33412.5,53.137
11,18,618,2.39E-06,5.90E-07,1.84E-05,9.25E-07,2,2,203022,9.20E+08,0.5,27,6.37E-10,0.507746,1.25E-06,1.35E-06,92.1508,-28.6907,0.00503728,667.44,19149.3,37714.4,0
11,19,619,8.50E-06,5.95E-07,1.72E-05,8.98E-07,3,2,206419,9.20E+08,0.5,27,7.41E-10,0.502336,1.20E-06,1.48E-06,81.0238,-28.296,0.00371618,580.595,16428.5,32704.3,158.104
11,20,620,4.17E-06,6.08E-07,1.79E-05,8.98E-07,2,2,228310,9.20E+08,0.5,27,6.37E-10,0.521298,1.17E-06,1.33E-06,88.1557,-28.7693,0.00528615,655.546,18859.6,36178.1,0
11,21,621,1.77E-06,4.76E-07,2.00E-05,9.38E-07,4,2,206419,9.20E+08,0.5,27,8.39E-10,0.492683,1.15E-06,1.32E-06,86.6054,-28.7818,0.00309147,608.665,17518.5,35557.3,0.000428314
11,22,622,4.93E-06,5.13E-07,1.55E-05,9.38E-07,2,2,223048,9.20E+08,0.5,27,6.34E-10,0.53466,1.26E-06,1.42E-06,88.8158,-28.4771,0.00554694,677.383,19289.9,36078.8,0
11,23,623,9.55E-06,6.77E-07,1.43E-05,9.38E-07,2,2,220782,9.20E+08,0.5,27,6.40E-10,0.508035,1.15E-06,1.30E-06,88.3518,-28.8675,0.0051409,640.287,18483.5,36382.3,0
11,24,624,7.55E-06,6.28E-07,1.43E-05,9.38E-07,3,2,223048,9.20E+08,0.5,27,7.36E-10,0.522863,1.20E-06,1.38E-06,87.4204,-28.6095,0.00397496,652.029,18654.2,35677.1,0
11,25,625,4.29E-06,6.52E-07,1.43E-05,9.38E-07,5,2,268795,9.20E+08,0.5,27,9.32E-10,0.546569,1.09E-06,1.37E-06,79.868,-28.6481,0.00279258,622.707,17839.4,32638.8,263.373
11,26,626,2.39E-06,6.48E-07,1.43E-05,9.38E-07,2,2,223048,9.20E+08,0.5,27,6.30E-10,0.543378,1.30E-06,1.56E-06,83.2161,-28.0554,0.00572661,645.024,18096.4,33303.5,31.8216
11,27,627,4.29E-06,6.48E-07,1.55E-05,9.48E-07,3,2,223048,9.20E+08,0.5,27,7.35E-10,0.528131,1.23E-06,1.48E-06,83.2572,-28.3085,0.00412085,627.234,17756.1,33620.6,30.3722
11,28,628,4.47E-06,6.24E-07,1.72E-05,9.38E-07,3,2,190740,9.20E+08,0.5,27,7.38E-10,0.509122,1.33E-06,1.54E-06,86.5209,-28.1206,0.0040188,628.361,17669.9,34706.5,0
11,29,629,4.70E-06,6.49E-07,1.90E-05,9.48E-07,4,2,203022,9.20E+08,0.5,27,8.42E-10,0.496055,1.19E-06,1.28E-06,92.803,-28.9357,0.00311868,656.686,19001.7,38305.6,0.00012452
11,30,630,4.29E-06,5.13E-07,1.84E-05,9.38E-07,2,3,228310,9.20E+08,0.5,27,8.39E-10,0.58787,1.49E-06,1.97E-06,75.6783,-27.0582,0.00877648,634.628,17171.9,29210.4,868.94
11,31,631,4.29E-06,5.99E-07,1.43E-05,9.38E-07,3,2,207398,9.20E+08,0.5,27,7.32E-10,0.537999,1.37E-06,1.64E-06,83.6703,-27.8498,0.00433357,642.124,17883,33239.9,17.6822
11,32,632,7.55E-06,6.28E-07,1.43E-05,9.38E-07,3,2,223048,9.20E+08,0.5,27,7.36E-10,0.522863,1.20E-06,1.38E-06,87.4204,-28.6095,0.00397496,652.029,18654.2,35677.1,0
11,33,633,7.55E-06,6.28E-07,1.43E-05,1.00E-06,2,2,223048,9.20E+08,0.5,27,6.38E-10,0.515395,1.17E-06,1.28E-06,91.1773,-28.9219,0.00523685,670.338,19387.4,37616.6,0
11,34,634,4.29E-06,5.65E-07,1.43E-05,8.98E-07,3,2,221816,9.20E+08,0.5,27,7.31E-10,0.548389,1.34E-06,1.61E-06,83.1694,-27.9433,0.00424204,650.607,18180.1,33151.8,33.5125
11,35,635,7.55E-06,6.49E-07,1.54E-05,8.91E-07,3,2,243784,9.20E+08,0.5,27,7.37E-10,0.524465,1.11E-06,1.29E-06,85.7847,-28.883,0.00388722,641.789,18536.8,35344.2,0
11,36,636,7.55E-06,6.48E-07,1.43E-05,9.30E-07,3,2,223048,9.20E+08,0.5,27,7.36E-10,0.522752,1.20E-06,1.38E-06,87.3555,-28.6077,0.00396077,651.407,18635.3,35648.4,0
11,37,637,4.93E-06,6.08E-07,1.55E-05,9.38E-07,4,2,181889,9.20E+08,0.5,27,8.35E-10,0.51798,1.45E-06,1.74E-06,83.3171,-27.6033,0.00345175,615.62,16993.2,32806.6,28.3218
11,38,638,7.22E-06,7.34E-07,1.43E-05,1.00E-06,3,2,220782,9.20E+08,0.5,27,7.39E-10,0.510349,1.16E-06,1.37E-06,84.6432,-28.6445,0.00384709,616.205,17650.9,34585.9,1.27314
11,39,639,9.33E-06,6.69E-07,1.90E-05,9.48E-07,4,2,223048,9.20E+08,0.5,27,8.49E-10,0.480008,1.01E-06,1.20E-06,84.1882,-29.2176,0.00312759,576.455,16842.6,35088.2,6.59381
11,40,640,7.55E-06,6.49E-07,1.43E-05,9.38E-07,4,2,223048,9.20E+08,0.5,27,8.37E-10,0.52117,1.19E-06,1.54E-06,77.7438,-28.1344,0.0030338,577.979,16261.1,31201.1,526.52
11,41,641,7.55E-06,6.37E-07,1.47E-05,8.78E-07,3,2,261569,9.20E+08,0.5,27,7.35E-10,0.53393,1.07E-06,1.35E-06,79.4921,-28.6984,0.00394013,605.444,17375.3,32542.3,303.372
11,42,642,7.55E-06,6.69E-07,2.00E-05,8.88E-07,3,2,252601,9.20E+08,0.5,27,7.46E-10,0.496559,9.57E-07,1.18E-06,80.8859,-29.2676,0.00350299,572.942,16768.6,33769.6,169.256
11,43,643,4.29E-06,5.65E-07,1.36E-05,8.98E-07,3,2,295595,9.20E+08,0.5,27,7.29E-10,0.565448,1.07E-06,1.33E-06,80.3568,-28.7689,0.00429448,648.159,18646.8,32977.1,215.593
11,44,644,4.29E-06,6.28E-07,1.55E-05,1.00E-06,3,2,221816,9.20E+08,0.5,27,7.36E-10,0.521955,1.21E-06,1.43E-06,84.4675,-28.4556,0.00415799,628.911,17896,34286.5,2.83604
11,45,645,3.45E-06,5.90E-07,1.72E-05,9.98E-07,3,2,242247,9.20E+08,0.5,27,7.38E-10,0.517646,1.09E-06,1.13E-06,96.4167,-29.4843,0.00365903,711.953,20991.4,40551.7,20.0704
11,46,646,4.29E-06,6.77E-07,1.62E-05,9.38E-07,3,2,223048,9.20E+08,0.5,27,7.36E-10,0.52281,1.20E-06,1.40E-06,86.0043,-28.5376,0.00375236,641.403,18304.1,35010.9,0
11,47,647,2.39E-06,5.90E-07,1.84E-05,9.25E-07,3,2,203022,9.20E+08,0.5,27,7.37E-10,0.507319,1.24E-06,1.41E-06,88.2228,-28.5135,0.00392254,638.452,18204.5,35883.8,0
11,48,648,2.83E-06,5.90E-07,1.47E-05,9.38E-07,3,2,247162,9.20E+08,0.5,27,7.31E-10,0.547745,1.19E-06,1.44E-06,82.8077,-28.4074,0.00400053,647.017,18380.1,33555.9,48.061
11,49,649,8.13E-06,5.03E-07,1.43E-05,9.38E-07,3,2,206419,9.20E+08,0.5,27,7.35E-10,0.523167,1.30E-06,1.75E-06,74.5052,-27.575,0.00412677,556.024,15332.4,29306.8,1101.4
12,0,650,7.55E-06,6.69E-07,1.47E-05,8.88E-07,3,2,223048,9.20E+08,0.5,27,7.36E-10,0.524621,1.21E-06,1.41E-06,85.7816,-28.4951,0.00398281,641.956,18292.6,34868.3,0
12,1,651,8.13E-06,6.77E-07,1.43E-05,9.38E-07,3,2,209717,9.20E+08,0.5,27,7.38E-10,0.513529,1.23E-06,1.39E-06,88.6023,-28.561,0.0039268,649.047,18537.4,36098.2,0
12,2,652,2.39E-06,5.13E-07,1.84E-05,9.38E-07,2,2,177165,9.20E+08,0.5,27,6.37E-10,0.501998,1.39E-06,1.59E-06,87.7186,-27.9874,0.00524315,628.145,17580.1,35020.3,0
12,3,653,4.29E-06,6.48E-07,1.85E-05,9.38E-07,2,2,203022,9.20E+08,0.5,27,6.40E-10,0.503033,1.22E-06,1.40E-06,87.4327,-28.5435,0.0051037,627.388,17907.9,35599.8,0
12,4,654,7.55E-06,5.90E-07,1.72E-05,9.38E-07,2,2,206419,9.20E+08,0.5,27,6.41E-10,0.502501,1.20E-06,1.28E-06,93.6445,-28.9246,0.00522445,671.251,19415.7,38638.1,0
12,5,655,7.23E-06,6.77E-07,1.43E-05,9.64E-07,3,2,206419,9.20E+08,0.5,27,7.37E-10,0.514556,1.26E-06,1.49E-06,84.2749,-28.2583,0.00397765,618.581,17480,33971.1,5.25833
12,6,656,4.29E-06,6.47E-07,1.84E-05,9.60E-07,2,2,221816,9.20E+08,0.5,27,6.41E-10,0.505792,1.13E-06,1.17E-06,96.4508,-29.3054,0.00495058,695.895,20393.5,40319.9,21.0477
12,7,657,4.29E-06,5.59E-07,1.43E-05,1.00E-06,2,2,268795,9.20E+08,0.5,27,6.33E-10,0.544165,1.08E-06,1.27E-06,85.7569,-28.9786,0.00521874,665.681,19290.5,35449.7,0
12,8,658,8.13E-06,6.77E-07,1.72E-05,9.38E-07,2,2,221816,9.20E+08,0.5,27,6.43E-10,0.498273,1.10E-06,1.32E-06,83.021,-28.7876,0.00481749,590.094,16987.4,34092.5,39.163
12,9,659,9.48E-06,6.08E-07,1.50E-05,9.11E-07,2,2,217722,9.20E+08,0.5,27,6.39E-10,0.511115,1.18E-06,1.45E-06,81.4512,-28.3987,0.0052513,593.858,16864.8,32996.1,125.939
12,10,660,7.55E-06,6.77E-07,1.55E-05,9.38E-07,3,2,190740,9.20E+08,0.5,27,7.39E-10,0.503801,1.30E-06,1.55E-06,84.072,-28.0909,0.00400013,604.194,16972.3,33688.6,8.61197
12,11,661,7.10E-06,6.77E-07,1.72E-05,9.38E-07,3,2,220782,9.20E+08,0.5,27,7.42E-10,0.5029,1.12E-06,1.28E-06,87.8652,-28.9339,0.00387097,630.325,18237.8,36265.2,0
12,12,662,7.55E-06,5.30E-07,1.43E-05,8.75E-07,3,2,220782,9.20E+08,0.5,27,7.33E-10,0.536229,1.28E-06,1.67E-06,76.8875,-27.7809,0.00422653,588.129,16338.8,30469.8,658.126
12,13,663,5.62E-06,5.90E-07,1.55E-05,9.08E-07,4,2,163558,9.20E+08,0.5,27,8.35E-10,0.514337,1.59E-06,1.91E-06,83.1289,-27.1913,0.00341758,609.91,16584.2,32243.9,35.0094
12,14,664,4.29E-06,6.74E-07,1.93E-05,9.13E-07,2,2,203022,9.20E+08,0.5,27,6.41E-10,0.500071,1.21E-06,1.31E-06,92.1962,-28.8268,0.00519676,657.674,18958.6,37911.9,0
12,15,665,4.93E-06,6.08E-07,1.49E-05,9.38E-07,3,2,228310,9.20E+08,0.5,27,7.34E-10,0.534811,1.23E-06,1.45E-06,84.7959,-28.3764,0.00399889,646.907,18356.9,34324.1,0.416405
12,16,666,6.79E-06,6.73E-07,1.55E-05,9.38E-07,4,2,190740,9.20E+08,0.5,27,8.38E-10,0.507936,1.33E-06,1.54E-06,85.7904,-28.1112,0.00322553,621.604,17474,34402,0
12,17,667,7.55E-06,5.81E-07,1.84E-05,9.25E-07,3,2,203022,9.20E+08,0.5,27,7.43E-10,0.496208,1.19E-06,1.38E-06,86.1732,-28.6037,0.00392595,609.961,17447.2,35161,0.000115049
12,18,668,8.21E-06,5.90E-07,1.84E-05,9.89E-07,2,2,203022,9.20E+08,0.5,27,6.46E-10,0.483896,1.13E-06,1.25E-06,90.148,-29.0283,0.00552503,622.264,18063.3,37328.8,0.00207459
12,19,669,4.29E-06,5.13E-07,2.00E-05,9.38E-07,2,2,221816,9.20E+08,0.5,27,6.42E-10,0.503804,1.12E-06,1.27E-06,88.7026,-28.9761,0.00502898,637.477,18471.6,36664.2,0
12,20,670,4.12E-06,5.13E-07,1.43E-05,9.38E-07,3,2,207798,9.20E+08,0.5,27,7.31E-10,0.543622,1.40E-06,1.63E-06,85.6749,-27.869,0.00437301,664.381,18515.6,34059.7,0
12,21,671,9.30E-06,7.36E-07,1.43E-05,9.38E-07,3,2,235795,9.20E+08,0.5,27,7.41E-10,0.508614,1.08E-06,1.37E-06,78.452,-28.6263,0.00351949,569.192,16293.9,32035.8,428.763
12,22,672,8.13E-06,6.77E-07,1.55E-05,9.38E-07,2,2,162472,9.20E+08,0.5,27,6.40E-10,0.491115,1.45E-06,1.60E-06,90.5836,-27.9484,0.00565836,634.599,17736.1,36113.8,0.000631492
12,23,673,7.55E-06,5.90E-07,1.72E-05,9.38E-07,3,2,261569,9.20E+08,0.5,27,7.41E-10,0.513104,9.88E-07,1.15E-06,85.9787,-29.3952,0.00376046,629.307,18498.6,36052.3,8.26E-16
12,24,674,7.55E-06,5.90E-07,1.72E-05,9.38E-07,2,2,206419,9.20E+08,0.5,27,6.41E-10,0.502501,1.20E-06,1.28E-06,93.6445,-28.9246,0.00522445,671.251,19415.7,38638.1,0
12,25,675,6.38E-06,6.77E-07,1.72E-05,1.00E-06,3,2,221816,9.20E+08,0.5,27,7.43E-10,0.498462,1.10E-06,1.15E-06,95.5111,-29.3984,0.00377862,679.129,19965.3,40053.9,2.61268
12,26,676,9.57E-06,6.77E-07,1.43E-05,8.98E-07,3,2,221816,9.20E+08,0.5,27,7.39E-10,0.512865,1.16E-06,1.37E-06,84.7291,-28.6207,0.00386396,619.872,17741.2,34592.3,0.733804
12,27,677,2.39E-06,5.90E-07,1.55E-05,9.25E-07,3,2,190740,9.20E+08,0.5,27,7.32E-10,0.527995,1.43E-06,1.68E-06,85.1765,-27.7355,0.00448923,641.529,17793.1,33699.4,0
12,28,678,4.29E-06,6.36E-07,1.84E-05,9.25E-07,3,2,268795,9.20E+08,0.5,27,7.39E-10,0.519125,9.85E-07,1.11E-06,88.5173,-29.535,0.00368556,655.491,19359.9,37293.3,1.31E-15
12,29,679,8.13E-06,6.95E-07,1.55E-05,8.59E-07,5,2,220782,9.20E+08,0.5,27,9.38E-10,0.516906,1.19E-06,1.53E-06,77.5946,-28.1562,0.00244464,572.149,16109.5,31165.3,548.393
12,30,680,7.55E-06,6.77E-07,1.43E-05,9.77E-07,4,2,220782,9.20E+08,0.5,27,8.38E-10,0.514178,1.17E-06,1.46E-06,80.1175,-28.3443,0.00307567,587.634,16656.1,32393.7,238.386
12,31,681,8.13E-06,6.77E-07,1.61E-05,9.38E-07,2,2,223048,9.20E+08,0.5,27,6.41E-10,0.505387,1.12E-06,1.38E-06,81.5918,-28.6087,0.00479158,588.216,16828.1,33297.5,116.159
12,32,682,7.55E-06,5.30E-07,1.76E-05,9.38E-07,2,2,223289,9.20E+08,0.5,27,6.41E-10,0.5076,1.13E-06,1.27E-06,89.0325,-28.9559,0.00519872,644.668,18666.9,36774.9,0
12,33,683,4.29E-06,6.77E-07,1.82E-05,9.38E-07,2,2,224315,9.20E+08,0.5,27,6.40E-10,0.508914,1.13E-06,1.23E-06,91.982,-29.0932,0.00508632,667.75,19427,38173.3,0
12,34,684,4.93E-06,5.90E-07,1.40E-05,9.74E-07,2,2,228310,9.20E+08,0.5,27,6.33E-10,0.538125,1.25E-06,1.43E-06,87.5695,-28.4613,0.00553851,672.205,19131.9,35552.8,0
12,35,685,4.29E-06,6.77E-07,1.72E-05,9.38E-07,3,2,197566,9.20E+08,0.5,27,7.38E-10,0.509044,1.29E-06,1.47E-06,87.2658,-28.3137,0.00407578,633.673,17941.7,35245.8,0
12,36,686,4.29E-06,5.65E-07,1.43E-05,8.98E-07,2,2,292666,9.20E+08,0.5,27,6.31E-10,0.559742,1.06E-06,1.26E-06,83.6384,-28.9865,0.00576217,667.821,19357.8,34583.4,18.5388
12,37,687,4.29E-06,5.65E-07,1.43E-05,8.98E-07,3,2,292666,9.20E+08,0.5,27,7.31E-10,0.559442,1.05E-06,1.21E-06,87.3196,-29.1813,0.00424906,696.839,20334.7,36348.2,0
12,38,688,2.37E-06,5.63E-07,1.72E-05,9.38E-07,3,2,225404,9.20E+08,0.5,27,7.35E-10,0.522679,1.19E-06,1.20E-06,99.0253,-29.2032,0.00387752,738.325,21561.5,41251.8,162.027
12,39,689,2.76E-06,6.28E-07,1.76E-05,9.48E-07,2,2,206419,9.20E+08,0.5,27,6.37E-10,0.511659,1.24E-06,1.31E-06,94.9728,-28.8251,0.00501372,693.18,19981,39051.4,0
12,40,690,4.93E-06,6.01E-07,1.43E-05,9.06E-07,2,2,223048,9.20E+08,0.5,27,6.32E-10,0.543597,1.30E-06,1.49E-06,87.7192,-28.277,0.00571106,680.202,19234.1,35383,0
12,41,691,8.13E-06,5.65E-07,2.00E-05,8.98E-07,3,2,221816,9.20E+08,0.5,27,7.45E-10,0.492433,1.07E-06,1.29E-06,83.264,-28.9046,0.00366066,584.886,16905.9,34331.4,30.1372
12,42,692,7.55E-06,6.08E-07,1.43E-05,9.38E-07,3,2,223048,9.20E+08,0.5,27,7.36E-10,0.523967,1.21E-06,1.39E-06,87.1254,-28.5761,0.00400083,651.201,18608.8,35515.2,0
12,43,693,4.29E-06,5.90E-07,1.83E-05,9.38E-07,4,2,182299,9.20E+08,0.5,27,8.39E-10,0.500381,1.35E-06,1.55E-06,86.635,-28.0894,0.00323862,618.387,17370.1,34713.8,0
12,44,694,4.29E-06,6.77E-07,1.72E-05,1.00E-06,2,2,221816,9.20E+08,0.5,27,6.40E-10,0.507026,1.14E-06,1.26E-06,90.5492,-29.0119,0.00510366,654.909,19000.2,37473.8,0
12,45,695,6.14E-06,5.13E-07,1.54E-05,9.38E-07,3,2,223048,9.20E+08,0.5,27,7.35E-10,0.529,1.23E-06,1.56E-06,78.8227,-28.055,0.00396404,594.803,16687.2,31544.8,381.59
12,46,696,8.13E-06,5.30E-07,1.76E-05,9.38E-07,2,2,220782,9.20E+08,0.5,27,6.42E-10,0.504012,1.13E-06,1.38E-06,81.801,-28.6001,0.00485968,588.12,16820.3,33372.8,102.335
12,47,697,5.42E-06,6.37E-07,2.00E-05,9.57E-07,4,2,221816,9.20E+08,0.5,27,8.45E-10,0.491293,1.06E-06,1.19E-06,89.329,-29.2422,0.00306592,626.036,18306.7,37262.2,0.000606456
12,48,698,4.93E-06,6.47E-07,1.54E-05,1.00E-06,2,2,209658,9.20E+08,0.5,27,6.37E-10,0.516924,1.25E-06,1.47E-06,85.222,-28.332,0.00532788,628.412,17804.2,34442.5,0
12,49,699,4.29E-06,6.28E-07,1.55E-05,9.38E-07,2,2,228310,9.20E+08,0.5,27,6.35E-10,0.532209,1.22E-06,1.35E-06,90.2605,-28.689,0.00527659,685.245,19659,36938.4,0
13,0,700,4.29E-06,5.90E-07,1.84E-05,9.48E-07,2,2,206419,9.20E+08,0.5,27,6.40E-10,0.506355,1.22E-06,1.41E-06,86.2089,-28.4956,0.00510588,622.692,17744,35042.6,0
13,1,701,4.29E-06,5.90E-07,1.43E-05,9.38E-07,2,2,190740,9.20E+08,0.5,27,6.32E-10,0.534862,1.47E-06,1.73E-06,85.0014,-27.6086,0.00599579,648.537,17905.2,33476.3,0
13,2,702,8.13E-06,6.57E-07,1.43E-05,9.38E-07,3,2,190740,9.20E+08,0.5,27,7.38E-10,0.509606,1.34E-06,1.51E-06,88.5014,-28.2129,0.00401225,643.355,18150.9,35617.6,0
13,3,703,7.55E-06,6.77E-07,1.72E-05,9.38E-07,3,2,206419,9.20E+08,0.5,27,7.43E-10,0.49721,1.17E-06,1.31E-06,89.7514,-28.8356,0.00389494,636.572,18355.9,36917.8,6.23E-05
13,4,704,7.55E-06,6.17E-07,1.55E-05,9.38E-07,3,2,190740,9.20E+08,0.5,27,7.38E-10,0.5073,1.32E-06,1.47E-06,89.8294,-28.317,0.00404927,650.055,18407.6,36285.5,0
13,5,705,7.35E-06,6.28E-07,1.72E-05,9.38E-07,4,2,242247,9.20E+08,0.5,27,8.42E-10,0.508163,1.04E-06,1.29E-06,81.137,-28.9039,0.00305566,588.15,16999.8,33453.5,149.228
13,6,706,2.39E-06,5.90E-07,1.55E-05,9.38E-07,4,2,203022,9.20E+08,0.5,27,8.32E-10,0.529515,1.35E-06,1.59E-06,84.9929,-27.9783,0.00351893,641.988,17961.8,33921.1,0.000507747
13,7,707,4.29E-06,5.90E-07,1.25E-05,9.38E-07,3,2,178635,9.20E+08,0.5,27,7.28E-10,0.545625,1.64E-06,2.03E-06,80.573,-26.9163,0.00466658,627.119,16879.7,30936.5,195.979
13,8,708,9.48E-06,6.37E-07,1.50E-05,9.20E-07,3,2,190740,9.20E+08,0.5,27,7.40E-10,0.500806,1.29E-06,1.45E-06,88.857,-28.385,0.00398258,634.785,18018.4,35978.8,0
13,9,709,7.55E-06,6.20E-07,1.54E-05,9.38E-07,2,2,221329,9.20E+08,0.5,27,6.38E-10,0.516211,1.18E-06,1.30E-06,91.0723,-28.866,0.0052524,670.624,19358.3,37500.7,0
13,10,710,9.35E-06,5.90E-07,1.72E-05,9.38E-07,2,2,215065,9.20E+08,0.5,27,6.43E-10,0.495196,1.12E-06,1.37E-06,81.5388,-28.632,0.00502937,575.981,16491.5,33302.9,119.799
13,11,711,4.29E-06,6.77E-07,1.72E-05,1.00E-06,2,2,258250,9.20E+08,0.5,27,6.40E-10,0.514646,1.01E-06,1.07E-06,94.4555,-29.7206,0.00484193,693.429,20609.1,40045.2,0
13,12,712,8.13E-06,6.77E-07,1.43E-05,9.38E-07,2,2,220782,9.20E+08,0.5,27,6.38E-10,0.516691,1.19E-06,1.35E-06,88.1349,-28.7055,0.00521647,649.599,18647.1,36089.4,0
13,13,713,4.29E-06,6.28E-07,1.55E-05,9.15E-07,4,2,268795,9.20E+08,0.5,27,8.34E-10,0.541532,1.07E-06,1.26E-06,84.8563,-28.9857,0.00350966,655.502,19000.2,35086,0.206627
13,14,714,3.29E-06,6.24E-07,1.55E-05,9.38E-07,4,2,203022,9.20E+08,0.5,27,8.33E-10,0.528169,1.35E-06,1.67E-06,80.7338,-27.7715,0.00326903,608.268,16892.5,31983.1,182.001
13,15,715,8.13E-06,6.77E-07,1.43E-05,9.66E-07,3,1,190740,9.20E+08,0.5,27,5.39E-10,0.266864,3.55E-07,6.49E-07,54.6122,-31.8752,0.00299975,207.896,6626.71,24831.8,9234.64
13,16,716,4.29E-06,5.90E-07,1.84E-05,9.23E-07,3,2,203022,9.20E+08,0.5,27,7.39E-10,0.508883,1.25E-06,1.37E-06,91.3464,-28.6309,0.00394454,663.096,18985,37307.2,0
13,17,717,4.47E-06,4.92E-07,1.54E-05,9.47E-07,2,2,231898,9.20E+08,0.5,27,6.34E-10,0.539039,1.23E-06,1.40E-06,88.08,-28.5415,0.00588045,677.273,19330.4,35860.9,0
13,18,718,4.29E-06,6.28E-07,1.43E-05,9.38E-07,3,2,268795,9.20E+08,0.5,27,7.32E-10,0.548305,1.10E-06,1.31E-06,83.8962,-28.8191,0.00409807,656.191,18910.9,34489.7,12.1847
13,19,719,6.38E-06,6.77E-07,1.50E-05,9.43E-07,2,2,228310,9.20E+08,0.5,27,6.37E-10,0.522991,1.18E-06,1.31E-06,89.8657,-28.8278,0.00538851,670.431,19327,36954.8,0
13,20,720,4.87E-06,6.28E-07,1.55E-05,9.38E-07,2,2,268795,9.20E+08,0.5,27,6.35E-10,0.536573,1.05E-06,1.20E-06,88.039,-29.2149,0.00524282,673.862,19686.8,36689.8,0
13,21,721,9.48E-06,6.37E-07,1.50E-05,9.20E-07,4,2,190740,9.20E+08,0.5,27,8.40E-10,0.500489,1.29E-06,1.47E-06,87.6693,-28.3373,0.00317632,625.904,17736.5,35438.3,0
13,22,722,7.07E-06,5.90E-07,1.55E-05,9.38E-07,3,2,190740,9.20E+08,0.5,27,7.38E-10,0.511354,1.35E-06,1.65E-06,81.5577,-27.8263,0.00408435,594.913,16554.2,32373.2,118.494
13,23,723,7.27E-06,7.20E-07,1.43E-05,9.38E-07,3,2,189016,9.20E+08,0.5,27,7.37E-10,0.510651,1.35E-06,1.57E-06,86.4326,-28.054,0.00403417,629.605,17662.9,34589.1,0
13,24,724,8.13E-06,5.90E-07,1.55E-05,9.38E-07,5,2,206419,9.20E+08,0.5,27,9.39E-10,0.509425,1.23E-06,1.42E-06,86.857,-28.4905,0.00265027,631.178,17982.6,35299.7,0
13,25,725,2.78E-06,6.49E-07,1.72E-05,9.36E-07,2,2,199384,9.20E+08,0.5,27,6.36E-10,0.512919,1.30E-06,1.38E-06,93.5772,-28.5885,0.0051074,684.677,19573.9,38161.7,0
13,26,726,5.62E-06,5.65E-07,1.72E-05,9.23E-07,3,2,163558,9.20E+08,0.5,27,7.38E-10,0.501559,1.51E-06,1.77E-06,85.1416,-27.5176,0.00430556,609.158,16762.5,33420.9,0
13,27,727,9.48E-06,6.37E-07,1.45E-05,9.20E-07,4,2,235059,9.20E+08,0.5,27,8.39E-10,0.514483,1.10E-06,1.45E-06,76.157,-28.3928,0.00287056,558.917,15869.2,30845,781.987
13,28,728,7.55E-06,6.77E-07,1.50E-05,9.51E-07,3,2,270749,9.20E+08,0.5,27,7.39E-10,0.522298,9.90E-07,1.24E-06,79.6242,-29.0561,0.00359483,593.239,17237.2,33002.7,288.99
13,29,729,4.29E-06,5.14E-07,1.84E-05,9.05E-07,2,2,203022,9.20E+08,0.5,27,6.38E-10,0.516008,1.29E-06,1.42E-06,90.8285,-28.4806,0.00535228,668.567,19041.2,36901,0
13,30,730,4.29E-06,5.12E-07,1.43E-05,9.36E-07,4,2,292666,9.20E+08,0.5,27,8.31E-10,0.556711,1.04E-06,1.31E-06,79.7696,-28.8414,0.00333554,633.481,18270.5,32818.6,273.57
13,31,731,4.93E-06,6.08E-07,1.54E-05,8.67E-07,2,1,224315,9.20E+08,0.5,27,4.33E-10,0.366284,5.76E-07,8.03E-07,71.7413,-30.9525,0.00470791,374.847,11602.4,31676,1758.08
13,32,732,8.13E-06,6.77E-07,1.43E-05,1.00E-06,2,2,220782,9.20E+08,0.5,27,6.40E-10,0.508647,1.15E-06,1.25E-06,91.6646,-29.0185,0.00514714,665.097,19300.1,37944,0
13,33,733,7.55E-06,6.49E-07,1.47E-05,8.88E-07,4,2,242247,9.20E+08,0.5,27,8.36E-10,0.528887,1.13E-06,1.41E-06,80.6507,-28.5188,0.00314769,608.468,17352.8,32809.9,189.161
13,34,734,4.60E-06,7.15E-07,1.82E-05,9.38E-07,2,2,224315,9.20E+08,0.5,27,6.41E-10,0.506185,1.12E-06,1.21E-06,92.5963,-29.1702,0.00505669,668.605,19503.3,38530.1,0
13,35,735,7.55E-06,6.28E-07,1.47E-05,9.90E-07,2,2,223048,9.20E+08,0.5,27,6.39E-10,0.513757,1.16E-06,1.43E-06,80.9496,-28.4326,0.00517135,593.251,16867.7,32832,164.061
13,36,736,4.29E-06,5.90E-07,1.43E-05,9.38E-07,3,2,203022,9.20E+08,0.5,27,7.32E-10,0.53751,1.40E-06,1.66E-06,84.4845,-27.8086,0.00440775,647.784,18013.9,33513.6,2.65772
13,37,737,5.62E-06,6.77E-07,1.55E-05,9.38E-07,3,2,163558,9.20E+08,0.5,27,7.37E-10,0.504847,1.53E-06,1.80E-06,84.9487,-27.4514,0.0043917,611.762,16793.7,33265,0.0263239
13,38,738,9.48E-06,6.77E-07,1.43E-05,9.20E-07,3,2,144067,9.20E+08,0.5,27,7.39E-10,0.483925,1.59E-06,1.85E-06,85.7487,-27.3186,0.00461885,591.931,16170.7,33415.8,0.00206733
13,39,739,3.45E-06,6.08E-07,1.43E-05,9.38E-07,4,2,223048,9.20E+08,0.5,27,8.31E-10,0.543843,1.30E-06,1.61E-06,80.84,-27.929,0.00365856,627.143,17515.4,32206.8,173.052
13,40,740,4.02E-06,4.41E-07,1.43E-05,8.98E-07,3,2,246988,9.20E+08,0.5,27,7.29E-10,0.560109,1.25E-06,1.58E-06,79.1383,-28.0067,0.00448886,632.303,17708.7,31616.6,343.592
13,41,741,7.55E-06,6.43E-07,1.43E-05,9.20E-07,3,2,190740,9.20E+08,0.5,27,7.36E-10,0.516504,1.37E-06,1.56E-06,87.8105,-28.0579,0.00408751,646.974,18152.7,35145.4,0
13,42,742,7.55E-06,5.72E-07,1.27E-05,9.38E-07,3,2,223048,9.20E+08,0.5,27,7.33E-10,0.536872,1.27E-06,1.69E-06,75.1189,-27.7172,0.0041217,575.289,15945.4,29700.5,976.366
13,43,743,4.29E-06,5.90E-07,1.71E-05,9.38E-07,3,2,175081,9.20E+08,0.5,27,7.37E-10,0.507653,1.44E-06,1.69E-06,85.2402,-27.7097,0.0041555,617.274,17104.5,33693.2,0
13,44,744,6.78E-06,5.90E-07,1.43E-05,9.38E-07,3,2,182759,9.20E+08,0.5,27,7.35E-10,0.518974,1.45E-06,1.79E-06,81.0413,-27.4817,0.00419027,599.954,16487.7,31769.9,156.711
13,45,745,7.55E-06,6.56E-07,1.43E-05,9.38E-07,2,2,223048,9.20E+08,0.5,27,6.37E-10,0.521902,1.20E-06,1.37E-06,87.4435,-28.6274,0.00537709,651.003,18636.5,35708.8,0
13,46,746,4.70E-06,6.08E-07,1.43E-05,9.38E-07,3,2,203022,9.20E+08,0.5,27,7.33E-10,0.534577,1.38E-06,1.65E-06,84.0816,-27.8347,0.00424942,641.177,17847,33385.2,8.4344
13,47,747,4.93E-06,6.77E-07,1.54E-05,1.00E-06,2,2,221816,9.20E+08,0.5,27,6.37E-10,0.518328,1.19E-06,1.38E-06,86.2273,-28.6022,0.00518142,637.552,18235.4,35181.1,0
13,48,748,3.45E-06,5.90E-07,2.00E-05,9.38E-07,5,2,182299,9.20E+08,0.5,27,9.42E-10,0.488523,1.28E-06,1.41E-06,90.5402,-28.507,0.00271762,630.947,17986.4,36817.9,0.00105381
13,49,749,6.96E-06,6.02E-07,1.34E-05,9.38E-07,3,2,278680,9.20E+08,0.5,27,7.34E-10,0.543516,1.04E-06,1.33E-06,78.3686,-28.758,0.00410918,607.604,17473.5,32149,439.752
14,0,750,4.29E-06,5.31E-07,1.54E-05,9.38E-07,3,2,223048,9.20E+08,0.5,27,7.33E-10,0.536566,1.27E-06,1.47E-06,86.1399,-28.3164,0.00433318,659.316,18669.4,34794.3,0
14,1,751,7.55E-06,6.08E-07,1.59E-05,9.38E-07,3,2,190740,9.20E+08,0.5,27,7.39E-10,0.505532,1.31E-06,1.46E-06,90.246,-28.3681,0.00404584,650.793,18461.8,36519.5,0
14,2,752,3.29E-06,6.49E-07,1.74E-05,1.00E-06,2,2,203022,9.20E+08,0.5,27,6.39E-10,0.503995,1.23E-06,1.43E-06,85.8158,-28.4479,0.00510051,616.963,17551.3,34824.4,0
14,3,753,4.29E-06,7.26E-07,1.43E-05,9.38E-07,3,2,221816,9.20E+08,0.5,27,7.33E-10,0.534912,1.27E-06,1.50E-06,84.6453,-28.243,0.00410054,645.88,18241.5,34101.9,1.25821
14,4,754,4.77E-06,6.28E-07,1.43E-05,9.48E-07,3,2,268795,9.20E+08,0.5,27,7.33E-10,0.544797,1.09E-06,1.26E-06,86.2278,-28.9955,0.00422468,670.113,19430.2,35665.1,0
14,5,755,4.29E-06,6.49E-07,1.78E-05,9.38E-07,2,3,203022,9.20E+08,0.5,27,8.39E-10,0.580997,1.64E-06,2.12E-06,77.2127,-26.735,0.00826394,639.925,17108.4,29446.6,606.422
14,6,756,4.47E-06,6.49E-07,1.43E-05,9.38E-07,2,2,193277,9.20E+08,0.5,27,6.33E-10,0.531633,1.44E-06,1.66E-06,86.4571,-27.7929,0.00585775,655.66,18222.7,34276.8,0
14,7,757,4.93E-06,6.08E-07,1.54E-05,9.54E-07,3,2,223048,9.20E+08,0.5,27,7.35E-10,0.527752,1.23E-06,1.48E-06,83.189,-28.311,0.00407621,626.271,17730.3,33596,32.797
14,8,758,4.29E-06,5.90E-07,1.62E-05,9.92E-07,5,2,222523,9.20E+08,0.5,27,9.37E-10,0.520073,1.19E-06,1.26E-06,94.7404,-29.0131,0.00253261,702.855,20392,39209.8,0
14,9,759,7.55E-06,6.48E-07,1.43E-05,1.00E-06,3,2,221816,9.20E+08,0.5,27,7.38E-10,0.51336,1.17E-06,1.45E-06,80.1584,-28.3755,0.0038722,586.999,16656.4,32445.9,234.406
14,10,760,8.13E-06,6.77E-07,1.43E-05,9.38E-07,3,2,190740,9.20E+08,0.5,27,7.38E-10,0.508377,1.33E-06,1.50E-06,88.6067,-28.2395,0.00398871,642.567,18145.8,35693.6,0
14,11,761,7.55E-06,6.69E-07,1.47E-05,8.60E-07,3,1,223048,9.20E+08,0.5,27,5.35E-10,0.335751,4.82E-07,7.15E-07,67.4141,-31.4557,0.00324811,322.875,10156.2,30249.4,3092.86
14,12,762,7.55E-06,5.13E-07,1.47E-05,9.41E-07,3,2,261569,9.20E+08,0.5,27,7.35E-10,0.533111,1.07E-06,1.39E-06,77.0287,-28.5787,0.00397742,585.782,16740.9,31402.2,635.423
14,13,763,5.07E-06,6.28E-07,1.72E-05,9.38E-07,3,2,206419,9.20E+08,0.5,27,7.39E-10,0.511173,1.24E-06,1.45E-06,85.8347,-28.3933,0.00394256,625.889,17771.1,34765.3,0
14,14,764,8.13E-06,6.77E-07,1.47E-05,9.38E-07,3,2,220782,9.20E+08,0.5,27,7.39E-10,0.513656,1.17E-06,1.32E-06,89.0257,-28.8025,0.00387214,652.309,18788.1,36577.3,0
14,15,765,3.29E-06,6.49E-07,1.74E-05,9.38E-07,2,2,203022,9.20E+08,0.5,27,6.37E-10,0.513237,1.27E-06,1.43E-06,88.8313,-28.4339,0.00501159,650.354,18492.1,36030.3,0
14,16,766,4.93E-06,5.28E-07,1.72E-05,9.38E-07,3,2,242013,9.20E+08,0.5,27,7.38E-10,0.524143,1.12E-06,1.28E-06,87.1955,-28.9271,0.0037009,651.944,18858.8,35980.3,0
14,17,767,3.11E-06,6.49E-07,1.38E-05,9.38E-07,2,2,203022,9.20E+08,0.5,27,6.30E-10,0.542708,1.43E-06,1.67E-06,85.2879,-27.7646,0.00597789,660.267,18332.1,33778.9,0
14,18,768,7.32E-06,5.65E-07,1.43E-05,9.38E-07,3,2,190740,9.20E+08,0.5,27,7.35E-10,0.519703,1.39E-06,1.76E-06,79.0498,-27.5471,0.00415769,586.033,16143.5,31062.9,354.05
14,19,769,7.55E-06,5.95E-07,1.61E-05,8.96E-07,3,2,223048,9.20E+08,0.5,27,7.38E-10,0.518478,1.18E-06,1.35E-06,87.5981,-28.6903,0.00396537,647.876,18587.8,35850.6,0
14,20,770,7.55E-06,6.28E-07,1.43E-05,9.38E-07,2,2,223048,9.20E+08,0.5,27,6.36E-10,0.523398,1.21E-06,1.37E-06,87.956,-28.6259,0.00534863,656.695,18798.5,35916.3,0
14,21,771,5.93E-06,5.90E-07,1.43E-05,9.38E-07,2,2,206419,9.20E+08,0.5,27,6.34E-10,0.530774,1.34E-06,1.52E-06,88.4556,-28.1898,0.00559591,669.732,18879.6,35570,0
14,22,772,6.15E-06,5.13E-07,1.55E-05,9.38E-07,2,2,234345,9.20E+08,0.5,27,6.35E-10,0.530794,1.18E-06,1.42E-06,83.0499,-28.4649,0.00543703,628.827,17899.5,33722.1,38.028
14,23,773,8.13E-06,6.77E-07,1.43E-05,9.38E-07,3,2,181949,9.20E+08,0.5,27,7.38E-10,0.505638,1.38E-06,1.56E-06,88.4445,-28.075,0.00401205,637.936,17910,35420.7,0
14,24,774,7.55E-06,6.49E-07,1.50E-05,9.38E-07,3,2,220782,9.20E+08,0.5,27,7.38E-10,0.516354,1.19E-06,1.34E-06,88.7329,-28.741,0.00391455,653.579,18784.5,36379.2,0
14,25,775,4.29E-06,4.61E-07,1.72E-05,8.98E-07,3,2,224315,9.20E+08,0.5,27,7.35E-10,0.532145,1.24E-06,1.36E-06,91.2997,-28.6628,0.00392536,693.051,19864.8,37329.7,0
14,26,776,7.55E-06,6.48E-07,1.78E-05,9.23E-07,3,2,222440,9.20E+08,0.5,27,7.43E-10,0.500756,1.11E-06,1.35E-06,82.1005,-28.7072,0.00358261,586.46,16835.6,33620.4,84.0732
14,27,777,3.45E-06,5.65E-07,2.00E-05,8.98E-07,3,1,201009,9.20E+08,0.5,27,5.40E-10,0.274553,3.54E-07,5.85E-07,60.5997,-32.3288,0.00311979,237.335,7672.77,27946.4,5954.17
14,28,778,6.63E-06,6.77E-07,1.43E-05,9.38E-07,3,2,190740,9.20E+08,0.5,27,7.36E-10,0.517231,1.38E-06,1.65E-06,83.3908,-27.8224,0.00412775,615.274,17118.4,33096.2,25.8956
14,29,779,3.91E-06,5.65E-07,1.43E-05,8.98E-07,2,2,242060,9.20E+08,0.5,27,6.30E-10,0.554324,1.25E-06,1.45E-06,86.1995,-28.3818,0.00589468,681.607,19345.2,34898.8,0
14,30,780,8.13E-06,7.05E-07,1.43E-05,9.38E-07,3,2,208118,9.20E+08,0.5,27,7.38E-10,0.511472,1.23E-06,1.39E-06,88.7378,-28.5702,0.00390046,647.436,18497.3,36164.9,0
14,31,781,4.29E-06,6.47E-07,1.43E-05,1.00E-06,2,2,221816,9.20E+08,0.5,27,6.34E-10,0.531231,1.25E-06,1.45E-06,86.4919,-28.4,0.00558288,655.428,18614.2,35039.7,0
14,32,782,7.55E-06,6.28E-07,1.44E-05,9.38E-07,3,2,223048,9.20E+08,0.5,27,7.37E-10,0.522286,1.20E-06,1.37E-06,87.5329,-28.6249,0.00396943,652.147,18667.6,35742.2,0
14,33,783,4.29E-06,6.47E-07,1.72E-05,9.10E-07,3,2,220782,9.20E+08,0.5,27,7.37E-10,0.520266,1.20E-06,1.34E-06,89.7979,-28.7234,0.00390262,666.435,19142.3,36793.3,0
14,34,784,6.81E-06,5.81E-07,1.47E-05,9.38E-07,3,2,206419,9.20E+08,0.5,27,7.36E-10,0.523132,1.30E-06,1.65E-06,79.0433,-27.8309,0.00405211,589.851,16416.1,31380.4,354.822
14,35,785,8.99E-06,5.90E-07,1.59E-05,9.38E-07,3,2,190740,9.20E+08,0.5,27,7.41E-10,0.498409,1.28E-06,1.42E-06,90.0554,-28.4866,0.0040333,640.268,18239,36594.6,2.03E-05
14,36,786,7.55E-06,5.90E-07,1.43E-05,9.38E-07,2,2,223048,9.20E+08,0.5,27,6.36E-10,0.525527,1.22E-06,1.42E-06,85.8017,-28.4824,0.00541462,643.216,18320.3,34860.9,0
14,37,787,7.28E-06,6.74E-07,1.37E-05,9.52E-07,2,2,221816,9.20E+08,0.5,27,6.36E-10,0.524547,1.22E-06,1.38E-06,88.5303,-28.6112,0.00531594,662.434,18953,36132.1,0
14,38,788,7.55E-06,6.49E-07,1.41E-05,9.38E-07,2,2,203022,9.20E+08,0.5,27,6.36E-10,0.518977,1.30E-06,1.46E-06,89.0888,-28.3497,0.00540244,659.534,18697.6,36027.8,0
14,39,789,8.13E-06,6.77E-07,1.43E-05,8.84E-07,3,2,223048,9.20E+08,0.5,27,7.36E-10,0.523635,1.21E-06,1.42E-06,85.0153,-28.4729,0.00394776,635.027,18081.1,34529.9,0
14,40,790,7.55E-06,6.28E-07,1.43E-05,9.38E-07,3,2,223048,9.20E+08,0.5,27,7.36E-10,0.522863,1.20E-06,1.38E-06,87.4204,-28.6095,0.00397496,652.029,18654.2,35677.1,0
14,41,791,4.29E-06,5.13E-07,1.72E-05,9.38E-07,2,2,224315,9.20E+08,0.5,27,6.37E-10,0.524143,1.20E-06,1.32E-06,90.9459,-28.7799,0.00525828,679.985,19569.9,37336.9,0
14,42,792,4.93E-06,6.69E-07,1.72E-05,8.88E-07,3,2,206419,9.20E+08,0.5,27,7.37E-10,0.516837,1.27E-06,1.45E-06,87.9755,-28.4012,0.00407061,648.607,18421.2,35642.2,0
14,43,793,8.13E-06,6.77E-07,1.55E-05,9.38E-07,2,2,190740,9.20E+08,0.5,27,6.40E-10,0.500983,1.29E-06,1.41E-06,91.6,-28.514,0.00531269,654.613,18665.6,37258,0
14,44,794,7.24E-06,7.48E-07,1.72E-05,9.34E-07,3,2,206419,9.20E+08,0.5,27,7.43E-10,0.495531,1.17E-06,1.24E-06,93.8593,-29.0596,0.00381668,663.459,19279.9,38907.5,0.000159783
14,45,795,4.29E-06,6.28E-07,1.55E-05,9.38E-07,5,2,224315,9.20E+08,0.5,27,9.35E-10,0.530396,1.23E-06,1.46E-06,84.2885,-28.3611,0.0025996,637.727,18086.7,34100.3,5.06179
14,46,796,4.29E-06,5.30E-07,1.73E-05,9.38E-07,3,2,221816,9.20E+08,0.5,27,7.37E-10,0.52196,1.21E-06,1.35E-06,89.5203,-28.7018,0.00394875,666.538,19130.8,36651.9,0
14,47,797,6.33E-06,6.77E-07,1.40E-05,9.38E-07,3,2,190740,9.20E+08,0.5,27,7.35E-10,0.521206,1.40E-06,1.72E-06,81.0967,-27.6326,0.00412379,602.947,16661,31966.2,152.354
14,48,798,6.52E-06,6.28E-07,1.55E-05,9.38E-07,4,2,242247,9.20E+08,0.5,27,8.37E-10,0.523578,1.11E-06,1.29E-06,86.3821,-28.9089,0.00311281,645.165,18651,35622.2,0
14,49,799,5.62E-06,5.77E-07,1.43E-05,9.62E-07,3,2,223048,9.20E+08,0.5,27,7.34E-10,0.533027,1.25E-06,1.52E-06,82.3381,-28.179,0.00414705,626.061,17641.8,33097.3,70.8559
15,0,800,4.29E-06,6.48E-07,1.72E-05,9.74E-07,3,1,190740,9.20E+08,0.5,27,5.39E-10,0.275547,3.77E-07,6.57E-07,57.3347,-31.824,0.00329217,225.361,7171.89,26027.9,7654.1
15,1,801,9.39E-06,6.76E-07,1.55E-05,9.38E-07,3,2,219365,9.20E+08,0.5,27,7.42E-10,0.500769,1.12E-06,1.37E-06,81.8881,-28.6389,0.00381335,584.957,16752.6,33453.7,96.8416
15,2,802,4.29E-06,6.16E-07,1.52E-05,9.38E-07,3,2,211024,9.20E+08,0.5,27,7.34E-10,0.531104,1.31E-06,1.55E-06,84.8952,-28.1028,0.00423849,643.175,18075,34032.9,0.10973
15,3,803,1.10E-05,6.77E-07,1.03E-05,9.31E-07,2,2,199384,9.20E+08,0.5,27,6.34E-10,0.516024,1.31E-06,1.81E-06,72.4774,-27.4291,0.00523122,533.505,14633.6,28358.3,1568.16
15,4,804,4.29E-06,7.11E-07,1.23E-05,9.10E-07,3,2,283421,9.20E+08,0.5,27,7.28E-10,0.566383,1.12E-06,1.45E-06,77.1154,-28.396,0.00427467,623.043,17691.9,31236.7,621.667
15,5,805,7.55E-06,6.74E-07,1.23E-05,9.38E-07,3,2,234689,9.20E+08,0.5,27,7.33E-10,0.536438,1.21E-06,1.52E-06,79.4053,-28.1867,0.00402167,607.624,17126.9,31927.2,313.005
15,6,806,4.29E-06,5.90E-07,1.84E-05,9.38E-07,2,2,212675,9.20E+08,0.5,27,6.40E-10,0.509494,1.20E-06,1.26E-06,95.0558,-28.9935,0.00508603,690.85,20030.2,39313.8,0.0311129
15,7,807,5.15E-06,6.77E-07,1.52E-05,9.38E-07,2,1,176721,9.20E+08,0.5,27,4.35E-10,0.299247,4.85E-07,8.00E-07,60.7012,-30.9706,0.00474571,259.115,8024.95,26817.2,5904.66
15,8,808,6.69E-06,5.85E-07,1.50E-05,8.98E-07,2,2,221816,9.20E+08,0.5,27,6.35E-10,0.530838,1.25E-06,1.46E-06,85.3197,-28.3432,0.00560395,646.067,18311.6,34495.7,0
15,9,809,3.34E-06,6.30E-07,1.72E-05,9.66E-07,3,2,174336,9.20E+08,0.5,27,7.38E-10,0.501003,1.41E-06,1.70E-06,82.8858,-27.6894,0.00406103,592.361,16402.1,32738.6,44.6975
15,10,810,4.29E-06,5.65E-07,1.43E-05,8.98E-07,3,2,292666,9.20E+08,0.5,27,7.31E-10,0.559442,1.05E-06,1.21E-06,87.3196,-29.1813,0.00424906,696.839,20334.7,36348.2,0
15,11,811,9.83E-06,6.70E-07,1.52E-05,9.38E-07,2,2,205533,9.20E+08,0.5,27,6.42E-10,0.497471,1.18E-06,1.49E-06,79.2968,-28.2736,0.00511065,562.716,15910,31981.8,325.264
15,12,812,9.79E-06,7.28E-07,1.31E-05,9.38E-07,3,2,223048,9.20E+08,0.5,27,7.39E-10,0.510481,1.15E-06,1.33E-06,86.2806,-28.7679,0.00376408,628.289,18074.5,35406.9,0
15,13,813,8.25E-06,6.08E-07,1.62E-05,9.38E-07,3,2,218236,9.20E+08,0.5,27,7.40E-10,0.50678,1.15E-06,1.27E-06,90.9481,-28.9646,0.00388707,657.475,19043.5,37577.5,0
15,14,814,2.64E-06,6.10E-07,1.54E-05,9.38E-07,2,1,260333,9.20E+08,0.5,27,4.32E-10,0.376609,5.24E-07,6.68E-07,78.4444,-31.7537,0.00458504,421.424,13381.8,35532.2,429.879
15,15,815,9.88E-06,7.38E-07,1.31E-05,9.49E-07,2,1,239809,9.20E+08,0.5,27,4.40E-10,0.292041,3.40E-07,5.14E-07,66.0413,-32.8882,0.00406161,275.122,9048.26,30982.9,3594.66
15,16,816,9.48E-06,6.11E-07,1.69E-05,9.38E-07,2,2,206419,9.20E+08,0.5,27,6.43E-10,0.493238,1.15E-06,1.41E-06,81.7738,-28.5041,0.00524766,575.356,16400,33249.7,104.083
15,17,817,7.55E-06,6.28E-07,1.52E-05,8.95E-07,2,2,223048,9.20E+08,0.5,27,6.37E-10,0.523214,1.21E-06,1.38E-06,87.2065,-28.5897,0.00533526,650.87,18608.2,35565.1,0
15,18,818,1.04E-06,6.48E-07,1.84E-05,9.27E-07,3,2,173019,9.20E+08,0.5,27,7.35E-10,0.44673,1.12E-06,1.51E-06,74.05,-28.2141,0.0038914,471.885,13313.8,29802.8,1199.05
15,19,819,4.58E-06,6.69E-07,1.52E-05,1.00E-06,2,2,236321,9.20E+08,0.5,27,6.37E-10,0.524951,1.15E-06,1.32E-06,86.5974,-28.7833,0.00526183,648.47,18665.1,35555.9,0
15,20,820,8.94E-06,5.13E-07,1.55E-05,9.35E-07,4,2,190740,9.20E+08,0.5,27,8.38E-10,0.505956,1.31E-06,1.73E-06,75.9788,-27.6191,0.00327609,548.366,15145.4,29934.3,813.824
15,21,821,6.57E-06,6.16E-07,1.63E-05,9.38E-07,4,2,198864,9.20E+08,0.5,27,8.39E-10,0.509019,1.28E-06,1.56E-06,81.8652,-28.0692,0.00320319,594.429,16685.1,32778.9,98.2686
15,22,822,9.83E-06,7.29E-07,1.18E-05,1.00E-06,2,1,203022,9.20E+08,0.5,27,4.38E-10,0.268439,3.39E-07,6.09E-07,55.738,-32.1534,0.00405701,213.433,6862.61,25564.9,8563.1
15,23,823,5.00E-07,5.90E-07,1.92E-05,9.25E-07,4,2,186137,9.20E+08,0.5,27,8.36E-10,0.381659,7.44E-07,1.17E-06,63.651,-29.324,0.00313686,346.535,10161.8,26625.3,4557.91
15,24,824,7.55E-06,6.03E-07,1.38E-05,9.03E-07,4,2,206419,9.20E+08,0.5,27,8.34E-10,0.528224,1.33E-06,1.73E-06,76.8077,-27.624,0.00326025,578.748,15987.3,30266.2,671.132
15,25,825,2.51E-06,7.31E-07,1.80E-05,1.00E-06,2,2,219437,9.20E+08,0.5,27,6.40E-10,0.496615,1.10E-06,1.24E-06,88.7895,-29.0691,0.00485697,628.995,18284.3,36817.9,9.17E-05
15,26,826,4.93E-06,6.03E-07,1.48E-05,9.38E-07,3,2,194498,9.20E+08,0.5,27,7.34E-10,0.528169,1.41E-06,1.69E-06,83.1623,-27.7098,0.0044239,626.563,17362,32872,33.7732
15,27,827,4.47E-06,5.90E-07,1.72E-05,9.38E-07,3,2,206419,9.20E+08,0.5,27,7.38E-10,0.515337,1.26E-06,1.42E-06,89.252,-28.4908,0.00398421,656.108,18693,36273.4,0
15,28,828,4.93E-06,5.54E-07,1.34E-05,9.38E-07,2,1,239951,9.20E+08,0.5,27,4.31E-10,0.388773,6.08E-07,8.15E-07,74.5843,-30.89,0.00487427,413.628,12777,32864.8,1084.97
15,29,829,4.99E-06,5.75E-07,1.85E-05,9.05E-07,3,2,245425,9.20E+08,0.5,27,7.39E-10,0.518007,1.07E-06,1.24E-06,86.8744,-29.0767,0.00385369,641.939,18665.5,36033.2,0
15,30,830,6.27E-06,5.40E-07,1.72E-05,9.49E-07,2,2,269953,9.20E+08,0.5,27,6.39E-10,0.521412,9.91E-07,1.01E-06,98.568,-29.9782,0.00477087,733.133,21978,42151,127.304
15,31,831,4.69E-06,6.38E-07,1.84E-05,9.38E-07,2,2,180405,9.20E+08,0.5,27,6.40E-10,0.496751,1.34E-06,1.53E-06,87.8139,-28.1633,0.00537152,622.254,17524.7,35278.7,8.45E-05
15,32,832,4.57E-06,6.28E-07,1.40E-05,9.38E-07,2,2,261569,9.20E+08,0.5,27,6.32E-10,0.549277,1.14E-06,1.23E-06,92.0694,-29.0848,0.00550318,721.394,20981.6,38198.6,0
15,33,833,8.13E-06,6.72E-07,1.42E-05,9.13E-07,3,1,136100,9.20E+08,0.5,27,5.37E-10,0.231636,3.77E-07,7.92E-07,47.6532,-31.0151,0.00286099,157.458,4883.57,21082.9,13948.4
15,34,834,7.55E-06,5.44E-07,1.78E-05,9.38E-07,2,2,223048,9.20E+08,0.5,27,6.42E-10,0.505102,1.12E-06,1.30E-06,86.2722,-28.8566,0.00490485,621.608,17937.5,35512.6,0
15,35,835,8.13E-06,7.14E-07,1.60E-05,1.00E-06,2,2,237139,9.20E+08,0.5,27,6.44E-10,0.499729,1.03E-06,1.09E-06,94.325,-29.6099,0.00492256,672.4,19909.7,39841,5.87E-07
15,36,836,3.89E-06,6.88E-07,1.73E-05,9.45E-07,4,2,248128,9.20E+08,0.5,27,8.38E-10,0.519032,1.06E-06,1.25E-06,84.9845,-29.0219,0.00293737,629.216,18261,35182.9,0.00241689
15,37,837,2.01E-06,5.79E-07,1.61E-05,9.41E-07,2,2,264839,9.20E+08,0.5,27,6.33E-10,0.537876,1.07E-06,1.25E-06,86.1097,-29.0377,0.0051304,660.693,19185,35668.1,0
15,38,838,7.55E-06,6.49E-07,1.67E-05,9.31E-07,2,2,223772,9.20E+08,0.5,27,6.41E-10,0.507213,1.13E-06,1.38E-06,81.8984,-28.6064,0.00478375,592.56,16951,33419.8,96.2006
15,39,839,2.45E-06,5.94E-07,1.60E-05,9.48E-07,5,2,241831,9.20E+08,0.5,27,9.33E-10,0.53327,1.15E-06,1.26E-06,91.4543,-29.0026,0.00265164,695.692,20176.9,37836.1,0
15,40,840,7.55E-06,5.80E-07,1.43E-05,9.38E-07,3,2,224635,9.20E+08,0.5,27,7.36E-10,0.525967,1.21E-06,1.40E-06,86.6215,-28.5479,0.00403741,649.906,18553.5,35274.9,0
15,41,841,7.21E-06,6.64E-07,1.28E-05,9.03E-07,2,2,242329,9.20E+08,0.5,27,6.33E-10,0.541826,1.19E-06,1.43E-06,83.3331,-28.4431,0.00555215,644.085,18319.8,33811.2,27.7869
15,42,842,2.39E-06,5.48E-07,1.86E-05,8.98E-07,2,2,203022,9.20E+08,0.5,27,6.36E-10,0.51275,1.27E-06,1.44E-06,88.2016,-28.4118,0.0050864,645.132,18329.3,35747.1,0
15,43,843,1.02E-05,6.69E-07,1.72E-05,9.67E-07,3,2,135070,9.20E+08,0.5,27,7.47E-10,0.44809,1.45E-06,1.80E-06,80.3599,-27.4463,0.00552996,513.654,14097.9,31462.3,215.323
15,44,844,5.62E-06,5.90E-07,1.21E-05,9.38E-07,3,2,234689,9.20E+08,0.5,27,7.29E-10,0.555404,1.29E-06,1.62E-06,79.9211,-27.9103,0.00470308,633.194,17672.6,31819.4,257.951
15,45,845,8.13E-06,6.77E-07,1.23E-05,8.95E-07,2,2,190740,9.20E+08,0.5,27,6.33E-10,0.527801,1.44E-06,1.84E-06,78.07,-27.3555,0.00560141,587.788,16079.3,30464.6,480.25
15,46,846,1.60E-06,6.28E-07,2.00E-05,9.38E-07,3,3,188042,9.20E+08,0.5,27,9.40E-10,0.553991,1.60E-06,2.02E-06,79.1894,-26.9565,0.00677749,625.801,16869.4,30450.6,337.632
15,47,847,4.47E-06,4.76E-07,1.12E-05,9.38E-07,3,2,209324,9.20E+08,0.5,27,7.25E-10,0.570172,1.53E-06,1.89E-06,81.1064,-27.2442,0.0047814,659.671,17972.2,31520.6,151.601
15,48,848,3.27E-06,4.76E-07,1.50E-05,9.35E-07,4,2,186845,9.20E+08,0.5,27,8.31E-10,0.536492,1.51E-06,1.87E-06,81.0107,-27.2865,0.00363043,619.972,16916.8,31532.3,159.144
15,49,849,1.31E-06,5.82E-07,1.82E-05,9.38E-07,3,2,209030,9.20E+08,0.5,27,7.36E-10,0.488449,1.11E-06,1.23E-06,90.6139,-29.1129,0.00392063,631.365,18380.9,37631.1,0.00106735
16,0,850,1.04E-05,7.53E-07,1.15E-05,1.00E-06,3,2,203172,9.20E+08,0.5,27,7.39E-10,0.500561,1.21E-06,1.42E-06,84.8255,-28.4689,0.0037538,605.689,17243.3,34448,0.304339
16,1,851,4.47E-06,5.02E-07,1.52E-05,9.38E-07,4,2,218060,9.20E+08,0.5,27,8.33E-10,0.537462,1.30E-06,1.56E-06,83.5737,-28.0752,0.00339814,640.743,17989,33470.2,20.3437
16,2,852,6.57E-06,6.51E-07,1.49E-05,9.38E-07,2,2,220782,9.20E+08,0.5,27,6.37E-10,0.523076,1.22E-06,1.36E-06,89.5087,-28.662,0.00532036,667.877,19142.6,36596.3,0
16,3,853,8.90E-06,6.81E-07,1.72E-05,9.25E-07,3,2,212073,9.20E+08,0.5,27,7.44E-10,0.493077,1.12E-06,1.32E-06,85.2964,-28.8059,0.0037501,599.945,17282,35049.2,0.00038342
16,4,854,5.00E-07,5.64E-07,2.00E-05,9.38E-07,2,2,186456,9.20E+08,0.5,27,6.38E-10,0.3715,7.12E-07,1.11E-06,64.0225,-29.5362,0.00480553,339.279,10021,26974.5,4400.68
16,5,855,4.29E-06,6.38E-07,1.72E-05,9.38E-07,5,2,193844,9.20E+08,0.5,27,9.38E-10,0.510058,1.31E-06,1.57E-06,83.5429,-28.0374,0.0027884,607.848,17042.5,33412.8,21.2306
16,6,856,1.01E-06,5.91E-07,2.00E-05,9.72E-07,3,2,203022,9.20E+08,0.5,27,7.40E-10,0.44187,9.28E-07,1.18E-06,78.8598,-29.2938,0.0038907,497.069,14561,32953.2,377.052
16,7,857,9.83E-06,6.26E-07,1.24E-05,9.38E-07,3,2,212271,9.20E+08,0.5,27,7.36E-10,0.518535,1.24E-06,1.68E-06,73.8989,-27.7412,0.00394889,546.616,15163.8,29243.5,1232.34
16,8,858,3.70E-06,6.77E-07,1.74E-05,8.98E-07,3,2,274082,9.20E+08,0.5,27,7.36E-10,0.530103,1.01E-06,1.17E-06,86.045,-29.3126,0.00395522,650.658,19072.5,35978.7,0
16,9,859,9.83E-06,5.62E-07,1.93E-05,9.31E-07,3,2,162756,9.20E+08,0.5,27,7.47E-10,0.466797,1.31E-06,1.42E-06,91.9594,-28.4746,0.00485747,612.337,17436,37352.5,0.00881942
16,10,860,3.34E-06,5.90E-07,1.81E-05,9.30E-07,4,2,195581,9.20E+08,0.5,27,8.38E-10,0.508671,1.30E-06,1.51E-06,85.7433,-28.205,0.00319059,622.162,17548.1,34497.9,0
16,11,861,1.16E-06,6.10E-07,2.00E-05,9.20E-07,4,2,253024,9.20E+08,0.5,27,8.38E-10,0.479524,8.77E-07,1.07E-06,82.1793,-29.7164,0.00295982,562.133,16704.5,34835.7,79.5665
16,12,862,8.58E-06,5.77E-07,1.43E-05,9.31E-07,2,2,192980,9.20E+08,0.5,27,6.37E-10,0.513793,1.34E-06,1.72E-06,78.0844,-27.6471,0.00552722,572.294,15822.2,30795,478.255
16,13,863,4.73E-06,6.61E-07,1.11E-05,9.38E-07,2,2,273342,9.20E+08,0.5,27,6.27E-10,0.571927,1.18E-06,1.44E-06,81.8147,-28.4079,0.00580054,667.48,18961.7,33154,101.46
16,14,864,8.25E-06,6.07E-07,1.67E-05,9.10E-07,3,2,220502,9.20E+08,0.5,27,7.40E-10,0.507583,1.15E-06,1.43E-06,79.9446,-28.4317,0.00359697,578.845,16457.6,32423.4,255.567
16,15,865,1.95E-06,7.05E-07,1.82E-05,9.69E-07,3,2,224315,9.20E+08,0.5,27,7.38E-10,0.496364,1.07E-06,1.20E-06,89.4798,-29.214,0.00386809,633.565,18509,37289.1,0.000105789
16,16,866,3.89E-06,5.44E-07,1.95E-05,1.00E-06,2,2,211761,9.20E+08,0.5,27,6.43E-10,0.495195,1.13E-06,1.26E-06,90.1986,-29.0046,0.00503554,637.151,18480.3,37319.3,0.000184691
16,17,867,4.93E-06,6.69E-07,1.47E-05,9.81E-07,3,2,226561,9.20E+08,0.5,27,7.35E-10,0.526989,1.20E-06,1.44E-06,83.866,-28.4287,0.00402709,630.454,17923,34010.2,12.86
16,18,868,3.74E-06,5.90E-07,1.84E-05,9.36E-07,3,2,233024,9.20E+08,0.5,27,7.39E-10,0.514896,1.12E-06,1.26E-06,88.6866,-28.9963,0.0035888,651.394,18888,36683.2,0
16,19,869,2.64E-06,4.55E-07,2.00E-05,9.10E-07,2,2,205556,9.20E+08,0.5,27,6.39E-10,0.507368,1.23E-06,1.37E-06,89.4087,-28.6183,0.00524113,647.096,18518.8,36499.7,0
16,20,870,1.04E-05,7.38E-07,1.21E-05,9.38E-07,3,1,188990,9.20E+08,0.5,27,5.38E-10,0.260716,3.43E-07,5.88E-07,58.3044,-32.3098,0.00279721,216.838,7006,26872.1,7126.99
16,21,871,2.14E-06,6.08E-07,1.93E-05,1.00E-06,2,2,210175,9.20E+08,0.5,27,6.41E-10,0.4868,1.10E-06,1.30E-06,85.049,-28.8758,0.00484714,590.59,17053.8,35032.4,0.00139391
16,22,872,4.29E-06,6.69E-07,2.00E-05,1.00E-06,2,2,174719,9.20E+08,0.5,27,6.46E-10,0.472068,1.25E-06,1.33E-06,93.7838,-28.7684,0.0054929,631.536,18168.3,38486.6,0.00624172
16,23,873,4.93E-06,7.08E-07,1.54E-05,9.29E-07,5,2,223048,9.20E+08,0.5,27,9.36E-10,0.525748,1.21E-06,1.49E-06,81.4008,-28.2639,0.0026336,610.482,17254.6,32819.1,129.542
16,24,874,4.29E-06,5.90E-07,1.76E-05,8.98E-07,2,2,200970,9.20E+08,0.5,27,6.37E-10,0.518166,1.31E-06,1.46E-06,89.7961,-28.3509,0.00549674,663.731,18817.4,36315.4,0
16,25,875,4.29E-06,6.22E-07,1.90E-05,9.38E-07,2,2,190740,9.20E+08,0.5,27,6.41E-10,0.497221,1.27E-06,1.42E-06,89.2519,-28.4665,0.00522722,633.043,18020.5,36242.4,6.18E-05
16,26,876,5.00E-07,5.65E-07,1.72E-05,8.89E-07,3,2,280234,9.20E+08,0.5,27,7.31E-10,0.481895,7.95E-07,1.06E-06,75.3386,-29.7668,0.00431023,517.889,15415.9,31990.2,933.42
16,27,877,3.45E-06,6.69E-07,1.76E-05,9.48E-07,5,2,252301,9.20E+08,0.5,27,9.38E-10,0.519029,1.04E-06,1.25E-06,83.3269,-29.0201,0.00250692,616.94,17903.7,34494.5,27.9913
16,28,878,8.31E-06,5.94E-07,1.66E-05,9.38E-07,5,2,214451,9.20E+08,0.5,27,9.41E-10,0.503305,1.15E-06,1.30E-06,88.5503,-28.8483,0.00260019,635.752,18340.3,36439.8,0
16,29,879,7.55E-06,6.48E-07,1.43E-05,9.38E-07,2,2,223048,9.20E+08,0.5,27,6.37E-10,0.522242,1.20E-06,1.37E-06,87.794,-28.6375,0.00530405,654.038,18730,35864.6,0
16,30,880,4.29E-06,6.10E-07,1.16E-05,9.10E-07,3,2,270894,9.20E+08,0.5,27,7.26E-10,0.575271,1.20E-06,1.56E-06,77.3663,-28.0767,0.00448399,634.878,17825.3,30985.9,582.733
16,31,881,4.62E-06,5.95E-07,2.00E-05,9.38E-07,2,2,242247,9.20E+08,0.5,27,6.43E-10,0.503131,1.03E-06,1.14E-06,90.2926,-29.4472,0.00489967,648.036,19082.9,37928.2,0
16,32,882,5.45E-06,7.90E-07,1.18E-05,9.38E-07,3,2,213076,9.20E+08,0.5,27,7.31E-10,0.543172,1.36E-06,1.69E-06,80.5804,-27.7219,0.00424803,624.357,17308.3,31865.3,195.331
16,33,883,6.57E-06,6.47E-07,1.52E-05,9.57E-07,3,2,221092,9.20E+08,0.5,27,7.38E-10,0.518393,1.19E-06,1.40E-06,84.9662,-28.5242,0.00393462,628.307,17921.9,34572,0.0114533
16,34,884,7.68E-06,6.64E-07,1.56E-05,9.38E-07,2,2,204217,9.20E+08,0.5,27,6.39E-10,0.507635,1.24E-06,1.35E-06,91.6443,-28.6938,0.00526143,663.625,19041.9,37511.1,0
16,35,885,1.01E-06,6.63E-07,1.91E-05,9.38E-07,2,2,190740,9.20E+08,0.5,27,6.37E-10,0.443137,9.98E-07,1.25E-06,80.0278,-29.0393,0.00504681,505.877,14690.3,33150.7,247.257
16,36,886,4.29E-06,6.56E-07,1.35E-05,9.38E-07,3,2,317384,9.20E+08,0.5,27,7.31E-10,0.559542,9.72E-07,1.19E-06,81.6074,-29.2395,0.00407679,651.371,19045.8,34038.1,115.097
16,37,887,7.55E-06,4.95E-07,1.76E-05,9.38E-07,3,2,292666,9.20E+08,0.5,27,7.40E-10,0.519481,9.06E-07,9.85E-07,92.0314,-30.0674,0.00353707,681.981,20505.4,39472.8,5.29E-14
16,38,888,8.88E-06,5.73E-07,1.44E-05,9.10E-07,3,2,269171,9.20E+08,0.5,27,7.36E-10,0.529492,1.02E-06,1.34E-06,76.6108,-28.7426,0.00405283,578.65,16631.9,31411,703.78
16,39,889,7.95E-06,6.68E-07,1.47E-05,9.38E-07,2,2,202018,9.20E+08,0.5,27,6.38E-10,0.511335,1.27E-06,1.40E-06,90.5612,-28.5312,0.0053106,660.562,18846.6,36857.7,0
16,40,890,5.31E-06,5.63E-07,1.64E-05,9.38E-07,4,2,210728,9.20E+08,0.5,27,8.37E-10,0.520621,1.26E-06,1.47E-06,86.0957,-28.3384,0.00323259,639.396,18119.4,34803.5,0
16,41,891,8.13E-06,5.90E-07,1.84E-05,9.67E-07,3,2,207947,9.20E+08,0.5,27,7.45E-10,0.488203,1.12E-06,1.37E-06,81.7063,-28.6249,0.00389181,569.013,16288,33363.1,108.486
16,42,892,3.64E-06,5.65E-07,1.71E-05,9.49E-07,4,2,209923,9.20E+08,0.5,27,8.37E-10,0.518723,1.26E-06,1.33E-06,94.4821,-28.7599,0.00308625,699.119,20106.6,38761.7,0
16,43,893,4.88E-06,6.91E-07,1.53E-05,1.00E-06,2,2,207514,9.20E+08,0.5,27,6.37E-10,0.515162,1.26E-06,1.45E-06,86.5924,-28.3879,0.00538129,636.34,18064.3,35065.4,0
16,44,894,8.88E-06,5.90E-07,1.50E-05,9.38E-07,3,2,163558,9.20E+08,0.5,27,7.39E-10,0.495092,1.47E-06,1.86E-06,78.8784,-27.303,0.00426849,557.071,15209.7,30721,374.735
16,45,895,8.13E-06,5.57E-07,1.43E-05,9.11E-07,2,2,190740,9.20E+08,0.5,27,6.35E-10,0.519955,1.39E-06,1.78E-06,78.0687,-27.4886,0.00561735,579.04,15917,30612.3,480.433
16,46,896,7.55E-06,6.28E-07,1.01E-05,9.31E-07,2,2,234308,9.20E+08,0.5,27,6.28E-10,0.556099,1.30E-06,1.63E-06,79.4895,-27.8651,0.00549496,630.563,17570.7,31596.3,303.659
16,47,897,4.86E-06,4.76E-07,1.66E-05,8.88E-07,3,2,246551,9.20E+08,0.5,27,7.34E-10,0.539052,1.16E-06,1.37E-06,84.4934,-28.6208,0.00413853,649.71,18595.2,34496.1,2.56641
16,48,898,9.48E-06,6.37E-07,1.42E-05,9.38E-07,2,2,236204,9.20E+08,0.5,27,6.39E-10,0.514645,1.10E-06,1.36E-06,81.0312,-28.6691,0.00512585,594.875,17054.5,33138.4,157.515
16,49,899,4.33E-06,6.35E-07,1.67E-05,9.48E-07,4,2,240863,9.20E+08,0.5,27,8.37E-10,0.523628,1.12E-06,1.31E-06,85.5809,-28.8429,0.00297125,639.243,18437.6,35211.3,0
17,0,900,4.29E-06,6.48E-07,1.72E-05,9.48E-07,2,2,253093,9.20E+08,0.5,27,6.38E-10,0.521745,1.06E-06,1.20E-06,88.197,-29.2126,0.0051278,656.415,19175.6,36752.8,0
17,1,901,4.29E-06,7.44E-07,1.39E-05,9.81E-07,2,2,200643,9.20E+08,0.5,27,6.34E-10,0.526817,1.36E-06,1.60E-06,84.7822,-27.9523,0.0056959,637.134,17809.3,33805.5,0.474521
17,2,902,5.27E-06,5.67E-07,1.72E-05,9.38E-07,3,2,210616,9.20E+08,0.5,27,7.38E-10,0.515191,1.24E-06,1.37E-06,90.5936,-28.6449,0.00395209,665.782,19071.3,37017.9,0
17,3,903,6.07E-07,5.34E-07,1.94E-05,1.00E-06,3,2,205494,9.20E+08,0.5,27,7.39E-10,0.409498,7.82E-07,1.12E-06,69.5089,-29.4899,0.00363019,406.03,11973.8,29240.2,2399.8
17,4,904,4.86E-06,5.58E-07,1.72E-05,9.45E-07,2,2,261058,9.20E+08,0.5,27,6.38E-10,0.525562,1.04E-06,1.19E-06,87.182,-29.2301,0.00513721,653.607,19105,36351.5,0
17,5,905,1.02E-05,6.34E-07,1.84E-05,9.67E-07,4,2,135070,9.20E+08,0.5,27,8.48E-10,0.443388,1.41E-06,1.78E-06,79.5346,-27.5025,0.00447717,503.044,13835,31202.9,298.734
17,6,906,3.29E-06,5.90E-07,1.74E-05,9.64E-07,3,2,219731,9.20E+08,0.5,27,7.37E-10,0.516395,1.19E-06,1.39E-06,85.7114,-28.5701,0.00375678,631.374,18038.4,34931.4,0
17,7,907,6.61E-06,6.77E-07,1.55E-05,9.21E-07,2,2,221816,9.20E+08,0.5,27,6.38E-10,0.520007,1.20E-06,1.32E-06,90.4406,-28.7799,0.0053607,670.87,19307.6,37129.5,0
17,8,908,3.89E-06,6.77E-07,1.50E-05,9.38E-07,2,2,220414,9.20E+08,0.5,27,6.33E-10,0.533385,1.27E-06,1.44E-06,87.9171,-28.4035,0.00552498,668.93,18999.9,35621.4,0
17,9,909,4.93E-06,5.89E-07,1.45E-05,9.38E-07,3,2,227587,9.20E+08,0.5,27,7.33E-10,0.538242,1.25E-06,1.47E-06,85.4028,-28.3368,0.00415068,655.717,18580.9,34521.5,0
17,10,910,4.29E-06,6.16E-07,1.52E-05,9.38E-07,2,2,211024,9.20E+08,0.5,27,6.34E-10,0.531547,1.32E-06,1.50E-06,87.6356,-28.2309,0.00554136,664.491,18759.1,35291.6,0
17,11,911,7.55E-06,6.08E-07,1.64E-05,9.38E-07,2,2,203022,9.20E+08,0.5,27,6.40E-10,0.506327,1.24E-06,1.34E-06,92.2431,-28.7196,0.00529637,666.241,19134.2,37790.2,0
17,12,912,6.13E-06,6.78E-07,1.36E-05,9.48E-07,2,2,267209,9.20E+08,0.5,27,6.34E-10,0.540908,1.08E-06,1.29E-06,83.8991,-28.9108,0.00534085,647.362,18715.7,34600.6,12.1192
17,13,913,7.61E-06,5.74E-07,1.35E-05,9.38E-07,3,1,204807,9.20E+08,0.5,27,5.34E-10,0.320758,4.79E-07,7.58E-07,63.2233,-31.2049,0.00336102,289.281,9026.98,28142.7,4742.52
17,14,914,6.20E-06,6.56E-07,1.35E-05,9.51E-07,2,2,244078,9.20E+08,0.5,27,6.34E-10,0.538199,1.17E-06,1.37E-06,85.2694,-28.6337,0.00540736,654.64,18744.7,34828.6,0
17,15,915,1.76E-06,5.90E-07,1.91E-05,8.86E-07,3,2,203022,9.20E+08,0.5,27,7.36E-10,0.499592,1.20E-06,1.26E-06,95.3608,-28.995,0.00393202,679.597,19704.9,39442,1.30191
17,16,916,7.55E-06,7.18E-07,1.72E-05,9.90E-07,2,2,220782,9.20E+08,0.5,27,6.45E-10,0.492008,1.07E-06,1.11E-06,96.9127,-29.556,0.00499105,680.173,20103.2,40859.5,36.5849
17,17,917,3.29E-06,6.28E-07,1.18E-05,9.45E-07,2,1,251610,9.20E+08,0.5,27,4.26E-10,0.424076,6.93E-07,8.80E-07,78.7497,-30.5535,0.00459819,476.385,14555.2,34322.3,390.712
17,18,918,5.44E-06,6.48E-07,1.83E-05,9.38E-07,4,2,223048,9.20E+08,0.5,27,8.41E-10,0.505109,1.12E-06,1.23E-06,91.0476,-29.0985,0.00304358,656.024,19089.3,37792.5,0
17,19,919,4.67E-06,6.69E-07,1.58E-05,9.38E-07,3,2,223048,9.20E+08,0.5,27,7.36E-10,0.52499,1.21E-06,1.47E-06,82.7597,-28.3344,0.00394741,619.778,17561,33450.2,50.1906
17,20,920,2.22E-06,6.28E-07,2.00E-05,9.52E-07,5,2,264000,9.20E+08,0.5,27,9.41E-10,0.500872,9.24E-07,1.16E-06,79.9721,-29.372,0.00240231,571.389,16782.9,33507.3,252.8
17,21,921,7.21E-06,6.08E-07,1.44E-05,9.38E-07,2,2,234944,9.20E+08,0.5,27,6.36E-10,0.528352,1.17E-06,1.38E-06,84.8121,-28.6102,0.00543429,639.216,18288.1,34613.4,0.352877
17,22,922,7.95E-06,6.48E-07,1.43E-05,1.00E-06,2,2,200432,9.20E+08,0.5,27,6.39E-10,0.506145,1.25E-06,1.45E-06,86.3472,-28.3856,0.00535361,623.433,17696.5,34963.4,0
17,23,923,5.52E-06,6.08E-07,1.33E-05,9.03E-07,2,2,223048,9.20E+08,0.5,27,6.31E-10,0.54791,1.33E-06,1.71E-06,77.7033,-27.6796,0.0056354,607.316,16810.3,30680.8,532.415
17,24,924,2.23E-06,5.90E-07,1.84E-05,9.38E-07,2,2,189003,9.20E+08,0.5,27,6.37E-10,0.499366,1.29E-06,1.43E-06,90.1468,-28.4351,0.00511805,642.149,18259.5,36565.5,3.21E-06
17,25,925,1.31E-06,6.77E-07,1.82E-05,9.38E-07,3,2,215878,9.20E+08,0.5,27,7.36E-10,0.482488,1.05E-06,1.30E-06,80.911,-28.8772,0.00387864,556.878,16081.1,33329.5,167.2
17,26,926,7.55E-06,6.05E-07,2.00E-05,9.38E-07,3,2,204833,9.20E+08,0.5,27,7.47E-10,0.48333,1.12E-06,1.27E-06,88.0379,-28.9715,0.00390649,606.988,17585.4,36383.7,0.00222301
17,27,927,7.16E-06,5.90E-07,1.24E-05,8.91E-07,2,2,267587,9.20E+08,0.5,27,6.31E-10,0.55461,1.13E-06,1.52E-06,74.4482,-28.1761,0.00566991,588.991,16595.5,29922.8,1113.39
17,28,928,6.33E-06,6.28E-07,1.40E-05,9.38E-07,3,2,244802,9.20E+08,0.5,27,7.34E-10,0.536725,1.16E-06,1.38E-06,84.1234,-28.6163,0.00419466,644.073,18431,34339.6,7.6851
17,29,929,7.55E-06,5.88E-07,1.54E-05,9.38E-07,3,2,223048,9.20E+08,0.5,27,7.38E-10,0.517874,1.18E-06,1.33E-06,88.7231,-28.7586,0.00395767,655.432,18849.3,36397.4,0
17,30,930,2.93E-06,6.50E-07,1.42E-05,9.38E-07,3,2,225932,9.20E+08,0.5,27,7.30E-10,0.545005,1.29E-06,1.57E-06,82.6014,-28.0535,0.00435849,642.176,18015.2,33055.2,57.5321
17,31,931,7.99E-06,6.03E-07,1.53E-05,9.38E-07,4,2,205533,9.20E+08,0.5,27,8.38E-10,0.51118,1.25E-06,1.42E-06,87.9134,-28.4856,0.00318846,641.054,18260.8,35722.9,0
17,32,932,4.58E-06,5.80E-07,1.43E-05,8.91E-07,2,2,261569,9.20E+08,0.5,27,6.31E-10,0.554896,1.16E-06,1.38E-06,84.2479,-28.6076,0.00568474,666.864,19077.4,34380.1,5.65613
17,33,933,7.19E-06,6.77E-07,1.51E-05,9.49E-07,4,2,203858,9.20E+08,0.5,27,8.38E-10,0.51055,1.25E-06,1.52E-06,82.4894,-28.185,0.00314525,600.762,16932.5,33165.2,63.0295
17,34,934,9.70E-06,6.97E-07,1.52E-05,9.38E-07,2,2,218060,9.20E+08,0.5,27,6.42E-10,0.499816,1.12E-06,1.41E-06,79.8824,-28.5197,0.00496256,569.545,16243.3,32498.5,261.9
17,35,935,7.55E-06,6.42E-07,1.43E-05,9.38E-07,2,2,223048,9.20E+08,0.5,27,6.37E-10,0.522586,1.20E-06,1.37E-06,88.0612,-28.6449,0.00531715,656.46,18804.2,35983,0
17,36,936,8.13E-06,7.60E-07,1.21E-05,9.38E-07,3,2,202380,9.20E+08,0.5,27,7.35E-10,0.521206,1.32E-06,1.58E-06,83.5805,-28.0231,0.00392883,621.413,17413.9,33410.8,20.1502
17,37,937,4.29E-06,6.48E-07,1.72E-05,9.77E-07,3,2,191538,9.20E+08,0.5,27,7.39E-10,0.503614,1.30E-06,1.52E-06,85.6621,-28.1944,0.00396563,615.393,17350.6,34452.2,0
17,38,938,5.25E-06,6.77E-07,1.83E-05,9.45E-07,4,2,206419,9.20E+08,0.5,27,8.42E-10,0.499393,1.18E-06,1.28E-06,92.2457,-28.9212,0.00309567,657.135,19005.2,38056.5,2.95E-06
17,39,939,4.47E-06,5.02E-07,1.53E-05,9.45E-07,3,2,266967,9.20E+08,0.5,27,7.33E-10,0.545092,1.10E-06,1.24E-06,88.0703,-29.0541,0.00448475,684.804,19896.3,36500.8,0
17,40,940,2.66E-06,6.72E-07,1.19E-05,9.38E-07,2,2,296420,9.20E+08,0.5,27,6.26E-10,0.577871,1.11E-06,1.46E-06,75.9039,-28.3497,0.00625291,625.693,17738.2,30695.8,827.389
17,41,941,2.39E-06,5.54E-07,2.00E-05,9.54E-07,2,2,155176,9.20E+08,0.5,27,6.41E-10,0.471807,1.40E-06,1.59E-06,87.8323,-27.9736,0.00542751,591.132,16536.1,35048.4,0.00635879
17,42,942,4.29E-06,4.55E-07,1.54E-05,9.10E-07,3,2,277043,9.20E+08,0.5,27,7.32E-10,0.552531,1.09E-06,1.17E-06,92.977,-29.3238,0.00417666,732.822,21489.1,38892.1,0
17,43,943,4.29E-06,6.41E-07,1.23E-05,8.98E-07,3,2,302721,9.20E+08,0.5,27,7.28E-10,0.573248,1.07E-06,1.48E-06,72.2435,-28.292,0.0043098,590.755,16713.7,29156,1627.28
17,44,944,8.16E-06,6.90E-07,1.30E-05,9.23E-07,3,2,239518,9.20E+08,0.5,27,7.35E-10,0.529885,1.15E-06,1.40E-06,82.3524,-28.5412,0.00390717,622.478,17766.3,33528.6,70.0972
17,45,945,4.69E-06,6.77E-07,1.43E-05,9.38E-07,2,2,195764,9.20E+08,0.5,27,6.33E-10,0.529903,1.41E-06,1.62E-06,86.7689,-27.8935,0.00580812,655.884,18294.9,34525,0
17,46,946,2.24E-06,4.53E-07,1.43E-05,9.38E-07,4,3,179481,9.20E+08,0.5,27,1.03E-09,0.610127,2.04E-06,2.78E-06,73.3619,-25.5588,0.00593507,638.494,16319.1,26747.1,1354.45
17,47,947,7.99E-06,5.54E-07,1.72E-05,8.95E-07,2,2,227595,9.20E+08,0.5,27,6.40E-10,0.512312,1.13E-06,1.41E-06,80.4286,-28.5106,0.00489523,587.776,16757.8,32710.2,208.974
17,48,948,2.24E-06,5.48E-07,1.82E-05,9.38E-07,4,2,222402,9.20E+08,0.5,27,8.37E-10,0.513291,1.16E-06,1.26E-06,92.302,-29.0107,0.00311429,675.836,19606.4,38197.5,0
17,49,949,1.04E-05,5.82E-07,1.24E-05,9.31E-07,2,2,197969,9.20E+08,0.5,27,6.35E-10,0.515389,1.32E-06,1.78E-06,73.9926,-27.4985,0.00552586,543.989,14958.9,29024.5,1211.62
18,0,950,9.39E-06,6.41E-07,1.36E-05,1.00E-06,2,2,219365,9.20E+08,0.5,27,6.39E-10,0.507493,1.15E-06,1.48E-06,77.6917,-28.2938,0.00522536,562.433,15913.4,31356.9,534.111
18,1,951,4.29E-06,6.05E-07,1.82E-05,9.38E-07,2,2,224315,9.20E+08,0.5,27,6.39E-10,0.512489,1.15E-06,1.27E-06,90.674,-28.968,0.00516696,662.878,19202.3,37468.6,0
18,2,952,4.29E-06,6.42E-07,1.81E-05,1.00E-06,4,2,221816,9.20E+08,0.5,27,8.42E-10,0.501608,1.11E-06,1.21E-06,91.5054,-29.1634,0.00304895,654.753,19094.9,38067.3,0
18,3,953,1.04E-05,5.90E-07,1.51E-05,9.38E-07,3,2,199384,9.20E+08,0.5,27,7.41E-10,0.498017,1.22E-06,1.46E-06,83.309,-28.3492,0.00401268,591.837,16778.1,33689.9,28.5946
18,4,954,4.29E-06,7.11E-07,1.17E-05,9.38E-07,3,2,233103,9.20E+08,0.5,27,7.28E-10,0.559483,1.32E-06,1.67E-06,79.2907,-27.7794,0.00443286,632.813,17579.2,31420.4,325.96
18,5,955,1.21E-05,7.38E-07,1.15E-05,9.47E-07,2,2,203022,9.20E+08,0.5,27,6.40E-10,0.496342,1.19E-06,1.47E-06,80.8341,-28.3281,0.00508979,572.324,16212.8,32664.7,173.55
18,6,956,5.84E-06,6.04E-07,1.84E-05,9.45E-07,2,2,269515,9.20E+08,0.5,27,6.42E-10,0.513026,9.59E-07,1.08E-06,89.0085,-29.674,0.00493181,651.384,19329.2,37676.8,9.86E-15
18,7,957,7.55E-06,6.77E-07,1.35E-05,9.31E-07,2,2,188759,9.20E+08,0.5,27,6.35E-10,0.518285,1.40E-06,1.73E-06,80.717,-27.6166,0.00549804,596.76,16480.5,31798.2,183.439
18,8,958,3.09E-06,6.77E-07,1.52E-05,9.38E-07,2,2,228310,9.20E+08,0.5,27,6.33E-10,0.535731,1.24E-06,1.44E-06,85.6591,-28.4054,0.00548481,654.616,18594.6,34708.8,0
18,9,959,2.01E-06,6.13E-07,1.70E-05,9.72E-07,2,2,243584,9.20E+08,0.5,27,6.35E-10,0.519702,1.09E-06,1.06E-06,98.212,-29.7317,0.00496882,758.485,22551.1,43392.3,534.646
18,10,960,7.55E-06,6.48E-07,1.84E-05,9.38E-07,2,2,223048,9.20E+08,0.5,27,6.44E-10,0.49587,1.08E-06,1.24E-06,87.3142,-29.0747,0.00498688,617.617,17957,36213.1,0.000136449
18,11,961,4.70E-06,6.49E-07,1.22E-05,9.38E-07,3,2,235834,9.20E+08,0.5,27,7.29E-10,0.556568,1.29E-06,1.62E-06,79.7567,-27.901,0.00447279,633.216,17667.3,31743.3,274.925
18,12,962,7.95E-06,6.33E-07,1.38E-05,9.38E-07,3,2,199752,9.20E+08,0.5,27,7.36E-10,0.517775,1.32E-06,1.68E-06,78.2976,-27.7397,0.00401307,578.303,16042,30982.5,449.222
18,13,963,8.13E-06,7.25E-07,1.61E-05,9.38E-07,3,1,189877,9.20E+08,0.5,27,5.42E-10,0.244063,2.97E-07,6.09E-07,48.8638,-32.1571,0.00275628,170.12,5470.57,22414.5,13058.8
18,14,964,7.55E-06,7.05E-07,1.43E-05,9.38E-07,3,2,220782,9.20E+08,0.5,27,7.38E-10,0.517968,1.19E-06,1.36E-06,88.0238,-28.6787,0.00388929,650.383,18652.2,36010.3,0
18,15,965,5.71E-06,7.32E-07,1.28E-05,9.38E-07,4,2,232423,9.20E+08,0.5,27,8.32E-10,0.540496,1.23E-06,1.54E-06,80.0814,-28.1214,0.00340069,617.433,17363.1,32124.4,241.928
18,16,966,2.01E-06,5.14E-07,2.00E-05,9.38E-07,2,3,172445,9.20E+08,0.5,27,8.40E-10,0.563097,1.81E-06,2.18E-06,82.9421,-26.6208,0.00826934,666.231,17735.6,31496.5,42.3482
18,17,967,1.05E-05,6.28E-07,1.35E-05,9.38E-07,2,1,203172,9.20E+08,0.5,27,4.39E-10,0.264367,3.29E-07,5.89E-07,55.8546,-32.2966,0.00382503,210.636,6802.82,25732.5,8494.99
18,18,968,2.39E-06,6.40E-07,1.84E-05,9.25E-07,3,2,201435,9.20E+08,0.5,27,7.37E-10,0.503683,1.23E-06,1.37E-06,90.0612,-28.6342,0.00388858,647.086,18528.8,36786.6,0
18,19,969,7.68E-06,6.48E-07,1.58E-05,8.88E-07,3,2,217040,9.20E+08,0.5,27,7.38E-10,0.516402,1.21E-06,1.36E-06,88.8865,-28.6707,0.00394245,654.773,18772.8,36353.1,0
18,20,970,7.55E-06,6.83E-07,1.53E-05,9.38E-07,3,2,248780,9.20E+08,0.5,27,7.39E-10,0.518312,1.06E-06,1.24E-06,85.6835,-29.075,0.00377828,633.512,18419.4,35537.2,0
18,21,971,3.89E-06,5.45E-07,1.54E-05,8.98E-07,3,2,242846,9.20E+08,0.5,27,7.32E-10,0.546606,1.21E-06,1.39E-06,87.4211,-28.5846,0.00454225,681.643,19484.5,35646.3,0
18,22,972,3.79E-06,5.42E-07,1.75E-05,9.23E-07,2,2,168105,9.20E+08,0.5,27,6.36E-10,0.509023,1.51E-06,1.69E-06,89.4175,-27.7175,0.00560745,649.272,17996.2,35354.4,0
18,23,973,4.93E-06,6.29E-07,1.50E-05,9.43E-07,3,2,244432,9.20E+08,0.5,27,7.35E-10,0.535133,1.15E-06,1.31E-06,87.9409,-28.8251,0.00395658,671.303,19350.4,36159.9,0
18,24,974,4.47E-06,4.76E-07,1.72E-05,9.38E-07,3,2,206419,9.20E+08,0.5,27,7.37E-10,0.521167,1.29E-06,1.49E-06,86.5755,-28.2575,0.0040692,643.632,18187.5,34897.6,0
18,25,975,4.29E-06,6.05E-07,1.43E-05,9.38E-07,2,2,190740,9.20E+08,0.5,27,6.32E-10,0.534148,1.47E-06,1.72E-06,85.4222,-27.6427,0.00602003,650.877,17992,33683.5,0
18,26,976,7.55E-06,5.74E-07,1.43E-05,9.38E-07,2,2,224635,9.20E+08,0.5,27,6.36E-10,0.526783,1.21E-06,1.45E-06,83.9017,-28.3947,0.00543867,630.476,17902.2,33984,12.0617
18,27,977,1.04E-05,6.75E-07,1.43E-05,9.31E-07,2,2,188759,9.20E+08,0.5,27,6.41E-10,0.495125,1.27E-06,1.44E-06,88.0174,-28.4023,0.00534943,621.656,17656.5,35660.6,0.000190099
18,28,978,5.00E-07,5.13E-07,2.00E-05,9.33E-07,4,2,239077,9.20E+08,0.5,27,8.38E-10,0.421851,7.06E-07,1.06E-06,66.6165,-29.7499,0.00291827,400.873,11925.9,28270.5,3379.59
18,29,979,7.55E-06,6.42E-07,1.95E-05,9.45E-07,4,2,205765,9.20E+08,0.5,27,8.47E-10,0.483246,1.11E-06,1.26E-06,87.6725,-28.9812,0.00309944,604.363,17515.1,36244.8,0.00224552
18,30,980,4.29E-06,6.33E-07,1.89E-05,9.38E-07,4,2,199384,9.20E+08,0.5,27,8.41E-10,0.499036,1.22E-06,1.37E-06,89.1191,-28.6281,0.00322555,634.408,18161.9,36393.9,7.44E-06
18,31,981,8.13E-06,7.31E-07,1.50E-05,9.38E-07,3,2,190740,9.20E+08,0.5,27,7.40E-10,0.500729,1.29E-06,1.55E-06,83.2804,-28.1048,0.00395305,594.856,16718.3,33387.9,29.5692
18,32,982,3.88E-06,6.05E-07,9.83E-06,9.03E-07,2,2,261569,9.20E+08,0.5,27,6.22E-10,0.593876,1.33E-06,1.70E-06,78.1396,-27.6871,0.00635667,661.962,18327.8,30861.4,470.654
18,33,983,5.05E-06,5.46E-07,1.74E-05,9.67E-07,3,2,162675,9.20E+08,0.5,27,7.39E-10,0.496167,1.48E-06,1.72E-06,86.3937,-27.6556,0.00431531,611.471,16910.6,34082.5,0.000117519
18,34,984,1.42E-06,5.56E-07,2.00E-05,9.45E-07,4,2,213685,9.20E+08,0.5,27,8.39E-10,0.477394,1.03E-06,1.25E-06,82.8031,-29.0358,0.00310636,563.884,16372.8,34296.3,48.2673
18,35,985,1.29E-06,6.28E-07,2.00E-05,9.38E-07,4,2,190740,9.20E+08,0.5,27,8.39E-10,0.454647,1.05E-06,1.32E-06,79.1999,-28.7897,0.00309571,513.647,14787.8,32525.9,336.425
18,36,986,8.13E-06,5.89E-07,1.62E-05,9.38E-07,2,2,220782,9.20E+08,0.5,27,6.40E-10,0.509562,1.15E-06,1.28E-06,90.0151,-28.9208,0.00520757,654.303,18923,37135.7,0
18,37,987,7.16E-06,6.25E-07,1.49E-05,9.31E-07,3,2,292666,9.20E+08,0.5,27,7.37E-10,0.533231,9.56E-07,1.20E-06,79.3794,-29.1932,0.00377214,603.794,17626.7,33056.4,315.915
18,38,988,2.45E-06,5.77E-07,1.91E-05,9.38E-07,2,2,206705,9.20E+08,0.5,27,6.39E-10,0.501683,1.19E-06,1.37E-06,87.2307,-28.6385,0.00510883,624.259,17877.8,35635.7,0
18,39,989,5.33E-06,6.16E-07,1.67E-05,9.35E-07,2,2,207627,9.20E+08,0.5,27,6.38E-10,0.516172,1.26E-06,1.35E-06,93.0811,-28.6826,0.0052872,685.366,19658.1,38084.3,0
18,40,990,1.04E-05,7.03E-07,1.23E-05,9.38E-07,2,2,220782,9.20E+08,0.5,27,6.38E-10,0.512729,1.17E-06,1.53E-06,76.3239,-28.1508,0.00513065,558.232,15714.7,30649.1,752.745
18,41,991,8.44E-06,6.77E-07,1.43E-05,9.38E-07,2,2,220782,9.20E+08,0.5,27,6.38E-10,0.514788,1.18E-06,1.33E-06,88.5209,-28.7575,0.00520276,650.041,18693.5,36313.1,0
18,42,992,6.57E-06,7.38E-07,1.57E-05,1.00E-06,2,2,237518,9.20E+08,0.5,27,6.41E-10,0.508855,1.07E-06,1.11E-06,96.6019,-29.5575,0.00495973,701.206,20725.9,40730.4,25.6595
18,43,993,2.94E-06,5.58E-07,1.38E-05,9.11E-07,2,2,315283,9.20E+08,0.5,27,6.28E-10,0.570652,1.02E-06,1.30E-06,78.3791,-28.8646,0.00627066,638.024,18416.3,32272.5,438.369
18,44,994,5.62E-06,6.05E-07,1.35E-05,9.50E-07,2,2,305822,9.20E+08,0.5,27,6.32E-10,0.552783,9.86E-07,9.90E-07,99.5472,-30.0426,0.0052176,784.965,23582.4,42661.2,206.774
18,45,995,4.94E-06,6.57E-07,1.46E-05,9.51E-07,2,2,247082,9.20E+08,0.5,27,6.34E-10,0.537152,1.15E-06,1.28E-06,89.5836,-28.917,0.00525414,686.423,19849.3,36952.8,0
18,46,996,6.20E-06,6.09E-07,1.67E-05,9.38E-07,2,2,223048,9.20E+08,0.5,27,6.39E-10,0.515097,1.17E-06,1.28E-06,91.3791,-28.9331,0.00530074,671.432,19426.6,37714.5,0
18,47,997,4.47E-06,6.08E-07,1.88E-05,9.48E-07,4,2,250844,9.20E+08,0.5,27,8.41E-10,0.510848,1.02E-06,1.16E-06,87.8134,-29.352,0.00301166,639.91,18782.6,36767.5,0
18,48,998,9.48E-06,6.28E-07,1.51E-05,9.38E-07,2,2,225595,9.20E+08,0.5,27,6.40E-10,0.507726,1.12E-06,1.29E-06,86.8911,-28.8938,0.00515404,629.319,18183.4,35813.4,0
18,49,999,9.79E-06,7.63E-07,1.43E-05,9.38E-07,2,2,268795,9.20E+08,0.5,27,6.42E-10,0.510493,9.52E-07,1.21E-06,78.4161,-29.1564,0.0044548,571.033,16649.3,32614.1,433.483
19,0,1000,4.86E-06,6.77E-07,1.64E-05,9.10E-07,3,2,208069,9.20E+08,0.5,27,7.36E-10,0.520191,1.28E-06,1.52E-06,84.0786,-28.1815,0.00398664,623.899,17582.4,33799.9,8.48976
19,1,1001,8.43E-07,4.43E-07,1.95E-05,9.51E-07,2,2,229922,9.20E+08,0.5,27,6.38E-10,0.474216,9.51E-07,1.12E-06,85.1961,-29.5227,0.00495502,576.317,17014.5,35879.2,0.00531867
19,2,1002,5.75E-06,6.91E-07,1.28E-05,9.52E-07,2,2,220782,9.20E+08,0.5,27,6.32E-10,0.539272,1.30E-06,1.57E-06,82.4417,-28.0359,0.00557136,634.192,17780.1,32970.6,65.4488
19,3,1003,7.21E-06,5.82E-07,1.66E-05,9.31E-07,2,2,184647,9.20E+08,0.5,27,6.39E-10,0.503997,1.35E-06,1.46E-06,92.1954,-28.3471,0.00545745,662.832,18789.4,37280.7,0
19,4,1004,3.70E-06,6.47E-07,2.00E-05,9.45E-07,2,2,221816,9.20E+08,0.5,27,6.43E-10,0.49675,1.09E-06,1.19E-06,91.2944,-29.229,0.00494547,646.917,18908.8,38064.9,8.45E-05
19,5,1005,4.29E-06,5.69E-07,1.84E-05,9.03E-07,2,2,203022,9.20E+08,0.5,27,6.38E-10,0.513359,1.27E-06,1.42E-06,89.5219,-28.4648,0.00541508,655.567,18660.6,36349.9,0
19,6,1006,2.39E-06,5.99E-07,1.84E-05,9.25E-07,5,2,204758,9.20E+08,0.5,27,9.37E-10,0.506897,1.22E-06,1.32E-06,92.9764,-28.8039,0.00262688,672.293,19364.7,38202.3,0
19,7,1007,1.01E-06,5.91E-07,1.78E-05,9.10E-07,2,1,202159,9.20E+08,0.5,27,4.34E-10,0.236515,2.64E-07,6.21E-07,42.5262,-32.0701,0.0039998,143.476,4601.31,19454.6,18040.8
19,8,1008,1.18E-05,6.11E-07,1.62E-05,9.13E-07,2,2,147076,9.20E+08,0.5,27,6.44E-10,0.466111,1.44E-06,1.76E-06,81.8998,-27.5484,0.00681926,544.551,15001.5,32184.4,96.1188
19,9,1009,8.72E-06,7.10E-07,1.26E-05,9.38E-07,2,2,228310,9.20E+08,0.5,27,6.36E-10,0.523406,1.18E-06,1.41E-06,83.7817,-28.5169,0.00522102,625.538,17838.4,34081.4,14.8429
19,10,1010,7.84E-06,6.69E-07,1.31E-05,9.67E-07,2,2,182299,9.20E+08,0.5,27,6.36E-10,0.512343,1.41E-06,1.75E-06,80.7008,-27.5697,0.00549487,589.8,16260.6,31737.7,184.832
19,11,1011,5.00E-07,5.88E-07,1.93E-05,9.38E-07,2,2,211619,9.20E+08,0.5,27,6.37E-10,0.398795,7.23E-07,1.08E-06,66.7868,-29.6555,0.00485888,379.932,11267.1,28252.8,3317.3
19,12,1012,2.64E-06,6.28E-07,1.43E-05,9.38E-07,2,2,227447,9.20E+08,0.5,27,6.30E-10,0.545859,1.29E-06,1.52E-06,84.5531,-28.1676,0.00582488,658.379,18544.9,33973.9,1.99737
19,13,1013,7.55E-06,5.15E-07,1.69E-05,9.74E-07,3,2,204833,9.20E+08,0.5,27,7.41E-10,0.502979,1.21E-06,1.32E-06,91.5906,-28.7891,0.00401142,657.154,18918.9,37613.7,0
19,14,1014,8.13E-06,6.63E-07,1.72E-05,9.38E-07,4,2,190740,9.20E+08,0.5,27,8.43E-10,0.490359,1.23E-06,1.36E-06,90.7946,-28.6722,0.0031668,635.098,18209.6,37135.3,0.000743535
19,15,1015,4.29E-06,7.53E-07,1.64E-05,9.29E-07,4,2,203080,9.20E+08,0.5,27,8.37E-10,0.513803,1.27E-06,1.51E-06,84.6682,-28.2243,0.00315798,620.56,17514.9,34088.7,1.10079
19,16,1016,7.55E-06,6.22E-07,1.98E-05,9.13E-07,4,2,243110,9.20E+08,0.5,27,8.45E-10,0.49519,9.87E-07,1.21E-06,81.9025,-29.1884,0.00285751,578.543,16886.8,34101.5,95.9483
19,17,1017,7.55E-06,6.48E-07,1.72E-05,9.26E-07,3,2,150651,9.20E+08,0.5,27,7.42E-10,0.481632,1.51E-06,1.65E-06,91.2474,-27.823,0.00447148,626.905,17442.4,36215.1,0.00269919
19,18,1018,2.24E-06,6.48E-07,1.66E-05,9.38E-07,2,2,223048,9.20E+08,0.5,27,6.34E-10,0.522454,1.20E-06,1.27E-06,94.987,-28.9783,0.00518771,707.91,20514,39264.7,0
19,19,1019,9.32E-06,6.69E-07,1.22E-05,8.88E-07,3,2,240751,9.20E+08,0.5,27,7.34E-10,0.532497,1.16E-06,1.51E-06,76.6348,-28.207,0.00395563,582.116,16419.7,30835.4,699.764
19,20,1020,2.01E-06,5.75E-07,1.93E-05,9.81E-07,2,3,200107,9.20E+08,0.5,27,8.40E-10,0.566979,1.57E-06,1.94E-06,81.2761,-27.1269,0.00863912,657.349,17831.9,31450.6,138.676
19,21,1021,2.01E-06,5.65E-07,1.51E-05,9.38E-07,2,2,290288,9.20E+08,0.5,27,6.31E-10,0.552025,1.03E-06,1.24E-06,83.1487,-29.0559,0.00550161,654.758,19024.6,34463.2,34.2721
19,22,1022,6.51E-06,6.22E-07,1.75E-05,1.00E-06,4,2,203022,9.20E+08,0.5,27,8.43E-10,0.4935,1.17E-06,1.28E-06,91.3782,-28.9182,0.00314449,643.275,18602.4,37694.8,0.000337955
19,23,1023,4.29E-06,5.91E-07,1.80E-05,8.98E-07,3,2,233456,9.20E+08,0.5,27,7.37E-10,0.521936,1.15E-06,1.34E-06,85.4969,-28.7242,0.00401938,636.552,18284.5,35032,0
19,24,1024,7.15E-06,6.08E-07,1.40E-05,9.38E-07,3,2,244078,9.20E+08,0.5,27,7.35E-10,0.532945,1.14E-06,1.40E-06,81.9191,-28.5506,0.00415653,622.779,17780.7,33363.1,94.9179
19,25,1025,7.55E-06,6.16E-07,1.52E-05,9.38E-07,2,2,218060,9.20E+08,0.5,27,6.38E-10,0.517094,1.20E-06,1.33E-06,90.6823,-28.7678,0.00529453,668.896,19242.7,37213.1,0
19,26,1026,4.29E-06,5.65E-07,2.00E-05,8.98E-07,4,2,259103,9.20E+08,0.5,27,8.41E-10,0.512883,9.96E-07,1.18E-06,84.5623,-29.2907,0.00295576,618.673,18121.3,35332.3,1.91603
19,27,1027,8.13E-06,6.77E-07,1.84E-05,9.38E-07,3,2,190740,9.20E+08,0.5,27,7.45E-10,0.482644,1.19E-06,1.39E-06,85.7336,-28.5598,0.00408004,590.261,16857.7,34927.8,0.00240986
19,28,1028,4.29E-06,6.43E-07,2.00E-05,9.26E-07,2,1,171497,9.20E+08,0.5,27,4.43E-10,0.226003,2.83E-07,5.68E-07,49.8932,-32.4569,0.00396132,160.85,5220.69,23100.1,12325.5
19,29,1029,7.55E-06,6.28E-07,1.43E-05,9.38E-07,3,2,223048,9.20E+08,0.5,27,7.36E-10,0.522863,1.20E-06,1.38E-06,87.4204,-28.6095,0.00397496,652.029,18654.2,35677.1,0
19,30,1030,6.38E-06,7.46E-07,1.28E-05,9.38E-07,3,2,233456,9.20E+08,0.5,27,7.33E-10,0.536052,1.21E-06,1.57E-06,77.1055,-28.0411,0.00388833,589.602,16533.1,30842.3,623.225
19,31,1031,4.29E-06,6.08E-07,2.00E-05,9.38E-07,4,2,117001,9.20E+08,0.5,27,8.43E-10,0.453396,1.71E-06,2.07E-06,82.6302,-26.8337,0.00411167,534.419,14340.5,31629,56.1778
19,32,1032,9.83E-06,6.28E-07,1.43E-05,9.38E-07,2,2,227973,9.20E+08,0.5,27,6.39E-10,0.511003,1.12E-06,1.35E-06,83.2633,-28.6972,0.00517276,606.937,17417.4,34084.7,30.1607
19,33,1033,9.79E-06,6.83E-07,1.55E-05,8.88E-07,3,2,196749,9.20E+08,0.5,27,7.41E-10,0.498934,1.24E-06,1.57E-06,79.239,-28.0525,0.00381753,563.96,15820.5,31708.5,331.886
19,34,1034,3.94E-06,6.28E-07,1.51E-05,9.38E-07,2,2,220670,9.20E+08,0.5,27,6.33E-10,0.535176,1.28E-06,1.47E-06,86.9538,-28.3309,0.00558725,663.822,18806.6,35141,0
19,35,1035,8.25E-06,5.49E-07,1.55E-05,9.38E-07,3,2,203873,9.20E+08,0.5,27,7.38E-10,0.51112,1.26E-06,1.41E-06,89.0815,-28.5036,0.00405212,649.496,18513,36220.4,0
19,36,1036,8.90E-06,7.32E-07,1.43E-05,9.25E-07,3,1,209807,9.20E+08,0.5,27,5.40E-10,0.278269,3.50E-07,6.04E-07,58.0174,-32.1922,0.00296053,230.298,7413.78,26642.5,7281
19,37,1037,7.95E-06,6.51E-07,1.52E-05,9.38E-07,2,2,216473,9.20E+08,0.5,27,6.39E-10,0.512521,1.19E-06,1.30E-06,91.2822,-28.8441,0.00522243,667.366,19249.6,37558.6,0
19,38,1038,6.57E-06,5.65E-07,1.43E-05,9.26E-07,3,2,297592,9.20E+08,0.5,27,7.34E-10,0.544286,9.81E-07,1.28E-06,76.7601,-28.9363,0.00381868,595.976,17245.3,31684.3,678.967
19,39,1039,3.89E-06,5.63E-07,1.38E-05,9.38E-07,2,2,245345,9.20E+08,0.5,27,6.30E-10,0.553906,1.23E-06,1.45E-06,85.0791,-28.3916,0.00584365,672.241,19086,34457.1,0
19,40,1040,7.55E-06,6.57E-07,1.38E-05,9.38E-07,3,2,203172,9.20E+08,0.5,27,7.36E-10,0.519938,1.31E-06,1.50E-06,87.3783,-28.2527,0.00402745,648.069,18309.7,35215.2,0
19,41,1041,1.05E-05,6.49E-07,1.22E-05,8.95E-07,3,2,234801,9.20E+08,0.5,27,7.35E-10,0.524072,1.15E-06,1.57E-06,73.3696,-28.0515,0.00383249,548.496,15386.1,29358.8,1352.67
19,42,1042,4.23E-06,6.39E-07,1.43E-05,8.98E-07,3,2,221816,9.20E+08,0.5,27,7.31E-10,0.544981,1.32E-06,1.56E-06,84.5768,-28.0719,0.00417242,657.505,18457.4,33867.9,1.79102
19,43,1043,8.20E-06,5.48E-07,1.33E-05,9.31E-07,2,2,220782,9.20E+08,0.5,27,6.34E-10,0.531652,1.26E-06,1.68E-06,74.9478,-27.7488,0.0055202,568.398,15772.4,29666.7,1010.46
19,44,1044,7.61E-06,5.92E-07,1.14E-05,9.23E-07,3,2,163558,9.20E+08,0.5,27,7.30E-10,0.529144,1.68E-06,2.22E-06,75.6625,-26.5332,0.00432892,571.111,15153.4,28637.6,871.889
19,45,1045,9.07E-06,6.84E-07,1.40E-05,9.25E-07,2,1,220782,9.20E+08,0.5,27,4.38E-10,0.294616,3.76E-07,6.25E-07,60.2171,-32.0445,0.00418832,253.071,8109.52,27525.7,6142.25
19,46,1046,7.16E-06,6.28E-07,1.52E-05,9.38E-07,2,2,182916,9.20E+08,0.5,27,6.38E-10,0.509379,1.39E-06,1.53E-06,90.8374,-28.148,0.00547614,660.043,18578.9,36473.6,0
19,47,1047,7.99E-06,4.76E-07,1.51E-05,9.67E-07,3,2,206419,9.20E+08,0.5,27,7.37E-10,0.516465,1.27E-06,1.67E-06,75.8233,-27.7672,0.00412115,558.612,15511.1,30033.1,842.114
19,48,1048,3.29E-06,6.36E-07,1.94E-05,1.00E-06,2,2,191381,9.20E+08,0.5,27,6.43E-10,0.484559,1.20E-06,1.31E-06,91.8517,-28.8398,0.00510772,634.892,18310.1,37787.2,0.00190744
19,49,1049,4.29E-06,6.97E-07,1.38E-05,9.38E-07,3,2,219196,9.20E+08,0.5,27,7.32E-10,0.539928,1.31E-06,1.56E-06,83.9541,-28.0738,0.00426973,646.612,18152.9,33620.9,10.94
20,0,1050,2.46E-06,6.01E-07,1.62E-05,9.38E-07,2,2,208291,9.20E+08,0.5,27,6.33E-10,0.525404,1.30E-06,1.43E-06,91.2596,-28.4557,0.00525053,683.972,19462.9,37043.7,0
20,1,1051,4.29E-06,6.64E-07,1.93E-05,1.00E-06,2,2,210175,9.20E+08,0.5,27,6.44E-10,0.489603,1.12E-06,1.23E-06,90.4845,-29.0876,0.00495409,631.952,18382,37544.7,0.000864844
20,2,1052,1.08E-05,6.99E-07,1.03E-05,9.31E-07,2,2,186993,9.20E+08,0.5,27,6.34E-10,0.511453,1.37E-06,1.87E-06,73.4022,-27.2851,0.00522373,535.526,14611.9,28569.3,1345.1
20,3,1053,3.11E-06,5.90E-07,1.82E-05,9.50E-07,3,2,199384,9.20E+08,0.5,27,7.38E-10,0.506734,1.26E-06,1.48E-06,85.3384,-28.2977,0.00378778,616.866,17455.9,34447.8,0
20,4,1054,3.89E-06,5.64E-07,1.96E-05,1.00E-06,2,2,221816,9.20E+08,0.5,27,6.43E-10,0.496476,1.09E-06,1.09E-06,97.25,-29.6331,0.00485474,708.699,21000.9,42300,256.892
20,5,1055,4.93E-06,5.40E-07,1.34E-05,9.38E-07,2,1,239951,9.20E+08,0.5,27,4.30E-10,0.38995,6.11E-07,8.11E-07,75.3598,-30.908,0.00487894,419.194,12956.5,33225.9,929.433
20,6,1056,3.89E-06,5.70E-07,1.72E-05,8.98E-07,3,2,222000,9.20E+08,0.5,27,7.35E-10,0.527154,1.23E-06,1.39E-06,88.8138,-28.5817,0.00399106,667.858,19088.5,36210.5,0
20,7,1057,5.31E-06,5.80E-07,1.51E-05,9.38E-07,3,2,221816,9.20E+08,0.5,27,7.34E-10,0.531807,1.25E-06,1.49E-06,83.9723,-28.2602,0.00428476,637.024,18002.4,33851.4,10.562
20,8,1058,9.83E-06,6.07E-07,1.32E-05,9.38E-07,2,2,237667,9.20E+08,0.5,27,6.37E-10,0.520861,1.12E-06,1.50E-06,74.9508,-28.2512,0.00519569,556.883,15732.6,30205,1009.87
20,9,1059,3.17E-06,5.48E-07,1.74E-05,9.27E-07,3,2,182992,9.20E+08,0.5,27,7.36E-10,0.513458,1.41E-06,1.55E-06,91.4675,-28.1077,0.00402329,669.944,18830.6,36674,0
20,10,1060,7.55E-06,7.13E-07,1.30E-05,9.10E-07,3,1,182299,9.20E+08,0.5,27,5.34E-10,0.305678,4.90E-07,8.04E-07,60.9282,-30.9482,0.00332213,265.674,8222.13,26898,5794.81
20,11,1061,8.13E-06,6.49E-07,1.50E-05,9.38E-07,4,2,191603,9.20E+08,0.5,27,8.39E-10,0.505345,1.31E-06,1.48E-06,88.2954,-28.302,0.00319424,636.491,18014,35646.9,0
20,12,1062,8.88E-06,6.10E-07,1.15E-05,9.10E-07,3,2,285800,9.20E+08,0.5,27,7.32E-10,0.548516,1.04E-06,1.39E-06,74.6175,-28.5739,0.00400209,583.842,16682.7,30414.2,1077.97
20,13,1063,5.44E-06,5.99E-07,1.55E-05,9.10E-07,3,2,223048,9.20E+08,0.5,27,7.35E-10,0.530897,1.24E-06,1.43E-06,86.9381,-28.4479,0.00415356,658.396,18730,35279.9,0
20,14,1064,9.54E-06,5.15E-07,1.72E-05,9.38E-07,3,2,220438,9.20E+08,0.5,27,7.42E-10,0.499682,1.11E-06,1.31E-06,84.7447,-28.8283,0.00391381,604.05,17413.7,34849.6,0.651968
20,15,1065,4.29E-06,5.90E-07,1.82E-05,9.38E-07,2,2,230413,9.20E+08,0.5,27,6.39E-10,0.514431,1.13E-06,1.27E-06,89.0092,-28.97,0.00514037,653.173,18922.4,36783.2,0
20,16,1066,4.29E-06,5.90E-07,1.72E-05,9.38E-07,2,2,212675,9.20E+08,0.5,27,6.37E-10,0.517779,1.24E-06,1.40E-06,88.4357,-28.5365,0.00522216,653.187,18639.7,35999.3,0
20,17,1067,7.61E-06,7.23E-07,1.34E-05,9.38E-07,2,1,225837,9.20E+08,0.5,27,4.36E-10,0.324515,4.47E-07,6.96E-07,64.1642,-31.5729,0.00458937,297.026,9377.98,28898.4,4341.55
20,18,1068,9.39E-06,7.53E-07,1.56E-05,9.38E-07,3,2,205459,9.20E+08,0.5,27,7.43E-10,0.492363,1.16E-06,1.36E-06,84.848,-28.6601,0.00384064,595.928,17079.4,34688.6,0.231381
20,19,1069,6.57E-06,6.91E-07,1.72E-05,8.88E-07,3,2,173083,9.20E+08,0.5,27,7.40E-10,0.499022,1.41E-06,1.59E-06,88.6821,-27.9828,0.00409329,631.28,17665,35399.2,7.65E-06
20,20,1070,7.99E-06,6.54E-07,1.72E-05,8.80E-07,3,2,194709,9.20E+08,0.5,27,7.41E-10,0.501117,1.27E-06,1.55E-06,81.6628,-28.0973,0.00377136,583.753,16401.9,32730.7,111.37
20,21,1071,7.95E-06,6.12E-07,1.43E-05,9.38E-07,2,2,223048,9.20E+08,0.5,27,6.37E-10,0.52194,1.20E-06,1.39E-06,86.3756,-28.5724,0.005345,643.099,18374.9,35204.9,0
20,22,1072,7.55E-06,6.67E-07,1.59E-05,9.38E-07,3,2,155484,9.20E+08,0.5,27,7.40E-10,0.489674,1.51E-06,1.73E-06,87.1,-27.6117,0.00436141,608.403,16799.1,34306.6,0.000852929
20,23,1073,7.55E-06,6.66E-07,1.70E-05,9.67E-07,2,2,175202,9.20E+08,0.5,27,6.43E-10,0.486069,1.32E-06,1.38E-06,95.8518,-28.6136,0.00559053,664.606,19016.7,39123.6,7.2572
20,24,1074,6.66E-06,5.49E-07,1.50E-05,9.38E-07,4,2,206419,9.20E+08,0.5,27,8.36E-10,0.523055,1.30E-06,1.65E-06,79.0255,-27.8361,0.00325491,589.632,16413.1,31379.2,356.951
20,25,1075,4.19E-06,4.87E-07,1.61E-05,9.22E-07,2,2,178961,9.20E+08,0.5,27,6.34E-10,0.525702,1.52E-06,1.80E-06,84.2475,-27.4468,0.00601895,631.776,17340.2,32984.8,5.66246
20,26,1076,7.95E-06,5.65E-07,1.56E-05,8.98E-07,4,2,200432,9.20E+08,0.5,27,8.37E-10,0.516041,1.30E-06,1.50E-06,86.9946,-28.2436,0.00327206,640.387,18086.9,35049.3,0
20,27,1077,9.96E-06,7.44E-07,1.23E-05,9.38E-07,3,2,202380,9.20E+08,0.5,27,7.38E-10,0.507897,1.25E-06,1.45E-06,86.0096,-28.3779,0.00374346,623.144,17683.5,34817.1,0
20,28,1078,5.84E-06,6.64E-07,1.64E-05,9.38E-07,2,2,204217,9.20E+08,0.5,27,6.38E-10,0.512101,1.26E-06,1.44E-06,87.7818,-28.4276,0.00529073,641.249,18229.1,35596.8,0
20,29,1079,6.85E-06,6.08E-07,1.35E-05,9.48E-07,4,2,223048,9.20E+08,0.5,27,8.34E-10,0.531795,1.24E-06,1.65E-06,75.4713,-27.8272,0.00318062,572.522,15931.7,29958.3,907.967
20,30,1080,5.62E-06,6.16E-07,1.52E-05,9.23E-07,3,2,175199,9.20E+08,0.5,27,7.35E-10,0.517336,1.50E-06,1.81E-06,82.8722,-27.4239,0.00426413,611.573,16771.7,32419.4,45.2733
20,31,1081,2.45E-06,5.74E-07,1.55E-05,9.48E-07,4,2,268795,9.20E+08,0.5,27,8.32E-10,0.543482,1.08E-06,1.30E-06,82.8213,-28.8519,0.00318414,642.086,18525.4,34086.5,47.4661
20,32,1082,2.01E-06,5.53E-07,1.43E-05,9.05E-07,2,2,261569,9.20E+08,0.5,27,6.28E-10,0.559687,1.18E-06,1.45E-06,81.572,-28.3977,0.00573017,651.258,18494.2,33043.9,117.511
20,33,1083,6.57E-06,6.65E-07,1.40E-05,9.41E-07,3,2,235910,9.20E+08,0.5,27,7.35E-10,0.531087,1.18E-06,1.37E-06,86.0791,-28.6467,0.00397765,652.123,18681.2,35175.4,0
20,34,1084,8.66E-06,6.90E-07,1.23E-05,9.38E-07,3,2,223048,9.20E+08,0.5,27,7.35E-10,0.525202,1.21E-06,1.59E-06,76.3664,-27.9843,0.00388936,572.131,16010.7,30484.8,745.39
20,35,1085,6.06E-06,5.78E-07,1.22E-05,8.98E-07,3,2,306685,9.20E+08,0.5,27,7.29E-10,0.566746,1.03E-06,1.33E-06,77.9165,-28.7759,0.00427396,629.918,18126.5,31983.4,501.756
20,36,1086,4.93E-06,5.48E-07,1.59E-05,9.38E-07,2,1,227447,9.20E+08,0.5,27,4.35E-10,0.343031,4.96E-07,7.17E-07,69.1785,-31.4455,0.00468215,338.51,10644.6,31031,2503.38
20,37,1087,1.35E-05,6.98E-07,1.31E-05,9.29E-07,4,1,182142,9.20E+08,0.5,27,6.43E-10,0.199841,2.07E-07,5.11E-07,40.4031,-32.9132,0.00166861,115.177,3790.84,18969.3,19889.5
20,38,1088,7.55E-06,6.63E-07,1.76E-05,9.57E-07,2,2,200062,9.20E+08,0.5,27,6.44E-10,0.492142,1.19E-06,1.25E-06,94.5747,-29.0188,0.00517358,663.945,19266.9,39149,0.000493929
20,39,1089,2.01E-06,5.90E-07,1.80E-05,9.38E-07,3,2,161180,9.20E+08,0.5,27,7.36E-10,0.487282,1.44E-06,1.69E-06,85.1116,-27.7184,0.00433173,591.61,16398.5,33653,0.00129405
20,40,1090,4.67E-06,6.16E-07,1.63E-05,9.54E-07,3,2,219587,9.20E+08,0.5,27,7.37E-10,0.52075,1.21E-06,1.47E-06,82.5641,-28.3286,0.00396662,613.319,17374.5,33364.3,59.338
20,41,1091,2.05E-06,4.51E-07,1.51E-05,8.98E-07,2,2,318966,9.20E+08,0.5,27,6.29E-10,0.567488,9.94E-07,1.24E-06,80.4722,-29.0804,0.00615026,651.432,18943.9,33382.1,205.006
20,42,1092,1.08E-05,6.62E-07,1.03E-05,9.31E-07,2,2,208023,9.20E+08,0.5,27,6.34E-10,0.521048,1.28E-06,1.78E-06,71.8902,-27.4915,0.00527155,534.335,14689.7,28192.6,1718.68
20,43,1093,7.55E-06,6.77E-07,1.42E-05,9.38E-07,4,1,220782,9.20E+08,0.5,27,6.37E-10,0.312594,4.17E-07,6.86E-07,60.7801,-31.6398,0.00255333,271.024,8575.13,27432.2,5866.32
20,44,1094,9.83E-06,5.74E-07,1.53E-05,8.95E-07,3,1,211038,9.20E+08,0.5,27,5.39E-10,0.277782,3.47E-07,5.78E-07,60.1459,-32.3843,0.0028119,238.328,7718.1,27784.8,6177.68
20,45,1095,4.57E-06,7.14E-07,1.43E-05,9.38E-07,3,1,206764,9.20E+08,0.5,27,5.33E-10,0.344481,5.48E-07,8.11E-07,67.5847,-30.912,0.00353932,332.108,10266.1,29801.7,3033.14
20,46,1096,3.47E-06,6.51E-07,1.43E-05,9.38E-07,2,2,213799,9.20E+08,0.5,27,6.31E-10,0.540347,1.34E-06,1.58E-06,85.109,-28.017,0.00583063,656.016,18379.6,34014.5,0
20,47,1097,4.47E-06,4.76E-07,1.43E-05,9.38E-07,2,2,208192,9.20E+08,0.5,27,6.31E-10,0.544192,1.40E-06,1.75E-06,80.0845,-27.5733,0.00587119,621.68,17141.8,31499.5,241.619
20,48,1098,6.28E-06,5.90E-07,1.76E-05,9.38E-07,2,2,217040,9.20E+08,0.5,27,6.40E-10,0.508885,1.17E-06,1.27E-06,91.8741,-28.9463,0.00528628,666.928,19305.1,37936.1,0
20,49,1099,7.55E-06,6.84E-07,1.63E-05,9.10E-07,3,2,221299,9.20E+08,0.5,27,7.40E-10,0.510289,1.16E-06,1.38E-06,83.4561,-28.5874,0.0036517,607.492,17366.6,34032.9,23.835
21,0,1100,1.08E-05,7.38E-07,1.23E-05,9.67E-07,3,1,214732,9.20E+08,0.5,27,5.40E-10,0.262589,3.05E-07,5.40E-07,56.3918,-32.6751,0.00274799,211.232,6902.02,26284.5,8184.76
21,1,1101,4.29E-06,5.40E-07,1.92E-05,9.38E-07,3,3,268795,9.20E+08,0.5,27,9.41E-10,0.585739,1.26E-06,1.76E-06,71.3642,-27.5444,0.00700471,596.281,16424.2,28040.2,1859.34
21,2,1102,7.64E-06,6.99E-07,1.58E-05,9.20E-07,3,1,194423,9.20E+08,0.5,27,5.40E-10,0.269309,3.54E-07,6.49E-07,54.5407,-31.8757,0.00297625,209.526,6678.8,24799.7,9278.09
21,3,1103,8.88E-06,7.60E-07,1.35E-05,9.90E-07,3,2,233938,9.20E+08,0.5,27,7.40E-10,0.508037,1.08E-06,1.21E-06,89.2383,-29.1663,0.00369996,646.714,18862.3,37127.8,0
21,4,1104,1.12E-05,6.96E-07,1.19E-05,8.97E-07,2,2,237067,9.20E+08,0.5,27,6.37E-10,0.519287,1.12E-06,1.48E-06,75.5405,-28.3001,0.00505422,559.568,15835.8,30495.3,894.825
21,5,1105,6.20E-06,5.67E-07,1.64E-05,9.38E-07,2,2,203022,9.20E+08,0.5,27,6.38E-10,0.515213,1.28E-06,1.53E-06,83.7459,-28.1439,0.00533102,615.484,17322.1,33621.3,15.7279
21,6,1106,5.00E-07,5.71E-07,1.84E-05,9.38E-07,3,2,189866,9.20E+08,0.5,27,7.35E-10,0.398685,8.02E-07,1.22E-06,65.8471,-29.1437,0.0039933,374.484,10913.8,27374.6,3668.43
21,7,1107,6.29E-06,5.63E-07,1.64E-05,9.38E-07,3,2,180685,9.20E+08,0.5,27,7.38E-10,0.508402,1.40E-06,1.65E-06,85.1825,-27.8314,0.00417441,617.765,17193.3,33818.3,0
21,8,1108,4.29E-06,6.77E-07,1.61E-05,9.43E-07,3,2,223048,9.20E+08,0.5,27,7.36E-10,0.523151,1.21E-06,1.40E-06,86.0389,-28.5339,0.00375769,642.078,18321,35020.4,0
21,9,1109,6.13E-06,6.85E-07,1.54E-05,9.38E-07,3,2,211024,9.20E+08,0.5,27,7.37E-10,0.517505,1.25E-06,1.47E-06,84.6999,-28.3225,0.00397266,625.264,17709.1,34220.1,0.900705
21,10,1110,4.29E-06,6.64E-07,1.30E-05,9.20E-07,4,1,202380,9.20E+08,0.5,27,6.30E-10,0.375427,6.65E-07,9.24E-07,71.9291,-30.3417,0.00281417,385.209,11687.9,31132.2,1708.61
21,11,1111,5.46E-06,6.11E-07,1.70E-05,9.20E-07,2,2,199337,9.20E+08,0.5,27,6.38E-10,0.513415,1.30E-06,1.40E-06,92.7356,-28.5371,0.00533497,679.175,19381.7,37750.5,0
21,12,1112,2.01E-06,5.56E-07,1.86E-05,9.38E-07,3,2,257201,9.20E+08,0.5,27,7.37E-10,0.516235,1.02E-06,1.19E-06,85.0291,-29.2298,0.00375398,626.154,18302.4,35453.6,0
21,13,1113,5.27E-06,5.67E-07,1.67E-05,9.38E-07,4,2,195387,9.20E+08,0.5,27,8.37E-10,0.514568,1.33E-06,1.61E-06,82.4252,-27.9256,0.00326866,605.02,16895.5,32834.4,66.294
21,14,1114,7.55E-06,6.45E-07,1.24E-05,9.38E-07,3,2,207346,9.20E+08,0.5,27,7.33E-10,0.531109,1.34E-06,1.73E-06,77.3641,-27.6241,0.00409268,586.123,16191.1,30485.5,583.075
21,15,1115,2.77E-06,4.07E-07,1.74E-05,9.38E-07,2,2,216670,9.20E+08,0.5,27,6.35E-10,0.529153,1.27E-06,1.44E-06,88.2297,-28.4154,0.00551073,665.981,18924.1,35763,0
21,16,1116,4.92E-06,5.55E-07,1.65E-05,9.38E-07,2,2,206419,9.20E+08,0.5,27,6.36E-10,0.521206,1.29E-06,1.54E-06,84.1443,-28.1328,0.00530799,625.605,17600,33767.9,7.32264
21,17,1117,4.29E-06,6.04E-07,1.84E-05,9.38E-07,4,2,182299,9.20E+08,0.5,27,8.40E-10,0.499432,1.34E-06,1.54E-06,86.846,-28.1171,0.00323197,618.717,17396.5,34832.6,2.59E-06
21,18,1118,1.10E-05,6.64E-07,1.43E-05,9.31E-07,2,2,223048,9.20E+08,0.5,27,6.41E-10,0.501141,1.10E-06,1.43E-06,77.2356,-28.4483,0.00495028,552.133,15707.2,31343,602.858
21,19,1119,5.44E-06,6.69E-07,1.43E-05,9.10E-07,3,2,223048,9.20E+08,0.5,27,7.33E-10,0.536155,1.27E-06,1.48E-06,85.9099,-28.3088,0.0040406,657.053,18600.4,34692.2,0
21,20,1120,4.93E-06,7.06E-07,1.37E-05,8.96E-07,2,2,158717,9.20E+08,0.5,27,6.32E-10,0.525596,1.71E-06,2.01E-06,85.2019,-26.9763,0.00604565,638.804,17232.6,32786.7,0
21,21,1121,4.93E-06,6.08E-07,1.54E-05,9.57E-07,4,2,256266,9.20E+08,0.5,27,8.35E-10,0.533262,1.09E-06,1.27E-06,85.9034,-28.9668,0.00309003,653.457,18928.5,35495.7,0
21,22,1122,4.11E-06,6.51E-07,1.63E-05,9.29E-07,2,2,199337,9.20E+08,0.5,27,6.36E-10,0.520164,1.33E-06,1.54E-06,86.553,-28.1224,0.00547976,642.227,18061,34721.7,0
21,23,1123,7.55E-06,6.19E-07,1.30E-05,9.38E-07,3,1,271411,9.20E+08,0.5,27,5.34E-10,0.36834,4.77E-07,6.86E-07,69.515,-31.6388,0.00334381,365.253,11556.2,31373.6,2398
21,24,1124,2.01E-06,5.46E-07,1.84E-05,9.10E-07,3,2,251754,9.20E+08,0.5,27,7.36E-10,0.521384,1.06E-06,1.25E-06,84.5842,-29.024,0.00383898,629.091,18258.7,35019.7,1.7289
21,25,1125,2.01E-06,5.07E-07,2.00E-05,8.69E-07,3,1,270548,9.20E+08,0.5,27,5.37E-10,0.315284,3.47E-07,5.60E-07,61.9998,-32.5179,0.00301418,278.842,9067.35,28759.3,5290.35
21,26,1126,4.29E-06,5.29E-07,2.00E-05,9.38E-07,3,3,232912,9.20E+08,0.5,27,9.42E-10,0.577048,1.41E-06,1.83E-06,77.0072,-27.3778,0.00639528,633.883,17354.4,30074.4,638.842
21,27,1127,4.52E-06,5.00E-07,1.57E-05,9.38E-07,2,2,256861,9.20E+08,0.5,27,6.34E-10,0.541292,1.12E-06,1.32E-06,85.0388,-28.788,0.0050905,656.622,18902.8,34921.6,0
21,28,1128,9.79E-06,7.05E-07,1.65E-05,9.38E-07,2,2,201150,9.20E+08,0.5,27,6.45E-10,0.486907,1.15E-06,1.43E-06,80.8554,-28.4567,0.00524111,561.593,15981,32821.6,171.775
21,29,1129,7.55E-06,5.71E-07,2.00E-05,9.69E-07,3,2,211619,9.20E+08,0.5,27,7.47E-10,0.482547,1.08E-06,1.24E-06,86.6758,-29.0616,0.00396966,596.629,17339,35932.2,0.00243679
21,30,1130,5.54E-07,4.96E-07,1.72E-05,9.38E-07,2,2,206705,9.20E+08,0.5,27,6.33E-10,0.453514,9.64E-07,1.31E-06,73.5313,-28.8251,0.00515676,475.695,13711.9,30234.9,1315.34
21,31,1131,7.92E-06,5.97E-07,1.69E-05,9.18E-07,2,2,144744,9.20E+08,0.5,27,6.40E-10,0.484244,1.58E-06,1.76E-06,89.9921,-27.5449,0.00619969,621.634,17122.9,35360,0.00198605
21,32,1132,7.55E-06,6.57E-07,1.43E-05,9.38E-07,2,2,224635,9.20E+08,0.5,27,6.37E-10,0.522135,1.19E-06,1.36E-06,87.4376,-28.6532,0.00529084,651.249,18660.4,35738.6,0
21,33,1133,4.93E-06,6.00E-07,1.54E-05,9.74E-07,3,2,250013,9.20E+08,0.5,27,7.36E-10,0.530783,1.11E-06,1.31E-06,84.4156,-28.8192,0.00392123,639.155,18419.9,34703.3,3.41504
21,34,1134,7.55E-06,6.28E-07,1.50E-05,9.38E-07,3,2,226724,9.20E+08,0.5,27,7.38E-10,0.518761,1.17E-06,1.32E-06,88.4331,-28.8001,0.00391886,654.408,18847,36330.8,0
21,35,1135,5.40E-06,4.49E-07,1.88E-05,9.38E-07,2,2,195642,9.20E+08,0.5,27,6.40E-10,0.506358,1.29E-06,1.37E-06,93.6322,-28.6222,0.00536762,676.315,19357.6,38229.1,0
21,36,1136,4.29E-06,5.52E-07,1.64E-05,9.38E-07,2,2,281026,9.20E+08,0.5,27,6.35E-10,0.537996,1.01E-06,1.16E-06,87.5557,-29.3627,0.00520019,671.938,19730,36673.1,0
21,37,1137,4.29E-06,6.09E-07,1.75E-05,8.88E-07,2,2,210616,9.20E+08,0.5,27,6.36E-10,0.521385,1.27E-06,1.44E-06,88.3482,-28.4279,0.00548409,657.087,18679.6,35826.9,0
21,38,1138,7.55E-06,6.28E-07,1.52E-05,9.38E-07,2,2,223772,9.20E+08,0.5,27,6.38E-10,0.517761,1.18E-06,1.30E-06,90.748,-28.8714,0.00524768,670.244,19350.9,37374.1,0
21,39,1139,9.83E-06,6.07E-07,1.23E-05,8.95E-07,3,2,223911,9.20E+08,0.5,27,7.34E-10,0.52863,1.23E-06,1.71E-06,71.6103,-27.6629,0.00396661,540,14938,28257.9,1792.85
21,40,1140,4.29E-06,5.34E-07,1.38E-05,9.38E-07,2,2,223452,9.20E+08,0.5,27,6.30E-10,0.54958,1.33E-06,1.60E-06,83.1392,-27.9572,0.00575493,651.783,18222,33156.2,34.626
21,41,1141,5.27E-06,6.77E-07,1.50E-05,9.38E-07,2,2,235575,9.20E+08,0.5,27,6.35E-10,0.530988,1.18E-06,1.34E-06,88.1333,-28.7429,0.0054191,667.561,19187.6,36135.7,0
21,42,1142,8.02E-06,5.75E-07,1.43E-05,9.23E-07,4,2,154961,9.20E+08,0.5,27,8.36E-10,0.504454,1.61E-06,2.03E-06,79.1874,-26.9213,0.00344123,569.828,15340.5,30410.2,337.859
21,43,1143,5.25E-06,6.77E-07,1.83E-05,9.45E-07,4,2,204178,9.20E+08,0.5,27,8.42E-10,0.498814,1.19E-06,1.29E-06,92.3754,-28.8903,0.00310748,657.297,18989.5,38069.2,1.12E-05
21,44,1144,5.62E-06,6.28E-07,1.40E-05,9.38E-07,2,2,163558,9.20E+08,0.5,27,6.33E-10,0.520046,1.62E-06,1.93E-06,84.1697,-27.1511,0.00605533,624.401,16953.1,32599.3,6.89386
21,45,1145,4.86E-06,5.12E-07,1.64E-05,9.38E-07,3,3,277768,9.20E+08,0.5,27,9.36E-10,0.603919,1.29E-06,1.94E-06,66.6524,-27.1229,0.00722863,574.197,15573.9,25788,3366.34
21,46,1146,6.97E-06,6.51E-07,1.53E-05,8.98E-07,3,2,190786,9.20E+08,0.5,27,7.36E-10,0.51612,1.37E-06,1.55E-06,88.2714,-28.0863,0.00409373,649.885,18252.9,35365.6,0
21,47,1147,4.47E-06,5.90E-07,1.73E-05,9.29E-07,3,2,184478,9.20E+08,0.5,27,7.38E-10,0.50959,1.38E-06,1.60E-06,86.1054,-27.9459,0.00407629,625.918,17491.8,34325.3,0
21,48,1148,6.61E-06,6.37E-07,1.30E-05,9.56E-07,2,1,295481,9.20E+08,0.5,27,4.33E-10,0.385977,4.85E-07,6.65E-07,72.9223,-31.7733,0.00464571,401.502,12757,33051.3,1458.81
21,49,1149,6.97E-06,5.90E-07,1.52E-05,8.95E-07,3,2,198660,9.20E+08,0.5,27,7.35E-10,0.522528,1.35E-06,1.54E-06,87.5971,-28.1188,0.00414596,652.929,18359.6,35136.1,0
22,0,1150,4.69E-06,6.77E-07,2.00E-05,8.98E-07,2,1,220229,9.20E+08,0.5,27,4.42E-10,0.272719,3.21E-07,5.66E-07,56.7116,-32.4719,0.00403068,220.624,7164.1,26269.2,8002.76
22,1,1151,2.94E-06,6.16E-07,1.55E-05,9.48E-07,3,2,268795,9.20E+08,0.5,27,7.33E-10,0.541658,1.07E-06,1.27E-06,84.3575,-28.9514,0.00386456,651.801,18870.5,34838.5,4.12852
22,2,1152,7.55E-06,7.09E-07,1.43E-05,9.38E-07,2,2,212073,9.20E+08,0.5,27,6.38E-10,0.516241,1.23E-06,1.37E-06,89.956,-28.6271,0.00525139,662.444,18963.9,36734.5,0
22,3,1153,7.10E-06,5.90E-07,1.56E-05,9.81E-07,3,2,199384,9.20E+08,0.5,27,7.39E-10,0.507212,1.26E-06,1.48E-06,85.6958,-28.3089,0.00404464,620.034,17552.5,34605.8,0
22,4,1154,2.45E-06,5.62E-07,1.72E-05,8.98E-07,2,2,203067,9.20E+08,0.5,27,6.34E-10,0.523575,1.33E-06,1.53E-06,86.8902,-28.1619,0.00526748,648.957,18275.8,34905.9,0
22,5,1155,4.29E-06,6.08E-07,1.63E-05,9.67E-07,3,2,213538,9.20E+08,0.5,27,7.37E-10,0.519666,1.24E-06,1.47E-06,84.5808,-28.331,0.00395056,626.992,17763.3,34182.2,1.75708
22,6,1156,6.57E-06,5.90E-07,1.52E-05,8.95E-07,3,2,200246,9.20E+08,0.5,27,7.35E-10,0.525068,1.35E-06,1.55E-06,87.3532,-28.0979,0.00415994,654.276,18383.8,35012.2,0
22,7,1157,3.89E-06,6.77E-07,1.84E-05,1.00E-06,3,2,232791,9.20E+08,0.5,27,7.42E-10,0.501303,1.06E-06,1.18E-06,89.4293,-29.2728,0.00374103,639.508,18720.2,37343.1,0
22,8,1158,7.10E-06,6.81E-07,1.43E-05,9.38E-07,3,2,218123,9.20E+08,0.5,27,7.37E-10,0.5213,1.22E-06,1.40E-06,87.5577,-28.5458,0.00394924,651.1,18586.2,35653.5,0
22,9,1159,4.10E-06,6.16E-07,1.71E-05,9.43E-07,2,2,206836,9.20E+08,0.5,27,6.37E-10,0.516109,1.27E-06,1.47E-06,86.0933,-28.3284,0.00520938,633.837,17955.6,34790.3,0
22,10,1160,6.92E-06,5.67E-07,1.50E-05,8.86E-07,3,2,223048,9.20E+08,0.5,27,7.34E-10,0.531828,1.25E-06,1.52E-06,81.8521,-28.1712,0.00424785,620.965,17493.3,32892.8,99.0917
22,11,1161,3.58E-06,5.82E-07,1.74E-05,9.27E-07,2,2,186667,9.20E+08,0.5,27,6.37E-10,0.512704,1.38E-06,1.60E-06,86.5671,-27.9668,0.00554784,633.119,17706.3,34535.2,0
22,12,1162,7.99E-06,5.42E-07,1.55E-05,9.38E-07,2,2,224121,9.20E+08,0.5,27,6.38E-10,0.51834,1.18E-06,1.38E-06,85.2045,-28.5953,0.00534552,630.004,18015.2,34755.5,0
22,13,1163,4.29E-06,6.48E-07,1.72E-05,1.00E-06,3,2,221816,9.20E+08,0.5,27,7.40E-10,0.507907,1.14E-06,1.29E-06,88.1454,-28.8816,0.00381059,638.631,18444.7,36315.1,0
22,14,1164,2.01E-06,5.90E-07,1.72E-05,9.38E-07,4,3,184772,9.20E+08,0.5,27,1.03E-09,0.581055,1.79E-06,2.32E-06,77.3898,-26.3509,0.00566629,641.456,16902.9,29090.1,579.15
22,15,1165,3.94E-06,6.16E-07,1.79E-05,9.38E-07,2,2,224315,9.20E+08,0.5,27,6.38E-10,0.515217,1.16E-06,1.25E-06,93.0145,-29.0309,0.00507984,683.607,19845.8,38519.2,0
22,16,1166,2.24E-06,4.35E-07,1.72E-05,9.10E-07,2,2,206419,9.20E+08,0.5,27,6.33E-10,0.529683,1.34E-06,1.54E-06,86.6498,-28.117,0.0053184,654.711,18408.5,34753.8,0
22,17,1167,3.35E-06,6.30E-07,1.92E-05,9.82E-07,2,2,262596,9.20E+08,0.5,27,6.42E-10,0.507222,9.61E-07,1.05E-06,91.9456,-29.8063,0.00476468,665.266,19829.1,39093.5,8.94E-15
22,18,1168,7.55E-06,5.85E-07,1.86E-05,9.38E-07,3,2,204608,9.20E+08,0.5,27,7.44E-10,0.492814,1.16E-06,1.36E-06,85.7877,-28.68,0.00389229,603.079,17296.3,35097,0.000413061
22,19,1169,8.14E-06,6.69E-07,1.47E-05,9.31E-07,3,2,178819,9.20E+08,0.5,27,7.38E-10,0.503515,1.39E-06,1.57E-06,88.8097,-28.0544,0.00403906,637.88,17895.3,35540.8,0
22,20,1170,4.29E-06,5.13E-07,1.72E-05,9.74E-07,2,2,206419,9.20E+08,0.5,27,6.38E-10,0.515063,1.26E-06,1.47E-06,85.6953,-28.3185,0.00531108,629.627,17830.1,34617.4,0
22,21,1171,4.93E-06,6.77E-07,1.81E-05,1.00E-06,3,2,200786,9.20E+08,0.5,27,7.43E-10,0.492686,1.18E-06,1.31E-06,90.6242,-28.8414,0.00386807,636.913,18369.5,37284.4,0.000428013
22,22,1172,5.27E-06,6.64E-07,1.64E-05,9.38E-07,3,2,204217,9.20E+08,0.5,27,7.38E-10,0.514261,1.27E-06,1.51E-06,84.3425,-28.2171,0.00395797,618.723,17458.6,33948.8,4.32353
22,23,1173,8.94E-06,5.74E-07,1.44E-05,9.47E-07,2,2,218852,9.20E+08,0.5,27,6.38E-10,0.51576,1.19E-06,1.56E-06,76.6814,-28.0801,0.00528388,564.162,15841.7,30715.3,691.989
22,24,1174,6.97E-06,6.26E-07,1.72E-05,8.98E-07,2,1,227724,9.20E+08,0.5,27,4.40E-10,0.300591,3.79E-07,6.22E-07,60.9612,-32.0651,0.00420351,261.394,8381.62,27883.8,5778.98
22,25,1175,7.55E-06,6.77E-07,1.47E-05,9.81E-07,3,2,259820,9.20E+08,0.5,27,7.39E-10,0.519171,1.02E-06,1.15E-06,88.7916,-29.4045,0.00373955,657.58,19335.8,37243.6,0
22,26,1176,4.29E-06,6.46E-07,2.00E-05,9.31E-07,2,2,219587,9.20E+08,0.5,27,6.43E-10,0.497641,1.11E-06,1.23E-06,89.7013,-29.0916,0.00496689,636.768,18524.6,37224.8,4.45E-05
22,27,1177,5.11E-06,6.49E-07,1.84E-05,9.38E-07,4,2,180405,9.20E+08,0.5,27,8.41E-10,0.494165,1.32E-06,1.53E-06,86.5924,-28.1543,0.00325901,610.404,17185.5,34776.9,0.000272407
22,28,1178,8.37E-06,5.13E-07,1.35E-05,9.35E-07,3,2,220059,9.20E+08,0.5,27,7.34E-10,0.53036,1.26E-06,1.73E-06,72.4686,-27.6114,0.00410937,548.26,15138.2,28543.3,1570.35
22,29,1179,9.83E-06,6.86E-07,1.43E-05,9.67E-07,3,2,174316,9.20E+08,0.5,27,7.41E-10,0.487307,1.33E-06,1.52E-06,87.6975,-28.1842,0.00424585,609.616,17181.5,35258.1,0.00128883
22,30,1180,7.55E-06,6.45E-07,1.64E-05,9.38E-07,3,2,157750,9.20E+08,0.5,27,7.40E-10,0.488605,1.48E-06,1.68E-06,88.0013,-27.7386,0.00433826,613.357,17013.7,34820.8,0.00103869
22,31,1181,7.15E-06,6.28E-07,2.00E-05,9.38E-07,2,2,245665,9.20E+08,0.5,27,6.47E-10,0.493054,9.70E-07,1.15E-06,84.1148,-29.3803,0.00458996,591.606,17381.5,35252.9,7.83646
22,32,1182,2.64E-06,6.08E-07,1.47E-05,9.38E-07,2,2,240837,9.20E+08,0.5,27,6.31E-10,0.546158,1.22E-06,1.44E-06,84.6845,-28.4164,0.00562212,659.764,18748.1,34327.3,0.995226
22,33,1183,3.30E-06,6.77E-07,1.32E-05,8.98E-07,2,2,292666,9.20E+08,0.5,27,6.28E-10,0.56872,1.09E-06,1.38E-06,78.7626,-28.5895,0.00600717,638.976,18268,32121.2,389.054
22,34,1184,5.00E-07,6.49E-07,1.81E-05,1.00E-06,2,2,200643,9.20E+08,0.5,27,6.37E-10,0.384316,7.08E-07,1.11E-06,64.0331,-29.5637,0.00487554,351.043,10378.1,27004.1,4396.2
22,35,1185,2.79E-06,6.93E-07,1.55E-05,9.25E-07,3,2,213076,9.20E+08,0.5,27,7.33E-10,0.529739,1.29E-06,1.46E-06,88.6819,-28.3599,0.00401475,670.136,19005,35876.2,0
22,36,1186,3.13E-06,6.01E-07,2.00E-05,9.48E-07,4,2,242247,9.20E+08,0.5,27,8.42E-10,0.502411,1.02E-06,1.17E-06,86.8145,-29.3049,0.00302177,622.182,18232.9,36290.9,0
22,37,1187,4.29E-06,6.23E-07,1.89E-05,9.31E-07,3,2,292666,9.20E+08,0.5,27,7.40E-10,0.518621,9.03E-07,1.07E-06,84.3007,-29.7012,0.00359356,623.659,18523.4,35716.7,4.89043
22,38,1188,7.68E-06,6.47E-07,1.75E-05,9.10E-07,3,2,186193,9.20E+08,0.5,27,7.42E-10,0.49474,1.29E-06,1.41E-06,91.2169,-28.5006,0.00398827,643.751,18347.3,37084.8,0.000221361
22,39,1189,4.69E-06,5.79E-07,1.97E-05,8.98E-07,2,1,203022,9.20E+08,0.5,27,4.41E-10,0.272844,3.49E-07,6.09E-07,57.3927,-32.1549,0.00406292,223.376,7182.63,26325.1,7622.05
22,40,1190,5.80E-06,6.49E-07,1.38E-05,9.27E-07,3,2,182992,9.20E+08,0.5,27,7.33E-10,0.526411,1.49E-06,1.83E-06,81.4022,-27.38,0.0042588,611.262,16736.3,31793.3,129.441
22,41,1191,7.55E-06,6.16E-07,1.53E-05,9.38E-07,4,2,252461,9.20E+08,0.5,27,8.38E-10,0.522396,1.06E-06,1.38E-06,77.0917,-28.6168,0.00293881,574.479,16439.7,31469.9,625.407
22,42,1192,1.01E-06,6.76E-07,1.94E-05,1.00E-06,2,2,202159,9.20E+08,0.5,27,6.40E-10,0.433444,8.99E-07,1.17E-06,76.9188,-29.3215,0.00473449,475.589,13945,32172.5,653.1
22,43,1193,6.97E-06,7.38E-07,1.43E-05,1.00E-06,2,2,236795,9.20E+08,0.5,27,6.39E-10,0.515935,1.10E-06,1.22E-06,90.2005,-29.126,0.00519075,663.851,19335.3,37476.3,0
22,44,1194,7.10E-06,7.02E-07,1.63E-05,9.38E-07,3,2,220252,9.20E+08,0.5,27,7.41E-10,0.507581,1.15E-06,1.26E-06,90.9087,-28.988,0.00382222,658.229,19080.7,37591.5,0
22,45,1195,8.13E-06,6.77E-07,1.45E-05,9.38E-07,2,2,250926,9.20E+08,0.5,27,6.38E-10,0.521188,1.06E-06,1.20E-06,88.9058,-29.22,0.00506869,660.984,19313.9,37057.5,0
22,46,1196,9.79E-06,6.10E-07,1.77E-05,9.38E-07,4,2,180120,9.20E+08,0.5,27,8.45E-10,0.478463,1.24E-06,1.50E-06,82.6139,-28.2341,0.00352167,563.855,15919.9,33273.1,56.937
22,47,1197,6.45E-06,5.82E-07,1.35E-05,9.20E-07,2,2,206419,9.20E+08,0.5,27,6.32E-10,0.536783,1.37E-06,1.73E-06,79.3894,-27.6204,0.00569452,607.893,16790.2,31279.4,314.792
22,48,1198,7.15E-06,5.80E-07,1.57E-05,9.38E-07,2,2,190740,9.20E+08,0.5,27,6.38E-10,0.51085,1.34E-06,1.64E-06,81.8371,-27.8501,0.00545791,596.361,16608.7,32512,100.042
22,49,1199,4.26E-06,6.36E-07,1.68E-05,9.38E-07,2,3,182773,9.20E+08,0.5,27,8.37E-10,0.583969,1.84E-06,2.37E-06,77.424,-26.2442,0.00836668,644.958,16926.4,28985.2,573.954
23,0,1200,7.55E-06,5.47E-07,1.96E-05,9.38E-07,2,2,141121,9.20E+08,0.5,27,6.45E-10,0.466384,1.50E-06,1.66E-06,90.5955,-27.8014,0.00682221,602.722,16756.5,35928.5,0.00904022
23,1,1201,8.27E-06,5.21E-07,1.24E-05,9.31E-07,2,2,197969,9.20E+08,0.5,27,6.32E-10,0.533555,1.41E-06,1.89E-06,74.8283,-27.2399,0.00586388,569.524,15513.8,29076.2,1034.63
23,2,1202,7.55E-06,6.61E-07,2.00E-05,1.00E-06,3,2,235254,9.20E+08,0.5,27,7.50E-10,0.479098,9.53E-07,1.09E-06,87.6882,-29.6387,0.00386332,599.282,17762,37073.8,0.00349528
23,3,1203,4.64E-06,6.35E-07,1.40E-05,9.25E-07,3,1,153441,9.20E+08,0.5,27,5.32E-10,0.310076,6.00E-07,9.64E-07,62.2375,-30.158,0.00362535,275.288,8302.13,26774.5,5181.62
23,4,1204,6.53E-06,6.47E-07,1.23E-05,1.00E-06,3,2,302721,9.20E+08,0.5,27,7.33E-10,0.547957,9.76E-07,1.17E-06,83.1196,-29.3031,0.00391179,649.704,19038.3,34744.2,35.3601
23,5,1205,6.13E-06,6.70E-07,1.52E-05,9.38E-07,3,2,211024,9.20E+08,0.5,27,7.37E-10,0.519741,1.26E-06,1.48E-06,84.7017,-28.2846,0.00402935,627.979,17762.2,34175,0.890069
23,6,1206,6.20E-06,6.15E-07,1.59E-05,9.51E-07,2,2,234024,9.20E+08,0.5,27,6.38E-10,0.521255,1.14E-06,1.26E-06,90.6445,-28.9999,0.00520764,673.997,19545.9,37497.7,0
23,7,1207,7.55E-06,5.36E-07,1.55E-05,8.95E-07,3,1,179962,9.20E+08,0.5,27,5.36E-10,0.287681,4.39E-07,7.58E-07,57.9053,-31.2058,0.00312949,237.627,7415.34,25776.2,7341.59
23,8,1208,7.55E-06,6.77E-07,1.50E-05,9.74E-07,2,2,254701,9.20E+08,0.5,27,6.40E-10,0.517563,1.03E-06,1.12E-06,92.1689,-29.5047,0.00502246,680.478,20077.3,38791.9,0
23,9,1209,4.93E-06,5.13E-07,1.54E-05,9.25E-07,2,1,168123,9.20E+08,0.5,27,4.34E-10,0.309437,5.47E-07,8.71E-07,62.807,-30.6019,0.00484135,277.234,8483.89,27417.1,4925.57
23,10,1210,4.29E-06,5.90E-07,1.84E-05,9.67E-07,4,2,208966,9.20E+08,0.5,27,8.41E-10,0.503831,1.19E-06,1.33E-06,89.4591,-28.7645,0.00322113,642.949,18494.1,36706.9,0
23,11,1211,7.55E-06,6.35E-07,1.31E-05,9.74E-07,4,2,271637,9.20E+08,0.5,27,8.35E-10,0.53469,1.03E-06,1.30E-06,79.1591,-28.8453,0.00314736,603.766,17415.8,32571.9,341.163
23,12,1212,4.29E-06,5.61E-07,1.85E-05,9.38E-07,3,2,252866,9.20E+08,0.5,27,7.40E-10,0.517511,1.04E-06,1.19E-06,87.1611,-29.231,0.00381431,643.441,18808.4,36344,0
23,13,1213,3.89E-06,6.29E-07,1.72E-05,1.00E-06,3,2,223402,9.20E+08,0.5,27,7.39E-10,0.51021,1.14E-06,1.31E-06,87.3977,-28.8354,0.00383654,636.085,18341.8,35949.4,0
23,14,1214,6.13E-06,5.90E-07,1.38E-05,8.62E-07,3,2,288983,9.20E+08,0.5,27,7.31E-10,0.5558,1.05E-06,1.39E-06,75.9109,-28.5743,0.00418369,601.851,17197.4,30941.8,826.11
23,15,1215,7.39E-06,6.98E-07,1.48E-05,9.38E-07,2,2,209030,9.20E+08,0.5,27,6.38E-10,0.514158,1.24E-06,1.37E-06,90.4276,-28.6229,0.00526351,663.229,18983.6,36921.7,0
23,16,1216,7.55E-06,6.94E-07,1.43E-05,9.74E-07,2,2,206339,9.20E+08,0.5,27,6.38E-10,0.5109,1.24E-06,1.37E-06,90.8313,-28.6447,0.00524597,661.969,18961.9,37114.7,0
23,17,1217,4.29E-06,5.19E-07,2.00E-05,9.38E-07,3,2,238525,9.20E+08,0.5,27,7.42E-10,0.506419,1.05E-06,1.20E-06,87.8921,-29.208,0.00384037,634.931,18545,36619.9,0
23,18,1218,1.05E-05,6.89E-07,1.31E-05,8.44E-07,3,2,236204,9.20E+08,0.5,27,7.37E-10,0.522773,1.14E-06,1.44E-06,79.1677,-28.4273,0.00392069,590.374,16782.7,32103.3,340.152
23,19,1219,6.22E-06,5.47E-07,1.64E-05,9.67E-07,2,2,193263,9.20E+08,0.5,27,6.39E-10,0.509332,1.32E-06,1.52E-06,86.9024,-28.1955,0.00546377,631.392,17802.4,34952.5,0
23,20,1220,4.93E-06,6.85E-07,1.72E-05,9.38E-07,2,2,185319,9.20E+08,0.5,27,6.39E-10,0.503277,1.34E-06,1.52E-06,88.3496,-28.1891,0.00533703,634.276,17879.7,35526.5,0
23,21,1221,7.55E-06,6.28E-07,1.54E-05,9.10E-07,2,2,223048,9.20E+08,0.5,27,6.38E-10,0.519758,1.19E-06,1.44E-06,82.8863,-28.4305,0.00498567,614.54,17471.7,33615,44.6781
23,22,1222,8.10E-06,5.09E-07,1.50E-05,9.25E-07,3,2,182916,9.20E+08,0.5,27,7.36E-10,0.513793,1.42E-06,1.82E-06,77.8251,-27.3993,0.00423877,570.393,15628.4,30417.6,514.797
23,23,1223,8.13E-06,6.08E-07,1.66E-05,9.09E-07,3,2,149960,9.20E+08,0.5,27,7.40E-10,0.487698,1.55E-06,1.75E-06,88.9182,-27.5787,0.00439672,618.598,17060.1,34980.8,0.00121063
23,24,1224,5.00E-07,5.75E-07,1.72E-05,9.38E-07,2,2,202159,9.20E+08,0.5,27,6.33E-10,0.426065,8.67E-07,1.31E-06,66.0918,-28.8237,0.00515161,401.689,11578.2,27174.6,3575.23
23,25,1225,7.95E-06,5.14E-07,1.76E-05,9.38E-07,2,2,190740,9.20E+08,0.5,27,6.41E-10,0.498834,1.28E-06,1.37E-06,93.1627,-28.6263,0.0054278,662.926,18977.1,38042.9,1.09E-05
23,26,1226,1.16E-06,5.81E-07,2.00E-05,9.48E-07,6,2,186758,9.20E+08,0.5,27,1.04E-09,0.447232,1.02E-06,1.35E-06,75.6229,-28.6862,0.0021685,482.45,13839.7,30945.2,879.315
23,27,1227,5.98E-06,6.77E-07,1.42E-05,9.43E-07,2,2,244432,9.20E+08,0.5,27,6.35E-10,0.534315,1.15E-06,1.33E-06,86.3345,-28.7577,0.00538155,658.033,18923.5,35416.4,0
23,28,1228,9.39E-06,6.62E-07,1.36E-05,9.38E-07,3,2,219365,9.20E+08,0.5,27,7.38E-10,0.513864,1.18E-06,1.38E-06,85.5446,-28.5992,0.0038875,627.057,17933.3,34899,0
23,29,1229,7.55E-06,4.83E-07,1.67E-05,9.38E-07,2,2,229035,9.20E+08,0.5,27,6.39E-10,0.516161,1.14E-06,1.44E-06,79.333,-28.4145,0.00496734,584.124,16597.6,32155.8,321.151
23,30,1230,9.83E-06,5.90E-07,1.16E-05,9.38E-07,3,2,219896,9.20E+08,0.5,27,7.33E-10,0.527726,1.24E-06,1.74E-06,71.5231,-27.5973,0.00402395,538.42,14858.9,28156.6,1816.28
23,31,1231,8.13E-06,5.93E-07,1.50E-05,9.48E-07,4,2,242247,9.20E+08,0.5,27,8.38E-10,0.518998,1.09E-06,1.26E-06,86.851,-29.0124,0.00309456,642.994,18654.8,35943.8,0
23,32,1232,6.13E-06,6.70E-07,1.51E-05,9.13E-07,5,2,265112,9.20E+08,0.5,27,9.36E-10,0.533481,1.05E-06,1.31E-06,80.2404,-28.8195,0.00246501,610.631,17598.1,32987.3,226.537
23,33,1233,8.13E-06,5.56E-07,1.67E-05,9.20E-07,3,2,164421,9.20E+08,0.5,27,7.40E-10,0.494395,1.46E-06,1.61E-06,90.1803,-27.9186,0.00421656,635.992,17756,35914.7,0.000251345
23,34,1234,4.99E-06,6.10E-07,2.00E-05,9.38E-07,3,2,237471,9.20E+08,0.5,27,7.44E-10,0.500124,1.03E-06,1.15E-06,90.145,-29.4104,0.00371705,643.111,18914.1,37818.9,0
23,35,1235,3.70E-06,7.57E-07,1.92E-05,1.00E-06,4,2,234368,9.20E+08,0.5,27,8.44E-10,0.492016,1.01E-06,1.06E-06,94.8051,-29.7338,0.00291729,665.391,19784.6,40211.3,0.000510011
23,36,1236,4.30E-06,5.90E-07,1.73E-05,9.23E-07,3,2,148653,9.20E+08,0.5,27,7.37E-10,0.497782,1.63E-06,1.91E-06,85.4038,-27.1816,0.00434877,606.432,16483.8,33114.5,3.94E-05
23,37,1237,3.94E-06,5.64E-07,2.00E-05,8.98E-07,3,2,192400,9.20E+08,0.5,27,7.40E-10,0.499984,1.27E-06,1.38E-06,92.4755,-28.6074,0.00393404,659.552,18868.1,37737.4,2.13E-09
23,38,1238,3.45E-06,5.30E-07,1.76E-05,9.13E-07,4,2,206419,9.20E+08,0.5,27,8.36E-10,0.521966,1.30E-06,1.42E-06,91.1074,-28.4711,0.00315724,678.362,19313.7,37001.9,0
23,39,1239,4.00E-06,6.49E-07,2.00E-05,8.69E-07,3,1,219269,9.20E+08,0.5,27,5.40E-10,0.289697,3.62E-07,6.05E-07,59.726,-32.1789,0.00310309,246.816,7942.25,27415.8,6388.12
23,40,1240,5.27E-06,6.57E-07,1.74E-05,9.38E-07,3,2,223935,9.20E+08,0.5,27,7.40E-10,0.511669,1.15E-06,1.26E-06,91.2612,-29.0044,0.00382218,666.103,19320,37758.7,0
23,41,1241,8.13E-06,6.78E-07,1.47E-05,9.48E-07,4,2,289825,9.20E+08,0.5,27,8.39E-10,0.523876,9.29E-07,1.18E-06,78.8605,-29.2886,0.00285725,589.325,17260.5,32947.6,376.93
23,42,1242,7.95E-06,7.09E-07,1.23E-05,9.38E-07,3,2,212073,9.20E+08,0.5,27,7.34E-10,0.526321,1.28E-06,1.66E-06,77.4298,-27.8059,0.00393101,581.333,16164.5,30712.2,573.085
23,43,1243,7.21E-06,5.60E-07,1.36E-05,9.38E-07,2,1,271840,9.20E+08,0.5,27,4.34E-10,0.370592,4.85E-07,6.81E-07,71.2146,-31.666,0.00464667,376.471,11921.3,32168.3,1900.51
23,44,1244,5.62E-06,6.57E-07,1.67E-05,8.88E-07,3,2,163558,9.20E+08,0.5,27,7.37E-10,0.505302,1.53E-06,1.79E-06,85.5676,-27.4706,0.00424245,616.774,16943.2,33530.7,0
23,45,1245,8.13E-06,7.13E-07,1.41E-05,9.38E-07,3,2,192232,9.20E+08,0.5,27,7.38E-10,0.508346,1.32E-06,1.49E-06,88.4373,-28.2657,0.00394624,641.299,18126.7,35658.3,0
23,46,1246,1.60E-06,5.67E-07,1.83E-05,9.48E-07,2,2,271268,9.20E+08,0.5,27,6.36E-10,0.51483,9.58E-07,1.11E-06,85.9622,-29.5309,0.00485488,631.303,18642.9,36211.8,1.07E-14
23,47,1247,4.47E-06,5.67E-07,1.42E-05,8.84E-07,3,2,195424,9.20E+08,0.5,27,7.30E-10,0.544316,1.49E-06,1.81E-06,82.3245,-27.4166,0.00461915,639.215,17525.1,32196.5,71.5805
23,48,1248,1.01E-06,6.05E-07,1.38E-05,9.10E-07,4,2,251754,9.20E+08,0.5,27,8.26E-10,0.542037,1.14E-06,1.48E-06,76.6488,-28.2925,0.00383118,592.653,16767.7,30934.5,697.433
23,49,1249,1.01E-05,5.87E-07,1.68E-05,9.48E-07,2,2,193118,9.20E+08,0.5,27,6.44E-10,0.486753,1.20E-06,1.51E-06,79.7284,-28.2229,0.00550079,553.59,15623.9,32098.2,277.903
24,0,1250,4.29E-06,6.99E-07,1.43E-05,9.38E-07,3,2,220782,9.20E+08,0.5,27,7.33E-10,0.535982,1.28E-06,1.51E-06,84.8866,-28.2172,0.00413325,649.017,18313.4,34167.9,0.128619
24,1,1251,5.33E-06,5.13E-07,1.67E-05,9.38E-07,4,2,205696,9.20E+08,0.5,27,8.37E-10,0.519266,1.29E-06,1.51E-06,84.9379,-28.1975,0.00325744,629.155,17740.6,34164.8,0.0385284
24,2,1252,4.29E-06,6.16E-07,1.52E-05,8.98E-07,3,2,211024,9.20E+08,0.5,27,7.33E-10,0.53676,1.34E-06,1.58E-06,85.2108,-28.0222,0.00412028,652.44,18282.8,34061.5,0
24,3,1253,7.55E-06,6.42E-07,1.43E-05,9.38E-07,3,2,199384,9.20E+08,0.5,27,7.37E-10,0.516392,1.31E-06,1.49E-06,88.2145,-28.273,0.00403532,649.809,18372.1,35577.7,0
24,4,1254,7.55E-06,6.47E-07,1.72E-05,8.67E-07,3,2,272644,9.20E+08,0.5,27,7.40E-10,0.519818,9.75E-07,1.23E-06,79.0472,-29.0887,0.00361925,586.144,17050.2,32800.2,354.354
24,5,1255,4.70E-06,6.49E-07,1.60E-05,9.38E-07,2,2,203745,9.20E+08,0.5,27,6.36E-10,0.520568,1.31E-06,1.51E-06,86.643,-28.2157,0.00548331,643.394,18153.8,34873.1,0
24,6,1256,2.01E-06,4.81E-07,2.00E-05,9.74E-07,3,2,183186,9.20E+08,0.5,27,7.41E-10,0.481978,1.24E-06,1.44E-06,85.7918,-28.4079,0.00406072,589.846,16756.3,34765.7,0.00259843
24,7,1257,7.55E-06,6.59E-07,1.32E-05,9.48E-07,3,2,263526,9.20E+08,0.5,27,7.35E-10,0.534854,1.07E-06,1.33E-06,80.286,-28.763,0.00389597,612.55,17618.8,32941.3,222.216
24,8,1258,6.98E-06,6.49E-07,1.55E-05,9.38E-07,2,2,207947,9.20E+08,0.5,27,6.38E-10,0.514069,1.25E-06,1.37E-06,90.9517,-28.6266,0.00530397,666.957,19092.7,37140.5,0
24,9,1259,8.90E-06,5.13E-07,1.55E-05,9.49E-07,2,2,248062,9.20E+08,0.5,27,6.39E-10,0.517727,1.06E-06,1.39E-06,76.2952,-28.5656,0.0049181,563.462,16095.6,31089,757.733
24,10,1260,8.41E-06,6.69E-07,1.36E-05,9.38E-07,4,2,175834,9.20E+08,0.5,27,8.37E-10,0.506082,1.43E-06,1.81E-06,78.761,-27.4198,0.00325174,568.589,15590.6,30806.5,389.251
24,11,1261,5.27E-06,5.82E-07,1.64E-05,9.38E-07,2,2,206483,9.20E+08,0.5,27,6.37E-10,0.519526,1.28E-06,1.53E-06,83.8495,-28.1478,0.00529012,621.404,17491.1,33667.5,13.2365
24,12,1262,8.13E-06,6.41E-07,1.55E-05,9.38E-07,4,2,190740,9.20E+08,0.5,27,8.40E-10,0.502344,1.30E-06,1.46E-06,88.9267,-28.3663,0.00319778,637.235,18076,35983.3,0
24,13,1263,7.42E-06,7.68E-07,1.43E-05,9.81E-07,2,2,233826,9.20E+08,0.5,27,6.40E-10,0.513207,1.11E-06,1.18E-06,93.4875,-29.2713,0.00502462,684.404,20033.4,39035.7,0
24,14,1264,1.05E-05,6.28E-07,1.18E-05,8.95E-07,3,1,206419,9.20E+08,0.5,27,5.34E-10,0.30449,4.29E-07,6.63E-07,64.6617,-31.7842,0.00301198,280.858,8926.85,29317.4,4136.77
24,15,1265,4.29E-06,6.76E-07,2.00E-05,9.92E-07,4,2,237700,9.20E+08,0.5,27,8.45E-10,0.491206,9.91E-07,1.03E-06,95.8186,-29.8529,0.00290095,671.397,20043.1,40804,6.70157
24,16,1266,4.93E-06,5.69E-07,1.61E-05,8.95E-07,3,2,206419,9.20E+08,0.5,27,7.34E-10,0.529142,1.33E-06,1.54E-06,86.6721,-28.1262,0.00417927,654.211,18400.5,34774.2,0
24,17,1267,8.31E-06,6.28E-07,1.26E-05,9.38E-07,3,2,215454,9.20E+08,0.5,27,7.34E-10,0.527468,1.27E-06,1.67E-06,75.8118,-27.7638,0.00401153,570.426,15837.2,30024.9,844.236
24,18,1268,7.55E-06,6.10E-07,1.23E-05,9.38E-07,3,2,288346,9.20E+08,0.5,27,7.32E-10,0.548733,1.03E-06,1.33E-06,77.126,-28.7526,0.00407895,603.709,17358.2,31633.3,620.004
24,19,1269,7.60E-07,5.67E-07,1.47E-05,8.88E-07,4,2,223048,9.20E+08,0.5,27,8.27E-10,0.515837,1.16E-06,1.52E-06,76.22,-28.1927,0.00372481,560.851,15811.9,30652.9,770.889
24,20,1270,4.93E-06,5.60E-07,1.65E-05,9.38E-07,3,3,251469,9.20E+08,0.5,27,9.36E-10,0.598124,1.40E-06,1.99E-06,70.5711,-27.0207,0.006967,602.122,16269.7,27201.3,2081.93
24,21,1271,6.52E-07,5.67E-07,2.00E-05,9.38E-07,4,2,229091,9.20E+08,0.5,27,8.38E-10,0.430776,7.71E-07,1.13E-06,68.1045,-29.4604,0.00307483,418.498,12329.1,28620.7,2854.63
24,22,1272,8.88E-06,5.90E-07,1.64E-05,9.19E-07,2,2,203873,9.20E+08,0.5,27,6.41E-10,0.502724,1.22E-06,1.37E-06,89.0267,-28.6476,0.00529554,638.433,18289.6,36381,0
24,23,1273,3.07E-06,5.90E-07,1.87E-05,9.41E-07,3,2,223048,9.20E+08,0.5,27,7.39E-10,0.509672,1.14E-06,1.32E-06,86.5749,-28.7956,0.00373695,629.432,18124.9,35561.9,0
24,24,1274,7.55E-06,6.51E-07,1.64E-05,9.38E-07,2,2,206419,9.20E+08,0.5,27,6.41E-10,0.504199,1.21E-06,1.31E-06,92.5186,-28.8418,0.00521112,665.423,19192,38064.3,0
24,25,1275,6.57E-06,5.56E-07,1.63E-05,9.38E-07,2,2,203884,9.20E+08,0.5,27,6.38E-10,0.514598,1.28E-06,1.39E-06,91.5431,-28.56,0.00539351,671.986,19191.9,37295,0
24,26,1276,7.55E-06,5.65E-07,2.00E-05,8.67E-07,3,2,272644,9.20E+08,0.5,27,7.43E-10,0.50708,9.27E-07,1.15E-06,80.3839,-29.3823,0.00354208,581.449,17084.3,33691.6,213.086
24,27,1277,8.13E-06,5.90E-07,1.43E-05,8.95E-07,3,2,175037,9.20E+08,0.5,27,7.35E-10,0.514838,1.49E-06,1.89E-06,78.5755,-27.23,0.00422915,577.064,15713.4,30521.1,412.737
24,28,1278,4.29E-06,4.61E-07,1.72E-05,9.38E-07,2,2,206419,9.20E+08,0.5,27,6.36E-10,0.523157,1.30E-06,1.45E-06,89.8891,-28.3882,0.00569642,670.819,19043.3,36400.8,0
24,29,1279,4.68E-06,6.16E-07,1.43E-05,9.45E-07,4,2,231499,9.20E+08,0.5,27,8.33E-10,0.539434,1.23E-06,1.47E-06,83.8683,-28.3203,0.0034061,645.36,18276.8,33881.4,12.8085
24,30,1280,7.99E-06,5.90E-07,1.40E-05,9.38E-07,3,2,207282,9.20E+08,0.5,27,7.36E-10,0.520705,1.28E-06,1.67E-06,77.0037,-27.7776,0.00402996,571.965,15887.8,30512.2,639.402
24,31,1281,9.83E-06,6.68E-07,1.16E-05,9.38E-07,3,2,222162,9.20E+08,0.5,27,7.35E-10,0.522872,1.21E-06,1.64E-06,73.4659,-27.8397,0.00386728,547.958,15255,29175.4,1330.35
24,32,1282,4.17E-06,6.57E-07,1.56E-05,9.81E-07,3,3,229380,9.20E+08,0.5,27,9.36E-10,0.594573,1.52E-06,2.07E-06,73.3052,-26.8422,0.00697707,621.737,16688.8,28068.5,1367.67
24,33,1283,8.13E-06,7.17E-07,1.36E-05,9.48E-07,5,2,307401,9.20E+08,0.5,27,9.37E-10,0.5314,8.99E-07,1.16E-06,77.7642,-29.3679,0.0023906,589.478,17311.7,32577.6,523.571
24,34,1284,7.55E-06,6.63E-07,1.40E-05,9.38E-07,3,2,221462,9.20E+08,0.5,27,7.36E-10,0.522896,1.21E-06,1.39E-06,87.2024,-28.5673,0.00395611,650.444,18581.4,35535.7,0
24,35,1285,7.04E-07,6.02E-07,1.89E-05,9.58E-07,4,2,259103,9.20E+08,0.5,27,8.37E-10,0.458213,7.74E-07,1.03E-06,74.998,-29.863,0.00298774,490.211,14639.2,31948.4,1000.42
24,36,1286,1.83E-06,5.87E-07,2.00E-05,9.39E-07,5,2,242247,9.20E+08,0.5,27,9.40E-10,0.49565,9.84E-07,1.16E-06,84.9991,-29.3629,0.00253584,600.974,17646.3,35602.4,0.00015996
24,37,1287,7.55E-06,5.74E-07,1.43E-05,9.67E-07,2,2,240500,9.20E+08,0.5,27,6.36E-10,0.52628,1.13E-06,1.31E-06,86.4871,-28.8315,0.00531563,649.284,18719.8,35570.1,0
24,38,1288,7.87E-06,7.92E-07,1.30E-05,9.38E-07,3,1,236106,9.20E+08,0.5,27,5.37E-10,0.324414,4.24E-07,6.73E-07,62.9692,-31.7227,0.00327639,291.403,9244.08,28494.7,4853.82
24,39,1289,4.29E-06,5.69E-07,1.72E-05,9.38E-07,3,2,199384,9.20E+08,0.5,27,7.37E-10,0.515169,1.31E-06,1.49E-06,87.7703,-28.2712,0.00416653,645.006,18235.1,35396.4,0
24,40,1290,7.55E-06,6.49E-07,1.92E-05,9.31E-07,2,2,220782,9.20E+08,0.5,27,6.46E-10,0.491219,1.07E-06,1.19E-06,89.6645,-29.2296,0.0049373,628.293,18364.7,37386,0.000616841
24,41,1291,6.02E-06,5.62E-07,1.68E-05,8.82E-07,3,2,181268,9.20E+08,0.5,27,7.36E-10,0.514913,1.44E-06,1.62E-06,88.845,-27.9116,0.0041955,652.579,18214.5,35373.9,0
24,42,1292,4.29E-06,6.34E-07,1.21E-05,8.98E-07,3,2,292666,9.20E+08,0.5,27,7.27E-10,0.574196,1.11E-06,1.53E-06,72.4084,-28.1393,0.00434164,593.082,16688.9,29064.9,1585.49
24,43,1293,7.10E-06,6.57E-07,1.43E-05,8.88E-07,3,3,205346,9.20E+08,0.5,27,9.35E-10,0.596326,1.71E-06,2.22E-06,76.9215,-26.5312,0.00622401,654.331,17360.2,29111.9,652.626
24,44,1294,4.69E-06,7.12E-07,1.72E-05,9.23E-07,2,2,220229,9.20E+08,0.5,27,6.38E-10,0.514299,1.18E-06,1.27E-06,92.7315,-28.9537,0.00512825,680.313,19697.6,38299.8,0
24,45,1295,5.00E-07,4.90E-07,2.00E-05,9.25E-07,3,2,176944,9.20E+08,0.5,27,7.38E-10,0.380444,7.84E-07,1.20E-06,65.4697,-29.2165,0.0038177,355.302,10380.7,27285.6,3814.45
24,46,1296,7.55E-06,6.00E-07,1.43E-05,9.05E-07,5,2,243110,9.20E+08,0.5,27,9.35E-10,0.531924,1.14E-06,1.45E-06,78.9268,-28.3991,0.00272025,598.88,17007.7,31973.9,368.838
24,47,1297,4.47E-06,5.87E-07,1.64E-05,9.10E-07,3,2,206483,9.20E+08,0.5,27,7.35E-10,0.525877,1.32E-06,1.56E-06,84.607,-28.079,0.00416604,634.683,17821.3,33888.7,1.54468
24,48,1298,9.48E-06,6.37E-07,1.15E-05,9.10E-07,3,1,253491,9.20E+08,0.5,27,5.33E-10,0.354554,4.73E-07,6.91E-07,68.5519,-31.6078,0.0032025,346.711,10958.8,30908.7,2705.58
24,49,1299,4.29E-06,5.76E-07,1.43E-05,9.38E-07,4,2,210850,9.20E+08,0.5,27,8.32E-10,0.539756,1.36E-06,1.64E-06,82.6317,-27.8444,0.00353478,636.225,17715.3,32821,56.0866
25,0,1300,7.61E-06,6.87E-07,1.14E-05,9.67E-07,3,2,201295,9.20E+08,0.5,27,7.33E-10,0.52929,1.37E-06,1.77E-06,77.1338,-27.5157,0.00404501,582.378,16024.6,30275.6,618.765
25,1,1301,5.27E-06,6.05E-07,1.55E-05,9.10E-07,3,2,269515,9.20E+08,0.5,27,7.35E-10,0.538847,1.06E-06,1.28E-06,82.89,-28.9273,0.00377648,637.138,18430.7,34203.9,44.5221
25,2,1302,1.02E-05,7.03E-07,1.39E-05,9.38E-07,4,1,215765,9.20E+08,0.5,27,6.40E-10,0.26476,3.05E-07,5.27E-07,57.8369,-32.7793,0.00215584,218.435,7160.17,27044,7378.78
25,3,1303,4.93E-06,5.80E-07,1.41E-05,9.38E-07,3,1,243634,9.20E+08,0.5,27,5.32E-10,0.377185,5.59E-07,7.73E-07,72.3213,-31.1202,0.00348937,389.123,12109.6,32105.1,1607.62
25,4,1304,4.29E-06,6.38E-07,1.81E-05,9.38E-07,2,2,198475,9.20E+08,0.5,27,6.39E-10,0.505081,1.26E-06,1.47E-06,85.8922,-28.3319,0.00517581,618.844,17533,34713.3,0
25,5,1305,7.61E-06,6.87E-07,1.54E-05,9.67E-07,3,2,151700,9.20E+08,0.5,27,7.40E-10,0.484664,1.51E-06,1.75E-06,86.3432,-27.5601,0.00450998,596.946,16451.9,33945,0.00188154
25,6,1306,1.05E-05,7.19E-07,1.27E-05,8.95E-07,3,1,233938,9.20E+08,0.5,27,5.38E-10,0.301825,3.70E-07,5.75E-07,64.4223,-32.4071,0.00292079,277.369,8988.73,29781.2,4234.72
25,7,1307,5.84E-06,6.51E-07,1.72E-05,9.38E-07,2,2,176721,9.20E+08,0.5,27,6.40E-10,0.499245,1.38E-06,1.56E-06,88.5086,-28.0634,0.00544328,630.327,17689.1,35431.7,4.56E-06
25,8,1308,5.46E-06,6.11E-07,1.70E-05,9.11E-07,3,1,199337,9.20E+08,0.5,27,5.38E-10,0.29974,4.28E-07,6.96E-07,61.4742,-31.5714,0.00325124,262.848,8298.48,27685.6,5534.97
25,9,1309,6.08E-06,5.67E-07,1.67E-05,9.35E-07,2,2,209893,9.20E+08,0.5,27,6.38E-10,0.515879,1.25E-06,1.37E-06,91.1956,-28.6464,0.00532976,671.101,19224.6,37265.8,0
25,10,1310,6.97E-06,7.09E-07,1.43E-05,9.77E-07,2,2,218477,9.20E+08,0.5,27,6.38E-10,0.516088,1.20E-06,1.36E-06,87.7262,-28.6509,0.00521289,645.832,18503.6,35853.6,0
25,11,1311,7.90E-06,6.44E-07,1.58E-05,9.38E-07,2,2,240743,9.20E+08,0.5,27,6.40E-10,0.514496,1.08E-06,1.35E-06,80.088,-28.7048,0.00471853,587.781,16872.2,32793.6,241.275
25,12,1312,2.94E-06,7.05E-07,1.72E-05,1.00E-06,3,2,223048,9.20E+08,0.5,27,7.39E-10,0.507133,1.13E-06,1.23E-06,91.4951,-29.0854,0.00372621,661.89,19251.4,37961.1,0
25,13,1313,2.83E-06,6.48E-07,1.43E-05,8.89E-07,3,2,290288,9.20E+08,0.5,27,7.29E-10,0.561509,1.07E-06,1.36E-06,78.9724,-28.6804,0.00423564,632.555,18141.9,32309.2,363.322
25,14,1314,7.95E-06,6.25E-07,1.72E-05,9.38E-07,3,2,204833,9.20E+08,0.5,27,7.42E-10,0.497632,1.18E-06,1.29E-06,92.1496,-28.9088,0.00389735,654.137,18910.3,38000.5,4.48E-05
25,15,1315,6.83E-06,6.90E-07,1.38E-05,9.71E-07,3,1,242064,9.20E+08,0.5,27,5.36E-10,0.334878,4.40E-07,6.93E-07,63.4651,-31.5911,0.0033812,303.171,9577.51,28600,4637.76
25,16,1316,6.78E-07,5.65E-07,2.00E-05,8.89E-07,3,1,219437,9.20E+08,0.5,27,5.36E-10,0.18768,1.52E-07,3.91E-07,38.7988,-34.0838,0.0026115,103.873,3540.37,18863.9,21346.3
25,17,1317,7.55E-06,6.49E-07,1.42E-05,9.35E-07,2,1,181268,9.20E+08,0.5,27,4.36E-10,0.28452,4.28E-07,7.44E-07,57.5102,-31.2828,0.00439874,233.412,7301.8,25663.6,7557.28
25,18,1318,5.18E-06,6.72E-07,1.65E-05,9.30E-07,3,2,191898,9.20E+08,0.5,27,7.38E-10,0.511185,1.34E-06,1.57E-06,85.2709,-28.0482,0.00404857,621.792,17440.2,34117.1,0
25,19,1319,7.99E-06,5.14E-07,1.83E-05,9.31E-07,3,2,174396,9.20E+08,0.5,27,7.42E-10,0.489294,1.34E-06,1.46E-06,91.8343,-28.3464,0.00416568,640.975,18169.4,37133.8,0.000916933
25,20,1320,2.37E-06,4.07E-07,1.66E-05,9.38E-07,2,2,206419,9.20E+08,0.5,27,6.33E-10,0.532878,1.35E-06,1.62E-06,83.451,-27.9001,0.00548215,634.346,17698.3,33212.6,23.9939
25,21,1321,7.95E-06,6.08E-07,1.70E-05,9.38E-07,2,2,177868,9.20E+08,0.5,27,6.42E-10,0.492917,1.34E-06,1.45E-06,92.4442,-28.3961,0.00544011,650.009,18457.7,37445.9,0.000401373
25,22,1322,5.27E-06,5.13E-07,1.59E-05,9.38E-07,2,2,224798,9.20E+08,0.5,27,6.35E-10,0.530791,1.23E-06,1.38E-06,89.336,-28.6007,0.0054559,676.42,19346.1,36447.6,0
25,23,1323,5.11E-06,6.08E-07,1.79E-05,9.35E-07,3,2,223048,9.20E+08,0.5,27,7.40E-10,0.511817,1.15E-06,1.27E-06,90.9216,-28.968,0.00384834,663.817,19229.4,37570.9,0
25,24,1324,1.30E-06,6.90E-07,1.61E-05,1.00E-06,2,2,200643,9.20E+08,0.5,27,6.34E-10,0.487443,1.16E-06,1.41E-06,81.8181,-28.5026,0.00542107,568.904,16215.2,33265.9,101.249
25,25,1325,8.13E-06,5.90E-07,1.85E-05,9.38E-07,4,2,190740,9.20E+08,0.5,27,8.44E-10,0.486714,1.21E-06,1.40E-06,86.9088,-28.5489,0.00321096,603.397,17226.3,35393.1,0.00141222
25,26,1326,3.94E-06,6.02E-07,1.73E-05,9.74E-07,3,2,247551,9.20E+08,0.5,27,7.38E-10,0.519928,1.07E-06,1.22E-06,88.2726,-29.1537,0.0036301,654.69,19086.6,36710.1,0
25,27,1327,3.66E-06,4.72E-07,1.79E-05,9.38E-07,3,2,224315,9.20E+08,0.5,27,7.37E-10,0.522042,1.19E-06,1.36E-06,87.825,-28.6664,0.00400228,654.018,18748.4,35913.5,0
25,28,1328,7.95E-06,4.80E-07,1.84E-05,9.38E-07,3,2,224315,9.20E+08,0.5,27,7.42E-10,0.502769,1.10E-06,1.26E-06,87.3704,-28.9802,0.00388899,626.613,18159.4,36118.7,0
25,29,1329,8.94E-06,6.69E-07,1.26E-05,9.38E-07,2,2,240743,9.20E+08,0.5,27,6.36E-10,0.527393,1.14E-06,1.41E-06,80.6989,-28.5167,0.00524014,607.111,17312.8,32827.1,184.997
25,30,1330,4.29E-06,6.33E-07,1.50E-05,9.10E-07,3,2,199384,9.20E+08,0.5,27,7.33E-10,0.532514,1.40E-06,1.65E-06,84.5619,-27.8141,0.00423336,642.35,17866.4,33551,1.91942
25,31,1331,7.55E-06,6.28E-07,1.63E-05,9.74E-07,2,2,211408,9.20E+08,0.5,27,6.41E-10,0.502727,1.17E-06,1.26E-06,93.0541,-28.9982,0.00519435,667.32,19351.1,38492.2,0
25,32,1332,7.55E-06,6.25E-07,1.82E-05,9.38E-07,2,2,222729,9.20E+08,0.5,27,6.44E-10,0.497991,1.09E-06,1.30E-06,83.6902,-28.8448,0.00477181,594.514,17148.7,34435.7,17.1562
25,33,1333,2.19E-06,4.41E-07,1.76E-05,9.45E-07,4,2,239305,9.20E+08,0.5,27,8.35E-10,0.52768,1.14E-06,1.37E-06,83.022,-28.6184,0.0031356,624.928,17884.4,33892.6,39.1251
25,34,1334,7.55E-06,6.35E-07,1.31E-05,9.45E-07,2,2,271637,9.20E+08,0.5,27,6.34E-10,0.538755,1.05E-06,1.31E-06,80.2392,-28.825,0.00539609,616.658,17775.2,32993.1,226.655
25,35,1335,8.13E-06,5.29E-07,1.55E-05,9.38E-07,2,2,213997,9.20E+08,0.5,27,6.38E-10,0.515698,1.22E-06,1.55E-06,78.603,-28.0905,0.00533359,578.231,16242.8,31496.7,409.21
25,36,1336,7.81E-06,6.51E-07,1.43E-05,9.38E-07,3,2,220782,9.20E+08,0.5,27,7.37E-10,0.519535,1.20E-06,1.37E-06,87.9091,-28.6463,0.00393879,651.501,18663.1,35922.7,0
25,37,1337,9.39E-06,7.00E-07,1.43E-05,9.03E-07,3,3,257886,9.20E+08,0.5,27,9.39E-10,0.588039,1.32E-06,1.76E-06,75.0141,-27.5337,0.00582847,629.239,17325.3,29462.8,997.178
25,38,1338,8.13E-06,5.74E-07,1.76E-05,9.38E-07,4,2,205645,9.20E+08,0.5,27,8.42E-10,0.497598,1.18E-06,1.29E-06,91.0292,-28.8792,0.00314696,646.139,18660,37500,4.61E-05
25,39,1339,7.06E-06,7.04E-07,1.72E-05,9.48E-07,5,2,203022,9.20E+08,0.5,27,9.42E-10,0.496053,1.18E-06,1.30E-06,91.0401,-28.8612,0.00258107,644.209,18592.7,37481.2,0.000124647
25,40,1340,7.55E-06,5.50E-07,2.00E-05,9.23E-07,3,2,220782,9.20E+08,0.5,27,7.45E-10,0.492252,1.08E-06,1.19E-06,90.0598,-29.23,0.003681,632.389,18484.7,37551.3,0.000480294
25,41,1341,1.01E-06,5.94E-07,1.63E-05,9.74E-07,2,2,203908,9.20E+08,0.5,27,6.33E-10,0.487148,1.13E-06,1.40E-06,80.7829,-28.5267,0.00550922,561.366,16013.9,32872.8,177.844
25,42,1342,6.25E-06,5.91E-07,1.26E-05,9.10E-07,3,2,291062,9.20E+08,0.5,27,7.30E-10,0.559014,1.06E-06,1.41E-06,74.8903,-28.4985,0.00418761,597.193,17019.1,30444.9,1022.05
25,43,1343,7.27E-06,5.75E-07,1.62E-05,8.95E-07,4,2,220782,9.20E+08,0.5,27,8.37E-10,0.519427,1.20E-06,1.40E-06,85.5942,-28.5342,0.00320826,634.213,18096.8,34839.8,0
25,44,1344,6.57E-06,5.90E-07,1.84E-05,9.67E-07,3,2,207947,9.20E+08,0.5,27,7.43E-10,0.495583,1.16E-06,1.24E-06,93.6704,-29.0831,0.00387713,662.193,19258.6,38860.6,0.000156094
25,45,1345,5.27E-06,6.54E-07,1.56E-05,1.00E-06,3,2,219919,9.20E+08,0.5,27,7.38E-10,0.515736,1.19E-06,1.40E-06,84.6875,-28.5339,0.00387799,623.035,17777.6,34470.4,0.976742
25,46,1346,8.57E-06,5.80E-07,1.43E-05,8.95E-07,5,2,191603,9.20E+08,0.5,27,9.35E-10,0.517697,1.37E-06,1.83E-06,74.8934,-27.3767,0.00271947,553.077,15141.4,29247.7,1021.44
25,47,1347,4.48E-06,4.76E-07,1.85E-05,9.81E-07,2,3,206419,9.20E+08,0.5,27,8.41E-10,0.578848,1.60E-06,2.13E-06,75.2104,-26.7211,0.00797877,621.025,16594.5,28668.1,958.356
25,48,1348,4.77E-06,6.08E-07,1.50E-05,9.38E-07,2,3,188717,9.20E+08,0.5,27,8.34E-10,0.59633,1.86E-06,2.40E-06,77.4191,-26.2003,0.00863858,658.569,17254.7,28934.8,574.703
25,49,1349,4.29E-06,6.37E-07,1.63E-05,8.86E-07,2,1,177584,9.20E+08,0.5,27,4.34E-10,0.313706,5.32E-07,8.53E-07,62.3073,-30.6888,0.00477447,278.823,8556.73,27276.3,5149.84
26,0,1350,4.29E-06,7.33E-07,1.39E-05,8.88E-07,2,2,221816,9.20E+08,0.5,27,6.31E-10,0.545037,1.32E-06,1.55E-06,85.1999,-28.1036,0.00584697,662.417,18616.3,34156.1,0
26,1,1351,2.30E-06,6.28E-07,1.80E-05,1.00E-06,2,2,209383,9.20E+08,0.5,27,6.39E-10,0.497955,1.16E-06,1.30E-06,89.1361,-28.8579,0.00492263,633.154,18271.5,36693.1,3.35E-05
26,2,1352,6.57E-06,6.99E-07,1.84E-05,9.38E-07,2,2,220782,9.20E+08,0.5,27,6.44E-10,0.497434,1.10E-06,1.23E-06,89.3491,-29.1013,0.00484113,634.003,18450.3,37091,5.27E-05
26,3,1353,8.60E-06,5.75E-07,1.76E-05,8.98E-07,3,2,177577,9.20E+08,0.5,27,7.41E-10,0.493117,1.34E-06,1.47E-06,91.2147,-28.3242,0.00408441,641.625,18173.5,36854.4,0.000379007
26,4,1354,4.29E-06,5.29E-07,1.72E-05,9.27E-07,3,3,166362,9.20E+08,0.5,27,9.37E-10,0.582141,2.01E-06,2.70E-06,74.514,-25.6905,0.00630031,618.774,15896.6,27307.2,1099.56
26,5,1355,7.48E-06,6.54E-07,1.52E-05,9.38E-07,2,2,216473,9.20E+08,0.5,27,6.38E-10,0.514962,1.20E-06,1.32E-06,90.9303,-28.7847,0.00524746,667.959,19227,37336.7,0
26,6,1356,4.91E-06,7.06E-07,2.00E-05,9.80E-07,5,2,192651,9.20E+08,0.5,27,9.46E-10,0.477607,1.15E-06,1.32E-06,87.3244,-28.7968,0.00273018,594.939,17132.3,35871.2,0.00401164
26,7,1357,7.55E-06,6.77E-07,1.64E-05,9.38E-07,2,2,221816,9.20E+08,0.5,27,6.41E-10,0.506837,1.14E-06,1.26E-06,89.9158,-28.9839,0.00517463,650.085,18842,37175.7,0
26,8,1358,6.97E-06,6.51E-07,1.45E-05,8.98E-07,3,2,175881,9.20E+08,0.5,27,7.35E-10,0.516805,1.49E-06,1.71E-06,87.4659,-27.6824,0.00418874,644.81,17849.9,34538.9,0
26,9,1359,4.29E-06,7.01E-07,1.79E-05,9.38E-07,2,2,221816,9.20E+08,0.5,27,6.40E-10,0.509337,1.15E-06,1.21E-06,94.7423,-29.165,0.00500537,688.359,20076,39415.9,0
26,10,1360,4.29E-06,5.73E-07,1.94E-05,9.89E-07,4,3,162965,9.20E+08,0.5,27,1.04E-09,0.557842,1.88E-06,2.28E-06,82.5216,-26.4233,0.00480197,656.667,17351.3,31104.3,61.4229
26,11,1361,7.15E-06,5.87E-07,1.64E-05,9.38E-07,3,2,212994,9.20E+08,0.5,27,7.39E-10,0.511435,1.21E-06,1.34E-06,90.1002,-28.7362,0.00395469,657.329,18889.1,36933.6,0
26,12,1362,1.66E-06,6.90E-07,1.50E-05,1.00E-06,3,2,223048,9.20E+08,0.5,27,7.32E-10,0.519156,1.18E-06,1.40E-06,84.2996,-28.5327,0.0041807,624.295,17812.8,34311.1,4.90619
26,13,1363,7.16E-06,5.86E-07,1.43E-05,9.38E-07,2,2,306192,9.20E+08,0.5,27,6.35E-10,0.540292,9.39E-07,1.23E-06,76.3623,-29.1021,0.00524897,588.536,17127.6,31700.8,746.106
26,14,1364,1.73E-06,5.90E-07,2.00E-05,9.38E-07,2,3,192967,9.20E+08,0.5,27,8.40E-10,0.561508,1.60E-06,1.97E-06,81.236,-27.0587,0.00886542,650.685,17606.7,31356.1,141.676
26,15,1365,2.37E-06,6.51E-07,1.70E-05,9.43E-07,2,2,230413,9.20E+08,0.5,27,6.35E-10,0.520409,1.15E-06,1.29E-06,89.67,-28.9029,0.00506442,665.669,19239.8,36970.5,0
26,16,1366,4.47E-06,5.90E-07,1.72E-05,8.95E-07,3,2,190717,9.20E+08,0.5,27,7.36E-10,0.517296,1.38E-06,1.65E-06,83.4911,-27.8215,0.00411366,616.092,17140.6,33135,22.7676
26,17,1367,9.83E-06,7.05E-07,1.52E-05,9.38E-07,3,2,203946,9.20E+08,0.5,27,7.42E-10,0.49465,1.17E-06,1.33E-06,88.1097,-28.7507,0.0038803,621.71,17874.6,36135.9,0.000228981
26,18,1368,6.78E-06,6.77E-07,1.43E-05,9.27E-07,3,2,160737,9.20E+08,0.5,27,7.36E-10,0.507667,1.57E-06,1.90E-06,82.9876,-27.2226,0.00420345,600.977,16360.1,32226.1,40.4988
26,19,1369,2.43E-06,5.80E-07,2.00E-05,9.45E-07,4,2,246793,9.20E+08,0.5,27,8.41E-10,0.502543,1.00E-06,1.22E-06,82.1037,-29.1456,0.00294047,588.575,17154.4,34135.1,83.8877
26,20,1370,6.58E-07,5.32E-07,1.72E-05,9.11E-07,2,2,298717,9.20E+08,0.5,27,6.32E-10,0.505453,8.30E-07,9.04E-07,91.812,-30.4402,0.00572765,661.982,20150.9,39867,1.74E-13
26,21,1371,3.04E-06,5.67E-07,2.00E-05,9.48E-07,4,2,253223,9.20E+08,0.5,27,8.41E-10,0.50624,9.90E-07,1.14E-06,86.4829,-29.4129,0.00307357,624.529,18369.2,36285.5,5.98E-16
26,22,1372,9.96E-06,6.49E-07,1.38E-05,9.38E-07,3,1,203022,9.20E+08,0.5,27,5.39E-10,0.267195,3.34E-07,5.74E-07,58.2177,-32.4119,0.00281768,221.896,7192.07,26917,7173.34
26,23,1373,9.30E-06,6.88E-07,1.31E-05,9.49E-07,2,2,242075,9.20E+08,0.5,27,6.38E-10,0.519308,1.09E-06,1.30E-06,84.1566,-28.8602,0.00510481,623.418,17992,34646.1,7.11362
26,24,1374,7.95E-06,6.97E-07,1.55E-05,9.38E-07,3,2,206419,9.20E+08,0.5,27,7.40E-10,0.504756,1.21E-06,1.34E-06,90.6207,-28.743,0.00388516,652.492,18754.6,37155.7,0
26,25,1375,8.13E-06,6.77E-07,1.35E-05,8.98E-07,2,2,315283,9.20E+08,0.5,27,6.35E-10,0.541428,9.16E-07,1.15E-06,79.5437,-29.3862,0.00513252,614.346,18053.3,33343.9,297.707
26,26,1376,1.16E-06,5.87E-07,2.00E-05,9.48E-07,4,2,221816,9.20E+08,0.5,27,8.39E-10,0.464811,9.40E-07,1.16E-06,81.1115,-29.3616,0.00296121,537.806,15790.8,33972.6,151.211
26,27,1377,6.46E-06,6.00E-07,1.84E-05,9.32E-07,5,2,247042,9.20E+08,0.5,27,9.42E-10,0.507815,1.02E-06,1.23E-06,83.3066,-29.1174,0.00256294,603.464,17571.3,34601.7,28.6753
26,28,1378,2.45E-06,5.62E-07,1.91E-05,9.38E-07,2,2,203022,9.20E+08,0.5,27,6.39E-10,0.501478,1.21E-06,1.39E-06,87.1447,-28.5595,0.00514892,623.39,17803.7,35502.5,0
26,29,1379,1.01E-06,6.08E-07,1.56E-05,9.38E-07,3,2,159491,9.20E+08,0.5,27,7.30E-10,0.473144,1.36E-06,1.79E-06,76.3503,-27.4786,0.00456265,515.312,14160.1,29927.6,748.186
26,30,1380,4.73E-06,6.21E-07,1.72E-05,9.67E-07,3,2,225178,9.20E+08,0.5,27,7.39E-10,0.513316,1.15E-06,1.29E-06,89.3678,-28.9108,0.0039009,654.384,18918.8,36856,0
26,31,1381,7.27E-06,6.10E-07,1.76E-05,8.98E-07,3,3,211816,9.20E+08,0.5,27,9.40E-10,0.578584,1.56E-06,2.07E-06,75.3098,-26.8354,0.00592612,621.561,16679.8,28828.7,939.007
26,32,1382,2.64E-06,4.55E-07,1.47E-05,9.10E-07,2,2,261569,9.20E+08,0.5,27,6.29E-10,0.561491,1.19E-06,1.35E-06,87.8975,-28.6896,0.00599688,704.021,20198.1,35972.3,0
26,33,1383,1.05E-06,6.36E-07,1.37E-05,9.38E-07,3,1,229321,9.20E+08,0.5,27,5.27E-10,0.336435,4.70E-07,7.20E-07,65.3294,-31.4268,0.00285475,313.528,9853.16,29287,3869.55
26,34,1384,7.55E-06,7.60E-07,1.41E-05,9.38E-07,2,2,188361,9.20E+08,0.5,27,6.38E-10,0.508189,1.34E-06,1.50E-06,89.5173,-28.2326,0.00528353,648.93,18321,36051.6,0
26,35,1385,4.69E-06,6.17E-07,1.50E-05,9.38E-07,4,2,234369,9.20E+08,0.5,27,8.34E-10,0.53606,1.20E-06,1.44E-06,83.6453,-28.4204,0.00360021,639.619,18178.2,33910.8,18.3513
26,36,1386,8.13E-06,7.18E-07,1.19E-05,9.38E-07,3,2,220782,9.20E+08,0.5,27,7.34E-10,0.529023,1.25E-06,1.62E-06,77.0748,-27.9156,0.00389192,581.639,16236.8,30692,628.094
26,37,1387,1.25E-05,6.90E-07,1.24E-05,8.98E-07,3,2,252972,9.20E+08,0.5,27,7.39E-10,0.510213,1.01E-06,1.40E-06,72.0343,-28.5329,0.00336842,524.272,14959,29319.1,1681.11
26,38,1388,8.53E-06,6.91E-07,1.41E-05,9.38E-07,2,1,192232,9.20E+08,0.5,27,4.38E-10,0.274426,3.75E-07,6.45E-07,58.1431,-31.9053,0.00415692,227.609,7261.92,26462.3,7213.34
26,39,1389,7.55E-06,6.89E-07,1.23E-05,9.38E-07,2,2,234689,9.20E+08,0.5,27,6.33E-10,0.536168,1.20E-06,1.50E-06,80.2965,-28.2385,0.0054009,614.135,17342.3,32344.8,221.233
26,40,1390,5.94E-06,7.23E-07,1.39E-05,9.41E-07,3,2,233826,9.20E+08,0.5,27,7.35E-10,0.532101,1.19E-06,1.41E-06,84.4763,-28.5111,0.00407154,641.203,18281.4,34357,2.74259
26,41,1391,7.55E-06,5.72E-07,1.24E-05,9.67E-07,2,2,224798,9.20E+08,0.5,27,6.33E-10,0.536515,1.26E-06,1.65E-06,76.3729,-27.8293,0.0055773,584.503,16266.3,30318.5,744.265
26,42,1392,4.29E-06,7.38E-07,1.39E-05,9.49E-07,2,1,292666,9.20E+08,0.5,27,4.33E-10,0.394142,5.11E-07,6.68E-07,76.5218,-31.7514,0.00456051,430.233,13660.5,34658.9,718.889
26,43,1393,2.76E-06,5.91E-07,2.00E-05,9.16E-07,4,2,276897,9.20E+08,0.5,27,8.40E-10,0.513176,9.31E-07,1.08E-06,86.2986,-29.6711,0.00298371,631.737,18744.4,36526.1,2.87E-14
26,44,1394,3.89E-06,4.93E-07,1.72E-05,9.38E-07,2,2,246931,9.20E+08,0.5,27,6.36E-10,0.530518,1.12E-06,1.26E-06,88.9721,-28.9921,0.00490533,673.317,19520.9,36795.9,0
26,45,1395,8.13E-06,6.01E-07,1.72E-05,9.38E-07,4,2,194524,9.20E+08,0.5,27,8.42E-10,0.495528,1.24E-06,1.37E-06,90.0335,-28.6271,0.00318969,636.412,18218.6,36766.1,0.000160002
26,46,1396,9.32E-06,6.16E-07,1.39E-05,8.97E-07,2,2,225427,9.20E+08,0.5,27,6.36E-10,0.521967,1.19E-06,1.52E-06,78.374,-28.1948,0.00530907,583.554,16453.2,31521.5,439.034
26,47,1397,4.47E-06,6.63E-07,1.43E-05,9.38E-07,3,1,190740,9.20E+08,0.5,27,5.33E-10,0.337536,5.71E-07,8.55E-07,66.7546,-30.6801,0.00358446,321.416,9861.09,29214.9,3329.14
26,48,1398,7.10E-06,7.42E-07,1.43E-05,9.81E-07,3,2,233826,9.20E+08,0.5,27,7.39E-10,0.515985,1.12E-06,1.29E-06,86.8456,-28.9061,0.00381611,639.221,18477.4,35809.9,0
26,49,1399,6.06E-06,5.78E-07,1.22E-05,9.07E-07,2,2,310369,9.20E+08,0.5,27,6.29E-10,0.566606,1.02E-06,1.32E-06,77.565,-28.808,0.00576882,626.921,18060.3,31874.6,552.787
27,0,1400,4.21E-06,5.38E-07,1.79E-05,9.51E-07,2,2,215017,9.20E+08,0.5,27,6.39E-10,0.514642,1.21E-06,1.42E-06,85.4827,-28.4908,0.00515326,627.552,17879.4,34741.5,0
27,1,1401,4.29E-06,6.63E-07,1.35E-05,9.38E-07,3,2,235481,9.20E+08,0.5,27,7.31E-10,0.547451,1.25E-06,1.52E-06,82.5313,-28.1886,0.00437123,644.51,18167.8,33186.2,60.9441
27,2,1402,7.55E-06,7.59E-07,1.43E-05,9.45E-07,2,1,252952,9.20E+08,0.5,27,4.39E-10,0.323382,3.95E-07,6.20E-07,63.6824,-32.0762,0.00446854,293.767,9422.93,29138.7,4544.63
27,3,1403,9.83E-06,6.05E-07,1.60E-05,9.31E-07,2,2,172810,9.20E+08,0.5,27,6.42E-10,0.487927,1.35E-06,1.52E-06,88.4986,-28.1744,0.00577946,615.967,17354.5,35567.7,0.00116599
27,4,1404,5.27E-06,6.01E-07,1.71E-05,9.10E-07,2,2,206836,9.20E+08,0.5,27,6.37E-10,0.517632,1.27E-06,1.42E-06,89.7826,-28.4853,0.00547468,662.948,18884.3,36482.1,0
27,5,1405,7.19E-06,5.90E-07,1.51E-05,9.49E-07,4,2,203858,9.20E+08,0.5,27,8.37E-10,0.515313,1.28E-06,1.60E-06,79.5667,-27.9453,0.00320707,584.882,16344.7,31718.1,295.203
27,6,1406,8.25E-06,5.90E-07,1.96E-05,9.81E-07,3,2,219575,9.20E+08,0.5,27,7.48E-10,0.480728,1.03E-06,1.23E-06,83.8955,-29.1155,0.00401444,575.313,16750.5,34844,12.203
27,7,1407,1.31E-06,6.92E-07,1.94E-05,1.00E-06,2,2,207797,9.20E+08,0.5,27,6.41E-10,0.454635,9.66E-07,1.16E-06,82.9801,-29.3411,0.00484436,538.149,15789.9,34731,40.8179
27,8,1408,3.29E-06,5.95E-07,1.74E-05,1.00E-06,2,2,220474,9.20E+08,0.5,27,6.39E-10,0.511757,1.17E-06,1.30E-06,89.4263,-28.8475,0.00495593,652.822,18832.3,36799.3,0
27,9,1409,8.48E-06,7.53E-07,1.54E-05,9.27E-07,2,2,178253,9.20E+08,0.5,27,6.41E-10,0.492736,1.33E-06,1.44E-06,92.5343,-28.4122,0.0053207,650.404,18479.4,37503.7,0.000422135
27,10,1410,3.24E-06,7.29E-07,1.63E-05,9.29E-07,3,2,200643,9.20E+08,0.5,27,7.35E-10,0.517981,1.31E-06,1.45E-06,90.5217,-28.3865,0.00391288,668.857,18986.5,36654.8,0
27,11,1411,4.70E-06,6.64E-07,1.55E-05,9.38E-07,2,2,203022,9.20E+08,0.5,27,6.35E-10,0.52343,1.33E-06,1.52E-06,87.3266,-28.1862,0.00560373,652.035,18378.4,35111.4,0
27,12,1412,1.05E-05,6.28E-07,1.43E-05,8.95E-07,3,2,208798,9.20E+08,0.5,27,7.39E-10,0.507456,1.21E-06,1.54E-06,78.4736,-28.1197,0.0039156,568.052,15973.4,31477.5,425.941
27,13,1413,4.75E-06,5.69E-07,1.30E-05,9.38E-07,2,2,205400,9.20E+08,0.5,27,6.30E-10,0.548197,1.44E-06,1.73E-06,83.2714,-27.6232,0.00617388,651.177,17987.6,32812.3,29.8796
27,14,1414,7.67E-06,5.85E-07,1.47E-05,8.98E-07,3,2,206419,9.20E+08,0.5,27,7.35E-10,0.523938,1.31E-06,1.54E-06,84.9847,-28.1305,0.00412796,635.166,17867.5,34102.4,0.00233088
27,15,1415,1.01E-06,5.71E-07,1.38E-05,9.38E-07,2,2,224315,9.20E+08,0.5,27,6.27E-10,0.5327,1.24E-06,1.51E-06,82.0677,-28.2142,0.00613149,623.621,17595,33029.8,85.9863
27,16,1416,3.35E-06,5.36E-07,1.72E-05,9.09E-07,2,2,206419,9.20E+08,0.5,27,6.35E-10,0.525247,1.31E-06,1.54E-06,85.4844,-28.1317,0.0053775,640.496,18018.3,34304.4,0
27,17,1417,5.27E-06,5.97E-07,1.43E-05,9.10E-07,2,2,271781,9.20E+08,0.5,27,6.32E-10,0.549294,1.09E-06,1.30E-06,84.1844,-28.8604,0.00550327,659.634,19037.3,34657.8,6.65148
27,18,1418,4.17E-06,6.08E-07,1.64E-05,9.81E-07,2,2,210616,9.20E+08,0.5,27,6.37E-10,0.516528,1.24E-06,1.45E-06,85.8063,-28.3861,0.00519866,632.236,17946.7,34744.9,0
27,19,1419,7.55E-06,6.69E-07,1.47E-05,9.38E-07,2,2,179455,9.20E+08,0.5,27,6.38E-10,0.506818,1.40E-06,1.56E-06,89.9656,-28.0688,0.00542448,650.422,18256.6,36021.9,0
27,20,1420,7.55E-06,6.26E-07,1.52E-05,9.10E-07,2,2,206419,9.20E+08,0.5,27,6.37E-10,0.517681,1.28E-06,1.44E-06,88.3985,-28.4085,0.0053866,652.79,18544.8,35822.8,0
27,21,1421,9.39E-06,6.08E-07,1.65E-05,9.38E-07,3,2,201150,9.20E+08,0.5,27,7.42E-10,0.494753,1.19E-06,1.34E-06,89.2091,-28.7423,0.00397205,629.599,18096.1,36576.1,0.000220218
27,22,1422,7.55E-06,5.80E-07,1.38E-05,9.38E-07,2,2,223911,9.20E+08,0.5,27,6.35E-10,0.529591,1.23E-06,1.59E-06,77.6874,-27.9992,0.0054154,586.89,16432.5,31028.6,534.748
27,23,1423,7.55E-06,7.09E-07,1.28E-05,9.38E-07,3,2,233826,9.20E+08,0.5,27,7.35E-10,0.530915,1.18E-06,1.43E-06,83.1416,-28.4618,0.00394527,629.665,17921.4,33755.7,34.538
27,24,1424,6.38E-06,6.77E-07,1.50E-05,9.43E-07,3,2,206419,9.20E+08,0.5,27,7.37E-10,0.517375,1.27E-06,1.51E-06,84.0765,-28.1978,0.00402773,620.507,17496.9,33818.6,8.52868
27,25,1425,5.84E-06,6.91E-07,1.64E-05,9.81E-07,2,2,219919,9.20E+08,0.5,27,6.40E-10,0.508737,1.15E-06,1.34E-06,86.4096,-28.7404,0.00505741,627.079,18022.5,35425.9,0
27,26,1426,9.83E-06,6.85E-07,1.23E-05,9.67E-07,3,2,221816,9.20E+08,0.5,27,7.37E-10,0.514007,1.17E-06,1.55E-06,75.2892,-28.0926,0.00381582,552.036,15508.1,30171.1,942.994
27,27,1427,1.04E-05,5.90E-07,1.03E-05,9.31E-07,2,2,208023,9.20E+08,0.5,27,6.32E-10,0.529576,1.32E-06,1.89E-06,69.8669,-27.2249,0.00552795,527.796,14369.2,27133.4,2290.11
27,28,1428,7.95E-06,7.38E-07,1.30E-05,9.38E-07,3,1,210840,9.20E+08,0.5,27,5.36E-10,0.310409,4.35E-07,7.14E-07,60.9097,-31.4619,0.00327426,269.704,8485.4,27336.2,5803.71
27,29,1429,9.54E-06,6.77E-07,1.39E-05,9.38E-07,3,1,223048,9.20E+08,0.5,27,5.39E-10,0.285102,3.46E-07,5.88E-07,58.7556,-32.303,0.00294847,238.955,7718.95,27074.3,6888.04
27,30,1430,4.29E-06,6.28E-07,1.50E-05,9.49E-07,3,2,199384,9.20E+08,0.5,27,7.34E-10,0.527685,1.37E-06,1.60E-06,85.5993,-27.9509,0.00443195,644.334,18009.7,34129.6,0
27,31,1431,9.83E-06,6.16E-07,1.52E-05,9.38E-07,4,2,222985,9.20E+08,0.5,27,8.41E-10,0.504471,1.12E-06,1.35E-06,82.475,-28.6818,0.0030763,593.506,17022.8,33743.8,63.755
27,32,1432,2.01E-06,5.35E-07,1.97E-05,9.33E-07,2,2,261569,9.20E+08,0.5,27,6.39E-10,0.510107,9.76E-07,1.08E-06,90.5983,-29.6774,0.0047249,659.246,19564.7,38354.1,3.50E-15
27,33,1433,4.91E-06,7.06E-07,2.00E-05,9.38E-07,5,2,190740,9.20E+08,0.5,27,9.44E-10,0.483462,1.19E-06,1.30E-06,92.1845,-28.8747,0.00270473,635.75,18357.1,37970.1,0.00218812
27,34,1434,4.17E-06,6.79E-07,1.64E-05,9.81E-07,3,2,208350,9.20E+08,0.5,27,7.38E-10,0.512006,1.23E-06,1.45E-06,84.9434,-28.3772,0.00401117,620.398,17605.2,34384.7,0.0320357
27,35,1435,7.55E-06,7.42E-07,1.55E-05,9.38E-07,3,2,220782,9.20E+08,0.5,27,7.40E-10,0.507969,1.15E-06,1.26E-06,90.8508,-28.9893,0.00379876,658.312,19084,37569.3,0
27,36,1436,2.64E-06,6.51E-07,1.60E-05,9.38E-07,4,2,206164,9.20E+08,0.5,27,8.33E-10,0.523855,1.30E-06,1.56E-06,83.6868,-28.0722,0.00333159,625.367,17555.4,33511.9,17.2447
27,37,1437,6.13E-06,5.65E-07,1.41E-05,9.48E-07,2,2,264249,9.20E+08,0.5,27,6.34E-10,0.542589,1.10E-06,1.32E-06,83.2272,-28.8011,0.00557087,644.173,18552.9,34193.3,31.4289
27,38,1438,5.73E-06,7.01E-07,1.63E-05,9.41E-07,4,2,243110,9.20E+08,0.5,27,8.39E-10,0.518543,1.08E-06,1.23E-06,88.0066,-29.0917,0.00302211,650.978,18938,36521.6,0
27,39,1439,4.29E-06,6.49E-07,1.64E-05,9.03E-07,4,2,193939,9.20E+08,0.5,27,8.35E-10,0.520812,1.37E-06,1.64E-06,83.6177,-27.8468,0.003244,621.22,17299,33215.5,19.1065
27,40,1440,6.44E-06,6.97E-07,1.52E-05,9.38E-07,3,2,211024,9.20E+08,0.5,27,7.37E-10,0.516635,1.24E-06,1.43E-06,86.8717,-28.4478,0.003971,640.219,18212.8,35252.8,0
27,41,1441,9.96E-06,8.07E-07,1.23E-05,9.38E-07,3,1,230837,9.20E+08,0.5,27,5.39E-10,0.290632,3.47E-07,5.93E-07,58.5964,-32.2726,0.00295671,242.93,7839.96,26975.6,6971.85
27,42,1442,6.60E-06,7.05E-07,1.45E-05,9.51E-07,2,2,221816,9.20E+08,0.5,27,6.37E-10,0.521094,1.20E-06,1.33E-06,90.3242,-28.7558,0.00524526,671.408,19306.9,37050.7,0
27,43,1443,6.57E-06,5.29E-07,1.43E-05,8.95E-07,3,2,213538,9.20E+08,0.5,27,7.33E-10,0.537492,1.33E-06,1.72E-06,77.1914,-27.6326,0.00421596,591.844,16354.2,30426.8,609.749
27,44,1444,7.99E-06,6.03E-07,1.60E-05,9.67E-07,3,2,222985,9.20E+08,0.5,27,7.40E-10,0.507304,1.13E-06,1.25E-06,90.7367,-29.0403,0.00387314,656.625,19068.6,37588.1,0
27,45,1445,5.00E-07,6.77E-07,1.96E-05,9.38E-07,2,2,209072,9.20E+08,0.5,27,6.37E-10,0.377281,6.54E-07,1.04E-06,62.5986,-29.8095,0.00477303,336.896,10042.7,26618.6,5018.36
27,46,1446,5.00E-07,5.75E-07,2.00E-05,1.00E-06,2,2,202159,9.20E+08,0.5,27,6.41E-10,0.369929,6.50E-07,9.86E-07,65.9469,-30.0621,0.00458948,347.999,10461.6,28280,3630.36
27,47,1447,3.33E-06,5.50E-07,1.84E-05,8.84E-07,3,2,206419,9.20E+08,0.5,27,7.36E-10,0.51891,1.28E-06,1.43E-06,89.4604,-28.438,0.00399201,662.2,18831.7,36290.8,0
27,48,1448,7.78E-06,6.70E-07,1.72E-05,9.23E-07,3,2,163558,9.20E+08,0.5,27,7.42E-10,0.485154,1.41E-06,1.52E-06,92.7086,-28.1837,0.00420086,641.602,18082.7,37272.1,0.00176333
27,49,1449,7.15E-06,5.70E-07,1.43E-05,9.38E-07,2,2,229035,9.20E+08,0.5,27,6.35E-10,0.530145,1.21E-06,1.43E-06,84.1015,-28.4322,0.00545622,636.01,18083.2,34109.9,8.07373
28,0,1450,2.64E-06,4.35E-07,2.00E-05,9.10E-07,2,2,206419,9.20E+08,0.5,27,6.39E-10,0.508897,1.23E-06,1.38E-06,89.2924,-28.6035,0.00522887,648.203,18540.9,36433.4,0
28,1,1451,7.55E-06,5.50E-07,1.80E-05,8.95E-07,2,2,193263,9.20E+08,0.5,27,6.41E-10,0.502204,1.28E-06,1.55E-06,82.5464,-28.0925,0.00509441,591.35,16612.5,33079.2,60.2016
28,2,1452,4.29E-06,6.28E-07,1.48E-05,9.48E-07,5,2,266249,9.20E+08,0.5,27,9.33E-10,0.542786,1.09E-06,1.27E-06,85.3294,-28.9554,0.00267234,660.684,19130.4,35244.8,0
28,3,1453,9.83E-06,6.34E-07,1.72E-05,9.67E-07,3,2,157687,9.20E+08,0.5,27,7.46E-10,0.466123,1.34E-06,1.53E-06,87.7384,-28.1485,0.00500381,583.387,16421.5,35229.9,0.00918095
28,4,1454,6.76E-06,6.47E-07,1.44E-05,9.38E-07,2,2,234944,9.20E+08,0.5,27,6.36E-10,0.528778,1.17E-06,1.34E-06,87.4372,-28.7347,0.0053162,659.531,18951.5,35840.1,0
28,5,1455,7.55E-06,7.27E-07,1.50E-05,9.38E-07,3,1,220229,9.20E+08,0.5,27,5.39E-10,0.294513,3.73E-07,6.42E-07,58.1698,-31.927,0.00313847,244.382,7802.37,26492.5,7198.93
28,6,1456,3.29E-06,7.52E-07,1.21E-05,9.25E-07,2,1,213799,9.20E+08,0.5,27,4.27E-10,0.397372,7.15E-07,9.54E-07,74.887,-30.2036,0.00489074,424.492,12821.2,32265,1022.82
28,7,1457,3.59E-06,5.55E-07,1.40E-05,9.38E-07,2,2,238821,9.20E+08,0.5,27,6.30E-10,0.552314,1.26E-06,1.49E-06,84.4466,-28.2673,0.00577242,665.326,18807,34051.2,3.06292
28,8,1458,6.38E-06,6.16E-07,1.50E-05,9.29E-07,3,2,178307,9.20E+08,0.5,27,7.36E-10,0.514554,1.46E-06,1.78E-06,81.8644,-27.4941,0.00419918,600.886,16520.8,32107,98.318
28,9,1459,7.95E-06,5.15E-07,1.84E-05,9.38E-07,4,2,228310,9.20E+08,0.5,27,8.43E-10,0.50141,1.08E-06,1.21E-06,89.4283,-29.188,0.00306909,639.638,18669.7,37234.4,0
28,10,1460,6.29E-06,5.48E-07,1.84E-05,9.38E-07,4,2,179099,9.20E+08,0.5,27,8.41E-10,0.494905,1.34E-06,1.51E-06,88.4516,-28.2011,0.00329052,624.445,17610,35582.6,0.000207638
28,11,1461,9.61E-06,5.31E-07,1.62E-05,9.13E-07,2,2,147076,9.20E+08,0.5,27,6.40E-10,0.48518,1.56E-06,1.99E-06,78.5081,-27.0055,0.00633357,543.355,14673.6,30243.6,421.448
28,12,1462,2.94E-06,6.33E-07,1.43E-05,8.87E-07,3,2,169381,9.20E+08,0.5,27,7.29E-10,0.536062,1.67E-06,2.01E-06,82.9603,-26.9691,0.00482963,634.383,17108.7,31915.6,41.6025
28,13,1463,6.85E-06,7.06E-07,1.23E-05,9.38E-07,2,2,302721,9.20E+08,0.5,27,6.33E-10,0.550182,9.86E-07,1.30E-06,75.5887,-28.8478,0.00519712,593.239,17113.6,31105.4,885.718
28,14,1464,9.47E-06,6.77E-07,1.55E-05,9.49E-07,2,2,220742,9.20E+08,0.5,27,6.42E-10,0.499587,1.11E-06,1.34E-06,82.3975,-28.7137,0.00509921,587.207,16860.9,33749.7,67.731
28,15,1465,4.17E-06,6.28E-07,1.64E-05,9.81E-07,3,2,210616,9.20E+08,0.5,27,7.38E-10,0.515153,1.24E-06,1.46E-06,84.9464,-28.3695,0.00405762,624.234,17709.2,34376.5,0.0287544
28,16,1466,4.29E-06,6.06E-07,1.80E-05,9.38E-07,2,2,233456,9.20E+08,0.5,27,6.39E-10,0.516161,1.12E-06,1.27E-06,88.5218,-28.9735,0.00514943,651.781,18884.4,36586.2,0
28,17,1467,1.02E-05,6.51E-07,1.53E-05,9.38E-07,2,2,212328,9.20E+08,0.5,27,6.42E-10,0.497813,1.14E-06,1.38E-06,82.8629,-28.6014,0.00517588,588.427,16829.9,33807.6,45.6721
28,18,1468,8.25E-06,6.62E-07,1.31E-05,9.02E-07,5,2,266824,9.20E+08,0.5,27,9.34E-10,0.536826,1.06E-06,1.38E-06,76.602,-28.5938,0.00264386,586.597,16773.1,31244.9,705.271
28,19,1469,4.57E-06,6.69E-07,1.34E-05,8.88E-07,2,2,263395,9.20E+08,0.5,27,6.30E-10,0.558037,1.17E-06,1.39E-06,83.7025,-28.5613,0.00586141,666.297,19030.3,34102.2,16.8341
28,20,1470,3.70E-06,5.13E-07,1.92E-05,1.00E-06,2,2,234368,9.20E+08,0.5,27,6.42E-10,0.504807,1.07E-06,1.10E-06,96.8571,-29.581,0.00487063,697.465,20631.7,40870.6,34.4868
28,21,1471,5.27E-06,5.12E-07,1.72E-05,9.10E-07,2,2,256738,9.20E+08,0.5,27,6.37E-10,0.530054,1.08E-06,1.14E-06,94.8604,-29.4462,0.00499886,717.252,21120.3,39845.6,0
28,22,1472,7.90E-06,6.49E-07,1.15E-05,9.57E-07,2,2,282814,9.20E+08,0.5,27,6.32E-10,0.547593,1.04E-06,1.28E-06,81.2695,-28.9128,0.00538863,634.822,18354.4,33518.4,139.166
28,23,1473,9.06E-07,6.08E-07,1.54E-05,9.38E-07,3,2,256363,9.20E+08,0.5,27,7.30E-10,0.516424,1.01E-06,1.28E-06,79.2539,-28.9403,0.00433136,583.839,16896.5,32718.3,330.175
28,24,1474,6.58E-07,5.58E-07,1.47E-05,9.18E-07,3,2,206419,9.20E+08,0.5,27,7.28E-10,0.495419,1.15E-06,1.56E-06,74.1368,-28.0804,0.00441211,523.929,14712.2,29696.4,1180.09
28,25,1475,8.66E-06,7.53E-07,1.22E-05,9.43E-07,3,1,190740,9.20E+08,0.5,27,5.36E-10,0.288473,4.16E-07,7.32E-07,56.8365,-31.3552,0.0031469,233.883,7333.45,25421.6,7932.21
28,26,1476,1.12E-05,6.28E-07,1.35E-05,9.47E-07,2,2,225427,9.20E+08,0.5,27,6.40E-10,0.505895,1.11E-06,1.45E-06,76.7515,-28.386,0.00515928,553.877,15722.4,31078.3,680.373
28,27,1477,5.27E-06,4.51E-07,1.84E-05,9.38E-07,2,2,206419,9.20E+08,0.5,27,6.39E-10,0.512094,1.25E-06,1.34E-06,92.8274,-28.7163,0.00532474,678.097,19472.5,38025.2,0
28,28,1478,4.29E-06,5.65E-07,1.72E-05,8.98E-07,2,2,280707,9.20E+08,0.5,27,6.36E-10,0.536006,1.01E-06,1.15E-06,87.9578,-29.4061,0.00513364,672.528,19776.4,36895.9,0
28,29,1479,2.01E-06,5.71E-07,1.43E-05,9.72E-07,3,3,206836,9.20E+08,0.5,27,9.30E-10,0.60631,1.74E-06,2.31E-06,75.4645,-26.3608,0.00759215,652.685,17205.3,28377.1,909.255
28,30,1480,2.01E-06,5.10E-07,2.00E-05,9.38E-07,3,2,203908,9.20E+08,0.5,27,7.40E-10,0.492741,1.16E-06,1.42E-06,81.8269,-28.4692,0.00380625,575.15,16374.1,33230.6,100.689
28,31,1481,3.45E-06,5.31E-07,1.61E-05,9.58E-07,3,2,211159,9.20E+08,0.5,27,7.34E-10,0.528393,1.30E-06,1.42E-06,91.7547,-28.4879,0.00397449,691.595,19702.1,37286.8,0
28,32,1482,7.90E-06,5.55E-07,1.40E-05,9.47E-07,3,2,236748,9.20E+08,0.5,27,7.35E-10,0.52846,1.16E-06,1.53E-06,75.9216,-28.1621,0.00398655,572.327,16117.9,30499.7,824.173
28,33,1483,5.23E-06,6.49E-07,1.77E-05,9.87E-07,3,2,221816,9.20E+08,0.5,27,7.42E-10,0.502948,1.12E-06,1.23E-06,91.1911,-29.1162,0.00379843,654.247,19049.2,37875.1,0
28,34,1484,7.55E-06,5.13E-07,1.80E-05,9.38E-07,4,2,194460,9.20E+08,0.5,27,8.42E-10,0.497912,1.25E-06,1.38E-06,90.7073,-28.6146,0.00323962,644.259,18435.2,37025.1,3.49E-05
28,35,1485,8.13E-06,6.01E-07,1.76E-05,9.38E-07,2,2,180685,9.20E+08,0.5,27,6.43E-10,0.489479,1.30E-06,1.39E-06,93.1592,-28.5603,0.00545218,650.468,18577.6,37953.8,0.000885557
28,36,1486,4.29E-06,6.77E-07,1.43E-05,1.00E-06,3,2,200786,9.20E+08,0.5,27,7.34E-10,0.523658,1.34E-06,1.61E-06,83.2649,-27.9295,0.00401677,621.979,17371.6,33173.5,30.1055
28,37,1487,1.16E-06,5.74E-07,2.00E-05,9.48E-07,4,2,292666,9.20E+08,0.5,27,8.39E-10,0.489553,7.91E-07,1.00E-06,79.0911,-30.0008,0.0028677,552.324,16570.1,33847.5,349.15
28,38,1488,4.38E-06,5.75E-07,1.76E-05,9.38E-07,3,2,217040,9.20E+08,0.5,27,7.38E-10,0.516431,1.21E-06,1.34E-06,90.4016,-28.7449,0.003924,665.97,19143.3,37068.4,0
28,39,1489,7.19E-06,6.37E-07,1.58E-05,9.38E-07,5,2,173855,9.20E+08,0.5,27,9.39E-10,0.500086,1.41E-06,1.70E-06,82.909,-27.7064,0.00274112,591.442,16386.7,32767.8,43.7214
28,40,1490,7.55E-06,6.42E-07,1.77E-05,9.38E-07,2,2,178307,9.20E+08,0.5,27,6.43E-10,0.488684,1.31E-06,1.39E-06,94.071,-28.559,0.00539413,655.768,18728.1,38323.4,0.00102441
28,41,1491,7.95E-06,6.77E-07,1.21E-05,9.38E-07,2,2,230837,9.20E+08,0.5,27,6.33E-10,0.534822,1.22E-06,1.53E-06,79.5414,-28.1479,0.00542825,606.833,17081.1,31937.8,297.965
28,42,1492,2.42E-06,5.90E-07,1.98E-05,9.10E-07,2,2,203745,9.20E+08,0.5,27,6.39E-10,0.498439,1.20E-06,1.36E-06,88.0113,-28.6715,0.00497023,625.772,17941.8,35996,1.95E-05
28,43,1493,7.55E-06,7.26E-07,1.77E-05,1.00E-06,2,2,172220,9.20E+08,0.5,27,6.46E-10,0.471807,1.26E-06,1.30E-06,96.7221,-28.8471,0.00614382,650.964,18778.4,39801,29.6627
28,44,1494,4.52E-06,5.48E-07,1.66E-05,9.38E-07,3,2,234024,9.20E+08,0.5,27,7.36E-10,0.527913,1.17E-06,1.32E-06,88.4551,-28.7814,0.00392938,666.118,19171.8,36316.2,0
28,45,1495,4.03E-06,5.70E-07,1.72E-05,9.38E-07,3,2,217197,9.20E+08,0.5,27,7.37E-10,0.520141,1.22E-06,1.41E-06,86.6691,-28.5005,0.00376952,643.06,18327.5,35235.7,0
28,46,1496,4.93E-06,5.27E-07,1.66E-05,9.38E-07,2,2,195424,9.20E+08,0.5,27,6.36E-10,0.519356,1.36E-06,1.57E-06,86.337,-28.0393,0.00551019,639.629,17934.8,34532.7,0
28,47,1497,1.99E-06,5.56E-07,1.75E-05,9.25E-07,3,2,225638,9.20E+08,0.5,27,7.35E-10,0.519872,1.17E-06,1.40E-06,83.851,-28.5362,0.00391923,621.829,17744.6,34132.6,13.2017
28,48,1498,4.69E-06,6.37E-07,1.81E-05,1.00E-06,4,2,199199,9.20E+08,0.5,27,8.42E-10,0.494771,1.20E-06,1.34E-06,89.9394,-28.7435,0.0031812,634.776,18245.7,36877,0.000218699
28,49,1499,6.57E-06,6.31E-07,1.43E-05,8.91E-07,2,2,167361,9.20E+08,0.5,27,6.34E-10,0.520234,1.59E-06,1.93E-06,82.1829,-27.1382,0.00578449,609.883,16551.1,31814.7,79.3632
29,0,1500,4.29E-06,5.71E-07,1.72E-05,1.00E-06,2,2,209142,9.20E+08,0.5,27,6.39E-10,0.509091,1.22E-06,1.40E-06,87.1728,-28.5542,0.00513966,633.057,18076.5,35507.3,0
29,1,1501,3.84E-06,6.67E-07,1.55E-05,9.20E-07,2,2,313845,9.20E+08,0.5,27,6.34E-10,0.547135,9.40E-07,1.12E-06,83.8954,-29.5051,0.005308,654.785,19319.5,35310.3,12.2016
29,2,1502,6.06E-06,6.40E-07,1.35E-05,9.48E-07,4,2,286498,9.20E+08,0.5,27,8.33E-10,0.545481,1.02E-06,1.31E-06,77.9338,-28.8268,0.00299077,606.417,17481.1,32047.1,499.317
29,3,1503,7.64E-06,5.57E-07,1.72E-05,9.20E-07,4,1,194423,9.20E+08,0.5,27,6.40E-10,0.260498,3.28E-07,6.19E-07,53.0048,-32.0851,0.0022269,196.964,6319.6,24259.7,10237.4
29,4,1504,6.97E-06,6.16E-07,1.64E-05,9.38E-07,6,2,173702,9.20E+08,0.5,27,1.04E-09,0.498496,1.40E-06,1.71E-06,81.7326,-27.6773,0.0023506,581.197,16085.9,32269,106.761
29,5,1505,4.29E-06,5.55E-07,1.53E-05,9.38E-07,4,2,203022,9.20E+08,0.5,27,8.33E-10,0.531407,1.37E-06,1.61E-06,84.6231,-27.9207,0.0035055,641.479,17910.6,33704,1.42063
29,6,1506,9.83E-06,6.16E-07,1.84E-05,9.38E-07,3,2,220438,9.20E+08,0.5,27,7.47E-10,0.485219,1.04E-06,1.27E-06,81.9972,-28.9476,0.00386582,567.548,16429.1,33859.2,90.168
29,7,1507,1.95E-06,6.77E-07,1.50E-05,9.38E-07,3,1,214291,9.20E+08,0.5,27,5.31E-10,0.340127,5.15E-07,7.69E-07,66.9875,-31.143,0.00339257,325.014,10121.9,29759.1,3244.71
29,8,1508,9.70E-06,8.10E-07,1.27E-05,9.43E-07,3,2,233103,9.20E+08,0.5,27,7.40E-10,0.510508,1.10E-06,1.26E-06,86.9266,-28.9919,0.00364332,633.026,18352.6,35949.7,0
29,9,1509,3.89E-06,5.17E-07,1.43E-05,8.98E-07,3,2,315283,9.20E+08,0.5,27,7.30E-10,0.565519,1.00E-06,1.25E-06,80.2543,-29.0418,0.00427868,647.413,18802.1,33247.5,225.22
29,10,1510,8.90E-06,6.84E-07,1.26E-05,9.25E-07,3,2,182299,9.20E+08,0.5,27,7.35E-10,0.512834,1.42E-06,1.82E-06,77.7101,-27.3954,0.00404528,568.487,15574,30368.4,531.43
29,11,1511,5.94E-06,7.71E-07,1.50E-05,9.86E-07,3,2,232593,9.20E+08,0.5,27,7.39E-10,0.515368,1.12E-06,1.24E-06,90.0687,-29.0514,0.0037923,662.152,19236.4,37325.7,0
29,12,1512,4.29E-06,5.76E-07,1.43E-05,9.38E-07,3,3,223048,9.20E+08,0.5,27,9.32E-10,0.61011,1.64E-06,2.28E-06,72.0748,-26.4191,0.00701766,627.275,16572,27162.3,1670.61
29,13,1513,5.77E-06,5.96E-07,1.43E-05,9.29E-07,3,2,209030,9.20E+08,0.5,27,7.33E-10,0.532662,1.33E-06,1.59E-06,83.8958,-27.9838,0.0041612,637.468,17838.8,33489.9,12.1932
29,14,1514,4.29E-06,6.48E-07,1.55E-05,9.48E-07,2,2,206419,9.20E+08,0.5,27,6.35E-10,0.524671,1.31E-06,1.52E-06,86.2795,-28.1847,0.00554702,645.745,18200.1,34688.6,0
29,15,1515,4.54E-06,5.90E-07,1.63E-05,9.25E-07,2,2,213076,9.20E+08,0.5,27,6.36E-10,0.525572,1.27E-06,1.40E-06,91.2853,-28.5492,0.00537893,684.383,19538.6,37175.8,0
29,16,1516,5.27E-06,5.55E-07,1.41E-05,9.38E-07,3,2,271781,9.20E+08,0.5,27,7.32E-10,0.549347,1.09E-06,1.34E-06,81.6665,-28.7316,0.00415017,639.966,18387.3,33471.1,111.122
29,17,1517,1.01E-06,6.97E-07,1.59E-05,9.81E-07,2,2,202159,9.20E+08,0.5,27,6.33E-10,0.479049,1.10E-06,1.43E-06,77.4788,-28.459,0.00547828,529.456,15067.8,31453.5,565.682
29,18,1518,7.15E-06,6.08E-07,1.43E-05,9.38E-07,3,2,244078,9.20E+08,0.5,27,7.36E-10,0.530417,1.13E-06,1.36E-06,83.0611,-28.6521,0.0041472,628.466,18006.8,33948.5,37.5922
29,19,1519,5.51E-06,5.90E-07,1.47E-05,8.88E-07,3,2,223048,9.20E+08,0.5,27,7.33E-10,0.54022,1.29E-06,1.51E-06,85.0127,-28.1965,0.00437818,655.12,18472.1,34193.6,0
29,20,1520,5.08E-06,5.90E-07,1.63E-05,9.38E-07,2,2,202298,9.20E+08,0.5,27,6.37E-10,0.519094,1.31E-06,1.50E-06,87.3394,-28.2438,0.00543031,646.729,18266.1,35188.4,0
29,21,1521,4.11E-06,6.64E-07,1.68E-05,9.97E-07,3,2,228310,9.20E+08,0.5,27,7.39E-10,0.512455,1.13E-06,1.29E-06,87.2347,-28.8824,0.00379544,637.692,18418,35940.8,0
29,22,1522,6.56E-06,6.48E-07,1.32E-05,9.38E-07,2,2,223048,9.20E+08,0.5,27,6.33E-10,0.535838,1.27E-06,1.61E-06,78.6969,-27.9337,0.00543262,601.529,16802.9,31358.2,397.296
29,23,1523,4.82E-06,6.91E-07,1.28E-05,9.62E-07,2,2,309575,9.20E+08,0.5,27,6.31E-10,0.558013,9.92E-07,1.13E-06,87.7252,-29.4672,0.00558247,698.289,20576.6,36874.8,4.08E-16
29,24,1524,8.94E-06,6.07E-07,1.50E-05,9.35E-07,4,2,191603,9.20E+08,0.5,27,8.39E-10,0.503622,1.30E-06,1.47E-06,87.9013,-28.3134,0.00321155,631.49,17879.6,35502.1,0
29,25,1525,5.00E-07,6.33E-07,1.89E-05,9.38E-07,2,2,200643,9.20E+08,0.5,27,6.36E-10,0.387658,7.21E-07,1.12E-06,64.3361,-29.5075,0.00499654,355.77,10497.9,27080.3,4270.06
29,26,1526,4.29E-06,6.84E-07,1.84E-05,9.81E-07,3,2,180549,9.20E+08,0.5,27,7.42E-10,0.488159,1.29E-06,1.46E-06,88.518,-28.3605,0.0041126,616.395,17481.3,35810.6,0.00112158
29,27,1527,4.69E-06,5.96E-07,1.84E-05,9.74E-07,2,2,180405,9.20E+08,0.5,27,6.41E-10,0.493589,1.32E-06,1.47E-06,90.0559,-28.3303,0.0053334,634.081,17963.7,36394,0.000328761
29,28,1528,2.01E-06,6.26E-07,2.00E-05,9.41E-07,2,2,232593,9.20E+08,0.5,27,6.40E-10,0.493801,1.03E-06,1.18E-06,86.9895,-29.2845,0.00478034,612.752,17944.1,36338.8,0.000307464
29,29,1529,1.01E-06,5.88E-07,1.43E-05,9.38E-07,3,2,176083,9.20E+08,0.5,27,7.28E-10,0.502489,1.40E-06,1.79E-06,78.0121,-27.4665,0.00449369,559.185,15358.9,30565.6,488.302
29,30,1530,4.29E-06,5.90E-07,1.84E-05,9.38E-07,3,2,183885,9.20E+08,0.5,27,7.40E-10,0.500943,1.34E-06,1.51E-06,88.4753,-28.203,0.00401709,632.232,17830.8,35594.5,0
29,31,1531,3.46E-06,4.35E-07,1.67E-05,9.07E-07,2,2,256015,9.20E+08,0.5,27,6.33E-10,0.543912,1.14E-06,1.30E-06,87.8607,-28.8746,0.00567606,681.694,19683.6,36189,0
29,32,1532,3.24E-06,6.49E-07,1.70E-05,9.78E-07,2,2,203022,9.20E+08,0.5,27,6.37E-10,0.509993,1.26E-06,1.46E-06,86.1344,-28.3574,0.00507199,626.623,17769.4,34842.5,0
29,33,1533,4.29E-06,5.75E-07,1.55E-05,9.74E-07,2,2,203022,9.20E+08,0.5,27,6.35E-10,0.523857,1.33E-06,1.57E-06,84.7958,-28.0504,0.00542425,633.656,17774.3,33929.7,0.416963
29,34,1534,7.55E-06,6.95E-07,1.64E-05,9.38E-07,2,2,223048,9.20E+08,0.5,27,6.41E-10,0.506216,1.13E-06,1.31E-06,85.7696,-28.8121,0.00492427,619.349,17844.7,35251.2,0
29,35,1535,9.83E-06,6.75E-07,1.50E-05,9.31E-07,3,2,189793,9.20E+08,0.5,27,7.41E-10,0.494318,1.26E-06,1.41E-06,89.4657,-28.5103,0.00390094,630.855,17985.9,36385.2,0.000258239
29,36,1536,1.16E-06,5.87E-07,2.00E-05,9.38E-07,6,2,213722,9.20E+08,0.5,27,1.04E-09,0.462731,9.58E-07,1.22E-06,78.3922,-29.1307,0.00213481,517.449,15073.7,32575.4,436.648
29,37,1537,4.23E-06,6.02E-07,1.99E-05,8.98E-07,3,2,292666,9.20E+08,0.5,27,7.41E-10,0.517289,8.98E-07,9.81E-07,91.5671,-30.0826,0.00369146,675.677,20326.1,39293.5,6.19E-14
29,38,1538,4.67E-06,6.16E-07,1.55E-05,9.25E-07,3,2,217040,9.20E+08,0.5,27,7.35E-10,0.530189,1.27E-06,1.49E-06,85.2244,-28.2572,0.0042917,644.557,18213.4,34352.6,0
29,39,1539,3.88E-06,5.20E-07,1.72E-05,9.74E-07,2,2,220721,9.20E+08,0.5,27,6.38E-10,0.519397,1.20E-06,1.33E-06,90.4286,-28.7676,0.00513774,669.994,19274.1,37108.7,0
29,40,1540,2.01E-06,5.79E-07,1.70E-05,9.38E-07,3,2,211911,9.20E+08,0.5,27,7.34E-10,0.517225,1.24E-06,1.42E-06,87.316,-28.4861,0.00397131,644.228,18351.5,35480.7,0
29,41,1541,4.29E-06,5.39E-07,1.64E-05,8.98E-07,3,2,281026,9.20E+08,0.5,27,7.34E-10,0.543334,1.03E-06,1.26E-06,82.3113,-29.0078,0.00421762,637.96,18505.8,34059.7,72.2884
29,42,1542,4.29E-06,6.86E-07,1.43E-05,9.38E-07,3,2,292666,9.20E+08,0.5,27,7.33E-10,0.548901,1.01E-06,1.23E-06,82.373,-29.0992,0.00409753,644.978,18768.3,34192.6,69.0121
29,43,1543,1.01E-06,5.96E-07,1.83E-05,9.56E-07,3,2,283821,9.20E+08,0.5,27,7.36E-10,0.495979,8.41E-07,1.00E-06,83.806,-29.9856,0.00360795,592.932,17779.5,35847.2,14.2559
29,44,1544,2.01E-06,6.90E-07,1.70E-05,9.23E-07,2,2,216891,9.20E+08,0.5,27,6.34E-10,0.514607,1.20E-06,1.23E-06,97.5078,-29.1076,0.00516001,715.782,20834.7,40486.7,62.8898
29,45,1545,9.79E-06,7.29E-07,1.26E-05,9.38E-07,5,1,209807,9.20E+08,0.5,27,7.38E-10,0.281918,3.53E-07,6.37E-07,55.5114,-31.9608,0.00190189,223.239,7134.92,25308.5,8696.18
29,46,1546,8.72E-06,6.28E-07,1.43E-05,9.41E-07,3,2,219575,9.20E+08,0.5,27,7.38E-10,0.51486,1.18E-06,1.35E-06,88.091,-28.7128,0.00392165,646.974,18576.4,36080.5,0
29,47,1547,4.86E-06,4.76E-07,1.72E-05,9.38E-07,2,2,229922,9.20E+08,0.5,27,6.37E-10,0.525235,1.18E-06,1.30E-06,90.7243,-28.8583,0.0053384,679.742,19616.2,37347.4,0
29,48,1548,4.93E-06,6.35E-07,1.34E-05,9.38E-07,3,2,190740,9.20E+08,0.5,27,7.31E-10,0.536644,1.48E-06,1.75E-06,84.5748,-27.559,0.00463265,647.431,17842.5,33248.4,1.80831
29,49,1549,1.05E-05,6.33E-07,1.22E-05,8.95E-07,3,2,237067,9.20E+08,0.5,27,7.35E-10,0.525573,1.14E-06,1.58E-06,72.5636,-28.0199,0.00385094,544.024,15243.5,29003.5,1546.65
5,0,1550,4.29E-06,6.77E-07,1.72E-05,1.00E-06,2,2,221816,9.20E+08,0.5,27,6.40E-10,0.507026,1.14E-06,1.26E-06,90.5492,-29.0119,0.00510366,654.909,19000.2,37473.8,0
