0.51757	1.20099e-06	1.18838e-06	1.17766e-06	99.0981	-29.2505	0.00513304	731.645	21401	41348.9	6.34033e-10	-0.0933803	0.50285	0.30374	0.151886	0.219045	
0.520244	1.21343e-06	1.18689e-06	1.19063e-06	100.315	-29.2559	0.00514768	744.456	21779.7	41864.4	6.34033e-10	-0.147455	0.309405	0.0433346	0.237786	-0.0279942	
0.515919	1.19334e-06	1.22821e-06	1.17195e-06	95.4186	-29.1073	0.00514071	702.232	20440.1	39618.7	6.34033e-10	-0.041754	0.515485	0.0476587	-0.650824	0.119542	
0.528292	1.25126e-06	1.40373e-06	1.22928e-06	87.5725	-28.5272	0.00496834	659.945	18826.4	35636.3	6.34033e-10	0.289376	-0.576978	0.111204	0.221152	-0.290074	
0.523637	1.22931e-06	1.27691e-06	1.2064e-06	94.4778	-28.9384	0.00531182	705.711	20422.1	39000.5	6.34033e-10	-0.266271	0.185747	-0.46778	0.557681	-0.601267	
0.523499	1.22866e-06	1.3551e-06	1.2054e-06	88.9524	-28.6803	0.00492026	664.263	19051.2	36392.1	6.34033e-10	0.396297	0.114013	0.41206	0.0356328	-0.0719913	
0.523788	1.23002e-06	1.3149e-06	1.20918e-06	91.96	-28.8111	0.00506371	687.101	19796.1	37794.1	6.34033e-10	0.295475	-0.469814	-0.0342408	-0.447978	0.214073	
0.521106	1.21746e-06	1.27403e-06	1.19265e-06	93.6126	-28.9482	0.00505761	695.868	20144.1	38656.4	6.34033e-10	0.641188	0.425151	0.310969	-0.0848664	0.0480081	
0.524018	1.2311e-06	1.33626e-06	1.20962e-06	90.5228	-28.7411	0.00546849	676.66	19447.9	37113.1	6.34033e-10	-0.343421	-0.148833	-0.196709	0.32266	-0.316601	
0.522503	1.22399e-06	1.34731e-06	1.20359e-06	89.3334	-28.7053	0.00543321	665.839	19113.1	36579.9	6.34033e-10	-0.163558	-0.301612	0.50083	-0.250988	0.0172135	
0.523663	1.22943e-06	1.29153e-06	1.20765e-06	93.5053	-28.889	0.0051176	698.48	20178.4	38533.1	6.34033e-10	0.156065	-0.0428955	-0.181388	-0.155841	-0.226042	
0.523019	1.22641e-06	1.35165e-06	1.20208e-06	88.9345	-28.6914	0.00532417	663.521	19037.3	36398.9	6.34033e-10	0.102144	0.354309	-0.0964265	0.446393	-0.486219	
0.514651	1.18748e-06	1.19963e-06	1.16451e-06	97.0727	-29.2095	0.00510632	712.649	20816.1	40447.1	6.34033e-10	0.0119267	0.788666	0.355264	-0.367288	0.0592446	
0.522495	1.22396e-06	1.34996e-06	1.20185e-06	89.0286	-28.6968	0.00547664	663.557	19041.9	36444.2	6.34033e-10	-0.287687	-0.0370682	0.290048	0.328127	-0.0427186	
0.520648	1.21532e-06	1.24274e-06	1.19546e-06	96.196	-29.0562	0.00517234	714.442	20759	39871.5	6.34033e-10	-0.0477074	-0.0393143	0.40889	-0.69269	-0.168407	
0.513374	1.1816e-06	1.21592e-06	1.15731e-06	95.1801	-29.151	0.00525156	697.021	20318.8	39579	6.34033e-10	-0.302158	0.931656	-0.323475	0.254536	-0.25988	
0.525336	1.2373e-06	1.37168e-06	1.21453e-06	88.5429	-28.6275	0.00502788	663.524	18995	36157.9	6.34033e-10	0.192951	-0.226015	0.136174	0.318424	0.0555793	
0.522391	1.22347e-06	1.24886e-06	1.20056e-06	96.1327	-29.0349	0.00500599	716.363	20799.5	39816	6.34033e-10	0.216563	0.0780749	0.275618	0.0917023	0.19236	
0.524607	1.23387e-06	1.29737e-06	1.2123e-06	93.4428	-28.8694	0.00512458	699.272	20187.5	38481.3	6.34033e-10	0.08856	-0.418588	-0.273858	0.0619419	0.237474	
0.526557	1.24306e-06	1.38109e-06	1.22019e-06	88.3495	-28.5978	0.00508495	663.614	18977.9	36041.5	6.34033e-10	0.08083	-0.194755	0.296938	0.513877	-0.280243	
0.525696	1.239e-06	1.37089e-06	1.21545e-06	88.6614	-28.63	0.00497388	664.868	19035.2	36209.4	6.34033e-10	0.275593	0.1655	-0.353772	0.330637	-0.691211	
0.521233	1.21805e-06	1.23505e-06	1.19721e-06	96.936	-29.0832	0.00520375	720.747	20961.6	40215.4	6.34033e-10	-0.152222	0.0683545	0.000848497	-0.278312	-0.239637	
0.522901	1.22586e-06	1.35999e-06	1.20511e-06	88.6123	-28.6647	0.00549177	660.968	18946.4	36233.2	6.34033e-10	-0.248736	-0.154766	-0.107252	-0.122295	-0.307605	
0.520973	1.21684e-06	1.24141e-06	1.19422e-06	96.1992	-29.0609	0.00522358	714.912	20776	39879.2	6.34033e-10	-0.120362	0.126376	-0.327299	0.238571	0.202533	
0.519941	1.21202e-06	1.24e-06	1.19079e-06	96.032	-29.0658	0.00521909	712.256	20702.3	39816.6	6.34033e-10	-0.256996	0.0683225	0.12059	-0.0755653	0.161667	
0.520655	1.21535e-06	1.21084e-06	1.19391e-06	98.6023	-29.1691	0.00514459	732.324	21361.3	41027.7	6.34033e-10	-0.083065	0.114105	0.113556	-0.182324	0.0258727	
0.527125	1.24574e-06	1.38732e-06	1.22309e-06	88.1619	-28.5782	0.00506586	662.92	18945.1	35940.4	6.34033e-10	0.156679	-0.0875343	0.209837	0.327297	-0.708376	
0.52087	1.21636e-06	1.3179e-06	1.19513e-06	90.6841	-28.8012	0.00517356	673.793	19406	37256.9	6.34033e-10	0.0590953	-0.0749826	-0.122391	-0.341685	0.312781	
0.522473	1.22385e-06	1.24167e-06	1.20287e-06	96.8754	-29.06	0.00525674	722.011	20981.6	40158.2	6.34033e-10	-0.325262	-0.142006	-0.0591067	0.119556	-0.0478184	
0.517937	1.20269e-06	1.37116e-06	1.18004e-06	86.0613	-28.6291	0.0058802	635.844	18203.7	35146.5	6.34033e-10	-0.662739	0.283088	-0.449429	0.277069	-0.111987	
0.52258	1.22436e-06	1.25433e-06	1.20283e-06	95.8943	-29.0159	0.0053488	714.846	20741.9	39691.3	6.34033e-10	-0.53594	-0.0102411	0.401918	0.463543	-0.305284	
0.517501	1.20067e-06	1.38838e-06	1.17951e-06	84.9553	-28.5749	0.00540833	627.145	17920.6	34629.1	6.34033e-10	-0.282875	0.264844	-0.491129	-0.32886	0.105945	
0.520151	1.213e-06	1.20824e-06	1.19125e-06	98.5942	-29.1785	0.00514146	731.554	21345.6	41037.4	6.34033e-10	-0.109516	0.100939	0.11561	-0.0563692	0.265927	
0.525034	1.23588e-06	1.3691e-06	1.21319e-06	88.6122	-28.6356	0.00492139	663.663	19004.4	36196.5	6.34033e-10	0.396484	-0.283663	-0.179126	0.0657208	0.192744	
0.518807	1.20674e-06	1.23127e-06	1.18617e-06	96.3373	-29.0965	0.0051323	712.962	20744.7	39985.4	6.34033e-10	0.0208224	0.253408	0.539309	-0.737507	-0.107527	
0.522106	1.22214e-06	1.40766e-06	1.2014e-06	85.3472	-28.515	0.00587545	635.645	18125.4	34716	6.34033e-10	-0.638092	-0.294393	-0.405343	0.118353	-0.163228	
0.522383	1.22343e-06	1.39987e-06	1.203e-06	85.9364	-28.5391	0.00571298	640.372	18275.7	34985.2	6.34033e-10	-0.424856	-0.206081	0.433387	-0.121634	-0.332795	
0.525285	1.23706e-06	1.37511e-06	1.21451e-06	88.3212	-28.6166	0.00502906	661.798	18938.4	36053.7	6.34033e-10	0.238795	-0.163536	-0.323252	0.142325	-0.143961	
0.525569	1.2384e-06	1.37932e-06	1.21625e-06	88.1776	-28.6034	0.00490112	661.081	18909.1	35978.4	6.34033e-10	0.451392	-0.452558	0.285059	-0.0866241	0.171683	
0.521116	1.21751e-06	1.26301e-06	1.19572e-06	94.6724	-28.9859	0.00516855	703.76	20399.1	39145.1	6.34033e-10	0.0588888	0.0973986	0.0307347	-0.221316	0.0651423	
0.526166	1.24122e-06	1.37852e-06	1.21849e-06	88.3907	-28.6059	0.00511839	663.431	18978	36068.5	6.34033e-10	-0.0515228	-0.618007	0.00439579	0.787402	0.634314	
0.515898	1.19325e-06	1.20757e-06	1.17162e-06	97.0227	-29.1809	0.00505758	714.009	20835.4	40386.6	6.34033e-10	0.0950193	0.438163	-0.0129535	-0.661317	0.490862	
0.520463	1.21445e-06	1.25454e-06	1.19264e-06	95.0655	-29.0152	0.00510438	705.795	20478.8	39347.2	6.34033e-10	0.229158	0.302842	-0.311434	-0.533789	-0.212754	
0.519196	1.20855e-06	1.26461e-06	1.18572e-06	93.7618	-28.9804	0.00506677	694.423	20124.7	38761.2	6.34033e-10	0.129939	0.283898	0.43455	-0.0504066	0.434772	
0.522781	1.2253e-06	1.27557e-06	1.20338e-06	94.3407	-28.943	0.00517007	703.534	20362.4	38950.1	6.34033e-10	0.0740471	0.130031	0.230659	-0.143727	-0.371791	
0.518004	1.203e-06	1.36155e-06	1.17796e-06	86.5159	-28.6597	0.00508752	639.285	18321.7	35369.8	6.34033e-10	0.00991042	0.568896	0.0059724	0.600226	0.227749	
0.517243	1.19947e-06	1.21837e-06	1.17605e-06	96.5261	-29.1422	0.00524903	712.206	20755.2	40126.7	6.34033e-10	-0.310285	0.614953	0.104694	0.31706	-0.219014	
0.51612	1.19427e-06	1.34437e-06	1.17222e-06	87.1947	-28.7148	0.00569806	641.959	18433.7	35716	6.34033e-10	-0.416915	0.290299	0.0799058	-0.119371	0.434157	
0.519467	1.20981e-06	1.24566e-06	1.18657e-06	95.256	-29.046	0.00517364	705.857	20502.3	39468	6.34033e-10	-0.0368839	0.489523	-0.587102	0.13774	-0.219714	
0.524191	1.23191e-06	1.331e-06	1.2097e-06	90.8866	-28.7582	0.00532706	679.603	19544.2	37284.5	6.34033e-10	-0.337985	-0.221038	-0.00805991	0.633134	0.0617927	
0.51898	1.20755e-06	1.41466e-06	1.18794e-06	83.9737	-28.4935	0.00552044	621.671	17713.6	34131.5	6.34033e-10	-0.453992	-0.307149	-0.152949	-0.353913	0.486593	
0.528646	1.25294e-06	1.36566e-06	1.22753e-06	89.8859	-28.6466	0.00544578	677.833	19417.6	36730.8	6.34033e-10	0.1683	-0.166231	-0.285874	1.1141	-0.376442	
0.522822	1.22549e-06	1.48834e-06	1.20583e-06	81.018	-28.273	0.00533975	604.229	17083.4	32675.3	6.34033e-10	-0.254339	-0.535651	-0.297319	-0.193055	0.116776	
0.523872	1.23041e-06	1.29729e-06	1.20676e-06	93.0213	-28.8696	0.00511957	695.142	20068.5	38308	6.34033e-10	0.538702	-0.00547962	-0.088631	-0.0549959	0.0577497	
0.525136	1.23636e-06	1.31539e-06	1.21449e-06	92.3291	-28.8095	0.00507265	691.635	19925.6	37943.7	6.34033e-10	0.194979	-0.280856	0.0791306	0.0120714	-0.0616369	
0.520199	1.21322e-06	1.38893e-06	1.18972e-06	85.6571	-28.5732	0.00510851	635.622	18161.8	34913.1	6.34033e-10	0.0275253	0.394848	0.456554	0.289058	-0.0247425	
0.523409	1.22824e-06	1.35097e-06	1.20742e-06	89.3741	-28.6935	0.00533689	667.297	19147.1	36581.5	6.34033e-10	-0.216701	-0.0482562	-0.115586	-0.114507	-0.594824	
0.516474	1.19591e-06	1.22883e-06	1.17476e-06	95.5999	-29.1051	0.00511311	704.324	20499.4	39691	6.34033e-10	0.0283997	0.443309	-0.689849	-0.753744	0.129842	
0.52388	1.23046e-06	1.35881e-06	1.20606e-06	88.7586	-28.6684	0.00497242	663.298	19015.7	36297.8	6.34033e-10	0.220708	0.351523	-0.134541	0.526619	-0.545651	
0.518901	1.20718e-06	1.39617e-06	1.18607e-06	84.9514	-28.5506	0.00569797	628.813	17953	34598.1	6.34033e-10	-0.772607	-0.0716897	-0.318121	0.360713	0.286897	
0.522386	1.22345e-06	1.29814e-06	1.19869e-06	92.3391	-28.8668	0.00516326	688.088	19862.9	38023.4	6.34033e-10	0.307701	0.429356	0.0650929	0.336447	-0.369028	
0.522271	1.22291e-06	1.26789e-06	1.20052e-06	94.6863	-28.9692	0.00523255	705.423	20435.5	39128.2	6.34033e-10	-0.093542	0.154009	-0.103002	0.164479	-0.234951	
0.522181	1.22248e-06	1.28848e-06	1.19891e-06	93.0481	-28.8992	0.00510578	693.098	20030	38358.4	6.34033e-10	0.392159	0.355554	0.152155	-0.119867	-0.323347	
0.518024	1.2031e-06	1.34528e-06	1.18135e-06	87.8147	-28.7119	0.00549933	648.908	18631.4	35966.3	6.34033e-10	-0.438484	0.1022	-0.171853	0.0137063	0.432937	
0.519686	1.21083e-06	1.40539e-06	1.18921e-06	84.6176	-28.522	0.00506979	627.289	17891.6	34427.7	6.34033e-10	0.247211	0.28783	-0.428224	-0.589921	-0.0438042	
0.521077	1.21732e-06	1.26089e-06	1.19694e-06	94.9281	-28.9932	0.00528285	705.607	20457.8	39260.7	6.34033e-10	-0.369666	-0.0959595	0.319438	-0.12112	-0.0465407	
0.526109	1.24095e-06	1.41392e-06	1.22048e-06	86.3187	-28.4958	0.00515079	647.809	18459.8	35087.4	6.34033e-10	0.138542	-0.801554	-0.489837	-0.183493	0.0330349	
0.523215	1.22733e-06	1.29595e-06	1.20531e-06	93.0063	-28.8741	0.00515511	694.158	20043.2	38307.8	6.34033e-10	0.0721973	0.0183549	-0.189847	-0.0353159	-0.199864	
0.523578	1.22904e-06	1.28876e-06	1.20752e-06	93.6963	-28.8983	0.00508757	699.794	20222.8	38624.3	6.34033e-10	0.189616	-0.209019	0.714679	-0.194156	0.0728927	
0.522045	1.22185e-06	1.33138e-06	1.20084e-06	90.1952	-28.757	0.00523028	671.673	19315.3	36999.3	6.34033e-10	-0.0402223	-0.11619	-0.0789024	-0.245809	0.014624	
0.527368	1.24689e-06	1.36816e-06	1.22702e-06	89.684	-28.6386	0.00533689	674.676	19321.8	36638.1	6.34033e-10	-0.231351	-0.934241	-0.296795	0.140783	-0.2148	
0.519653	1.21068e-06	1.1932e-06	1.18809e-06	99.5715	-29.2329	0.00513086	738.1	21576.8	41521.5	6.34033e-10	-0.0869872	0.284455	-0.0763617	0.0850847	0.150636	
0.514679	1.18761e-06	1.20259e-06	1.16377e-06	96.7723	-29.1988	0.00517818	710.483	20745.3	40307.2	6.34033e-10	-0.134257	0.846055	-0.436577	0.0317776	-0.152356	
0.523704	1.22963e-06	1.27642e-06	1.20705e-06	94.5651	-28.9401	0.00510893	706.452	20444.8	39038.8	6.34033e-10	0.0849954	-0.0145886	-0.0293138	0.198908	-0.0553258	
0.527491	1.24748e-06	1.37374e-06	1.223e-06	89.0272	-28.621	0.00532992	669.891	19172.9	36347.4	6.34033e-10	0.51662	-0.375439	0.515299	0.3728	-0.00203392	
0.524957	1.23552e-06	1.31302e-06	1.2135e-06	92.421	-28.8173	0.00508278	692.087	19944.1	37991.8	6.34033e-10	0.174719	-0.193784	0.358807	0.0423246	-0.137778	
0.518551	1.20555e-06	1.40244e-06	1.18583e-06	84.5547	-28.5312	0.00542442	625.454	17844.9	34413.1	6.34033e-10	-0.259254	-0.142021	0.45978	-0.584278	0.377407	
0.522279	1.22294e-06	1.26333e-06	1.20095e-06	95.062	-28.9848	0.00500371	708.232	20528	39304.6	6.34033e-10	0.293985	-0.108503	0.631115	-0.23211	0.363241	
0.523091	1.22675e-06	1.33802e-06	1.20627e-06	90.1534	-28.7354	0.00521623	672.706	19330.5	36954.3	6.34033e-10	0.0298872	-0.360134	-0.954854	-0.366205	0.0525519	
0.524979	1.23562e-06	1.51481e-06	1.21647e-06	80.3051	-28.1964	0.00539086	601.383	16956.8	32300.1	6.34033e-10	-0.378722	-0.986683	-0.285293	0.0399728	0.148272	
0.525006	1.23575e-06	1.33434e-06	1.21562e-06	91.1027	-28.7473	0.00519683	682.278	19613.7	37359	6.34033e-10	0.116524	-0.349653	0.282061	-0.499295	-0.566488	
0.521664	1.22007e-06	1.33413e-06	1.19706e-06	89.726	-28.748	0.0050705	667.691	19194.8	36795.3	6.34033e-10	0.160763	0.171715	0.50645	0.0734288	0.111938	
0.519339	1.20921e-06	1.28651e-06	1.18438e-06	92.0614	-28.9059	0.0051613	682.016	19714.3	37960.3	6.34033e-10	0.174035	0.615446	0.289909	0.279583	-0.190245	
0.520198	1.21322e-06	1.21007e-06	1.19105e-06	98.4286	-29.1719	0.00516829	730.392	21306.9	40959.3	6.34033e-10	-0.168966	0.185854	0.0859869	0.100483	0.126671	
0.523216	1.22733e-06	1.30205e-06	1.20652e-06	92.6628	-28.8537	0.00508619	691.596	19955.1	38139.4	6.34033e-10	0.242372	-0.415067	0.0141559	-0.435999	0.2714	
0.524628	1.23397e-06	1.36463e-06	1.21116e-06	88.7534	-28.6498	0.0049203	664.206	19029.4	36272.1	6.34033e-10	0.411525	-0.122996	-0.045224	0.00527792	0.016447	
0.524886	1.23518e-06	1.3558e-06	1.2151e-06	89.6223	-28.678	0.00528343	671.038	19244.1	36663.3	6.34033e-10	-0.0971739	-0.5406	-0.195833	-0.206347	-0.208325	
0.524279	1.23233e-06	1.36115e-06	1.20923e-06	88.8391	-28.6609	0.00496175	664.405	19042.5	36321.3	6.34033e-10	0.27653	-0.210876	0.333895	0.295726	0.384322	
0.523407	1.22823e-06	1.26712e-06	1.20567e-06	95.1504	-28.9718	0.00524953	710.422	20582.2	39323.5	6.34033e-10	-0.189491	-0.0499082	0.417577	0.49277	0.0301616	
0.518469	1.20517e-06	1.36742e-06	1.18183e-06	86.4276	-28.641	0.00498645	639.207	18307.5	35310.7	6.34033e-10	0.286746	0.416676	-0.0355183	-0.142825	0.41108	
0.528343	1.25151e-06	1.35961e-06	1.22534e-06	90.1241	-28.6658	0.00534901	679.24	19471	36852.9	6.34033e-10	0.515915	-0.137196	-0.331718	0.866127	-0.282435	
0.523082	1.22671e-06	1.35864e-06	1.20559e-06	88.7351	-28.669	0.005584	662.112	18982.1	36288.9	6.34033e-10	-0.500622	-0.139086	0.502539	0.284515	-0.322103	
0.518877	1.20706e-06	1.212e-06	1.18476e-06	97.753	-29.165	0.00516436	723.537	21101.9	40668.5	6.34033e-10	-0.203675	0.176167	0.296203	0.154535	0.502898	
0.522786	1.22532e-06	1.34296e-06	1.20532e-06	89.7511	-28.7194	0.00521471	669.314	19222.3	36768.9	6.34033e-10	0.0932742	-0.150887	0.501222	-0.697931	-0.458902	
0.521028	1.2171e-06	1.2448e-06	1.19665e-06	96.1318	-29.049	0.00520591	714.488	20755.2	39835	6.34033e-10	-0.204402	-0.133467	0.279081	-0.25705	0.129476	
0.523004	1.22634e-06	1.28809e-06	1.20426e-06	93.4918	-28.9005	0.00512873	697.502	20158.2	38543	6.34033e-10	0.0961847	-0.0376084	0.120659	-0.00877202	0.0161947	
0.522565	1.22429e-06	1.25763e-06	1.20178e-06	95.5591	-29.0045	0.0051932	712.326	20660.6	39536.9	6.34033e-10	0.00511289	0.301487	0.0323275	0.0374498	-0.599028	
0.518729	1.20638e-06	1.3913e-06	1.18527e-06	85.1918	-28.5658	0.00564141	630.383	18007.4	34714.4	6.34033e-10	-0.60255	0.107509	-0.317222	-0.0223234	-0.118126	
0.52419	1.23191e-06	1.36638e-06	1.20915e-06	88.4931	-28.6443	0.00504214	661.704	18954	36158.8	6.34033e-10	0.207049	-0.061079	-0.077716	0.166262	-0.0238142	
0.523215	1.22733e-06	1.35737e-06	1.2045e-06	88.7378	-28.673	0.0049344	662.3	18990.1	36295.1	6.34033e-10	0.422691	0.078089	0.0577078	-0.154477	-0.0500481	
0.520599	1.21509e-06	1.22385e-06	1.19422e-06	97.5789	-29.1227	0.00514876	724.644	21103.6	40537.2	6.34033e-10	-0.0946334	-0.0777309	-0.172474	-0.269985	0.292725	
0.519657	1.2107e-06	1.42743e-06	1.18947e-06	83.3298	-28.4545	0.00543849	617.708	17576.6	33823.4	6.34033e-10	-0.358751	0.181679	1.08662	-0.0901641	-0.219853	
0.522387	1.22345e-06	1.27608e-06	1.20126e-06	94.137	-28.9412	0.00498801	701.486	20301.9	38863.6	6.34033e-10	0.298526	-0.294756	0.218734	-0.0886549	0.757941	
0.524351	1.23267e-06	1.38736e-06	1.21162e-06	87.3328	-28.5781	0.00500144	653.229	18668	35602.2	6.34033e-10	0.415522	-0.480841	-0.438381	-0.497819	0.11707	
0.515558	1.19167e-06	1.38408e-06	1.17001e-06	84.5336	-28.5884	0.00582657	621.689	17773.1	34473.5	6.34033e-10	-0.817928	0.137398	-0.464988	0.221806	0.547888	
0.517626	1.20125e-06	1.21957e-06	1.17798e-06	96.5898	-29.1379	0.00506107	713.204	20781.3	40147.3	6.34033e-10	0.170288	0.519959	0.0723438	-0.146575	0.302253	
0.527965	1.24972e-06	1.42437e-06	1.22906e-06	86.2881	-28.4638	0.00506476	649.863	18497.6	35035.6	6.34033e-10	0.287698	-0.74002	-0.0791145	-0.224215	-0.494781	
0.522457	1.22378e-06	1.28012e-06	1.19937e-06	93.6926	-28.9275	0.00515692	698.268	20199.1	38661.8	6.34033e-10	0.318603	0.127819	-0.190792	0.354424	0.307221	
0.516947	1.1981e-06	1.27811e-06	1.17362e-06	91.825	-28.9343	0.0050511	677.132	19592.4	37900.1	6.34033e-10	0.107753	0.614263	0.338979	0.281099	0.379702	
0.521032	1.21711e-06	1.4285e-06	1.1957e-06	83.7033	-28.4512	0.00620452	622.119	17700	33971.1	6.34033e-10	-0.841747	-0.0230137	-0.58077	0.089185	-0.708817	
0.524498	1.23336e-06	1.37152e-06	1.21122e-06	88.3127	-28.628	0.00490809	660.744	18915.8	36064.5	6.34033e-10	0.474206	-0.462016	-0.499817	-0.180574	0.433609	
0.529777	1.25831e-06	1.41475e-06	1.23425e-06	87.2414	-28.4932	0.00532621	659.298	18785.5	35459.3	6.34033e-10	0.611731	-0.507299	0.764461	0.210629	-0.563013	
0.520475	1.21451e-06	1.22732e-06	1.19161e-06	97.0906	-29.1104	0.00528279	720.847	20984.2	40317.4	6.34033e-10	-0.474826	0.123527	0.134568	0.728946	0.249892	
0.519489	1.20991e-06	1.20731e-06	1.18844e-06	98.4368	-29.1818	0.00510303	729.458	21286.9	40976.6	6.34033e-10	-0.0396295	0.00664878	0.0341075	-0.196992	0.596954	
0.523777	1.22997e-06	1.2835e-06	1.20707e-06	94.0455	-28.916	0.00516759	702.668	20318.4	38792.1	6.34033e-10	-0.0403395	0.0231203	-0.0792519	0.427163	-0.10833	
0.514211	1.18545e-06	1.34001e-06	1.16283e-06	86.7779	-28.7289	0.00566955	636.527	18286.7	35562.7	6.34033e-10	-0.494824	0.52123	-0.287893	-0.00912252	0.293949	
0.521705	1.22026e-06	1.25276e-06	1.19823e-06	95.6478	-29.0213	0.00513242	711.814	20657.8	39596.7	6.34033e-10	0.103652	0.0527782	0.16719	-0.134077	0.120736	
0.517556	1.20093e-06	1.21819e-06	1.17712e-06	96.6286	-29.1428	0.00509742	713.393	20790.3	40170.2	6.34033e-10	0.088898	0.630009	-0.070254	0.0588213	0.0529082	
0.515956	1.19351e-06	1.38104e-06	1.17273e-06	84.9165	-28.5979	0.00535757	624.987	17873.3	34641.2	6.34033e-10	-0.159855	0.442851	0.518243	-0.724958	-0.0015551	
0.515845	1.193e-06	1.22429e-06	1.16997e-06	95.5631	-29.1212	0.00521446	703.195	20477.9	39697.7	6.34033e-10	-0.213605	0.702086	-0.387907	-0.0410469	-0.185864	
0.521611	1.21982e-06	1.26238e-06	1.19691e-06	94.8142	-28.9881	0.00524214	705.483	20450.6	39206.6	6.34033e-10	-0.157054	0.198063	0.0471313	0.367174	-0.0754799	
0.521994	1.22161e-06	1.33329e-06	1.20089e-06	90.0697	-28.7508	0.00520224	670.672	19282.3	36939.8	6.34033e-10	0.0219763	-0.253661	0.136243	-0.356316	0.214459	
0.524746	1.23453e-06	1.32946e-06	1.21266e-06	91.2146	-28.7633	0.00529684	682.779	19638.9	37425.6	6.34033e-10	-0.227705	-0.172238	-0.0173038	0.386605	-0.265133	
0.523927	1.23067e-06	1.34384e-06	1.20964e-06	90.0134	-28.7165	0.00546967	672.735	19318.6	36872.7	6.34033e-10	-0.323363	-0.156174	0.139979	0.145936	-0.421407	
0.528112	1.25041e-06	1.38577e-06	1.22723e-06	88.5592	-28.5831	0.00497151	667.154	19069.3	36108.5	6.34033e-10	0.178689	-0.362596	0.3716	0.684069	-0.210019	
0.527967	1.24973e-06	1.42312e-06	1.22903e-06	86.3612	-28.4676	0.00515347	650.417	18515.8	35069.9	6.34033e-10	0.129558	-0.713879	-0.559115	-0.0486984	-0.46524	
0.520311	1.21375e-06	1.21083e-06	1.19171e-06	98.4215	-29.1692	0.00516028	730.499	21308	40952.5	6.34033e-10	-0.104781	0.249529	-0.657763	-0.0622508	-0.100428	
0.520162	1.21305e-06	1.21446e-06	1.1904e-06	98.0193	-29.1562	0.00522152	727.304	21205.4	40766.9	6.34033e-10	-0.249047	0.344989	-0.178594	0.25167	-0.23024	
0.520518	1.21471e-06	1.27479e-06	1.18966e-06	93.3221	-28.9456	0.00508373	692.926	20057.2	38533.1	6.34033e-10	0.490895	0.500051	0.20767	0.116968	0.0231708	
0.523336	1.2279e-06	1.30291e-06	1.20567e-06	92.5362	-28.8508	0.00520811	690.81	19930.5	38083.5	6.34033e-10	-0.112913	-0.245876	-0.209337	0.386178	0.400945	
0.523002	1.22633e-06	1.26852e-06	1.20283e-06	94.8215	-28.967	0.00532209	707.418	20491.8	39181.1	6.34033e-10	-0.363355	0.152125	0.382953	0.882604	-0.233196	
0.524243	1.23216e-06	1.27213e-06	1.20942e-06	95.0705	-28.9547	0.00509446	710.959	20585.6	39267.3	6.34033e-10	0.0952391	0.0552414	-0.215562	0.233956	-0.29979	
0.522475	1.22386e-06	1.38672e-06	1.20177e-06	86.6631	-28.5801	0.00567642	645.9	18459.9	35331.7	6.34033e-10	-0.609597	0.174173	0.017695	0.395003	-0.920173	
0.517631	1.20128e-06	1.16434e-06	1.17844e-06	101.212	-29.3392	0.00502727	747.337	21926.3	42358.9	6.34033e-10	0.172228	0.585413	-0.178856	-0.355029	0.0204502	
0.523421	1.2283e-06	1.32362e-06	1.20727e-06	91.2095	-28.7824	0.00520406	681.017	19601.3	37448.3	6.34033e-10	0.00534518	-0.293535	-0.0938199	-0.149341	0.0700641	
0.516327	1.19523e-06	1.41093e-06	1.17481e-06	83.2649	-28.5049	0.00560338	613.272	17481.3	33857	6.34033e-10	-0.663196	0.157045	-0.256	-0.198603	0.18161	
0.518095	1.20343e-06	1.23428e-06	1.18266e-06	95.8175	-29.0859	0.00513695	708.142	20596.9	39755.1	6.34033e-10	-0.0691196	0.108992	-0.378161	-0.527952	0.429769	
0.522204	1.22259e-06	1.29367e-06	1.19792e-06	92.5983	-28.8818	0.00521812	689.778	19922	38149.8	6.34033e-10	0.106519	0.395907	-0.36386	0.54549	-0.335367	
0.5177	1.2016e-06	1.43364e-06	1.18266e-06	82.4935	-28.4356	0.0055553	609.206	17323.1	33461.7	6.34033e-10	-0.253526	-0.0776044	-0.276197	-1.09876	-0.0724896	
0.527134	1.24579e-06	1.37785e-06	1.22241e-06	88.7185	-28.608	0.00489891	667.116	19084.9	36204.9	6.34033e-10	0.297381	-0.366734	0.234154	0.590614	0.0773586	
0.520255	1.21348e-06	1.37548e-06	1.19353e-06	86.7717	-28.6155	0.00559283	643.962	18427.3	35419.7	6.34033e-10	-0.249737	-0.378926	0.165607	-0.442985	0.441308	
0.518078	1.20335e-06	1.22738e-06	1.18106e-06	96.2264	-29.1102	0.00520441	711.141	20701.5	39958.2	6.34033e-10	-0.272727	0.265679	-0.317606	0.128651	0.381678	
0.518556	1.20557e-06	1.23876e-06	1.18313e-06	95.5091	-29.0701	0.00507844	706.492	20537.8	39605.7	6.34033e-10	0.199735	0.457081	-0.444795	-0.409505	0.0418879	
0.525203	1.23668e-06	1.36107e-06	1.21278e-06	89.1044	-28.6612	0.00489721	667.563	19133.2	36430	6.34033e-10	0.341545	0.0542954	-0.457996	0.422833	-0.218136	
0.521136	1.2176e-06	1.33683e-06	1.19496e-06	89.3872	-28.7392	0.00508317	664.497	19097.1	36645.2	6.34033e-10	0.175436	0.296184	0.270678	-0.13	-0.145119	
0.522404	1.22353e-06	1.2926e-06	1.19967e-06	92.8107	-28.8854	0.00512238	691.625	19977.8	38242.1	6.34033e-10	0.369018	0.364971	0.197457	0.00363035	-0.347261	
0.521562	1.21959e-06	1.40543e-06	1.19906e-06	85.3164	-28.5219	0.00564031	634.752	18104.4	34711.8	6.34033e-10	-0.573548	-0.176686	0.419457	0.102584	-0.17001	
0.516304	1.19513e-06	1.40458e-06	1.17402e-06	83.5853	-28.5245	0.00605379	615.605	17559.9	34010.7	6.34033e-10	-0.57296	0.237396	-0.454135	-0.797875	-0.362857	
0.517222	1.19937e-06	1.35169e-06	1.17489e-06	86.9201	-28.6912	0.00498036	641.303	18399.8	35574.2	6.34033e-10	0.241149	0.536255	-0.306641	0.187085	0.580254	
0.518925	1.20729e-06	1.43107e-06	1.18828e-06	83.0346	-28.4434	0.00549008	614.653	17482.8	33690.4	6.34033e-10	-0.338058	-0.272518	-0.364653	-0.699968	0.203592	
0.51901	1.20768e-06	1.39097e-06	1.18593e-06	85.2592	-28.5668	0.00543661	631.224	18032.1	34743.2	6.34033e-10	-0.431125	0.02192	-0.362646	0.232716	0.490478	
0.520999	1.21696e-06	1.37085e-06	1.19436e-06	87.1252	-28.6301	0.00534857	647.51	18538.3	35582.2	6.34033e-10	-0.076559	-0.0368984	-0.573754	-0.0450953	0.323137	
0.517739	1.20177e-06	1.23468e-06	1.17989e-06	95.5619	-29.0845	0.00521069	705.768	20526.9	39647.1	6.34033e-10	-0.204061	0.450997	-0.0799824	-0.210844	-0.120122	
0.522798	1.22538e-06	1.32919e-06	1.20418e-06	90.5947	-28.7641	0.00523457	675.621	19433.6	37172.3	6.34033e-10	-0.0852775	-0.271779	0.0350249	-0.0202268	0.232726	
0.522381	1.22342e-06	1.31352e-06	1.20241e-06	91.541	-28.8156	0.00515991	682.133	19656.1	37627.9	6.34033e-10	0.122192	-0.0764857	0.484965	-0.41843	-0.106034	
0.519628	1.21056e-06	1.24976e-06	1.19027e-06	95.2396	-29.0317	0.00519843	705.953	20495	39441.8	6.34033e-10	-0.183702	-0.0663985	-0.356672	-0.422644	0.259538	
0.519696	1.21088e-06	1.39469e-06	1.19106e-06	85.3993	-28.5552	0.00556099	633.096	18078.2	34786.1	6.34033e-10	-0.348909	0.104103	0.0482102	-0.610204	-0.576848	
0.521378	1.21873e-06	1.35709e-06	1.19734e-06	88.2287	-28.6739	0.00537704	656.189	18815.5	36088	6.34033e-10	-0.0977342	-0.157086	-0.402102	-0.233926	0.232064	
0.519933	1.21198e-06	1.25382e-06	1.18967e-06	94.8841	-29.0177	0.00515125	703.731	20420.6	39275.5	6.34033e-10	0.000976686	0.192126	0.0404133	-0.0543424	0.271718	
0.521791	1.22066e-06	1.30678e-06	1.19863e-06	91.7239	-28.838	0.00543303	682.724	19688.4	37732.3	6.34033e-10	-0.15647	0.113355	-0.768002	0.0285395	-0.228185	
0.516245	1.19485e-06	1.20449e-06	1.17307e-06	97.3918	-29.192	0.00505731	717.207	20936.7	40555.7	6.34033e-10	0.143518	0.531507	-0.480557	-0.715847	0.20336	
0.528077	1.25025e-06	1.4225e-06	1.22941e-06	86.4257	-28.4695	0.0051153	651.038	18534.7	35098.5	6.34033e-10	0.145257	-0.791956	0.512655	0.0372392	-0.308213	
0.521072	1.2173e-06	1.37179e-06	1.19397e-06	87.0373	-28.6271	0.00514336	646.948	18520.3	35542.6	6.34033e-10	0.0154955	0.386788	0.112675	0.236075	-0.28455	
0.525359	1.23741e-06	1.39033e-06	1.21619e-06	87.4748	-28.5688	0.00504909	655.55	18728.3	35648.5	6.34033e-10	0.34827	-0.238591	-0.335977	-0.421186	-0.476072	
0.523101	1.2268e-06	1.26032e-06	1.20454e-06	95.5744	-28.9952	0.00519334	713.17	20678.5	39530.6	6.34033e-10	-0.0226577	0.0934419	0.35596	0.118662	-0.277452	
0.521787	1.22064e-06	1.36387e-06	1.19956e-06	87.9529	-28.6523	0.00539414	654.65	18757.2	35948.1	6.34033e-10	-0.0387816	-0.0782659	-0.0822789	-0.324078	-0.0661934	
0.523338	1.22791e-06	1.25506e-06	1.2053e-06	96.0354	-29.0134	0.00519375	716.935	20800.7	39746.2	6.34033e-10	-0.0860747	-0.0335543	0.391007	0.389004	0.0571777	
0.519784	1.21129e-06	1.31998e-06	1.18917e-06	90.0899	-28.7943	0.00509127	667.982	19234.1	37004.1	6.34033e-10	0.102238	0.104717	0.327015	-0.150289	0.516878	
0.518458	1.20512e-06	1.39872e-06	1.1851e-06	84.7273	-28.5427	0.00573711	626.618	17885.4	34497.2	6.34033e-10	-0.315167	0.146301	-0.0560861	-0.866009	-0.494234	
0.524855	1.23504e-06	1.27641e-06	1.21239e-06	94.9849	-28.9401	0.00510779	711.148	20580.7	39212.2	6.34033e-10	0.0726456	0.0682756	0.0450691	0.249627	-0.502032	
0.519476	1.20985e-06	1.39353e-06	1.18898e-06	85.3212	-28.5588	0.0055389	632.25	18056.3	34758.7	6.34033e-10	-0.498922	0.104004	0.128752	-0.0497784	-0.165708	
0.525211	1.23671e-06	1.36413e-06	1.21335e-06	88.947	-28.6514	0.00494204	666.394	19093.2	36353.3	6.34033e-10	0.302956	-0.0944716	0.142794	0.344664	-0.0211716	
0.521732	1.22038e-06	1.4061e-06	1.20003e-06	85.3448	-28.5199	0.00549582	635.171	18115	34720.9	6.34033e-10	-0.420251	-0.266883	0.334619	-0.0192043	0.0531043	
0.518667	1.20609e-06	1.23399e-06	1.18466e-06	96.0026	-29.0869	0.00519584	710.294	20660.2	39833.3	6.34033e-10	-0.138148	0.402682	0.354808	-0.366721	-0.274812	
0.520211	1.21328e-06	1.37409e-06	1.19235e-06	86.7736	-28.6199	0.00527946	643.922	18429	35425.9	6.34033e-10	0.106287	-0.0525355	0.543609	-0.551678	0.278803	
0.521877	1.22106e-06	1.26698e-06	1.19858e-06	94.6006	-28.9723	0.00523665	704.253	20403.8	39097	6.34033e-10	-0.103964	0.205571	-0.000735747	0.169376	-0.245887	
0.530699	1.26269e-06	1.41003e-06	1.2395e-06	87.9055	-28.5077	0.00547867	665.473	18971.1	35747.4	6.34033e-10	0.220307	-0.785138	0.0101446	0.610157	-0.372043	
0.515297	1.19047e-06	1.36839e-06	1.16869e-06	85.4057	-28.6379	0.00537603	627.785	17978.4	34889.5	6.34033e-10	-0.256786	0.514904	0.141282	-0.347648	0.162824	
0.521513	1.21936e-06	1.33724e-06	1.19881e-06	89.6485	-28.7379	0.00525215	666.92	19165.9	36750.6	6.34033e-10	0.00516222	0.214143	0.759672	-0.63718	-0.743381	
0.52175	1.22047e-06	1.47196e-06	1.19998e-06	81.5225	-28.321	0.00532046	606.745	17183.6	32934.6	6.34033e-10	-0.259224	-0.0123204	-0.0329619	-0.198966	-0.425022	
0.522773	1.22526e-06	1.26469e-06	1.20299e-06	95.1206	-28.9801	0.00502174	709.339	20556.8	39322.5	6.34033e-10	0.274636	-0.00702279	-0.645086	-0.163501	0.0855777	
0.522283	1.22296e-06	1.33889e-06	1.19902e-06	89.5531	-28.7326	0.00473545	667.194	19170.2	36704.6	6.34033e-10	0.667722	0.355832	0.666869	-0.166156	-0.130428	
0.516277	1.195e-06	1.16951e-06	1.17131e-06	100.154	-29.32	0.00507894	737.591	21626.1	41888.6	6.34033e-10	0.0668316	0.731247	-0.123578	-0.0863958	0.0162907	
0.516506	1.19606e-06	1.39351e-06	1.17587e-06	84.3818	-28.5589	0.00570483	621.714	17755.5	34376.1	6.34033e-10	-0.584771	-0.076877	-0.332163	-0.337656	0.59847	
0.518155	1.20371e-06	1.23169e-06	1.17984e-06	95.7904	-29.095	0.00509553	708.024	20600	39756.4	6.34033e-10	0.0237307	0.390915	0.111083	0.316469	0.575808	
0.51601	1.19376e-06	1.37975e-06	1.17255e-06	84.9829	-28.602	0.00575595	625.542	17891.7	34673.2	6.34033e-10	-0.621807	0.181218	-0.354554	-0.10649	0.362656	
0.527805	1.24896e-06	1.40396e-06	1.22716e-06	87.4074	-28.5265	0.00514301	658.095	18773.1	35568.3	6.34033e-10	0.0304407	-0.587627	-0.221942	0.403824	-0.173373	
0.52095	1.21673e-06	1.32034e-06	1.19578e-06	90.5663	-28.7932	0.00517523	673.021	19378.4	37198.2	6.34033e-10	0.14276	0.218151	0.117619	-0.675384	-0.444311	
0.525142	1.23639e-06	1.48928e-06	1.21606e-06	81.6544	-28.2702	0.00543599	611.678	17292.3	32928.8	6.34033e-10	-0.442546	-0.580678	-0.22545	0.335506	-0.127865	
0.512902	1.17942e-06	1.3937e-06	1.15724e-06	83.0339	-28.5583	0.00561339	607.513	17349.6	33826.3	6.34033e-10	-0.717763	0.701786	0.175384	0.0165485	-0.232963	
0.522806	1.22541e-06	1.28158e-06	1.20178e-06	93.7735	-28.9225	0.00512517	699.337	20226.6	38688.6	6.34033e-10	0.407651	0.0449626	-0.209195	0.0430833	0.242771	
0.520646	1.21531e-06	1.23999e-06	1.19524e-06	96.3912	-29.0658	0.00517102	715.889	20807.9	39965.6	6.34033e-10	-0.0663066	-0.0623989	0.0956309	-0.587403	-0.0421019	
0.520341	1.21389e-06	1.20494e-06	1.19251e-06	98.9681	-29.1903	0.00512051	734.598	21443.2	41209.8	6.34033e-10	-0.035344	0.128578	0.253283	-0.268027	0.073882	
0.522491	1.22394e-06	1.40468e-06	1.20345e-06	85.6742	-28.5242	0.00576571	638.551	18214.2	34860.2	6.34033e-10	-0.451953	-0.326759	0.142672	-0.0468498	-0.129209	
0.524928	1.23538e-06	1.37136e-06	1.21303e-06	88.4547	-28.6285	0.00494043	662.349	18962.1	36123.1	6.34033e-10	0.389588	-0.309321	0.374943	-0.0347391	0.165234	
0.518015	1.20306e-06	1.216e-06	1.18117e-06	97.1356	-29.1507	0.00513908	717.773	20923.6	40391.8	6.34033e-10	-0.116088	0.237605	-0.0325305	-0.153788	0.468004	
0.525952	1.2402e-06	1.36956e-06	1.21685e-06	88.8502	-28.6342	0.00493734	666.608	19087.8	36291.9	6.34033e-10	0.318788	-0.0305814	-0.0227759	0.323294	-0.345334	
0.521503	1.21931e-06	1.25774e-06	1.197e-06	95.171	-29.0041	0.00517772	707.991	20534.6	39375.9	6.34033e-10	-0.0106954	0.0850523	0.382767	0.0663299	0.149062	
0.523913	1.23061e-06	1.28928e-06	1.20825e-06	93.7151	-28.8965	0.0051623	700.382	20238.6	38629.7	6.34033e-10	-0.020793	-0.142401	0.426769	0.313211	0.105186	
0.523955	1.23081e-06	1.33823e-06	1.21001e-06	90.4188	-28.7347	0.00525948	675.802	19418.9	37062.2	6.34033e-10	-0.0524531	-0.116995	0.137095	-0.237725	-0.531643	
0.519476	1.20985e-06	1.25193e-06	1.18938e-06	95.0036	-29.0242	0.00521659	703.998	20433	39333.8	6.34033e-10	-0.27929	-0.135048	-0.259176	-0.220054	0.498205	
0.52493	1.23539e-06	1.36116e-06	1.21485e-06	89.2511	-28.6609	0.00535505	668.316	19154.5	36489.7	6.34033e-10	-0.265615	-0.277532	0.444518	0.0263627	-0.555834	
0.524561	1.23365e-06	1.34289e-06	1.213e-06	90.3275	-28.7196	0.00525506	675.899	19411.5	37005.3	6.34033e-10	-0.146497	-0.774845	-0.136149	0.151342	0.552526	
0.524303	1.23244e-06	1.36988e-06	1.2097e-06	88.3067	-28.6332	0.00506021	660.454	18910.9	36068.6	6.34033e-10	0.20646	0.131021	0.655851	0.0818315	-0.474887	
0.515844	1.19299e-06	1.37006e-06	1.17212e-06	85.5528	-28.6326	0.0057023	629.533	18025.2	34943.1	6.34033e-10	-0.412017	0.246505	0.149736	-0.526974	0.244504	
0.522263	1.22287e-06	1.31788e-06	1.20209e-06	91.2139	-28.8013	0.0051473	679.542	19571.7	37474.7	6.34033e-10	0.186633	-0.0873082	-0.473046	-0.592353	-0.158398	
0.52604	1.24062e-06	1.39107e-06	1.21909e-06	87.6369	-28.5665	0.00501858	657.615	18785.8	35711.7	6.34033e-10	0.33858	-0.341982	-0.0772488	-0.216834	-0.333926	
0.515813	1.19285e-06	1.38016e-06	1.17212e-06	84.926	-28.6007	0.00564763	624.884	17872.1	34648.4	6.34033e-10	-0.495161	0.149525	-0.14457	-0.352942	0.466681	
0.520242	1.21342e-06	1.20611e-06	1.19159e-06	98.7957	-29.1861	0.00514308	733.178	21398.6	41132.1	6.34033e-10	-0.0981719	0.168089	0.0416319	-0.0708389	0.106411	
0.518697	1.20623e-06	1.35614e-06	1.18338e-06	87.2608	-28.6769	0.00498645	645.653	18515.4	35695.9	6.34033e-10	0.424546	0.441961	-0.334558	-0.515177	0.1946	
0.518225	1.20403e-06	1.32503e-06	1.1797e-06	89.0315	-28.7777	0.00509813	658.155	18940.2	36548.3	6.34033e-10	0.0666875	0.723426	0.314981	0.26927	-0.324833	
0.521178	1.2178e-06	1.47328e-06	1.19833e-06	81.3374	-28.3171	0.00522499	604.704	17123.5	32855.3	6.34033e-10	-0.0641304	-0.384264	-0.0591622	-0.583392	0.180068	
0.520446	1.21438e-06	1.25968e-06	1.19382e-06	94.7716	-28.9974	0.00526764	703.591	20402.3	39201.6	6.34033e-10	-0.323912	-0.0122906	-0.55982	-0.193058	-0.0413001	
0.517486	1.2006e-06	1.38598e-06	1.1779e-06	84.9867	-28.5824	0.00559721	627.359	17931.4	34651.1	6.34033e-10	-0.600462	0.431749	-0.387701	0.384852	-0.248096	
0.517452	1.20044e-06	1.39582e-06	1.17938e-06	84.4937	-28.5517	0.00552379	623.679	17807.1	34413	6.34033e-10	-0.530113	0.166544	0.108302	-0.0504254	0.213249	
0.523035	1.22649e-06	1.32418e-06	1.2047e-06	90.9774	-28.7805	0.00525528	678.783	19535.7	37350.7	6.34033e-10	-0.1387	-0.147056	-0.54828	0.176818	0.0746117	
0.523337	1.2279e-06	1.29224e-06	1.20651e-06	93.3656	-28.8866	0.00509003	697.002	20134	38472.3	6.34033e-10	0.206975	-0.203926	0.406317	-0.278064	0.0689298	
0.519272	1.2089e-06	1.43e-06	1.18877e-06	83.1308	-28.4466	0.00551352	615.777	17516.8	33733.3	6.34033e-10	-0.456965	-0.028573	-0.411554	-0.291103	-0.0301858	
0.522465	1.22381e-06	1.2765e-06	1.19929e-06	93.9512	-28.9398	0.00518517	700.206	20263.8	38785	6.34033e-10	0.23075	0.0734643	0.0324365	0.528114	0.45531	
0.525893	1.23993e-06	1.33815e-06	1.21885e-06	91.0851	-28.735	0.00528628	683.299	19634.6	37335.7	6.34033e-10	-0.169943	-0.406901	-0.0794642	0.20971	-0.300222	
0.520495	1.2146e-06	1.33392e-06	1.19236e-06	89.3881	-28.7487	0.00503935	663.686	19080.1	36657.6	6.34033e-10	0.298319	0.28181	-0.048024	-0.428335	-0.0319199	
0.526414	1.24239e-06	1.37429e-06	1.21917e-06	88.7123	-28.6192	0.00498235	666.158	19064.9	36216.6	6.34033e-10	0.199251	-0.356183	-0.0809115	0.575479	0.186362	
0.51635	1.19533e-06	1.41871e-06	1.17503e-06	82.8243	-28.4811	0.00548714	610.054	17375	33649.6	6.34033e-10	-0.395556	0.37346	-0.252928	-0.628765	-0.272392	
0.523504	1.22869e-06	1.27072e-06	1.20571e-06	94.8837	-28.9595	0.00511173	708.562	20519.6	39196.6	6.34033e-10	0.0414541	0.0497527	0.359735	0.356274	-0.0421208	
0.519157	1.20837e-06	1.19414e-06	1.18561e-06	99.2856	-29.2295	0.00512791	735.277	21491.7	41397.4	6.34033e-10	-0.104212	0.243316	-0.110203	0.166802	0.412056	
0.52491	1.2353e-06	1.30275e-06	1.21256e-06	93.0772	-28.8514	0.00509261	696.938	20107.6	38306.8	6.34033e-10	-0.00613271	-0.473064	1.03647	0.650786	0.699794	
0.525197	1.23665e-06	1.32887e-06	1.21552e-06	91.4703	-28.7652	0.00524285	685.281	19712.2	37533	6.34033e-10	-0.117178	-0.518247	0.158861	0.200956	0.119719	
0.522894	1.22582e-06	1.26829e-06	1.20253e-06	94.8156	-28.9678	0.00531246	707.228	20486.9	39179.8	6.34033e-10	-0.380499	-0.0501949	0.385832	0.934715	0.275725	
0.525129	1.23633e-06	1.33915e-06	1.21528e-06	90.7502	-28.7317	0.00528773	679.798	19531.7	37194.2	6.34033e-10	-0.15373	-0.253122	0.377936	0.0786036	-0.4406	
0.521266	1.2182e-06	1.25009e-06	1.19629e-06	95.6961	-29.0306	0.0051097	711.573	20657.4	39629.3	6.34033e-10	0.194612	0.234857	0.268671	-0.382995	-0.206663	
0.517763	1.20189e-06	1.41304e-06	1.18163e-06	83.6233	-28.4985	0.00596967	617.625	17601.4	33995	6.34033e-10	-0.596705	-0.0941114	-0.301483	-0.578202	0.0123135	
0.520452	1.21441e-06	1.30098e-06	1.19215e-06	91.6347	-28.8573	0.00518922	680.311	19631.9	37720.9	6.34033e-10	-0.0636211	-0.041885	-0.180955	0.127076	0.652635	
0.522747	1.22514e-06	1.37935e-06	1.20425e-06	87.3057	-28.6033	0.00566258	651.029	18621.6	35622.5	6.34033e-10	-0.16142	-0.187027	-0.1616	-0.269736	-0.251356	
0.526027	1.24056e-06	1.38177e-06	1.21816e-06	88.1595	-28.5957	0.00506222	661.52	18916.6	35961.3	6.34033e-10	0.153372	-0.331337	0.120693	0.298126	-0.0235942	
0.521771	1.22057e-06	1.42273e-06	1.19949e-06	84.309	-28.4688	0.00539615	627.51	17864.4	34238.1	6.34033e-10	-0.0727324	-0.293294	0.435881	-0.191034	0.351217	
0.515397	1.19093e-06	1.29255e-06	1.16652e-06	90.2499	-28.8855	0.00500254	663.522	19166.2	37187.2	6.34033e-10	0.179948	0.595932	0.0187465	0.140497	0.831967	
0.52117	1.21775e-06	1.2552e-06	1.19554e-06	95.2476	-29.0129	0.00515238	708.108	20544.2	39419.5	6.34033e-10	0.0464525	0.0826295	0.282154	-0.0429087	0.222728	
0.523675	1.22949e-06	1.28996e-06	1.20868e-06	93.6993	-28.8942	0.00502623	699.946	20224.4	38620.1	6.34033e-10	0.352221	-0.301279	-0.23163	-0.588077	-0.0565359	
0.519318	1.20912e-06	1.41187e-06	1.18779e-06	84.1287	-28.502	0.00549737	623.223	17763.1	34204.7	6.34033e-10	-0.516264	0.0926621	0.483331	0.147868	0.0623302	
0.51948	1.20987e-06	1.44089e-06	1.18976e-06	82.5711	-28.4137	0.00608791	611.876	17385.7	33467.4	6.34033e-10	-0.734352	-0.37752	0.386769	-0.37134	0.015813	
0.529293	1.25601e-06	1.37334e-06	1.23102e-06	89.6368	-28.6222	0.00537714	676.782	19371	36597.9	6.34033e-10	0.346658	-0.174036	0.218128	0.780114	-0.622486	
0.522625	1.22457e-06	1.26511e-06	1.20166e-06	94.9852	-28.9787	0.00508178	708.129	20520.7	39264.6	6.34033e-10	0.0823621	-0.0820601	-0.264333	0.30934	0.454312	
0.522936	1.22602e-06	1.40004e-06	1.2048e-06	86.0542	-28.5386	0.00544738	641.928	18319.7	35032.5	6.34033e-10	-0.273403	-0.362521	-0.233095	0.20398	0.292721	
0.522562	1.22427e-06	1.31852e-06	1.20298e-06	91.2373	-28.7991	0.00519903	680.106	19586.5	37481.6	6.34033e-10	0.0497178	0.0285986	-0.178298	-0.301244	-0.316048	
0.519026	1.20776e-06	1.23597e-06	1.18426e-06	95.8164	-29.0799	0.00515089	709.407	20629.5	39746.5	6.34033e-10	-0.0425777	0.407514	0.0994654	0.276888	0.200389	
0.526212	1.24143e-06	1.37517e-06	1.21853e-06	88.6095	-28.6164	0.00491758	665.131	19033.7	36171.1	6.34033e-10	0.403898	-0.106933	-0.633793	0.102387	-0.388516	
0.519025	1.20775e-06	1.24055e-06	1.18584e-06	95.5899	-29.0639	0.00524538	707.728	20569.3	39630.7	6.34033e-10	-0.34963	0.163059	-0.589327	0.163748	0.270591	
0.51707	1.19867e-06	1.38572e-06	1.17894e-06	85.0774	-28.5832	0.00548603	627.523	17936.6	34689	6.34033e-10	-0.282952	0.061399	-0.396628	-0.742787	0.194002	
0.522847	1.22561e-06	1.38115e-06	1.20472e-06	87.226	-28.5976	0.00551521	650.56	18604.5	35583	6.34033e-10	-0.375256	-0.237195	0.436148	0.136564	-0.062884	
0.522879	1.22576e-06	1.25643e-06	1.20328e-06	95.7696	-29.0086	0.0050014	714.324	20721.6	39629.7	6.34033e-10	0.253477	-0.0699281	-0.480268	-0.0195647	0.26876	
0.521089	1.21738e-06	1.40364e-06	1.19696e-06	85.2753	-28.5274	0.00568288	633.872	18082.7	34701.8	6.34033e-10	-0.506735	-0.0152908	0.519439	-0.134581	-0.476079	
0.518852	1.20695e-06	1.19717e-06	1.18556e-06	99.0297	-29.2184	0.00505873	732.951	21415.7	41275.1	6.34033e-10	0.148286	0.316	0.0600321	-0.62695	0.0400366	
0.520128	1.21289e-06	1.20061e-06	1.19144e-06	99.236	-29.206	0.00509472	736.284	21503.9	41343.5	6.34033e-10	-0.0144832	-0.00111467	-0.0968917	-0.205801	0.458592	
0.519997	1.21228e-06	1.4199e-06	1.19222e-06	83.9655	-28.4774	0.00550387	622.828	17736.6	34108.9	6.34033e-10	-0.448154	-0.239939	0.0486209	-0.175535	0.293661	
0.518275	1.20427e-06	1.4121e-06	1.18443e-06	83.8774	-28.5013	0.00539875	620.114	17674.1	34101.7	6.34033e-10	-0.176345	0.0877157	-0.877832	-0.789733	-0.0572374	
0.524409	1.23294e-06	1.36894e-06	1.21063e-06	88.4357	-28.6361	0.00490622	661.552	18944.3	36125	6.34033e-10	0.463942	-0.465602	-0.513549	-0.110569	0.523991	
0.525144	1.2364e-06	1.38464e-06	1.21489e-06	87.7411	-28.5866	0.00506019	657.276	18789.3	35779.3	6.34033e-10	0.237523	-0.401344	0.746812	-0.109947	0.0165014	
0.516639	1.19667e-06	1.40851e-06	1.17614e-06	83.5028	-28.5124	0.00552771	615.396	17546.4	33962.6	6.34033e-10	-0.49066	0.260361	-0.504713	-0.383862	-0.0266212	
0.516571	1.19636e-06	1.16802e-06	1.1731e-06	100.435	-29.3255	0.00503966	740.082	21703.3	42014.1	6.34033e-10	0.151416	0.649917	-0.332396	-0.268202	0.160484	
0.521186	1.21783e-06	1.23643e-06	1.19718e-06	96.8255	-29.0783	0.0051967	719.861	20932.3	40162.9	6.34033e-10	-0.151263	-0.0162223	0.130774	-0.296584	-0.0871583	
0.52147	1.21916e-06	1.33874e-06	1.19644e-06	89.3706	-28.733	0.00509978	664.798	19101.7	36630.4	6.34033e-10	0.114433	0.159088	-0.0243758	0.042639	0.10354	
0.518332	1.20453e-06	1.19899e-06	1.18231e-06	98.6087	-29.2119	0.00509113	729.104	21298.5	41090.4	6.34033e-10	-0.0159059	0.214318	0.0185976	-0.124123	0.593948	
0.520789	1.21598e-06	1.25392e-06	1.19462e-06	95.2713	-29.0173	0.00508881	707.767	20537.5	39435.3	6.34033e-10	0.224124	-0.0682041	-0.0693358	-0.478249	0.411845	
0.517167	1.19912e-06	1.39114e-06	1.17722e-06	84.6226	-28.5663	0.00571025	624.286	17833.5	34483.1	6.34033e-10	-0.772063	0.309517	0.440969	0.208322	-0.226901	
0.522841	1.22558e-06	1.29004e-06	1.20331e-06	93.2765	-28.894	0.0051584	695.678	20100.9	38445.5	6.34033e-10	0.0591101	0.158215	0.268169	-0.0063474	-0.34934	
0.521091	1.21739e-06	1.3265e-06	1.19403e-06	90.0136	-28.7729	0.00506432	669.095	19251.8	36945.2	6.34033e-10	0.141396	0.31217	-0.525331	0.145511	-0.0294123	
0.524171	1.23182e-06	1.36623e-06	1.20528e-06	88.2193	-28.6448	0.00524772	659.633	18895.1	36047.5	6.34033e-10	0.583736	0.449943	0.0739444	0.52433	-0.533782	
0.522507	1.22401e-06	1.25618e-06	1.2013e-06	95.6307	-29.0095	0.00501222	712.78	20677.4	39573.4	6.34033e-10	0.286858	0.261693	-0.676278	-0.161545	-0.336157	
0.524152	1.23173e-06	1.42404e-06	1.21181e-06	85.0971	-28.4648	0.0056504	636.265	18111.2	34553.2	6.34033e-10	-0.55519	-0.375084	0.295025	0.0778857	-0.544427	
0.522032	1.22179e-06	1.46929e-06	1.20008e-06	81.6776	-28.3289	0.00543531	608.227	17230.4	33006.5	6.34033e-10	-0.343623	-0.369737	-0.372512	0.0862405	0.367766	
0.521742	1.22043e-06	1.39083e-06	1.19479e-06	85.9047	-28.5673	0.00503717	639.35	18264.5	35006.8	6.34033e-10	0.851858	0.343747	-0.351369	-0.108248	0.158726	
0.518298	1.20437e-06	1.22491e-06	1.18107e-06	96.4207	-29.119	0.00509036	712.879	20758.3	40050.9	6.34033e-10	0.0786997	0.387136	0.195303	0.0658707	0.466197	
0.520876	1.21638e-06	1.36843e-06	1.19357e-06	87.2214	-28.6378	0.00534347	648.073	18559.4	35631	6.34033e-10	-0.0603394	-0.0587626	-0.55054	-0.0938249	0.394637	
0.520003	1.21231e-06	1.25144e-06	1.18972e-06	95.0681	-29.0259	0.0053544	705.192	20468.8	39362.8	6.34033e-10	-0.631249	0.112028	-0.359376	0.755992	0.181408	
0.520641	1.21529e-06	1.4066e-06	1.19488e-06	84.9483	-28.5183	0.00584186	630.899	17992.2	34557.7	6.34033e-10	-0.50645	-0.149311	-0.146186	-0.260343	-0.227551	
0.522295	1.22302e-06	1.24712e-06	1.20191e-06	96.3756	-29.0409	0.00528059	718.04	20852.6	39924.9	6.34033e-10	-0.354099	-0.000389433	0.449916	0.106428	-0.312478	
0.527053	1.24541e-06	1.40489e-06	1.22408e-06	87.1299	-28.5236	0.0050376	655.071	18685	35451.7	6.34033e-10	0.275527	-0.628502	0.00187527	-0.0551934	-0.16049	
0.521619	1.21985e-06	1.42688e-06	1.20045e-06	84.1313	-28.4561	0.00565534	626.004	17813.6	34150.7	6.34033e-10	-0.520279	-0.49588	0.270905	-0.27017	-0.022239	
0.523052	1.22657e-06	1.29116e-06	1.2044e-06	93.2804	-28.8902	0.00515023	695.987	20107.2	38442.1	6.34033e-10	0.0325703	-0.118537	-0.103532	0.129012	0.194489	
0.519687	1.21084e-06	1.18285e-06	1.18787e-06	100.424	-29.2707	0.00513343	744.469	21791.1	41931.2	6.34033e-10	-0.112243	0.353814	0.119056	0.214039	0.0457664	
0.517453	1.20045e-06	1.35826e-06	1.17605e-06	86.5849	-28.6702	0.00496833	639.115	18323.5	35411	6.34033e-10	0.273427	0.699719	0.0561957	0.0648022	0.068574	
0.519757	1.21116e-06	1.42515e-06	1.19063e-06	83.5447	-28.4614	0.00550454	619.42	17629.6	33918.9	6.34033e-10	-0.485654	-0.0363794	0.543698	-0.0766533	0.0355273	
0.522233	1.22273e-06	1.35783e-06	1.20319e-06	88.6114	-28.6716	0.00525192	660.116	18926.6	36241.6	6.34033e-10	-0.0131938	-0.515585	0.0559694	-0.60058	0.165958	
0.526848	1.24443e-06	1.3301e-06	1.22318e-06	91.9614	-28.7612	0.00525386	691.125	19877.6	37729.2	6.34033e-10	-0.14571	-0.579557	-0.413902	0.364469	-0.122984	
0.520952	1.21674e-06	1.44914e-06	1.19561e-06	82.5048	-28.3889	0.00543601	613.117	17405.7	33411.4	6.34033e-10	-0.403167	0.0492697	0.0760459	0.0190174	-0.297106	
0.522305	1.22307e-06	1.40934e-06	1.20416e-06	85.4417	-28.5098	0.00537287	636.591	18149.1	34748.1	6.34033e-10	-0.391306	-0.554185	-0.385263	-0.364672	-0.063108	
0.523721	1.22971e-06	1.3448e-06	1.20891e-06	89.8952	-28.7134	0.00527738	671.588	19283.6	36820.4	6.34033e-10	-0.154699	-0.400729	-0.029557	0.00970676	0.109463	
0.523206	1.22729e-06	1.30612e-06	1.20583e-06	92.3217	-28.8402	0.005164	689.037	19871.9	37981.1	6.34033e-10	0.116772	0.0906948	0.294604	-0.31118	-0.524235	
0.525302	1.23714e-06	1.356e-06	1.21211e-06	89.3889	-28.6774	0.00528271	669.822	19208.7	36567	6.34033e-10	0.697868	-0.0846583	-0.525329	0.10372	0.0601922	
0.521001	1.21697e-06	1.36899e-06	1.19301e-06	87.145	-28.636	0.0050195	647.66	18546.4	35597.6	6.34033e-10	0.269898	0.331959	-0.268491	0.193543	0.10472	
0.521567	1.21961e-06	1.26035e-06	1.19945e-06	95.1676	-28.9951	0.00528274	708.053	20530	39362.2	6.34033e-10	-0.338238	-0.0960874	0.500562	-0.208217	-0.227711	
0.523592	1.2291e-06	1.27336e-06	1.20623e-06	94.7279	-28.9505	0.00511006	707.517	20483	39120.1	6.34033e-10	0.091206	0.177418	-0.104698	0.192506	-0.402083	
0.518247	1.20413e-06	1.42329e-06	1.18261e-06	83.0896	-28.4671	0.00561011	614.256	17486.1	33740.8	6.34033e-10	-0.751073	0.161154	0.203699	0.361114	0.00523847	
0.521067	1.21728e-06	1.40793e-06	1.1969e-06	85.0112	-28.5142	0.00552734	631.882	18017.6	34578.3	6.34033e-10	-0.320852	-0.103682	0.0357564	-0.283254	-0.20327	
0.519313	1.20909e-06	1.43835e-06	1.18987e-06	82.7247	-28.4214	0.00561504	612.816	17417.1	33538.7	6.34033e-10	-0.633614	-0.376634	0.0700088	-0.240497	0.349241	
0.524395	1.23288e-06	1.35532e-06	1.2076e-06	89.1011	-28.6796	0.00525747	666.513	19115.3	36452.1	6.34033e-10	0.639242	-0.147077	-0.237462	0.293766	0.495481	
0.521014	1.21703e-06	1.2631e-06	1.19489e-06	94.5997	-28.9856	0.00519243	703.08	20379.2	39114.6	6.34033e-10	-0.00541454	0.177379	0.140082	-0.072018	-0.0161475	
0.523807	1.23011e-06	1.27216e-06	1.20702e-06	94.8798	-28.9546	0.00512093	708.943	20527.2	39188.4	6.34033e-10	0.0585269	0.232978	-0.236438	0.284176	-0.550714	
0.520322	1.2138e-06	1.39956e-06	1.19344e-06	85.272	-28.5401	0.00540984	632.915	18063.4	34715.9	6.34033e-10	-0.170472	-0.0722504	0.223849	-0.681126	-0.196333	
0.524925	1.23537e-06	1.36611e-06	1.20866e-06	88.4751	-28.6452	0.00528281	662.498	18977.3	36152.5	6.34033e-10	0.519636	0.141576	-0.29019	0.808346	0.0322146	
0.517029	1.19848e-06	1.23562e-06	1.17764e-06	95.307	-29.0811	0.00515164	702.921	20441.7	39536.9	6.34033e-10	-0.0595299	0.297958	-0.281722	-0.661103	0.246216	
0.52459	1.23379e-06	1.35757e-06	1.20848e-06	89.0175	-28.6724	0.00526645	666.134	19099.7	36408.7	6.34033e-10	0.614468	-0.0985539	0.01918	0.331095	0.371486	
0.527304	1.24659e-06	1.37195e-06	1.22157e-06	89.0393	-28.6266	0.00535018	669.744	19172.5	36359.5	6.34033e-10	0.403433	-0.111583	-0.200118	0.6134	-0.281254	
0.527255	1.24636e-06	1.38348e-06	1.22212e-06	88.3366	-28.5903	0.00529242	664.397	18995.3	36026.7	6.34033e-10	0.879106	-0.624306	-0.492404	-0.178476	0.0954939	
0.522422	1.22361e-06	1.35494e-06	1.20174e-06	88.6932	-28.6808	0.00544475	660.965	18957	36286.7	6.34033e-10	-0.204048	0.000399975	-0.0123205	0.129627	-0.165221	
0.524056	1.23128e-06	1.35606e-06	1.21078e-06	89.2863	-28.6772	0.00530141	667.465	19141	36524.8	6.34033e-10	-0.204191	-0.541525	-0.0418163	0.0308437	0.175779	
0.524911	1.2353e-06	1.34424e-06	1.21483e-06	90.3726	-28.7152	0.005268	676.689	19431.3	37018.2	6.34033e-10	-0.0735174	-0.364792	-0.082502	-0.168594	-0.378552	
0.52421	1.232e-06	1.35173e-06	1.20756e-06	89.3348	-28.6911	0.00523023	668.023	19166.3	36562.3	6.34033e-10	0.770421	-0.18389	0.5516	-0.137397	0.376419	
0.523464	1.2285e-06	1.32508e-06	1.20639e-06	91.0431	-28.7776	0.00529923	679.83	19563.9	37373.8	6.34033e-10	-0.224905	0.0309141	0.197107	0.319693	-0.358235	
0.520774	1.21591e-06	1.24371e-06	1.19456e-06	96.0479	-29.0528	0.00504362	713.516	20729.6	39805.4	6.34033e-10	0.339982	0.0903878	0.359579	-0.680208	0.0982793	
0.524656	1.2341e-06	1.34081e-06	1.21396e-06	90.5388	-28.7263	0.00522093	677.604	19465.1	37100.6	6.34033e-10	0.0373653	-0.481813	0.198363	-0.361451	-0.229417	
0.523039	1.22651e-06	1.26895e-06	1.20355e-06	94.8461	-28.9656	0.00509971	707.652	20497.5	39189.3	6.34033e-10	0.0774535	0.0796222	-0.0868502	0.267711	-0.010422	
0.518639	1.20596e-06	1.39479e-06	1.18555e-06	84.9983	-28.5549	0.00552078	628.843	17956.5	34622.4	6.34033e-10	-0.513216	-0.140044	0.330621	-0.0807855	0.51303	
0.523687	1.22955e-06	1.47529e-06	1.20875e-06	81.9328	-28.3112	0.00540543	612.062	17328.2	33088.9	6.34033e-10	-0.433999	-0.566798	-0.0945256	0.438842	0.399789	
0.520739	1.21574e-06	1.36215e-06	1.19251e-06	87.5464	-28.6578	0.00517848	650.316	18636.6	35788.8	6.34033e-10	0.388373	0.312183	-0.312215	-0.316962	0.0197394	
0.524754	1.23456e-06	1.37111e-06	1.21202e-06	88.3976	-28.6293	0.005001	661.701	18944	36100.8	6.34033e-10	0.298553	-0.149847	-0.479698	0.0422484	-0.047454	
0.525163	1.23649e-06	1.32636e-06	1.2149e-06	91.5969	-28.7734	0.00527401	686.185	19743.9	37595.7	6.34033e-10	-0.17425	-0.223657	0.577939	0.290077	-0.30905	
0.52484	1.23497e-06	1.33256e-06	1.21423e-06	91.1205	-28.7531	0.00522305	682.196	19615.3	37373.9	6.34033e-10	-0.0347581	-0.561709	-0.476502	-0.0349868	0.119048	
0.524999	1.23572e-06	1.36805e-06	1.21293e-06	88.6619	-28.639	0.00492905	663.99	19016	36221	6.34033e-10	0.3865	-0.172692	0.0821162	0.06291	0.019606	
0.524165	1.23179e-06	1.35309e-06	1.21137e-06	89.5258	-28.6867	0.00529752	669.394	19202.7	36634.9	6.34033e-10	-0.137956	-0.316706	-0.0619184	-0.167806	-0.320104	
0.518714	1.20631e-06	1.40737e-06	1.1847e-06	84.1786	-28.5159	0.00593067	622.868	17761.7	34241.7	6.34033e-10	-0.92866	0.0922005	-0.223125	0.427565	-0.210004	
0.522087	1.22205e-06	1.31064e-06	1.19953e-06	91.5227	-28.8252	0.0052671	681.613	19647.6	37632.8	6.34033e-10	-0.195898	0.097366	0.218693	0.348582	-0.0580756	
0.519363	1.20933e-06	1.20048e-06	1.18644e-06	98.8299	-29.2064	0.00516968	732.193	21384.8	41175	6.34033e-10	-0.17297	0.332287	-0.106964	0.239554	0.109393	
0.519485	1.20989e-06	1.23362e-06	1.18838e-06	96.3325	-29.0882	0.00520474	713.857	20764.8	39972	6.34033e-10	-0.249276	0.0944202	0.0609157	-0.0116092	0.30174	
0.519334	1.20919e-06	1.206e-06	1.18663e-06	98.3939	-29.1865	0.00516184	728.922	21274.7	40965.3	6.34033e-10	-0.146625	0.28302	-0.473759	0.116551	0.170708	
0.524249	1.23219e-06	1.29799e-06	1.20706e-06	92.9949	-28.8673	0.00524939	695.445	20075.6	38294	6.34033e-10	0.134301	0.142322	0.0305909	0.861876	-0.0676243	
0.517042	1.19854e-06	1.20008e-06	1.1754e-06	97.9431	-29.2079	0.00514693	722.381	21099.2	40807.5	6.34033e-10	-0.0985183	0.55162	-0.354791	0.0275861	0.124939	
0.521494	1.21927e-06	1.33746e-06	1.1934e-06	89.2286	-28.7372	0.00522545	663.773	19075	36577.5	6.34033e-10	0.623496	0.432342	-0.243554	0.164986	0.0652265	
0.520921	1.21659e-06	1.26221e-06	1.19432e-06	94.6215	-28.9887	0.00519972	703.117	20382.5	39127.7	6.34033e-10	-0.0248546	0.159104	-0.581976	-0.00884728	0.0614693	
0.522092	1.22207e-06	1.47864e-06	1.20239e-06	81.3169	-28.3014	0.00527631	605.612	17139.6	32828.8	6.34033e-10	-0.181537	-0.483273	0.115899	-0.301571	0.226397	
0.525757	1.23929e-06	1.30287e-06	1.21493e-06	93.2507	-28.851	0.00524096	699.364	20177.4	38377.7	6.34033e-10	0.244872	-0.170826	0.125338	0.6736	0.133462	
0.52126	1.21818e-06	1.2087e-06	1.19647e-06	98.9881	-29.1768	0.00516163	736.044	21475.4	41199.1	6.34033e-10	-0.174841	0.0336682	0.335098	0.0789436	0.133099	
0.520848	1.21625e-06	1.24675e-06	1.19503e-06	95.8516	-29.0422	0.00525861	712.159	20682.7	39709.5	6.34033e-10	-0.282251	0.139454	-0.476505	-0.0752327	-0.277581	
0.521223	1.218e-06	1.24199e-06	1.19658e-06	96.3433	-29.0588	0.00526375	716.327	20815.6	39936.1	6.34033e-10	-0.327069	0.099451	0.264557	0.0987806	-0.192103	
0.526875	1.24456e-06	1.35432e-06	1.22042e-06	90.1131	-28.6828	0.0052744	677.269	19426	36870.2	6.34033e-10	0.658237	-0.240336	1.11118	0.0387655	-0.200998	
0.520224	1.21334e-06	1.19344e-06	1.19009e-06	99.7199	-29.232	0.00519275	740.011	21632	41582.1	6.34033e-10	-0.260319	0.295707	0.221191	0.520971	0.0550057	
0.516503	1.19605e-06	1.20675e-06	1.17403e-06	97.2886	-29.1838	0.00507895	716.805	20919.1	40501.4	6.34033e-10	0.0626782	0.445417	-0.850801	-0.496557	0.376597	
0.522675	1.2248e-06	1.24977e-06	1.20224e-06	96.1971	-29.0317	0.0051636	717.232	20822.5	39838.3	6.34033e-10	-0.0284922	-0.0531774	0.21121	0.291474	0.261609	
0.522062	1.22193e-06	1.4032e-06	1.20241e-06	85.6909	-28.5288	0.00541212	638.15	18205.7	34872.6	6.34033e-10	-0.462344	-0.0772752	0.204818	-0.32281	-0.77621	
0.520592	1.21506e-06	1.22862e-06	1.1944e-06	97.2145	-29.1058	0.00515829	721.929	21012.3	40362.4	6.34033e-10	-0.0346274	0.116521	-0.0153765	-0.514855	-0.216759	
0.526532	1.24294e-06	1.3978e-06	1.22144e-06	87.3834	-28.5456	0.00502962	656.326	18735.2	35582.3	6.34033e-10	0.270582	-0.632296	-0.0444488	-0.00721184	0.0474769	
0.526707	1.24377e-06	1.38409e-06	1.22128e-06	88.2368	-28.5883	0.00499852	662.956	18952.8	35983.6	6.34033e-10	0.294917	-0.13735	-0.184197	0.11391	-0.558798	
0.525263	1.23696e-06	1.32378e-06	1.21564e-06	91.8307	-28.7818	0.00523475	688.068	19803.9	37702.7	6.34033e-10	-0.0703663	-0.316566	-0.311323	0.117399	-0.234299	
0.523253	1.22751e-06	1.26133e-06	1.20514e-06	95.5451	-28.9917	0.00502048	713.159	20675.7	39513.8	6.34033e-10	0.249058	0.0667947	0.177086	-0.0955578	-0.143845	
0.5247	1.23431e-06	1.37086e-06	1.21151e-06	88.3758	-28.6301	0.00507144	661.47	18937.9	36092.9	6.34033e-10	0.15204	-0.0276367	0.254187	0.250808	-0.209954	
0.525894	1.23993e-06	1.36958e-06	1.21584e-06	88.7749	-28.6341	0.00505154	665.97	19069.5	36261.1	6.34033e-10	0.0357422	-0.0418505	-0.0586831	0.900989	-0.154561	
0.518916	1.20725e-06	1.24451e-06	1.1867e-06	95.3554	-29.05	0.00518406	705.844	20504.8	39514.6	6.34033e-10	-0.209256	-0.0679913	0.138536	-0.318253	0.540089	
0.522618	1.22453e-06	1.25849e-06	1.20299e-06	95.5902	-29.0015	0.0053625	712.629	20667.3	39545.8	6.34033e-10	-0.586762	-0.0774763	0.141921	0.555219	-0.172087	
0.521508	1.21934e-06	1.25396e-06	1.19712e-06	95.4666	-29.0172	0.0051444	710.197	20607.9	39516	6.34033e-10	0.0857759	0.148406	0.0225159	-0.109724	-0.0108685	
0.520245	1.21344e-06	1.20548e-06	1.19291e-06	98.9572	-29.1884	0.00508174	734.381	21435.4	41202.5	6.34033e-10	0.0797057	0.0311427	0.245777	-0.634521	0.0780195	
0.523513	1.22873e-06	1.30158e-06	1.2059e-06	92.6494	-28.8553	0.00508802	691.889	19964.7	38136	6.34033e-10	0.185906	0.331564	0.242297	-0.00713865	-0.745749	
0.524752	1.23455e-06	1.37193e-06	1.21203e-06	88.3447	-28.6267	0.00500726	661.304	18930.9	36075.9	6.34033e-10	0.304244	-0.023687	-0.109222	-0.023483	-0.30838	
0.521528	1.21943e-06	1.2784e-06	1.19772e-06	93.6892	-28.9333	0.00504634	697.002	20166.6	38668.3	6.34033e-10	0.36324	0.290391	-0.591415	-0.665859	-0.444736	
0.526193	1.24134e-06	1.38249e-06	1.21894e-06	88.1702	-28.5934	0.0050814	661.81	18923.4	35962.8	6.34033e-10	0.130128	-0.277353	0.217614	0.308782	-0.168071	
0.528861	1.25396e-06	1.42012e-06	1.23253e-06	86.7908	-28.4768	0.0049285	654.759	18645.4	35255.8	6.34033e-10	0.346667	-0.67526	0.242083	0.0509122	-0.482886	
0.526326	1.24197e-06	1.31436e-06	1.2201e-06	92.8287	-28.8129	0.00522769	696.953	20081.2	38153.6	6.34033e-10	-0.179483	-0.610724	0.125185	0.62682	0.311027	
0.520218	1.21331e-06	1.4031e-06	1.19061e-06	84.8555	-28.5291	0.00514688	629.697	17964.7	34533	6.34033e-10	0.0363995	0.385494	-0.0802	-0.053826	-0.231866	
0.518556	1.20557e-06	1.21287e-06	1.18438e-06	97.6513	-29.1619	0.005095	722.336	21064.7	40621.8	6.34033e-10	0.0223102	0.167827	0.204741	-0.481277	0.37254	
0.519913	1.21189e-06	1.20946e-06	1.19055e-06	98.436	-29.1741	0.00511776	730.046	21298.4	40965.4	6.34033e-10	-0.0250948	0.110084	-0.121318	-0.305271	0.201234	
0.5259	1.23996e-06	1.34844e-06	1.21983e-06	90.4627	-28.7017	0.00526351	678.639	19478.1	37037.6	6.34033e-10	-0.0415192	-0.480988	0.230848	-0.232129	-0.541913	
0.520491	1.21459e-06	1.24771e-06	1.19381e-06	95.6803	-29.0389	0.00523049	710.399	20629.2	39634.1	6.34033e-10	-0.244736	0.00614515	-0.315623	-0.200673	0.0222657	
0.525874	1.23984e-06	1.37773e-06	1.2172e-06	88.3482	-28.6084	0.0050021	662.743	18960	36054.3	6.34033e-10	0.280777	-0.165882	-0.598666	0.153036	-0.257834	
0.520606	1.21512e-06	1.40239e-06	1.19218e-06	85.0106	-28.5313	0.00515168	631.318	18012.3	34598.8	6.34033e-10	-0.00858582	0.368303	0.174265	0.152249	-0.210306	
0.517518	1.20075e-06	1.18419e-06	1.17732e-06	99.4194	-29.2658	0.00512789	733.943	21479.4	41504.7	6.34033e-10	-0.058762	0.574049	-0.00558374	0.0980532	0.0528666	
0.524151	1.23173e-06	1.29825e-06	1.21017e-06	93.2154	-28.8664	0.00513285	696.965	20118.9	38383.7	6.34033e-10	0.138521	-0.121955	-0.193404	-0.160098	-0.255729	
0.515711	1.19238e-06	1.43703e-06	1.17158e-06	81.5282	-28.4253	0.0062037	599.763	17048.5	33058.2	6.34033e-10	-0.849534	-0.201046	-0.0840003	-0.38515	0.614065	
0.523721	1.22971e-06	1.33234e-06	1.20814e-06	90.6785	-28.7539	0.00528106	677.44	19479	37193.5	6.34033e-10	-0.199795	-0.2209	0.479661	0.244633	0.0102113	
0.523336	1.2279e-06	1.28395e-06	1.20556e-06	93.8946	-28.9145	0.00503889	700.951	20267.6	38727.8	6.34033e-10	0.265327	0.00230917	-0.173755	-0.11072	-0.0528501	
0.518209	1.20396e-06	1.40775e-06	1.1835e-06	84.0706	-28.5148	0.00550322	621.463	17720.9	34196.4	6.34033e-10	-0.450143	0.0616919	-0.215002	-0.267638	0.138385	
0.525765	1.23933e-06	1.38829e-06	1.21759e-06	87.704	-28.5752	0.00507943	657.775	18796	35749.9	6.34033e-10	0.17914	-0.46927	-0.240792	0.076074	0.0659086	
0.51513	1.18969e-06	1.31009e-06	1.16674e-06	89.0579	-28.827	0.00544521	654.418	18864.9	36621.7	6.34033e-10	-0.380103	0.642355	0.233538	0.0894778	-0.0252424	
0.520481	1.21454e-06	1.31409e-06	1.18886e-06	90.4704	-28.8137	0.00516425	671.703	19354.3	37185.4	6.34033e-10	0.697343	0.285772	-0.332426	0.0736802	0.64588	
0.520999	1.21696e-06	1.40798e-06	1.19415e-06	84.813	-28.514	0.00515794	630.326	17973.1	34497.5	6.34033e-10	-0.0282155	0.321423	0.230207	0.173043	-0.219544	
0.518859	1.20698e-06	1.37395e-06	1.18385e-06	86.164	-28.6203	0.0049638	637.737	18252.2	35177.6	6.34033e-10	0.304378	0.328736	-0.195315	-0.161265	0.500155	
0.524553	1.23362e-06	1.3566e-06	1.21001e-06	89.1948	-28.6755	0.00484894	667.413	19138.4	36485.2	6.34033e-10	0.466315	-0.0449531	-0.694434	0.183306	0.0782561	
0.51849	1.20527e-06	1.40088e-06	1.18383e-06	84.506	-28.536	0.0054915	625.021	17835.6	34399.1	6.34033e-10	-0.488213	0.156501	-0.285826	0.0796852	0.119264	
0.522795	1.22536e-06	1.25029e-06	1.20205e-06	96.142	-29.0299	0.00521861	716.987	20814.1	39813	6.34033e-10	-0.204436	-0.0413051	0.231975	0.748563	0.357934	
0.521238	1.21808e-06	1.22729e-06	1.19729e-06	97.5556	-29.1105	0.0051737	725.362	21115.7	40510.6	6.34033e-10	-0.150902	-0.124281	0.164414	-0.183033	0.205299	
0.524434	1.23306e-06	1.3451e-06	1.21271e-06	90.1573	-28.7124	0.00524352	674.462	19365.5	36926.4	6.34033e-10	-0.0437394	-0.574663	-0.472871	-0.176948	0.075952	
0.522228	1.22271e-06	1.34253e-06	1.19982e-06	89.3701	-28.7208	0.00511513	665.762	19121.2	36614.6	6.34033e-10	0.0672464	0.149684	-0.495271	0.185754	-0.040844	
0.523084	1.22672e-06	1.35572e-06	1.20346e-06	88.7689	-28.6783	0.0049852	662.367	18995.5	36314.5	6.34033e-10	0.270444	0.0686691	0.134386	0.168086	0.10544	
0.517757	1.20186e-06	1.20922e-06	1.17898e-06	97.4988	-29.1749	0.00518749	720.098	21008.8	40576.6	6.34033e-10	-0.15634	0.587346	0.258714	0.0115021	-0.226891	
0.518901	1.20718e-06	1.41268e-06	1.18656e-06	83.9937	-28.4996	0.00558238	621.724	17718.9	34146.9	6.34033e-10	-0.647914	-0.0978397	0.364745	0.0999365	0.329668	
0.522884	1.22578e-06	1.27131e-06	1.20427e-06	94.7266	-28.9575	0.00499459	706.552	20460	39129.1	6.34033e-10	0.439342	0.152179	-0.700489	-0.688192	-0.511816	
0.522319	1.22313e-06	1.2487e-06	1.20015e-06	96.1119	-29.0354	0.00518061	716.109	20792.5	39808.1	6.34033e-10	-0.0850423	-3.2109e-05	-0.274988	0.451308	0.307394	
0.521963	1.22147e-06	1.39014e-06	1.19834e-06	86.2028	-28.5694	0.00505373	641.841	18337	35130.9	6.34033e-10	0.139846	0.131403	0.22196	0.21633	0.162669	
0.517677	1.20149e-06	1.20664e-06	1.17897e-06	97.7072	-29.1842	0.00514143	721.526	21057.2	40676.3	6.34033e-10	-0.122062	0.361547	0.0455413	-0.0143768	0.379853	
0.523203	1.22728e-06	1.35294e-06	1.20408e-06	88.9969	-28.6872	0.00494778	664.219	19054.6	36419.1	6.34033e-10	0.310902	-0.150658	-0.0545821	0.212129	0.543752	
0.525358	1.2374e-06	1.36597e-06	1.21372e-06	88.8543	-28.6456	0.00522733	665.886	19074.7	36308	6.34033e-10	0.813561	-0.314693	0.260416	-0.34959	0.082852	
0.520839	1.21621e-06	1.41256e-06	1.19379e-06	84.5121	-28.4999	0.00515358	627.897	17895	34358.1	6.34033e-10	0.00985162	0.358739	0.330436	-0.0222115	-0.353252	
0.515769	1.19265e-06	1.26692e-06	1.16706e-06	92.1181	-28.9725	0.0051218	677.744	19636	38071.3	6.34033e-10	0.206563	0.687635	-0.822719	0.30745	0.536675	
0.521582	1.21968e-06	1.38151e-06	1.19909e-06	86.7952	-28.5965	0.00550839	645.78	18467	35405.8	6.34033e-10	-0.428662	0.118186	0.27593	-0.154783	-0.781017	
0.520195	1.21321e-06	1.40181e-06	1.1911e-06	84.9685	-28.5331	0.0050756	630.508	17990.4	34583.8	6.34033e-10	0.167183	0.160064	-0.512999	-0.24454	0.257029	
0.523668	1.22946e-06	1.30005e-06	1.20503e-06	92.6916	-28.8604	0.00516754	692.409	19983.2	38160.1	6.34033e-10	0.344472	0.241405	-0.27216	0.312417	-0.268287	
0.519045	1.20785e-06	1.41319e-06	1.18783e-06	84.0526	-28.498	0.00586295	622.332	17735.2	34168.9	6.34033e-10	-0.461803	-0.0267512	0.00849441	-0.673564	-0.374777	
0.528268	1.25115e-06	1.40698e-06	1.22938e-06	87.3775	-28.5171	0.00510081	658.446	18777	35544.4	6.34033e-10	0.108691	-0.534134	-0.0518012	0.30976	-0.403283	
0.523967	1.23086e-06	1.33234e-06	1.21023e-06	90.8344	-28.7538	0.00521261	678.923	19521.6	37257.4	6.34033e-10	0.0310668	-0.322497	-0.212344	-0.287477	-0.163581	
0.516665	1.19679e-06	1.21665e-06	1.17468e-06	96.5503	-29.1483	0.005135	711.588	20741.6	40145.2	6.34033e-10	-0.13929	0.314492	0.0638581	-0.142026	0.641829	
0.51384	1.18374e-06	1.29471e-06	1.15991e-06	89.5887	-28.8783	0.00561704	656.67	18963.5	36905.5	6.34033e-10	-0.392384	0.669285	-0.0635631	0.199072	0.284961	
0.525076	1.23608e-06	1.3059e-06	1.2132e-06	92.9012	-28.8409	0.00509926	695.84	20068.6	38220.5	6.34033e-10	0.0805874	-0.11676	-0.597776	0.405392	-0.092558	
0.524601	1.23384e-06	1.37257e-06	1.21155e-06	88.2692	-28.6247	0.0050379	660.548	18908	36042.6	6.34033e-10	0.22353	-0.313172	-0.497948	0.105594	0.243237	
0.526737	1.24391e-06	1.4002e-06	1.22252e-06	87.3106	-28.5381	0.00511593	656.035	18722	35543.3	6.34033e-10	0.146713	-0.479914	0.169547	0.0360685	-0.276215	
0.522456	1.22377e-06	1.34305e-06	1.20063e-06	89.3955	-28.7191	0.00513157	666.241	19133.8	36622.9	6.34033e-10	0.0452383	0.235339	0.490931	0.273593	-0.229075	
0.523834	1.23024e-06	1.31764e-06	1.20809e-06	91.6857	-28.802	0.00526455	685.113	19732.6	37669.6	6.34033e-10	-0.149047	-0.00287988	-0.542176	0.273786	-0.342726	
0.52258	1.22436e-06	1.34704e-06	1.20108e-06	89.1644	-28.7062	0.00517548	664.677	19080.4	36511.8	6.34033e-10	-0.0779066	0.191072	0.156787	0.479506	-0.170807	
0.518984	1.20756e-06	1.21883e-06	1.18577e-06	97.2878	-29.1406	0.00515544	720.241	20988.2	40441.1	6.34033e-10	-0.108373	0.251214	-0.173864	-0.177761	0.163381	
0.521087	1.21737e-06	1.26145e-06	1.1973e-06	94.9145	-28.9913	0.00526438	705.519	20453.9	39252.4	6.34033e-10	-0.289163	-0.104586	-0.212353	-0.321349	-0.132757	
0.523094	1.22676e-06	1.54353e-06	1.20735e-06	78.2199	-28.1149	0.00566178	583.664	16409.6	31370.3	6.34033e-10	-0.696504	-0.670985	0.0322702	-0.228657	-0.401747	
0.522841	1.22558e-06	1.40857e-06	1.20443e-06	85.5074	-28.5122	0.00557522	637.734	18183.2	34777.7	6.34033e-10	-0.644929	-0.353537	-0.17133	0.576101	0.189068	
0.523619	1.22923e-06	1.34391e-06	1.20839e-06	89.9163	-28.7163	0.00527642	671.615	19286.3	36832.7	6.34033e-10	-0.21371	-0.59097	0.822091	0.191762	0.542033	
0.519874	1.21171e-06	1.38005e-06	1.19153e-06	86.3391	-28.601	0.00550378	640.282	18312.7	35225.3	6.34033e-10	-0.375053	-0.0561171	0.0440817	-0.319208	-0.0319813	
0.524525	1.23349e-06	1.27682e-06	1.21145e-06	94.8801	-28.9387	0.00506628	709.917	20544.1	39167	6.34033e-10	0.141009	-0.246216	0.0682261	0.106525	0.0979497	
0.523376	1.22809e-06	1.28317e-06	1.20555e-06	93.9513	-28.9172	0.00505019	701.428	20283.3	38754.7	6.34033e-10	0.234358	0.0870553	0.184942	-0.0393322	-0.187999	
0.51843	1.20499e-06	1.26884e-06	1.17928e-06	92.9417	-28.9659	0.00513842	687.333	19909.3	38402.9	6.34033e-10	0.237136	0.507561	-0.0571357	0.44959	0.467806	
0.522156	1.22237e-06	1.36989e-06	1.20081e-06	87.6572	-28.6331	0.0054097	652.912	18694.9	35803.3	6.34033e-10	-0.210866	-0.421235	0.2741	0.253308	0.765761	
0.524011	1.23107e-06	1.30434e-06	1.20725e-06	92.5562	-28.8461	0.00511676	691.85	19957.2	38085.4	6.34033e-10	0.573927	0.113312	-0.690781	-0.0997935	-0.207019	
0.520912	1.21655e-06	1.40509e-06	1.19599e-06	85.1183	-28.523	0.00577734	632.49	18040.5	34632.5	6.34033e-10	-0.453286	-0.143881	0.45912	-0.213749	-0.182249	
0.520144	1.21297e-06	1.34538e-06	1.18746e-06	88.2619	-28.7116	0.00526845	654.882	18802.7	36149	6.34033e-10	0.0418223	0.237829	0.338007	0.912774	0.741612	
0.523274	1.22761e-06	1.33059e-06	1.20496e-06	90.5584	-28.7595	0.0053631	675.965	19440.5	37151.6	6.34033e-10	-0.376065	0.101252	-0.216388	0.611749	-0.431346	
0.521538	1.21948e-06	1.36471e-06	1.19862e-06	87.8294	-28.6496	0.00532015	653.42	18720.2	35894.2	6.34033e-10	-0.000528252	-0.286639	0.163311	-0.307545	0.401395	
0.522326	1.22316e-06	1.31129e-06	1.20232e-06	91.6898	-28.823	0.00513743	683.17	19691	37698.7	6.34033e-10	0.228218	0.114095	0.277281	-0.693261	-0.550183	
0.522503	1.22399e-06	1.36426e-06	1.20285e-06	88.1687	-28.651	0.00545447	657.158	18828.3	36034.7	6.34033e-10	-0.173824	-0.127634	0.1822	-0.0932789	-0.11984	
0.517833	1.20221e-06	1.33769e-06	1.17955e-06	88.1781	-28.7364	0.00571156	651.353	18717.6	36146	6.34033e-10	-0.523254	0.0982497	-0.899148	0.325774	0.604917	
0.513222	1.1809e-06	1.36344e-06	1.15899e-06	85.0052	-28.6536	0.00573424	622.324	17831.8	34744.9	6.34033e-10	-0.533502	0.619494	0.349672	-0.378386	-0.0254431	
0.525807	1.23952e-06	1.32095e-06	1.21799e-06	92.2054	-28.7911	0.00524107	691.59	19911.7	37868.8	6.34033e-10	-0.102426	-0.269757	0.316353	0.236474	-0.377791	
0.52443	1.23304e-06	1.35791e-06	1.20979e-06	89.092	-28.6713	0.00484559	666.488	19109.1	36437.8	6.34033e-10	0.489827	-0.00442103	0.517339	0.027507	-0.0471004	
0.523315	1.2278e-06	1.40885e-06	1.20785e-06	85.733	-28.5114	0.00554681	639.996	18247.1	34868.4	6.34033e-10	-0.384002	-0.512145	0.0564776	-0.0457163	0.0130949	
0.522106	1.22214e-06	1.3626e-06	1.20181e-06	88.1994	-28.6563	0.0054298	656.887	18824	36053.9	6.34033e-10	-0.0953903	-0.0536614	-0.40105	-0.519989	-0.467207	
0.517515	1.20073e-06	1.23066e-06	1.17909e-06	95.8099	-29.0986	0.00517453	707.293	20581.2	39769.4	6.34033e-10	-0.12427	0.425907	-0.0689271	-0.371703	-0.00893241	
0.515492	1.19137e-06	1.34888e-06	1.16658e-06	86.4848	-28.7003	0.00505263	635.957	18252.1	35407.2	6.34033e-10	0.141623	0.791212	-0.268194	0.18197	0.19731	
0.524639	1.23402e-06	1.29534e-06	1.21168e-06	93.5415	-28.8762	0.00508938	700.054	20214.9	38531	6.34033e-10	0.0923915	-0.367587	-0.0995044	0.313379	0.398453	
0.521753	1.22048e-06	1.39285e-06	1.19774e-06	85.9919	-28.5609	0.00503709	640.012	18279.4	35034.5	6.34033e-10	0.23883	0.209202	-0.595159	-0.0919025	-0.0720777	
0.520107	1.21279e-06	1.21801e-06	1.19112e-06	97.7927	-29.1435	0.00517237	725.546	21145	40655	6.34033e-10	-0.182403	0.103766	0.796216	0.00756941	0.23894	
0.522582	1.22436e-06	1.35157e-06	1.20104e-06	88.8629	-28.6916	0.00520853	662.431	19006.2	36369.9	6.34033e-10	0.252767	0.0841871	0.170695	0.0960674	0.141876	
0.521387	1.21877e-06	1.39363e-06	1.19791e-06	85.9561	-28.5585	0.00574422	639.297	18257.4	35017	6.34033e-10	-0.272971	-0.182532	-0.0930861	-0.23834	0.00360507	
0.527761	1.24875e-06	1.40417e-06	1.22723e-06	87.3991	-28.5258	0.00539186	657.976	18769.3	35564	6.34033e-10	0.504025	-1.04092	-0.294986	-0.294941	-0.056311	
0.52335	1.22796e-06	1.27752e-06	1.20507e-06	94.3292	-28.9363	0.00514123	704.213	20377.3	38936.4	6.34033e-10	0.00597235	0.0468486	-0.106437	0.34827	-0.0487588	
0.522204	1.22259e-06	1.25257e-06	1.20043e-06	95.8379	-29.022	0.00514096	713.911	20719.1	39676.3	6.34033e-10	0.0952054	0.114667	-0.0442059	-0.0965988	-0.114659	
0.517093	1.19878e-06	1.39016e-06	1.17652e-06	84.6321	-28.5693	0.0054588	624.267	17834.9	34490.7	6.34033e-10	-0.477018	0.393088	0.559047	0.18847	0.050999	
0.526951	1.24492e-06	1.39474e-06	1.22313e-06	87.6957	-28.5551	0.00493363	659.196	18823.4	35721.3	6.34033e-10	0.429602	-0.415246	-0.041583	-0.144889	-0.353085	
0.527574	1.24787e-06	1.37047e-06	1.22245e-06	89.1993	-28.6313	0.00525543	671.292	19220	36430.8	6.34033e-10	0.717058	-0.0422807	-0.5012	0.269511	-0.505771	
0.51671	1.197e-06	1.19001e-06	1.17416e-06	98.6684	-29.2445	0.00507349	727.263	21268.4	41161.3	6.34033e-10	0.013047	0.38275	-0.117253	-0.0990794	0.70843	
0.521984	1.22156e-06	1.35462e-06	1.20094e-06	88.6555	-28.6818	0.00539099	660.13	18933.7	36272.6	6.34033e-10	-0.0688211	-0.136441	-0.188518	-0.382394	-0.112371	
0.52281	1.22543e-06	1.32819e-06	1.20464e-06	90.698	-28.7674	0.00520169	676.406	19458.4	37219	6.34033e-10	0.0410915	-0.233214	-0.297025	-0.328358	0.00483628	
0.522852	1.22563e-06	1.28886e-06	1.20294e-06	93.3343	-28.898	0.00518475	696.123	20116.5	38474.6	6.34033e-10	-0.00072124	0.315931	0.330706	0.122893	-0.655227	
0.518088	1.2034e-06	1.18498e-06	1.1806e-06	99.6301	-29.2629	0.00508416	736.309	21546.5	41588.6	6.34033e-10	-0.00690903	0.326269	0.264571	-0.00265451	0.523172	
0.520108	1.2128e-06	1.42727e-06	1.19299e-06	83.5853	-28.4549	0.00553653	620.14	17646	33927.6	6.34033e-10	-0.504426	-0.291455	0.449279	-0.169468	0.270089	
0.518672	1.20611e-06	1.39557e-06	1.18462e-06	84.8844	-28.5525	0.00548853	628.039	17932.1	34573.1	6.34033e-10	-0.485051	0.112912	0.241333	0.100498	0.208162	
0.520297	1.21368e-06	1.36856e-06	1.19053e-06	86.992	-28.6374	0.00511967	645.649	18489.7	35536.8	6.34033e-10	0.454564	0.0278236	-0.270803	-0.298606	0.753608	
0.5235	1.22867e-06	1.3283e-06	1.20707e-06	90.8731	-28.767	0.00526373	678.607	19521.5	37290.3	6.34033e-10	-0.179673	-0.299842	0.0199173	0.263947	0.248637	
0.520027	1.21242e-06	1.22962e-06	1.19169e-06	96.9151	-29.1023	0.00515709	718.925	20922.4	40233.2	6.34033e-10	-0.115351	-0.0351027	0.712792	-0.323934	0.299492	
0.519184	1.2085e-06	1.37929e-06	1.18504e-06	85.9168	-28.6035	0.00506017	636.306	18200.5	35056	6.34033e-10	0.175323	0.539335	-0.147942	-0.0259463	-0.134109	
0.523795	1.23005e-06	1.36182e-06	1.20699e-06	88.6303	-28.6588	0.00504566	662.231	18978.7	36233.2	6.34033e-10	0.166673	-0.0363892	0.11901	0.294927	0.104149	
0.520099	1.21276e-06	1.26384e-06	1.19292e-06	94.3882	-28.9831	0.00525466	700.277	20296.2	39023.7	6.34033e-10	-0.254563	-0.0153022	-0.322591	-0.528678	-0.181366	
0.521399	1.21883e-06	1.40279e-06	1.19815e-06	85.4119	-28.5301	0.00561836	635.265	18124.2	34760.6	6.34033e-10	-0.3094	-0.13068	-0.240772	-0.24382	-0.178085	
0.517388	1.20015e-06	1.17001e-06	1.17682e-06	100.582	-29.3181	0.00507131	742.34	21764	42065.1	6.34033e-10	0.0496903	0.546065	-0.0371925	-0.0357547	0.225379	
0.522572	1.22432e-06	1.38352e-06	1.20357e-06	86.9936	-28.5901	0.00570237	648.485	18540.3	35478.9	6.34033e-10	-0.136545	-0.209976	0.219059	-0.369036	-0.234261	
0.526731	1.24388e-06	1.32682e-06	1.22219e-06	92.1142	-28.7719	0.00528382	692.12	19913.6	37806	6.34033e-10	-0.234988	-0.421268	0.550556	0.554607	-0.232776	
0.522558	1.22425e-06	1.38611e-06	1.20387e-06	86.8523	-28.582	0.00547362	647.413	18504.4	35411.2	6.34033e-10	-0.276886	-0.422167	-0.189788	-0.0697575	0.224765	
0.526785	1.24414e-06	1.33811e-06	1.22293e-06	91.392	-28.7351	0.00530047	686.764	19734.2	37461.6	6.34033e-10	-0.17689	-0.294379	-0.449946	0.239244	-0.708314	
0.523487	1.22861e-06	1.29959e-06	1.20672e-06	92.8543	-28.8619	0.00516987	693.384	20012.4	38229	6.34033e-10	0.030634	-0.0621339	0.334685	0.0258924	-0.120871	
0.520629	1.21523e-06	1.25788e-06	1.19117e-06	94.6963	-29.0036	0.00509173	703.279	20397.6	39178.8	6.34033e-10	0.434898	0.0735509	0.221614	0.0722529	0.844439	
0.528587	1.25266e-06	1.3913e-06	1.22922e-06	88.3504	-28.5658	0.00541658	666.179	19029.9	36001.5	6.34033e-10	0.322551	-0.427492	0.543951	0.38018	-0.37625	
0.522811	1.22544e-06	1.30865e-06	1.2035e-06	91.9655	-28.8318	0.00520865	685.861	19774.6	37823.6	6.34033e-10	-0.0583232	-0.080701	0.147691	0.116938	0.0719564	
0.520958	1.21677e-06	1.20498e-06	1.19504e-06	99.175	-29.1902	0.00513331	737.006	21513.4	41295.8	6.34033e-10	-0.191369	-0.220154	-0.107395	0.225575	0.803026	
0.52647	1.24265e-06	1.38258e-06	1.21957e-06	88.2094	-28.5931	0.0051374	662.453	18941.6	35978.5	6.34033e-10	-0.00265169	-0.144995	-0.678546	0.633396	-0.342572	
0.526104	1.24093e-06	1.32704e-06	1.21931e-06	91.8816	-28.7711	0.00511445	689.552	19839.2	37709.6	6.34033e-10	0.134889	-0.297538	0.571967	0.0444717	-0.344495	
0.525035	1.23588e-06	1.35831e-06	1.21574e-06	89.5041	-28.67	0.00529386	670.343	19218.8	36604.7	6.34033e-10	-0.172487	-0.740218	0.266209	0.000383794	0.149481	
0.516929	1.19802e-06	1.28509e-06	1.17352e-06	91.3183	-28.9107	0.00507092	673.372	19467.6	37660.1	6.34033e-10	0.122703	0.800279	0.190523	0.156363	-0.186164	
0.523251	1.2275e-06	1.3656e-06	1.20349e-06	88.1287	-28.6468	0.0052359	657.799	18843.8	36013	6.34033e-10	0.166853	0.147064	-0.0401698	0.413562	-0.0372506	
0.510677	1.16922e-06	1.34906e-06	1.14648e-06	84.9834	-28.6997	0.00573054	619.08	17767.4	34791.9	6.34033e-10	-0.568909	0.920139	0.151726	-0.303906	-0.274883	
0.520613	1.21515e-06	1.34902e-06	1.19204e-06	88.3635	-28.6998	0.00503639	656.227	18833.6	36175.8	6.34033e-10	0.270289	0.505021	-0.0978202	-0.191716	-0.415734	
0.521404	1.21885e-06	1.25489e-06	1.19727e-06	95.408	-29.0139	0.00510958	709.62	20588.9	39487.3	6.34033e-10	0.145339	-0.167084	-0.144114	-0.240068	0.537628	
0.524486	1.2333e-06	1.35102e-06	1.20889e-06	89.4797	-28.6934	0.00482908	669.46	19209.1	36624.6	6.34033e-10	0.392766	0.128131	0.0328711	0.494411	-0.0848548	
0.522033	1.22179e-06	1.31144e-06	1.20007e-06	91.5084	-28.8225	0.00519338	681.436	19640.7	37623.5	6.34033e-10	0.00953811	0.0198652	0.0410889	-0.122466	-0.0315279	
0.522267	1.22289e-06	1.29068e-06	1.20183e-06	93.1157	-28.8918	0.0050573	693.715	20042.7	38376.4	6.34033e-10	0.321693	-0.152589	-0.13865	-0.59709	0.10265	
0.51402	1.18457e-06	1.3647e-06	1.16329e-06	85.2415	-28.6496	0.00565579	625.025	17906.7	34836.6	6.34033e-10	-0.450469	0.291816	-0.438068	-0.431612	0.642698	
0.520162	1.21305e-06	1.24024e-06	1.19135e-06	96.0579	-29.0649	0.00524835	712.751	20716.1	39826.2	6.34033e-10	-0.365016	0.0233744	-0.135907	0.236279	0.313802	
0.525515	1.23815e-06	1.3607e-06	1.21261e-06	89.1168	-28.6624	0.0053074	668.053	19148	36436.6	6.34033e-10	0.564049	0.13437	-0.288607	0.385078	-0.293526	
0.522945	1.22606e-06	1.30943e-06	1.20439e-06	91.978	-28.8292	0.0051949	686.129	19780.5	37825.3	6.34033e-10	0.00033099	-0.0376198	0.454939	-0.0506833	-0.121986	
0.522511	1.22403e-06	1.33073e-06	1.20407e-06	90.4821	-28.7591	0.00515509	674.41	19395.4	37119.7	6.34033e-10	0.227777	-0.191808	0.0773642	-0.855299	-0.322237	
0.523557	1.22894e-06	1.34074e-06	1.20814e-06	90.1095	-28.7265	0.00526825	672.978	19332.3	36925	6.34033e-10	-0.118389	-0.255759	0.681289	-0.094282	-0.12993	
0.527792	1.2489e-06	1.39851e-06	1.22405e-06	87.5249	-28.5433	0.00516103	658.962	18809	35637.1	6.34033e-10	0.696619	-0.230864	-0.294785	0.320237	-0.273457	
0.522557	1.22425e-06	1.29352e-06	1.20248e-06	92.9624	-28.8823	0.00515722	692.959	20014.2	38300.6	6.34033e-10	0.0832208	-0.0948842	-0.423137	-0.115353	0.125949	
0.522605	1.22447e-06	1.31508e-06	1.20303e-06	91.4797	-28.8105	0.00519926	681.969	19647.8	37596	6.34033e-10	0.0212037	0.00438878	0.350852	-0.195122	-0.214255	
0.523513	1.22873e-06	1.2868e-06	1.2064e-06	93.7524	-28.9049	0.00514006	700.125	20237.1	38656.3	6.34033e-10	0.0413405	-0.102167	-0.111934	0.188468	0.0998553	
0.523801	1.23008e-06	1.36944e-06	1.20815e-06	88.222	-28.6346	0.00496203	659.188	18875.6	36035.7	6.34033e-10	0.420318	-0.252956	-0.194714	-0.301023	0.186206	
0.519085	1.20803e-06	1.37305e-06	1.18473e-06	86.2843	-28.6231	0.00496746	638.905	18287.5	35230.2	6.34033e-10	0.344366	0.354315	-0.869966	-0.189459	0.39389	
0.523245	1.22747e-06	1.35967e-06	1.20498e-06	88.6226	-28.6657	0.00498208	661.479	18961.7	36238.7	6.34033e-10	0.314926	-0.207957	-0.0435301	-0.015777	0.441191	
0.522439	1.22369e-06	1.3364e-06	1.20343e-06	90.0501	-28.7406	0.00519861	671.098	19287.8	36918.7	6.34033e-10	0.0676281	-0.301765	0.410221	-0.514014	0.0356114	
0.519977	1.21219e-06	1.39655e-06	1.19077e-06	85.2655	-28.5494	0.00556683	632.447	18056	34724.6	6.34033e-10	-0.592137	0.0957327	-0.298759	0.255497	-0.162181	
0.522918	1.22594e-06	1.40789e-06	1.20524e-06	85.606	-28.5143	0.00563431	638.564	18208.2	34820.3	6.34033e-10	-0.563863	-0.168754	0.199556	0.200203	-0.424927	
0.524543	1.23357e-06	1.28742e-06	1.21103e-06	94.0666	-28.9028	0.00515891	703.855	20343.4	38783	6.34033e-10	-0.0036071	-0.0123228	0.317699	0.3166	-0.288844	
0.522576	1.22433e-06	1.25038e-06	1.20177e-06	96.1124	-29.0296	0.00516275	716.465	20798.7	39800.3	6.34033e-10	-0.047801	-0.174102	-0.245044	0.368829	0.553504	
0.520917	1.21657e-06	1.28118e-06	1.19473e-06	93.2523	-28.9239	0.00518144	692.937	20042.5	38475.3	6.34033e-10	0.046009	0.158237	0.133998	-0.230589	-0.0247873	
0.524461	1.23318e-06	1.31516e-06	1.21198e-06	92.1547	-28.8102	0.00518732	689.441	19862.9	37873.1	6.34033e-10	0.0114441	-0.347683	0.534952	-0.0162021	0.00481707	
0.526048	1.24066e-06	1.36151e-06	1.21616e-06	89.3243	-28.6598	0.00492489	670.288	19210.3	36518.2	6.34033e-10	0.230964	-0.167465	0.322094	0.907044	0.215563	
0.526015	1.2405e-06	1.32786e-06	1.21916e-06	91.8138	-28.7685	0.0052546	688.925	19819.3	37678.2	6.34033e-10	-0.151751	-0.527808	-0.241171	0.346258	0.0146354	
0.516141	1.19437e-06	1.34257e-06	1.17205e-06	87.299	-28.7206	0.00569506	642.752	18460.3	35765.9	6.34033e-10	-0.43723	0.316591	0.00479019	-0.0505574	0.39019	
0.522252	1.22282e-06	1.33978e-06	1.19915e-06	89.5034	-28.7297	0.00519539	666.785	19156.5	36680.6	6.34033e-10	0.254669	0.19046	0.533534	0.149967	0.0602141	
0.522335	1.22321e-06	1.33471e-06	1.20292e-06	90.1266	-28.7461	0.00518944	671.534	19304	36957.2	6.34033e-10	0.0871041	-0.314175	0.177389	-0.531152	0.0911	
0.518717	1.20632e-06	1.37974e-06	1.18471e-06	85.8647	-28.602	0.0057927	635.348	18172.2	35033	6.34033e-10	-0.609332	0.190427	0.484358	0.0769384	-0.178953	
0.520069	1.21262e-06	1.26997e-06	1.18787e-06	93.5354	-28.9621	0.00505025	693.911	20097.1	38643.1	6.34033e-10	0.56624	0.481554	-0.102499	-0.0811427	0.144476	
0.524001	1.23102e-06	1.29434e-06	1.20929e-06	93.4292	-28.8795	0.00512412	698.362	20168.3	38489.2	6.34033e-10	0.105168	-0.25217	-0.0185146	-0.00287771	0.11248	
0.522501	1.22398e-06	1.47752e-06	1.20302e-06	81.4215	-28.3047	0.00529815	606.866	17177.1	32874.8	6.34033e-10	-0.207742	-0.33808	0.282137	-0.301115	-0.0619786	
0.517723	1.2017e-06	1.37637e-06	1.17976e-06	85.7154	-28.6127	0.0054103	633.027	18112.6	34985.1	6.34033e-10	-0.341784	0.132801	-0.0704718	-0.0806767	0.502867	
0.519624	1.21054e-06	1.33967e-06	1.18688e-06	88.5952	-28.73	0.00501378	656.697	18866.9	36308.8	6.34033e-10	0.281036	0.535761	-0.172343	-0.108955	-0.153659	
0.526623	1.24337e-06	1.37658e-06	1.22327e-06	88.8627	-28.612	0.00539422	667.553	19100	36268.8	6.34033e-10	-0.313863	-0.544461	-0.370897	0.0965942	-0.634745	
0.522832	1.22554e-06	1.34975e-06	1.20239e-06	89.0822	-28.6975	0.00490918	664.385	19066.2	36467	6.34033e-10	0.403951	-0.186455	-0.369812	0.0782282	0.680122	
0.523249	1.22749e-06	1.3209e-06	1.20622e-06	91.318	-28.7913	0.00520473	681.602	19624.2	37504.5	6.34033e-10	0.0187013	-0.117979	-0.249384	-0.178338	-0.175599	
0.527211	1.24615e-06	1.32724e-06	1.22453e-06	92.2611	-28.7705	0.00527493	693.856	19962.6	37864.5	6.34033e-10	-0.17641	-0.32012	-0.142165	0.422226	-0.597233	
0.523323	1.22784e-06	1.36175e-06	1.20633e-06	88.5865	-28.659	0.00548463	661.307	18952.4	36215.6	6.34033e-10	-0.263281	-0.369865	0.332881	0.279701	0.324411	
0.52969	1.2579e-06	1.42159e-06	1.23198e-06	86.6616	-28.4722	0.00517797	654.809	18643.9	35197.7	6.34033e-10	0.618005	-0.207778	0.146405	0.581526	-0.64629	
0.527593	1.24796e-06	1.32886e-06	1.22695e-06	92.3312	-28.7652	0.00523811	694.886	19988.6	37886.3	6.34033e-10	-0.0862645	-0.47944	-0.0862024	0.209267	-0.578445	
0.518033	1.20314e-06	1.39171e-06	1.18265e-06	84.9781	-28.5645	0.00577867	627.959	17937.3	34625.8	6.34033e-10	-0.590454	-0.174527	0.154249	-0.132219	0.582007	
0.520362	1.21398e-06	1.30191e-06	1.19212e-06	91.5668	-28.8542	0.00516517	679.688	19611.8	37688.8	6.34033e-10	0.0239274	0.00110785	0.0620984	-0.126415	0.484342	
0.520672	1.21543e-06	1.24256e-06	1.19261e-06	95.9797	-29.0568	0.00525133	712.87	20713.7	39782.6	6.34033e-10	-0.170328	0.28217	0.280343	0.277717	-0.0867632	
0.52474	1.2345e-06	1.36842e-06	1.21162e-06	88.5416	-28.6378	0.00498607	662.763	18980.1	36170.4	6.34033e-10	0.304086	-0.0401701	-0.351521	0.109145	-0.169393	
0.522964	1.22615e-06	1.41913e-06	1.20727e-06	85.0715	-28.4798	0.005433	634.632	18074.2	34561.1	6.34033e-10	-0.470384	-0.574104	-0.628636	-0.27313	-0.229674	
0.520233	1.21338e-06	1.38897e-06	1.19245e-06	85.851	-28.5731	0.00576686	637.103	18204	34992	6.34033e-10	-0.546874	-0.00973182	0.116095	-0.0368077	-0.19358	
0.523144	1.227e-06	1.35541e-06	1.20382e-06	88.8159	-28.6793	0.00493105	662.793	19008.4	36335	6.34033e-10	0.407916	0.140732	-0.480849	-0.0521903	-0.0883802	
0.520222	1.21333e-06	1.36818e-06	1.18897e-06	86.9018	-28.6386	0.00501735	644.887	18468.6	35501.4	6.34033e-10	0.179964	0.463127	-0.244386	0.350371	-0.00907557	
0.520134	1.21292e-06	1.34822e-06	1.18997e-06	88.2625	-28.7024	0.0051263	654.874	18796.5	36137.7	6.34033e-10	0.0599406	0.393601	-0.415318	0.0320936	-0.136146	
0.517879	1.20243e-06	1.4094e-06	1.18221e-06	83.8801	-28.5097	0.00553766	619.66	17666.3	34112.8	6.34033e-10	-0.515178	0.028227	0.179618	-0.275386	0.193595	
0.520175	1.21311e-06	1.2261e-06	1.19231e-06	97.2441	-29.1147	0.00514932	721.571	21008.3	40387.1	6.34033e-10	-0.0359877	0.135881	0.354241	-0.483145	-0.102618	
0.521657	1.22003e-06	1.28566e-06	1.19567e-06	93.0007	-28.9088	0.00513411	692.05	20006.3	38351.4	6.34033e-10	0.346409	0.312904	-0.0907505	0.191882	0.0547568	
0.521301	1.21837e-06	1.28076e-06	1.19306e-06	93.1528	-28.9253	0.0051099	692.709	20036.8	38436.2	6.34033e-10	0.470187	0.508896	0.224655	0.253238	-0.16942	
0.51627	1.19496e-06	1.38016e-06	1.17259e-06	84.9606	-28.6007	0.00544112	625.692	17895.2	34662.6	6.34033e-10	-0.425101	0.454169	-0.100279	0.0945111	0.107033	
0.521156	1.21769e-06	1.2163e-06	1.19564e-06	98.3013	-29.1496	0.00520963	730.79	21302.2	40875	6.34033e-10	-0.225919	0.201813	0.0907362	0.149886	-0.203722	
0.523937	1.23072e-06	1.35991e-06	1.20761e-06	88.8007	-28.6649	0.00495727	663.684	19024.4	36310.6	6.34033e-10	0.324653	-0.0296153	0.0241852	0.139017	0.080703	
0.514788	1.18812e-06	1.1576e-06	1.16374e-06	100.531	-29.3644	0.00507522	738.232	21677.8	42110.1	6.34033e-10	-0.0227681	0.64194	0.174295	0.265744	0.716821	
0.524712	1.23437e-06	1.38069e-06	1.21286e-06	87.8442	-28.599	0.0049538	657.507	18804.1	35836.9	6.34033e-10	0.479516	-0.292585	0.0161892	-0.464687	-0.132912	
0.521396	1.21881e-06	1.39518e-06	1.19826e-06	85.8858	-28.5537	0.00563334	638.786	18239.7	34982.4	6.34033e-10	-0.308129	-0.168777	0.272271	-0.282619	-0.139648	
0.52126	1.21818e-06	1.29419e-06	1.19349e-06	92.2191	-28.88	0.00511055	685.711	19803.4	37991.4	6.34033e-10	0.424601	0.577073	0.0716495	0.0632457	-0.452458	
0.52148	1.21921e-06	1.3193e-06	1.19776e-06	90.7876	-28.7966	0.00520558	675.353	19447.8	37293.5	6.34033e-10	-0.0344133	-0.0977224	0.411993	-0.117065	0.28377	
0.516599	1.19649e-06	1.34885e-06	1.17079e-06	86.7989	-28.7004	0.00519057	639.638	18357.8	35535.9	6.34033e-10	0.246975	0.844091	-0.00991123	0.266659	-0.0692004	
0.521944	1.22138e-06	1.29837e-06	1.19975e-06	92.4046	-28.866	0.00513025	687.992	19859.6	38049.3	6.34033e-10	0.105006	-0.226794	-0.764389	-0.143393	0.514398	
0.523074	1.22667e-06	1.25771e-06	1.20307e-06	95.6562	-29.0042	0.00508959	713.744	20701.6	39576.8	6.34033e-10	0.0228746	0.154425	0.0066614	0.527487	-0.0510787	
0.524481	1.23328e-06	1.30794e-06	1.20864e-06	92.4081	-28.8341	0.0052282	691.363	19934.9	38008.7	6.34033e-10	0.17593	0.292805	-0.243885	0.583131	-0.591679	
0.526046	1.24065e-06	1.35599e-06	1.21687e-06	89.7401	-28.6774	0.00520834	673.406	19311.5	36710.7	6.34033e-10	0.795974	-0.152662	0.0223465	-0.314616	-0.299187	
0.523291	1.22769e-06	1.26583e-06	1.20358e-06	95.0821	-28.9763	0.00515951	709.755	20566	39301.3	6.34033e-10	-0.0983919	0.382132	-0.213548	0.723456	-0.671811	
0.526032	1.24058e-06	1.31405e-06	1.21894e-06	92.7622	-28.8139	0.00515647	696.064	20056.3	38127.6	6.34033e-10	0.0320101	-0.469018	-0.061462	0.227917	0.00889451	
0.521017	1.21704e-06	1.3373e-06	1.19411e-06	89.2923	-28.7377	0.0052401	663.64	19071.5	36604.3	6.34033e-10	-0.206713	0.26266	-0.0769915	0.417681	-0.125903	
0.517287	1.19968e-06	1.22074e-06	1.17721e-06	96.4338	-29.1338	0.0051876	711.585	20731.2	40076.7	6.34033e-10	-0.18245	0.498708	0.215915	-0.0688233	0.02943	
0.519072	1.20797e-06	1.21551e-06	1.18596e-06	97.5686	-29.1524	0.00515723	722.443	21061	40574.3	6.34033e-10	-0.193493	0.067134	-0.248155	0.10277	0.645132	
0.521427	1.21896e-06	1.21374e-06	1.19721e-06	98.6374	-29.1587	0.00518091	733.671	21392.9	41027.7	6.34033e-10	-0.208357	0.0445394	0.299476	0.128026	0.0629676	
0.51642	1.19566e-06	1.20946e-06	1.17265e-06	96.9569	-29.1741	0.00516696	714.246	20837.5	40349.9	6.34033e-10	-0.180736	0.510741	-0.0341409	0.0791325	0.3194	
0.519765	1.2112e-06	1.23109e-06	1.19047e-06	96.7008	-29.0971	0.00516437	716.975	20861.9	40137.1	6.34033e-10	-0.0241193	0.309586	0.771493	-0.62687	-0.438234	
0.521394	1.21881e-06	1.25871e-06	1.19694e-06	95.0924	-29.0008	0.00515292	707.259	20511.1	39338.8	6.34033e-10	0.0417312	-0.0615826	0.492899	-0.0693632	0.402661	
0.523722	1.22971e-06	1.28944e-06	1.20523e-06	93.4693	-28.896	0.00515701	698.291	20177.8	38527.7	6.34033e-10	0.434527	0.0407962	-0.0140653	0.318993	0.199468	
0.520864	1.21632e-06	1.30722e-06	1.19481e-06	91.4007	-28.8365	0.00515817	679.109	19583.1	37597.4	6.34033e-10	0.0751609	-0.035609	-0.182766	-0.277067	0.332086	
0.526927	1.24481e-06	1.38685e-06	1.22242e-06	88.1437	-28.5797	0.00495003	662.534	18935	35934.8	6.34033e-10	0.343763	-0.421522	-0.577008	0.158266	-0.112057	
0.524528	1.2335e-06	1.36728e-06	1.21069e-06	88.547	-28.6414	0.00502051	662.534	18975.9	36177.2	6.34033e-10	0.219317	-0.0830807	0.711996	0.208055	-0.0258265	
0.517297	1.19972e-06	1.25138e-06	1.1738e-06	93.8	-29.0261	0.00503488	692.163	20090.8	38838.1	6.34033e-10	0.565665	0.745559	0.362849	0.0898314	0.296742	
0.522769	1.22524e-06	1.28512e-06	1.20173e-06	93.5111	-28.9106	0.00511031	697.331	20160.2	38564.4	6.34033e-10	0.430129	0.141526	0.13836	-0.064405	0.0161938	
0.523093	1.22676e-06	1.36166e-06	1.2044e-06	88.4509	-28.6593	0.00495093	660.005	18915.3	36160.5	6.34033e-10	0.452911	0.111424	0.00072432	-0.378767	-0.228696	
0.518221	1.20401e-06	1.23189e-06	1.18192e-06	95.9437	-29.0943	0.00521181	709.247	20635	39819	6.34033e-10	-0.231877	0.345788	-0.716627	-0.0403108	0.0729927	
0.519344	1.20924e-06	1.19936e-06	1.18667e-06	98.9417	-29.2105	0.0051403	732.995	21411.2	41227.3	6.34033e-10	-0.129974	0.203276	-0.143413	0.159532	0.411037	
0.523005	1.22635e-06	1.29216e-06	1.20515e-06	93.2669	-28.8869	0.00507228	695.824	20100.2	38432.1	6.34033e-10	0.216637	-0.445392	-0.0239105	-0.263512	0.535253	
0.526003	1.24045e-06	1.37817e-06	1.21735e-06	88.3308	-28.607	0.00512676	662.776	18960	36045.5	6.34033e-10	0.00600225	-0.132243	-0.134749	0.615668	-0.23691	
0.524462	1.23319e-06	1.30207e-06	1.21164e-06	93.0547	-28.8536	0.0051449	696.175	20087.2	38300.6	6.34033e-10	0.062985	-0.352443	0.178094	0.0467967	0.137787	
0.524371	1.23276e-06	1.315e-06	1.21117e-06	92.1041	-28.8107	0.00505611	688.943	19849	37852.9	6.34033e-10	0.253258	-0.321353	-0.0841908	-0.170601	0.0977195	
0.525352	1.23738e-06	1.35845e-06	1.21662e-06	89.5596	-28.6696	0.00535176	671.164	19242	36626.8	6.34033e-10	-0.307393	-0.457536	0.345001	0.252858	-0.202787	
0.524283	1.23235e-06	1.33003e-06	1.21045e-06	91.0092	-28.7614	0.00530348	680.639	19576.1	37338.9	6.34033e-10	-0.221298	-0.0502701	-0.0260249	0.308765	-0.430232	
0.523872	1.23042e-06	1.27606e-06	1.20814e-06	94.6777	-28.9413	0.00507922	707.521	20476.6	39087	6.34033e-10	0.172556	0.0140664	-0.097356	-0.0116463	-0.235097	
0.520553	1.21488e-06	1.26505e-06	1.19452e-06	94.4244	-28.9789	0.00529075	701.158	20318.8	39033.1	6.34033e-10	-0.392863	-0.0676984	-0.0269562	-0.149758	-0.0190212	
0.519773	1.21124e-06	1.17484e-06	1.18839e-06	101.153	-29.3002	0.00509891	749.998	21975.1	42278.2	6.34033e-10	-0.0840561	0.214272	0.112619	0.229352	0.393961	
0.526667	1.24358e-06	1.38118e-06	1.22024e-06	88.3474	-28.5975	0.0050856	663.737	18981.2	36040.3	6.34033e-10	0.0696042	0.0105057	0.0696985	0.596747	-0.644717	
0.519122	1.2082e-06	1.24601e-06	1.18651e-06	95.2248	-29.0448	0.00527332	705.157	20481.1	39453.4	6.34033e-10	-0.365561	0.284124	0.24119	0.0474893	-0.128006	
0.525636	1.23872e-06	1.36796e-06	1.21418e-06	88.7585	-28.6393	0.00527611	665.52	19060	36260.8	6.34033e-10	0.496366	0.0246977	-0.0223093	0.242484	-0.260553	
0.522811	1.22544e-06	1.34343e-06	1.20445e-06	89.6546	-28.7178	0.00544838	668.626	19201.5	36727.4	6.34033e-10	-0.22713	-0.287597	0.301603	0.0104599	0.109607	
0.521402	1.21884e-06	1.31583e-06	1.1969e-06	90.9615	-28.808	0.00523441	676.545	19489.9	37379.8	6.34033e-10	-0.0871463	0.0806296	-0.169739	0.00650908	0.0119064	
0.52305	1.22656e-06	1.33151e-06	1.20623e-06	90.5911	-28.7566	0.00518027	675.92	19437.1	37161.1	6.34033e-10	0.133696	-0.270993	-0.356824	-0.571146	-0.160807	
0.523053	1.22657e-06	1.30119e-06	1.2017e-06	92.3543	-28.8566	0.00520367	689.078	19884.5	38016.2	6.34033e-10	0.209082	0.3728	0.143144	0.537036	-0.390669	
0.51446	1.1866e-06	1.39292e-06	1.16494e-06	83.6331	-28.5607	0.00590553	613.756	17529.3	34073.3	6.34033e-10	-0.792973	0.340057	-0.0328509	-0.16511	0.0897392	
0.517976	1.20288e-06	1.41287e-06	1.18139e-06	83.6162	-28.499	0.00609207	617.826	17607.4	33992.7	6.34033e-10	-0.861462	0.0845077	0.317657	0.0299299	-0.190232	
0.518181	1.20383e-06	1.22229e-06	1.18083e-06	96.6078	-29.1282	0.00509833	714.101	20800.5	40141.4	6.34033e-10	0.124062	0.537412	0.29756	-0.194277	0.0319058	
0.523872	1.23042e-06	1.35053e-06	1.21002e-06	89.5961	-28.695	0.00526448	669.547	19212.6	36674.2	6.34033e-10	-0.165858	-0.851742	-0.30685	0.0895829	0.749188	
0.518357	1.20464e-06	1.16707e-06	1.18184e-06	101.266	-29.329	0.00504898	748.785	21961.1	42366.9	6.34033e-10	0.083419	0.454154	0.27296	-0.155584	0.170227	
0.520839	1.21621e-06	1.31213e-06	1.19413e-06	91.0063	-28.8202	0.00510029	676.147	19486.7	37414.1	6.34033e-10	0.201682	0.396847	0.468377	-0.410518	-0.450665	
0.525154	1.23645e-06	1.30209e-06	1.21427e-06	93.2552	-28.8536	0.0051118	698.596	20157	38383	6.34033e-10	0.110046	-0.187582	0.0718826	0.170129	-0.151998	
0.52016	1.21304e-06	1.31584e-06	1.19011e-06	90.4454	-28.808	0.00512823	671.103	19333.1	37167.7	6.34033e-10	0.0108138	0.251969	-0.112247	0.159753	0.225875	
0.518508	1.20535e-06	1.33774e-06	1.18191e-06	88.3514	-28.7363	0.0050375	653.484	18778.7	36216.8	6.34033e-10	0.234119	0.578885	-0.24058	-0.148751	-0.0453349	
0.52253	1.22412e-06	1.31935e-06	1.20201e-06	91.1064	-28.7964	0.00526709	679.089	19555.3	37424.3	6.34033e-10	-0.173333	0.0119364	0.0390512	0.240573	-0.0674008	
0.523206	1.22729e-06	1.36297e-06	1.20428e-06	88.3577	-28.6552	0.00503518	659.453	18896.7	36117.1	6.34033e-10	0.243384	0.199621	-0.151539	0.0382846	-0.314438	
0.520871	1.21636e-06	1.40276e-06	1.19509e-06	85.1955	-28.5302	0.0057209	633.013	18060	34672.6	6.34033e-10	-0.503581	0.0990325	-0.427408	0.0424197	-0.486844	
0.52436	1.23271e-06	1.35519e-06	1.21241e-06	89.4642	-28.68	0.00529777	669.183	19192.2	36601.1	6.34033e-10	-0.136722	-0.385427	-0.046692	-0.174639	-0.28167	
0.520794	1.216e-06	1.39699e-06	1.19599e-06	85.6115	-28.5481	0.00545457	636.011	18156.9	34863.8	6.34033e-10	-0.30482	-0.252653	0.299587	-0.298611	0.157593	
0.518759	1.20651e-06	1.21737e-06	1.18592e-06	97.4165	-29.1458	0.00508342	720.882	21010.7	40501.8	6.34033e-10	0.0238582	-0.0707151	0.373607	-0.549909	0.681063	
0.521232	1.21804e-06	1.31146e-06	1.19578e-06	91.1793	-28.8225	0.00524559	677.943	19540	37488.1	6.34033e-10	-0.133745	0.121859	0.033329	0.147297	0.0365616	
0.518521	1.20541e-06	1.23854e-06	1.18313e-06	95.5269	-29.0709	0.00526666	706.574	20540.8	39614.2	6.34033e-10	-0.359859	0.367629	-0.111139	0.162189	-0.0797007	
0.521094	1.2174e-06	1.25341e-06	1.19599e-06	95.4187	-29.0191	0.00508498	709.277	20582.6	39498.7	6.34033e-10	0.29375	0.20919	-0.207871	-0.670026	-0.25025	
0.524943	1.23545e-06	1.36138e-06	1.21092e-06	88.9484	-28.6602	0.00524545	666.065	19089.6	36365	6.34033e-10	0.619133	0.140953	-0.293023	-0.0113807	-0.365393	
0.51965	1.21067e-06	1.23768e-06	1.18935e-06	96.0944	-29.0739	0.00521257	712.321	20709.9	39853.6	6.34033e-10	-0.17913	0.266774	-0.137097	-0.258028	-0.223556	
0.517132	1.19896e-06	1.41925e-06	1.17906e-06	83.0762	-28.4794	0.00598858	612.836	17453.2	33750	6.34033e-10	-0.544758	-0.27006	-0.451065	-0.729757	0.399492	
0.525535	1.23824e-06	1.31003e-06	1.2169e-06	92.8908	-28.8272	0.00517632	696.371	20074.4	38198.1	6.34033e-10	0.0487961	-0.240595	0.0835978	-0.0169171	-0.422189	
0.519964	1.21213e-06	1.27874e-06	1.18958e-06	93.0281	-28.9322	0.0051056	690.008	19963.4	38393.9	6.34033e-10	0.0618371	0.166794	-0.051538	0.00730063	0.424964	
0.517788	1.202e-06	1.40722e-06	1.18216e-06	84.0067	-28.5164	0.00551542	620.486	17694	34172.4	6.34033e-10	-0.44847	-0.0812518	-0.125042	-0.456952	0.336917	
0.519847	1.21158e-06	1.23034e-06	1.18982e-06	96.7063	-29.0997	0.00521812	717.128	20868.2	40143	6.34033e-10	-0.217585	0.278819	0.152911	-0.0532053	-0.178558	
0.52301	1.22637e-06	1.25453e-06	1.20343e-06	95.9263	-29.0152	0.00521052	715.672	20765.4	39703.5	6.34033e-10	-0.151287	-0.0501748	0.296142	0.573399	0.248962	
0.522728	1.22505e-06	1.40005e-06	1.20319e-06	85.9394	-28.5386	0.00548092	640.817	18288	34985.7	6.34033e-10	-0.283222	-0.0473271	-0.034234	-0.00444994	-0.377023	
0.52276	1.2252e-06	1.35728e-06	1.20307e-06	88.638	-28.6733	0.00553148	660.98	18952.5	36254.6	6.34033e-10	-0.287277	0.0301933	-0.321396	0.233856	-0.32998	
0.520311	1.21375e-06	1.40084e-06	1.1899e-06	84.9416	-28.5361	0.00520991	630.449	17990.6	34576.5	6.34033e-10	-0.13322	0.505542	-0.0349672	0.424816	-0.459516	
0.525831	1.23964e-06	1.37024e-06	1.21944e-06	88.9941	-28.632	0.00535855	667.535	19112.9	36347.9	6.34033e-10	-0.320849	-0.785169	0.169158	0.238317	0.0728665	
0.527053	1.24541e-06	1.39542e-06	1.22351e-06	87.6802	-28.553	0.00488146	659.208	18822.3	35712.4	6.34033e-10	0.45253	-0.490234	0.458973	-0.0764066	-0.210246	
0.527557	1.24779e-06	1.40555e-06	1.22635e-06	87.2505	-28.5215	0.0050517	656.604	18727.4	35498.3	6.34033e-10	0.254684	-0.451209	0.138721	-0.0368286	-0.527713	
0.520863	1.21632e-06	1.33401e-06	1.19388e-06	89.4952	-28.7484	0.00505195	664.951	19116.3	36701.2	6.34033e-10	0.199832	0.00765143	0.132966	-0.137461	0.526768	
0.523056	1.22658e-06	1.27819e-06	1.20402e-06	94.1968	-28.934	0.00503271	702.83	20335.7	38878.7	6.34033e-10	0.226795	-0.0698819	0.115987	0.0449862	0.248019	
0.524543	1.23357e-06	1.32809e-06	1.21203e-06	91.2614	-28.7677	0.0052727	682.864	19644.4	37450.6	6.34033e-10	-0.0922823	0.0575189	-0.454206	-0.00948476	-0.833237	
0.518884	1.2071e-06	1.24043e-06	1.18465e-06	95.5032	-29.0643	0.0053043	706.895	20545.4	39595.3	6.34033e-10	-0.36316	0.55627	-0.0151799	0.11813	-0.687	
0.522785	1.22531e-06	1.26753e-06	1.20356e-06	94.9531	-28.9704	0.00499968	708.106	20514.1	39240.1	6.34033e-10	0.35123	-0.0601598	-0.255102	-0.398288	0.0439778	
0.524102	1.2315e-06	1.3586e-06	1.20807e-06	88.9202	-28.6691	0.00496175	664.787	19058.8	36364.7	6.34033e-10	0.28417	0.0294572	0.39983	0.283517	0.000597849	
0.521136	1.2176e-06	1.30506e-06	1.19485e-06	91.5548	-28.8437	0.00511478	680.61	19631.3	37670.2	6.34033e-10	0.0944612	0.231012	-0.0579971	0.0273412	0.0185272	
0.518514	1.20537e-06	1.24535e-06	1.1841e-06	95.0821	-29.0471	0.00522445	703.275	20428.1	39397.4	6.34033e-10	-0.273967	0.218145	0.340872	-0.178422	0.130347	
0.519049	1.20787e-06	1.25035e-06	1.18759e-06	94.9803	-29.0297	0.00519326	703.248	20415.1	39331.6	6.34033e-10	-0.196806	-0.0534885	0.0506729	-0.43553	0.372069	
0.520472	1.21449e-06	1.32886e-06	1.19219e-06	89.7152	-28.7652	0.00515791	666.085	19160.1	36812.9	6.34033e-10	-0.0426471	0.151097	0.79797	0.0874192	0.254059	
0.519948	1.21205e-06	1.41393e-06	1.19217e-06	84.3161	-28.4957	0.00551977	625.37	17820.4	34273.3	6.34033e-10	-0.295041	-0.109876	0.426803	-0.49668	-0.0467239	
0.522712	1.22497e-06	1.34168e-06	1.19918e-06	89.3789	-28.7235	0.00526945	666.444	19142.6	36621.7	6.34033e-10	0.575024	0.199539	-0.31557	0.359103	0.305683	
0.52186	1.22098e-06	1.30628e-06	1.19771e-06	91.6892	-28.8396	0.00515875	682.557	19684.7	37720.2	6.34033e-10	-0.0552965	0.141499	-0.17252	0.448687	0.141972	
0.52526	1.23694e-06	1.33771e-06	1.21689e-06	90.9684	-28.7364	0.00520023	681.602	19586.8	37289.7	6.34033e-10	0.063306	-0.647243	0.399669	-0.32184	-0.132139	
0.527954	1.24967e-06	1.41391e-06	1.22837e-06	86.8776	-28.4958	0.0051118	654.29	18644.5	35314.6	6.34033e-10	0.125756	-0.711873	-0.610662	0.172923	-0.212168	
0.523056	1.22658e-06	1.29012e-06	1.20249e-06	93.2075	-28.8937	0.00515583	695.448	20094.1	38416.7	6.34033e-10	0.32248	0.186194	0.0827297	0.243075	-0.0403842	
0.521119	1.21752e-06	1.29523e-06	1.19234e-06	92.056	-28.8765	0.00522695	684.314	19760.6	37919.6	6.34033e-10	0.15293	0.526125	-0.753795	0.542121	-0.365767	
0.521409	1.21887e-06	1.2579e-06	1.19846e-06	95.2751	-29.0035	0.00528375	708.638	20553	39418.2	6.34033e-10	-0.299952	0.0782042	0.142235	-0.276044	-0.518717	
0.520964	1.2168e-06	1.4682e-06	1.19649e-06	81.4936	-28.3322	0.00527941	605.617	17158.4	32935.9	6.34033e-10	-0.178245	0.139345	0.394643	-0.443762	-0.613005	
0.526831	1.24435e-06	1.37883e-06	1.2209e-06	88.5459	-28.6049	0.00537561	665.435	19034.7	36130.6	6.34033e-10	0.390968	-0.56087	-0.0630836	0.317251	0.301631	
0.525859	1.23977e-06	1.37497e-06	1.21699e-06	88.5103	-28.6171	0.00499294	663.941	19000	36131.4	6.34033e-10	0.280245	-0.0332444	0.668511	0.161844	-0.465733	
0.521484	1.21922e-06	1.2686e-06	1.1946e-06	94.1667	-28.9668	0.00512409	700.494	20291	38910.2	6.34033e-10	0.391227	0.174284	-0.110924	0.285586	0.498522	
0.521942	1.22137e-06	1.3286e-06	1.19746e-06	90.1293	-28.7661	0.00521776	671.05	19303.5	36983.9	6.34033e-10	0.235275	0.182257	0.378235	0.229374	0.198186	
0.518622	1.20588e-06	1.41067e-06	1.18561e-06	84.0461	-28.5057	0.00580705	621.778	17724.2	34175.6	6.34033e-10	-0.675662	-0.0621962	0.540899	-0.160643	0.000933909	
0.525301	1.23714e-06	1.3701e-06	1.21449e-06	88.6424	-28.6325	0.00491427	664.226	19018.4	36204.8	6.34033e-10	0.376602	-0.435658	0.468182	0.159792	0.403979	
0.521202	1.2179e-06	1.24669e-06	1.19556e-06	95.8986	-29.0424	0.00495943	712.991	20707	39729.3	6.34033e-10	0.324856	-0.12631	0.476168	-0.171319	0.784651	
0.526134	1.24107e-06	1.32828e-06	1.22024e-06	91.8656	-28.7671	0.00521336	689.471	19834.1	37697.7	6.34033e-10	-0.0465421	-0.648783	0.12857	0.115303	0.0104247	
0.528599	1.25272e-06	1.40004e-06	1.23038e-06	87.8813	-28.5386	0.00496124	662.657	18911.3	35776.3	6.34033e-10	0.286485	-0.396323	-0.317469	0.289145	-0.556566	
0.522928	1.22599e-06	1.33796e-06	1.2048e-06	90.0473	-28.7356	0.00528655	671.706	19301.8	36911.1	6.34033e-10	-0.15675	-0.0594442	0.552804	-0.0458731	-0.282813	
0.518579	1.20568e-06	1.18346e-06	1.18295e-06	99.9571	-29.2685	0.00508919	739.426	21641.8	41733	6.34033e-10	0.00303364	0.355545	0.0764731	-0.0402688	0.306961	
0.526315	1.24192e-06	1.36285e-06	1.22218e-06	89.6782	-28.6555	0.00530876	673.285	19293.3	36657.4	6.34033e-10	-0.100228	-0.55016	-0.0474105	-0.265021	-0.693766	
0.522762	1.22521e-06	1.27809e-06	1.2003e-06	93.9137	-28.9344	0.00513971	700.324	20263.4	38762.3	6.34033e-10	0.456463	0.147178	-0.00595518	0.35061	0.287727	
0.522281	1.22296e-06	1.24842e-06	1.20085e-06	96.1897	-29.0364	0.00512668	716.637	20808.6	39841.6	6.34033e-10	0.0635108	-0.125242	0.367161	0.0570871	0.40728	
0.519801	1.21137e-06	1.37967e-06	1.18746e-06	86.0687	-28.6023	0.00509589	638.188	18253.6	35116.5	6.34033e-10	0.0291189	0.361136	-0.360386	0.41435	0.220145	
0.521651	1.22001e-06	1.35262e-06	1.19618e-06	88.4342	-28.6882	0.00514435	658.062	18878.6	36190.2	6.34033e-10	-0.0294429	0.189694	-0.00114087	0.572607	0.188158	
0.519182	1.20848e-06	1.3934e-06	1.18718e-06	85.2	-28.5592	0.00549383	630.994	18020.7	34709.8	6.34033e-10	-0.4884	-0.0379299	-0.0672327	0.139104	0.414679	
0.515061	1.18938e-06	1.33575e-06	1.16705e-06	87.3707	-28.7428	0.00566079	641.934	18451	35822.9	6.34033e-10	-0.404512	0.442928	0.118255	-0.145366	0.344642	
0.522137	1.22228e-06	1.31651e-06	1.19968e-06	91.1251	-28.8057	0.00508446	678.717	19550.9	37444.1	6.34033e-10	0.1333	0.0130839	-0.317234	0.075244	0.257229	
0.526281	1.24176e-06	1.37382e-06	1.21799e-06	88.6578	-28.6207	0.00531945	665.581	19049.4	36196.3	6.34033e-10	0.501538	-0.172175	-0.00598869	0.0900459	-0.215963	
0.520669	1.21542e-06	1.4107e-06	1.19527e-06	84.7291	-28.5057	0.00579175	629.304	17938.7	34453.2	6.34033e-10	-0.630581	-0.300063	-0.0434822	-0.0568149	0.0482595	
0.524328	1.23256e-06	1.35428e-06	1.20823e-06	89.2161	-28.6829	0.00524393	667.286	19139.7	36503.3	6.34033e-10	0.671818	-0.0719797	0.328231	-0.0703256	0.167224	
0.523188	1.22721e-06	1.34991e-06	1.2012e-06	88.9836	-28.6969	0.00517849	664.101	19057.7	36426	6.34033e-10	0.850757	0.00451545	0.0430437	0.149263	0.581566	
0.524595	1.23382e-06	1.29514e-06	1.21196e-06	93.5775	-28.8768	0.00514734	700.264	20221.4	38546.7	6.34033e-10	0.0517776	-0.195029	0.445842	0.109235	-0.0980249	
0.521822	1.2208e-06	1.4584e-06	1.19965e-06	82.2578	-28.3612	0.00536468	612.301	17365.6	33278.8	6.34033e-10	-0.337363	-0.047044	0.0317539	0.134305	-0.162303	
0.524551	1.23361e-06	1.38739e-06	1.21245e-06	87.3911	-28.578	0.00505651	653.915	18687.6	35625.9	6.34033e-10	0.261416	-0.561307	0.086679	-0.229528	0.295397	
0.51629	1.19506e-06	1.32908e-06	1.17209e-06	88.1883	-28.7645	0.00570678	649.487	18682.2	36185.4	6.34033e-10	-0.510619	0.538689	0.622721	0.145829	-0.163474	
0.524069	1.23134e-06	1.33238e-06	1.21063e-06	90.8624	-28.7537	0.00522746	679.265	19531.4	37268.7	6.34033e-10	-0.00722565	-0.279597	0.185629	-0.224891	-0.235429	
0.518181	1.20383e-06	1.26278e-06	1.179e-06	93.3654	-28.9867	0.00506072	690.134	20004.7	38605.7	6.34033e-10	0.4392	0.549419	-0.0224898	0.00400358	0.417164	
0.519185	1.2085e-06	1.32047e-06	1.18497e-06	89.7386	-28.7927	0.00509435	664.611	19135.9	36857.7	6.34033e-10	0.0987565	0.521095	0.00620686	0.0902139	-0.0919063	
0.52217	1.22244e-06	1.36559e-06	1.19879e-06	87.7859	-28.6468	0.00526708	653.888	18731.8	35873	6.34033e-10	0.260349	0.496755	-0.100899	-0.0729011	-0.741019	
0.526994	1.24512e-06	1.39728e-06	1.22337e-06	87.554	-28.5472	0.00510427	658.185	18789.3	35653.8	6.34033e-10	0.113252	-0.523812	0.125011	0.238492	-0.115559	
0.524736	1.23448e-06	1.30075e-06	1.21287e-06	93.2438	-28.8581	0.0051392	697.954	20141.6	38384.3	6.34033e-10	0.0376663	-0.514449	-0.287722	0.180447	0.404838	
0.51779	1.20201e-06	1.40491e-06	1.18151e-06	84.0984	-28.5235	0.00555345	621.166	17717.8	34218.2	6.34033e-10	-0.572522	0.00964939	0.0832384	-0.121574	0.318968	
0.516295	1.19508e-06	1.18316e-06	1.17198e-06	99.0553	-29.2696	0.0050759	729.527	21352.9	41358	6.34033e-10	0.0588679	0.601137	0.105255	-0.202282	0.28397	
0.520584	1.21502e-06	1.38091e-06	1.19499e-06	86.5364	-28.5983	0.00558736	642.622	18377.9	35302.5	6.34033e-10	-0.29349	-0.488978	-0.253432	-0.277702	0.632719	
0.522822	1.22549e-06	1.32804e-06	1.20512e-06	90.7442	-28.7679	0.00517621	676.766	19469.1	37238.6	6.34033e-10	0.116336	-0.286098	0.530771	-0.521719	-0.0408701	
0.524236	1.23213e-06	1.37594e-06	1.21268e-06	88.1346	-28.614	0.00532557	659.082	18859	35974.2	6.34033e-10	-0.176866	-0.740824	-0.0730798	-0.275491	0.0287517	
0.521477	1.21919e-06	1.31779e-06	1.19773e-06	90.8897	-28.8015	0.00521268	676.108	19473	37341.9	6.34033e-10	0.0175412	0.21305	0.610702	-0.331384	-0.419581	
0.525638	1.23873e-06	1.37615e-06	1.21615e-06	88.3737	-28.6133	0.00502896	662.638	18960.3	36071	6.34033e-10	0.230768	-0.144553	0.130608	0.175395	-0.252201	
0.519934	1.21199e-06	1.276e-06	1.18643e-06	92.9809	-28.9415	0.00512568	689.617	19958.6	38386.7	6.34033e-10	0.354075	0.557852	0.130339	0.39877	0.0251434	
0.519003	1.20765e-06	1.41363e-06	1.18682e-06	83.9555	-28.4966	0.00552492	621.563	17712.4	34127.8	6.34033e-10	-0.520474	0.0517517	0.0120773	-0.0268821	0.0634962	
0.521205	1.21792e-06	1.33673e-06	1.19548e-06	89.4332	-28.7396	0.00506769	664.927	19109.7	36664.5	6.34033e-10	0.160534	0.0344675	0.194153	-0.0426305	0.408596	
0.521795	1.22068e-06	1.26655e-06	1.19855e-06	94.6308	-28.9738	0.00503061	704.367	20408.2	39111.5	6.34033e-10	0.290873	0.0604938	-0.177826	-0.29851	0.143974	
0.524996	1.2357e-06	1.3682e-06	1.21255e-06	88.6239	-28.6385	0.00498847	663.701	19007.4	36204.9	6.34033e-10	0.277298	0.107914	0.517613	0.193097	-0.466265	
0.523918	1.23063e-06	1.36115e-06	1.20744e-06	88.708	-28.661	0.00498636	662.967	19001.3	36267.7	6.34033e-10	0.281423	0.0552126	0.0258561	0.171512	-0.0862789	
0.526828	1.24434e-06	1.40095e-06	1.22296e-06	87.2952	-28.5358	0.00514774	656.033	18720.4	35534.2	6.34033e-10	0.0951404	-0.438186	-0.106668	0.0752328	-0.371656	
0.523585	1.22907e-06	1.32636e-06	1.20769e-06	91.053	-28.7734	0.00524719	680.061	19567.6	37372.4	6.34033e-10	-0.0901512	-0.130326	0.29642	0.00862018	-0.199784	
0.527026	1.24528e-06	1.42577e-06	1.22473e-06	85.8997	-28.4595	0.0051308	645.788	18378.8	34872.7	6.34033e-10	0.123429	-1.13037	-0.27165	0.0303845	0.314352	
0.517198	1.19927e-06	1.22309e-06	1.17792e-06	96.3071	-29.1254	0.00512056	710.528	20694.4	40012.6	6.34033e-10	0.0152102	0.443602	-0.0152946	-0.637892	0.0238284	
0.514475	1.18667e-06	1.32486e-06	1.16355e-06	87.8241	-28.7783	0.00569707	644.531	18548.5	36053.3	6.34033e-10	-0.479208	0.534715	0.387846	0.105932	0.327383	
0.525647	1.23877e-06	1.33435e-06	1.21756e-06	91.2476	-28.7473	0.00527822	684.198	19668.9	37418.4	6.34033e-10	-0.103622	-0.110065	-0.233918	0.0205542	-0.822372	
0.519179	1.20847e-06	1.21739e-06	1.18703e-06	97.5057	-29.1457	0.0051338	722.127	21046.9	40538.8	6.34033e-10	-0.0718462	0.136953	-0.111097	-0.26216	0.325408	
0.526496	1.24277e-06	1.37974e-06	1.21902e-06	88.3512	-28.602	0.00531639	663.55	18978.9	36047.5	6.34033e-10	0.517904	-0.359663	0.180209	0.124875	0.0388076	
0.517002	1.19836e-06	1.27709e-06	1.1739e-06	91.9204	-28.9378	0.00503821	677.907	19617.1	37944	6.34033e-10	0.122976	0.544895	-0.0573875	0.289201	0.561632	
0.523468	1.22852e-06	1.30979e-06	1.20691e-06	92.1451	-28.828	0.00518892	688.063	19835.5	37892.4	6.34033e-10	0.0178885	-0.106439	0.0269692	-0.0462125	-0.125181	
0.520823	1.21614e-06	1.37581e-06	1.19236e-06	86.6654	-28.6144	0.00503444	643.876	18424.1	35375	6.34033e-10	0.180842	0.396335	0.172949	0.211984	-0.0694251	
0.520048	1.21252e-06	1.21828e-06	1.19097e-06	97.7589	-29.1425	0.00516661	725.213	21134.6	40639.7	6.34033e-10	-0.0707171	0.327774	0.168475	-0.304636	-0.335672	
0.520599	1.21509e-06	1.27495e-06	1.19085e-06	93.4035	-28.9451	0.00505976	693.638	20077.4	38565.9	6.34033e-10	0.530831	0.374781	0.0074368	-0.130777	0.181356	
0.520278	1.21359e-06	1.19592e-06	1.19125e-06	99.6094	-29.223	0.00514768	739.268	21603.6	41523.2	6.34033e-10	-0.0970788	0.351139	-0.268206	-0.00723825	-0.252333	
0.522257	1.22284e-06	1.282e-06	1.20066e-06	93.6551	-28.9211	0.00511836	697.721	20178.9	38637.8	6.34033e-10	0.0835347	-0.0615513	0.645498	0.0382895	0.299786	
0.520742	1.21576e-06	1.39924e-06	1.19293e-06	85.2559	-28.5411	0.00508187	633.305	18075.2	34710.5	6.34033e-10	0.0755043	0.206417	-0.187281	0.127255	0.189886	
0.525252	1.23691e-06	1.29992e-06	1.21478e-06	93.4503	-28.8608	0.00513321	700.189	20208	38473	6.34033e-10	0.131009	0.0667375	0.163933	0.00708776	-0.745312	
0.52389	1.2305e-06	1.35753e-06	1.20728e-06	88.932	-28.6725	0.0049037	664.607	19055.9	36373.9	6.34033e-10	0.416531	-0.0609464	-0.408781	0.08116	0.181289	
0.524988	1.23566e-06	1.34801e-06	1.20862e-06	89.6595	-28.7031	0.00521061	671.447	19272.6	36710.5	6.34033e-10	0.685622	0.409361	0.0613085	0.572493	-0.557423	
0.523725	1.22973e-06	1.49019e-06	1.20977e-06	81.1822	-28.2676	0.00535991	606.499	17144.3	32735.2	6.34033e-10	-0.356923	-0.643819	0.180654	0.109699	0.224489	
0.520006	1.21232e-06	1.28146e-06	1.18917e-06	92.7978	-28.923	0.00516199	688.355	19909.3	38286.6	6.34033e-10	-0.0314857	0.425296	0.0410723	0.178185	-0.163241	
0.525385	1.23753e-06	1.36363e-06	1.21378e-06	89.0111	-28.653	0.00493622	667.095	19114.3	36381.5	6.34033e-10	0.27891	-0.0761029	-0.548569	0.501939	-0.015792	
0.522062	1.22193e-06	1.434e-06	1.20073e-06	83.733	-28.4345	0.00580901	623.569	17730.9	33963.2	6.34033e-10	-0.283351	-0.308495	-0.277455	-0.168661	0.0820242	
0.516779	1.19732e-06	1.30624e-06	1.17471e-06	89.9312	-28.8398	0.0058032	662.951	19119.4	36997.2	6.34033e-10	-0.500503	0.553623	0.281572	-0.00132645	-0.410528	
0.52495	1.23548e-06	1.37004e-06	1.21239e-06	88.4928	-28.6327	0.00507756	662.662	18973.8	36144	6.34033e-10	0.103024	-0.061911	0.0816198	0.436322	-0.120397	
0.521051	1.2172e-06	1.40645e-06	1.19434e-06	84.919	-28.5188	0.00517619	631.177	18000.4	34546.3	6.34033e-10	-0.10019	0.202618	0.524277	0.340983	0.075056	
0.520693	1.21553e-06	1.24094e-06	1.19416e-06	96.231	-29.0625	0.00524166	714.765	20772.9	39894.6	6.34033e-10	-0.272928	0.114242	-0.148891	-0.0173176	-0.111897	
0.521229	1.21803e-06	1.21305e-06	1.19654e-06	98.6389	-29.1612	0.00516224	733.403	21386.9	41031.7	6.34033e-10	-0.208911	-0.178192	-0.195835	0.154978	0.55935	
0.522011	1.22169e-06	1.35384e-06	1.19944e-06	88.5957	-28.6843	0.00550863	659.718	18923.6	36251.3	6.34033e-10	-0.185288	0.0358069	-0.491097	0.0593476	-0.146268	
0.525011	1.23577e-06	1.32929e-06	1.21428e-06	91.3487	-28.7638	0.00527446	684.128	19678.1	37481.3	6.34033e-10	-0.166261	-0.258743	0.104768	0.247945	-0.242023	
0.521318	1.21845e-06	1.26365e-06	1.19593e-06	94.6413	-28.9837	0.00522835	703.801	20398.8	39129.2	6.34033e-10	-0.119305	0.14314	0.429478	0.215572	0.064399	
0.524258	1.23223e-06	1.29952e-06	1.20949e-06	93.0726	-28.8622	0.00507482	696.038	20089.2	38319.3	6.34033e-10	0.12185	-0.12093	0.225546	0.295863	0.103634	
0.52022	1.21332e-06	1.38903e-06	1.18994e-06	85.667	-28.5729	0.0050974	635.722	18164.4	34916.8	6.34033e-10	0.0634265	0.367164	-0.150595	0.211464	0.0152822	
0.521879	1.22107e-06	1.39057e-06	1.1978e-06	86.1378	-28.5681	0.00507116	641.254	18319.4	35102.8	6.34033e-10	0.151737	0.341585	-0.0929534	0.132054	-0.31824	
0.52507	1.23605e-06	1.28984e-06	1.21348e-06	94.0794	-28.8946	0.00517236	704.658	20360.8	38777.3	6.34033e-10	-0.0222249	0.0106875	0.0159892	0.354254	-0.472168	
0.52377	1.22994e-06	1.29255e-06	1.20806e-06	93.4632	-28.8855	0.00513579	698.308	20171	38511.2	6.34033e-10	0.104534	-0.0395421	0.314537	-0.0576886	-0.227296	
0.517375	1.20009e-06	1.22806e-06	1.17832e-06	95.9497	-29.1078	0.00516444	708.134	20612.2	39840	6.34033e-10	-0.128956	0.370767	-0.427457	-0.300614	0.196636	
0.526203	1.24139e-06	1.30985e-06	1.21962e-06	93.1113	-28.8278	0.00520354	698.911	20148.1	38289.5	6.34033e-10	-0.0722526	-0.371207	-0.0352002	0.356229	-0.172675	
0.523807	1.23011e-06	1.33224e-06	1.20927e-06	90.7694	-28.7542	0.0052313	678.23	19501.9	37231.1	6.34033e-10	-0.0299348	-0.252722	0.440093	-0.176661	-0.177123	
0.516448	1.19579e-06	1.20508e-06	1.17347e-06	97.3765	-29.1898	0.00511047	717.377	20940.1	40546.4	6.34033e-10	-0.0205265	0.534564	0.509243	-0.327173	0.224373	
0.527184	1.24602e-06	1.39505e-06	1.22406e-06	87.743	-28.5541	0.00505088	659.843	18841.2	35739.4	6.34033e-10	0.191794	-0.484838	0.133305	0.220569	-0.169076	
0.523559	1.22895e-06	1.38471e-06	1.20818e-06	87.252	-28.5864	0.00554302	651.639	18628	35579.6	6.34033e-10	-0.378444	-0.27033	-0.639021	0.0545683	-0.3173	
0.518032	1.20314e-06	1.23487e-06	1.18198e-06	95.7175	-29.0838	0.00516661	707.317	20571.5	39710.8	6.34033e-10	-0.126114	0.26466	0.293445	-0.417174	0.168625	
0.523687	1.22955e-06	1.30388e-06	1.20732e-06	92.5948	-28.8476	0.00521004	691.711	19954.2	38103.3	6.34033e-10	-0.0693631	-0.0764144	-0.440287	0.255185	-0.0742356	
0.520182	1.21315e-06	1.24495e-06	1.19052e-06	95.6275	-29.0485	0.00517833	709.585	20612.4	39625.3	6.34033e-10	-0.0547629	0.217112	0.0548817	0.0328988	0.164495	
0.521618	1.21985e-06	1.3463e-06	1.19651e-06	88.8742	-28.7086	0.00511758	661.293	18984.8	36396	6.34033e-10	0.425836	0.202708	0.200398	-0.185981	0.13451	
0.524243	1.23216e-06	1.31334e-06	1.21033e-06	92.1562	-28.8162	0.0052171	689.165	19859.1	37881.6	6.34033e-10	-0.0911541	-0.288042	-0.0286694	0.268859	0.135755	
0.524152	1.23173e-06	1.37241e-06	1.20981e-06	88.1521	-28.6252	0.00500183	659.108	18867.1	35995.4	6.34033e-10	0.389086	-0.0108434	-0.0299904	-0.362664	-0.373167	
0.51952	1.21006e-06	1.35785e-06	1.18597e-06	87.3418	-28.6715	0.00494019	647.278	18558.4	35722.2	6.34033e-10	0.306234	0.332097	0.147172	0.168714	0.533917	
0.519796	1.21134e-06	1.2276e-06	1.19064e-06	96.9892	-29.1094	0.00513264	719.155	20934.2	40273.9	6.34033e-10	-0.036991	-0.0291815	-0.576499	-0.453499	0.323263	
0.515656	1.19213e-06	1.39987e-06	1.17055e-06	83.6181	-28.5391	0.00557477	615.073	17553.6	34041.4	6.34033e-10	-0.650139	0.422495	0.481511	0.034016	-0.0338947	
0.52031	1.21374e-06	1.39753e-06	1.19307e-06	85.37	-28.5464	0.00553951	633.628	18087.8	34763.4	6.34033e-10	-0.493854	-0.0242963	0.168591	-0.0184512	-0.0995866	
0.526894	1.24465e-06	1.39112e-06	1.22251e-06	87.8798	-28.5664	0.00509902	660.509	18868.3	35810.5	6.34033e-10	0.095623	-0.446744	-0.0619922	0.357761	-0.0945912	
0.520793	1.21599e-06	1.2152e-06	1.19548e-06	98.3771	-29.1535	0.0051195	730.845	21306.7	40912.1	6.34033e-10	0.00214663	-0.0298124	0.159516	-0.506948	0.0472606	
0.523025	1.22644e-06	1.26033e-06	1.20383e-06	95.5173	-28.9952	0.00503716	712.641	20663.1	39507	6.34033e-10	0.188699	0.0138375	0.382306	0.0710223	0.0935744	
0.521456	1.21909e-06	1.23618e-06	1.19762e-06	96.8808	-29.0792	0.00524182	720.645	20955.8	40187.1	6.34033e-10	-0.25959	0.10079	-0.563084	0.0373899	-0.231158	
0.521096	1.21741e-06	1.25162e-06	1.19571e-06	95.5332	-29.0253	0.00510649	710.131	20611.7	39554.6	6.34033e-10	0.13936	-0.121898	0.269834	-0.219231	0.565732	
0.518882	1.20709e-06	1.39169e-06	1.18542e-06	85.1781	-28.5646	0.00545999	630.467	18009	34707.4	6.34033e-10	-0.457109	0.0885584	0.363722	0.196274	0.325348	
0.524646	1.23405e-06	1.37149e-06	1.21116e-06	88.3101	-28.6281	0.00506784	660.911	18920.6	36063.6	6.34033e-10	0.180731	0.082262	-0.103914	0.186676	-0.42988	
0.52319	1.22721e-06	1.37856e-06	1.20688e-06	87.5463	-28.6057	0.00544337	653.376	18690.3	35723.7	6.34033e-10	-0.306703	-0.227969	0.417056	-0.115969	-0.382322	
0.519581	1.21034e-06	1.39996e-06	1.19044e-06	85.0339	-28.5388	0.00538029	630.248	17986.6	34617.4	6.34033e-10	0.0315072	-0.250463	-0.58701	-1.00437	0.171312	
0.52356	1.22895e-06	1.27153e-06	1.20683e-06	94.9119	-28.9567	0.00504401	708.849	20526	39204.6	6.34033e-10	0.194825	-0.252799	-0.497677	0.0259267	0.362246	
0.523726	1.22973e-06	1.35936e-06	1.20986e-06	89.0023	-28.6667	0.00527258	664.923	19061.1	36395.2	6.34033e-10	-0.0423228	-0.392522	-0.286462	-0.459244	-0.297489	
0.525163	1.23649e-06	1.35383e-06	1.21113e-06	89.4595	-28.6843	0.00532429	670.172	19223.5	36604.8	6.34033e-10	0.39459	-0.00963566	0.335356	0.632887	0.115813	
0.525302	1.23714e-06	1.39138e-06	1.21598e-06	87.3934	-28.5655	0.00499571	654.869	18706.7	35611.3	6.34033e-10	0.413655	-0.420136	0.191083	-0.430393	-0.170499	
0.52406	1.2313e-06	1.4094e-06	1.2093e-06	85.8024	-28.5097	0.00557656	641.426	18286.8	34894.6	6.34033e-10	-0.448548	-0.0902594	-0.576215	0.310641	-0.605515	
0.527101	1.24563e-06	1.39125e-06	1.22336e-06	87.9322	-28.566	0.00514994	661.163	18886.7	35831.3	6.34033e-10	0.00227368	-0.377163	-0.0400174	0.486368	-0.229773	
0.523491	1.22863e-06	1.36178e-06	1.20625e-06	88.5794	-28.6589	0.00490333	661.467	18957	36212.6	6.34033e-10	0.506149	-0.0622569	0.125189	-0.333609	0.0358729	
0.519188	1.20851e-06	1.2283e-06	1.18758e-06	96.6852	-29.107	0.00514474	716.062	20842.4	40144.2	6.34033e-10	-0.0423525	0.189884	0.253318	-0.498326	0.0442375	
0.52351	1.22872e-06	1.26338e-06	1.20647e-06	95.4954	-28.9847	0.00501587	713.139	20670.1	39483.6	6.34033e-10	0.234026	-0.117463	-0.0928032	-0.0284266	0.147993	
0.521839	1.22088e-06	1.30664e-06	1.19826e-06	91.7053	-28.8384	0.00525402	682.649	19686.5	37725.3	6.34033e-10	-0.207795	-0.0285666	-0.11662	0.456306	0.338852	
0.523431	1.22834e-06	1.29087e-06	1.20654e-06	93.4669	-28.8912	0.00512141	697.884	20162.7	38520.3	6.34033e-10	0.116908	-0.140674	0.289903	-0.0590385	0.053928	
0.521905	1.22119e-06	1.37884e-06	1.20055e-06	87.0695	-28.6049	0.00551948	648.222	18542.3	35528.1	6.34033e-10	-0.176356	-0.230084	0.650284	-0.279398	0.0174376	
0.526268	1.2417e-06	1.36844e-06	1.21785e-06	88.9954	-28.6377	0.00498492	668.099	19132.8	36355.7	6.34033e-10	0.135179	-0.209833	0.39623	0.813318	0.103014	
0.520105	1.21278e-06	1.26241e-06	1.19289e-06	94.4932	-28.988	0.00523793	701.064	20322.5	39073.8	6.34033e-10	-0.246574	-0.0911397	0.0733938	-0.467352	0.0302172	
0.522424	1.22362e-06	1.38059e-06	1.20258e-06	87.1068	-28.5994	0.00574764	649.144	18565.1	35536.5	6.34033e-10	-0.450827	-0.334798	-0.355709	0.17765	0.163614	
0.525631	1.23869e-06	1.3903e-06	1.21731e-06	87.5569	-28.5689	0.00499107	656.504	18755.6	35682.1	6.34033e-10	0.416859	-0.32271	-0.168123	-0.386846	-0.340219	
0.519221	1.20867e-06	1.21514e-06	1.18654e-06	97.6459	-29.1537	0.00517763	723.224	21084.7	40608.3	6.34033e-10	-0.108799	0.453248	0.228256	-0.164372	-0.334537	
0.523037	1.2265e-06	1.35052e-06	1.20277e-06	89.0595	-28.695	0.00528968	664.476	19067.1	36454.6	6.34033e-10	0.107635	0.25882	0.424184	0.32323	-0.339044	
0.524633	1.23399e-06	1.33472e-06	1.21314e-06	90.8906	-28.7461	0.00524679	680.207	19553.3	37270.4	6.34033e-10	-0.0622116	-0.33926	-0.128103	-0.0707949	-0.209826	
0.519758	1.21117e-06	1.38598e-06	1.18724e-06	85.6603	-28.5824	0.00513427	635.107	18152.9	34925.7	6.34033e-10	-0.018558	0.543386	0.558507	0.39214	-0.28007	
0.524537	1.23354e-06	1.36714e-06	1.21065e-06	88.5536	-28.6419	0.00505393	662.596	18978	36180.4	6.34033e-10	0.151818	-0.121283	0.213024	0.323319	0.0632633	
0.525312	1.23719e-06	1.34492e-06	1.2171e-06	90.4962	-28.713	0.00523946	678.132	19471.2	37066	6.34033e-10	-0.0146955	-0.604719	0.340996	-0.23806	-0.18829	
0.520967	1.21681e-06	1.2522e-06	1.19589e-06	95.5031	-29.0233	0.00527331	709.731	20598.7	39539.4	6.34033e-10	-0.298839	0.140619	-0.105949	-0.155336	-0.403804	
0.525995	1.24041e-06	1.31839e-06	1.21912e-06	92.4701	-28.7996	0.0052001	693.825	19981.8	37988.6	6.34033e-10	-0.0418049	-0.52172	-0.153986	0.207404	-0.00880133	
0.522833	1.22554e-06	1.42727e-06	1.20351e-06	84.3224	-28.4549	0.0053959	628.887	17894.9	34226.8	6.34033e-10	-0.169066	-0.514331	0.148151	0.0068749	0.515311	
0.522212	1.22263e-06	1.32975e-06	1.20089e-06	90.3091	-28.7623	0.00528806	672.736	19349.4	37052.8	6.34033e-10	-0.146272	0.195536	-0.085981	-0.0346991	-0.56062	
0.527065	1.24546e-06	1.36511e-06	1.22008e-06	89.376	-28.6483	0.00525329	671.972	19250.9	36524.7	6.34033e-10	0.790536	-0.0570473	0.0309554	0.148499	-0.381785	
0.516324	1.19522e-06	1.38374e-06	1.17361e-06	84.8143	-28.5895	0.00581491	624.68	17859.2	34589.2	6.34033e-10	-0.742441	0.153049	-0.211083	0.106468	0.352508	
0.524567	1.23368e-06	1.2669e-06	1.21042e-06	95.5415	-28.9726	0.00511347	714.924	20713.2	39486.2	6.34033e-10	-0.043486	-0.0771001	0.325148	0.668591	0.065135	
0.516225	1.19476e-06	1.32208e-06	1.1728e-06	88.7089	-28.7874	0.00552665	653.24	18805.1	36428.1	6.34033e-10	-0.296397	0.276059	0.348931	-0.172958	0.576121	
0.516102	1.19419e-06	1.32161e-06	1.17234e-06	88.705	-28.789	0.00554085	653.055	18800.8	36428.4	6.34033e-10	-0.243972	0.390959	-0.111339	-0.374209	0.256298	
0.520358	1.21396e-06	1.25494e-06	1.19244e-06	95.0201	-29.0138	0.00530947	705.316	20463.9	39326.6	6.34033e-10	-0.505685	0.0123554	0.291191	0.337836	0.17875	
0.519909	1.21187e-06	1.20175e-06	1.18886e-06	98.9272	-29.2019	0.00519146	733.684	21425	41209.1	6.34033e-10	-0.276598	0.191985	0.478829	0.509692	0.362413	
0.525452	1.23785e-06	1.31613e-06	1.21567e-06	92.3674	-28.807	0.00510325	692.338	19944.2	37956.3	6.34033e-10	0.0986348	-0.348826	-0.349535	0.266641	0.0965876	
0.513555	1.18243e-06	1.36438e-06	1.15977e-06	85.0031	-28.6506	0.00583889	622.713	17841.1	34740.4	6.34033e-10	-0.830866	0.468112	0.111363	0.330477	0.276433	
0.523933	1.2307e-06	1.36723e-06	1.20804e-06	88.3573	-28.6416	0.00498772	660.366	18913.9	36099.9	6.34033e-10	0.366995	0.119327	-0.821903	-0.159848	-0.391962	
0.527183	1.24602e-06	1.38501e-06	1.22338e-06	88.3299	-28.5855	0.00494877	664.256	18988.1	36018	6.34033e-10	0.287734	-0.452963	0.242471	0.353387	-0.00926877	
0.524836	1.23495e-06	1.35405e-06	1.21035e-06	89.387	-28.6836	0.0052968	669.213	19195.5	36574.2	6.34033e-10	0.527741	-0.0559172	0.0121316	0.220496	0.113973	
0.52139	1.21878e-06	1.24072e-06	1.19598e-06	96.3942	-29.0633	0.00495548	716.935	20836.4	39963.3	6.34033e-10	0.337438	0.110308	-0.467494	-0.146436	0.339165	
0.523287	1.22767e-06	1.3795e-06	1.20633e-06	87.4469	-28.6028	0.0055406	652.755	18670.6	35679.5	6.34033e-10	-0.555699	-0.156993	-0.33356	0.406389	-0.352147	
0.524918	1.23533e-06	1.35812e-06	1.21491e-06	89.4557	-28.6706	0.00531007	669.832	19204.5	36585.7	6.34033e-10	-0.21814	-0.633089	-0.099733	0.0909034	0.102234	
0.514272	1.18574e-06	1.26186e-06	1.16306e-06	92.1699	-28.9899	0.00542912	676.158	19601.7	38115.5	6.34033e-10	-0.110879	0.616339	0.20285	-0.398745	0.406338	
0.520453	1.21441e-06	1.21772e-06	1.19272e-06	97.9467	-29.1445	0.00517536	727.172	21193.1	40720.5	6.34033e-10	-0.12096	0.231133	-0.110427	-0.135115	-0.172417	
0.516107	1.19421e-06	1.41028e-06	1.17241e-06	83.1335	-28.507	0.00618178	612.043	17447.5	33805.9	6.34033e-10	-0.856235	0.211355	0.0313243	-0.188278	-0.149462	
0.52337	1.22806e-06	1.31697e-06	1.20591e-06	91.5673	-28.8043	0.00526358	683.622	19691.2	37623.9	6.34033e-10	-0.132411	0.100823	-0.304665	0.186249	-0.473299	
0.523291	1.22769e-06	1.32433e-06	1.20576e-06	91.0468	-28.7801	0.00527705	679.633	19559.9	37378.6	6.34033e-10	-0.186977	-0.0562722	0.213782	0.257607	-0.143903	
0.524824	1.23489e-06	1.36229e-06	1.20901e-06	88.748	-28.6573	0.00524474	664.414	19040.3	36279.4	6.34033e-10	0.574637	0.234161	0.20326	0.468435	-0.259394	
0.522042	1.22184e-06	1.35972e-06	1.19767e-06	88.0819	-28.6655	0.00515562	655.932	18802.6	36017.4	6.34033e-10	-0.0431018	0.0926789	0.102881	0.767082	0.412283	
0.521322	1.21847e-06	1.32956e-06	1.19522e-06	89.8954	-28.7629	0.00508035	668.513	19228.4	36883.9	6.34033e-10	0.107062	0.261748	-0.113789	0.186882	0.0190449	
0.526008	1.24047e-06	1.37931e-06	1.21738e-06	88.26	-28.6034	0.00508225	662.25	18942.6	36012	6.34033e-10	0.122287	0.0464083	-0.148001	0.39661	-0.633598	
0.518836	1.20687e-06	1.19118e-06	1.1839e-06	99.3889	-29.2402	0.00512668	735.587	21508.7	41455.8	6.34033e-10	-0.0984958	0.274295	-0.629477	0.199814	0.444331	
0.519611	1.21048e-06	1.37703e-06	1.18705e-06	86.2033	-28.6106	0.00502292	638.953	18280.8	35181.7	6.34033e-10	0.14288	0.181029	-0.280339	0.226303	0.702176	
0.522965	1.22616e-06	1.34949e-06	1.20619e-06	89.3812	-28.6983	0.0054195	666.785	19135.6	36590.5	6.34033e-10	-0.13178	-0.209584	0.170378	-0.44469	-0.430214	
0.519207	1.2086e-06	1.24957e-06	1.18629e-06	94.9361	-29.0324	0.00532674	703.135	20413.7	39317	6.34033e-10	-0.540487	0.174406	-0.225199	0.49826	0.18809	
0.521379	1.21873e-06	1.28821e-06	1.19392e-06	92.6805	-28.9001	0.00506409	689.3	19920.9	38208.1	6.34033e-10	0.628619	0.609819	0.575426	-0.138262	-0.476669	
0.522292	1.223e-06	1.26898e-06	1.20119e-06	94.658	-28.9654	0.00512703	705.24	20427.6	39111.4	6.34033e-10	0.136515	-0.037676	-0.288559	-0.187645	0.103037	
0.519196	1.20855e-06	1.23848e-06	1.18571e-06	95.739	-29.0711	0.00511702	709.066	20613.3	39702.4	6.34033e-10	0.0617138	0.364447	0.0553107	-0.0331345	0.184815	
0.520321	1.21379e-06	1.37138e-06	1.19239e-06	86.9477	-28.6284	0.00528873	645.35	18475.4	35507.6	6.34033e-10	0.0728893	0.0362843	-0.537315	-0.407958	0.186782	
0.520225	1.21335e-06	1.25943e-06	1.19134e-06	94.5941	-28.9983	0.0051668	701.975	20356.1	39129.3	6.34033e-10	0.0460906	0.126185	-0.497038	-0.186883	0.263713	
0.524015	1.23109e-06	1.26197e-06	1.20812e-06	95.7327	-28.9895	0.00525227	715.6	20744.9	39588.3	6.34033e-10	-0.264901	-0.204796	0.410299	0.823376	0.352822	
0.519914	1.21189e-06	1.33791e-06	1.18971e-06	88.9234	-28.7357	0.00495814	659.499	18951.2	36450.6	6.34033e-10	0.453853	0.176342	0.0792416	-0.589672	0.365635	
0.522862	1.22568e-06	1.3541e-06	1.20261e-06	88.8125	-28.6835	0.00495044	662.411	19000.2	36338.9	6.34033e-10	0.366937	0.0989876	0.0473646	-0.0304375	0.0526459	
0.526087	1.24084e-06	1.36486e-06	1.22063e-06	89.4323	-28.6491	0.00534491	671.148	19227.8	36548.7	6.34033e-10	-0.241642	-0.600475	-0.328584	0.0715198	-0.334572	
0.522408	1.22355e-06	1.31359e-06	1.20222e-06	91.5216	-28.8154	0.00517696	682.024	19652.8	37619.6	6.34033e-10	0.00704629	-0.330165	0.145377	-0.0594068	0.513446	
0.519975	1.21218e-06	1.41328e-06	1.19198e-06	84.3419	-28.4977	0.00553569	625.593	17828	34286.2	6.34033e-10	-0.54151	-0.303755	0.759686	0.0192956	0.492099	
0.521637	1.21994e-06	1.25201e-06	1.19756e-06	95.6511	-29.0239	0.00514992	711.745	20657.6	39601.6	6.34033e-10	0.0571883	0.152848	0.224009	-0.0165124	-0.00962555	
0.520395	1.21414e-06	1.26919e-06	1.1912e-06	93.855	-28.9647	0.00501043	696.718	20180.3	38778.7	6.34033e-10	0.634577	0.183508	0.188449	-0.593296	0.386248	
0.520199	1.21322e-06	1.26786e-06	1.19076e-06	93.9193	-28.9693	0.00515859	696.932	20189.6	38811.4	6.34033e-10	-0.0355344	0.140969	-0.249522	0.095435	0.36556	
0.5233	1.22773e-06	1.26376e-06	1.20543e-06	95.3844	-28.9834	0.0050264	712.023	20636.8	39435.9	6.34033e-10	0.246103	0.0388921	0.144692	-0.104254	-0.117242	
0.51945	1.20973e-06	1.26892e-06	1.18606e-06	93.4704	-28.9657	0.00513534	692.602	20061.7	38621	6.34033e-10	-0.00497965	0.434009	-0.495913	0.291147	0.0504895	
0.522195	1.22255e-06	1.29772e-06	1.20145e-06	92.5819	-28.8682	0.00508962	689.645	19908.8	38125.2	6.34033e-10	0.240521	-0.219274	-0.241534	-0.466214	0.263677	
0.525536	1.23825e-06	1.36899e-06	1.21483e-06	88.7394	-28.636	0.00502559	665.25	19050.1	36248.9	6.34033e-10	0.1328	-0.191855	-0.141426	0.604422	0.113639	
0.524328	1.23256e-06	1.28852e-06	1.21061e-06	93.9534	-28.8991	0.00511865	702.719	20308	38731.4	6.34033e-10	0.0528376	-0.390105	0.228808	0.225046	0.399874	
0.520556	1.21489e-06	1.3996e-06	1.19157e-06	85.1363	-28.5399	0.00517461	632.191	18042.7	34660.4	6.34033e-10	-0.0763628	0.361958	0.376305	0.309643	-0.148377	
0.520681	1.21547e-06	1.30439e-06	1.1934e-06	91.4908	-28.8459	0.0051937	679.541	19602	37646.8	6.34033e-10	-0.0255143	0.0723691	-0.326403	-0.0315471	0.274116	
0.523097	1.22678e-06	1.37435e-06	1.20505e-06	87.681	-28.619	0.00564351	654.266	18724.5	35795.4	6.34033e-10	-0.279429	-0.111636	-0.61817	0.135032	-0.235013	
0.519206	1.2086e-06	1.38303e-06	1.18466e-06	85.6567	-28.5917	0.0060368	634.406	18138.7	34935.5	6.34033e-10	-0.533901	0.508944	0.216438	0.312714	-0.76728	
0.517096	1.19879e-06	1.35616e-06	1.17878e-06	86.9204	-28.6769	0.00545459	641.149	18386.2	35556.6	6.34033e-10	-0.216007	0.0303446	-0.117161	-0.736153	0.41661	
0.526948	1.24491e-06	1.40767e-06	1.22403e-06	86.9538	-28.515	0.00501234	653.616	18637.8	35369.4	6.34033e-10	0.406549	-0.384611	0.527754	-0.459036	-0.745268	
0.528301	1.25131e-06	1.40357e-06	1.22917e-06	87.5744	-28.5277	0.00497668	659.97	18827.4	35637.7	6.34033e-10	0.223748	-0.75007	0.26423	0.424777	0.0710642	
0.525748	1.23925e-06	1.36564e-06	1.21551e-06	89.0065	-28.6466	0.00497452	667.522	19122.3	36371.5	6.34033e-10	0.187231	-0.173586	-0.0703711	0.665857	0.111371	
0.522067	1.22195e-06	1.30353e-06	1.20052e-06	92.0976	-28.8488	0.00541354	685.869	19786.5	37900.3	6.34033e-10	-0.161314	0.0301214	0.31693	-0.0709205	-0.223442	
0.522996	1.2263e-06	1.48485e-06	1.20654e-06	81.2566	-28.2832	0.00531401	606.21	17145.6	32783.4	6.34033e-10	-0.250948	-0.473994	0.0377146	-0.174685	0.00506297	
0.522043	1.22184e-06	1.27762e-06	1.19746e-06	93.726	-28.936	0.00510442	697.963	20196.2	38686.9	6.34033e-10	0.47959	0.202183	0.244736	0.107585	0.245676	
0.521455	1.21909e-06	1.31043e-06	1.19768e-06	91.3962	-28.8259	0.00516897	679.846	19597.2	37581.7	6.34033e-10	0.078354	0.0107582	0.0437042	-0.319083	0.0494071	
0.518556	1.20557e-06	1.42269e-06	1.18523e-06	83.3093	-28.4689	0.00548478	616.248	17543.9	33832.2	6.34033e-10	-0.409057	0.0943874	-0.395459	-0.36249	-0.064891	
0.524662	1.23413e-06	1.36413e-06	1.21047e-06	88.7358	-28.6515	0.00507311	664.117	19027.9	36267	6.34033e-10	0.0212613	-0.153253	0.166938	0.767813	0.303097	
0.525503	1.23809e-06	1.3917e-06	1.21678e-06	87.4306	-28.5645	0.00507389	655.398	18721.1	35625.2	6.34033e-10	0.285072	-0.273539	-0.531074	-0.301392	-0.410039	
0.520958	1.21677e-06	1.38027e-06	1.19341e-06	86.4617	-28.6004	0.00501139	642.529	18376.6	35274.5	6.34033e-10	0.274882	0.406141	-0.560187	-0.0493243	-0.206017	
0.522445	1.22372e-06	1.2603e-06	1.20081e-06	95.2796	-28.9952	0.00523848	710.08	20588.9	39408.8	6.34033e-10	-0.183759	0.0541891	0.472921	0.520073	0.105551	
0.518194	1.20389e-06	1.40827e-06	1.1836e-06	84.0461	-28.5131	0.00547364	621.264	17714.2	34184.5	6.34033e-10	-0.383053	0.0767831	0.103646	-0.399348	0.0884924	
0.515197	1.19e-06	1.37803e-06	1.16885e-06	84.82	-28.6074	0.00573303	623.358	17832.7	34613.3	6.34033e-10	-0.637046	0.152507	0.324868	-0.15037	0.605917	
0.521991	1.2216e-06	1.33982e-06	1.19839e-06	89.4442	-28.7295	0.00518075	666.011	19134.2	36656.2	6.34033e-10	0.333469	0.316008	0.157598	-0.178929	-0.283522	
0.522653	1.2247e-06	1.28672e-06	1.20336e-06	93.5215	-28.9052	0.00506218	697.255	20154.2	38561.4	6.34033e-10	0.291544	-0.090653	0.0863172	-0.476315	-0.0127636	
0.525448	1.23783e-06	1.35639e-06	1.2126e-06	89.399	-28.6762	0.00532712	670.083	19215.4	36569.6	6.34033e-10	0.442806	-0.190325	0.0720501	0.593073	0.373864	
0.524622	1.23394e-06	1.31084e-06	1.21198e-06	92.4587	-28.8245	0.0052208	691.927	19944.5	38016.9	6.34033e-10	-0.150624	-0.488292	-0.206277	0.495841	0.507582	
0.526042	1.24063e-06	1.38367e-06	1.21846e-06	88.0603	-28.5897	0.00500637	660.795	18891.9	35913.3	6.34033e-10	0.30848	-0.283665	-0.616822	0.0104668	-0.222421	
0.524328	1.23256e-06	1.35411e-06	1.20855e-06	89.2507	-28.6835	0.00494025	667.546	19147.5	36518.2	6.34033e-10	0.243072	-0.125274	-0.287074	0.613877	0.417698	
0.52176	1.22051e-06	1.41799e-06	1.19975e-06	84.6091	-28.4833	0.00562467	629.729	17936.7	34377.4	6.34033e-10	-0.0555562	-0.447512	-0.555506	-0.420443	0.377823	
0.523635	1.2293e-06	1.29619e-06	1.2065e-06	93.0807	-28.8733	0.00505951	695.272	20074.8	38337.4	6.34033e-10	0.186017	0.0450652	-0.144616	0.134027	-0.0994957	
0.524498	1.23336e-06	1.29911e-06	1.21046e-06	93.1763	-28.8635	0.00507542	697.133	20121.7	38363.8	6.34033e-10	0.119422	-0.0734417	-0.0874572	0.334784	-0.0235526	
0.519057	1.2079e-06	1.42781e-06	1.18723e-06	83.1502	-28.4533	0.00613297	615.665	17517.7	33749.1	6.34033e-10	-0.665371	-0.0631718	-0.0222762	-0.449711	-0.365511	
0.52402	1.23111e-06	1.36359e-06	1.20842e-06	88.6206	-28.6532	0.00499512	662.444	18981.1	36222.1	6.34033e-10	0.253664	-0.276116	0.0926858	0.188698	0.453067	
0.51871	1.20629e-06	1.2188e-06	1.18285e-06	97.0506	-29.1407	0.00514834	718.108	20926.2	40342.7	6.34033e-10	-0.0177944	0.451257	-0.294966	0.182483	0.142766	
0.522635	1.22461e-06	1.33865e-06	1.2009e-06	89.7099	-28.7333	0.00516908	668.814	19217.3	36769.9	6.34033e-10	-0.140236	0.0581995	0.194789	0.780661	0.245901	
0.516884	1.19781e-06	1.154e-06	1.174e-06	101.733	-29.3779	0.00505536	750.101	22036.4	42633.2	6.34033e-10	0.0655579	0.648241	-0.239494	0.0366787	0.148661	
0.52091	1.21654e-06	1.37682e-06	1.19346e-06	86.6821	-28.6112	0.00511301	644.107	18428.7	35377.9	6.34033e-10	0.0770625	0.297067	-0.297365	0.120888	-0.0476342	
0.522991	1.22628e-06	1.34579e-06	1.20269e-06	89.3665	-28.7102	0.0051995	666.707	19141.3	36599.7	6.34033e-10	0.260817	0.0806859	-0.498325	0.184912	0.0995527	
0.524491	1.23333e-06	1.37502e-06	1.21143e-06	88.1026	-28.6169	0.00498189	659.163	18863.2	35964.8	6.34033e-10	0.413411	-0.11836	-0.269358	-0.341421	-0.25729	
0.520191	1.21319e-06	1.20344e-06	1.19071e-06	98.9424	-29.1958	0.00516995	734.195	21435.4	41206.8	6.34033e-10	-0.188726	0.1936	0.0840925	0.232235	0.188336	
0.523338	1.22791e-06	1.34922e-06	1.2045e-06	89.2737	-28.6992	0.00518097	666.457	19126.8	36547.6	6.34033e-10	-0.08673	0.0939472	0.0781314	0.606838	-0.0839901	
0.524283	1.23235e-06	1.28986e-06	1.20925e-06	93.7507	-28.8946	0.00522463	701.142	20259.2	38641.8	6.34033e-10	-0.259687	-0.343126	0.572484	0.955655	0.651803	
0.524354	1.23268e-06	1.3283e-06	1.21231e-06	91.2683	-28.7671	0.00518042	682.67	19638.4	37452.6	6.34033e-10	0.0819458	-0.533566	0.422996	-0.313967	0.0354545	
0.524843	1.23498e-06	1.36666e-06	1.2144e-06	88.8591	-28.6434	0.00539625	665.269	19055.6	36307.2	6.34033e-10	-0.305661	-0.139687	0.0935207	-0.0104293	-0.855495	
0.523262	1.22755e-06	1.2897e-06	1.20485e-06	93.4206	-28.8951	0.0051872	697.313	20148.9	38506.4	6.34033e-10	-0.0371802	0.153001	0.316812	0.271265	-0.346842	
0.523078	1.22669e-06	1.3394e-06	1.20573e-06	90.0206	-28.7309	0.00527165	671.699	19298.5	36894.1	6.34033e-10	-0.133899	-0.214025	0.281853	-0.0680782	-0.0544096	
0.524629	1.23398e-06	1.36121e-06	1.21052e-06	88.9294	-28.6607	0.00492027	665.524	19074.4	36357.9	6.34033e-10	0.378171	0.153737	0.0719107	0.151966	-0.399835	
0.520337	1.21387e-06	1.35442e-06	1.18996e-06	87.8571	-28.6825	0.00508787	652.12	18704.4	35946.7	6.34033e-10	0.118434	0.270507	0.0732777	0.346795	0.373151	
0.518871	1.20704e-06	1.42482e-06	1.187e-06	83.3085	-28.4624	0.00591872	616.617	17550.4	33824.2	6.34033e-10	-0.66317	-0.228837	0.18756	-0.326168	0.0900666	
0.523463	1.2285e-06	1.3201e-06	1.20591e-06	91.3503	-28.7939	0.00531598	682.122	19641	37521.2	6.34033e-10	-0.304332	0.0142885	0.258324	0.583978	-0.205771	
0.524773	1.23465e-06	1.28281e-06	1.21229e-06	94.5034	-28.9184	0.00511972	707.433	20457.8	38984.1	6.34033e-10	0.0541258	-0.178002	-0.164379	0.275908	-0.0253267	
0.518974	1.20752e-06	1.38756e-06	1.18675e-06	85.5273	-28.5775	0.00547542	633.165	18094.3	34865.4	6.34033e-10	-0.37466	0.173936	0.541109	-0.250721	-0.166074	
0.523266	1.22757e-06	1.27996e-06	1.2054e-06	94.1754	-28.928	0.00509455	702.953	20335.1	38861.8	6.34033e-10	0.167002	0.0294957	-0.0338155	-0.0787508	-0.159059	
0.522521	1.22408e-06	1.3153e-06	1.20283e-06	91.4492	-28.8098	0.00517751	681.633	19637.7	37582.5	6.34033e-10	0.111435	0.0947812	-0.0560332	-0.420153	-0.455533	
0.522943	1.22605e-06	1.28655e-06	1.20101e-06	93.3515	-28.9057	0.00517524	696.373	20129.2	38492.1	6.34033e-10	0.314006	0.223167	-0.413696	0.531519	0.0662949	
0.527009	1.2452e-06	1.34031e-06	1.21914e-06	90.9599	-28.728	0.00529078	683.808	19644.4	37275.3	6.34033e-10	0.651996	-0.399308	0.546436	0.704724	0.474417	
0.523088	1.22674e-06	1.29188e-06	1.20208e-06	93.049	-28.8878	0.00524422	694.309	20057.1	38343.5	6.34033e-10	0.0602276	0.262869	-0.479218	0.686871	-0.214928	
0.522166	1.22241e-06	1.28255e-06	1.19726e-06	93.35	-28.9193	0.00519513	695.326	20108.3	38509.5	6.34033e-10	0.210493	0.279622	0.21405	0.650815	0.129164	
0.519685	1.21083e-06	1.19777e-06	1.18847e-06	99.2228	-29.2162	0.00514574	735.559	21490.3	41352.5	6.34033e-10	-0.0745586	0.42083	0.138533	-0.0823894	-0.271925	
0.518868	1.20702e-06	1.25796e-06	1.18569e-06	94.2555	-29.0033	0.00510518	697.637	20233.8	38996.1	6.34033e-10	0.29063	0.499396	0.0113313	-0.93135	-0.424156	
0.525849	1.23972e-06	1.33102e-06	1.2182e-06	91.5236	-28.7582	0.00512655	686.532	19743.4	37545.7	6.34033e-10	0.103558	-0.499905	-0.560237	0.106869	0.0512383	
0.522322	1.22315e-06	1.33315e-06	1.20268e-06	90.2132	-28.7512	0.00519834	672.163	19325.5	36999.2	6.34033e-10	0.107345	-0.0577356	-0.335547	-0.621278	-0.360372	
0.519927	1.21196e-06	1.21079e-06	1.18928e-06	98.2233	-29.1693	0.00520476	728.49	21249.6	40870.2	6.34033e-10	-0.261272	0.253717	0.109845	0.333836	0.0980541	
0.523229	1.2274e-06	1.29002e-06	1.20459e-06	93.3777	-28.894	0.00503787	696.95	20137.7	38487.3	6.34033e-10	0.162806	-0.179784	0.211371	0.266997	0.511305	
0.517091	1.19877e-06	1.22744e-06	1.17633e-06	95.8362	-29.11	0.00520255	706.908	20578.1	39795.9	6.34033e-10	-0.305949	0.289861	-0.147812	0.167918	0.573637	
0.519935	1.21199e-06	1.36663e-06	1.1883e-06	86.9513	-28.6435	0.00498926	644.898	18472.1	35527.8	6.34033e-10	0.264583	0.353324	0.0529431	0.0583472	0.26699	
0.524964	1.23555e-06	1.36391e-06	1.21219e-06	88.8756	-28.6521	0.00495801	665.547	19069.3	36325	6.34033e-10	0.285794	-0.0461611	0.108849	0.329549	-0.0635182	
0.524922	1.23535e-06	1.29948e-06	1.21352e-06	93.3853	-28.8623	0.00515269	699.261	20182.3	38448.2	6.34033e-10	0.0634586	-0.22735	-0.840444	0.0914017	-0.148286	
0.518237	1.20409e-06	1.22795e-06	1.18165e-06	96.2294	-29.1082	0.00523209	711.381	20707	39956.6	6.34033e-10	-0.295363	0.394258	0.317041	0.137696	0.0188888	
0.517828	1.20219e-06	1.41486e-06	1.18294e-06	83.6078	-28.4929	0.00553945	617.588	17596.8	33982	6.34033e-10	-0.480457	-0.327518	0.463486	-0.544888	0.600457	
0.518036	1.20315e-06	1.23072e-06	1.18142e-06	95.9941	-29.0984	0.00518734	709.366	20641.4	39845.5	6.34033e-10	-0.283721	0.0907761	0.307321	0.060126	0.724464	
0.523283	1.22765e-06	1.33277e-06	1.20611e-06	90.4961	-28.7524	0.00527601	675.511	19422.6	37116.8	6.34033e-10	-0.179063	-0.212265	-0.321061	0.181675	0.0755082	
0.524333	1.23258e-06	1.36511e-06	1.20991e-06	88.6308	-28.6483	0.00495433	662.915	18991.4	36220.1	6.34033e-10	0.345164	-0.170888	0.457564	0.0493167	0.158923	
0.526692	1.2437e-06	1.31988e-06	1.22169e-06	92.5605	-28.7947	0.00518491	695.423	20024.5	38019.3	6.34033e-10	-0.0382444	-0.347966	0.148207	0.409743	-0.2587	
0.521142	1.21763e-06	1.32093e-06	1.19553e-06	90.5062	-28.7912	0.0052477	672.823	19371.4	37171	6.34033e-10	-0.0649374	0.23344	-0.458006	-0.189499	-0.35257	
0.523174	1.22714e-06	1.32616e-06	1.20479e-06	90.8478	-28.774	0.00532004	677.995	19508.7	37289.1	6.34033e-10	-0.25228	0.162686	-0.128767	0.340998	-0.581052	
0.516211	1.19469e-06	1.38443e-06	1.17298e-06	84.7265	-28.5873	0.00546306	623.896	17835.5	34550.8	6.34033e-10	-0.438784	0.41832	0.679631	-0.0922138	0.0807349	
0.520972	1.21683e-06	1.23347e-06	1.19537e-06	96.9111	-29.0887	0.005219	720.202	20949.7	40212.8	6.34033e-10	-0.299887	-0.110291	-0.300592	0.187665	0.407469	
0.522912	1.22591e-06	1.28461e-06	1.20164e-06	93.5412	-28.9123	0.00518608	697.747	20173.5	38579.1	6.34033e-10	0.223769	0.145609	0.321155	0.435466	0.127055	
0.520806	1.21606e-06	1.43508e-06	1.19534e-06	83.2947	-28.4313	0.00569281	618.813	17593.6	33781.6	6.34033e-10	-0.145962	-0.393113	-0.403497	-0.450002	0.433469	
0.525496	1.23806e-06	1.378e-06	1.21547e-06	88.2053	-28.6075	0.00507648	661.196	18915.2	35994.9	6.34033e-10	0.170971	-0.0641752	-0.23799	0.192394	-0.397897	
0.52109	1.21738e-06	1.36653e-06	1.19653e-06	87.5594	-28.6438	0.00535519	650.851	18642.8	35776.6	6.34033e-10	-0.0393995	-0.34644	0.0184278	-0.257802	0.635536	
0.526209	1.24142e-06	1.38107e-06	1.21821e-06	88.2082	-28.5979	0.00526014	662.116	18935.1	35984	6.34033e-10	0.690727	-0.333372	0.0745738	-0.297384	-0.169794	
0.52371	1.22966e-06	1.3613e-06	1.20659e-06	88.635	-28.6604	0.00500808	662.16	18977.8	36237.2	6.34033e-10	0.253139	0.0100159	-0.395832	0.165126	0.0198795	
0.521964	1.22147e-06	1.26327e-06	1.19886e-06	94.9016	-28.985	0.00521815	706.61	20481.1	39238.6	6.34033e-10	-0.0304518	0.395138	0.0465474	0.0292488	-0.699066	
0.52201	1.22169e-06	1.26665e-06	1.19887e-06	94.6489	-28.9734	0.00526778	704.791	20420.2	39118.4	6.34033e-10	-0.231811	0.0371364	-0.113098	0.517412	0.18535	
0.51629	1.19506e-06	1.18451e-06	1.17183e-06	98.9296	-29.2646	0.00507984	728.595	21322.1	41298.6	6.34033e-10	0.0232931	0.530375	-0.118349	-0.0795059	0.486234	
0.525406	1.23763e-06	1.36169e-06	1.21295e-06	89.0766	-28.6592	0.00531441	667.613	19133.3	36416.1	6.34033e-10	0.429844	-0.00431141	0.534616	0.394834	-0.0812271	
0.525234	1.23682e-06	1.36792e-06	1.21401e-06	88.7485	-28.6394	0.00488814	664.936	19043.4	36256.9	6.34033e-10	0.443004	-0.219439	0.0265138	0.0423408	0.0517358	
0.51975	1.21113e-06	1.2248e-06	1.18875e-06	97.0568	-29.1194	0.00522984	719.593	20954.1	40315.7	6.34033e-10	-0.295496	0.248962	0.031498	0.255461	0.0471907	
0.523761	1.22989e-06	1.36284e-06	1.20753e-06	88.6035	-28.6555	0.00490124	661.988	18969.6	36218.1	6.34033e-10	0.483456	-0.173513	0.522486	-0.239833	0.193361	
0.520536	1.2148e-06	1.21964e-06	1.19297e-06	97.8135	-29.1377	0.00518771	726.299	21162.7	40655.6	6.34033e-10	-0.233935	0.0102014	-0.0316782	0.165923	0.365255	
0.524951	1.23549e-06	1.36697e-06	1.21254e-06	88.7029	-28.6424	0.00498647	664.236	19025.3	36242.1	6.34033e-10	0.234985	-0.259841	0.461186	0.3394	0.277714	
0.523431	1.22834e-06	1.33682e-06	1.2076e-06	90.3341	-28.7393	0.00524717	674.492	19384.4	37033.4	6.34033e-10	-0.0365711	-0.154418	0.0898241	-0.27012	-0.336216	
0.522367	1.22336e-06	1.36192e-06	1.20139e-06	88.2124	-28.6585	0.00548304	657.312	18837.6	36061.9	6.34033e-10	-0.217584	-0.0751239	-0.239409	0.162153	0.00808744	
0.521349	1.21859e-06	1.28153e-06	1.19388e-06	93.1599	-28.9227	0.00506096	692.825	20038.4	38435.6	6.34033e-10	0.623284	0.478982	0.10591	-0.111906	-0.169676	
0.521775	1.22058e-06	1.41531e-06	1.20031e-06	84.8093	-28.4915	0.0056735	631.238	17984.9	34468.7	6.34033e-10	-0.435319	-0.385169	-0.214813	-0.117875	0.0932138	
0.519749	1.21112e-06	1.30075e-06	1.18953e-06	91.4501	-28.8581	0.00513376	678.022	19566.4	37645.9	6.34033e-10	0.138994	0.104484	-0.489246	-0.435903	0.32237	
0.524173	1.23183e-06	1.37308e-06	1.21005e-06	88.1264	-28.623	0.00500742	658.942	18860.9	35982.2	6.34033e-10	0.353178	-0.204654	0.0907101	-0.279151	-0.0348393	
0.521805	1.22072e-06	1.41358e-06	1.2001e-06	84.8977	-28.4968	0.00568814	631.932	18008	34511.1	6.34033e-10	-0.0892073	-0.320741	0.623935	-0.488518	0.0659478	
0.518523	1.20542e-06	1.20886e-06	1.18294e-06	97.8562	-29.1762	0.00515372	723.807	21118	40727.1	6.34033e-10	-0.174745	0.216631	-0.0637004	0.142025	0.528961	
0.524753	1.23456e-06	1.34311e-06	1.21437e-06	90.4146	-28.7189	0.00523435	676.799	19436.9	37040.1	6.34033e-10	0.005474	-0.514158	-0.275304	-0.296892	-0.177066	
0.52214	1.2223e-06	1.33797e-06	1.19924e-06	89.6312	-28.7355	0.00510347	667.594	19183.7	36740.5	6.34033e-10	0.0442519	0.0877007	0.00756931	0.311363	0.188022	
0.522696	1.2249e-06	1.3732e-06	1.20072e-06	87.4397	-28.6227	0.00525819	651.964	18661	35701.4	6.34033e-10	0.13373	0.237121	-0.503628	0.409486	-0.133662	
0.522104	1.22212e-06	1.32021e-06	1.20094e-06	90.9663	-28.7936	0.00519687	677.491	19507.4	37363	6.34033e-10	0.03529	-0.0267278	0.457465	-0.302884	-0.106372	
0.514453	1.18657e-06	1.14949e-06	1.16291e-06	101.167	-29.3949	0.00499123	742.425	21823.5	42420.9	6.34033e-10	0.22846	0.76748	-0.188551	-0.351674	0.469747	
0.520717	1.21564e-06	1.37436e-06	1.19346e-06	86.8374	-28.619	0.00533941	645.022	18459.9	35450.9	6.34033e-10	-0.0343481	0.0495138	0.10678	-0.238731	0.114756	
0.52536	1.23741e-06	1.35883e-06	1.21207e-06	89.1999	-28.6684	0.00528118	668.479	19164.2	36478.2	6.34033e-10	0.61298	0.0876766	0.285927	0.282426	-0.18889	
0.522625	1.22457e-06	1.26256e-06	1.20265e-06	95.2546	-28.9875	0.00517364	710.138	20585.1	39387.9	6.34033e-10	-0.000376745	-0.130376	0.115909	0.0697306	0.253601	
0.522415	1.22358e-06	1.31759e-06	1.20146e-06	91.1865	-28.8022	0.00525396	679.536	19572.1	37464.7	6.34033e-10	-0.159427	-0.0839949	-0.637914	0.264384	0.180972	
0.528261	1.25112e-06	1.40504e-06	1.22931e-06	87.4932	-28.5231	0.00504558	659.309	18805.5	35599	6.34033e-10	0.210056	-0.475339	0.0563565	0.191067	-0.507853	
0.524367	1.23274e-06	1.37474e-06	1.211e-06	88.0894	-28.6178	0.00499883	658.908	18856.5	35960.5	6.34033e-10	0.372145	-0.20016	0.305718	-0.308061	-0.10711	
0.523332	1.22788e-06	1.39755e-06	1.20758e-06	86.4071	-28.5463	0.00553335	645.049	18413.8	35185.7	6.34033e-10	-0.385519	-0.504904	-0.0369877	0.0792488	0.146797	
0.521955	1.22143e-06	1.3201e-06	1.20073e-06	90.9578	-28.7939	0.00516102	677.235	19500.3	37360	6.34033e-10	0.149936	-0.0707821	0.278021	-0.583006	-0.131565	
0.524462	1.23319e-06	1.31348e-06	1.21107e-06	92.203	-28.8158	0.00524888	689.804	19877.2	37900.2	6.34033e-10	-0.119816	-0.0121128	-0.101137	0.270832	-0.454915	
0.525292	1.23709e-06	1.37592e-06	1.21474e-06	88.2855	-28.6141	0.00504734	661.54	18929.4	36035.9	6.34033e-10	0.17831	-0.346368	0.303196	0.238067	0.177812	
0.521826	1.22083e-06	1.28246e-06	1.19841e-06	93.4461	-28.9196	0.00497111	695.59	20116.2	38549.5	6.34033e-10	0.361838	-0.035039	0.0107771	-0.225673	0.435336	
0.525993	1.2404e-06	1.36241e-06	1.22014e-06	89.5581	-28.6569	0.0053341	671.972	19256.7	36610.1	6.34033e-10	-0.218426	-0.546527	-0.0601552	0.0333143	-0.394924	
0.523294	1.2277e-06	1.34189e-06	1.20681e-06	89.9329	-28.7228	0.00528283	671.322	19282.3	36847.8	6.34033e-10	-0.136995	-0.145378	0.498561	-0.108996	-0.275656	
0.512341	1.17685e-06	1.40215e-06	1.15432e-06	82.3248	-28.5321	0.00510281	601.667	17166.8	33506.6	6.34033e-10	-0.0322954	0.737609	0.0410331	-0.395503	0.660445	
0.518417	1.20493e-06	1.23623e-06	1.18461e-06	95.8242	-29.079	0.00512788	708.632	20606.3	39748.5	6.34033e-10	0.00198409	0.145182	0.485328	-0.759661	0.152037	
0.52212	1.2222e-06	1.27575e-06	1.19804e-06	93.9082	-28.9423	0.00510332	699.423	20242.9	38770.7	6.34033e-10	0.481966	0.129351	0.219436	0.0708647	0.347631	
0.518103	1.20347e-06	1.28936e-06	1.1803e-06	91.5414	-28.8962	0.00501641	676.55	19549.8	37733.4	6.34033e-10	0.218903	0.339601	0.333442	-0.106957	0.663696	
0.522163	1.2224e-06	1.3525e-06	1.19952e-06	88.6895	-28.6886	0.00496197	660.609	18952	36295.1	6.34033e-10	0.366122	0.116466	-0.154645	-0.138809	0.127896	
0.52029	1.21365e-06	1.22371e-06	1.19328e-06	97.5129	-29.1232	0.00511264	723.725	21077.2	40510.5	6.34033e-10	0.0193519	-0.0779359	-0.254857	-0.589508	0.203196	
0.524999	1.23572e-06	1.30618e-06	1.21417e-06	92.9552	-28.84	0.00511073	696.144	20076.8	38241.5	6.34033e-10	0.131812	-0.426117	0.0752242	0.0249781	0.142039	
0.519576	1.21032e-06	1.20664e-06	1.18888e-06	98.5286	-29.1842	0.00509939	730.26	21312.1	41018.2	6.34033e-10	-0.0228818	-0.000575872	-0.280268	-0.228028	0.575899	
0.524923	1.23536e-06	1.38061e-06	1.21385e-06	87.9214	-28.5993	0.00484561	658.349	18828.3	35868.7	6.34033e-10	0.687824	-0.156811	0.0629172	-0.746079	-0.476105	
0.522058	1.22191e-06	1.3241e-06	1.1983e-06	90.4996	-28.7808	0.00509645	673.956	19397	37154.9	6.34033e-10	0.145091	0.297858	0.137497	0.236753	-0.171197	
0.52664	1.24345e-06	1.39751e-06	1.22187e-06	87.432	-28.5465	0.00514916	656.827	18750.1	35603.2	6.34033e-10	0.0179724	-0.644065	0.128937	0.325528	0.146333	
0.525436	1.23777e-06	1.36485e-06	1.21435e-06	88.9732	-28.6492	0.00523919	666.876	19105.4	36361.1	6.34033e-10	0.834341	-0.268255	0.12956	-0.465671	-0.085792	
0.520711	1.21561e-06	1.38543e-06	1.19492e-06	86.2491	-28.5841	0.00571026	640.645	18312.3	35167.9	6.34033e-10	-0.463099	-0.19328	-0.327147	-0.0438115	0.146445	
0.520536	1.2148e-06	1.27833e-06	1.18921e-06	93.0287	-28.9336	0.00509884	690.771	19986.5	38395.9	6.34033e-10	0.484693	0.624533	0.621373	0.252578	-0.234084	
0.521704	1.22025e-06	1.27399e-06	1.195e-06	93.7994	-28.9483	0.00515475	698.056	20207.6	38733.8	6.34033e-10	0.329001	0.278141	-0.184584	0.522127	0.284458	
0.514891	1.18859e-06	1.20019e-06	1.16546e-06	97.1064	-29.2075	0.00511173	713.229	20831.6	40458.4	6.34033e-10	-0.06815	0.599301	-0.169166	-0.109324	0.527113	
0.522119	1.2222e-06	1.27099e-06	1.19794e-06	94.2529	-28.9586	0.00510669	701.99	20328.6	38934.9	6.34033e-10	0.493743	0.0487499	-0.111221	0.116254	0.539556	
0.519932	1.21198e-06	1.26011e-06	1.18927e-06	94.3783	-28.9959	0.00513531	699.979	20296.5	39036.9	6.34033e-10	0.00171597	0.207354	-0.321854	0.0989319	0.344058	
0.524691	1.23427e-06	1.36985e-06	1.21093e-06	88.3984	-28.6333	0.00503096	661.628	18944.6	36106.2	6.34033e-10	0.219184	0.223405	-0.116718	0.239973	-0.649039	
0.523606	1.22917e-06	1.34261e-06	1.20888e-06	90.0398	-28.7205	0.00523266	672.52	19315.1	36888.7	6.34033e-10	0.0172259	-0.302427	-0.012622	-0.417731	-0.256558	
0.522053	1.22189e-06	1.24086e-06	1.19837e-06	96.5756	-29.0628	0.00501876	719.199	20901.9	40037.9	6.34033e-10	0.0979815	-0.0699023	0.163746	0.503955	0.759363	
0.526065	1.24074e-06	1.37509e-06	1.2179e-06	88.5683	-28.6167	0.00495565	664.636	19019.7	36154.6	6.34033e-10	0.328656	-0.168541	-0.0708656	0.191914	-0.232742	
0.513714	1.18316e-06	1.36443e-06	1.16202e-06	85.1655	-28.6505	0.00564457	624.096	17880.7	34806.6	6.34033e-10	-0.43994	0.48457	0.0579529	-0.551265	0.193624	
0.521048	1.21718e-06	1.25366e-06	1.19493e-06	95.3154	-29.0182	0.00497843	708.446	20557.8	39454.8	6.34033e-10	0.343967	-0.0302662	-0.135995	-0.293982	0.575164	
0.526434	1.24248e-06	1.37971e-06	1.21969e-06	88.4019	-28.6021	0.00499394	663.853	18987.6	36068.4	6.34033e-10	0.259638	-0.273199	-0.863677	0.3019	-0.133846	
0.51486	1.18845e-06	1.38003e-06	1.1674e-06	84.5924	-28.6011	0.00580179	621.279	17769.3	34512.8	6.34033e-10	-0.543732	0.328182	-0.0889235	-0.47256	0.164445	
0.521831	1.22085e-06	1.2784e-06	1.19915e-06	93.8008	-28.9333	0.00504897	698.237	20202.3	38714.3	6.34033e-10	0.31079	0.0651798	-0.221871	-0.483483	-0.0197316	
0.527988	1.24982e-06	1.39764e-06	1.22581e-06	87.7053	-28.546	0.00529174	660.566	18856.5	35714	6.34033e-10	0.682997	-0.631927	-0.0494361	0.117431	0.0539499	
0.523823	1.23019e-06	1.28379e-06	1.20792e-06	94.09	-28.9151	0.00512096	703.063	20329.1	38809.1	6.34033e-10	0.102246	-0.000753761	-0.00720515	0.06475	-0.207797	
0.523417	1.22828e-06	1.30277e-06	1.20692e-06	92.6425	-28.8513	0.00513598	691.711	19956.8	38127.8	6.34033e-10	0.123326	-0.242331	-0.0775409	-0.183996	0.102344	
0.52082	1.21612e-06	1.25415e-06	1.1946e-06	95.252	-29.0165	0.00531779	707.665	20534	39426.3	6.34033e-10	-0.444323	0.155177	-0.100392	0.192353	-0.29832	
0.522033	1.22179e-06	1.29016e-06	1.19884e-06	92.9216	-28.8936	0.00547563	691.96	19993.2	38298.7	6.34033e-10	-0.281663	0.128705	-0.118413	0.370524	-0.176887	
0.517546	1.20088e-06	1.39042e-06	1.18012e-06	84.8749	-28.5685	0.00544732	626.606	17901.2	34588.6	6.34033e-10	-0.305504	0.42756	0.358739	-0.527934	-0.472345	
0.521977	1.22153e-06	1.28558e-06	1.19987e-06	93.3329	-28.909	0.00507876	694.948	20090.3	38488.8	6.34033e-10	0.24285	-0.00569789	-0.193776	-0.381495	0.0756739	
0.5243	1.23243e-06	1.38276e-06	1.21114e-06	87.5887	-28.5925	0.0050091	655.08	18730.4	35724.6	6.34033e-10	0.361371	-0.494136	-0.16995	-0.342006	0.265163	
0.51682	1.19751e-06	1.30996e-06	1.17473e-06	89.6771	-28.8274	0.00543922	661.131	19058.7	36876.8	6.34033e-10	-0.427821	0.285595	-0.205183	0.36217	0.574326	
0.524671	1.23417e-06	1.37353e-06	1.21219e-06	88.2535	-28.6216	0.00488998	660.519	18905.1	36032.3	6.34033e-10	0.570954	-0.173802	-0.54558	-0.460462	-0.197258	
0.521916	1.22125e-06	1.34513e-06	1.1984e-06	89.0918	-28.7124	0.00513542	663.292	19044.7	36489.9	6.34033e-10	0.0692021	0.307169	-0.260518	0.0739387	-0.369275	
0.526631	1.24341e-06	1.37003e-06	1.2196e-06	89.0197	-28.6327	0.00490868	668.742	19147.9	36359.2	6.34033e-10	0.283865	0.00959307	0.288832	0.558105	-0.468172	
0.527272	1.24644e-06	1.35748e-06	1.22626e-06	90.3336	-28.6727	0.00524113	679.439	19481.3	36947.4	6.34033e-10	0.0424926	-0.445934	0.129396	-0.272017	-0.932329	
0.523651	1.22938e-06	1.30791e-06	1.2071e-06	92.293	-28.8342	0.0052323	689.408	19878.6	37961.5	6.34033e-10	-0.16339	-0.248014	-0.0952999	0.466792	0.329766	
0.524055	1.23128e-06	1.29177e-06	1.20846e-06	93.5504	-28.8881	0.00519999	699.34	20202.6	38550.6	6.34033e-10	-0.0995217	-0.0447786	-0.365626	0.500191	-0.0637593	
0.522624	1.22456e-06	1.26186e-06	1.20277e-06	95.3173	-28.9899	0.00515529	710.603	20600.3	39417.1	6.34033e-10	0.0918596	0.0584563	0.044535	-0.178601	-0.2019	
0.524034	1.23118e-06	1.3579e-06	1.20827e-06	88.9805	-28.6713	0.00488021	665.152	19070.8	36392.2	6.34033e-10	0.461716	-0.198782	0.532462	0.000381922	0.341111	
0.521396	1.21881e-06	1.23488e-06	1.1979e-06	97.0054	-29.0838	0.00520309	721.489	20983.6	40245.1	6.34033e-10	-0.237556	-0.19551	-0.174531	-0.00968979	0.33856	
0.521707	1.22027e-06	1.2097e-06	1.198e-06	99.0329	-29.1732	0.00522787	737.009	21500.9	41212.6	6.34033e-10	-0.274212	0.25573	0.392333	0.279096	-0.427803	
0.527589	1.24794e-06	1.40089e-06	1.2261e-06	87.5229	-28.536	0.00511849	658.693	18796.4	35627.1	6.34033e-10	0.0935094	-0.460559	-0.0373553	0.284226	-0.348134	
0.521825	1.22082e-06	1.36191e-06	1.19961e-06	88.0824	-28.6585	0.00555766	655.663	18790.3	36008.8	6.34033e-10	-0.233936	0.304718	-0.0344184	-0.381784	-1.09348	
0.520377	1.21406e-06	1.22022e-06	1.19169e-06	97.6616	-29.1356	0.00522704	724.951	21121.9	40589.5	6.34033e-10	-0.2509	0.306507	-0.157085	0.188062	-0.244781	
0.524396	1.23288e-06	1.35715e-06	1.20965e-06	89.1318	-28.6737	0.00481292	666.743	19118	36457.2	6.34033e-10	0.528832	-0.289958	-0.0402849	0.0812135	0.491013	
0.519632	1.21058e-06	1.38557e-06	1.19053e-06	85.9234	-28.5837	0.00564666	636.903	18205.1	35034.5	6.34033e-10	-0.315975	-0.0944789	0.141016	-0.558003	-0.0555017	
0.525507	1.23811e-06	1.30117e-06	1.216e-06	93.4543	-28.8566	0.00518252	700.559	20215.8	38469.1	6.34033e-10	0.00884213	-0.0547475	-0.550687	0.19042	-0.581443	
0.525708	1.23906e-06	1.31761e-06	1.218e-06	92.4406	-28.8021	0.00518911	693.224	19966.3	37979.9	6.34033e-10	0.019972	-0.378391	0.573183	-0.00955172	-0.292356	
0.526714	1.2438e-06	1.38277e-06	1.22105e-06	88.3046	-28.5925	0.00509881	663.474	18970.4	36016.5	6.34033e-10	0.0280645	-0.39717	0.255023	0.629751	0.066157	
0.522898	1.22585e-06	1.38136e-06	1.20216e-06	87.0275	-28.5969	0.00502275	649.142	18563.5	35501.1	6.34033e-10	0.249271	0.265948	-0.435449	0.198069	-0.272948	
0.522333	1.2232e-06	1.37206e-06	1.19973e-06	87.4401	-28.6263	0.00494799	651.515	18650.4	35706	6.34033e-10	0.375188	0.112268	0.321937	0.0425902	0.223919	
0.523706	1.22964e-06	1.37358e-06	1.20549e-06	87.7624	-28.6215	0.00504278	655.635	18765.2	35831.7	6.34033e-10	0.174462	0.139964	0.360551	0.52384	-0.0595988	
0.520266	1.21353e-06	1.26402e-06	1.19299e-06	94.3811	-28.9825	0.00530052	700.448	20300.7	39019.9	6.34033e-10	-0.385601	0.080891	-0.245474	-0.189728	-0.255768	
0.523514	1.22874e-06	1.36286e-06	1.20665e-06	88.5381	-28.6555	0.00546241	661.188	18946.7	36191.3	6.34033e-10	-0.344518	-0.19674	0.221664	0.473078	0.0447951	
0.5193	1.20904e-06	1.26193e-06	1.18763e-06	94.1121	-28.9897	0.00534351	697.157	20210.3	38918.4	6.34033e-10	-0.517185	0.271796	0.107661	0.101801	-0.334574	
0.520078	1.21266e-06	1.24537e-06	1.19088e-06	95.6243	-29.047	0.00528195	709.42	20606.5	39622	6.34033e-10	-0.421023	0.12274	0.232814	0.267842	0.0772003	
0.52047	1.21449e-06	1.2558e-06	1.19399e-06	95.078	-29.0108	0.00525386	705.898	20478.6	39346.5	6.34033e-10	-0.337509	-0.130685	0.0434036	-0.117566	0.234861	
0.518274	1.20426e-06	1.20121e-06	1.18177e-06	98.3815	-29.2038	0.00512651	727.343	21241.2	40984.5	6.34033e-10	-0.0438654	0.423341	-0.067429	-0.129813	0.0975113	
0.519046	1.20785e-06	1.24306e-06	1.185e-06	95.3288	-29.0551	0.00512752	705.824	20507.8	39510.5	6.34033e-10	0.0654617	0.447179	-0.18438	-0.0933039	-0.0104472	
0.525901	1.23997e-06	1.31826e-06	1.21902e-06	92.4722	-28.8	0.0051735	693.716	19979	37990.1	6.34033e-10	0.004418	-0.663862	0.215785	0.103922	0.141579	
0.523409	1.22824e-06	1.35626e-06	1.20545e-06	88.8809	-28.6766	0.004866	663.615	19030.2	36358.2	6.34033e-10	0.540656	-0.0931705	-0.289421	-0.222837	0.228593	
0.523391	1.22816e-06	1.29635e-06	1.20665e-06	93.0804	-28.8728	0.00511636	694.945	20065	38336.5	6.34033e-10	0.150507	-0.231736	-0.250689	-0.170523	0.13875	
0.521958	1.22144e-06	1.23658e-06	1.20056e-06	97.0876	-29.0778	0.0052115	722.879	21019.7	40270.9	6.34033e-10	-0.263989	-0.209947	0.190653	0.0318144	0.217227	
0.52096	1.21677e-06	1.38693e-06	1.19693e-06	86.3005	-28.5794	0.00544472	641.333	18328.9	35183	6.34033e-10	-0.1394	-0.254398	0.115666	-0.635338	-0.0219948	
0.519853	1.21161e-06	1.42073e-06	1.19163e-06	83.8747	-28.4749	0.00554938	621.981	17710.9	34069	6.34033e-10	-0.536973	-0.303695	-0.25703	-0.0900336	0.402892	
0.523644	1.22934e-06	1.35014e-06	1.20506e-06	89.2544	-28.6962	0.00530773	666.702	19131.8	36535.9	6.34033e-10	0.0342874	0.189853	0.0231177	0.642907	-0.22284	
0.521676	1.22012e-06	1.38144e-06	1.19813e-06	86.7306	-28.5967	0.00541303	645.416	18456.8	35379.7	6.34033e-10	-0.145954	-0.0743467	-0.0699755	-0.0655356	0.0887758	
0.526812	1.24427e-06	1.38326e-06	1.22151e-06	88.3068	-28.591	0.00508976	663.615	18973.4	36015.5	6.34033e-10	0.0734548	-0.284882	-0.0330681	0.527095	-0.194629	
0.516181	1.19455e-06	1.17728e-06	1.17048e-06	99.4224	-29.2912	0.00513093	732.07	21443.2	41542	6.34033e-10	-0.0486183	0.775203	0.0888941	0.139074	-0.122777	
0.520714	1.21563e-06	1.38664e-06	1.19466e-06	86.1552	-28.5804	0.00571653	639.951	18290.1	35125	6.34033e-10	-0.623396	-0.124591	-0.276017	0.178141	0.00192787	
0.516091	1.19414e-06	1.34021e-06	1.16942e-06	87.2565	-28.7283	0.00514101	642.377	18454.4	35758	6.34033e-10	0.0420803	0.861564	0.138499	0.21641	-0.254237	
0.519502	1.20998e-06	1.2675e-06	1.188e-06	93.7278	-28.9705	0.00512744	694.58	20122.3	38733.9	6.34033e-10	0.0977133	0.326243	0.348699	-0.336908	0.00280627	
0.522156	1.22237e-06	1.47285e-06	1.20188e-06	81.6029	-28.3184	0.00527971	607.816	17212.4	32964.1	6.34033e-10	-0.179973	-0.378675	0.102737	-0.299241	0.104982	
0.523576	1.22902e-06	1.35621e-06	1.20864e-06	89.1185	-28.6767	0.00531333	665.6	19087.2	36455.5	6.34033e-10	-0.208713	-0.436743	0.25965	-0.0693032	0.0469456	
