0.500277	1.23146e-06	1.29942e-06	1.2051e-06	92.7409	-28.8625	0.0030833	661.833	19102.2	38183.1	8.41305e-10	-0.0933803	0.50285	0.30374	0.151886	0.219045	
0.50172	1.23857e-06	1.3175e-06	1.21259e-06	92.0373	-28.8025	0.00309901	658.706	18972.4	37814.7	8.41305e-10	-0.147455	0.309405	0.0433346	0.237786	-0.0279942	
0.497622	1.21842e-06	1.36525e-06	1.19409e-06	87.4628	-28.6479	0.00294225	620.854	17786.1	35742.3	8.41305e-10	-0.041754	0.515485	0.0476587	-0.650824	0.119542	
0.501011	1.23507e-06	1.48226e-06	1.20744e-06	81.4595	-28.2908	0.00317267	582.177	16470.2	32874	8.41305e-10	0.289376	-0.576978	0.111204	0.221152	-0.290074	
0.505216	1.25589e-06	1.34785e-06	1.23003e-06	91.2589	-28.7036	0.00313414	657.685	18877.9	37366.1	8.41305e-10	-0.266271	0.185747	-0.46778	0.557681	-0.601267	
0.499656	1.2284e-06	1.42461e-06	1.20012e-06	84.2424	-28.463	0.00312815	600.438	17090.3	34204.1	8.41305e-10	0.396297	0.114013	0.41206	0.0356328	-0.0719913	
0.496847	1.21462e-06	1.35738e-06	1.18865e-06	87.569	-28.673	0.00311251	620.639	17795.6	35817	8.41305e-10	0.295475	-0.469814	-0.0342408	-0.447978	0.214073	
0.498029	1.22041e-06	1.37418e-06	1.19077e-06	86.6529	-28.6196	0.00330654	615.607	17618.4	35376.3	8.41305e-10	0.641188	0.425151	0.310969	-0.0848664	0.0480081	
0.50337	1.24673e-06	1.35163e-06	1.22213e-06	90.4189	-28.6914	0.0031338	649.251	18627.9	37006.5	8.41305e-10	-0.343421	-0.148833	-0.196709	0.32266	-0.316601	
0.499307	1.22668e-06	1.40924e-06	1.20269e-06	85.3431	-28.5101	0.00310415	607.858	17330.1	34708.3	8.41305e-10	-0.163558	-0.301612	0.50083	-0.250988	0.0172135	
0.500349	1.23181e-06	1.34423e-06	1.20576e-06	89.6987	-28.7152	0.00309159	640.214	18383.9	36742.2	8.41305e-10	0.156065	-0.0428955	-0.181388	-0.155841	-0.226042	
0.503721	1.24847e-06	1.38258e-06	1.22059e-06	88.2832	-28.5931	0.00314946	634.357	18138.2	36008.5	8.41305e-10	0.102144	0.354309	-0.0964265	0.446393	-0.486219	
0.498522	1.22283e-06	1.29146e-06	1.1972e-06	92.7008	-28.8892	0.00303606	659.226	19044.5	38201.9	8.41305e-10	0.0119267	0.788666	0.355264	-0.367288	0.0592446	
0.502336	1.24161e-06	1.33361e-06	1.21646e-06	91.2153	-28.7497	0.00312328	653.624	18791.5	37408.2	8.41305e-10	-0.287687	-0.0370682	0.290048	0.328127	-0.0427186	
0.498047	1.2205e-06	1.43547e-06	1.19701e-06	83.3877	-28.4301	0.00306305	592.433	16842.9	33817.8	8.41305e-10	-0.0477074	-0.0393143	0.40889	-0.69269	-0.168407	
0.501886	1.23939e-06	1.3064e-06	1.2134e-06	92.8814	-28.8392	0.00309598	664.967	19177.1	38210.2	8.41305e-10	-0.302158	0.931656	-0.323475	0.254536	-0.25988	
0.500854	1.2343e-06	1.46503e-06	1.20656e-06	82.3573	-28.3415	0.00313979	588.409	16676.4	33296	8.41305e-10	0.192951	-0.226015	0.136174	0.318424	0.0555793	
0.499733	1.22878e-06	1.35383e-06	1.20132e-06	88.7348	-28.6844	0.00300576	632.555	18144.4	36308.3	8.41305e-10	0.216563	0.0780749	0.275618	0.0917023	0.19236	
0.499506	1.22766e-06	1.34892e-06	1.20139e-06	89.0634	-28.7002	0.00313256	634.609	18213.4	36462.8	8.41305e-10	0.08856	-0.418588	-0.273858	0.0619419	0.237474	
0.503016	1.24498e-06	1.40131e-06	1.21747e-06	86.8808	-28.5347	0.0031638	623.408	17788.7	35364.1	8.41305e-10	0.08083	-0.194755	0.296938	0.513877	-0.280243	
0.503497	1.24736e-06	1.40472e-06	1.21923e-06	86.7951	-28.5241	0.00312594	623.388	17781.6	35316.1	8.41305e-10	0.275593	0.1655	-0.353772	0.330637	-0.691211	
0.500391	1.23201e-06	1.33555e-06	1.2079e-06	90.4422	-28.7434	0.00307488	645.575	18556	37083	8.41305e-10	-0.152222	0.0683545	0.000848497	-0.278312	-0.239637	
0.501299	1.23649e-06	1.35067e-06	1.21265e-06	89.7815	-28.6945	0.00310304	642.022	18422.5	36749.6	8.41305e-10	-0.248736	-0.154766	-0.107252	-0.122295	-0.307605	
0.501065	1.23534e-06	1.31766e-06	1.20929e-06	91.7753	-28.802	0.00310513	655.973	18893.3	37706.3	8.41305e-10	-0.120362	0.126376	-0.327299	0.238571	0.202533	
0.499892	1.22956e-06	1.40508e-06	1.20522e-06	85.7758	-28.523	0.00309617	611.657	17446.3	34900.1	8.41305e-10	-0.256996	0.0683225	0.12059	-0.0755653	0.161667	
0.499936	1.22978e-06	1.36433e-06	1.20478e-06	88.3057	-28.6508	0.00296405	629.752	18042.9	36090.4	8.41305e-10	-0.083065	0.114105	0.113556	-0.182324	0.0258727	
0.503747	1.2486e-06	1.47516e-06	1.22136e-06	82.7955	-28.3116	0.00313328	594.957	16844.2	33437.8	8.41305e-10	0.156679	-0.0875343	0.209837	0.327297	-0.708376	
0.498014	1.22034e-06	1.32142e-06	1.19512e-06	90.4417	-28.7896	0.00307458	642.505	18497.4	37142.4	8.41305e-10	0.0590953	-0.0749826	-0.122391	-0.341685	0.312781	
0.501459	1.23728e-06	1.42484e-06	1.21302e-06	85.1337	-28.4624	0.00312761	608.98	17333	34565.2	8.41305e-10	-0.325262	-0.142006	-0.0591067	0.119556	-0.0478184	
0.502287	1.24137e-06	1.37478e-06	1.21785e-06	88.5852	-28.6177	0.00315668	634.715	18164.1	36162.8	8.41305e-10	-0.662739	0.283088	-0.449429	0.277069	-0.111987	
0.503805	1.24889e-06	1.43297e-06	1.2247e-06	85.4662	-28.4376	0.00315662	614.22	17467	34670	8.41305e-10	-0.53594	-0.0102411	0.401918	0.463543	-0.305284	
0.499147	1.2259e-06	1.46016e-06	1.20223e-06	82.3356	-28.356	0.00303058	586.249	16623.7	33304.2	8.41305e-10	-0.282875	0.264844	-0.491129	-0.32886	0.105945	
0.499669	1.22846e-06	1.35313e-06	1.20313e-06	88.9147	-28.6866	0.00296945	633.756	18180.3	36384.7	8.41305e-10	-0.109516	0.100939	0.11561	-0.0563692	0.265927	
0.498777	1.22408e-06	1.48966e-06	1.19584e-06	80.276	-28.2691	0.00316723	571.16	16146.2	32371.6	8.41305e-10	0.396484	-0.283663	-0.179126	0.0657208	0.192744	
0.497778	1.21918e-06	1.31929e-06	1.19525e-06	90.5984	-28.7966	0.00302757	643.314	18525.3	37215.9	8.41305e-10	0.0208224	0.253408	0.539309	-0.737507	-0.107527	
0.501786	1.23889e-06	1.50413e-06	1.21632e-06	80.8653	-28.2271	0.00318164	578.825	16338.6	32560.8	8.41305e-10	-0.638092	-0.294393	-0.405343	0.118353	-0.163228	
0.501169	1.23585e-06	1.50748e-06	1.21291e-06	80.4592	-28.2175	0.00308372	575.21	16231	32386.2	8.41305e-10	-0.424856	-0.206081	0.433387	-0.121634	-0.332795	
0.500919	1.23462e-06	1.42851e-06	1.20719e-06	84.5067	-28.4512	0.0031353	603.844	17180.1	34297.1	8.41305e-10	0.238795	-0.163536	-0.323252	0.142325	-0.143961	
0.497767	1.21913e-06	1.46344e-06	1.1911e-06	81.3906	-28.3463	0.00315951	577.919	16381.8	32910.6	8.41305e-10	0.451392	-0.452558	0.285059	-0.0866241	0.171683	
0.499355	1.22692e-06	1.32302e-06	1.20135e-06	90.8036	-28.7843	0.00307438	646.812	18618.1	37284.2	8.41305e-10	0.0588888	0.0973986	0.0307347	-0.221316	0.0651423	
0.501037	1.2352e-06	1.41845e-06	1.20746e-06	85.1254	-28.4819	0.00319834	608.408	17328.6	34585.5	8.41305e-10	-0.0515228	-0.618007	0.00439579	0.787402	0.634314	
0.496273	1.21182e-06	1.32319e-06	1.18671e-06	89.6852	-28.7838	0.00293514	634.904	18274.9	36824.3	8.41305e-10	0.0950193	0.438163	-0.0129535	-0.661317	0.490862	
0.498976	1.22506e-06	1.32355e-06	1.19904e-06	90.5921	-28.7826	0.00304387	644.817	18559.5	37195.2	8.41305e-10	0.229158	0.302842	-0.311434	-0.533789	-0.212754	
0.498487	1.22266e-06	1.29924e-06	1.19583e-06	92.0408	-28.8631	0.00307487	654.486	18890.5	37895.7	8.41305e-10	0.129939	0.283898	0.43455	-0.0504066	0.434772	
0.501042	1.23522e-06	1.33768e-06	1.20953e-06	90.4205	-28.7365	0.00308129	646.26	18571.2	37065.2	8.41305e-10	0.0740471	0.130031	0.230659	-0.143727	-0.371791	
0.501554	1.23775e-06	1.38711e-06	1.20937e-06	87.1863	-28.5789	0.00310534	623.781	17827	35543.5	8.41305e-10	0.00991042	0.568896	0.0059724	0.600226	0.227749	
0.502484	1.24234e-06	1.31323e-06	1.21668e-06	92.648	-28.8166	0.00310241	664.086	19136.7	38084.2	8.41305e-10	-0.310285	0.614953	0.104694	0.31706	-0.219014	
0.498745	1.22392e-06	1.34753e-06	1.20012e-06	89.0611	-28.7046	0.00309614	633.626	18188	36467.5	8.41305e-10	-0.416915	0.290299	0.0799058	-0.119371	0.434157	
0.501858	1.23925e-06	1.31894e-06	1.21288e-06	91.9589	-28.7977	0.00308189	658.326	18958.3	37776.2	8.41305e-10	-0.0368839	0.489523	-0.587102	0.13774	-0.219714	
0.503348	1.24662e-06	1.33965e-06	1.22098e-06	91.1413	-28.7301	0.00315335	654.41	18801.2	37352.3	8.41305e-10	-0.337985	-0.221038	-0.00805991	0.633134	0.0617927	
0.49738	1.21723e-06	1.42305e-06	1.19473e-06	83.9554	-28.4678	0.00314618	595.666	16957.3	34093.3	8.41305e-10	-0.453992	-0.307149	-0.152949	-0.353913	0.486593	
0.505334	1.25648e-06	1.41668e-06	1.22661e-06	86.5837	-28.4873	0.0033461	624.139	17780	35184.7	8.41305e-10	0.1683	-0.166231	-0.285874	1.1141	-0.376442	
0.499237	1.22634e-06	1.4698e-06	1.20272e-06	81.829	-28.3274	0.00314576	582.748	16507.7	33065.9	8.41305e-10	-0.254339	-0.535651	-0.297319	-0.193055	0.116776	
0.498424	1.22235e-06	1.48065e-06	1.19377e-06	80.6249	-28.2955	0.00317993	573.237	16220	32542.6	8.41305e-10	0.538702	-0.00547962	-0.088631	-0.0549959	0.0577497	
0.500097	1.23057e-06	1.41948e-06	1.20379e-06	84.8046	-28.4787	0.00311671	604.978	17229	34451.3	8.41305e-10	0.194979	-0.280856	0.0791306	0.0120714	-0.0616369	
0.501515	1.23756e-06	1.36108e-06	1.21029e-06	88.9212	-28.6612	0.00312761	636.145	18232.7	36355.1	8.41305e-10	0.0275253	0.394848	0.456554	0.289058	-0.0247425	
0.502292	1.24139e-06	1.35767e-06	1.21743e-06	89.6706	-28.6721	0.00310006	642.499	18421.8	36675.4	8.41305e-10	-0.216701	-0.0482562	-0.115586	-0.114507	-0.594824	
0.497332	1.217e-06	1.35461e-06	1.19267e-06	88.0453	-28.6819	0.00293773	624.625	17915.4	36023	8.41305e-10	0.0283997	0.443309	-0.689849	-0.753744	0.129842	
0.503815	1.24894e-06	1.41881e-06	1.2198e-06	85.9735	-28.4808	0.00330992	617.877	17597.6	34928.7	8.41305e-10	0.220708	0.351523	-0.134541	0.526619	-0.545651	
0.501399	1.23698e-06	1.4354e-06	1.21388e-06	84.5672	-28.4303	0.00321739	604.855	17196.2	34296.4	8.41305e-10	-0.772607	-0.0716897	-0.318121	0.360713	0.286897	
0.502078	1.24034e-06	1.42672e-06	1.21137e-06	84.9057	-28.4566	0.00324397	608.099	17304.4	34465.6	8.41305e-10	0.307701	0.429356	0.0650929	0.336447	-0.369028	
0.50215	1.24069e-06	1.33186e-06	1.21492e-06	91.2194	-28.7554	0.00310129	653.412	18789.1	37417.3	8.41305e-10	-0.093542	0.154009	-0.103002	0.164479	-0.234951	
0.50026	1.23137e-06	1.39714e-06	1.20349e-06	86.1393	-28.5476	0.00310049	614.7	17548.2	35078.2	8.41305e-10	0.392159	0.355554	0.152155	-0.119867	-0.323347	
0.499444	1.22736e-06	1.35928e-06	1.20348e-06	88.5381	-28.6669	0.00311193	630.787	18082.7	36205.7	8.41305e-10	-0.438484	0.1022	-0.171853	0.0137063	0.432937	
0.498107	1.22079e-06	1.31699e-06	1.19516e-06	90.7491	-28.8042	0.0030399	644.809	18573.2	37287.6	8.41305e-10	0.247211	0.28783	-0.428224	-0.589921	-0.0438042	
0.500362	1.23187e-06	1.43762e-06	1.2084e-06	84.0558	-28.4236	0.00311315	599.954	17052.8	34081	8.41305e-10	-0.369666	-0.0959595	0.319438	-0.12112	-0.0465407	
0.498589	1.22316e-06	1.38219e-06	1.19756e-06	86.6422	-28.5943	0.00316387	616.223	17620.5	35340.8	8.41305e-10	0.138542	-0.801554	-0.489837	-0.183493	0.0330349	
0.500955	1.23479e-06	1.3384e-06	1.2088e-06	90.3166	-28.7341	0.00309465	645.405	18545.2	37019.6	8.41305e-10	0.0721973	0.0183549	-0.189847	-0.0353159	-0.199864	
0.49875	1.22395e-06	1.34165e-06	1.19778e-06	89.2762	-28.7236	0.00310043	635.163	18244.2	36579.8	8.41305e-10	0.189616	-0.209019	0.714679	-0.194156	0.0728927	
0.499515	1.2277e-06	1.33314e-06	1.20294e-06	90.2335	-28.7512	0.00308644	642.958	18485.8	37007.6	8.41305e-10	-0.0402223	-0.11619	-0.0789024	-0.245809	0.014624	
0.501328	1.23663e-06	1.40141e-06	1.21238e-06	86.5116	-28.5343	0.00319611	618.674	17653.5	35213.4	8.41305e-10	-0.231351	-0.934241	-0.296795	0.140783	-0.2148	
0.500502	1.23256e-06	1.3116e-06	1.20665e-06	91.9987	-28.822	0.00308693	656.831	18931.2	37824.4	8.41305e-10	-0.0869872	0.284455	-0.0763617	0.0850847	0.150636	
0.500868	1.23436e-06	1.30279e-06	1.20831e-06	92.7479	-28.8513	0.0030714	662.664	19118.7	38171.1	8.41305e-10	-0.134257	0.846055	-0.436577	0.0317776	-0.152356	
0.501269	1.23634e-06	1.36569e-06	1.20939e-06	88.5551	-28.6465	0.00316658	633.214	18139.3	36186.8	8.41305e-10	0.0849954	-0.0145886	-0.0293138	0.198908	-0.0553258	
0.499642	1.22833e-06	1.42181e-06	1.19852e-06	84.2949	-28.4716	0.00339955	600.795	17105.6	34235.7	8.41305e-10	0.51662	-0.375439	0.515299	0.3728	-0.00203392	
0.500529	1.23269e-06	1.40651e-06	1.20596e-06	85.7413	-28.5186	0.00312642	612.188	17458.7	34880.6	8.41305e-10	0.174719	-0.193784	0.358807	0.0423246	-0.137778	
0.496708	1.21394e-06	1.45095e-06	1.19099e-06	82.0839	-28.3835	0.00311751	581.601	16507.9	33234.6	8.41305e-10	-0.259254	-0.142021	0.45978	-0.584278	0.377407	
0.497446	1.21756e-06	1.40179e-06	1.19059e-06	84.9333	-28.5332	0.00311804	602.685	17196.5	34569.6	8.41305e-10	0.293985	-0.108503	0.631115	-0.23211	0.363241	
0.498761	1.224e-06	1.34824e-06	1.19935e-06	88.9562	-28.7023	0.00310077	632.9	18165.7	36421.7	8.41305e-10	0.0298872	-0.360134	-0.954854	-0.366205	0.0525519	
0.499688	1.22856e-06	1.50313e-06	1.20516e-06	80.1765	-28.23	0.00320919	571.495	16133.3	32286.8	8.41305e-10	-0.378722	-0.986683	-0.285293	0.0399728	0.148272	
0.499734	1.22878e-06	1.37728e-06	1.20431e-06	87.441	-28.6098	0.0031029	623.334	17833.4	35685.8	8.41305e-10	0.116524	-0.349653	0.282061	-0.499295	-0.566488	
0.500058	1.23037e-06	1.35418e-06	1.20323e-06	88.8531	-28.6832	0.0029818	633.809	18179.7	36355.2	8.41305e-10	0.160763	0.171715	0.50645	0.0734288	0.111938	
0.501594	1.23795e-06	1.37969e-06	1.20966e-06	87.6757	-28.6022	0.00314019	627.333	17943.1	35772.1	8.41305e-10	0.174035	0.615446	0.289909	0.279583	-0.190245	
0.500745	1.23376e-06	1.31646e-06	1.20835e-06	91.7876	-28.8059	0.00309322	655.643	18886.4	37716.5	8.41305e-10	-0.168966	0.185854	0.0859869	0.100483	0.126671	
0.496931	1.21504e-06	1.35025e-06	1.18929e-06	88.0791	-28.6958	0.0031057	624.36	17916.5	36054.4	8.41305e-10	0.242372	-0.415067	0.0141559	-0.435999	0.2714	
0.499261	1.22646e-06	1.48934e-06	1.19833e-06	80.4603	-28.2701	0.0030765	573.028	16199.5	32447	8.41305e-10	0.411525	-0.122996	-0.045224	0.00527792	0.016447	
0.500096	1.23056e-06	1.36981e-06	1.20637e-06	88.0681	-28.6334	0.0031312	628.258	17989.2	35971.4	8.41305e-10	-0.0971739	-0.5406	-0.195833	-0.206347	-0.208325	
0.499243	1.22637e-06	1.48747e-06	1.19831e-06	80.5603	-28.2755	0.00309728	573.718	16222.2	32493.6	8.41305e-10	0.27653	-0.210876	0.333895	0.295726	0.384322	
0.502563	1.24273e-06	1.33254e-06	1.21656e-06	91.2967	-28.7532	0.00313258	654.503	18819.1	37446.2	8.41305e-10	-0.189491	-0.0499082	0.417577	0.49277	0.0301616	
0.498025	1.22039e-06	1.34271e-06	1.1928e-06	88.8353	-28.7202	0.00296931	631.107	18125.5	36394.7	8.41305e-10	0.286746	0.416676	-0.0355183	-0.142825	0.41108	
0.502298	1.24143e-06	1.43245e-06	1.21015e-06	84.4814	-28.4392	0.00357613	605.325	17215	34272.4	8.41305e-10	0.515915	-0.137196	-0.331718	0.866127	-0.282435	
0.503011	1.24495e-06	1.44379e-06	1.22121e-06	84.5835	-28.405	0.00315486	606.917	17239.5	34272.5	8.41305e-10	-0.500622	-0.139086	0.502539	0.284515	-0.322103	
0.499749	1.22886e-06	1.35521e-06	1.20323e-06	88.7853	-28.6799	0.00297787	632.936	18152.6	36323.3	8.41305e-10	-0.203675	0.176167	0.296203	0.154535	0.502898	
0.498742	1.22391e-06	1.35577e-06	1.19995e-06	88.507	-28.6781	0.00306775	629.68	18058	36207.2	8.41305e-10	0.0932742	-0.150887	0.501222	-0.697931	-0.458902	
0.499105	1.22569e-06	1.42291e-06	1.20172e-06	84.4551	-28.4682	0.00310265	601.29	17117.7	34296.7	8.41305e-10	-0.204402	-0.133467	0.279081	-0.25705	0.129476	
0.500169	1.23092e-06	1.33299e-06	1.20465e-06	90.3722	-28.7517	0.00309864	644.789	18538.8	37065.1	8.41305e-10	0.0961847	-0.0376084	0.120659	-0.00877202	0.0161947	
0.502656	1.24319e-06	1.34124e-06	1.21731e-06	90.7595	-28.7249	0.00308479	650.772	18693.4	37189.2	8.41305e-10	0.00511289	0.301487	0.0323275	0.0374498	-0.599028	
0.500999	1.23501e-06	1.41204e-06	1.21218e-06	85.8461	-28.5015	0.00316633	613.513	17486	34902.4	8.41305e-10	-0.60255	0.107509	-0.317222	-0.0223234	-0.118126	
0.50068	1.23344e-06	1.42147e-06	1.20598e-06	84.841	-28.4726	0.00312866	605.943	17252.8	34458.8	8.41305e-10	0.207049	-0.061079	-0.077716	0.166262	-0.0238142	
0.498944	1.2249e-06	1.3944e-06	1.19707e-06	85.8485	-28.5561	0.00310643	611.013	17448.2	34970.2	8.41305e-10	0.422691	0.078089	0.0577078	-0.154477	-0.0500481	
0.498629	1.22335e-06	1.31892e-06	1.19879e-06	90.8913	-28.7978	0.00307853	646.496	18617.7	37337.7	8.41305e-10	-0.0946334	-0.0777309	-0.172474	-0.269985	0.292725	
0.500853	1.23429e-06	1.43087e-06	1.21056e-06	84.6029	-28.444	0.00310691	604.452	17193	34327.5	8.41305e-10	-0.358751	0.181679	1.08662	-0.0901641	-0.219853	
0.49653	1.21308e-06	1.42043e-06	1.18547e-06	83.4581	-28.4758	0.00312522	591.126	16832.8	33900.8	8.41305e-10	0.298526	-0.294756	0.218734	-0.0886549	0.757941	
0.496707	1.21394e-06	1.4047e-06	1.18737e-06	84.5282	-28.5242	0.0031464	598.919	17083.7	34393.8	8.41305e-10	0.415522	-0.480841	-0.438381	-0.497819	0.11707	
0.499758	1.2289e-06	1.43327e-06	1.2062e-06	84.1572	-28.4367	0.00314501	599.954	17060.7	34137.9	8.41305e-10	-0.817928	0.137398	-0.464988	0.221806	0.547888	
0.498602	1.22322e-06	1.35001e-06	1.19624e-06	88.6093	-28.6966	0.0029363	630.231	18085.5	36272.4	8.41305e-10	0.170288	0.519959	0.0723438	-0.146575	0.302253	
0.499807	1.22914e-06	1.42887e-06	1.20298e-06	84.1905	-28.4501	0.00317957	600.248	17077.1	34167.4	8.41305e-10	0.287698	-0.74002	-0.0791145	-0.224215	-0.494781	
0.499789	1.22905e-06	1.38354e-06	1.20006e-06	86.7381	-28.5901	0.00321454	618.39	17679.8	35374.6	8.41305e-10	0.318603	0.127819	-0.190792	0.354424	0.307221	
0.499718	1.2287e-06	1.36056e-06	1.20048e-06	88.2336	-28.6628	0.00315004	628.963	18027.9	36076.1	8.41305e-10	0.107753	0.614263	0.338979	0.281099	0.379702	
0.503257	1.24617e-06	1.46269e-06	1.22433e-06	83.7037	-28.3485	0.00327092	600.897	17034.5	33848.6	8.41305e-10	-0.841747	-0.0230137	-0.58077	0.089185	-0.708817	
0.496609	1.21346e-06	1.46919e-06	1.18541e-06	80.6851	-28.3292	0.00316964	571.576	16192.3	32605.8	8.41305e-10	0.474206	-0.462016	-0.499817	-0.180574	0.433609	
0.500273	1.23143e-06	1.51569e-06	1.20223e-06	79.3192	-28.1939	0.00332465	566.045	15959	31900.6	8.41305e-10	0.611731	-0.507299	0.764461	0.210629	-0.563013	
0.50312	1.24549e-06	1.31652e-06	1.21983e-06	92.6557	-28.8057	0.00314571	664.982	19155.3	38073	8.41305e-10	-0.474826	0.123527	0.134568	0.728946	0.249892	
0.497834	1.21945e-06	1.3043e-06	1.19416e-06	91.5558	-28.8462	0.00307561	650.184	18755.4	37673.9	8.41305e-10	-0.0396295	0.00664878	0.0341075	-0.196992	0.596954	
0.502639	1.24311e-06	1.3598e-06	1.21616e-06	89.4369	-28.6652	0.00319004	641.267	18382.1	36571.1	8.41305e-10	-0.0403395	0.0231203	-0.0792519	0.427163	-0.10833	
0.499533	1.22779e-06	1.34582e-06	1.20381e-06	89.448	-28.7101	0.00310652	637.383	18299.4	36632.9	8.41305e-10	-0.494824	0.52123	-0.287893	-0.00912252	0.293949	
0.499359	1.22694e-06	1.32311e-06	1.20087e-06	90.7607	-28.784	0.00308373	646.512	18609.2	37266.3	8.41305e-10	0.103652	0.0527782	0.16719	-0.134077	0.120736	
0.500279	1.23146e-06	1.34828e-06	1.20421e-06	89.3145	-28.7022	0.00312458	637.383	18294.3	36568.2	8.41305e-10	0.088898	0.630009	-0.070254	0.0588213	0.0529082	
0.49742	1.21743e-06	1.43205e-06	1.19413e-06	83.3856	-28.4404	0.0030451	591.671	16827.4	33829.3	8.41305e-10	-0.159855	0.442851	0.518243	-0.724958	-0.0015551	
0.500992	1.23498e-06	1.30731e-06	1.20976e-06	92.538	-28.8362	0.0030693	661.328	19070.2	38064.9	8.41305e-10	-0.213605	0.702086	-0.387907	-0.0410469	-0.185864	
0.502431	1.24208e-06	1.32435e-06	1.21592e-06	91.8126	-28.78	0.00311274	658.029	18938.1	37692.8	8.41305e-10	-0.157054	0.198063	0.0471313	0.367174	-0.0754799	
0.498131	1.22091e-06	1.33304e-06	1.19611e-06	89.7282	-28.7516	0.00308773	637.586	18331.6	36800.8	8.41305e-10	0.0219763	-0.253661	0.136243	-0.356316	0.214459	
0.503285	1.24631e-06	1.34999e-06	1.22092e-06	90.4387	-28.6967	0.00313638	649.284	18632.3	37021.3	8.41305e-10	-0.227705	-0.172238	-0.0173038	0.386605	-0.265133	
0.502847	1.24414e-06	1.35529e-06	1.21999e-06	90.0173	-28.6797	0.00312287	645.696	18518.4	36827	8.41305e-10	-0.323363	-0.156174	0.139979	0.145936	-0.421407	
0.50291	1.24445e-06	1.50504e-06	1.21628e-06	80.814	-28.2245	0.00311358	579.753	16363.3	32537.1	8.41305e-10	0.178689	-0.362596	0.3716	0.684069	-0.210019	
0.501038	1.2352e-06	1.38701e-06	1.20949e-06	87.2013	-28.5792	0.00316488	623.246	17811.9	35550	8.41305e-10	0.129558	-0.713879	-0.559115	-0.0486984	-0.46524	
0.500953	1.23479e-06	1.32239e-06	1.20957e-06	91.4683	-28.7864	0.00308086	653.633	18815.7	37559.9	8.41305e-10	-0.104781	0.249529	-0.657763	-0.0622508	-0.100428	
0.502592	1.24288e-06	1.3244e-06	1.21746e-06	91.9251	-28.7798	0.00310342	659.047	18967.2	37738.8	8.41305e-10	-0.249047	0.344989	-0.178594	0.25167	-0.23024	
0.4992	1.22616e-06	1.43444e-06	1.19606e-06	83.3815	-28.4332	0.00328136	593.76	16882.5	33819.1	8.41305e-10	0.490895	0.500051	0.20767	0.116968	0.0231708	
0.500857	1.23431e-06	1.32908e-06	1.20802e-06	90.8914	-28.7645	0.00313545	649.386	18679.3	37294.6	8.41305e-10	-0.112913	-0.245876	-0.209337	0.386178	0.400945	
0.505127	1.25545e-06	1.33538e-06	1.22898e-06	92.0323	-28.744	0.00315486	663.143	19061.3	37735.8	8.41305e-10	-0.363355	0.152125	0.382953	0.882604	-0.233196	
0.502309	1.24148e-06	1.38219e-06	1.21435e-06	87.857	-28.5943	0.00318125	629.526	18000.9	35836.3	8.41305e-10	0.0952391	0.0552414	-0.215562	0.233956	-0.29979	
0.505555	1.25758e-06	1.42542e-06	1.23402e-06	86.572	-28.4606	0.00316622	624.327	17768.7	35146.9	8.41305e-10	-0.609597	0.174173	0.017695	0.395003	-0.920173	
0.498788	1.22413e-06	1.30014e-06	1.19789e-06	92.1351	-28.8601	0.00304044	655.552	18919.3	37930.5	8.41305e-10	0.172228	0.585413	-0.178856	-0.355029	0.0204502	
0.499515	1.2277e-06	1.34356e-06	1.2025e-06	89.5012	-28.7174	0.00310681	637.74	18314.2	36664.1	8.41305e-10	0.00534518	-0.293535	-0.0938199	-0.149341	0.0700641	
0.499055	1.22544e-06	1.43875e-06	1.20333e-06	83.6369	-28.4201	0.00311693	595.405	16921.5	33907.1	8.41305e-10	-0.663196	0.157045	-0.256	-0.198603	0.18161	
0.497266	1.21668e-06	1.34848e-06	1.19236e-06	88.4227	-28.7015	0.0029552	627.218	18002.1	36202.2	8.41305e-10	-0.0691196	0.108992	-0.378161	-0.527952	0.429769	
0.50354	1.24757e-06	1.38474e-06	1.21919e-06	88.0443	-28.5863	0.00317518	632.413	18078.4	35902.6	8.41305e-10	0.106519	0.395907	-0.36386	0.54549	-0.335367	
0.49576	1.20932e-06	1.47017e-06	1.18776e-06	80.7905	-28.3263	0.00315301	571.345	16184.1	32645	8.41305e-10	-0.253526	-0.0776044	-0.276197	-1.09876	-0.0724896	
0.501088	1.23545e-06	1.49759e-06	1.20668e-06	80.5744	-28.2461	0.003217	575.94	16268	32465.4	8.41305e-10	0.297381	-0.366734	0.234154	0.590614	0.0773586	
0.496965	1.2152e-06	1.3949e-06	1.19201e-06	85.4552	-28.5546	0.00311952	605.802	17298.4	34808.1	8.41305e-10	-0.249737	-0.378926	0.165607	-0.442985	0.441308	
0.500237	1.23126e-06	1.38353e-06	1.20604e-06	87.171	-28.5901	0.00296923	622.034	17784	35551.2	8.41305e-10	-0.272727	0.265679	-0.317606	0.128651	0.381678	
0.498686	1.22363e-06	1.34429e-06	1.19747e-06	89.0781	-28.7151	0.00292893	633.672	18195.9	36487.8	8.41305e-10	0.199735	0.457081	-0.444795	-0.409505	0.0418879	
0.501816	1.23904e-06	1.42293e-06	1.21005e-06	85.0389	-28.4682	0.0032272	608.735	17329.6	34533.7	8.41305e-10	0.341545	0.0542954	-0.457996	0.422833	-0.218136	
0.500248	1.23131e-06	1.35822e-06	1.20471e-06	88.6981	-28.6703	0.00294256	632.945	18146.7	36275.5	8.41305e-10	0.175436	0.296184	0.270678	-0.13	-0.145119	
0.500872	1.23438e-06	1.40003e-06	1.20625e-06	86.159	-28.5386	0.0031001	615.593	17568.2	35075.2	8.41305e-10	0.369018	0.364971	0.197457	0.00363035	-0.347261	
0.501621	1.23808e-06	1.48723e-06	1.21515e-06	81.7052	-28.2762	0.00316001	584.644	16531.5	32956.2	8.41305e-10	-0.573548	-0.176686	0.419457	0.102584	-0.17001	
0.498032	1.22043e-06	1.43934e-06	1.19929e-06	83.3225	-28.4184	0.00321496	591.951	16822.3	33777.5	8.41305e-10	-0.57296	0.237396	-0.454135	-0.797875	-0.362857	
0.498599	1.22321e-06	1.35589e-06	1.1945e-06	88.0969	-28.6778	0.00314973	626.582	17969	36038.9	8.41305e-10	0.241149	0.536255	-0.306641	0.187085	0.580254	
0.49671	1.21395e-06	1.46986e-06	1.19183e-06	81.0852	-28.3273	0.00316158	574.527	16274.8	32765.1	8.41305e-10	-0.338058	-0.272518	-0.364653	-0.699968	0.203592	
0.500382	1.23197e-06	1.40808e-06	1.20749e-06	85.7546	-28.5137	0.00311799	612.103	17453.4	34880.1	8.41305e-10	-0.431125	0.02192	-0.362646	0.232716	0.490478	
0.499539	1.22782e-06	1.3198e-06	1.20247e-06	91.1101	-28.7949	0.00309218	649.235	18694.7	37423.9	8.41305e-10	-0.076559	-0.0368984	-0.573754	-0.0450953	0.323137	
0.500279	1.23146e-06	1.31455e-06	1.20697e-06	91.8164	-28.8122	0.00306002	655.238	18878.9	37736.7	8.41305e-10	-0.204061	0.450997	-0.0799824	-0.210844	-0.120122	
0.499671	1.22847e-06	1.33313e-06	1.20331e-06	90.2625	-28.7513	0.00311012	643.365	18497.6	37019.5	8.41305e-10	-0.0852775	-0.271779	0.0350249	-0.0202268	0.232726	
0.498806	1.22422e-06	1.33836e-06	1.19908e-06	89.593	-28.7343	0.00307463	637.488	18317.8	36723.2	8.41305e-10	0.122192	-0.0764857	0.484965	-0.41843	-0.106034	
0.498118	1.22085e-06	1.43072e-06	1.19712e-06	83.6726	-28.4445	0.0030852	594.541	16911.4	33950.6	8.41305e-10	-0.183702	-0.0663985	-0.356672	-0.422644	0.259538	
0.499768	1.22895e-06	1.49034e-06	1.20683e-06	80.9767	-28.2672	0.00310095	577.291	16318.4	32651.9	8.41305e-10	-0.348909	0.104103	0.0482102	-0.610204	-0.576848	
0.498992	1.22514e-06	1.32602e-06	1.20057e-06	90.5394	-28.7745	0.00308756	644.463	18544.1	37163.1	8.41305e-10	-0.0977342	-0.157086	-0.402102	-0.233926	0.232064	
0.499504	1.22765e-06	1.3451e-06	1.20165e-06	89.3353	-28.7124	0.00295781	636.544	18276.7	36589.8	8.41305e-10	0.000976686	0.192126	0.0404133	-0.0543424	0.271718	
0.501841	1.23917e-06	1.33401e-06	1.21416e-06	91.0154	-28.7484	0.00309613	651.55	18731	37324.6	8.41305e-10	-0.15647	0.113355	-0.768002	0.0285395	-0.228185	
0.497062	1.21568e-06	1.32955e-06	1.19053e-06	89.5434	-28.7629	0.00293109	634.908	18261.8	36739.5	8.41305e-10	0.143518	0.531507	-0.480557	-0.715847	0.20336	
0.500442	1.23227e-06	1.3807e-06	1.20615e-06	87.3576	-28.599	0.00317031	623.622	17835	35638.4	8.41305e-10	0.145257	-0.791956	0.512655	0.0372392	-0.308213	
0.502343	1.24165e-06	1.36392e-06	1.21475e-06	89.0631	-28.6521	0.00312511	638.211	18286.1	36401.6	8.41305e-10	0.0154955	0.386788	0.112675	0.236075	-0.28455	
0.499551	1.22788e-06	1.40318e-06	1.20169e-06	85.6405	-28.5289	0.00312311	610.275	17410.4	34852.2	8.41305e-10	0.34827	-0.238591	-0.335977	-0.421186	-0.476072	
0.50188	1.23936e-06	1.33618e-06	1.21341e-06	90.8121	-28.7414	0.00310033	650.144	18686	37232.1	8.41305e-10	-0.0226577	0.0934419	0.35596	0.118662	-0.277452	
0.499473	1.2275e-06	1.3345e-06	1.20296e-06	90.1429	-28.7468	0.00307951	642.258	18462.9	36964.7	8.41305e-10	-0.0387816	-0.0782659	-0.0822789	-0.324078	-0.0661934	
0.501876	1.23934e-06	1.33088e-06	1.21288e-06	91.1341	-28.7586	0.00312374	652.444	18763.4	37386.5	8.41305e-10	-0.0860747	-0.0335543	0.391007	0.389004	0.0571777	
0.497946	1.22001e-06	1.30552e-06	1.19375e-06	91.4387	-28.8422	0.00307754	649.5	18733	37620.5	8.41305e-10	0.102238	0.104717	0.327015	-0.150289	0.516878	
0.498278	1.22163e-06	1.42259e-06	1.19987e-06	84.3434	-28.4692	0.00311515	599.5	17067.3	34252.5	8.41305e-10	-0.315167	0.146301	-0.0560861	-0.866009	-0.494234	
0.503051	1.24515e-06	1.39317e-06	1.21836e-06	87.452	-28.56	0.00312109	627.549	17922.8	35628.2	8.41305e-10	0.0726456	0.0682756	0.0450691	0.249627	-0.502032	
0.501023	1.23513e-06	1.3827e-06	1.21199e-06	87.654	-28.5927	0.00313201	626.463	17912.3	35751.5	8.41305e-10	-0.498922	0.104004	0.128752	-0.0497784	-0.165708	
0.500865	1.23435e-06	1.48945e-06	1.20612e-06	80.9774	-28.2697	0.00310741	578.563	16355.8	32655.2	8.41305e-10	0.302956	-0.0944716	0.142794	0.344664	-0.0211716	
0.500402	1.23207e-06	1.47879e-06	1.20864e-06	81.7317	-28.3009	0.00316627	583.413	16511.1	32995.7	8.41305e-10	-0.420251	-0.266883	0.334619	-0.0192043	0.0531043	
0.500032	1.23025e-06	1.32128e-06	1.206e-06	91.2751	-28.79	0.0030501	651.053	18743.8	37485.3	8.41305e-10	-0.138148	0.402682	0.354808	-0.366721	-0.274812	
0.497035	1.21554e-06	1.31911e-06	1.19067e-06	90.2633	-28.7972	0.00305834	639.977	18429.5	37079	8.41305e-10	0.106287	-0.0525355	0.543609	-0.551678	0.278803	
0.502187	1.24087e-06	1.32987e-06	1.21509e-06	91.3691	-28.7619	0.00309933	654.532	18825.6	37487.2	8.41305e-10	-0.103964	0.205571	-0.000735747	0.169376	-0.245887	
0.502647	1.24315e-06	1.53454e-06	1.21523e-06	79.1923	-28.1402	0.00314792	567.822	15978.6	31789	8.41305e-10	0.220307	-0.785138	0.0101446	0.610157	-0.372043	
0.498609	1.22326e-06	1.39933e-06	1.1992e-06	85.6982	-28.5408	0.00305478	609.534	17396.6	34890.2	8.41305e-10	-0.256786	0.514904	0.141282	-0.347648	0.162824	
0.50021	1.23112e-06	1.34855e-06	1.20733e-06	89.5279	-28.7013	0.00304686	638.817	18334.9	36654.4	8.41305e-10	0.00516222	0.214143	0.759672	-0.63718	-0.743381	
0.501274	1.23637e-06	1.43281e-06	1.21273e-06	84.64	-28.4381	0.003107	605.225	17211.5	34335.4	8.41305e-10	-0.259224	-0.0123204	-0.0329619	-0.198966	-0.425022	
0.499089	1.22561e-06	1.39028e-06	1.19866e-06	86.2173	-28.569	0.0031049	613.816	17536.1	35136.2	8.41305e-10	0.274636	-0.00702279	-0.645086	-0.163501	0.0855777	
0.498282	1.22165e-06	1.3825e-06	1.19226e-06	86.2394	-28.5934	0.00327268	612.981	17527.2	35175.2	8.41305e-10	0.667722	0.355832	0.666869	-0.166156	-0.130428	
0.499817	1.22919e-06	1.3338e-06	1.20238e-06	90.1468	-28.7491	0.00309674	642.729	18477.9	36969.2	8.41305e-10	0.0668316	0.731247	-0.123578	-0.0863958	0.0162907	
0.497161	1.21616e-06	1.43494e-06	1.19413e-06	83.2181	-28.4317	0.00310485	590.176	16779.7	33751	8.41305e-10	-0.584771	-0.076877	-0.332163	-0.337656	0.59847	
0.499597	1.22811e-06	1.36794e-06	1.20057e-06	87.7647	-28.6393	0.00299205	625.469	17913	35854.9	8.41305e-10	0.0237307	0.390915	0.111083	0.316469	0.575808	
0.498997	1.22516e-06	1.41169e-06	1.20234e-06	85.1705	-28.5026	0.00316195	606.252	17279.8	34629	8.41305e-10	-0.621807	0.181218	-0.354554	-0.10649	0.362656	
0.502229	1.24108e-06	1.41031e-06	1.21437e-06	86.106	-28.5068	0.00316598	616.881	17585.3	35014.6	8.41305e-10	0.0304407	-0.587627	-0.221942	0.403824	-0.173373	
0.499103	1.22568e-06	1.33456e-06	1.20113e-06	90.0017	-28.7466	0.00304044	640.778	18420.2	36906.6	8.41305e-10	0.14276	0.218151	0.117619	-0.675384	-0.444311	
0.502571	1.24277e-06	1.46733e-06	1.21883e-06	83.064	-28.3347	0.00318364	595.493	16873.1	33573.6	8.41305e-10	-0.442546	-0.580678	-0.22545	0.335506	-0.127865	
0.500766	1.23386e-06	1.4147e-06	1.21065e-06	85.5765	-28.4933	0.00317312	611.301	17418	34782.8	8.41305e-10	-0.717763	0.701786	0.175384	0.0165485	-0.232963	
0.49864	1.22341e-06	1.42405e-06	1.19493e-06	83.9105	-28.4647	0.00316873	596.857	16989.4	34071.4	8.41305e-10	0.407651	0.0449626	-0.209195	0.0430833	0.242771	
0.498193	1.22122e-06	1.42106e-06	1.19751e-06	84.2686	-28.4739	0.0030655	598.867	17052.1	34227.8	8.41305e-10	-0.0663066	-0.0623989	0.0956309	-0.587403	-0.0421019	
0.499338	1.22684e-06	1.35432e-06	1.20179e-06	88.7374	-28.6828	0.00296039	632.073	18129.6	36307.3	8.41305e-10	-0.035344	0.128578	0.253283	-0.268027	0.073882	
0.500819	1.23412e-06	1.45168e-06	1.21103e-06	83.4226	-28.3813	0.00316517	595.979	16914.6	33774	8.41305e-10	-0.451953	-0.326759	0.142672	-0.0468498	-0.129209	
0.498383	1.22215e-06	1.48466e-06	1.19424e-06	80.4383	-28.2837	0.00314158	571.864	16174.4	32453.8	8.41305e-10	0.389588	-0.309321	0.374943	-0.0347391	0.165234	
0.498629	1.22336e-06	1.34687e-06	1.1981e-06	88.9549	-28.7068	0.00296563	632.723	18163.4	36426.7	8.41305e-10	-0.116088	0.237605	-0.0325305	-0.153788	0.468004	
0.50198	1.23985e-06	1.49072e-06	1.21167e-06	81.2809	-28.266	0.00309697	582.024	16451.5	32773.3	8.41305e-10	0.318788	-0.0305814	-0.0227759	0.323294	-0.345334	
0.500323	1.23168e-06	1.35183e-06	1.20556e-06	89.1797	-28.6908	0.00296166	636.478	18261	36498.5	8.41305e-10	-0.0106954	0.0850523	0.382767	0.0663299	0.149062	
0.501238	1.23619e-06	1.33504e-06	1.20966e-06	90.6086	-28.7451	0.0031252	647.857	18622.7	37153.4	8.41305e-10	-0.020793	-0.142401	0.426769	0.313211	0.105186	
0.501293	1.23646e-06	1.35664e-06	1.21201e-06	89.339	-28.6754	0.00309504	638.85	18319.3	36544	8.41305e-10	-0.0524531	-0.116995	0.137095	-0.237725	-0.531643	
0.498236	1.22143e-06	1.4425e-06	1.1976e-06	83.0228	-28.4089	0.0030874	590.063	16763	33644.7	8.41305e-10	-0.27929	-0.135048	-0.259176	-0.220054	0.498205	
0.502559	1.24272e-06	1.36868e-06	1.21876e-06	89.0467	-28.637	0.00312624	638.368	18280.9	36375.7	8.41305e-10	-0.265615	-0.277532	0.444518	0.0263627	-0.555834	
0.498946	1.22491e-06	1.35198e-06	1.19974e-06	88.7393	-28.6903	0.00316276	631.59	18120.5	36317.6	8.41305e-10	-0.146497	-0.774845	-0.136149	0.151342	0.552526	
0.50186	1.23926e-06	1.3969e-06	1.21214e-06	86.7738	-28.5484	0.0031154	621.208	17734.5	35337.5	8.41305e-10	0.20646	0.131021	0.655851	0.0818315	-0.474887	
0.49746	1.21762e-06	1.4074e-06	1.195e-06	84.9086	-28.5158	0.00310739	602.526	17181.5	34538.5	8.41305e-10	-0.412017	0.246505	0.149736	-0.526974	0.244504	
0.498374	1.2221e-06	1.34249e-06	1.19715e-06	89.1738	-28.7209	0.00306671	633.956	18207.8	36534.4	8.41305e-10	0.186633	-0.0873082	-0.473046	-0.592353	-0.158398	
0.499662	1.22843e-06	1.46645e-06	1.2017e-06	81.946	-28.3373	0.00313557	584.077	16551.2	33124.8	8.41305e-10	0.33858	-0.341982	-0.0772488	-0.216834	-0.333926	
0.497572	1.21817e-06	1.41121e-06	1.19546e-06	84.7111	-28.5041	0.00313641	601.261	17138.4	34444	8.41305e-10	-0.495161	0.149525	-0.14457	-0.352942	0.466681	
0.50015	1.23083e-06	1.36222e-06	1.2055e-06	88.4955	-28.6575	0.00296593	631.375	18093.7	36176.5	8.41305e-10	-0.0981719	0.168089	0.0416319	-0.0708389	0.106411	
0.497239	1.21654e-06	1.33399e-06	1.18937e-06	89.1587	-28.7485	0.00293709	632.405	18180.7	36563.2	8.41305e-10	0.424546	0.441961	-0.334558	-0.515177	0.1946	
0.502161	1.24075e-06	1.36825e-06	1.21301e-06	88.6544	-28.6384	0.00313546	635.052	18186.8	36217.2	8.41305e-10	0.0666875	0.723426	0.314981	0.26927	-0.324833	
0.497207	1.21639e-06	1.4249e-06	1.19276e-06	83.7084	-28.4622	0.00309281	593.708	16898.2	33986.3	8.41305e-10	-0.0641304	-0.384264	-0.0591622	-0.583392	0.180068	
0.500256	1.23135e-06	1.43058e-06	1.20781e-06	84.428	-28.4449	0.00309625	602.483	17137.6	34257.6	8.41305e-10	-0.323912	-0.0122906	-0.55982	-0.193058	-0.0413001	
0.50312	1.24549e-06	1.42734e-06	1.22127e-06	85.5627	-28.4547	0.00314326	614.076	17473.4	34730	8.41305e-10	-0.600462	0.431749	-0.387701	0.384852	-0.248096	
0.499751	1.22887e-06	1.42479e-06	1.20565e-06	84.6194	-28.4625	0.00312369	603.24	17169.7	34356.5	8.41305e-10	-0.530113	0.166544	0.108302	-0.0504254	0.213249	
0.501307	1.23653e-06	1.33558e-06	1.21107e-06	90.6778	-28.7433	0.00311694	648.442	18638.4	37179.6	8.41305e-10	-0.1387	-0.147056	-0.54828	0.176818	0.0746117	
0.49848	1.22262e-06	1.34158e-06	1.1966e-06	89.1933	-28.7238	0.00309564	634.229	18217.5	36546.1	8.41305e-10	0.206975	-0.203926	0.406317	-0.278064	0.0689298	
0.499559	1.22792e-06	1.43168e-06	1.20525e-06	84.1843	-28.4415	0.00314239	599.907	17062.3	34154.7	8.41305e-10	-0.456965	-0.028573	-0.411554	-0.291103	-0.0301858	
0.500181	1.23098e-06	1.3834e-06	1.20168e-06	86.8648	-28.5905	0.00328652	619.78	17719.8	35426.8	8.41305e-10	0.23075	0.0734643	0.0324365	0.528114	0.45531	
0.502446	1.24215e-06	1.36457e-06	1.21715e-06	89.1969	-28.65	0.00314292	639.3	18316	36453.7	8.41305e-10	-0.169943	-0.406901	-0.0794642	0.20971	-0.300222	
0.498427	1.22237e-06	1.31928e-06	1.19596e-06	90.6523	-28.7966	0.00304835	644.535	18560.4	37238	8.41305e-10	0.298319	0.28181	-0.048024	-0.428335	-0.0319199	
0.501173	1.23587e-06	1.49813e-06	1.20767e-06	80.6122	-28.2445	0.00311987	576.308	16277.5	32478.9	8.41305e-10	0.199251	-0.356183	-0.0809115	0.575479	0.186362	
0.498732	1.22386e-06	1.39346e-06	1.20153e-06	86.2263	-28.5591	0.003101	613.441	17519.3	35127.7	8.41305e-10	-0.395556	0.37346	-0.252928	-0.628765	-0.272392	
0.50194	1.23965e-06	1.3769e-06	1.21256e-06	88.0638	-28.611	0.0030042	630.544	18040.5	35941.5	8.41305e-10	0.0414541	0.0497527	0.359735	0.356274	-0.0421208	
0.499976	1.22997e-06	1.30433e-06	1.20382e-06	92.2942	-28.8461	0.0030934	658.248	18987.9	37977.7	8.41305e-10	-0.104212	0.243316	-0.110203	0.166802	0.412056	
0.500015	1.23016e-06	1.38189e-06	1.20241e-06	87.0119	-28.5953	0.00319308	620.623	17746.9	35492.7	8.41305e-10	-0.00613271	-0.473064	1.03647	0.650786	0.699794	
0.50076	1.23383e-06	1.35479e-06	1.20843e-06	89.1968	-28.6813	0.00314626	637.156	18274.4	36493.4	8.41305e-10	-0.117178	-0.518247	0.158861	0.200956	0.119719	
0.503738	1.24855e-06	1.32497e-06	1.22198e-06	92.2271	-28.7779	0.00316427	662.72	19071.7	37860.4	8.41305e-10	-0.380499	-0.0501949	0.385832	0.934715	0.275725	
0.502331	1.24158e-06	1.36e-06	1.21683e-06	89.4723	-28.6646	0.00312412	641.128	18377.7	36584.8	8.41305e-10	-0.15373	-0.253122	0.377936	0.0786036	-0.4406	
0.49935	1.2269e-06	1.32624e-06	1.20108e-06	90.5628	-28.7738	0.00305758	645.091	18561.7	37171.7	8.41305e-10	0.194612	0.234857	0.268671	-0.382995	-0.206663	
0.497758	1.21908e-06	1.45892e-06	1.19798e-06	82.1145	-28.3597	0.00311776	583.047	16535	33219.1	8.41305e-10	-0.596705	-0.0941114	-0.301483	-0.578202	0.0123135	
0.499063	1.22549e-06	1.33633e-06	1.19932e-06	89.747	-28.7409	0.00297824	638.913	18362.9	36794.7	8.41305e-10	-0.0636211	-0.041885	-0.180955	0.127076	0.652635	
0.50038	1.23196e-06	1.34993e-06	1.20808e-06	89.4921	-28.6969	0.00309494	638.779	18331	36634.1	8.41305e-10	-0.16142	-0.187027	-0.1616	-0.269736	-0.251356	
0.501112	1.23557e-06	1.46459e-06	1.20824e-06	82.4968	-28.3428	0.00314403	589.71	16714.1	33353.9	8.41305e-10	0.153372	-0.331337	0.120693	0.298126	-0.0235942	
0.498432	1.22239e-06	1.3273e-06	1.1976e-06	90.2286	-28.7703	0.00309857	641.529	18457	37030.1	8.41305e-10	-0.0727324	-0.293294	0.435881	-0.191034	0.351217	
0.497574	1.21818e-06	1.3567e-06	1.18979e-06	87.6975	-28.6752	0.00312534	622.459	17849.1	35872.3	8.41305e-10	0.179948	0.595932	0.0187465	0.140497	0.831967	
0.499572	1.22799e-06	1.34429e-06	1.20183e-06	89.4023	-28.7151	0.0029554	637.108	18294.6	36620.5	8.41305e-10	0.0464525	0.0826295	0.282154	-0.0429087	0.222728	
0.497331	1.21699e-06	1.35572e-06	1.19114e-06	87.8604	-28.6783	0.00309079	623.311	17875.5	35942.9	8.41305e-10	0.352221	-0.301279	-0.23163	-0.588077	-0.0565359	
0.501116	1.23559e-06	1.45042e-06	1.2119e-06	83.555	-28.3851	0.0031348	597.279	16953.8	33832.1	8.41305e-10	-0.516264	0.0926621	0.483331	0.147868	0.0623302	
0.498303	1.22175e-06	1.47812e-06	1.20094e-06	81.2474	-28.3029	0.00316976	577.523	16345.6	32802.5	8.41305e-10	-0.734352	-0.37752	0.386769	-0.37134	0.015813	
0.504286	1.25127e-06	1.40982e-06	1.22151e-06	86.6431	-28.5084	0.00334917	623.272	17768.5	35234.9	8.41305e-10	0.346658	-0.174036	0.218128	0.780114	-0.622486	
0.500073	1.23045e-06	1.35421e-06	1.20309e-06	88.8407	-28.6831	0.003027	633.741	18177.7	36350	8.41305e-10	0.0823621	-0.0820601	-0.264333	0.30934	0.454312	
0.500713	1.2336e-06	1.33424e-06	1.20885e-06	90.6016	-28.7476	0.00313119	647.129	18603.4	37153.9	8.41305e-10	-0.273403	-0.362521	-0.233095	0.20398	0.292721	
0.500339	1.23176e-06	1.3413e-06	1.20672e-06	89.9658	-28.7247	0.0030771	642.109	18444.4	36863.8	8.41305e-10	0.0497178	0.0285986	-0.178298	-0.301244	-0.316048	
0.500816	1.23411e-06	1.30531e-06	1.20723e-06	92.4856	-28.8429	0.00309229	660.722	19057.1	38052.1	8.41305e-10	-0.0425777	0.407514	0.0994654	0.276888	0.200389	
0.501165	1.23583e-06	1.49631e-06	1.20794e-06	80.728	-28.2498	0.00306918	577.127	16303.7	32531.6	8.41305e-10	0.403898	-0.106933	-0.633793	0.102387	-0.388516	
0.50077	1.23388e-06	1.4018e-06	1.20916e-06	86.258	-28.5331	0.00311083	616.175	17581.4	35108.7	8.41305e-10	-0.34963	0.163059	-0.589327	0.163748	0.270591	
0.496816	1.21448e-06	1.44584e-06	1.19194e-06	82.439	-28.3988	0.00313077	584.245	16591.9	33396.4	8.41305e-10	-0.282952	0.061399	-0.396628	-0.742787	0.194002	
0.501503	1.2375e-06	1.45262e-06	1.21347e-06	83.5367	-28.3785	0.00314056	597.609	16959.2	33816.8	8.41305e-10	-0.375256	-0.237195	0.436148	0.136564	-0.062884	
0.498937	1.22487e-06	1.36653e-06	1.19755e-06	87.6343	-28.6438	0.00312769	623.714	17865.6	35807.3	8.41305e-10	0.253477	-0.0699281	-0.480268	-0.0195647	0.26876	
0.50153	1.23763e-06	1.4639e-06	1.21499e-06	82.9968	-28.3449	0.0031488	593.778	16830.6	33558.5	8.41305e-10	-0.506735	-0.0152908	0.519439	-0.134581	-0.476079	
0.497841	1.21949e-06	1.3368e-06	1.19434e-06	89.3431	-28.7393	0.002936	634.48	18234.5	36627.2	8.41305e-10	0.148286	0.316	0.0600321	-0.62695	0.0400366	
0.498242	1.22146e-06	1.31134e-06	1.19612e-06	91.2134	-28.8228	0.00307708	648.284	18685.4	37502.6	8.41305e-10	-0.0144832	-0.00111467	-0.0968917	-0.205801	0.458592	
0.498966	1.22501e-06	1.49465e-06	1.20203e-06	80.4221	-28.2546	0.00309588	572.417	16173.4	32413.8	8.41305e-10	-0.448154	-0.239939	0.0486209	-0.175535	0.293661	
0.497552	1.21808e-06	1.38053e-06	1.19539e-06	86.589	-28.5995	0.0030724	614.565	17576.3	35325.5	8.41305e-10	-0.176345	0.0877157	-0.877832	-0.789733	-0.0572374	
0.496558	1.21321e-06	1.48642e-06	1.18499e-06	79.7208	-28.2786	0.00319262	564.687	15968.5	32158.5	8.41305e-10	0.463942	-0.465602	-0.513549	-0.110569	0.523991	
0.498941	1.22489e-06	1.37385e-06	1.19824e-06	87.2179	-28.6206	0.00313174	620.757	17766.4	35608.3	8.41305e-10	0.237523	-0.401344	0.746812	-0.109947	0.0165014	
0.499099	1.22566e-06	1.40578e-06	1.20306e-06	85.5791	-28.5208	0.00314214	609.285	17377.3	34817.4	8.41305e-10	-0.49066	0.260361	-0.504713	-0.383862	-0.0266212	
0.498639	1.2234e-06	1.29362e-06	1.19687e-06	92.5203	-28.8819	0.00304317	658.097	19007.1	38117.9	8.41305e-10	0.151416	0.649917	-0.332396	-0.268202	0.160484	
0.499754	1.22888e-06	1.33283e-06	1.20481e-06	90.395	-28.7523	0.00307723	644.417	18528.4	37075.1	8.41305e-10	-0.151263	-0.0162223	0.130774	-0.296584	-0.0871583	
0.500096	1.23056e-06	1.32016e-06	1.20383e-06	91.1882	-28.7937	0.00308705	650.516	18730.8	37454.4	8.41305e-10	0.114433	0.159088	-0.0243758	0.042639	0.10354	
0.498169	1.2211e-06	1.33088e-06	1.1952e-06	89.8051	-28.7586	0.00295725	638.181	18353.2	36841.3	8.41305e-10	-0.0159059	0.214318	0.0185976	-0.124123	0.593948	
0.496777	1.21428e-06	1.31937e-06	1.18848e-06	90.0796	-28.7963	0.00306897	638.343	18381.9	37002.4	8.41305e-10	0.224124	-0.0682041	-0.0693358	-0.478249	0.411845	
0.501963	1.23977e-06	1.39791e-06	1.21691e-06	87.0525	-28.5452	0.00318076	623.331	17793.1	35447.1	8.41305e-10	-0.772063	0.309517	0.440969	0.208322	-0.226901	
0.501511	1.23754e-06	1.33606e-06	1.21149e-06	90.6761	-28.7417	0.00308777	648.694	18644.6	37176.8	8.41305e-10	0.0591101	0.158215	0.268169	-0.0063474	-0.34934	
0.501084	1.23543e-06	1.37955e-06	1.20816e-06	87.5765	-28.6026	0.00297937	625.985	17904.8	35732.2	8.41305e-10	0.141396	0.31217	-0.525331	0.145511	-0.0294123	
0.50188	1.23936e-06	1.44261e-06	1.20843e-06	83.7672	-28.4085	0.00348686	599.709	17036.8	33946	8.41305e-10	0.583736	0.449943	0.0739444	0.52433	-0.533782	
0.5006	1.23304e-06	1.38361e-06	1.20603e-06	87.166	-28.5899	0.00309528	622.449	17795.7	35548.8	8.41305e-10	0.286858	0.261693	-0.676278	-0.161545	-0.336157	
0.502638	1.2431e-06	1.4606e-06	1.22041e-06	83.5556	-28.3547	0.00319803	599.096	16987.2	33796.1	8.41305e-10	-0.55519	-0.375084	0.295025	0.0778857	-0.544427	
0.499971	1.22995e-06	1.44452e-06	1.20582e-06	83.4752	-28.4028	0.00313527	595.345	16909.5	33820.8	8.41305e-10	-0.343623	-0.369737	-0.372512	0.0862405	0.367766	
0.496429	1.21258e-06	1.46673e-06	1.18185e-06	80.5775	-28.3365	0.00347003	570.607	16169	32570.6	8.41305e-10	0.851858	0.343747	-0.351369	-0.108248	0.158726	
0.498921	1.22479e-06	1.29423e-06	1.19777e-06	92.5472	-28.8799	0.00307749	658.66	19022	38126.3	8.41305e-10	0.0786997	0.387136	0.195303	0.0658707	0.466197	
0.499068	1.22551e-06	1.31758e-06	1.20018e-06	91.0898	-28.8022	0.00308936	648.478	18677.6	37425	8.41305e-10	-0.0603394	-0.0587626	-0.55054	-0.0938249	0.394637	
0.503577	1.24775e-06	1.41884e-06	1.22283e-06	86.1852	-28.4807	0.00316712	619.106	17632.5	35014.6	8.41305e-10	-0.631249	0.112028	-0.359376	0.755992	0.181408	
0.500209	1.23112e-06	1.49829e-06	1.20885e-06	80.6817	-28.244	0.00314494	575.695	16260	32506.3	8.41305e-10	-0.50645	-0.149311	-0.146186	-0.260343	-0.227551	
0.502197	1.24092e-06	1.42508e-06	1.21685e-06	85.3878	-28.4616	0.00312305	611.697	17409.9	34667.4	8.41305e-10	-0.354099	-0.000389433	0.449916	0.106428	-0.312478	
0.499478	1.22753e-06	1.44763e-06	1.20073e-06	82.9443	-28.3934	0.00317664	590.976	16779.8	33594.7	8.41305e-10	0.275527	-0.628502	0.00187527	-0.0551934	-0.16049	
0.499139	1.22586e-06	1.48492e-06	1.20372e-06	81.0635	-28.283	0.00319274	577.182	16324.4	32705.2	8.41305e-10	-0.520279	-0.49588	0.270905	-0.27017	-0.022239	
0.500261	1.23138e-06	1.33092e-06	1.20503e-06	90.5409	-28.7585	0.0031122	646.112	18581.2	37143	8.41305e-10	0.0325703	-0.118537	-0.103532	0.129012	0.194489	
0.501285	1.23642e-06	1.31207e-06	1.21024e-06	92.2393	-28.8204	0.00309426	659.579	19009.4	37921.3	8.41305e-10	-0.112243	0.353814	0.119056	0.214039	0.0457664	
0.499709	1.22866e-06	1.37162e-06	1.20024e-06	87.5054	-28.6277	0.00313721	623.761	17856.8	35734.4	8.41305e-10	0.273427	0.699719	0.0561957	0.0648022	0.068574	
0.500157	1.23086e-06	1.4474e-06	1.20769e-06	83.4385	-28.3941	0.00315105	595.304	16903.1	33795.7	8.41305e-10	-0.485654	-0.0363794	0.543698	-0.0766533	0.0355273	
0.496896	1.21487e-06	1.44171e-06	1.19104e-06	82.6135	-28.4112	0.00312335	585.576	16636.9	33481.7	8.41305e-10	-0.0131938	-0.515585	0.0559694	-0.60058	0.165958	
0.502376	1.24181e-06	1.37162e-06	1.21625e-06	88.6728	-28.6277	0.00316563	635.456	18191.6	36211.2	8.41305e-10	-0.14571	-0.579557	-0.413902	0.364469	-0.122984	
0.501852	1.23922e-06	1.43162e-06	1.21557e-06	84.9092	-28.4417	0.00312261	607.85	17288.3	34449	8.41305e-10	-0.403167	0.0492697	0.0760459	0.0190174	-0.297106	
0.49897	1.22503e-06	1.54081e-06	1.20265e-06	78.0527	-28.1225	0.00310958	555.557	15623.7	31311.8	8.41305e-10	-0.391306	-0.554185	-0.385263	-0.364672	-0.063108	
0.500223	1.23119e-06	1.3447e-06	1.20647e-06	89.7202	-28.7138	0.0031239	640.207	18382.7	36749.1	8.41305e-10	-0.154699	-0.400729	-0.029557	0.00970676	0.109463	
0.500783	1.23395e-06	1.34596e-06	1.20862e-06	89.7962	-28.7097	0.00307442	641.466	18416.3	36775	8.41305e-10	0.116772	0.0906948	0.294604	-0.31118	-0.524235	
0.498189	1.22119e-06	1.39768e-06	1.19085e-06	85.2019	-28.5459	0.00345802	605.493	17284.4	34694.4	8.41305e-10	0.697868	-0.0846583	-0.525329	0.10372	0.0601922	
0.500378	1.23195e-06	1.37153e-06	1.20357e-06	87.7535	-28.6279	0.00314697	626.367	17931.6	35836.1	8.41305e-10	0.269898	0.331959	-0.268491	0.193543	0.10472	
0.500446	1.23229e-06	1.45423e-06	1.209e-06	83.1367	-28.3737	0.00312165	593.494	16839.6	33649.2	8.41305e-10	-0.338238	-0.0960874	0.500562	-0.208217	-0.227711	
0.502563	1.24274e-06	1.36419e-06	1.21588e-06	89.1288	-28.6513	0.00310216	638.962	18307.1	36427.4	8.41305e-10	0.091206	0.177418	-0.104698	0.192506	-0.402083	
0.502119	1.24054e-06	1.4079e-06	1.21717e-06	86.4526	-28.5143	0.00321399	619.229	17656.9	35164.7	8.41305e-10	-0.751073	0.161154	0.203699	0.361114	0.00523847	
0.500175	1.23095e-06	1.44384e-06	1.20779e-06	83.6509	-28.4048	0.00310088	596.842	16953.2	33894.5	8.41305e-10	-0.320852	-0.103682	0.0357564	-0.283254	-0.20327	
0.498144	1.22097e-06	1.45427e-06	1.19906e-06	82.4508	-28.3736	0.00320301	585.89	16623.8	33371.5	8.41305e-10	-0.633614	-0.376634	0.0700088	-0.240497	0.349241	
0.49725	1.2166e-06	1.40719e-06	1.18577e-06	84.2653	-28.5165	0.00355921	597.71	17044.6	34277.6	8.41305e-10	0.639242	-0.147077	-0.237462	0.293766	0.495481	
0.500302	1.23158e-06	1.32218e-06	1.20588e-06	91.204	-28.7871	0.00308092	650.898	18737.5	37452.3	8.41305e-10	-0.00541454	0.177379	0.140082	-0.072018	-0.0161475	
0.503518	1.24746e-06	1.37958e-06	1.22044e-06	88.4643	-28.6025	0.00316715	635.404	18174.2	36094.3	8.41305e-10	0.0585269	0.232978	-0.236438	0.284176	-0.550714	
0.498239	1.22144e-06	1.44018e-06	1.19857e-06	83.2241	-28.4158	0.00307238	591.498	16807.9	33734.6	8.41305e-10	-0.170472	-0.0722504	0.223849	-0.681126	-0.196333	
0.501062	1.23532e-06	1.40169e-06	1.20392e-06	85.8901	-28.5335	0.00355625	613.905	17516.8	34959.4	8.41305e-10	0.519636	0.141576	-0.29019	0.808346	0.0322146	
0.497297	1.21683e-06	1.35959e-06	1.19276e-06	87.7297	-28.6659	0.00294795	622.341	17840	35873.9	8.41305e-10	-0.0595299	0.297958	-0.281722	-0.661103	0.246216	
0.497969	1.22012e-06	1.38905e-06	1.18942e-06	85.6277	-28.5728	0.00350338	608.251	17379.4	34900.7	8.41305e-10	0.614468	-0.0985539	0.01918	0.331095	0.371486	
0.50241	1.24198e-06	1.40507e-06	1.21212e-06	86.2676	-28.523	0.00337234	618.261	17634.7	35100.2	8.41305e-10	0.403433	-0.111583	-0.200118	0.6134	-0.281254	
0.495097	1.20608e-06	1.51596e-06	1.17604e-06	77.5772	-28.1931	0.00345988	547.887	15446.6	31199.2	8.41305e-10	0.879106	-0.624306	-0.492404	-0.178476	0.0954939	
0.501908	1.2395e-06	1.33658e-06	1.21451e-06	90.8674	-28.7401	0.00310802	650.577	18697.6	37253.1	8.41305e-10	-0.204048	0.000399975	-0.0123205	0.129627	-0.165221	
0.500034	1.23026e-06	1.34967e-06	1.20579e-06	89.3393	-28.6977	0.0031372	637.247	18287.5	36572.6	8.41305e-10	-0.204191	-0.541525	-0.0418163	0.0308437	0.175779	
0.50096	1.23482e-06	1.36594e-06	1.21037e-06	88.611	-28.6457	0.00311827	633.223	18139.1	36208.7	8.41305e-10	-0.0735174	-0.364792	-0.082502	-0.168594	-0.378552	
0.495492	1.20801e-06	1.41685e-06	1.1778e-06	83.128	-28.4867	0.00347111	587.557	16737.6	33779.7	8.41305e-10	0.770421	-0.18389	0.5516	-0.137397	0.376419	
0.503296	1.24636e-06	1.34284e-06	1.22101e-06	90.9273	-28.7198	0.00312151	652.805	18748.4	37251.3	8.41305e-10	-0.224905	0.0309141	0.197107	0.319693	-0.358235	
0.49677	1.21425e-06	1.32256e-06	1.18843e-06	89.8585	-28.7859	0.00304802	636.767	18329.9	36898.1	8.41305e-10	0.339982	0.0903878	0.359579	-0.680208	0.0982793	
0.49923	1.22631e-06	1.36912e-06	1.20178e-06	87.7779	-28.6356	0.0031175	625.104	17900.2	35855.6	8.41305e-10	0.0373653	-0.481813	0.198363	-0.361451	-0.229417	
0.501536	1.23766e-06	1.37044e-06	1.21058e-06	88.3349	-28.6314	0.00299707	631.976	18094.3	36077.9	8.41305e-10	0.0774535	0.0796222	-0.0868502	0.267711	-0.010422	
0.498614	1.22328e-06	1.44261e-06	1.20009e-06	83.189	-28.4085	0.00317342	591.693	16809.1	33711.7	8.41305e-10	-0.513216	-0.140044	0.330621	-0.0807855	0.51303	
0.50131	1.23655e-06	1.44935e-06	1.21203e-06	83.6258	-28.3883	0.00317435	598.017	16976.7	33864.6	8.41305e-10	-0.433999	-0.566798	-0.0945256	0.438842	0.399789	
0.498611	1.22327e-06	1.35307e-06	1.19588e-06	88.3833	-28.6868	0.00296511	628.635	18033.5	36167.5	8.41305e-10	0.388373	0.312183	-0.312215	-0.316962	0.0197394	
0.500103	1.2306e-06	1.46935e-06	1.20306e-06	81.877	-28.3287	0.00311681	584.1	16546.8	33086.9	8.41305e-10	0.298553	-0.149847	-0.479698	0.0422484	-0.047454	
0.502782	1.24382e-06	1.3539e-06	1.21848e-06	89.9976	-28.6841	0.00313285	645.471	18514.8	36824.6	8.41305e-10	-0.17425	-0.223657	0.577939	0.290077	-0.30905	
0.499706	1.22865e-06	1.35931e-06	1.20348e-06	88.5364	-28.6668	0.00313843	631.107	18091.8	36204.9	8.41305e-10	-0.0347581	-0.561709	-0.476502	-0.0349868	0.119048	
0.499435	1.22731e-06	1.49173e-06	1.19935e-06	80.3998	-28.2631	0.00307972	572.797	16189	32414.6	8.41305e-10	0.3865	-0.172692	0.0821162	0.06291	0.019606	
0.500905	1.23455e-06	1.35924e-06	1.21039e-06	89.0489	-28.667	0.003113	636.283	18240.4	36414.8	8.41305e-10	-0.137956	-0.316706	-0.0619184	-0.167806	-0.320104	
0.503054	1.24516e-06	1.43936e-06	1.22251e-06	84.9344	-28.4183	0.00325972	609.487	17320.6	34430.9	8.41305e-10	-0.92866	0.0922005	-0.223125	0.427565	-0.210004	
0.502352	1.24169e-06	1.32844e-06	1.21588e-06	91.5268	-28.7666	0.0031165	655.878	18867.4	37558	8.41305e-10	-0.195898	0.097366	0.218693	0.348582	-0.0580756	
0.501319	1.23659e-06	1.31192e-06	1.21065e-06	92.2802	-28.8209	0.00309818	659.916	19019.4	37938.7	8.41305e-10	-0.17297	0.332287	-0.106964	0.239554	0.109393	
0.499879	1.2295e-06	1.37658e-06	1.20476e-06	87.518	-28.612	0.0029739	624.063	17855.7	35720	8.41305e-10	-0.249276	0.0944202	0.0609157	-0.0116092	0.30174	
0.500735	1.23371e-06	1.31181e-06	1.20802e-06	92.0875	-28.8213	0.00309041	657.771	18957.8	37860	8.41305e-10	-0.146625	0.28302	-0.473759	0.116551	0.170708	
0.503169	1.24573e-06	1.48094e-06	1.21596e-06	82.1077	-28.2946	0.00345785	589.337	16675.1	33140.1	8.41305e-10	0.134301	0.142322	0.0305909	0.861876	-0.0676243	
0.500275	1.23144e-06	1.3013e-06	1.20548e-06	92.6366	-28.8562	0.00307447	661.086	19076.5	38131.9	8.41305e-10	-0.0985183	0.55162	-0.354791	0.0275861	0.124939	
0.498815	1.22427e-06	1.38339e-06	1.19394e-06	86.3051	-28.5905	0.00339431	614.104	17557.6	35198.6	8.41305e-10	0.623496	0.432342	-0.243554	0.164986	0.0652265	
0.500497	1.23254e-06	1.32115e-06	1.20675e-06	91.3406	-28.7905	0.00308655	652.127	18775	37512.8	8.41305e-10	-0.0248546	0.159104	-0.581976	-0.00884728	0.0614693	
0.498286	1.22167e-06	1.45515e-06	1.19789e-06	82.321	-28.3709	0.00312966	585.135	16600.8	33315.8	8.41305e-10	-0.181537	-0.483273	0.115899	-0.301571	0.226397	
0.501664	1.23829e-06	1.41348e-06	1.20903e-06	85.5357	-28.4971	0.00328144	612.106	17443.2	34770.8	8.41305e-10	0.244872	-0.170826	0.125338	0.6736	0.133462	
0.500685	1.23346e-06	1.36911e-06	1.20823e-06	88.2489	-28.6356	0.00297538	630.29	18048.7	36048	8.41305e-10	-0.174841	0.0336682	0.335098	0.0789436	0.133099	
0.501598	1.23797e-06	1.33592e-06	1.21388e-06	90.8652	-28.7422	0.00308713	650.159	18687	37255	8.41305e-10	-0.282251	0.139454	-0.476505	-0.0752327	-0.277581	
0.501906	1.23949e-06	1.33287e-06	1.21514e-06	91.1667	-28.7521	0.00310049	652.717	18767	37391.4	8.41305e-10	-0.327069	0.099451	0.264557	0.0987806	-0.192103	
0.498459	1.22252e-06	1.49053e-06	1.19319e-06	80.0516	-28.2666	0.00332787	569.202	16089.4	32278.3	8.41305e-10	0.658237	-0.240336	1.11118	0.0387655	-0.200998	
0.502602	1.24293e-06	1.31663e-06	1.21667e-06	92.4084	-28.8054	0.00312147	662.524	19084.3	37970.9	8.41305e-10	-0.260319	0.295707	0.221191	0.520971	0.0550057	
0.497535	1.21799e-06	1.33864e-06	1.19264e-06	89.0933	-28.7334	0.00293985	632.317	18168.6	36517.2	8.41305e-10	0.0626782	0.445417	-0.850801	-0.496557	0.376597	
0.500731	1.23369e-06	1.32449e-06	1.20712e-06	91.1381	-28.7795	0.0031178	650.985	18735	37415.3	8.41305e-10	-0.0284922	-0.0531774	0.21121	0.291474	0.261609	
0.501629	1.23812e-06	1.42219e-06	1.21598e-06	85.5005	-28.4704	0.00315151	611.812	17418.6	34724	8.41305e-10	-0.462344	-0.0772752	0.204818	-0.32281	-0.77621	
0.499218	1.22625e-06	1.3323e-06	1.20215e-06	90.2307	-28.754	0.00305526	642.556	18476	37009.9	8.41305e-10	-0.0346274	0.116521	-0.0153765	-0.514855	-0.216759	
0.498973	1.22504e-06	1.44331e-06	1.19803e-06	83.0058	-28.4064	0.00317545	590.816	16783	33635	8.41305e-10	0.270582	-0.632296	-0.0444488	-0.00721184	0.0474769	
0.502092	1.24041e-06	1.46901e-06	1.21295e-06	82.5693	-28.3298	0.00312483	591.382	16753.7	33367.8	8.41305e-10	0.294917	-0.13735	-0.184197	0.11391	-0.558798	
0.501797	1.23895e-06	1.35932e-06	1.21357e-06	89.2776	-28.6668	0.00312918	639.053	18319.6	36508	8.41305e-10	-0.0703663	-0.316566	-0.311323	0.117399	-0.234299	
0.50003	1.23024e-06	1.40652e-06	1.2033e-06	85.5517	-28.5185	0.00310163	610.227	17402.8	34803.5	8.41305e-10	0.249058	0.0667947	0.177086	-0.0955578	-0.143845	
0.501694	1.23844e-06	1.39269e-06	1.21114e-06	86.9635	-28.5614	0.00313837	622.361	17775.5	35431	8.41305e-10	0.15204	-0.0276367	0.254187	0.250808	-0.209954	
0.504337	1.25152e-06	1.37776e-06	1.22291e-06	88.7608	-28.6083	0.0031733	638.57	18268.4	36222.6	8.41305e-10	0.0357422	-0.0418505	-0.0586831	0.900989	-0.154561	
0.497569	1.21816e-06	1.42166e-06	1.19416e-06	83.9971	-28.472	0.00308565	596.189	16974.7	34115.3	8.41305e-10	-0.209256	-0.0679913	0.138536	-0.318253	0.540089	
0.503847	1.24909e-06	1.43498e-06	1.22491e-06	85.3603	-28.4315	0.00316683	613.508	17443	34619.6	8.41305e-10	-0.586762	-0.0774763	0.141921	0.555219	-0.172087	
0.499994	1.23006e-06	1.32355e-06	1.204e-06	90.9672	-28.7826	0.00308019	648.807	18674.3	37349.2	8.41305e-10	0.0857759	0.148406	0.0225159	-0.109724	-0.0108685	
0.497523	1.21793e-06	1.32263e-06	1.19348e-06	90.2352	-28.7856	0.00304847	640.406	18434.5	37052.5	8.41305e-10	0.0797057	0.0311427	0.245777	-0.634521	0.0780195	
0.502733	1.24358e-06	1.38269e-06	1.21674e-06	87.9977	-28.5927	0.00314524	631.067	18043.9	35891.7	8.41305e-10	0.185906	0.331564	0.242297	-0.00713865	-0.745749	
0.500752	1.2338e-06	1.46325e-06	1.20648e-06	82.4519	-28.3468	0.00310796	588.965	16695.3	33340.4	8.41305e-10	0.304244	-0.023687	-0.109222	-0.023483	-0.30838	
0.498962	1.22499e-06	1.36477e-06	1.19902e-06	87.855	-28.6494	0.00307421	625.317	17915	35904.4	8.41305e-10	0.36324	0.290391	-0.591415	-0.665859	-0.444736	
0.501746	1.2387e-06	1.46441e-06	1.21151e-06	82.7306	-28.3434	0.00313838	592.129	16782.9	33449.1	8.41305e-10	0.130128	-0.277353	0.217614	0.308782	-0.168071	
0.50058	1.23295e-06	1.53504e-06	1.20586e-06	78.556	-28.1388	0.00311044	560.943	15784.3	31532	8.41305e-10	0.346667	-0.67526	0.242083	0.0509122	-0.482886	
0.501905	1.23948e-06	1.354e-06	1.21317e-06	89.5995	-28.6838	0.00317845	641.495	18400.5	36661.4	8.41305e-10	-0.179483	-0.610724	0.125185	0.62682	0.311027	
0.501037	1.2352e-06	1.32016e-06	1.20913e-06	91.5901	-28.7937	0.00307303	654.613	18848.7	37619.5	8.41305e-10	0.0363995	0.385494	-0.0802	-0.053826	-0.231866	
0.49742	1.21743e-06	1.33338e-06	1.19248e-06	89.433	-28.7505	0.00294967	634.581	18244.5	36678.3	8.41305e-10	0.0223102	0.167827	0.204741	-0.481277	0.37254	
0.498837	1.22438e-06	1.34873e-06	1.19933e-06	88.9231	-28.7008	0.00295778	632.761	18160.7	36406.1	8.41305e-10	-0.0250948	0.110084	-0.121318	-0.305271	0.201234	
0.500939	1.23472e-06	1.38227e-06	1.21042e-06	87.5672	-28.5941	0.00312985	625.738	17892.4	35717.7	8.41305e-10	-0.0415192	-0.480988	0.230848	-0.232129	-0.541913	
0.499941	1.2298e-06	1.43418e-06	1.20583e-06	84.0778	-28.434	0.00309322	599.607	17049.2	34102.4	8.41305e-10	-0.244736	0.00614515	-0.315623	-0.200673	0.0222657	
0.501307	1.23653e-06	1.46853e-06	1.2089e-06	82.3206	-28.3312	0.00312561	588.679	16678	33269	8.41305e-10	0.280777	-0.165882	-0.598666	0.153036	-0.257834	
0.501722	1.23858e-06	1.32267e-06	1.21215e-06	91.6444	-28.7855	0.00308524	655.897	18880.3	37631	8.41305e-10	-0.00858582	0.368303	0.174265	0.152249	-0.210306	
0.500607	1.23308e-06	1.30248e-06	1.2067e-06	92.6465	-28.8523	0.00307697	661.595	19088.5	38130.8	8.41305e-10	-0.058762	0.574049	-0.00558374	0.0980532	0.0528666	
0.500424	1.23218e-06	1.34971e-06	1.20631e-06	89.3755	-28.6976	0.003098	638.003	18309.1	36587.3	8.41305e-10	0.138521	-0.121955	-0.193404	-0.160098	-0.255729	
0.496523	1.21304e-06	1.44723e-06	1.19189e-06	82.357	-28.3946	0.00330257	583.319	16563.1	33358.2	8.41305e-10	-0.849534	-0.201046	-0.0840003	-0.38515	0.614065	
0.501607	1.23801e-06	1.33974e-06	1.21278e-06	90.5231	-28.7298	0.00312609	647.723	18608.9	37098.6	8.41305e-10	-0.199795	-0.2209	0.479661	0.244633	0.0102113	
0.49966	1.22842e-06	1.37023e-06	1.20142e-06	87.6799	-28.6321	0.00311543	624.944	17893.4	35811.2	8.41305e-10	0.265327	0.00230917	-0.173755	-0.11072	-0.0528501	
0.499108	1.22571e-06	1.41832e-06	1.20279e-06	84.804	-28.4823	0.00312998	603.778	17197	34455.4	8.41305e-10	-0.450143	0.0616919	-0.215002	-0.267638	0.138385	
0.499826	1.22924e-06	1.40702e-06	1.20241e-06	85.458	-28.517	0.00316546	609.309	17375.7	34763.4	8.41305e-10	0.17914	-0.46927	-0.240792	0.076074	0.0659086	
0.500925	1.23465e-06	1.30614e-06	1.20984e-06	92.6271	-28.8401	0.00308293	661.877	19088.6	38106.7	8.41305e-10	-0.380103	0.642355	0.233538	0.0894778	-0.0252424	
0.496039	1.21068e-06	1.36671e-06	1.17997e-06	86.3363	-28.6432	0.00347926	610.908	17498.4	35276.2	8.41305e-10	0.697343	0.285772	-0.332426	0.0736802	0.64588	
0.501882	1.23937e-06	1.32376e-06	1.21304e-06	91.6358	-28.7819	0.00309094	656.044	18882.2	37622.8	8.41305e-10	-0.0282155	0.321423	0.230207	0.173043	-0.219544	
0.497663	1.21862e-06	1.3364e-06	1.19102e-06	89.1214	-28.7406	0.00297871	632.68	18183.6	36538	8.41305e-10	0.304378	0.328736	-0.195315	-0.161265	0.500155	
0.49954	1.22783e-06	1.48412e-06	1.199e-06	80.7889	-28.2853	0.00320709	575.689	16283.5	32597.1	8.41305e-10	0.466315	-0.0449531	-0.694434	0.183306	0.0782561	
0.500796	1.23401e-06	1.42176e-06	1.21023e-06	85.1222	-28.4717	0.00313534	608.092	17313.4	34571.9	8.41305e-10	-0.488213	0.156501	-0.285826	0.0796852	0.119264	
0.502463	1.24224e-06	1.32168e-06	1.21522e-06	91.9454	-28.7887	0.00314788	659.023	18972.4	37758.9	8.41305e-10	-0.204436	-0.0413051	0.231975	0.748563	0.357934	
0.49924	1.22636e-06	1.32469e-06	1.20191e-06	90.7315	-28.7789	0.0030887	646.151	18595.5	37247.6	8.41305e-10	-0.150902	-0.124281	0.164414	-0.183033	0.205299	
0.499239	1.22635e-06	1.36108e-06	1.20167e-06	88.2878	-28.6612	0.00313219	628.747	18020.6	36096.2	8.41305e-10	-0.0437394	-0.574663	-0.472871	-0.176948	0.075952	
0.501473	1.23735e-06	1.37239e-06	1.21051e-06	88.2048	-28.6252	0.00298008	630.965	18061.5	36017	8.41305e-10	0.0672464	0.149684	-0.495271	0.185754	-0.040844	
0.499973	1.22996e-06	1.394e-06	1.20197e-06	86.2249	-28.5574	0.00312432	614.958	17561.6	35125.1	8.41305e-10	0.270444	0.0686691	0.134386	0.168086	0.10544	
0.501266	1.23633e-06	1.31208e-06	1.21084e-06	92.284	-28.8204	0.00307571	659.874	19017.8	37939.6	8.41305e-10	-0.15634	0.587346	0.258714	0.0115021	-0.226891	
0.499955	1.22987e-06	1.42991e-06	1.20691e-06	84.4046	-28.4469	0.00318981	601.954	17123.7	34250.5	8.41305e-10	-0.647914	-0.0978397	0.364745	0.0999365	0.329668	
0.498877	1.22457e-06	1.40435e-06	1.19842e-06	85.3365	-28.5253	0.0030618	607.287	17323	34724.1	8.41305e-10	0.439342	0.152179	-0.700489	-0.688192	-0.511816	
0.501418	1.23708e-06	1.32147e-06	1.21027e-06	91.5853	-28.7894	0.00312568	655.076	18859.3	37611.9	8.41305e-10	-0.0850423	-3.2109e-05	-0.274988	0.451308	0.307394	
0.500503	1.23257e-06	1.3587e-06	1.20514e-06	88.6982	-28.6688	0.00300151	633.268	18155	36273.5	8.41305e-10	0.139846	0.131403	0.22196	0.21633	0.162669	
0.499401	1.22715e-06	1.36226e-06	1.20146e-06	88.196	-28.6574	0.00295966	628.297	18005.3	36053.9	8.41305e-10	-0.122062	0.361547	0.0455413	-0.0143768	0.379853	
0.498411	1.22228e-06	1.482e-06	1.19414e-06	80.5758	-28.2915	0.00310778	572.873	16207.4	32518.2	8.41305e-10	0.310902	-0.150658	-0.0545821	0.212129	0.543752	
0.495504	1.20807e-06	1.4955e-06	1.17876e-06	78.8201	-28.2521	0.00334137	557.121	15739.9	31765.4	8.41305e-10	0.813561	-0.314693	0.260416	-0.34959	0.082852	
0.501516	1.23756e-06	1.32546e-06	1.21164e-06	91.4129	-28.7763	0.00307728	653.971	18818.9	37524	8.41305e-10	0.00985162	0.358739	0.330436	-0.0222115	-0.353252	
0.499144	1.22588e-06	1.3655e-06	1.19681e-06	87.6462	-28.6471	0.00316753	624.059	17877.5	35816.2	8.41305e-10	0.206563	0.687635	-0.822719	0.30745	0.536675	
0.502558	1.24271e-06	1.45316e-06	1.21979e-06	83.9399	-28.3769	0.00313375	601.757	17076	33978.1	8.41305e-10	-0.428662	0.118186	0.27593	-0.154783	-0.781017	
0.498657	1.22349e-06	1.33747e-06	1.19718e-06	89.5106	-28.7372	0.00294522	636.711	18297.3	36693.1	8.41305e-10	0.167183	0.160064	-0.512999	-0.24454	0.257029	
0.501787	1.2389e-06	1.40037e-06	1.21004e-06	86.4087	-28.5376	0.00318258	618.504	17650.6	35175.6	8.41305e-10	0.344472	0.241405	-0.27216	0.312417	-0.268287	
0.498622	1.22332e-06	1.43385e-06	1.20186e-06	83.8199	-28.4349	0.0031396	596.19	16952.6	33999	8.41305e-10	-0.461803	-0.0267512	0.00849441	-0.673564	-0.374777	
0.502434	1.2421e-06	1.4551e-06	1.21525e-06	83.5162	-28.3711	0.00317538	598.571	16982.1	33799.7	8.41305e-10	0.108691	-0.534134	-0.0518012	0.30976	-0.403283	
0.499652	1.22838e-06	1.35561e-06	1.20357e-06	88.7842	-28.6787	0.00310445	632.805	18148	36321.3	8.41305e-10	0.0310668	-0.322497	-0.212344	-0.287477	-0.163581	
0.498058	1.22056e-06	1.34451e-06	1.19523e-06	88.8971	-28.7144	0.00296514	631.588	18135.7	36412.7	8.41305e-10	-0.13929	0.314492	0.0638581	-0.142026	0.641829	
0.500333	1.23173e-06	1.294e-06	1.20647e-06	93.2353	-28.8806	0.00308944	665.435	19218.2	38410.8	8.41305e-10	-0.392384	0.669285	-0.0635631	0.199072	0.284961	
0.502229	1.24108e-06	1.38647e-06	1.21374e-06	87.5417	-28.5809	0.00315019	627.167	17925	35690.9	8.41305e-10	0.0805874	-0.11676	-0.597776	0.405392	-0.092558	
0.499437	1.22732e-06	1.45733e-06	1.19996e-06	82.3397	-28.3644	0.00314762	586.619	16639.1	33315.7	8.41305e-10	0.22353	-0.313172	-0.497948	0.105594	0.243237	
0.500824	1.23415e-06	1.3661e-06	1.20788e-06	88.418	-28.6452	0.00313594	631.673	18094.4	36129.2	8.41305e-10	0.146713	-0.479914	0.169547	0.0360685	-0.276215	
0.502203	1.24096e-06	1.37007e-06	1.21388e-06	88.5999	-28.6326	0.00316509	634.715	18173.5	36187.6	8.41305e-10	0.0452383	0.235339	0.490931	0.273593	-0.229075	
0.503135	1.24557e-06	1.34538e-06	1.21997e-06	90.6789	-28.7116	0.00311928	650.814	18685.9	37138.9	8.41305e-10	-0.149047	-0.00287988	-0.542176	0.273786	-0.342726	
0.503067	1.24523e-06	1.36134e-06	1.21826e-06	89.49	-28.6603	0.00316043	642.195	18405.5	36586.6	8.41305e-10	-0.0779066	0.191072	0.156787	0.479506	-0.170807	
0.499586	1.22805e-06	1.36498e-06	1.20298e-06	88.1318	-28.6487	0.00296078	628.071	17993.4	36016.7	8.41305e-10	-0.108373	0.251214	-0.173864	-0.177761	0.163381	
0.499826	1.22923e-06	1.44124e-06	1.20596e-06	83.6752	-28.4126	0.00310207	596.598	16950.9	33913.6	8.41305e-10	-0.289163	-0.104586	-0.212353	-0.321349	-0.132757	
0.50033	1.23171e-06	1.48904e-06	1.2102e-06	81.2737	-28.2709	0.00332877	580.06	16398.8	32776	8.41305e-10	-0.696504	-0.670985	0.0322702	-0.228657	-0.401747	
0.502805	1.24393e-06	1.45286e-06	1.22e-06	83.9725	-28.3778	0.00320055	602.286	17091.5	33992.4	8.41305e-10	-0.644929	-0.353537	-0.17133	0.576101	0.189068	
0.499285	1.22657e-06	1.33524e-06	1.20157e-06	89.9884	-28.7444	0.0031447	640.916	18422.7	36898.3	8.41305e-10	-0.21371	-0.59097	0.822091	0.191762	0.542033	
0.499376	1.22702e-06	1.38639e-06	1.20412e-06	86.8535	-28.5812	0.0031144	618.701	17683.2	35410.6	8.41305e-10	-0.375053	-0.0561171	0.0440817	-0.319208	-0.0319813	
0.5001	1.23058e-06	1.39413e-06	1.2037e-06	86.3406	-28.557	0.0031423	615.939	17589.3	35171.7	8.41305e-10	0.141009	-0.246216	0.0682261	0.106525	0.0979497	
0.500411	1.23211e-06	1.3767e-06	1.20509e-06	87.5351	-28.6116	0.00310944	624.849	17877.9	35726.5	8.41305e-10	0.234358	0.0870553	0.184942	-0.0393322	-0.187999	
0.499769	1.22895e-06	1.36659e-06	1.19934e-06	87.7611	-28.6436	0.00330021	625.658	17921.1	35858.8	8.41305e-10	0.237136	0.507561	-0.0571357	0.44959	0.467806	
0.499101	1.22567e-06	1.31736e-06	1.20025e-06	91.1107	-28.803	0.00313264	648.67	18683.6	37434.5	8.41305e-10	-0.210866	-0.421235	0.2741	0.253308	0.765761	
0.499319	1.22674e-06	1.48159e-06	1.19815e-06	80.8693	-28.2927	0.00316897	576.007	16296.8	32638.1	8.41305e-10	0.573927	0.113312	-0.690781	-0.0997935	-0.207019	
0.500198	1.23106e-06	1.47316e-06	1.20829e-06	82.0204	-28.3175	0.00317062	585.234	16572.4	33131.7	8.41305e-10	-0.453286	-0.143881	0.45912	-0.213749	-0.182249	
0.500828	1.23417e-06	1.36899e-06	1.20454e-06	87.9877	-28.636	0.00330041	628.603	18000.7	35941.9	8.41305e-10	0.0418223	0.237829	0.338007	0.912774	0.741612	
0.504949	1.25456e-06	1.34532e-06	1.22912e-06	91.3621	-28.7117	0.00314396	658.081	18894.6	37419	8.41305e-10	-0.376065	0.101252	-0.216388	0.611749	-0.431346	
0.497728	1.21894e-06	1.32608e-06	1.19406e-06	90.0444	-28.7743	0.00309098	639.316	18395.9	36959.6	8.41305e-10	-0.000528252	-0.286639	0.163311	-0.307545	0.401395	
0.499145	1.22589e-06	1.34553e-06	1.20105e-06	89.2619	-28.7111	0.0030486	635.564	18247.7	36557.9	8.41305e-10	0.228218	0.114095	0.277281	-0.693261	-0.550183	
0.5007	1.23354e-06	1.33956e-06	1.20912e-06	90.2625	-28.7304	0.00309965	644.69	18522.2	36992.6	8.41305e-10	-0.173824	-0.127634	0.1822	-0.0932789	-0.11984	
0.500474	1.23243e-06	1.42425e-06	1.20799e-06	84.8163	-28.4641	0.00313728	605.518	17235.6	34438.5	8.41305e-10	-0.523254	0.0982497	-0.899148	0.325774	0.604917	
0.498637	1.2234e-06	1.41185e-06	1.20062e-06	85.0386	-28.5021	0.00311133	604.877	17240.3	34574.8	8.41305e-10	-0.533502	0.619494	0.349672	-0.378386	-0.0254431	
0.5027	1.24341e-06	1.36134e-06	1.2179e-06	89.4637	-28.6603	0.00313382	641.537	18386.7	36575.8	8.41305e-10	-0.102426	-0.269757	0.316353	0.236474	-0.377791	
0.499121	1.22577e-06	1.48229e-06	1.19729e-06	80.773	-28.2907	0.00316068	575.093	16269.8	32596.8	8.41305e-10	0.489827	-0.00442103	0.517339	0.027507	-0.0471004	
0.500277	1.23146e-06	1.47751e-06	1.20813e-06	81.7684	-28.3047	0.00315211	583.529	16516.6	33014.9	8.41305e-10	-0.384002	-0.512145	0.0564776	-0.0457163	0.0130949	
0.500056	1.23037e-06	1.35339e-06	1.20684e-06	89.172	-28.6858	0.00307142	636.083	18246.5	36489	8.41305e-10	-0.0953903	-0.0536614	-0.40105	-0.519989	-0.467207	
0.499299	1.22665e-06	1.38387e-06	1.20211e-06	86.8662	-28.5891	0.00295122	618.697	17688	35425.6	8.41305e-10	-0.12427	0.425907	-0.0689271	-0.371703	-0.00893241	
0.49991	1.22965e-06	1.32519e-06	1.20154e-06	90.669	-28.7772	0.00307433	646.572	18606.5	37219.8	8.41305e-10	0.141623	0.791212	-0.268194	0.18197	0.19731	
0.499917	1.22968e-06	1.41006e-06	1.20242e-06	85.2744	-28.5076	0.00316752	608.111	17335.8	34677.3	8.41305e-10	0.0923915	-0.367587	-0.0995044	0.313379	0.398453	
0.500196	1.23105e-06	1.35892e-06	1.20404e-06	88.6024	-28.6681	0.00296875	632.196	18123.8	36233.5	8.41305e-10	0.23883	0.209202	-0.595159	-0.0919025	-0.0720777	
0.499932	1.22975e-06	1.36073e-06	1.20463e-06	88.5284	-28.6623	0.00297689	631.335	18095.5	36195.9	8.41305e-10	-0.182403	0.103766	0.796216	0.00756941	0.23894	
0.499841	1.22931e-06	1.36616e-06	1.20162e-06	87.9558	-28.645	0.00301454	627.137	17964.3	35940.1	8.41305e-10	0.252767	0.0841871	0.170695	0.0960674	0.141876	
0.499698	1.2286e-06	1.43005e-06	1.20504e-06	84.2661	-28.4465	0.00310357	600.657	17086.6	34193.9	8.41305e-10	-0.272971	-0.182532	-0.0930861	-0.23834	0.00360507	
0.496481	1.21284e-06	1.57073e-06	1.18575e-06	75.4901	-28.039	0.00314593	534.637	14990.7	30193.8	8.41305e-10	0.504025	-1.04092	-0.294986	-0.294941	-0.056311	
0.502137	1.24063e-06	1.37987e-06	1.21376e-06	87.9615	-28.6016	0.00299821	630.058	18020.7	35888	8.41305e-10	0.00597235	0.0468486	-0.106437	0.34827	-0.0487588	
0.500381	1.23196e-06	1.32939e-06	1.2059e-06	90.7111	-28.7635	0.00308375	647.481	18623.8	37219.3	8.41305e-10	0.0952054	0.114667	-0.0442059	-0.0965988	-0.114659	
0.501182	1.23591e-06	1.41204e-06	1.21158e-06	85.804	-28.5015	0.00311237	613.436	17483.9	34885.3	8.41305e-10	-0.477018	0.393088	0.559047	0.18847	0.050999	
0.499558	1.22792e-06	1.50211e-06	1.20052e-06	79.9221	-28.233	0.00314114	569.533	16079.6	32187.7	8.41305e-10	0.429602	-0.415246	-0.041583	-0.144889	-0.353085	
0.500498	1.23254e-06	1.49014e-06	1.2022e-06	80.6769	-28.2677	0.0034427	575.994	16282	32531.7	8.41305e-10	0.717058	-0.0422807	-0.5012	0.269511	-0.505771	
0.497797	1.21927e-06	1.33198e-06	1.19293e-06	89.5602	-28.755	0.00295107	635.965	18287.2	36736.2	8.41305e-10	0.013047	0.38275	-0.117253	-0.0990794	0.70843	
0.499396	1.22712e-06	1.33969e-06	1.20296e-06	89.794	-28.73	0.00308107	639.674	18377.8	36800.1	8.41305e-10	-0.0688211	-0.136441	-0.188518	-0.382394	-0.112371	
0.499027	1.22531e-06	1.34233e-06	1.20042e-06	89.4275	-28.7214	0.00309149	636.592	18283.8	36638.9	8.41305e-10	0.0410915	-0.233214	-0.297025	-0.328358	0.00483628	
0.503163	1.2457e-06	1.36384e-06	1.21957e-06	89.4222	-28.6524	0.00309006	641.83	18390	36548.7	8.41305e-10	-0.00072124	0.315931	0.330706	0.122893	-0.655227	
0.498745	1.22392e-06	1.34021e-06	1.19756e-06	89.3561	-28.7283	0.00295641	635.725	18263.3	36618.5	8.41305e-10	-0.00690903	0.326269	0.264571	-0.00265451	0.523172	
0.498828	1.22433e-06	1.41076e-06	1.20168e-06	85.1799	-28.5055	0.00315035	606.114	17277.6	34636.3	8.41305e-10	-0.504426	-0.291455	0.449279	-0.169468	0.270089	
0.500472	1.23241e-06	1.38872e-06	1.20858e-06	87.0281	-28.5738	0.00313653	621.306	17753.1	35472.7	8.41305e-10	-0.485051	0.112912	0.241333	0.100498	0.208162	
0.49565	1.20878e-06	1.4078e-06	1.18064e-06	83.8643	-28.5146	0.00316937	592.951	16907.8	34112.3	8.41305e-10	0.454564	0.0278236	-0.270803	-0.298606	0.753608	
0.500936	1.2347e-06	1.33516e-06	1.20924e-06	90.5693	-28.7447	0.00313054	647.186	18603.2	37136.8	8.41305e-10	-0.179673	-0.299842	0.0199173	0.263947	0.248637	
0.498204	1.22127e-06	1.31509e-06	1.19692e-06	91.0143	-28.8104	0.00307111	646.82	18635.2	37404.6	8.41305e-10	-0.115351	-0.0351027	0.712792	-0.323934	0.299492	
0.50058	1.23294e-06	1.36145e-06	1.20571e-06	88.5608	-28.66	0.00311431	632.384	18124.1	36206.3	8.41305e-10	0.175323	0.539335	-0.147942	-0.0259463	-0.134109	
0.500733	1.2337e-06	1.38427e-06	1.20602e-06	87.1232	-28.5878	0.00314273	622.31	17790.5	35528.8	8.41305e-10	0.166673	-0.0363892	0.11901	0.294927	0.104149	
0.49901	1.22522e-06	1.44685e-06	1.20229e-06	83.097	-28.3958	0.00310712	591.508	16796.3	33659.3	8.41305e-10	-0.254563	-0.0153022	-0.322591	-0.528678	-0.181366	
0.500327	1.2317e-06	1.4441e-06	1.20837e-06	83.6759	-28.404	0.00310951	597.201	16962.9	33903.7	8.41305e-10	-0.3094	-0.13068	-0.240772	-0.24382	-0.178085	
0.499413	1.2272e-06	1.29641e-06	1.2006e-06	92.6093	-28.8726	0.00306519	659.752	19048.7	38142.2	8.41305e-10	0.0496903	0.546065	-0.0371925	-0.0357547	0.225379	
0.499746	1.22884e-06	1.34991e-06	1.20511e-06	89.2734	-28.697	0.00308961	636.412	18263.1	36544.7	8.41305e-10	-0.136545	-0.209976	0.219059	-0.369036	-0.234261	
0.503609	1.24791e-06	1.36358e-06	1.22225e-06	89.6355	-28.6532	0.00316327	643.932	18450.7	36637	8.41305e-10	-0.234988	-0.421268	0.550556	0.554607	-0.232776	
0.499584	1.22805e-06	1.44884e-06	1.2041e-06	83.1078	-28.3898	0.00313605	592.266	16814.3	33656.6	8.41305e-10	-0.276886	-0.422167	-0.189788	-0.0697575	0.224765	
0.504104	1.25037e-06	1.37602e-06	1.22546e-06	89.0583	-28.6138	0.0031428	640.414	18324.7	36350.9	8.41305e-10	-0.17689	-0.294379	-0.449946	0.239244	-0.708314	
0.500851	1.23428e-06	1.33885e-06	1.20836e-06	90.2534	-28.7327	0.00310296	644.819	18527.4	36991.8	8.41305e-10	0.030634	-0.0621339	0.334685	0.0258924	-0.120871	
0.496358	1.21224e-06	1.40724e-06	1.18314e-06	84.0757	-28.5163	0.00326612	595.295	16975.6	34200.4	8.41305e-10	0.434898	0.0735509	0.221614	0.0722529	0.844439	
0.501781	1.23887e-06	1.50877e-06	1.21078e-06	80.25	-28.2138	0.00313209	574.415	16206.4	32297.8	8.41305e-10	0.322551	-0.427492	0.543951	0.38018	-0.37625	
0.500784	1.23395e-06	1.33169e-06	1.20818e-06	90.7252	-28.756	0.00310828	648.104	18636.9	37215.3	8.41305e-10	-0.0583232	-0.080701	0.147691	0.116938	0.0719564	
0.499109	1.22571e-06	1.34299e-06	1.20002e-06	89.3542	-28.7193	0.00299357	636.175	18270.5	36606.2	8.41305e-10	-0.191369	-0.220154	-0.107395	0.225575	0.803026	
0.504238	1.25103e-06	1.38856e-06	1.22361e-06	88.1208	-28.5744	0.00318185	633.84	18111.6	35918.7	8.41305e-10	-0.00265169	-0.144995	-0.678546	0.633396	-0.342572	
0.501226	1.23613e-06	1.36792e-06	1.20976e-06	88.4377	-28.6394	0.00313787	632.32	18109.3	36129.9	8.41305e-10	0.134889	-0.297538	0.571967	0.0444717	-0.344495	
0.499592	1.22809e-06	1.36577e-06	1.20365e-06	88.1298	-28.6462	0.00315683	628.065	17991.7	36012.7	8.41305e-10	-0.172487	-0.740218	0.266209	0.000383794	0.149481	
0.501104	1.23553e-06	1.36748e-06	1.20768e-06	88.3147	-28.6408	0.00311276	631.288	18080.6	36081.5	8.41305e-10	0.122703	0.800279	0.190523	0.156363	-0.186164	
0.50185	1.23921e-06	1.38239e-06	1.21091e-06	87.595	-28.5937	0.00321614	627.075	17930.4	35728.6	8.41305e-10	0.166853	0.147064	-0.0401698	0.413562	-0.0372506	
0.499362	1.22695e-06	1.35355e-06	1.20378e-06	88.9346	-28.6852	0.00311403	633.509	18172.4	36391.2	8.41305e-10	-0.568909	0.920139	0.151726	-0.303906	-0.274883	
0.500794	1.234e-06	1.3722e-06	1.20692e-06	87.9555	-28.6258	0.00307242	628.331	17986.5	35916	8.41305e-10	0.270289	0.505021	-0.0978202	-0.191716	-0.415734	
0.497408	1.21737e-06	1.32024e-06	1.19133e-06	90.2357	-28.7935	0.00309062	640.261	18435.3	37062.8	8.41305e-10	0.145339	-0.167084	-0.144114	-0.240068	0.537628	
0.501378	1.23688e-06	1.39802e-06	1.20729e-06	86.3573	-28.5449	0.00328476	617.632	17630.2	35163.6	8.41305e-10	0.392766	0.128131	0.0328711	0.494411	-0.0848548	
0.500126	1.23071e-06	1.33038e-06	1.20523e-06	90.5928	-28.7602	0.00308657	646.307	18587.9	37166.6	8.41305e-10	0.00953811	0.0198652	0.0410889	-0.122466	-0.0315279	
0.497014	1.21544e-06	1.33917e-06	1.18964e-06	88.8345	-28.7317	0.00307418	629.82	18095.8	36409	8.41305e-10	0.321693	-0.152589	-0.13865	-0.59709	0.10265	
0.496708	1.21395e-06	1.38753e-06	1.19103e-06	85.8382	-28.5776	0.00309979	608.203	17381	34992.3	8.41305e-10	-0.450469	0.291816	-0.438068	-0.431612	0.642698	
0.50085	1.23428e-06	1.40408e-06	1.20956e-06	86.1462	-28.5261	0.00312102	615.475	17557.1	35054.5	8.41305e-10	-0.365016	0.0233744	-0.135907	0.236279	0.313802	
0.501095	1.23549e-06	1.38164e-06	1.20515e-06	87.226	-28.596	0.00341702	623.494	17829.5	35581	8.41305e-10	0.564049	0.13437	-0.288607	0.385078	-0.293526	
0.500599	1.23304e-06	1.33663e-06	1.20749e-06	90.3384	-28.7399	0.0030957	645.103	18540.2	37036	8.41305e-10	0.00033099	-0.0376198	0.454939	-0.0506833	-0.121986	
0.497463	1.21764e-06	1.35517e-06	1.19335e-06	88.0591	-28.6801	0.00306264	624.887	17921.8	36026.4	8.41305e-10	0.227777	-0.191808	0.0773642	-0.855299	-0.322237	
0.50045	1.23231e-06	1.34633e-06	1.20769e-06	89.7024	-28.7085	0.00310808	640.37	18384.1	36735	8.41305e-10	-0.118389	-0.255759	0.681289	-0.094282	-0.12993	
0.499642	1.22833e-06	1.49398e-06	1.19794e-06	80.1844	-28.2566	0.00346496	571.498	16148.6	32320.3	8.41305e-10	0.696619	-0.230864	-0.294785	0.320237	-0.273457	
0.499535	1.22781e-06	1.33204e-06	1.20191e-06	90.2312	-28.7548	0.00309525	642.968	18488.4	37011.3	8.41305e-10	0.0832208	-0.0948842	-0.423137	-0.115353	0.125949	
0.500337	1.23175e-06	1.33758e-06	1.20652e-06	90.2016	-28.7368	0.0030841	643.788	18500.4	36975.9	8.41305e-10	0.0212037	0.00438878	0.350852	-0.195122	-0.214255	
0.500786	1.23396e-06	1.33395e-06	1.20743e-06	90.5154	-28.7486	0.00311507	646.608	18589.1	37119.8	8.41305e-10	0.0413405	-0.102167	-0.111934	0.188468	0.0998553	
0.497458	1.21762e-06	1.45756e-06	1.1903e-06	81.6636	-28.3637	0.00312719	579.498	16436.7	33041.4	8.41305e-10	0.420318	-0.252956	-0.194714	-0.301023	0.186206	
0.497994	1.22024e-06	1.34416e-06	1.19254e-06	88.7198	-28.7155	0.00298938	630.246	18097.8	36341.5	8.41305e-10	0.344366	0.354315	-0.869966	-0.189459	0.39389	
0.497964	1.22009e-06	1.4434e-06	1.1924e-06	82.6108	-28.4061	0.0031321	586.814	16669.1	33474.6	8.41305e-10	0.314926	-0.207957	-0.0435301	-0.015777	0.441191	
0.49784	1.21949e-06	1.34347e-06	1.195e-06	88.9489	-28.7177	0.00308511	631.679	18140.4	36438.2	8.41305e-10	0.0676281	-0.301765	0.410221	-0.514014	0.0356114	
0.502489	1.24237e-06	1.42524e-06	1.21878e-06	85.5141	-28.4611	0.00316962	612.958	17445.5	34718.1	8.41305e-10	-0.592137	0.0957327	-0.298759	0.255497	-0.162181	
0.502989	1.24484e-06	1.45846e-06	1.22162e-06	83.7611	-28.3611	0.00318004	600.99	17044.7	33886.8	8.41305e-10	-0.563863	-0.168754	0.199556	0.200203	-0.424927	
0.502644	1.24313e-06	1.36927e-06	1.21645e-06	88.8398	-28.6351	0.00317249	636.992	18240.3	36288.8	8.41305e-10	-0.0036071	-0.0123228	0.317699	0.3166	-0.288844	
0.500152	1.23084e-06	1.32084e-06	1.2041e-06	91.1617	-28.7915	0.00313021	650.401	18726	37440.6	8.41305e-10	-0.047801	-0.174102	-0.245044	0.368829	0.553504	
0.499741	1.22882e-06	1.35245e-06	1.20326e-06	88.9684	-28.6888	0.00295275	634.23	18195.3	36409.4	8.41305e-10	0.046009	0.158237	0.133998	-0.230589	-0.0247873	
0.500047	1.23032e-06	1.35042e-06	1.20477e-06	89.2142	-28.6953	0.00312076	636.372	18260.9	36518.4	8.41305e-10	0.0114441	-0.347683	0.534952	-0.0162021	0.00481707	
0.502071	1.2403e-06	1.40587e-06	1.21054e-06	86.1061	-28.5205	0.00332868	616.688	17588.3	35031.4	8.41305e-10	0.230964	-0.167465	0.322094	0.907044	0.215563	
0.501871	1.23932e-06	1.36141e-06	1.21374e-06	89.1531	-28.6601	0.00315756	638.256	18292.5	36448.6	8.41305e-10	-0.151751	-0.527808	-0.241171	0.346258	0.0146354	
0.499175	1.22604e-06	1.34916e-06	1.20212e-06	89.1015	-28.6994	0.00310118	634.46	18208.6	36477.4	8.41305e-10	-0.43723	0.316591	0.00479019	-0.0505574	0.39019	
0.500169	1.23092e-06	1.38845e-06	1.20239e-06	86.5993	-28.5747	0.00311365	617.87	17655.4	35299	8.41305e-10	0.254669	0.19046	0.533534	0.149967	0.0602141	
0.497596	1.21829e-06	1.34245e-06	1.19373e-06	88.9219	-28.721	0.00308507	631.178	18128.1	36431.3	8.41305e-10	0.0871041	-0.314175	0.177389	-0.531152	0.0911	
0.501458	1.23727e-06	1.43281e-06	1.2142e-06	84.7426	-28.4381	0.00314836	606.181	17238.7	34377.1	8.41305e-10	-0.609332	0.190427	0.484358	0.0769384	-0.178953	
0.49814	1.22095e-06	1.37608e-06	1.19164e-06	86.5967	-28.6135	0.00323942	615.345	17607.2	35345.9	8.41305e-10	0.56624	0.481554	-0.102499	-0.0811427	0.144476	
0.499732	1.22877e-06	1.34299e-06	1.20254e-06	89.5414	-28.7193	0.0031151	638.303	18331.6	36682.9	8.41305e-10	0.105168	-0.25217	-0.0185146	-0.00287771	0.11248	
0.499359	1.22694e-06	1.44051e-06	1.20336e-06	83.5369	-28.4148	0.00311458	595.056	16908.4	33860.2	8.41305e-10	-0.207742	-0.33808	0.282137	-0.301115	-0.0619786	
0.498875	1.22456e-06	1.40558e-06	1.20038e-06	85.4012	-28.5214	0.00309522	607.745	17333.8	34745.8	8.41305e-10	-0.341784	0.132801	-0.0704718	-0.0806767	0.502867	
0.500146	1.23081e-06	1.36565e-06	1.2033e-06	88.1119	-28.6466	0.00307266	628.633	18008.2	36005.9	8.41305e-10	0.281036	0.535761	-0.172343	-0.108955	-0.153659	
0.503136	1.24557e-06	1.38946e-06	1.22189e-06	87.9399	-28.5715	0.00315795	631.157	18033.1	35841.5	8.41305e-10	-0.313863	-0.544461	-0.370897	0.0965942	-0.634745	
0.49716	1.21616e-06	1.4807e-06	1.18776e-06	80.2159	-28.2953	0.00316243	568.883	16096.7	32377.3	8.41305e-10	0.403951	-0.186455	-0.369812	0.0782282	0.680122	
0.500361	1.23187e-06	1.34401e-06	1.20668e-06	89.7816	-28.716	0.00309414	640.822	18401.8	36777.1	8.41305e-10	0.0187013	-0.117979	-0.249384	-0.178338	-0.175599	
0.504407	1.25187e-06	1.37468e-06	1.22638e-06	89.2122	-28.618	0.00315287	641.906	18370.1	36419.1	8.41305e-10	-0.17641	-0.32012	-0.142165	0.422226	-0.597233	
0.500769	1.23388e-06	1.33246e-06	1.20885e-06	90.7234	-28.7535	0.00313532	648.072	18634.3	37211.4	8.41305e-10	-0.263281	-0.369865	0.332881	0.279701	0.324411	
0.502126	1.24058e-06	1.49993e-06	1.21012e-06	80.6785	-28.2393	0.00346478	577.879	16318.9	32499.6	8.41305e-10	0.618005	-0.207778	0.146405	0.581526	-0.64629	
0.503129	1.24554e-06	1.38607e-06	1.22026e-06	88.0376	-28.5822	0.00315437	631.849	18059.6	35894.6	8.41305e-10	-0.0862645	-0.47944	-0.0862024	0.209267	-0.578445	
0.49808	1.22066e-06	1.42716e-06	1.19798e-06	83.9419	-28.4553	0.00317745	596.409	16971	34072.8	8.41305e-10	-0.590454	-0.174527	0.154249	-0.132219	0.582007	
0.498354	1.222e-06	1.31132e-06	1.19621e-06	91.2222	-28.8229	0.00308365	648.492	18691.4	37506.4	8.41305e-10	0.0239274	0.00110785	0.0620984	-0.126415	0.484342	
0.502056	1.24023e-06	1.32071e-06	1.21431e-06	91.944	-28.7919	0.00310356	658.479	18958.9	37762.5	8.41305e-10	-0.170328	0.28217	0.280343	0.277717	-0.0867632	
0.500756	1.23381e-06	1.43865e-06	1.20603e-06	83.8306	-28.4204	0.00312329	598.818	17018.7	33985.9	8.41305e-10	0.304086	-0.0401701	-0.351521	0.109145	-0.169393	
0.499924	1.22972e-06	1.44187e-06	1.20757e-06	83.7501	-28.4107	0.00318512	597.249	16968.3	33941.7	8.41305e-10	-0.470384	-0.574104	-0.628636	-0.27313	-0.229674	
0.501143	1.23572e-06	1.42538e-06	1.21279e-06	85.0849	-28.4607	0.00317471	608.248	17311.1	34543.3	8.41305e-10	-0.546874	-0.00973182	0.116095	-0.0368077	-0.19358	
0.499716	1.22869e-06	1.40018e-06	1.20057e-06	85.7439	-28.5382	0.00311463	611.213	17442.9	34905.6	8.41305e-10	0.407916	0.140732	-0.480849	-0.0521903	-0.0883802	
0.501441	1.23719e-06	1.37738e-06	1.20868e-06	87.7519	-28.6095	0.00317522	627.686	17957.8	35812.3	8.41305e-10	0.179964	0.463127	-0.244386	0.350371	-0.00907557	
0.501043	1.23523e-06	1.31981e-06	1.20872e-06	91.583	-28.7949	0.00307435	654.57	18848.3	37618.1	8.41305e-10	0.0599406	0.393601	-0.415318	0.0320936	-0.136146	
0.498735	1.22387e-06	1.43612e-06	1.20134e-06	83.6515	-28.4281	0.00312924	595.126	16918.3	33922.5	8.41305e-10	-0.515178	0.028227	0.179618	-0.275386	0.193595	
0.498909	1.22473e-06	1.32579e-06	1.20046e-06	90.5472	-28.7753	0.0030544	644.411	18543.1	37167.3	8.41305e-10	-0.0359877	0.135881	0.354241	-0.483145	-0.102618	
0.500191	1.23103e-06	1.39359e-06	1.20224e-06	86.2694	-28.5587	0.00317382	615.544	17579.1	35144.8	8.41305e-10	0.346409	0.312904	-0.0907505	0.191882	0.0547568	
0.500386	1.23199e-06	1.39388e-06	1.20231e-06	86.256	-28.5577	0.00328666	615.688	17582.7	35138.2	8.41305e-10	0.470187	0.508896	0.224655	0.253238	-0.16942	
0.500716	1.23361e-06	1.40643e-06	1.20921e-06	85.9768	-28.5188	0.00310083	614.099	17513.4	34976.7	8.41305e-10	-0.425101	0.454169	-0.100279	0.0945111	0.107033	
0.502089	1.24039e-06	1.32842e-06	1.21529e-06	91.4836	-28.7666	0.00310032	655.225	18848.6	37540.4	8.41305e-10	-0.225919	0.201813	0.0907362	0.149886	-0.203722	
0.499765	1.22894e-06	1.39572e-06	1.2008e-06	86.0346	-28.552	0.00312747	613.346	17512.3	35041	8.41305e-10	0.324653	-0.0296153	0.0241852	0.139017	0.080703	
0.498724	1.22382e-06	1.31774e-06	1.19617e-06	90.7743	-28.8017	0.00313493	645.786	18599.8	37294.7	8.41305e-10	-0.0227681	0.64194	0.174295	0.265744	0.716821	
0.49758	1.21821e-06	1.45982e-06	1.19125e-06	81.6029	-28.357	0.00311871	579.209	16424.6	33009	8.41305e-10	0.479516	-0.292585	0.0161892	-0.464687	-0.132912	
0.499876	1.22948e-06	1.44285e-06	1.20626e-06	83.6024	-28.4078	0.00310687	596.139	16935	33878.3	8.41305e-10	-0.308129	-0.168777	0.272271	-0.282619	-0.139648	
0.501069	1.23536e-06	1.42032e-06	1.20656e-06	84.9494	-28.4761	0.00317184	607.189	17290.4	34507	8.41305e-10	0.424601	0.577073	0.0716495	0.0632457	-0.452458	
0.499036	1.22535e-06	1.32299e-06	1.20002e-06	90.7054	-28.7844	0.0030906	645.7	18586.1	37244.1	8.41305e-10	-0.0344133	-0.0977224	0.411993	-0.117065	0.28377	
0.500681	1.23344e-06	1.36592e-06	1.20456e-06	88.1869	-28.6457	0.00307988	629.842	18042.3	36035.5	8.41305e-10	0.246975	0.844091	-0.00991123	0.266659	-0.0692004	
0.498068	1.2206e-06	1.32501e-06	1.19457e-06	90.1555	-28.7778	0.00310146	640.541	18433.4	37009.8	8.41305e-10	0.105006	-0.226794	-0.764389	-0.143393	0.514398	
0.502678	1.2433e-06	1.37376e-06	1.21554e-06	88.4821	-28.6209	0.00321515	634.471	18159.1	36124.7	8.41305e-10	0.0228746	0.154425	0.0066614	0.527487	-0.0510787	
0.504351	1.25159e-06	1.41637e-06	1.22286e-06	86.3375	-28.4882	0.00320045	621.153	17695.5	35085.8	8.41305e-10	0.17593	0.292805	-0.243885	0.583131	-0.591679	
0.497413	1.2174e-06	1.49096e-06	1.18825e-06	79.6971	-28.2653	0.00330338	565.492	15983.8	32133.9	8.41305e-10	0.795974	-0.152662	0.0223465	-0.314616	-0.299187	
0.505758	1.25859e-06	1.38833e-06	1.23104e-06	88.6707	-28.5751	0.00318357	639.719	18280	36143.8	8.41305e-10	-0.0983919	0.382132	-0.213548	0.723456	-0.671811	
0.500959	1.23481e-06	1.36428e-06	1.20851e-06	88.5823	-28.651	0.00314676	633.017	18136.6	36203.7	8.41305e-10	0.0320101	-0.469018	-0.061462	0.227917	0.00889451	
0.50286	1.24421e-06	1.32375e-06	1.21812e-06	92.0203	-28.7819	0.00311541	660.081	18998.4	37780.7	8.41305e-10	-0.206713	0.26266	-0.0769915	0.417681	-0.125903	
0.500222	1.23119e-06	1.30566e-06	1.20605e-06	92.3708	-28.8417	0.00306882	659.119	19010.1	38003.4	8.41305e-10	-0.18245	0.498708	0.215915	-0.0688233	0.02943	
0.499217	1.22624e-06	1.34567e-06	1.20074e-06	89.2301	-28.7106	0.0029781	635.429	18243.6	36544.4	8.41305e-10	-0.193493	0.067134	-0.248155	0.10277	0.645132	
0.501163	1.23582e-06	1.38472e-06	1.21066e-06	87.4299	-28.5864	0.00296944	625.037	17867.5	35652.1	8.41305e-10	-0.208357	0.0445394	0.299476	0.128026	0.0629676	
0.499861	1.22941e-06	1.2955e-06	1.20366e-06	92.9106	-28.8756	0.00307925	662.492	19129.9	38270.4	8.41305e-10	-0.180736	0.510741	-0.0341409	0.0791325	0.3194	
0.499309	1.22669e-06	1.33086e-06	1.20279e-06	90.3764	-28.7587	0.00303621	643.71	18512.2	37075.8	8.41305e-10	-0.0241193	0.309586	0.771493	-0.62687	-0.438234	
0.49867	1.22356e-06	1.31786e-06	1.19759e-06	90.874	-28.8013	0.00309262	646.427	18618	37335.2	8.41305e-10	0.0417312	-0.0615826	0.492899	-0.0693632	0.402661	
0.499663	1.22843e-06	1.39089e-06	1.19889e-06	86.1962	-28.5671	0.0033206	614.372	17550.8	35125.3	8.41305e-10	0.434527	0.0407962	-0.0140653	0.318993	0.199468	
0.498215	1.22132e-06	1.31919e-06	1.19579e-06	90.6463	-28.7969	0.00307703	644.218	18551.5	37236	8.41305e-10	0.0751609	-0.035609	-0.182766	-0.277067	0.332086	
0.500343	1.23178e-06	1.48037e-06	1.20382e-06	81.3191	-28.2963	0.00316084	580.399	16423.2	32823.8	8.41305e-10	0.343763	-0.421522	-0.577008	0.158266	-0.112057	
0.500597	1.23303e-06	1.45023e-06	1.2054e-06	83.1179	-28.3856	0.00312665	593.539	16848	33655.8	8.41305e-10	0.219317	-0.0830807	0.711996	0.208055	-0.0258265	
0.497704	1.21882e-06	1.38637e-06	1.18863e-06	85.7372	-28.5812	0.00332961	608.705	17397.5	34955.5	8.41305e-10	0.565665	0.745559	0.362849	0.0898314	0.296742	
0.498973	1.22504e-06	1.42301e-06	1.1968e-06	84.1035	-28.4679	0.00312407	598.628	17041.7	34153.6	8.41305e-10	0.430129	0.141526	0.13836	-0.064405	0.0161938	
0.498798	1.22418e-06	1.45332e-06	1.19691e-06	82.3566	-28.3764	0.00307785	585.989	16628.2	33336.6	8.41305e-10	0.452911	0.111424	0.00072432	-0.378767	-0.228696	
0.500559	1.23285e-06	1.312e-06	1.20803e-06	92.0758	-28.8207	0.00307654	657.457	18948.3	37854.3	8.41305e-10	-0.231877	0.345788	-0.716627	-0.0403108	0.0729927	
0.500083	1.2305e-06	1.35505e-06	1.2045e-06	88.8893	-28.6804	0.00297056	634.1	18186.3	36366.5	8.41305e-10	-0.129974	0.203276	-0.143413	0.159532	0.411037	
0.496772	1.21426e-06	1.34181e-06	1.18804e-06	88.5402	-28.7231	0.00311645	627.427	18021.6	36277.5	8.41305e-10	0.216637	-0.445392	-0.0239105	-0.263512	0.535253	
0.503642	1.24808e-06	1.39616e-06	1.22049e-06	87.4175	-28.5507	0.00316888	628.039	17930.9	35602.5	8.41305e-10	0.00600225	-0.132243	-0.134749	0.615668	-0.23691	
0.49981	1.22916e-06	1.34676e-06	1.20308e-06	89.3317	-28.7071	0.00312562	636.908	18283.8	36581.5	8.41305e-10	0.062985	-0.352443	0.178094	0.0467967	0.137787	
0.498686	1.22363e-06	1.35689e-06	1.197e-06	88.2164	-28.6746	0.00312597	627.542	17994.5	36083.8	8.41305e-10	0.253258	-0.321353	-0.0841908	-0.170601	0.0977195	
0.502353	1.24169e-06	1.3614e-06	1.21729e-06	89.4142	-28.6601	0.00314923	640.74	18363.7	36555.3	8.41305e-10	-0.307393	-0.457536	0.345001	0.252858	-0.202787	
0.503537	1.24756e-06	1.34992e-06	1.22233e-06	90.5483	-28.6969	0.00312624	650.396	18664.4	37066.5	8.41305e-10	-0.221298	-0.0502701	-0.0260249	0.308765	-0.430232	
0.500894	1.23449e-06	1.3687e-06	1.20781e-06	88.245	-28.6369	0.00311937	630.525	18056.3	36048.1	8.41305e-10	0.172556	0.0140664	-0.097356	-0.0116463	-0.235097	
0.50016	1.23088e-06	1.45269e-06	1.20756e-06	83.1258	-28.3783	0.00313757	593.077	16830.5	33650.2	8.41305e-10	-0.392863	-0.0676984	-0.0269562	-0.149758	-0.0190212	
0.500185	1.231e-06	1.30579e-06	1.2046e-06	92.2507	-28.8413	0.00309911	658.213	18983.7	37953.4	8.41305e-10	-0.0840561	0.214272	0.112619	0.229352	0.393961	
0.504815	1.2539e-06	1.41448e-06	1.22624e-06	86.6921	-28.494	0.00314739	624.278	17788.2	35237.1	8.41305e-10	0.0696042	0.0105057	0.0696985	0.596747	-0.644717	
0.501347	1.23673e-06	1.41008e-06	1.21248e-06	85.9863	-28.5076	0.00310522	614.942	17530.5	34966.8	8.41305e-10	-0.365561	0.284124	0.24119	0.0474893	-0.128006	
0.500815	1.2341e-06	1.39918e-06	1.2047e-06	86.1007	-28.5413	0.00330683	615.106	17555.9	35054.7	8.41305e-10	0.496366	0.0246977	-0.0223093	0.242484	-0.260553	
0.500337	1.23175e-06	1.33724e-06	1.20732e-06	90.2845	-28.7379	0.00311492	644.379	18518.1	37011.3	8.41305e-10	-0.22713	-0.287597	0.301603	0.0104599	0.109607	
0.500819	1.23412e-06	1.36806e-06	1.20866e-06	88.3484	-28.639	0.00296578	631.169	18076	36092.9	8.41305e-10	-0.0871463	0.0806296	-0.169739	0.00650908	0.0119064	
0.498343	1.22195e-06	1.35295e-06	1.19735e-06	88.499	-28.6872	0.00308391	629.119	18047.7	36215.4	8.41305e-10	0.133696	-0.270993	-0.356824	-0.571146	-0.160807	
0.503084	1.24531e-06	1.42319e-06	1.21656e-06	85.4811	-28.4674	0.00313703	613.447	17463.2	34712.3	8.41305e-10	0.209082	0.3728	0.143144	0.537036	-0.390669	
0.499244	1.22637e-06	1.42253e-06	1.20421e-06	84.653	-28.4694	0.00322949	602.866	17163.2	34378.5	8.41305e-10	-0.792973	0.340057	-0.0328509	-0.16511	0.0897392	
0.500972	1.23488e-06	1.45977e-06	1.21325e-06	83.1125	-28.3572	0.00315964	593.945	16842.6	33619.8	8.41305e-10	-0.861462	0.0845077	0.317657	0.0299299	-0.190232	
0.499308	1.22669e-06	1.30231e-06	1.20026e-06	92.1645	-28.8529	0.0030531	656.445	18940.3	37933.1	8.41305e-10	0.124062	0.537412	0.29756	-0.194277	0.0319058	
0.498009	1.22031e-06	1.34833e-06	1.19537e-06	88.6558	-28.702	0.00316494	629.811	18076.9	36298.3	8.41305e-10	-0.165858	-0.851742	-0.30685	0.0895829	0.749188	
0.499107	1.2257e-06	1.30115e-06	1.19941e-06	92.1807	-28.8567	0.00306041	656.296	18938.6	37944.9	8.41305e-10	0.083419	0.454154	0.27296	-0.155584	0.170227	
0.500014	1.23016e-06	1.3264e-06	1.20435e-06	90.7986	-28.7732	0.00304694	647.631	18634.4	37267.9	8.41305e-10	0.201682	0.396847	0.468377	-0.410518	-0.450665	
0.501333	1.23666e-06	1.43062e-06	1.2099e-06	84.5722	-28.4448	0.00314045	604.811	17203.7	34316	8.41305e-10	0.110046	-0.187582	0.0718826	0.170129	-0.151998	
0.500356	1.23184e-06	1.31014e-06	1.20518e-06	91.9888	-28.8268	0.00309217	656.569	18926.8	37826.7	8.41305e-10	0.0108138	0.251969	-0.112247	0.159753	0.225875	
0.499725	1.22874e-06	1.36072e-06	1.20145e-06	88.2953	-28.6623	0.00309819	629.412	18040.4	36100.6	8.41305e-10	0.234119	0.578885	-0.24058	-0.148751	-0.0453349	
0.50198	1.23985e-06	1.33286e-06	1.21432e-06	91.1064	-28.7522	0.00311316	652.381	18757.4	37366.8	8.41305e-10	-0.173333	0.0119364	0.0390512	0.240573	-0.0674008	
0.50128	1.2364e-06	1.38834e-06	1.20905e-06	87.0859	-28.575	0.00310407	622.723	17794.3	35497.7	8.41305e-10	0.243384	0.199621	-0.151539	0.0382846	-0.314438	
0.502654	1.24318e-06	1.45132e-06	1.21997e-06	84.0589	-28.3824	0.00314493	602.725	17106.8	34032.9	8.41305e-10	-0.503581	0.0990325	-0.427408	0.0424197	-0.486844	
0.500678	1.23343e-06	1.36177e-06	1.2093e-06	88.8031	-28.6589	0.00311823	634.238	18176.6	36304	8.41305e-10	-0.136722	-0.385427	-0.046692	-0.174639	-0.28167	
0.498758	1.22399e-06	1.46489e-06	1.20068e-06	81.9635	-28.3419	0.0031298	583.144	16527.4	33137.2	8.41305e-10	-0.30482	-0.252653	0.299587	-0.298611	0.157593	
0.495902	1.21001e-06	1.30101e-06	1.1854e-06	91.1142	-28.8572	0.00305386	644.538	18599.6	37506.5	8.41305e-10	0.0238582	-0.0707151	0.373607	-0.549909	0.681063	
0.501206	1.23603e-06	1.32343e-06	1.21041e-06	91.4597	-28.783	0.00309975	653.901	18821.2	37551.9	8.41305e-10	-0.133745	0.121859	0.033329	0.147297	0.0365616	
0.501783	1.23888e-06	1.31862e-06	1.21416e-06	92.0784	-28.7988	0.00309456	659.083	18980.8	37826.7	8.41305e-10	-0.359859	0.367629	-0.111139	0.162189	-0.0797007	
0.498301	1.22174e-06	1.32952e-06	1.19625e-06	89.9762	-28.763	0.00304154	639.566	18395.9	36917.2	8.41305e-10	0.29375	0.20919	-0.207871	-0.670026	-0.25025	
0.500003	1.23011e-06	1.39222e-06	1.20071e-06	86.2443	-28.5629	0.00330681	615.133	17570	35139.8	8.41305e-10	0.619133	0.140953	-0.293023	-0.0113807	-0.365393	
0.500494	1.23252e-06	1.32604e-06	1.20829e-06	91.1199	-28.7744	0.00306488	650.546	18719.1	37401.3	8.41305e-10	-0.17913	0.266774	-0.137097	-0.258028	-0.223556	
0.495748	1.20926e-06	1.45901e-06	1.18831e-06	81.4465	-28.3594	0.00311128	575.97	16334.2	32948.5	8.41305e-10	-0.544758	-0.27006	-0.451065	-0.729757	0.399492	
0.501586	1.23791e-06	1.36329e-06	1.2123e-06	88.9244	-28.6541	0.00311739	636.257	18231.4	36347.5	8.41305e-10	0.0487961	-0.240595	0.0835978	-0.0169171	-0.422189	
0.499112	1.22573e-06	1.33856e-06	1.19916e-06	89.5861	-28.7336	0.00296041	637.83	18327.2	36719.5	8.41305e-10	0.0618371	0.166794	-0.051538	0.00730063	0.424964	
0.497477	1.21771e-06	1.43504e-06	1.19532e-06	83.295	-28.4314	0.00313645	591.096	16805.7	33781.8	8.41305e-10	-0.44847	-0.0812518	-0.125042	-0.456952	0.336917	
0.501143	1.23572e-06	1.32346e-06	1.21107e-06	91.5075	-28.7829	0.00307985	654.161	18828.7	37571.4	8.41305e-10	-0.217585	0.278819	0.152911	-0.0532053	-0.178558	
0.502071	1.2403e-06	1.32523e-06	1.21357e-06	91.5746	-28.7771	0.00313662	655.852	18873.5	37591.4	8.41305e-10	-0.151287	-0.0501748	0.296142	0.573399	0.248962	
0.502097	1.24043e-06	1.34762e-06	1.21638e-06	90.2615	-28.7043	0.0031042	646.481	18556.8	36958.6	8.41305e-10	-0.283222	-0.0473271	-0.034234	-0.00444994	-0.377023	
0.503039	1.24509e-06	1.34337e-06	1.22029e-06	90.8383	-28.7181	0.00311691	651.834	18719.4	37212.6	8.41305e-10	-0.287277	0.0301933	-0.321396	0.233856	-0.32998	
0.503791	1.24881e-06	1.36417e-06	1.22205e-06	89.5821	-28.6513	0.0031372	643.78	18445.1	36612.7	8.41305e-10	-0.13322	0.505542	-0.0349672	0.424816	-0.459516	
0.501054	1.23528e-06	1.44172e-06	1.21104e-06	83.9993	-28.4112	0.00317936	600.381	17057.5	34043.3	8.41305e-10	-0.320849	-0.785169	0.169158	0.238317	0.0728665	
0.498973	1.22504e-06	1.50159e-06	1.19724e-06	79.732	-28.2345	0.00315597	567.513	16023.5	32112.8	8.41305e-10	0.45253	-0.490234	0.458973	-0.0764066	-0.210246	
0.50109	1.23546e-06	1.45984e-06	1.20885e-06	82.8074	-28.357	0.00315338	591.904	16784.6	33496.2	8.41305e-10	0.254684	-0.451209	0.138721	-0.0368286	-0.527713	
0.497708	1.21884e-06	1.31169e-06	1.19206e-06	90.8801	-28.8217	0.00308678	645.224	18596.4	37364.1	8.41305e-10	0.199832	0.00765143	0.132966	-0.137461	0.526768	
0.49917	1.22601e-06	1.36576e-06	1.19866e-06	87.765	-28.6462	0.00312996	624.937	17902.1	35863.7	8.41305e-10	0.226795	-0.0698819	0.115987	0.0449862	0.248019	
0.503527	1.2475e-06	1.36048e-06	1.22263e-06	89.8673	-28.6631	0.00310357	645.491	18501.8	36744.3	8.41305e-10	-0.0922823	0.0575189	-0.454206	-0.00948476	-0.833237	
0.503415	1.24695e-06	1.33472e-06	1.22244e-06	91.5879	-28.7461	0.00309415	657.703	18906.4	37556.3	8.41305e-10	-0.36316	0.55627	-0.0151799	0.11813	-0.687	
0.498014	1.22034e-06	1.39326e-06	1.19368e-06	85.6755	-28.5597	0.00309049	608.646	17382.7	34904.1	8.41305e-10	0.35123	-0.0601598	-0.255102	-0.398288	0.0439778	
0.500677	1.23342e-06	1.40275e-06	1.20506e-06	85.9068	-28.5302	0.00313998	613.552	17504.8	34962.2	8.41305e-10	0.28417	0.0294572	0.39983	0.283517	0.000597849	
0.50039	1.23201e-06	1.31885e-06	1.20542e-06	91.3989	-28.798	0.00308302	652.403	18787.9	37546.5	8.41305e-10	0.0944612	0.231012	-0.0579971	0.0273412	0.0185272	
0.499503	1.22765e-06	1.40246e-06	1.20354e-06	85.8163	-28.5311	0.0030865	611.469	17445.9	34926.5	8.41305e-10	-0.273967	0.218145	0.340872	-0.178422	0.130347	
0.49761	1.21836e-06	1.43941e-06	1.19465e-06	82.996	-28.4181	0.00310473	589.132	16742	33644.9	8.41305e-10	-0.196806	-0.0534885	0.0506729	-0.43553	0.372069	
0.499992	1.23005e-06	1.3473e-06	1.20392e-06	89.3579	-28.7054	0.00296574	637.326	18294.7	36590	8.41305e-10	-0.0426471	0.151097	0.79797	0.0874192	0.254059	
0.498459	1.22252e-06	1.39158e-06	1.19975e-06	86.2147	-28.5649	0.00310582	613.023	17511	35130.2	8.41305e-10	-0.295041	-0.109876	0.426803	-0.49668	-0.0467239	
0.498689	1.22365e-06	1.38023e-06	1.19309e-06	86.4409	-28.6005	0.00344948	614.915	17586.9	35266.2	8.41305e-10	0.575024	0.199539	-0.31557	0.359103	0.305683	
0.501844	1.23918e-06	1.32102e-06	1.21218e-06	91.7613	-28.7909	0.00311482	656.893	18912.6	37686.1	8.41305e-10	-0.0552965	0.141499	-0.17252	0.448687	0.141972	
0.498726	1.22383e-06	1.38058e-06	1.19908e-06	86.8534	-28.5994	0.00313813	617.895	17671.4	35433.1	8.41305e-10	0.063306	-0.647243	0.399669	-0.32184	-0.132139	
0.501119	1.2356e-06	1.40424e-06	1.20907e-06	86.1014	-28.5256	0.00320249	615.484	17557.1	35035.7	8.41305e-10	0.125756	-0.711873	-0.610662	0.172923	-0.212168	
0.500612	1.23311e-06	1.39467e-06	1.20453e-06	86.3667	-28.5553	0.00315433	616.757	17611.7	35180.2	8.41305e-10	0.32248	0.186194	0.0827297	0.243075	-0.0403842	
0.503388	1.24682e-06	1.38847e-06	1.21821e-06	87.7381	-28.5746	0.00310698	630.024	18002.7	35763.1	8.41305e-10	0.15293	0.526125	-0.753795	0.542121	-0.365767	
0.501214	1.23607e-06	1.43713e-06	1.21282e-06	84.3916	-28.425	0.00310449	603.377	17151	34219	8.41305e-10	-0.299952	0.0782042	0.142235	-0.276044	-0.518717	
0.500812	1.23409e-06	1.34901e-06	1.21067e-06	89.7455	-28.6999	0.00306365	641.141	18400.7	36741.7	8.41305e-10	-0.178245	0.139345	0.394643	-0.443762	-0.613005	
0.498816	1.22427e-06	1.50598e-06	1.19567e-06	79.395	-28.2218	0.00322488	564.936	15943.5	31962.7	8.41305e-10	0.390968	-0.56087	-0.0630836	0.317251	0.301631	
0.50181	1.23901e-06	1.44159e-06	1.21137e-06	84.0303	-28.4116	0.00312244	601.509	17089.8	34056.3	8.41305e-10	0.280245	-0.0332444	0.668511	0.161844	-0.465733	
0.49852	1.22282e-06	1.40083e-06	1.19343e-06	85.1941	-28.5361	0.0032836	605.84	17288.3	34679.3	8.41305e-10	0.391227	0.174284	-0.110924	0.285586	0.498522	
0.500051	1.23034e-06	1.38484e-06	1.20158e-06	86.7669	-28.586	0.00311886	618.92	17692.4	35381.3	8.41305e-10	0.235275	0.182257	0.378235	0.229374	0.198186	
0.499655	1.22839e-06	1.4429e-06	1.20631e-06	83.6027	-28.4076	0.00320316	595.877	16927.5	33878.3	8.41305e-10	-0.675662	-0.0621962	0.540899	-0.160643	0.000933909	
0.498078	1.22065e-06	1.49111e-06	1.19222e-06	79.9549	-28.2649	0.00321283	568.079	16056.7	32237.3	8.41305e-10	0.376602	-0.435658	0.468182	0.159792	0.403979	
0.496113	1.21104e-06	1.39459e-06	1.18353e-06	84.8661	-28.5555	0.00311214	600.595	17150.3	34569.3	8.41305e-10	0.324856	-0.12631	0.476168	-0.171319	0.784651	
0.500446	1.23229e-06	1.3718e-06	1.20685e-06	87.9759	-28.6271	0.00315737	628.04	17979	35925.9	8.41305e-10	-0.0465421	-0.648783	0.12857	0.115303	0.0104247	
0.502504	1.24244e-06	1.51461e-06	1.21493e-06	80.2136	-28.197	0.00309011	574.981	16212.7	32263.9	8.41305e-10	0.286485	-0.396323	-0.317469	0.289145	-0.556566	
0.501353	1.23676e-06	1.34302e-06	1.21213e-06	90.254	-28.7192	0.00309996	645.47	18537.4	36974.7	8.41305e-10	-0.15675	-0.0594442	0.552804	-0.0458731	-0.282813	
0.499298	1.22664e-06	1.30163e-06	1.20047e-06	92.2282	-28.8551	0.00307323	656.886	18954.5	37962.3	8.41305e-10	0.00303364	0.355545	0.0764731	-0.0402688	0.306961	
0.50133	1.23664e-06	1.39507e-06	1.21286e-06	86.9387	-28.554	0.00313934	621.731	17752.9	35411.7	8.41305e-10	-0.100228	-0.55016	-0.0474105	-0.265021	-0.693766	
0.499326	1.22678e-06	1.39096e-06	1.19701e-06	86.0567	-28.5669	0.00331856	612.965	17510.5	35068.2	8.41305e-10	0.456463	0.147178	-0.00595518	0.35061	0.287727	
0.499074	1.22554e-06	1.32258e-06	1.19912e-06	90.6655	-28.7858	0.00310697	645.465	18580.2	37229.4	8.41305e-10	0.0635108	-0.125242	0.367161	0.0570871	0.40728	
0.501306	1.23653e-06	1.35921e-06	1.20881e-06	88.9342	-28.6671	0.00311275	635.972	18231.5	36368	8.41305e-10	0.0291189	0.361136	-0.360386	0.41435	0.220145	
0.5021	1.24045e-06	1.36545e-06	1.21274e-06	88.816	-28.6472	0.00317718	636.133	18223.4	36294.4	8.41305e-10	-0.0294429	0.189694	-0.00114087	0.572607	0.188158	
0.500068	1.23043e-06	1.36893e-06	1.20652e-06	88.1359	-28.6362	0.00312943	628.707	18003.8	36002.6	8.41305e-10	-0.4884	-0.0379299	-0.0672327	0.139104	0.414679	
0.498798	1.22418e-06	1.34634e-06	1.20023e-06	89.1476	-28.7085	0.00309441	634.309	18210	36507.8	8.41305e-10	-0.404512	0.442928	0.118255	-0.145366	0.344642	
0.49968	1.22851e-06	1.32344e-06	1.20162e-06	90.7953	-28.783	0.00309804	647.174	18627.6	37279	8.41305e-10	0.1333	0.0130839	-0.317234	0.075244	0.257229	
0.499866	1.22943e-06	1.49306e-06	1.20089e-06	80.4319	-28.2592	0.00318844	573.52	16207.2	32423.1	8.41305e-10	0.501538	-0.172175	-0.00598869	0.0900459	-0.215963	
0.500155	1.23086e-06	1.50416e-06	1.2086e-06	80.3506	-28.2271	0.00317438	573.272	16181.8	32353.5	8.41305e-10	-0.630581	-0.300063	-0.0434822	-0.0568149	0.0482595	
0.497288	1.21678e-06	1.3898e-06	1.18705e-06	85.4115	-28.5705	0.00337675	605.886	17310.4	34809.7	8.41305e-10	0.671818	-0.0719797	0.328231	-0.0703256	0.167224	
0.495052	1.20587e-06	1.47225e-06	1.17432e-06	79.7632	-28.3202	0.00361298	563.274	15952	32222.9	8.41305e-10	0.850757	0.00451545	0.0430437	0.149263	0.581566	
0.500934	1.23469e-06	1.3469e-06	1.2085e-06	89.724	-28.7066	0.00311767	641.144	18405.1	36741.5	8.41305e-10	0.0517776	-0.195029	0.445842	0.109235	-0.0980249	
0.502022	1.24006e-06	1.33855e-06	1.21579e-06	90.8286	-28.7336	0.00311126	650.446	18689.7	37228.8	8.41305e-10	-0.337363	-0.047044	0.0317539	0.134305	-0.162303	
0.497388	1.21727e-06	1.3563e-06	1.19085e-06	87.8013	-28.6764	0.00312925	622.963	17864.4	35916.4	8.41305e-10	0.261416	-0.561307	0.086679	-0.229528	0.295397	
0.501511	1.23754e-06	1.41668e-06	1.21339e-06	85.6502	-28.4873	0.00311431	612.738	17455.2	34805.3	8.41305e-10	-0.510619	0.538689	0.622721	0.145829	-0.163474	
0.500165	1.2309e-06	1.35416e-06	1.20613e-06	89.0686	-28.6833	0.00310453	635.483	18227.7	36443.5	8.41305e-10	-0.00722565	-0.279597	0.185629	-0.224891	-0.235429	
0.497861	1.21959e-06	1.37755e-06	1.19058e-06	86.427	-28.6089	0.00317273	613.795	17560	35271	8.41305e-10	0.4392	0.549419	-0.0224898	0.00400358	0.417164	
0.500952	1.23478e-06	1.35933e-06	1.20763e-06	88.84	-28.6668	0.00310492	634.85	18199.1	36329	8.41305e-10	0.0987565	0.521095	0.00620686	0.0902139	-0.0919063	
0.502405	1.24195e-06	1.37563e-06	1.21479e-06	88.3084	-28.615	0.00308089	632.881	18109.9	36046.4	8.41305e-10	0.260349	0.496755	-0.100899	-0.0729011	-0.741019	
0.501121	1.23561e-06	1.40505e-06	1.20883e-06	86.0348	-28.5231	0.00315656	615.01	17542	35005.5	8.41305e-10	0.113252	-0.523812	0.125011	0.238492	-0.115559	
0.499448	1.22737e-06	1.34858e-06	1.20101e-06	89.0578	-28.7012	0.0031463	634.495	18210.8	36461.8	8.41305e-10	0.0376663	-0.514449	-0.287722	0.180447	0.404838	
0.499056	1.22545e-06	1.41966e-06	1.20261e-06	84.7106	-28.4781	0.00317763	603.049	17173.7	34412.4	8.41305e-10	-0.572522	0.00964939	0.0832384	-0.121574	0.318968	
0.498543	1.22293e-06	1.29058e-06	1.19669e-06	92.7246	-28.8921	0.00305158	659.423	19052.1	38215.6	8.41305e-10	0.0588679	0.601137	0.105255	-0.202282	0.28397	
0.497139	1.21605e-06	1.39594e-06	1.19262e-06	85.435	-28.5513	0.00313796	605.87	17298.4	34795.9	8.41305e-10	-0.29349	-0.488978	-0.253432	-0.277702	0.632719	
0.497954	1.22004e-06	1.34735e-06	1.19533e-06	88.7175	-28.7052	0.00308522	630.179	18089.4	36327.5	8.41305e-10	0.116336	-0.286098	0.530771	-0.521719	-0.0408701	
0.49872	1.2238e-06	1.48042e-06	1.20012e-06	81.0663	-28.2961	0.00316743	576.718	16318.9	32721.6	8.41305e-10	-0.176866	-0.740824	-0.0730798	-0.275491	0.0287517	
0.50047	1.2324e-06	1.3341e-06	1.20752e-06	90.512	-28.7481	0.0030642	646.175	18576.3	37117.8	8.41305e-10	0.0175412	0.21305	0.610702	-0.331384	-0.419581	
0.501366	1.23682e-06	1.47178e-06	1.2094e-06	82.1725	-28.3216	0.00312391	587.689	16644.3	33197.9	8.41305e-10	0.230768	-0.144553	0.130608	0.175395	-0.252201	
0.500731	1.23369e-06	1.35813e-06	1.20393e-06	88.6464	-28.6706	0.00333098	633.187	18153.8	36254.7	8.41305e-10	0.354075	0.557852	0.130339	0.39877	0.0251434	
0.500406	1.23209e-06	1.41407e-06	1.2089e-06	85.4903	-28.4953	0.00313699	610.247	17389.1	34750.1	8.41305e-10	-0.520474	0.0517517	0.0120773	-0.0268821	0.0634962	
0.498555	1.22299e-06	1.31412e-06	1.19619e-06	91.0259	-28.8136	0.0030905	647.358	18652.7	37413.6	8.41305e-10	0.160534	0.0344675	0.194153	-0.0426305	0.408596	
0.498267	1.22158e-06	1.35965e-06	1.19486e-06	87.8803	-28.6657	0.00309141	624.626	17905.4	35935.3	8.41305e-10	0.290873	0.0604938	-0.177826	-0.29851	0.143974	
0.50205	1.2402e-06	1.41046e-06	1.21235e-06	85.9544	-28.5064	0.00312606	615.575	17547.8	34952.4	8.41305e-10	0.277298	0.107914	0.517613	0.193097	-0.466265	
0.500649	1.23329e-06	1.39753e-06	1.20534e-06	86.2481	-28.5464	0.0031224	615.955	17583.3	35121	8.41305e-10	0.281423	0.0552126	0.0258561	0.171512	-0.0862789	
0.501542	1.23769e-06	1.37137e-06	1.21163e-06	88.352	-28.6285	0.00313801	632.106	18096.2	36081.2	8.41305e-10	0.0951404	-0.438186	-0.106668	0.0752328	-0.371656	
0.501248	1.23624e-06	1.34381e-06	1.21112e-06	90.126	-28.7166	0.00310671	644.419	18505.5	36919	8.41305e-10	-0.0901512	-0.130326	0.29642	0.00862018	-0.199784	
0.497956	1.22005e-06	1.3881e-06	1.19388e-06	86.0082	-28.5758	0.00320674	610.938	17458	35059.4	8.41305e-10	0.123429	-1.13037	-0.27165	0.0303845	0.314352	
0.498003	1.22029e-06	1.35858e-06	1.19575e-06	88.0144	-28.6691	0.00294161	625.247	17925.3	35994.4	8.41305e-10	0.0152102	0.443602	-0.0152946	-0.637892	0.0238284	
0.499804	1.22912e-06	1.40392e-06	1.20473e-06	85.8119	-28.5266	0.00309702	611.805	17452.7	34919.2	8.41305e-10	-0.479208	0.534715	0.387846	0.105932	0.327383	
0.50351	1.24742e-06	1.36917e-06	1.22266e-06	89.299	-28.6354	0.00311646	641.388	18366.4	36476.7	8.41305e-10	-0.103622	-0.110065	-0.233918	0.0205542	-0.822372	
0.498652	1.22347e-06	1.34694e-06	1.19845e-06	88.976	-28.7065	0.00296218	632.902	18168.4	36435.1	8.41305e-10	-0.0718462	0.136953	-0.111097	-0.26216	0.325408	
0.498716	1.22378e-06	1.49798e-06	1.19498e-06	79.7726	-28.2449	0.00324758	567.51	16029.3	32141.1	8.41305e-10	0.517904	-0.359663	0.180209	0.124875	0.0388076	
0.499228	1.2263e-06	1.3569e-06	1.19794e-06	88.2846	-28.6745	0.0031545	628.71	18027.9	36111.6	8.41305e-10	0.122976	0.544895	-0.0573875	0.289201	0.561632	
0.500664	1.23336e-06	1.34185e-06	1.20776e-06	90.0066	-28.7229	0.00310145	642.817	18463.6	36878.2	8.41305e-10	0.0178885	-0.106439	0.0269692	-0.0462125	-0.125181	
0.501156	1.23579e-06	1.36816e-06	1.20794e-06	88.2889	-28.6386	0.00310932	631.169	18075.8	36068.2	8.41305e-10	0.180842	0.396335	0.172949	0.211984	-0.0694251	
0.500498	1.23254e-06	1.32667e-06	1.20789e-06	91.047	-28.7724	0.0030604	650.032	18703	37368.7	8.41305e-10	-0.0707171	0.327774	0.168475	-0.304636	-0.335672	
0.497853	1.21955e-06	1.3976e-06	1.19061e-06	85.1901	-28.5462	0.00320935	605.002	17270.5	34689.9	8.41305e-10	0.530831	0.374781	0.0074368	-0.130777	0.181356	
0.501536	1.23766e-06	1.32347e-06	1.21221e-06	91.5933	-28.7828	0.00308144	655.287	18861	37606.5	8.41305e-10	-0.0970788	0.351139	-0.268206	-0.00723825	-0.252333	
0.499275	1.22653e-06	1.32319e-06	1.20006e-06	90.6945	-28.7838	0.00310173	645.933	18592.4	37238.8	8.41305e-10	0.0835347	-0.0615513	0.645498	0.0382895	0.299786	
0.500237	1.23126e-06	1.31437e-06	1.2044e-06	91.634	-28.8128	0.00309034	653.881	18840.2	37662.5	8.41305e-10	0.0755043	0.206417	-0.187281	0.127255	0.189886	
0.502802	1.24391e-06	1.43238e-06	1.21766e-06	85.0094	-28.4394	0.00310741	609.719	17340.1	34486.9	8.41305e-10	0.131009	0.0667375	0.163933	0.00708776	-0.745312	
0.498994	1.22515e-06	1.48332e-06	1.19688e-06	80.689	-28.2876	0.00312432	574.349	16247	32559.5	8.41305e-10	0.416531	-0.0609464	-0.408781	0.08116	0.181289	
0.501652	1.23824e-06	1.40475e-06	1.20647e-06	85.885	-28.524	0.00360875	614.591	17530.6	34945.7	8.41305e-10	0.685622	0.409361	0.0613085	0.572493	-0.557423	
0.500153	1.23084e-06	1.46305e-06	1.20696e-06	82.4965	-28.3474	0.00316261	588.579	16684.7	33359.1	8.41305e-10	-0.356923	-0.643819	0.180654	0.109699	0.224489	
0.501694	1.23844e-06	1.31896e-06	1.21197e-06	91.888	-28.7977	0.00308534	657.604	18937.5	37747	8.41305e-10	-0.0314857	0.425296	0.0410723	0.178185	-0.163241	
0.501569	1.23783e-06	1.43007e-06	1.20895e-06	84.5383	-28.4464	0.00321807	604.854	17205.9	34304.2	8.41305e-10	0.27891	-0.0761029	-0.548569	0.501939	-0.015792	
0.499713	1.22868e-06	1.4645e-06	1.20501e-06	82.2808	-28.3431	0.00312831	586.524	16623.9	33266.9	8.41305e-10	-0.283351	-0.308495	-0.277455	-0.168661	0.0820242	
0.501767	1.2388e-06	1.42628e-06	1.21511e-06	85.1941	-28.4579	0.00312076	609.787	17353.3	34584.3	8.41305e-10	-0.500503	0.553623	0.281572	-0.00132645	-0.410528	
0.502212	1.241e-06	1.39155e-06	1.2134e-06	87.1977	-28.565	0.00315011	624.681	17844	35530.9	8.41305e-10	0.103024	-0.061911	0.0816198	0.436322	-0.120397	
0.501603	1.23799e-06	1.31809e-06	1.21151e-06	91.9141	-28.8005	0.00310816	657.67	18941.3	37761.5	8.41305e-10	-0.10019	0.202618	0.524277	0.340983	0.075056	
0.501219	1.2361e-06	1.32911e-06	1.21175e-06	91.1702	-28.7644	0.0030901	651.849	18750	37408.9	8.41305e-10	-0.272928	0.114242	-0.148891	-0.0173176	-0.111897	
0.499702	1.22862e-06	1.356e-06	1.20331e-06	88.7398	-28.6774	0.00297952	632.551	18139.9	36301.5	8.41305e-10	-0.208911	-0.178192	-0.195835	0.154978	0.55935	
0.501657	1.23826e-06	1.33467e-06	1.21334e-06	90.9094	-28.7463	0.00310138	650.552	18701	37278.3	8.41305e-10	-0.185288	0.0358069	-0.491097	0.0593476	-0.146268	
0.502472	1.24229e-06	1.35362e-06	1.21702e-06	89.9084	-28.685	0.00313234	644.434	18485.6	36789.3	8.41305e-10	-0.166261	-0.258743	0.104768	0.247945	-0.242023	
0.501251	1.23625e-06	1.32119e-06	1.21031e-06	91.6075	-28.7903	0.00310285	655.016	18858.1	37622.2	8.41305e-10	-0.119305	0.14314	0.429478	0.215572	0.064399	
0.50082	1.23413e-06	1.3806e-06	1.20677e-06	87.4091	-28.5993	0.00314451	624.459	17859.1	35659.8	8.41305e-10	0.12185	-0.12093	0.225546	0.295863	0.103634	
0.5012	1.236e-06	1.36045e-06	1.20875e-06	88.8493	-28.6632	0.00313796	635.231	18207.7	36328.3	8.41305e-10	0.0634265	0.367164	-0.150595	0.211464	0.0152822	
0.501905	1.23948e-06	1.37473e-06	1.2122e-06	88.1777	-28.6178	0.00316356	631.316	18066.9	35996.6	8.41305e-10	0.151737	0.341585	-0.0929534	0.132054	-0.31824	
0.503558	1.24766e-06	1.37406e-06	1.22105e-06	88.8643	-28.6199	0.0031794	638.327	18268.9	36279.6	8.41305e-10	-0.0222249	0.0106875	0.0159892	0.354254	-0.472168	
0.500731	1.23369e-06	1.3427e-06	1.20764e-06	89.941	-28.7202	0.00309683	642.434	18450.8	36847.8	8.41305e-10	0.104534	-0.0395421	0.314537	-0.0576886	-0.227296	
0.499017	1.22526e-06	1.37306e-06	1.2005e-06	87.4328	-28.6231	0.00295438	622.38	17814.5	35699.1	8.41305e-10	-0.128956	0.370767	-0.427457	-0.300614	0.196636	
0.502441	1.24213e-06	1.36075e-06	1.21608e-06	89.3684	-28.6622	0.00314735	640.523	18358.8	36539.3	8.41305e-10	-0.0722526	-0.371207	-0.0352002	0.356229	-0.172675	
0.500179	1.23097e-06	1.3494e-06	1.20614e-06	89.3831	-28.6986	0.00310384	637.745	18302.4	36591.7	8.41305e-10	-0.0299348	-0.252722	0.440093	-0.176661	-0.177123	
0.498346	1.22197e-06	1.29507e-06	1.19661e-06	92.3973	-28.8771	0.00304472	656.836	18967.5	38060.9	8.41305e-10	-0.0205265	0.534564	0.509243	-0.327173	0.224373	
0.501058	1.2353e-06	1.47114e-06	1.20811e-06	82.1203	-28.3235	0.00316455	586.954	16624.6	33179	8.41305e-10	0.191794	-0.484838	0.133305	0.220569	-0.169076	
0.502194	1.24091e-06	1.4718e-06	1.21726e-06	82.7057	-28.3215	0.00314659	592.479	16779.9	33413.2	8.41305e-10	-0.378444	-0.27033	-0.639021	0.0545683	-0.3173	
0.49848	1.22262e-06	1.36827e-06	1.19829e-06	87.577	-28.6383	0.00295829	622.735	17834.1	35776.9	8.41305e-10	-0.126114	0.26466	0.293445	-0.417174	0.168625	
0.501979	1.23985e-06	1.33892e-06	1.2138e-06	90.6551	-28.7324	0.00311925	649.148	18651.6	37156.2	8.41305e-10	-0.0693631	-0.0764144	-0.440287	0.255185	-0.0742356	
0.500196	1.23105e-06	1.31346e-06	1.20519e-06	91.7567	-28.8158	0.00308553	654.703	18865.8	37716.8	8.41305e-10	-0.0547629	0.217112	0.0548817	0.0328988	0.164495	
0.498362	1.22204e-06	1.35982e-06	1.19412e-06	87.8151	-28.6652	0.00305551	624.281	17895.1	35907.9	8.41305e-10	0.425836	0.202708	0.200398	-0.185981	0.13451	
0.501172	1.23586e-06	1.34197e-06	1.20995e-06	90.1619	-28.7226	0.0031323	644.579	18513.9	36941.3	8.41305e-10	-0.0911541	-0.288042	-0.0286694	0.268859	0.135755	
0.499462	1.22745e-06	1.44689e-06	1.20067e-06	82.9828	-28.3957	0.00308781	591.231	16788.4	33612.9	8.41305e-10	0.389086	-0.0108434	-0.0299904	-0.362664	-0.373167	
0.498476	1.2226e-06	1.37415e-06	1.19401e-06	86.8907	-28.6197	0.00312269	617.85	17682.7	35473.5	8.41305e-10	0.306234	0.332097	0.147172	0.168714	0.533917	
0.497812	1.21935e-06	1.31518e-06	1.19495e-06	90.8586	-28.8102	0.0030626	645.205	18588.5	37340.3	8.41305e-10	-0.036991	-0.0291815	-0.576499	-0.453499	0.323263	
0.500567	1.23288e-06	1.40407e-06	1.20968e-06	86.1554	-28.5261	0.00315865	615.192	17549	35058.3	8.41305e-10	-0.650139	0.422495	0.481511	0.034016	-0.0338947	
0.500953	1.23479e-06	1.47102e-06	1.21163e-06	82.3665	-28.3238	0.00313835	588.591	16671.1	33278.9	8.41305e-10	-0.493854	-0.0242963	0.168591	-0.0184512	-0.0995866	
0.501688	1.23841e-06	1.43957e-06	1.21134e-06	84.1457	-28.4177	0.00315494	602.187	17112.8	34110.4	8.41305e-10	0.095623	-0.446744	-0.0619922	0.357761	-0.0945912	
0.498247	1.22148e-06	1.32687e-06	1.19714e-06	90.2233	-28.7717	0.00306178	641.253	18449.9	37029.7	8.41305e-10	0.00214663	-0.0298124	0.159516	-0.506948	0.0472606	
0.499882	1.22951e-06	1.36603e-06	1.20232e-06	88.016	-28.6454	0.00312445	627.618	17978.4	35965.2	8.41305e-10	0.188699	0.0138375	0.382306	0.0710223	0.0935744	
0.501931	1.23961e-06	1.33546e-06	1.21512e-06	90.9883	-28.7437	0.00309693	651.472	18725.7	37307.4	8.41305e-10	-0.25959	0.10079	-0.563084	0.0373899	-0.231158	
0.497339	1.21703e-06	1.31577e-06	1.19092e-06	90.5107	-28.8082	0.00308811	642.123	18498.4	37194.8	8.41305e-10	0.13936	-0.121898	0.269834	-0.219231	0.565732	
0.500557	1.23283e-06	1.44212e-06	1.20851e-06	83.8006	-28.41	0.0031746	598.366	16999.6	33961.3	8.41305e-10	-0.457109	0.0885584	0.363722	0.196274	0.325348	
0.502324	1.24155e-06	1.39989e-06	1.21429e-06	86.7419	-28.5391	0.00312503	621.554	17738.6	35313	8.41305e-10	0.180731	0.082262	-0.103914	0.186676	-0.42988	
0.501361	1.23679e-06	1.46485e-06	1.21323e-06	82.8231	-28.3421	0.00315757	592.336	16788	33484.9	8.41305e-10	-0.306703	-0.227969	0.417056	-0.115969	-0.382322	
0.495468	1.20789e-06	1.45857e-06	1.1848e-06	81.2302	-28.3607	0.00307016	574.115	16282.3	32862.5	8.41305e-10	0.0315072	-0.250463	-0.58701	-1.00437	0.171312	
0.498863	1.2245e-06	1.39791e-06	1.19745e-06	85.6601	-28.5452	0.00314138	609.573	17400.4	34880.1	8.41305e-10	0.194825	-0.252799	-0.497677	0.0259267	0.362246	
0.499384	1.22706e-06	1.36415e-06	1.20323e-06	88.2042	-28.6514	0.00310321	628.333	18002.6	36049.7	8.41305e-10	-0.0423228	-0.392522	-0.286462	-0.459244	-0.297489	
0.500915	1.2346e-06	1.39717e-06	1.2046e-06	86.2177	-28.5475	0.00336242	616.065	17587.1	35110	8.41305e-10	0.39459	-0.00963566	0.335356	0.632887	0.115813	
0.497861	1.21959e-06	1.43625e-06	1.19297e-06	83.062	-28.4277	0.0031395	589.898	16769.4	33683	8.41305e-10	0.413655	-0.420136	0.191083	-0.430393	-0.170499	
0.504439	1.25203e-06	1.36142e-06	1.22807e-06	90.2055	-28.6601	0.00313568	649.094	18603.1	36878.8	8.41305e-10	-0.448548	-0.0902594	-0.576215	0.310641	-0.605515	
0.503001	1.2449e-06	1.45538e-06	1.21797e-06	83.6873	-28.3702	0.00317565	600.475	17035.6	33867.9	8.41305e-10	0.00227368	-0.377163	-0.0400174	0.486368	-0.229773	
0.497677	1.21869e-06	1.47776e-06	1.19092e-06	80.5898	-28.304	0.003097	572.129	16193.5	32538.2	8.41305e-10	0.506149	-0.0622569	0.125189	-0.333609	0.0358729	
0.4985	1.22272e-06	1.31809e-06	1.19802e-06	90.8902	-28.8005	0.00304788	646.322	18614.4	37340.8	8.41305e-10	-0.0423525	0.189884	0.253318	-0.498326	0.0442375	
0.499274	1.22652e-06	1.39317e-06	1.19944e-06	86.0944	-28.56	0.00312082	613.168	17512.1	35075.1	8.41305e-10	0.234026	-0.117463	-0.0928032	-0.0284266	0.147993	
0.501549	1.23772e-06	1.3202e-06	1.21159e-06	91.7733	-28.7936	0.00312758	656.593	18905.7	37694.6	8.41305e-10	-0.207795	-0.0285666	-0.11662	0.456306	0.338852	
0.499695	1.22859e-06	1.33759e-06	1.2024e-06	89.8937	-28.7368	0.0031029	640.767	18413.6	36849.7	8.41305e-10	0.116908	-0.140674	0.289903	-0.0590385	0.053928	
0.499199	1.22615e-06	1.42815e-06	1.20225e-06	84.1825	-28.4523	0.00309757	599.462	17056.1	34166.8	8.41305e-10	-0.176356	-0.230084	0.650284	-0.279398	0.0174376	
0.502523	1.24253e-06	1.4131e-06	1.21357e-06	85.8799	-28.4983	0.00323385	615.621	17544.1	34912.1	8.41305e-10	0.135179	-0.209833	0.39623	0.813318	0.103014	
0.498534	1.22289e-06	1.45919e-06	1.19966e-06	82.2143	-28.3589	0.00311547	584.666	16580.5	33258.5	8.41305e-10	-0.246574	-0.0911397	0.0733938	-0.467352	0.0302172	
0.501119	1.2356e-06	1.45662e-06	1.21181e-06	83.1935	-28.3665	0.00314941	594.698	16869.5	33663.7	8.41305e-10	-0.450827	-0.334798	-0.355709	0.17765	0.163614	
0.498835	1.22436e-06	1.45707e-06	1.19765e-06	82.1958	-28.3652	0.0031284	584.888	16590.5	33258.4	8.41305e-10	0.416859	-0.32271	-0.168123	-0.386846	-0.340219	
0.501029	1.23516e-06	1.32098e-06	1.21016e-06	91.6108	-28.791	0.00306625	654.751	18851	37624.4	8.41305e-10	-0.108799	0.453248	0.228256	-0.164372	-0.334537	
0.502629	1.24306e-06	1.37833e-06	1.2156e-06	88.1936	-28.6065	0.00312088	632.34	18089	35988.8	8.41305e-10	0.107635	0.25882	0.424184	0.32323	-0.339044	
0.500851	1.23428e-06	1.35707e-06	1.2094e-06	89.1185	-28.674	0.00311892	636.711	18257	36452	8.41305e-10	-0.0622116	-0.33926	-0.128103	-0.0707949	-0.209826	
0.502721	1.24352e-06	1.36495e-06	1.21612e-06	89.0961	-28.6488	0.0031313	638.928	18304.5	36410.9	8.41305e-10	-0.018558	0.543386	0.558507	0.39214	-0.28007	
0.500997	1.235e-06	1.42212e-06	1.2074e-06	84.9017	-28.4707	0.00314135	606.761	17274.9	34481	8.41305e-10	0.151818	-0.121283	0.213024	0.323319	0.0632633	
0.49952	1.22773e-06	1.37602e-06	1.20319e-06	87.4396	-28.6137	0.00313669	623.056	17828	35690.2	8.41305e-10	-0.0146955	-0.604719	0.340996	-0.23806	-0.18829	
0.501468	1.23733e-06	1.42519e-06	1.21362e-06	85.1546	-28.4613	0.0031036	609.141	17336.9	34572.3	8.41305e-10	-0.298839	0.140619	-0.105949	-0.155336	-0.403804	
0.50111	1.23556e-06	1.36428e-06	1.20978e-06	88.6753	-28.651	0.00315058	633.873	18161.1	36241.7	8.41305e-10	-0.0418049	-0.52172	-0.153986	0.207404	-0.00880133	
0.498757	1.22398e-06	1.33234e-06	1.19922e-06	90.009	-28.7539	0.00312781	640.385	18413.5	36918.9	8.41305e-10	-0.169066	-0.514331	0.148151	0.0068749	0.515311	
0.50249	1.24237e-06	1.34305e-06	1.21758e-06	90.6578	-28.7191	0.00309111	649.828	18662.5	37140	8.41305e-10	-0.146272	0.195536	-0.085981	-0.0346991	-0.56062	
0.499094	1.22564e-06	1.48744e-06	1.19511e-06	80.3465	-28.2756	0.00347711	572.026	16174.4	32407.5	8.41305e-10	0.790536	-0.0570473	0.0309554	0.148499	-0.381785	
0.499853	1.22937e-06	1.42828e-06	1.2067e-06	84.4864	-28.4519	0.00314096	602.414	17139.8	34289.7	8.41305e-10	-0.742441	0.153049	-0.211083	0.106468	0.352508	
0.502862	1.24421e-06	1.36883e-06	1.2166e-06	88.8788	-28.6365	0.00318628	637.549	18257.2	36306.5	8.41305e-10	-0.043486	-0.0771001	0.325148	0.668591	0.065135	
0.498203	1.22126e-06	1.37197e-06	1.19689e-06	87.2387	-28.6266	0.00297361	619.985	17748.1	35624.2	8.41305e-10	-0.296397	0.276059	0.348931	-0.172958	0.576121	
0.498278	1.22163e-06	1.42217e-06	1.19768e-06	84.215	-28.4705	0.00307335	598.588	17042.1	34201.9	8.41305e-10	-0.243972	0.390959	-0.111339	-0.374209	0.256298	
0.501639	1.23817e-06	1.44724e-06	1.21394e-06	83.8799	-28.3946	0.00314193	600.227	17043.2	33975	8.41305e-10	-0.505685	0.0123554	0.291191	0.337836	0.17875	
0.501554	1.23775e-06	1.30943e-06	1.21157e-06	92.5265	-28.8292	0.00312251	661.987	19084.5	38050.9	8.41305e-10	-0.276598	0.191985	0.478829	0.509692	0.362413	
0.500833	1.23419e-06	1.40174e-06	1.20722e-06	86.123	-28.5333	0.00315056	615.288	17556.2	35054	8.41305e-10	0.0986348	-0.348826	-0.349535	0.266641	0.0965876	
0.500655	1.23332e-06	1.41439e-06	1.20993e-06	85.5439	-28.4943	0.00317911	610.933	17408.1	34770.7	8.41305e-10	-0.830866	0.468112	0.111363	0.330477	0.276433	
0.500599	1.23304e-06	1.43759e-06	1.20571e-06	83.8704	-28.4237	0.00309637	598.915	17023.3	34006	8.41305e-10	0.366995	0.119327	-0.821903	-0.159848	-0.391962	
0.500629	1.23319e-06	1.5023e-06	1.20494e-06	80.2062	-28.2324	0.00317433	572.783	16171.1	32301.5	8.41305e-10	0.287734	-0.452963	0.242471	0.353387	-0.00926877	
0.499181	1.22606e-06	1.39804e-06	1.19637e-06	85.5752	-28.5448	0.00331631	609.357	17394	34845.1	8.41305e-10	0.527741	-0.0559172	0.0121316	0.220496	0.113973	
0.498226	1.22138e-06	1.34543e-06	1.19382e-06	88.7316	-28.7114	0.00300209	630.625	18106.1	36341.2	8.41305e-10	0.337438	0.110308	-0.467494	-0.146436	0.339165	
0.503868	1.24919e-06	1.44929e-06	1.22542e-06	84.5531	-28.3884	0.00316821	607.732	17252.6	34240.3	8.41305e-10	-0.555699	-0.156993	-0.33356	0.406389	-0.352147	
0.500463	1.23237e-06	1.35906e-06	1.2079e-06	88.8776	-28.6676	0.00315109	634.498	18189.5	36345.5	8.41305e-10	-0.21814	-0.633089	-0.099733	0.0909034	0.102234	
0.497589	1.21826e-06	1.35255e-06	1.1933e-06	88.2255	-28.6885	0.00295184	626.226	17965.5	36105	8.41305e-10	-0.110879	0.616339	0.20285	-0.398745	0.406338	
0.500787	1.23397e-06	1.32541e-06	1.20909e-06	91.2243	-28.7765	0.00307668	651.673	18752.9	37446.8	8.41305e-10	-0.12096	0.231133	-0.110427	-0.135115	-0.172417	
0.499941	1.2298e-06	1.43159e-06	1.20787e-06	84.3727	-28.4418	0.00334385	601.71	17113.7	34231.5	8.41305e-10	-0.856235	0.211355	0.0313243	-0.188278	-0.149462	
0.503145	1.24561e-06	1.34438e-06	1.22016e-06	90.7601	-28.7148	0.00310888	651.41	18705.1	37176.4	8.41305e-10	-0.132411	0.100823	-0.304665	0.186249	-0.473299	
0.502271	1.24129e-06	1.33861e-06	1.21589e-06	90.8321	-28.7335	0.0031188	650.794	18699.6	37230	8.41305e-10	-0.186977	-0.0562722	0.213782	0.257607	-0.143903	
0.500936	1.2347e-06	1.39651e-06	1.2041e-06	86.2222	-28.5495	0.00344535	616.123	17590	35114.3	8.41305e-10	0.574637	0.234161	0.20326	0.468435	-0.259394	
0.502011	1.24001e-06	1.36669e-06	1.21171e-06	88.6608	-28.6433	0.0032287	634.909	18185.9	36226.1	8.41305e-10	-0.0431018	0.0926789	0.102881	0.767082	0.412283	
0.501053	1.23528e-06	1.36965e-06	1.20809e-06	88.2041	-28.6339	0.00298003	630.433	18051.8	36027.6	8.41305e-10	0.107062	0.261748	-0.113789	0.186882	0.0190449	
0.503886	1.24928e-06	1.41707e-06	1.22192e-06	86.2284	-28.4861	0.00313555	619.796	17655.6	35038.8	8.41305e-10	0.122287	0.0464083	-0.148001	0.39661	-0.633598	
0.500092	1.23054e-06	1.30271e-06	1.20422e-06	92.4395	-28.8515	0.00309501	659.437	19025.8	38044.5	8.41305e-10	-0.0984958	0.274295	-0.629477	0.199814	0.444331	
0.498744	1.22392e-06	1.34385e-06	1.1961e-06	89.0061	-28.7165	0.00301531	633.233	18184.2	36460.1	8.41305e-10	0.14288	0.181029	-0.280339	0.226303	0.702176	
0.500038	1.23028e-06	1.35959e-06	1.20683e-06	88.7644	-28.6659	0.00308856	633.152	18149.9	36297	8.41305e-10	-0.13178	-0.209584	0.170378	-0.44469	-0.430214	
0.502395	1.2419e-06	1.41534e-06	1.2172e-06	86.0009	-28.4914	0.00314155	616.332	17560.2	34952.9	8.41305e-10	-0.540487	0.174406	-0.225199	0.49826	0.18809	
0.499586	1.22806e-06	1.42425e-06	1.19872e-06	84.165	-28.4641	0.00326368	599.802	17072.9	34174	8.41305e-10	0.628619	0.609819	0.575426	-0.138262	-0.476669	
0.499209	1.2262e-06	1.32974e-06	1.20019e-06	90.2573	-28.7623	0.00308725	642.734	18486.5	37031.6	8.41305e-10	0.136515	-0.037676	-0.288559	-0.187645	0.103037	
0.499627	1.22826e-06	1.30545e-06	1.2018e-06	92.0598	-28.8424	0.00307325	656.119	18924	37876.3	8.41305e-10	0.0617138	0.364447	0.0553107	-0.0331345	0.184815	
0.498307	1.22178e-06	1.32084e-06	1.19666e-06	90.5984	-28.7915	0.00306398	643.997	18541.7	37209.3	8.41305e-10	0.0728893	0.0362843	-0.537315	-0.407958	0.186782	
0.499084	1.22559e-06	1.34264e-06	1.19979e-06	89.3603	-28.7204	0.00295078	636.186	18271.5	36610.1	8.41305e-10	0.0460906	0.126185	-0.497038	-0.186883	0.263713	
0.502861	1.24421e-06	1.32927e-06	1.21746e-06	91.5884	-28.7639	0.00316219	656.984	18897.4	37579.8	8.41305e-10	-0.264901	-0.204796	0.410299	0.823376	0.352822	
0.495986	1.21042e-06	1.37137e-06	1.1834e-06	86.2934	-28.6285	0.00306772	610.538	17478.8	35240.5	8.41305e-10	0.453853	0.176342	0.0792416	-0.589672	0.365635	
0.4992	1.22616e-06	1.39202e-06	1.19821e-06	86.0771	-28.5636	0.00311002	612.955	17508.2	35072.4	8.41305e-10	0.366937	0.0989876	0.0473646	-0.0304375	0.0526459	
0.501903	1.23947e-06	1.37838e-06	1.21538e-06	88.1741	-28.6063	0.00315535	631.287	18058.8	35980.6	8.41305e-10	-0.241642	-0.600475	-0.328584	0.0715198	-0.334572	
0.498319	1.22183e-06	1.32738e-06	1.19618e-06	90.1153	-28.77	0.00311128	640.578	18429.5	36983.3	8.41305e-10	0.00704629	-0.330165	0.145377	-0.0594068	0.513446	
0.498938	1.22487e-06	1.40061e-06	1.20181e-06	85.8058	-28.5368	0.00315489	610.702	17427.5	34929.2	8.41305e-10	-0.54151	-0.303755	0.759686	0.0192956	0.492099	
0.500347	1.2318e-06	1.32297e-06	1.20562e-06	91.1293	-28.7845	0.00308602	650.422	18722.1	37418.2	8.41305e-10	0.0571883	0.152848	0.224009	-0.0165124	-0.00962555	
0.49527	1.20693e-06	1.46157e-06	1.17881e-06	80.6534	-28.3518	0.00313098	569.811	16155.2	32618.9	8.41305e-10	0.634577	0.183508	0.188449	-0.593296	0.386248	
0.499888	1.22954e-06	1.34712e-06	1.20331e-06	89.3245	-28.7059	0.00296277	636.957	18284.4	36577.1	8.41305e-10	-0.0355344	0.140969	-0.249522	0.095435	0.36556	
0.499898	1.22959e-06	1.37073e-06	1.20268e-06	87.7397	-28.6305	0.00311454	625.667	17913.1	35833.6	8.41305e-10	0.246103	0.0388921	0.144692	-0.104254	-0.117242	
0.501516	1.23756e-06	1.35137e-06	1.21036e-06	89.5656	-28.6923	0.003138	640.756	18384.7	36658.3	8.41305e-10	-0.00497965	0.434009	-0.495913	0.291147	0.0504895	
0.497164	1.21618e-06	1.33525e-06	1.19043e-06	89.1544	-28.7444	0.00308468	632.279	18174.5	36556.3	8.41305e-10	0.240521	-0.219274	-0.241534	-0.466214	0.263677	
0.501858	1.23925e-06	1.40678e-06	1.21096e-06	86.0803	-28.5177	0.00316576	616.241	17573.8	35017.5	8.41305e-10	0.1328	-0.191855	-0.141426	0.604422	0.113639	
0.499585	1.22805e-06	1.34029e-06	1.20139e-06	89.6366	-28.728	0.00313787	638.794	18351.3	36733.1	8.41305e-10	0.0528376	-0.390105	0.228808	0.225046	0.399874	
0.502144	1.24066e-06	1.32221e-06	1.2141e-06	91.8232	-28.787	0.00309609	657.729	18934	37706.4	8.41305e-10	-0.0763628	0.361958	0.376305	0.309643	-0.148377	
0.499724	1.22873e-06	1.34812e-06	1.20292e-06	89.2291	-28.7027	0.00296066	636.067	18256.9	36533.9	8.41305e-10	-0.0255143	0.0723691	-0.326403	-0.0315471	0.274116	
0.502355	1.24171e-06	1.34639e-06	1.21724e-06	90.4078	-28.7083	0.00311735	647.863	18599	37023.7	8.41305e-10	-0.279429	-0.111636	-0.61817	0.135032	-0.235013	
0.504448	1.25208e-06	1.34284e-06	1.22791e-06	91.4411	-28.7198	0.00311994	657.997	18897.5	37461.8	8.41305e-10	-0.533901	0.508944	0.216438	0.312714	-0.76728	
0.496079	1.21087e-06	1.41445e-06	1.18802e-06	83.9919	-28.4941	0.0030824	594.367	16936	34139.6	8.41305e-10	-0.216007	0.0303446	-0.117161	-0.736153	0.41661	
0.499696	1.22859e-06	1.45988e-06	1.2024e-06	82.3632	-28.3568	0.0031343	587.09	16648	33316.3	8.41305e-10	0.406549	-0.384611	0.527754	-0.459036	-0.745268	
0.500463	1.23237e-06	1.48488e-06	1.20441e-06	81.112	-28.2831	0.00320885	579.059	16377.6	32724.9	8.41305e-10	0.223748	-0.75007	0.26423	0.424777	0.0710642	
0.501929	1.2396e-06	1.4145e-06	1.21069e-06	85.5911	-28.494	0.00322382	612.826	17461.8	34789.5	8.41305e-10	0.187231	-0.173586	-0.0703711	0.665857	0.111371	
0.501144	1.23573e-06	1.33663e-06	1.21109e-06	90.6078	-28.7399	0.00309246	647.731	18615.7	37146.4	8.41305e-10	-0.161314	0.0301214	0.31693	-0.0709205	-0.223442	
0.499684	1.22854e-06	1.4446e-06	1.20489e-06	83.4063	-28.4025	0.00313114	594.512	16885.6	33792.6	8.41305e-10	-0.250948	-0.473994	0.0377146	-0.174685	0.00506297	
0.498452	1.22249e-06	1.4009e-06	1.19322e-06	85.1755	-28.5359	0.00327296	605.626	17282.1	34671.5	8.41305e-10	0.47959	0.202183	0.244736	0.107585	0.245676	
0.498947	1.22491e-06	1.32763e-06	1.19959e-06	90.3559	-28.7692	0.00307314	643.098	18501.4	37081	8.41305e-10	0.078354	0.0107582	0.0437042	-0.319083	0.0494071	
0.499397	1.22712e-06	1.41568e-06	1.20437e-06	85.0734	-28.4903	0.00311423	606.046	17266.5	34574.6	8.41305e-10	-0.409057	0.0943874	-0.395459	-0.36249	-0.064891	
0.502142	1.24065e-06	1.38786e-06	1.21226e-06	87.3475	-28.5765	0.00322111	625.667	17879.4	35606.2	8.41305e-10	0.0212613	-0.153253	0.166938	0.767813	0.303097	
0.499998	1.23008e-06	1.38028e-06	1.20387e-06	87.2193	-28.6003	0.00313462	622.081	17791.7	35583.6	8.41305e-10	0.285072	-0.273539	-0.531074	-0.301392	-0.410039	
0.500675	1.23341e-06	1.37437e-06	1.20576e-06	87.7318	-28.619	0.00315639	626.584	17932.2	35816	8.41305e-10	0.274882	0.406141	-0.560187	-0.0493243	-0.206017	
0.502373	1.24179e-06	1.32475e-06	1.21537e-06	91.7438	-28.7787	0.00312854	657.46	18920.8	37662.9	8.41305e-10	-0.183759	0.0541891	0.472921	0.520073	0.105551	
0.498639	1.2234e-06	1.4433e-06	1.20045e-06	83.1738	-28.4064	0.00314584	591.615	16805.7	33703.1	8.41305e-10	-0.383053	0.0767831	0.103646	-0.399348	0.0884924	
0.497824	1.21941e-06	1.42355e-06	1.19687e-06	84.0763	-28.4663	0.00310357	597.057	16996	34140.6	8.41305e-10	-0.637046	0.152507	0.324868	-0.15037	0.605917	
0.500185	1.231e-06	1.36651e-06	1.20373e-06	88.0884	-28.6439	0.00296391	628.515	18003.1	35992.9	8.41305e-10	0.333469	0.316008	0.157598	-0.178929	-0.283522	
0.497952	1.22004e-06	1.33911e-06	1.19408e-06	89.1694	-28.7318	0.00307602	633.388	18198.4	36546.5	8.41305e-10	0.291544	-0.090653	0.0863172	-0.476315	-0.0127636	
0.49959	1.22807e-06	1.3929e-06	1.19771e-06	85.9871	-28.5608	0.0034512	612.792	17501.8	35032.4	8.41305e-10	0.442806	-0.190325	0.0720501	0.593073	0.373864	
0.500855	1.2343e-06	1.33864e-06	1.20803e-06	90.2424	-28.7333	0.00315916	644.746	18525.7	36988.2	8.41305e-10	-0.150624	-0.488292	-0.206277	0.495841	0.507582	
0.500475	1.23243e-06	1.48113e-06	1.20512e-06	81.3645	-28.2941	0.00312403	580.877	16435.4	32839.5	8.41305e-10	0.30848	-0.283665	-0.616822	0.0104668	-0.222421	
0.500412	1.23212e-06	1.42302e-06	1.20293e-06	84.5333	-28.4679	0.00327243	603.423	17178.2	34328.1	8.41305e-10	0.243072	-0.125274	-0.287074	0.613877	0.417698	
0.497344	1.21706e-06	1.42403e-06	1.19288e-06	83.7675	-28.4648	0.00310921	594.29	16916.3	34013.4	8.41305e-10	-0.0555562	-0.447512	-0.555506	-0.420443	0.377823	
0.50098	1.23492e-06	1.38506e-06	1.20751e-06	87.1811	-28.5853	0.00317651	623.029	17809.5	35549.3	8.41305e-10	0.186017	0.0450652	-0.144616	0.134027	-0.0994957	
0.501553	1.23774e-06	1.3878e-06	1.21029e-06	87.209	-28.5767	0.00314788	623.942	17830.2	35550	8.41305e-10	0.119422	-0.0734417	-0.0874572	0.334784	-0.0235526	
0.499488	1.22757e-06	1.46165e-06	1.20629e-06	82.5293	-28.3516	0.00322175	588.03	16671.6	33377.3	8.41305e-10	-0.665371	-0.0631718	-0.0222762	-0.449711	-0.365511	
0.498776	1.22408e-06	1.45307e-06	1.19612e-06	82.3166	-28.3771	0.00316677	585.678	16619.9	33321.3	8.41305e-10	0.253664	-0.276116	0.0926858	0.188698	0.453067	
0.500707	1.23357e-06	1.3057e-06	1.20683e-06	92.4273	-28.8416	0.00308468	660.162	19040.1	38026.4	8.41305e-10	-0.0177944	0.451257	-0.294966	0.182483	0.142766	
0.502861	1.24421e-06	1.35939e-06	1.21661e-06	89.4966	-28.6666	0.00317897	641.98	18403.3	36597.3	8.41305e-10	-0.140236	0.0581995	0.194789	0.780661	0.245901	
0.499916	1.22968e-06	1.34062e-06	1.20255e-06	89.7009	-28.7269	0.00311004	639.677	18376	36758.1	8.41305e-10	0.0655579	0.648241	-0.239494	0.0366787	0.148661	
0.501159	1.2358e-06	1.37645e-06	1.20898e-06	87.833	-28.6124	0.00296494	627.913	17966.1	35849.1	8.41305e-10	0.0770625	0.297067	-0.297365	0.120888	-0.0476342	
0.500244	1.23129e-06	1.39514e-06	1.20332e-06	86.2509	-28.5538	0.00312514	615.478	17574.2	35131.3	8.41305e-10	0.260817	0.0806859	-0.498325	0.184912	0.0995527	
0.499032	1.22533e-06	1.46175e-06	1.19835e-06	81.9804	-28.3513	0.00308898	583.585	16545.4	33155	8.41305e-10	0.413411	-0.11836	-0.269358	-0.341421	-0.25729	
0.501072	1.23537e-06	1.31481e-06	1.20964e-06	92.001	-28.8114	0.00310223	657.596	18946.2	37811.4	8.41305e-10	-0.188726	0.1936	0.0840925	0.232235	0.188336	
0.503303	1.2464e-06	1.36658e-06	1.21915e-06	89.2121	-28.6437	0.00317369	640.501	18346.3	36451.8	8.41305e-10	-0.08673	0.0939472	0.0781314	0.606838	-0.0839901	
0.502252	1.2412e-06	1.32558e-06	1.21399e-06	91.5818	-28.7759	0.00317818	656.141	18881.1	37592.8	8.41305e-10	-0.259687	-0.343126	0.572484	0.955655	0.651803	
0.498349	1.22198e-06	1.36334e-06	1.19697e-06	87.7967	-28.654	0.00312233	624.134	17883.9	35886.3	8.41305e-10	0.0819458	-0.533566	0.422996	-0.313967	0.0354545	
0.503564	1.24769e-06	1.37429e-06	1.22408e-06	89.0696	-28.6192	0.00311891	639.809	18310.8	36362.5	8.41305e-10	-0.305661	-0.139687	0.0935207	-0.0104293	-0.855495	
0.502752	1.24367e-06	1.3487e-06	1.21718e-06	90.2488	-28.7009	0.00315521	647.235	18576.2	36949	8.41305e-10	-0.0371802	0.153001	0.316812	0.271265	-0.346842	
0.500468	1.2324e-06	1.34147e-06	1.20772e-06	90.0299	-28.7242	0.00310594	642.732	18461.9	36889.3	8.41305e-10	-0.133899	-0.214025	0.281853	-0.0680782	-0.0544096	
0.501359	1.23679e-06	1.42757e-06	1.20842e-06	84.6489	-28.454	0.00312952	605.392	17225.8	34358.3	8.41305e-10	0.378171	0.153737	0.0719107	0.151966	-0.399835	
0.500269	1.23141e-06	1.3722e-06	1.20343e-06	87.7005	-28.6258	0.00311668	625.852	17915.5	35811.8	8.41305e-10	0.118434	0.270507	0.0732777	0.346795	0.373151	
0.498535	1.22289e-06	1.46028e-06	1.2015e-06	82.2788	-28.3556	0.00314887	585.126	16591.6	33280.8	8.41305e-10	-0.66317	-0.228837	0.18756	-0.326168	0.0900666	
0.503925	1.24948e-06	1.33879e-06	1.22372e-06	91.4046	-28.7329	0.00313995	657.053	18879	37463.9	8.41305e-10	-0.304332	0.0142885	0.258324	0.583978	-0.205771	
0.501475	1.23736e-06	1.36283e-06	1.21053e-06	88.8252	-28.6556	0.00315036	635.407	18208	36308.8	8.41305e-10	0.0541258	-0.178002	-0.164379	0.275908	-0.0253267	
0.500053	1.23035e-06	1.45718e-06	1.20714e-06	82.8407	-28.3649	0.00309818	590.917	16761.3	33519	8.41305e-10	-0.37466	0.173936	0.541109	-0.250721	-0.166074	
0.500394	1.23203e-06	1.36044e-06	1.20551e-06	88.612	-28.6632	0.00312108	632.515	18129.9	36231.3	8.41305e-10	0.167002	0.0294957	-0.0338155	-0.0787508	-0.159059	
0.500218	1.23116e-06	1.34286e-06	1.20615e-06	89.8191	-28.7197	0.00306638	640.906	18406.6	36797.2	8.41305e-10	0.111435	0.0947812	-0.0560332	-0.420153	-0.455533	
0.50088	1.23443e-06	1.52343e-06	1.2044e-06	79.0582	-28.1718	0.00327827	564.868	15913.3	31770.8	8.41305e-10	0.314006	0.223167	-0.413696	0.531519	0.0662949	
0.497595	1.21829e-06	1.48975e-06	1.18666e-06	79.6545	-28.2689	0.00363896	565.396	15983.1	32120.7	8.41305e-10	0.651996	-0.399308	0.546436	0.704724	0.474417	
0.503798	1.24885e-06	1.3866e-06	1.22048e-06	88.0194	-28.5805	0.00314364	632.559	18078.8	35885.1	8.41305e-10	0.0602276	0.262869	-0.479218	0.686871	-0.214928	
0.501642	1.23818e-06	1.41989e-06	1.20839e-06	85.1043	-28.4775	0.00342427	608.991	17342.5	34571.5	8.41305e-10	0.210493	0.279622	0.21405	0.650815	0.129164	
0.501152	1.23577e-06	1.31995e-06	1.21036e-06	91.697	-28.7944	0.00307277	655.528	18875.5	37664.3	8.41305e-10	-0.0745586	0.42083	0.138533	-0.0823894	-0.271925	
0.498033	1.22043e-06	1.34529e-06	1.19548e-06	88.8637	-28.7118	0.00291806	631.319	18126.3	36395.8	8.41305e-10	0.29063	0.499396	0.0113313	-0.93135	-0.424156	
0.500237	1.23126e-06	1.36492e-06	1.20488e-06	88.2754	-28.6489	0.00314214	629.915	18046.4	36075.7	8.41305e-10	0.103558	-0.499905	-0.560237	0.106869	0.0512383	
0.499039	1.22536e-06	1.34706e-06	1.20101e-06	89.1583	-28.7061	0.00306369	634.691	18219.5	36509.3	8.41305e-10	0.107345	-0.0577356	-0.335547	-0.621278	-0.360372	
0.501817	1.23905e-06	1.31611e-06	1.21337e-06	92.1937	-28.8071	0.00310958	659.953	19011.3	37884.9	8.41305e-10	-0.261272	0.253717	0.109845	0.333836	0.0980541	
0.499147	1.2259e-06	1.36404e-06	1.1982e-06	87.8423	-28.6517	0.00315038	625.458	17920.5	35902.2	8.41305e-10	0.162806	-0.179784	0.211371	0.266997	0.511305	
0.499708	1.22866e-06	1.37932e-06	1.20337e-06	87.2432	-28.6033	0.00297201	621.891	17788.2	35597.1	8.41305e-10	-0.305949	0.289861	-0.147812	0.167918	0.573637	
0.49925	1.22641e-06	1.3617e-06	1.19849e-06	88.014	-28.6592	0.00300974	626.81	17963.9	35981.7	8.41305e-10	0.264583	0.353324	0.0529431	0.0583472	0.26699	
0.501093	1.23547e-06	1.40795e-06	1.20706e-06	85.7315	-28.5141	0.00315234	612.809	17473.7	34871.2	8.41305e-10	0.285794	-0.0461611	0.108849	0.329549	-0.0635182	
0.501305	1.23652e-06	1.3534e-06	1.21037e-06	89.4318	-28.6858	0.00312088	639.529	18345.4	36595.2	8.41305e-10	0.0634586	-0.22735	-0.840444	0.0914017	-0.148286	
0.501199	1.236e-06	1.31153e-06	1.21095e-06	92.3309	-28.8222	0.00308945	660.121	19026.2	37961.2	8.41305e-10	-0.295363	0.394258	0.317041	0.137696	0.0188888	
0.495831	1.20966e-06	1.44076e-06	1.18787e-06	82.4469	-28.4141	0.00312011	583.142	16569.4	33417.5	8.41305e-10	-0.480457	-0.327518	0.463486	-0.544888	0.600457	
0.498738	1.22389e-06	1.35298e-06	1.1989e-06	88.6115	-28.6871	0.00298347	630.418	18084.9	36261.2	8.41305e-10	-0.283721	0.0907761	0.307321	0.060126	0.724464	
0.501304	1.23651e-06	1.33764e-06	1.21131e-06	90.5558	-28.7366	0.00312136	647.565	18608.8	37120.9	8.41305e-10	-0.179063	-0.212265	-0.321061	0.181675	0.0755082	
0.498971	1.22503e-06	1.45813e-06	1.19709e-06	82.0974	-28.362	0.00313168	584.347	16573.3	33214.9	8.41305e-10	0.345164	-0.170888	0.457564	0.0493167	0.158923	
0.502814	1.24398e-06	1.36559e-06	1.2176e-06	89.1628	-28.6468	0.00314363	639.525	18320.3	36435.6	8.41305e-10	-0.0382444	-0.347966	0.148207	0.409743	-0.2587	
0.501187	1.23594e-06	1.33215e-06	1.21103e-06	90.9075	-28.7545	0.00307465	649.929	18688.4	37288.2	8.41305e-10	-0.0649374	0.23344	-0.458006	-0.189499	-0.35257	
0.504202	1.25085e-06	1.34641e-06	1.22557e-06	91.0248	-28.7082	0.00312094	654.682	18794.8	37276.3	8.41305e-10	-0.25228	0.162686	-0.128767	0.340998	-0.581052	
0.499807	1.22914e-06	1.38725e-06	1.20534e-06	86.8867	-28.5784	0.00311063	619.472	17703.6	35420.8	8.41305e-10	-0.438784	0.41832	0.679631	-0.0922138	0.0807349	
0.500417	1.23215e-06	1.31857e-06	1.20732e-06	91.563	-28.799	0.00311307	653.61	18823.3	37615.2	8.41305e-10	-0.299887	-0.110291	-0.300592	0.187665	0.407469	
0.500908	1.23456e-06	1.39623e-06	1.20595e-06	86.3723	-28.5504	0.0031486	617.162	17620.2	35176.6	8.41305e-10	0.223769	0.145609	0.321155	0.435466	0.127055	
0.497138	1.21605e-06	1.45178e-06	1.19237e-06	82.1319	-28.381	0.00309901	582.444	16530.4	33251.1	8.41305e-10	-0.145962	-0.393113	-0.403497	-0.450002	0.433469	
0.502226	1.24107e-06	1.43128e-06	1.21396e-06	84.8167	-28.4428	0.00313062	607.641	17283	34412.8	8.41305e-10	0.170971	-0.0641752	-0.23799	0.192394	-0.397897	
0.497224	1.21647e-06	1.31818e-06	1.19159e-06	90.3963	-28.8002	0.00309606	641.164	18465.7	37137.5	8.41305e-10	-0.0393995	-0.34644	0.0184278	-0.257802	0.635536	
0.497303	1.21686e-06	1.50229e-06	1.18833e-06	79.1011	-28.2325	0.00322276	561.139	15842.3	31856.5	8.41305e-10	0.690727	-0.333372	0.0745738	-0.297384	-0.169794	
0.500438	1.23225e-06	1.40253e-06	1.20447e-06	85.8787	-28.5309	0.00312863	613.058	17491.1	34951.6	8.41305e-10	0.253139	0.0100159	-0.395832	0.165126	0.0198795	
0.502985	1.24482e-06	1.33954e-06	1.21911e-06	91.0093	-28.7304	0.00308288	652.991	18760.7	37298.7	8.41305e-10	-0.0304518	0.395138	0.0465474	0.0292488	-0.699066	
0.502328	1.24157e-06	1.32313e-06	1.2154e-06	91.8574	-28.784	0.00313002	658.215	18946	37716.5	8.41305e-10	-0.231811	0.0371364	-0.113098	0.517412	0.18535	
0.498456	1.22251e-06	1.28772e-06	1.19606e-06	92.8818	-28.9018	0.00306328	660.426	19087.5	38293.2	8.41305e-10	0.0232931	0.530375	-0.118349	-0.0795059	0.486234	
0.500765	1.23386e-06	1.39679e-06	1.20431e-06	86.2196	-28.5487	0.00332646	615.895	17583	35112.2	8.41305e-10	0.429844	-0.00431141	0.534616	0.394834	-0.0812271	
0.498975	1.22505e-06	1.4921e-06	1.19686e-06	80.213	-28.262	0.0031406	570.939	16135.9	32338.1	8.41305e-10	0.443004	-0.219439	0.0265138	0.0423408	0.0517358	
0.501735	1.23864e-06	1.31695e-06	1.21341e-06	92.1376	-28.8043	0.00310407	659.444	18994.8	37858.2	8.41305e-10	-0.295496	0.248962	0.031498	0.255461	0.0471907	
0.497309	1.21689e-06	1.47654e-06	1.18895e-06	80.5229	-28.3076	0.00312445	571.231	16170.2	32515.3	8.41305e-10	0.483456	-0.173513	0.522486	-0.239833	0.193361	
0.500413	1.23213e-06	1.36578e-06	1.20685e-06	88.3635	-28.6462	0.0029809	630.765	18069	36108.2	8.41305e-10	-0.233935	0.0102014	-0.0316782	0.165923	0.365255	
0.499858	1.22939e-06	1.49243e-06	1.20155e-06	80.5093	-28.2611	0.00306504	574.062	16223.6	32456.4	8.41305e-10	0.234985	-0.259841	0.461186	0.3394	0.277714	
0.500481	1.23246e-06	1.35077e-06	1.20793e-06	89.4253	-28.6942	0.00309268	638.431	18319.3	36603.3	8.41305e-10	-0.0365711	-0.154418	0.0898241	-0.27012	-0.336216	
0.50153	1.23763e-06	1.33342e-06	1.2126e-06	90.9389	-28.7503	0.00311269	650.598	18704.9	37295.7	8.41305e-10	-0.217584	-0.0751239	-0.239409	0.162153	0.00808744	
0.498892	1.22465e-06	1.3806e-06	1.19528e-06	86.5769	-28.5993	0.0032553	616.134	17621	35320.3	8.41305e-10	0.623284	0.478982	0.10591	-0.111906	-0.169676	
0.499772	1.22897e-06	1.40877e-06	1.206e-06	85.6061	-28.5116	0.00315123	610.3	17400.6	34817.1	8.41305e-10	-0.435319	-0.385169	-0.214813	-0.117875	0.0932138	
0.497646	1.21854e-06	1.31269e-06	1.19302e-06	90.8838	-28.8184	0.0030578	645.169	18592.7	37361.3	8.41305e-10	0.138994	0.104484	-0.489246	-0.435903	0.32237	
0.498494	1.22269e-06	1.4342e-06	1.19582e-06	83.3787	-28.4339	0.0030977	592.899	16858.4	33818.7	8.41305e-10	0.353178	-0.204654	0.0907101	-0.279151	-0.0348393	
0.497925	1.2199e-06	1.43276e-06	1.19614e-06	83.485	-28.4383	0.00310102	592.979	16863.3	33867.1	8.41305e-10	-0.0892073	-0.320741	0.623935	-0.488518	0.0659478	
0.499648	1.22836e-06	1.35436e-06	1.20257e-06	88.792	-28.6826	0.00297338	632.856	18152	36329.5	8.41305e-10	-0.174745	0.216631	-0.0637004	0.142025	0.528961	
0.499477	1.22752e-06	1.36894e-06	1.20299e-06	87.8774	-28.6362	0.00312388	626.122	17929.7	35897	8.41305e-10	0.005474	-0.514158	-0.275304	-0.296892	-0.177066	
0.501056	1.23529e-06	1.36252e-06	1.20814e-06	88.6694	-28.6566	0.003	633.762	18161.4	36246.3	8.41305e-10	0.0442519	0.0877007	0.00756931	0.311363	0.188022	
0.502396	1.24191e-06	1.37463e-06	1.21387e-06	88.3055	-28.6182	0.00315554	632.849	18111	36049.2	8.41305e-10	0.13373	0.237121	-0.503628	0.409486	-0.133662	
0.499477	1.22752e-06	1.33472e-06	1.20249e-06	90.0928	-28.7461	0.00307754	641.906	18452.3	36943.3	8.41305e-10	0.03529	-0.0267278	0.457465	-0.302884	-0.106372	
0.497073	1.21573e-06	1.36161e-06	1.1887e-06	87.3016	-28.6595	0.00291661	619.026	17741	35690.8	8.41305e-10	0.22846	0.76748	-0.188551	-0.351674	0.469747	
0.499242	1.22636e-06	1.32166e-06	1.20136e-06	90.8982	-28.7888	0.0030746	647.34	18636.1	37328.9	8.41305e-10	-0.0343481	0.0495138	0.10678	-0.238731	0.114756	
0.500002	1.2301e-06	1.37992e-06	1.19976e-06	86.9439	-28.6015	0.00343347	620.122	17736.4	35472.6	8.41305e-10	0.61298	0.0876766	0.285927	0.282426	-0.18889	
0.499857	1.22939e-06	1.32801e-06	1.20337e-06	90.6148	-28.768	0.00310771	646.117	18587.5	37185.6	8.41305e-10	-0.000376745	-0.130376	0.115909	0.0697306	0.253601	
0.501378	1.23688e-06	1.32914e-06	1.21118e-06	91.1248	-28.7643	0.00311831	651.731	18746.6	37390.1	8.41305e-10	-0.159427	-0.0839949	-0.637914	0.264384	0.180972	
0.502092	1.24041e-06	1.46921e-06	1.21339e-06	82.588	-28.3291	0.00315415	591.516	16757.1	33374.6	8.41305e-10	0.210056	-0.475339	0.0563565	0.191067	-0.507853	
0.498523	1.22284e-06	1.44429e-06	1.19597e-06	82.8066	-28.4035	0.00309851	588.866	16725.8	33550.7	8.41305e-10	0.372145	-0.20016	0.305718	-0.308061	-0.10711	
0.500473	1.23242e-06	1.46922e-06	1.20872e-06	82.2694	-28.3291	0.00315064	587.334	16638.6	33245.9	8.41305e-10	-0.385519	-0.504904	-0.0369877	0.0792488	0.146797	
0.49822	1.22135e-06	1.33829e-06	1.19654e-06	89.4083	-28.7345	0.00306389	635.426	18258.6	36647.8	8.41305e-10	0.149936	-0.0707821	0.278021	-0.583006	-0.131565	
0.503341	1.24658e-06	1.34975e-06	1.22091e-06	90.4547	-28.6975	0.00311979	649.47	18638.2	37028.9	8.41305e-10	-0.119816	-0.0121128	-0.101137	0.270832	-0.454915	
0.500054	1.23036e-06	1.45944e-06	1.20295e-06	82.4254	-28.3581	0.00314826	587.955	16673.3	33343	8.41305e-10	0.17831	-0.346368	0.303196	0.238067	0.177812	
0.497193	1.21632e-06	1.39746e-06	1.18887e-06	85.074	-28.5466	0.00310643	603.377	17224.4	34643.2	8.41305e-10	0.361838	-0.035039	0.0107771	-0.225673	0.435336	
0.501892	1.23942e-06	1.3774e-06	1.2153e-06	88.2316	-28.6094	0.00314841	631.685	18072.1	36008	8.41305e-10	-0.218426	-0.546527	-0.0601552	0.0333143	-0.394924	
0.501008	1.23506e-06	1.34633e-06	1.21058e-06	89.9174	-28.7085	0.00310137	642.621	18448.7	36823.1	8.41305e-10	-0.136995	-0.145378	0.498561	-0.108996	-0.275656	
0.496585	1.21335e-06	1.27088e-06	1.18779e-06	93.4622	-28.959	0.00303107	662.058	19172.5	38608.7	8.41305e-10	-0.0322954	0.737609	0.0410331	-0.395503	0.660445	
0.496787	1.21433e-06	1.41272e-06	1.19046e-06	84.2672	-28.4994	0.00304507	597.166	17018.9	34258	8.41305e-10	0.00198409	0.145182	0.485328	-0.759661	0.152037	
0.497953	1.22004e-06	1.4079e-06	1.19088e-06	84.5853	-28.5143	0.00326733	600.826	17132.1	34405.1	8.41305e-10	0.481966	0.129351	0.219436	0.0708647	0.347631	
0.497272	1.21671e-06	1.29163e-06	1.18936e-06	92.082	-28.8886	0.00306362	653.183	18869.6	37946.1	8.41305e-10	0.218903	0.339601	0.333442	-0.106957	0.663696	
0.498633	1.22338e-06	1.394e-06	1.19572e-06	85.7763	-28.5574	0.00310493	610.119	17423.4	34942.3	8.41305e-10	0.366122	0.116466	-0.154645	-0.138809	0.127896	
0.497438	1.21752e-06	1.32257e-06	1.19329e-06	90.2244	-28.7858	0.00305819	640.22	18429.2	37048.3	8.41305e-10	0.0193519	-0.0779359	-0.254857	-0.589508	0.203196	
0.499437	1.22732e-06	1.35958e-06	1.20094e-06	88.3317	-28.666	0.00312983	629.308	18039.7	36120.1	8.41305e-10	0.131812	-0.426117	0.0752242	0.0249781	0.142039	
0.497828	1.21943e-06	1.30617e-06	1.19414e-06	91.4237	-28.84	0.00307438	649.238	18724	37611.5	8.41305e-10	-0.0228818	-0.000575872	-0.280268	-0.228028	0.575899	
0.49715	1.21611e-06	1.48959e-06	1.18884e-06	79.8097	-28.2693	0.00309728	565.991	16000.2	32183.8	8.41305e-10	0.687824	-0.156811	0.0629172	-0.746079	-0.476105	
0.501708	1.23851e-06	1.37319e-06	1.21096e-06	88.1857	-28.6227	0.00311602	631.125	18064.5	36006	8.41305e-10	0.145091	0.297858	0.137497	0.236753	-0.171197	
0.50067	1.23339e-06	1.36852e-06	1.20691e-06	88.191	-28.6375	0.00316567	629.858	18037.5	36026.8	8.41305e-10	0.0179724	-0.644065	0.128937	0.325528	0.146333	
0.495767	1.20935e-06	1.49677e-06	1.18033e-06	78.8584	-28.2484	0.00329934	557.689	15753.8	31776.7	8.41305e-10	0.834341	-0.268255	0.12956	-0.465671	-0.085792	
0.500116	1.23066e-06	1.42322e-06	1.20745e-06	84.8389	-28.4673	0.00314514	605.246	17229.7	34451.4	8.41305e-10	-0.463099	-0.19328	-0.327147	-0.0438115	0.146445	
0.500596	1.23303e-06	1.33998e-06	1.20317e-06	89.79	-28.729	0.00327872	641.183	18420.5	36797.2	8.41305e-10	0.484693	0.624533	0.621373	0.252578	-0.234084	
0.500231	1.23123e-06	1.44774e-06	1.20089e-06	82.949	-28.3931	0.00360963	591.899	16805.8	33596.2	8.41305e-10	0.329001	0.278141	-0.184584	0.522127	0.284458	
0.498294	1.22171e-06	1.28475e-06	1.19573e-06	93.0714	-28.9118	0.00305986	661.559	19126.9	38384.7	8.41305e-10	-0.06815	0.599301	-0.169166	-0.109324	0.527113	
0.497388	1.21727e-06	1.40734e-06	1.18787e-06	84.4054	-28.516	0.00331523	598.869	17077.4	34334.1	8.41305e-10	0.493743	0.0487499	-0.111221	0.116254	0.539556	
0.499823	1.22922e-06	1.30818e-06	1.20277e-06	91.9423	-28.8333	0.00309039	655.538	18901.3	37816.1	8.41305e-10	0.00171597	0.207354	-0.321854	0.0989319	0.344058	
0.503244	1.24611e-06	1.40465e-06	1.21826e-06	86.7308	-28.5243	0.00318204	622.613	17759.6	35290.2	8.41305e-10	0.219184	0.223405	-0.116718	0.239973	-0.649039	
0.49939	1.22709e-06	1.35667e-06	1.20276e-06	88.6554	-28.6753	0.00309571	631.555	18110	36264.3	8.41305e-10	0.0172259	-0.302427	-0.012622	-0.417731	-0.256558	
0.49949	1.22758e-06	1.35255e-06	1.1994e-06	88.6769	-28.6885	0.00308899	631.835	18126.4	36289.8	8.41305e-10	0.0979815	-0.0699023	0.163746	0.503955	0.759363	
0.501014	1.23508e-06	1.49677e-06	1.20733e-06	80.6627	-28.2485	0.00304846	576.486	16284.8	32503.8	8.41305e-10	0.328656	-0.168541	-0.0708656	0.191914	-0.232742	
0.49742	1.21743e-06	1.40758e-06	1.1948e-06	84.8831	-28.5153	0.00309165	602.297	17174.7	34527.5	8.41305e-10	-0.43994	0.48457	0.0579529	-0.551265	0.193624	
0.496575	1.2133e-06	1.38359e-06	1.18609e-06	85.7255	-28.5899	0.00309532	607.241	17361	34961.4	8.41305e-10	0.343967	-0.0302662	-0.135995	-0.293982	0.575164	
0.501476	1.23736e-06	1.46519e-06	1.20925e-06	82.5318	-28.3411	0.00314544	590.388	16732.2	33365.9	8.41305e-10	0.259638	-0.273199	-0.863677	0.3019	-0.133846	
0.497838	1.21948e-06	1.4258e-06	1.19739e-06	83.9797	-28.4594	0.00308574	596.388	16972.9	34093.1	8.41305e-10	-0.543732	0.328182	-0.0889235	-0.47256	0.164445	
0.498103	1.22078e-06	1.33033e-06	1.19463e-06	89.7997	-28.7604	0.00306311	638.059	18350.8	36841.4	8.41305e-10	0.31079	0.0651798	-0.221871	-0.483483	-0.0197316	
0.497296	1.21682e-06	1.51491e-06	1.18716e-06	78.3651	-28.1961	0.00339956	555.91	15674.5	31519.5	8.41305e-10	0.682997	-0.631927	-0.0494361	0.117431	0.0539499	
0.501237	1.23619e-06	1.35637e-06	1.20964e-06	89.1823	-28.6762	0.00313545	637.659	18285.6	36481	8.41305e-10	0.102246	-0.000753761	-0.00720515	0.06475	-0.207797	
0.499045	1.22539e-06	1.34198e-06	1.19959e-06	89.3893	-28.7225	0.00310309	636.343	18277.4	36624.7	8.41305e-10	0.123326	-0.242331	-0.0775409	-0.183996	0.102344	
0.502665	1.24324e-06	1.42555e-06	1.2192e-06	85.5248	-28.4602	0.00312859	613.249	17453.2	34721.3	8.41305e-10	-0.444323	0.155177	-0.100392	0.192353	-0.29832	
0.503018	1.24499e-06	1.33208e-06	1.21959e-06	91.5553	-28.7547	0.00312059	656.952	18890.4	37554.2	8.41305e-10	-0.281663	0.128705	-0.118413	0.370524	-0.176887	
0.499831	1.22926e-06	1.43337e-06	1.20635e-06	84.1615	-28.4364	0.00307371	600.071	17063.9	34139.3	8.41305e-10	-0.305504	0.42756	0.358739	-0.527934	-0.472345	
0.498294	1.22171e-06	1.32963e-06	1.19565e-06	89.9239	-28.7627	0.00307397	639.186	18384.7	36895.3	8.41305e-10	0.24285	-0.00569789	-0.193776	-0.381495	0.0756739	
0.496886	1.21482e-06	1.40153e-06	1.18805e-06	84.7681	-28.534	0.00315267	600.836	17144.2	34503.3	8.41305e-10	0.361371	-0.494136	-0.16995	-0.342006	0.265163	
0.500443	1.23227e-06	1.39107e-06	1.20708e-06	86.7737	-28.5665	0.00311479	619.454	17695.6	35359.9	8.41305e-10	-0.427821	0.285595	-0.205183	0.36217	0.574326	
0.497862	1.2196e-06	1.46055e-06	1.19201e-06	81.6141	-28.3548	0.00310767	579.616	16434.9	33011	8.41305e-10	0.570954	-0.173802	-0.54558	-0.460462	-0.197258	
0.502066	1.24028e-06	1.3628e-06	1.21372e-06	89.0608	-28.6557	0.00312173	637.843	18277.8	36405.2	8.41305e-10	0.0692021	0.307169	-0.260518	0.0739387	-0.369275	
0.503175	1.24576e-06	1.42992e-06	1.21687e-06	85.1009	-28.4469	0.00321011	610.829	17376.2	34533.1	8.41305e-10	0.283865	0.00959307	0.288832	0.558105	-0.468172	
0.501976	1.23983e-06	1.3974e-06	1.21535e-06	86.9723	-28.5468	0.00313271	622.773	17778.2	35416.4	8.41305e-10	0.0424926	-0.445934	0.129396	-0.272017	-0.932329	
0.501489	1.23743e-06	1.33198e-06	1.21122e-06	90.9338	-28.755	0.00314092	650.509	18705.4	37299.7	8.41305e-10	-0.16339	-0.248014	-0.0952999	0.466792	0.329766	
0.502912	1.24446e-06	1.33821e-06	1.21783e-06	91.004	-28.7348	0.0031322	652.858	18759.7	37302.2	8.41305e-10	-0.0995217	-0.0447786	-0.365626	0.500191	-0.0637593	
0.500328	1.2317e-06	1.33516e-06	1.20599e-06	90.326	-28.7447	0.00308241	644.665	18530.7	37037.1	8.41305e-10	0.0918596	0.0584563	0.044535	-0.178601	-0.2019	
0.497611	1.21837e-06	1.48492e-06	1.19002e-06	80.1402	-28.283	0.00316589	568.862	16089.1	32332.7	8.41305e-10	0.461716	-0.198782	0.532462	0.000381922	0.341111	
0.499646	1.22835e-06	1.39069e-06	1.20384e-06	86.5644	-28.5677	0.00310818	616.975	17625.6	35276.1	8.41305e-10	-0.237556	-0.19551	-0.174531	-0.00968979	0.33856	
0.5033	1.24638e-06	1.33535e-06	1.22121e-06	91.4525	-28.7441	0.00311048	656.581	18872.8	37498.1	8.41305e-10	-0.274212	0.25573	0.392333	0.279096	-0.427803	
0.502266	1.24127e-06	1.41593e-06	1.21455e-06	85.7776	-28.4896	0.0031583	614.574	17508.9	34859.9	8.41305e-10	0.0935094	-0.460559	-0.0373553	0.284226	-0.348134	
0.502768	1.24375e-06	1.36218e-06	1.22052e-06	89.6002	-28.6577	0.00306929	642.604	18415.5	36628.2	8.41305e-10	-0.233936	0.304718	-0.0344184	-0.381784	-1.09348	
0.502417	1.24201e-06	1.3261e-06	1.21683e-06	91.7604	-28.7742	0.0030996	657.636	18923	37663.9	8.41305e-10	-0.2509	0.306507	-0.157085	0.188062	-0.244781	
0.49704	1.21557e-06	1.48695e-06	1.18654e-06	79.7968	-28.277	0.00327753	565.775	15998.4	32187.4	8.41305e-10	0.528832	-0.289958	-0.0402849	0.0812135	0.491013	
0.498265	1.22157e-06	1.44492e-06	1.19899e-06	82.9794	-28.4016	0.00312435	589.79	16750.9	33618.5	8.41305e-10	-0.315975	-0.0944789	0.141016	-0.558003	-0.0555017	
0.50333	1.24653e-06	1.37359e-06	1.22038e-06	88.846	-28.6214	0.00314753	637.907	18257.8	36274	8.41305e-10	0.00884213	-0.0547475	-0.550687	0.19042	-0.581443	
0.500994	1.23499e-06	1.36594e-06	1.20953e-06	88.5493	-28.6457	0.00312778	632.825	18127.7	36183.5	8.41305e-10	0.019972	-0.378391	0.573183	-0.00955172	-0.292356	
0.502315	1.24151e-06	1.43573e-06	1.21388e-06	84.5478	-28.4293	0.00318529	605.822	17223.1	34287.4	8.41305e-10	0.0280645	-0.39717	0.255023	0.629751	0.066157	
0.501841	1.23917e-06	1.37478e-06	1.21117e-06	88.0989	-28.6177	0.00315809	630.671	18048.3	35964.2	8.41305e-10	0.249271	0.265948	-0.435449	0.198069	-0.272948	
0.498818	1.22428e-06	1.39341e-06	1.19591e-06	85.8261	-28.5592	0.00314263	610.7	17441.1	34964.9	8.41305e-10	0.375188	0.112268	0.321937	0.0425902	0.223919	
0.502155	1.24072e-06	1.39452e-06	1.21207e-06	86.9171	-28.5558	0.00322443	622.6	17778.8	35405	8.41305e-10	0.174462	0.139964	0.360551	0.52384	-0.0595988	
0.50084	1.23423e-06	1.43551e-06	1.21101e-06	84.3608	-28.4299	0.00311321	602.707	17134.9	34212.4	8.41305e-10	-0.385601	0.080891	-0.245474	-0.189728	-0.255768	
0.502709	1.24346e-06	1.33778e-06	1.21829e-06	91.0679	-28.7361	0.00314161	653.052	18766.2	37330.2	8.41305e-10	-0.344518	-0.19674	0.221664	0.473078	0.0447951	
0.502236	1.24112e-06	1.43694e-06	1.21755e-06	84.7319	-28.4256	0.00313235	607.045	17255.6	34357.6	8.41305e-10	-0.517185	0.271796	0.107661	0.101801	-0.334574	
0.501689	1.23842e-06	1.41092e-06	1.21389e-06	86.035	-28.505	0.00312443	615.71	17550.8	34983.4	8.41305e-10	-0.421023	0.12274	0.232814	0.267842	0.0772003	
0.49951	1.22768e-06	1.44493e-06	1.20388e-06	83.3175	-28.4015	0.00315037	593.672	16861.2	33755.5	8.41305e-10	-0.337509	-0.130685	0.0434036	-0.117566	0.234861	
0.499748	1.22885e-06	1.30665e-06	1.20322e-06	92.0848	-28.8384	0.00306565	656.455	18931.1	37881.3	8.41305e-10	-0.0438654	0.423341	-0.067429	-0.129813	0.0975113	
0.500091	1.23054e-06	1.30895e-06	1.20426e-06	92.0014	-28.8308	0.00306614	656.311	18921.9	37837	8.41305e-10	0.0654617	0.447179	-0.18438	-0.0933039	-0.0104472	
0.49979	1.22906e-06	1.36969e-06	1.20331e-06	87.8527	-28.6338	0.00315778	626.338	17934.4	35883.9	8.41305e-10	0.004418	-0.663862	0.215785	0.103922	0.141579	
0.497268	1.21669e-06	1.48329e-06	1.1885e-06	80.1258	-28.2877	0.00313743	568.367	16077.8	32332.3	8.41305e-10	0.540656	-0.0931705	-0.289421	-0.222837	0.228593	
0.498958	1.22497e-06	1.34119e-06	1.19894e-06	89.3937	-28.7251	0.00310373	636.263	18276.7	36629.8	8.41305e-10	0.150507	-0.231736	-0.250689	-0.170523	0.13875	
0.50014	1.23078e-06	1.41461e-06	1.20635e-06	85.2778	-28.4936	0.00311815	608.407	17335.7	34661.7	8.41305e-10	-0.263989	-0.209947	0.190653	0.0318144	0.217227	
0.497743	1.21901e-06	1.45508e-06	1.19591e-06	82.1886	-28.3711	0.00308838	583.557	16556.2	33262.5	8.41305e-10	-0.1394	-0.254398	0.115666	-0.635338	-0.0219948	
0.498971	1.22503e-06	1.46164e-06	1.20219e-06	82.2494	-28.3516	0.00318654	585.429	16597.8	33264.2	8.41305e-10	-0.536973	-0.303695	-0.25703	-0.0900336	0.402892	
0.503656	1.24815e-06	1.3775e-06	1.22007e-06	88.5712	-28.6091	0.00318432	636.345	18205.2	36146.2	8.41305e-10	0.0342874	0.189853	0.0231177	0.642907	-0.22284	
0.50019	1.23103e-06	1.32877e-06	1.20624e-06	90.7785	-28.7655	0.00309508	647.716	18631.9	37249.6	8.41305e-10	-0.145954	-0.0743467	-0.0699755	-0.0655356	0.0887758	
0.502863	1.24422e-06	1.45327e-06	1.21672e-06	83.723	-28.3765	0.00315915	600.566	17042	33889.9	8.41305e-10	0.0734548	-0.284882	-0.0330681	0.527095	-0.194629	
0.501118	1.2356e-06	1.34423e-06	1.20871e-06	89.9186	-28.7153	0.00311681	642.77	18457.3	36832.3	8.41305e-10	-0.0486183	0.775203	0.0888941	0.139074	-0.122777	
0.501576	1.23786e-06	1.42901e-06	1.21481e-06	85.0106	-28.4497	0.00317113	608.241	17304.3	34499.8	8.41305e-10	-0.623396	-0.124591	-0.276017	0.178141	0.00192787	
0.501602	1.23799e-06	1.36046e-06	1.21034e-06	88.9654	-28.6632	0.00311054	636.571	18246.1	36375.7	8.41305e-10	0.0420803	0.861564	0.138499	0.21641	-0.254237	
0.499097	1.22565e-06	1.34562e-06	1.19996e-06	89.1751	-28.7108	0.00294483	634.884	18228	36522	8.41305e-10	0.0977133	0.326243	0.348699	-0.336908	0.00280627	
0.498823	1.22431e-06	1.43012e-06	1.20054e-06	83.947	-28.4463	0.0031115	597.335	16992	34064.1	8.41305e-10	-0.179973	-0.378675	0.102737	-0.299241	0.104982	
0.50004	1.23029e-06	1.34931e-06	1.20612e-06	89.3883	-28.6989	0.00312353	637.605	18298.5	36594.2	8.41305e-10	-0.208713	-0.436743	0.25965	-0.0693032	0.0469456	
