gen,idx,total_index,WN,LN,WP,LP,MC,CF,RL,FREQ,AMPRF,TEMP,Area,VOUTMAX,POUT_AVG,PIN_AVG,PCE,PIDBM,DELTAVO,FOM1,FOM2,FOM3,cost
-1,0,0,1.93774e-05,2.34719e-07,9.82648e-06,9.25818e-07,5,5,330674,9.2e+08,0.5,27,1.52729e-09,0.668233,1.3284e-06,9.21387e-06,14.4174,-20.3556,0.00767464,137.43,2797.47,4186.37,49819
-1,1,1,9.1087e-07,6.00008e-07,4.43937e-06,9.50781e-07,4,3,398626,9.2e+08,0.5,27,1.00953e-09,0.718148,1.26659e-06,2.11213e-06,59.9677,-26.7528,0.00490793,614.324,16434.9,22885.1,6266.16
-1,2,2,6.11992e-06,3.99069e-07,7.45804e-06,2.85266e-07,8,4,403235,9.2e+08,0.5,27,1.60914e-09,0.756667,1.40479e-06,6.89447e-06,20.3755,-21.615,0.0052523,219.928,4753.74,6282.47,41763.2
-1,3,3,1.8347e-05,5.99333e-07,1.53601e-05,5.54233e-07,6,2,310154,9.2e+08,0.5,27,1.03902e-09,0.513656,8.36004e-07,1.35318e-06,61.7806,-28.6864,0.00190431,452.68,12985.8,25281.1,5391.39
-1,4,4,1.93093e-06,5.88512e-07,4.78196e-06,2.13991e-07,7,4,475983,9.2e+08,0.5,27,1.50432e-09,0.79744,1.31563e-06,4.62399e-06,28.4522,-23.3498,0.00625299,323.653,7557.25,9476.88,31976.6
-1,5,5,1.83739e-05,6.9693e-07,1.23057e-05,9.48896e-07,3,4,440051,9.2e+08,0.5,27,1.14896e-09,0.607898,8.27143e-07,1.98781e-06,41.6107,-27.0162,0.00707182,360.83,9748.27,16036,18826.3
-1,6,6,7.26044e-06,3.32741e-07,1.358e-05,7.0061e-07,6,1,383999,9.2e+08,0.5,27,8.2386e-10,0.462072,5.35042e-07,7.66816e-07,69.7745,-31.1531,0.00138011,459.91,14327.6,31007.3,2318.17
-1,7,7,3.55613e-06,8.07305e-07,1.15328e-05,2.39003e-07,4,2,268885,9.2e+08,0.5,27,8.11255e-10,0.66377,1.6103e-06,3.05184e-06,52.765,-25.1544,0.00833705,499.608,12567.3,18933.3,10391
-1,8,8,1.50753e-05,6.94462e-07,3.24748e-06,8.53081e-07,3,2,432518,9.2e+08,0.5,27,7.26479e-10,0.545534,6.71406e-07,1.649e-06,40.7159,-27.8278,0.00232068,316.849,8817.21,16162.5,19610.8
-1,9,9,1.39646e-05,2.27849e-07,1.63587e-05,6.77824e-07,8,3,276943,9.2e+08,0.5,27,1.42854e-09,0.606776,1.31024e-06,3.95701e-06,33.1117,-24.0263,0.00414953,286.6,6885.96,11348.4,26923.9
-1,10,10,1.67116e-05,3.65428e-07,8.73751e-06,3.26002e-07,5,1,408341,9.2e+08,0.5,27,7.17911e-10,0.474454,5.39912e-07,9.15299e-07,58.9876,-30.3844,0.00124187,399.228,12130.3,25566.8,6766.48
-1,11,11,1.73837e-05,2.79055e-07,1.1736e-05,1.98494e-07,9,2,56309.4,9.2e+08,0.5,27,1.31436e-09,0.569449,5.68362e-06,8.46778e-06,67.1205,-20.7223,0.00444696,545.226,11298.3,19840.8,3196.77
-1,12,12,3.66274e-06,5.65262e-07,1.26455e-05,9.25906e-07,3,4,367931,9.2e+08,0.5,27,1.12756e-09,0.679811,1.22947e-06,2.2313e-06,55.101,-26.5144,0.0115176,534.335,14167.6,20840.5,8939.49
-1,13,13,4.84465e-06,2.81865e-07,1.20587e-05,9.28903e-07,3,3,264995,9.2e+08,0.5,27,9.25134e-10,0.64325,1.5381e-06,3.01554e-06,51.006,-25.2064,0.00832395,468.023,11797.1,18339.9,11555.9
-1,14,14,1.7491e-05,8.56265e-07,1.77099e-06,7.56209e-07,2,3,441565,9.2e+08,0.5,27,8.32632e-10,0.558929,6.9266e-07,2.07948e-06,33.3093,-26.8205,0.00232142,265.576,7122.87,12743.8,26719.2
-1,15,15,9.53333e-06,6.56274e-07,1.40269e-05,4.49843e-07,8,2,182299,9.2e+08,0.5,27,1.22513e-09,0.567344,1.74162e-06,2.44152e-06,71.3333,-26.1234,0.00227582,577.305,15081.2,26582,1867.8
-1,16,16,1.19548e-05,5.17743e-07,9.19972e-06,7.94685e-07,9,1,333036,9.2e+08,0.5,27,1.127e-09,0.415706,4.75754e-07,7.8256e-07,60.7946,-31.0648,0.000989962,360.51,11199.2,26940.2,5859.08
-1,17,17,1.95893e-05,8.62836e-07,8.0997e-06,3.45427e-07,10,5,66367.7,9.2e+08,0.5,27,2.0394e-09,0.621163,5.74088e-06,8.89386e-06,64.5489,-20.5091,0.00322869,571.953,11730.2,18884.3,4182.49
-1,18,18,3.22086e-06,4.98574e-07,1.2891e-05,1.88908e-07,4,4,359644,9.2e+08,0.5,27,1.20808e-09,0.761956,1.56438e-06,6.26454e-06,24.972,-22.0311,0.0205919,271.425,5979.8,7847.96,36033.6
-1,19,19,5.64925e-06,3.34348e-07,1.20889e-05,7.76396e-07,8,2,37630.3,9.2e+08,0.5,27,1.22255e-09,0.424789,4.67385e-06,7.34728e-06,63.6133,-21.3387,0.00420211,385.467,8225.38,19363.5,4573.95
-1,20,20,9.67808e-06,6.37463e-07,8.45637e-06,2.27638e-07,10,4,405778,9.2e+08,0.5,27,1.81619e-09,0.721753,1.27035e-06,5.63713e-06,22.5353,-22.4894,0.00445607,232.016,5217.91,7229.5,39018.3
-1,21,21,1.71038e-05,9.36977e-07,9.60586e-06,8.60939e-07,8,4,25755.5,9.2e+08,0.5,27,1.64859e-09,0.32961,4.10612e-06,8.68832e-06,47.2602,-20.6106,0.00454311,222.209,4579.88,13894.8,14243.1
-1,22,22,1.44001e-05,8.68126e-07,3.37021e-06,8.78931e-07,4,4,432977,9.2e+08,0.5,27,1.23093e-09,0.640259,9.28855e-07,2.95932e-06,31.3875,-25.2881,0.0025292,286.667,7249.27,11322.4,28743.1
-1,23,23,9.09757e-06,5.76256e-07,1.17472e-05,7.58071e-07,7,2,221816,9.2e+08,0.5,27,1.1283e-09,0.555084,1.36245e-06,1.86814e-06,72.931,-27.2859,0.00213505,577.48,15757.1,28386.8,1456.61
-1,24,24,9.09012e-06,5.56438e-07,1.0029e-05,9.27176e-07,2,5,484949,9.2e+08,0.5,27,1.22871e-09,0.702647,9.93995e-07,3.70606e-06,26.8208,-24.3109,0.0154225,268.829,6535.46,9301.2,33848.2
-1,25,25,1.9741e-05,7.9569e-07,1.56514e-05,8.67318e-07,7,2,337617,9.2e+08,0.5,27,1.15856e-09,0.461097,6.04744e-07,8.99859e-07,67.2043,-30.4583,0.00174654,442.033,13463.6,29199,3166.88
-1,26,26,8.88219e-06,2.62539e-07,1.41648e-05,2.96997e-07,10,4,497567,9.2e+08,0.5,27,1.81308e-09,0.718276,1.02528e-06,7.91791e-06,12.9489,-21.0139,0.00601475,132.675,2788.03,3881.55,51913.6
-1,27,27,3.76661e-06,6.97072e-07,1.72359e-05,6.78904e-07,3,3,163558,9.2e+08,0.5,27,9.28654e-10,0.609112,2.23721e-06,2.75342e-06,81.2519,-25.6013,0.00722288,705.987,18074.2,29673,140.483
-1,28,28,1.5813e-05,6.77011e-07,1.50404e-05,3.65156e-07,3,2,77125.2,9.2e+08,0.5,27,7.32395e-10,0.498187,3.15924e-06,3.98882e-06,79.2023,-23.9916,0.00621421,562.855,13503.8,27105.8,336.132
-1,29,29,2.10164e-06,2.87428e-07,2.57236e-06,2.36458e-07,9,5,454451,9.2e+08,0.5,27,1.90242e-09,0.817914,1.45501e-06,6.11154e-06,23.8075,-22.1385,0.00287535,277.772,6149.45,7518.46,37445.2
-1,30,30,1.13388e-05,2.8433e-07,1.17252e-05,9.88268e-07,4,2,72902.2,9.2e+08,0.5,27,8.29623e-10,0.42405,2.39313e-06,3.88157e-06,61.6537,-24.1099,0.00601358,372.943,8991.63,21204.2,5450.54
-1,31,31,3.77064e-06,2.81976e-07,2.90642e-06,4.549e-07,8,5,472395,9.2e+08,0.5,27,1.80477e-09,0.792634,1.31103e-06,7.38983e-06,17.741,-21.3137,0.00220851,200.593,4275.37,5393.88,45237.8
-1,32,32,1.74406e-05,5.21685e-07,5.51243e-06,7.16306e-07,2,1,441118,9.2e+08,0.5,27,4.26094e-10,0.403007,3.56037e-07,6.12986e-07,58.0825,-32.1255,0.00274172,333.905,10726.9,26617.1,7245.62
-1,33,33,2.21567e-06,3.74368e-07,8.28037e-07,3.19497e-07,5,1,127095,9.2e+08,0.5,27,7.02188e-10,0.575321,2.54045e-06,4.93354e-06,51.4936,-23.0684,0.00213186,422.6,9748.7,16944.8,11226.8
-1,34,34,5.37297e-06,1.85221e-07,3.34726e-06,8.40701e-07,3,4,397798,9.2e+08,0.5,27,1.10762e-09,0.744062,1.37164e-06,9.04089e-06,15.1716,-20.4379,0.00617718,161.03,3291.1,4423.16,48760.1
-1,35,35,7.54901e-06,9.9842e-07,1.8436e-05,6.13955e-07,3,1,433584,9.2e+08,0.5,27,5.37712e-10,0.392172,3.39555e-07,4.34302e-07,78.1841,-33.6221,0.0025691,437.382,14705.7,37498.1,464.664
-1,36,36,1.76087e-05,2.00387e-07,1.62583e-05,7.91818e-07,6,1,206074,9.2e+08,0.5,27,8.32804e-10,0.229155,2.35798e-07,5.33273e-07,44.2171,-32.7305,0.00107433,144.539,4730.84,20644.7,16633
-1,37,37,9.55488e-06,2.35658e-07,5.95969e-06,6.32916e-07,4,2,364003,9.2e+08,0.5,27,8.12047e-10,0.640858,1.11156e-06,4.11921e-06,26.9847,-23.8519,0.00509778,246.687,5883.94,9181.34,33657.7
-1,38,38,1.36226e-05,5.24321e-07,1.92478e-05,9.36737e-07,5,1,367006,9.2e+08,0.5,27,7.50345e-10,0.233806,1.32073e-07,3.26046e-07,40.5075,-34.8672,0.00151982,135.1,4710.57,20147.4,19796.4
-1,39,39,1.14174e-05,8.59862e-07,1.06402e-05,9.35512e-07,9,3,230779,9.2e+08,0.5,27,1.53954e-09,0.577073,1.40924e-06,2.35122e-06,59.9366,-26.2871,0.00188452,493.389,12969.7,22475,6281.74
-1,40,40,1.90174e-05,5.76068e-07,6.643e-06,8.58122e-07,6,1,290818,9.2e+08,0.5,27,8.33312e-10,0.272106,2.32824e-07,5.39618e-07,43.146,-32.6791,0.00106684,167.473,5472.87,20113,17518
-1,41,41,1.90138e-05,3.34417e-07,1.94784e-05,5.19297e-07,4,2,483396,9.2e+08,0.5,27,8.32947e-10,0.523747,5.59711e-07,1.31117e-06,42.6878,-28.8234,0.00329021,318.927,9192.55,17551.5,17903.3
-1,42,42,1.14414e-05,6.31033e-07,1.39271e-05,3.71924e-07,10,4,86883.1,9.2e+08,0.5,27,1.8248e-09,0.653785,4.86366e-06,7.93013e-06,61.3314,-21.0072,0.00432386,571.985,12015.8,18378.8,5602.02
-1,43,43,8.22616e-06,8.01092e-07,1.7767e-05,9.63987e-07,7,3,439944,9.2e+08,0.5,27,1.34743e-09,0.5762,7.39988e-07,1.09642e-06,67.4913,-29.6002,0.00331721,554.738,16420.4,28497.7,3065.53
-1,44,44,8.56722e-06,8.73148e-07,6.89613e-06,4.77915e-07,5,4,103242,9.2e+08,0.5,27,1.32155e-09,0.661795,4.18903e-06,6.56508e-06,63.8078,-21.8276,0.00516635,602.37,13148.3,19867.6,4491.11
-1,45,45,1.68056e-05,8.08266e-07,1.53861e-05,8.24199e-07,10,4,107699,9.2e+08,0.5,27,1.85253e-09,0.55931,2.84995e-06,3.94603e-06,72.2233,-24.0384,0.00248264,576.23,13851.7,24765.6,1632.44
-1,46,46,4.60826e-06,9.91694e-07,3.72724e-06,8.12859e-07,6,4,12858.2,9.2e+08,0.5,27,1.4152e-09,0.190511,2.72121e-06,1.20823e-05,22.5224,-19.1785,0.00552856,61.207,1173.86,6161.63,39035.3
-1,47,47,1.04421e-05,5.93329e-07,3.67338e-06,9.22975e-07,4,1,432453,9.2e+08,0.5,27,6.19172e-10,0.459316,4.64365e-07,8.67435e-07,53.5331,-30.6176,0.00149171,350.752,10739.2,23380.8,9901.67
-1,48,48,1.70364e-05,5.52051e-07,1.49219e-05,3.94612e-07,4,1,316266,9.2e+08,0.5,27,6.30587e-10,0.385186,4.52994e-07,6.54935e-07,69.1663,-31.838,0.00169751,380.041,12099.8,31412.8,2507.18
-1,49,49,1.2733e-05,7.62712e-07,1.63988e-05,5.60086e-07,6,3,132073,9.2e+08,0.5,27,1.23779e-09,0.573251,2.45611e-06,3.33885e-06,73.5615,-24.764,0.00391592,601.535,14896.4,25985.9,1308.4
0,0,50,3.76661e-06,6.97072e-07,1.72359e-05,6.78904e-07,3,3,163558,9.2e+08,0.5,27,9.28654e-10,0.609112,2.23721e-06,2.75342e-06,81.2519,-25.6013,0.00722288,705.987,18074.2,29673,140.483
0,1,51,1.25854e-05,5.77372e-07,1.27082e-05,5.9158e-07,3,4,189510,9.2e+08,0.5,27,1.12957e-09,0.651301,2.21009e-06,4.60023e-06,48.043,-23.3722,0.00862548,446.352,10432.2,16017.5,13658.2
0,2,52,4.22587e-06,4.48828e-07,1.45882e-05,5.32984e-07,7,2,99723,9.2e+08,0.5,27,1.11934e-09,0.574563,3.26324e-06,4.19686e-06,77.7544,-23.7708,0.00344869,637.278,15148.6,26365.4,524.982
0,3,53,1.60928e-05,5.49261e-07,1.29176e-05,2.77829e-07,8,2,297187,9.2e+08,0.5,27,1.22486e-09,0.569916,1.08084e-06,2.1876e-06,49.4077,-26.6003,0.00225874,401.672,10684.6,18747.7,12668.1
0,4,54,1.62963e-05,5.05743e-07,1.22977e-05,3.46303e-07,7,2,90720.9,9.2e+08,0.5,27,1.125e-09,0.535489,3.11585e-06,4.34029e-06,71.7888,-23.6248,0.00309001,548.371,12955.1,24193.1,1745.35
0,5,55,1.71266e-06,6.60816e-07,1.17472e-05,7.58071e-07,4,2,175129,9.2e+08,0.5,27,8.20074e-10,0.575077,1.85577e-06,2.46256e-06,75.3594,-26.0861,0.00419823,618.201,16126.5,28042.3,929.412
0,6,56,1.44342e-05,5.25576e-07,1.73898e-05,8.94666e-07,10,2,364627,9.2e+08,0.5,27,1.44629e-09,0.497658,6.52802e-07,1.03804e-06,62.8877,-29.8378,0.00118729,446.44,13320.8,26767,4889.52
0,7,57,9.70244e-06,5.70721e-07,7.03211e-06,5.91007e-07,7,5,414301,9.2e+08,0.5,27,1.71939e-09,0.724947,1.25427e-06,5.51397e-06,22.7471,-22.5854,0.00360168,235.234,5312.83,7328.58,38754.2
0,8,58,1.10066e-05,6.84704e-07,8.81952e-06,9.16645e-07,5,1,422535,9.2e+08,0.5,27,7.31241e-10,0.41177,3.75712e-07,5.81613e-07,64.5983,-32.3537,0.00173388,379.439,12276.2,29813.3,4162.36
0,9,59,1.43604e-05,8.18849e-07,7.04801e-06,3.67809e-07,9,4,255150,9.2e+08,0.5,27,1.7287e-09,0.665772,1.71784e-06,4.25684e-06,40.3548,-23.7091,0.00240461,383.254,9086.63,13648.3,19931.9
0,10,60,1.03587e-05,9.40341e-07,1.57558e-05,4.4294e-07,7,1,267547,9.2e+08,0.5,27,9.33439e-10,0.391779,5.435e-07,7.67793e-07,70.7873,-31.1476,0.0011838,395.606,12322.2,31451.8,2020.11
0,11,61,9.79739e-06,8.06897e-07,1.59965e-05,4.24729e-07,4,1,39941.5,9.2e+08,0.5,27,6.29399e-10,0.167213,6.77542e-07,1.94374e-06,34.8577,-27.1136,0.00281951,83.1448,2254.36,13481.9,25143.4
0,12,62,9.23928e-06,2.62152e-07,1.61152e-05,6.2802e-07,3,2,414110,9.2e+08,0.5,27,7.25086e-10,0.576037,7.91289e-07,1.70301e-06,46.4641,-27.6878,0.00566618,381.798,10571.2,18351.5,14850.2
0,13,63,8.02038e-06,5.95689e-07,3.80225e-06,9.36425e-07,4,4,435207,9.2e+08,0.5,27,1.21668e-09,0.703031,1.11706e-06,4.2326e-06,26.3919,-23.7339,0.00394534,264.674,6281.75,8935.24,34349.1
0,14,64,6.37235e-06,8.35551e-07,1.08615e-05,5.74834e-07,4,3,222394,9.2e+08,0.5,27,1.02314e-09,0.647488,1.86404e-06,2.96816e-06,62.8014,-25.2751,0.00543589,580.053,14660.9,22642.7,4927.78
0,15,65,1.67586e-05,6.20631e-07,1.31203e-05,7.69529e-07,8,4,203872,9.2e+08,0.5,27,1.64099e-09,0.611104,1.80559e-06,3.62483e-06,49.8116,-24.4071,0.00316412,434.222,10598.1,17342.6,12382.2
0,16,66,3.76661e-06,5.3876e-07,1.72359e-05,6.78904e-07,3,3,163558,9.2e+08,0.5,27,9.27462e-10,0.61694,2.2965e-06,2.96698e-06,77.4019,-25.2768,0.00757169,681.178,17218,27908.8,577.317
0,17,67,5.63805e-06,3.48796e-07,7.8999e-06,7.12875e-07,7,2,49414.5,9.2e+08,0.5,27,1.1152e-09,0.504273,5.03662e-06,7.87657e-06,63.9443,-21.0366,0.00401799,459.975,9676.32,19188.7,4433.41
0,18,68,1.21184e-05,3.74602e-07,7.11514e-06,6.10548e-07,9,2,92897.2,9.2e+08,0.5,27,1.31777e-09,0.540194,3.07038e-06,5.32139e-06,57.6988,-22.7397,0.00224308,444.613,10110.4,18716.2,7453.58
0,19,69,9.21663e-06,5.26672e-07,1.55564e-06,9.46585e-07,7,2,191054,9.2e+08,0.5,27,1.11265e-09,0.459687,1.03778e-06,3.63561e-06,28.545,-24.3942,0.00119673,187.179,4566.1,9933.05,31871.7
0,20,70,7.71164e-06,5.76068e-07,1.10106e-05,8.58122e-07,6,1,290818,9.2e+08,0.5,27,8.27782e-10,0.420911,5.75729e-07,8.14381e-07,70.6953,-30.8917,0.00166413,424.47,13112.6,31152.9,2046.29
0,21,71,1.55313e-05,8.15553e-07,1.36077e-05,4.77531e-07,6,3,119155,9.2e+08,0.5,27,1.23833e-09,0.569584,2.6885e-06,3.78577e-06,71.016,-24.2185,0.00359992,577.006,13974.2,24534,1955.53
0,22,72,1.74186e-05,5.11453e-07,1.5786e-05,6.17678e-07,5,1,279772,9.2e+08,0.5,27,7.37319e-10,0.295194,2.9072e-07,5.32149e-07,54.6313,-32.7397,0.00144703,230.047,7531.65,25514.2,9222.9
0,23,73,1.65006e-05,6.75248e-07,1.89785e-05,4.80482e-07,4,5,248273,9.2e+08,0.5,27,1.44052e-09,0.650361,1.68332e-06,4.20475e-06,40.0337,-23.7626,0.0082628,371.404,8825.53,13570.2,20219.7
0,24,74,1.89384e-05,3.61313e-07,1.69177e-05,7.78519e-07,3,3,318010,9.2e+08,0.5,27,9.40027e-10,0.571594,1.01301e-06,2.41897e-06,41.8778,-26.1637,0.00649186,341.459,8933.83,15629.7,18595.2
0,25,75,1.66355e-05,4.1662e-07,1.49896e-05,3.85086e-07,3,1,161708,9.2e+08,0.5,27,5.25406e-10,0.353994,7.54585e-07,1.08896e-06,69.2938,-29.6299,0.00266791,349.911,10367.8,29288,2467.02
0,26,76,1.84592e-05,8.09521e-07,7.69012e-06,4.61456e-07,4,1,438684,9.2e+08,0.5,27,6.36983e-10,0.38575,3.23752e-07,4.93628e-07,65.5862,-33.066,0.00125587,360.898,11933.5,30935.7,3769.06
0,27,77,6.22434e-06,3.93369e-07,1.0112e-05,6.23046e-07,7,3,401132,9.2e+08,0.5,27,1.3175e-09,0.680922,1.14258e-06,3.53673e-06,32.3059,-24.514,0.00377266,313.795,7692.36,11297,27766.6
0,28,78,7.19625e-06,6.90732e-07,1.69004e-05,8.24624e-07,7,2,177640,9.2e+08,0.5,27,1.13781e-09,0.507981,1.41865e-06,1.75876e-06,80.6621,-27.5479,0.00199927,584.498,16101.7,31697.5,188.171
0,29,79,1.68393e-05,4.02229e-07,1.19358e-05,3.88692e-07,4,1,416954,9.2e+08,0.5,27,6.22825e-10,0.440676,4.54437e-07,6.86428e-07,66.2032,-31.634,0.00159318,416.164,13164.9,29874.5,3533.23
0,30,80,1.59989e-05,3.17828e-07,1.43384e-05,3.17666e-07,3,2,58701.8,9.2e+08,0.5,27,7.19279e-10,0.538462,4.83025e-06,6.75553e-06,71.5006,-21.7034,0.00973806,549.201,11919.5,22136.2,1822.34
0,31,81,1.71862e-05,9.29057e-07,1.49763e-05,8.63193e-07,8,2,188804,9.2e+08,0.5,27,1.25779e-09,0.434458,9.56351e-07,1.37772e-06,69.4157,-28.6084,0.0019155,430.202,12307.4,28328.1,2428.75
0,32,82,9.01773e-06,8.36336e-07,1.06788e-05,6.9758e-07,8,3,118274,9.2e+08,0.5,27,1.42998e-09,0.589979,2.89573e-06,3.97816e-06,72.7907,-24.0032,0.00276513,612.603,14704.4,24923.6,1490.66
0,33,83,1.94104e-05,6.77052e-07,1.49868e-05,4.44117e-07,6,2,58024.8,9.2e+08,0.5,27,1.0396e-09,0.422519,3.01317e-06,4.19693e-06,71.7945,-23.7707,0.00341832,432.717,10286,24344.4,1743.89
0,34,84,9.25928e-07,8.29492e-07,1.59192e-05,6.21488e-07,5,3,405752,9.2e+08,0.5,27,1.12132e-09,0.638605,9.73294e-07,1.68951e-06,57.608,-27.7224,0.00603378,524.786,14548.3,22781.4,7503.19
0,35,85,9.30498e-06,3.01734e-07,1.631e-05,6.80996e-07,7,2,360866,9.2e+08,0.5,27,1.12783e-09,0.562883,8.64079e-07,1.70285e-06,50.7432,-27.6882,0.00255644,407.439,11281.3,20041.9,11735.3
0,36,86,1.00293e-05,4.83177e-07,8.06512e-06,2.90491e-07,8,4,380662,9.2e+08,0.5,27,1.61438e-09,0.724969,1.36659e-06,6.44065e-06,21.2183,-21.9107,0.00472658,219.43,4807.86,6631.81,40681.1
0,37,87,1.53619e-05,3.68778e-07,1.2381e-05,6.16064e-07,4,2,316120,9.2e+08,0.5,27,8.26585e-10,0.555612,9.62979e-07,2.08842e-06,46.1103,-26.8018,0.00377686,365.457,9794.92,17629,15124
0,38,88,1.49991e-05,6.83818e-07,1.54375e-05,4.46115e-07,3,2,236733,9.2e+08,0.5,27,7.34287e-10,0.531614,1.17864e-06,1.62345e-06,72.6013,-27.8956,0.00402669,550.563,15358.3,28889.9,1537.29
0,39,89,1.28632e-05,8.24358e-07,8.85715e-06,4.8895e-07,4,1,219961,9.2e+08,0.5,27,6.29869e-10,0.395175,6.87526e-07,9.63235e-07,71.3767,-30.1627,0.0018396,402.358,12136.2,30710.9,1856.02
0,40,90,1.66957e-05,4.99779e-07,1.18468e-05,5.85045e-07,4,1,175377,9.2e+08,0.5,27,6.3055e-10,0.299536,4.91239e-07,8.52542e-07,57.6206,-30.6928,0.00198305,246.203,7556.67,25227.9,7496.66
0,41,91,1.48788e-05,4.07859e-07,1.59606e-05,8.23284e-07,4,2,222356,9.2e+08,0.5,27,8.38417e-10,0.501684,1.10905e-06,1.61991e-06,68.4635,-27.9051,0.003217,489.954,13672.2,27252.6,2734.57
0,42,92,8.80548e-06,6.86848e-07,1.48491e-05,6.27653e-07,7,2,326358,9.2e+08,0.5,27,1.13074e-09,0.556982,9.35437e-07,1.50162e-06,62.2953,-28.2344,0.00201575,494.951,13974.7,25090,5155.05
0,43,93,1.3564e-05,8.63983e-07,7.08388e-06,8.82451e-07,9,3,399633,9.2e+08,0.5,27,1.53594e-09,0.600587,8.78489e-07,1.81212e-06,48.4785,-27.4181,0.00153487,415.328,11387.5,18960.7,13338.2
0,44,94,6.14243e-06,7.30308e-07,1.16406e-05,6.72731e-07,3,3,317557,9.2e+08,0.5,27,9.24634e-10,0.648536,1.30743e-06,2.28512e-06,57.2148,-26.4109,0.00730937,529.308,13979.5,21555.5,7720.2
0,45,95,8.42045e-06,3.89701e-07,6.65435e-06,7.74581e-07,3,3,192392,9.2e+08,0.5,27,9.16872e-10,0.656215,2.20698e-06,5.2017e-06,42.4281,-22.8385,0.00691038,397.16,9070.57,13822.5,18123.7
0,46,96,1.00356e-05,4.80053e-07,1.14567e-05,7.85389e-07,8,2,49138.3,9.2e+08,0.5,27,1.22763e-09,0.412259,3.36505e-06,5.27723e-06,63.7654,-22.7759,0.00333793,374.991,8540.78,20717,4509.14
0,47,97,5.64119e-06,5.9361e-07,1.95818e-05,5.55431e-07,4,3,336984,9.2e+08,0.5,27,1.02845e-09,0.62465,1.14455e-06,1.98122e-06,57.7699,-27.0307,0.00623523,514.76,13914.3,22275.4,7414.76
0,48,98,9.53333e-06,6.56274e-07,1.40269e-05,4.49843e-07,8,2,182299,9.2e+08,0.5,27,1.22513e-09,0.567344,1.74162e-06,2.44152e-06,71.3333,-26.1234,0.00227582,577.305,15081.2,26582,1867.8
0,49,99,5.08705e-06,7.13102e-07,8.62581e-06,9.48553e-07,6,3,352359,9.2e+08,0.5,27,1.22362e-09,0.652789,1.18807e-06,2.12148e-06,56.0018,-26.7336,0.00391798,521.484,13941.2,21356.3,8408.96
1,0,100,3.76661e-06,6.97072e-07,1.72359e-05,6.78904e-07,3,3,163558,9.2e+08,0.5,27,9.28654e-10,0.609112,2.23721e-06,2.75342e-06,81.2519,-25.6013,0.00722288,705.987,18074.2,29673,140.483
1,1,101,1.00168e-05,7.40609e-07,1.41444e-05,6.37865e-07,8,2,237078,9.2e+08,0.5,27,1.23288e-09,0.540799,1.21004e-06,1.65211e-06,73.2421,-27.8196,0.00174558,565.019,15718.6,29065.5,1382.49
1,2,102,1.1764e-05,9.8552e-07,1.51562e-05,4.35802e-07,4,2,172409,9.2e+08,0.5,27,8.36398e-10,0.523066,1.56477e-06,2.06548e-06,75.7585,-26.8498,0.00332356,565.268,15177.3,29016.1,854.049
1,3,103,1.49785e-05,6.85822e-07,1.36093e-05,5.28097e-07,6,2,268536,9.2e+08,0.5,27,1.03492e-09,0.532277,1.03893e-06,1.55667e-06,66.7407,-28.078,0.00201598,506.751,14228.6,26731.5,3334.01
1,4,104,6.85496e-06,5.80986e-07,1.43393e-05,5.76766e-07,4,2,164259,9.2e+08,0.5,27,8.24506e-10,0.567392,1.93503e-06,2.43517e-06,79.4619,-26.1347,0.00423849,643.144,16808.4,29623.9,306.708
1,5,105,1.41475e-05,6.01635e-07,1.47283e-05,6.98946e-07,7,4,96104.1,9.2e+08,0.5,27,1.53761e-09,0.599402,3.68769e-06,5.63433e-06,65.4503,-22.4916,0.00431159,559.624,12586.8,20999,3821.91
1,6,106,8.1995e-06,7.74205e-07,1.05184e-05,6.12628e-07,8,2,297785,9.2e+08,0.5,27,1.22558e-09,0.582481,1.1198e-06,1.64957e-06,67.8844,-27.8263,0.00182718,564.051,15695.5,26945.8,2929.42
1,7,107,1.62963e-05,5.05743e-07,1.22977e-05,9.20492e-07,2,2,90720.9,9.2e+08,0.5,27,6.39123e-10,0.403782,1.73887e-06,2.61596e-06,66.4714,-25.8237,0.00847488,382.867,9887.03,24486.1,3433.17
1,8,108,1.1358e-05,9.67721e-07,1.83339e-05,5.23622e-07,5,3,204959,9.2e+08,0.5,27,1.14118e-09,0.577562,1.60856e-06,2.086e-06,77.1121,-26.8069,0.00401565,635.312,17030.7,29487.3,622.196
1,9,109,1.01424e-05,5.09329e-07,1.55749e-05,7.89209e-07,4,2,175635,9.2e+08,0.5,27,8.34915e-10,0.516221,1.49047e-06,1.97696e-06,75.392,-27.04,0.00346403,555.172,15011.9,29080.3,923.136
1,10,110,1.71862e-05,4.35201e-07,1.49763e-05,8.63193e-07,6,2,188804,9.2e+08,0.5,27,1.04081e-09,0.478503,1.17858e-06,1.64611e-06,71.5977,-27.8354,0.00246573,488.708,13603.4,28429.1,1796.23
1,11,111,2.01249e-06,7.48465e-07,1.67924e-05,7.82099e-07,3,3,401273,9.2e+08,0.5,27,9.29279e-10,0.627346,9.5928e-07,1.2931e-06,74.1845,-28.8837,0.00880246,663.875,19175.1,30565.5,1169.76
1,12,112,7.42848e-06,4.79244e-07,1.25649e-05,6.51851e-07,7,2,52256.1,9.2e+08,0.5,27,1.1235e-09,0.485859,4.42581e-06,6.02588e-06,73.4467,-22.1998,0.00375281,509.036,11300.5,23258.8,1334.79
1,13,113,1.35965e-05,6.58885e-07,1.49485e-05,5.1788e-07,3,3,215030,9.2e+08,0.5,27,9.334e-10,0.600325,1.65609e-06,2.73275e-06,60.6017,-25.634,0.00660557,518.964,13303.1,22159.9,5952.79
1,14,114,9.27159e-06,4.36783e-07,7.87889e-06,6.3974e-07,10,2,211502,9.2e+08,0.5,27,1.41818e-09,0.600612,1.66969e-06,3.1625e-06,52.7966,-24.9997,0.00180142,452.341,11308.4,18828.1,10370.6
1,15,115,1.34977e-05,4.00523e-07,6.27809e-06,7.98133e-07,7,1,313059,9.2e+08,0.5,27,9.20834e-10,0.424377,5.37869e-07,9.82103e-07,54.7671,-30.0784,0.0012123,331.541,9972.24,23498.6,9140.32
1,16,116,1.43546e-05,4.98802e-07,1.64891e-05,4.81406e-07,8,3,137000,9.2e+08,0.5,27,1.4302e-09,0.595351,2.55668e-06,4.21539e-06,60.6509,-23.7516,0.00349006,515.083,12234.1,20549.3,5928.77
1,17,117,8.10746e-06,4.96383e-07,8.05033e-06,8.65939e-07,6,2,120808,9.2e+08,0.5,27,1.02199e-09,0.537655,2.34012e-06,3.47595e-06,67.3231,-24.5893,0.002814,516.338,12696.4,23614.3,3124.73
1,18,118,3.37635e-06,5.71164e-07,1.2346e-05,3.65812e-07,3,2,154621,9.2e+08,0.5,27,7.1289e-10,0.638112,2.59219e-06,3.71495e-06,69.7773,-24.3005,0.00851142,635.151,15434.5,24187.7,2317.31
1,19,119,7.21142e-06,6.85881e-07,1.23164e-05,7.74103e-07,4,3,290632,9.2e+08,0.5,27,1.02896e-09,0.627452,1.33714e-06,2.20695e-06,60.5879,-26.5621,0.0054276,542.291,14404.4,22956.9,5959.51
1,20,120,5.34202e-06,9.34767e-07,1.58299e-05,6.44833e-07,7,3,270943,9.2e+08,0.5,27,1.3304e-09,0.618122,1.38989e-06,2.01472e-06,68.9868,-26.9579,0.00354256,608.284,16398,26528.8,2564.21
1,21,121,6.26647e-06,4.04826e-07,1.42052e-05,4.03095e-07,7,2,478223,9.2e+08,0.5,27,1.11653e-09,0.625287,8.09046e-07,2.09329e-06,38.6496,-26.7917,0.00327976,344.739,9236.14,14771.1,21483.6
1,22,122,1.18494e-05,4.77751e-07,9.9881e-06,4.80272e-07,7,2,167055,9.2e+08,0.5,27,1.12092e-09,0.57972,1.98384e-06,3.2059e-06,61.881,-24.9405,0.00265751,511.732,12762.8,22015.5,5344.86
1,23,123,1.73679e-05,6.90732e-07,1.69004e-05,8.24624e-07,2,2,414376,9.2e+08,0.5,27,6.51866e-10,0.487435,5.62346e-07,7.86043e-07,71.5414,-31.0455,0.00387264,497.44,15443.3,31682.8,1811.34
1,24,124,1.16586e-05,5.56137e-07,1.61362e-05,5.38835e-07,4,2,412888,9.2e+08,0.5,27,8.30357e-10,0.55563,7.39081e-07,1.23008e-06,60.0839,-29.1007,0.00329146,476.223,13858.4,24941.8,6208.11
1,25,125,5.73427e-06,6.91037e-07,1.61915e-05,8.08164e-07,8,2,171010,9.2e+08,0.5,27,1.2341e-09,0.520528,1.54714e-06,1.87181e-06,82.655,-27.2774,0.0018961,613.733,16741,32161.6,54.9907
1,26,126,7.80385e-07,6.59546e-07,1.46177e-05,7.64955e-07,7,2,149801,9.2e+08,0.5,27,1.12339e-09,0.484508,1.50087e-06,2.21473e-06,67.7675,-26.5468,0.00259189,468.37,12433.7,25662.5,2969.6
1,27,127,1.31325e-05,7.30308e-07,6.65238e-06,6.72731e-07,3,3,99620.2,9.2e+08,0.5,27,9.28132e-10,0.564356,3.14375e-06,4.93381e-06,63.7185,-23.0682,0.00568832,512.961,11833.1,20967.4,4529.04
1,28,128,1.31603e-05,7.62421e-07,1.38896e-05,4.21146e-07,5,1,368807,9.2e+08,0.5,27,7.31767e-10,0.415575,4.51242e-07,6.27264e-07,71.9382,-32.0255,0.00139448,426.457,13657.5,32864.1,1706.17
1,29,129,1.54966e-05,4.67065e-07,7.39298e-06,8.69916e-07,6,2,262858,9.2e+08,0.5,27,1.02734e-09,0.537199,1.06884e-06,2.18077e-06,49.0122,-26.6139,0.00210924,375.583,9995.72,18607.1,12951.3
1,30,130,1.08759e-05,2.19196e-07,1.08599e-05,4.58507e-07,6,2,218665,9.2e+08,0.5,27,1.01473e-09,0.611245,1.6864e-06,4.08464e-06,41.2864,-23.8885,0.00443863,359.988,8599.56,14068.9,19108.8
1,31,131,6.64795e-06,6.96574e-07,9.14819e-06,7.32615e-07,3,2,272568,9.2e+08,0.5,27,7.22666e-10,0.594164,1.27922e-06,1.80986e-06,70.6807,-27.4236,0.00450454,599.064,16428.5,27649.7,2050.43
1,32,132,1.62868e-05,5.21764e-07,1.82081e-05,3.11472e-07,9,2,158624,9.2e+08,0.5,27,1.32834e-09,0.534806,1.77984e-06,2.69917e-06,65.9405,-25.6877,0.00206803,503.054,12922.3,24162.6,3632.66
1,33,133,5.58524e-06,7.92546e-07,1.40792e-05,6.86746e-07,4,3,51626.3,9.2e+08,0.5,27,1.02819e-09,0.538515,5.51034e-06,6.98271e-06,78.914,-21.5598,0.00704602,606.203,13069.6,24269.7,370.392
1,34,134,1.05945e-05,3.63076e-07,1.80007e-05,4.07822e-07,8,2,51637.4,9.2e+08,0.5,27,1.22238e-09,0.517112,5.09449e-06,6.72964e-06,75.7023,-21.7201,0.00402712,558.418,12128.9,23455.1,864.481
1,35,135,1.16347e-05,7.46188e-07,1.65745e-05,7.46537e-07,5,2,188631,9.2e+08,0.5,27,9.4211e-10,0.494852,1.27176e-06,1.63529e-06,77.7697,-27.864,0.00247734,548.974,15296.6,30911.5,522.778
1,36,136,4.22587e-06,4.48828e-07,3.07528e-06,5.32984e-07,7,2,99723,9.2e+08,0.5,27,1.10707e-09,0.622227,3.80716e-06,6.64598e-06,57.2851,-21.7744,0.00250635,508.46,11071.4,17793.2,7681.13
1,37,137,1.01289e-05,4.75451e-07,1.63828e-05,4.23215e-07,3,5,96826.7,9.2e+08,0.5,27,1.3235e-09,0.689805,4.81506e-06,9.03352e-06,53.3021,-20.4414,0.0148083,524.49,10721.3,15542.5,10047.6
1,38,138,1.09826e-05,5.57559e-07,1.21725e-05,8.53027e-07,5,1,195933,9.2e+08,0.5,27,7.33014e-10,0.306568,4.5181e-07,7.46668e-07,60.5102,-31.2687,0.00192033,264.619,8274.31,26990.1,5997.81
1,39,139,1.38174e-05,4.32022e-07,7.40236e-06,5.60857e-07,10,2,212382,9.2e+08,0.5,27,1.42024e-09,0.578164,1.53914e-06,3.21417e-06,47.886,-24.9293,0.00164941,394.935,9845.46,17028.9,13774.5
1,40,140,1.31266e-05,6.15537e-07,1.34218e-05,6.51739e-07,4,2,151150,9.2e+08,0.5,27,8.33655e-10,0.513628,1.71633e-06,2.30948e-06,74.317,-26.3649,0.00348262,544.506,14355.8,27949.9,1141.28
1,41,141,1.29678e-05,4.91928e-07,5.7459e-07,4.07493e-07,9,2,145115,9.2e+08,0.5,27,1.31323e-09,0.328907,6.90127e-07,3.84474e-06,17.9499,-24.1513,0.000609919,84.2173,2033.96,6184,44957.4
1,42,142,7.35603e-06,5.6315e-07,9.63949e-06,6.13414e-07,6,2,398591,9.2e+08,0.5,27,1.02011e-09,0.614372,9.34638e-07,1.83296e-06,50.9906,-27.3685,0.00267938,446.877,12230.3,19907,11566.4
1,43,143,1.05522e-05,6.52299e-07,1.25255e-05,5.0573e-07,6,2,231769,9.2e+08,0.5,27,1.02644e-09,0.567401,1.37087e-06,2.06828e-06,66.2805,-26.8439,0.00265796,536.466,14400.8,25380.4,3504.19
1,44,144,1.78682e-05,4.93822e-07,1.22153e-05,3.69128e-07,10,2,188133,9.2e+08,0.5,27,1.42667e-09,0.547907,1.57149e-06,2.70229e-06,58.1539,-25.6827,0.00166341,454.519,11673.3,21305.2,7207.12
1,45,145,1.73764e-05,7.13102e-07,8.62581e-06,9.48553e-07,6,3,352359,9.2e+08,0.5,27,1.24115e-09,0.574719,9.17783e-07,1.97952e-06,46.3638,-27.0344,0.00243847,380.103,10275.8,17879.8,14927.5
1,46,146,8.98074e-06,6.46969e-07,1.32454e-05,8.83722e-07,4,2,289030,9.2e+08,0.5,27,8.35031e-10,0.537125,9.8083e-07,1.3101e-06,74.8671,-28.827,0.00315,573.631,16536.1,30786.2,1026.76
1,47,147,1.55313e-05,8.15553e-07,1.36077e-05,4.77531e-07,6,2,155941,9.2e+08,0.5,27,1.03833e-09,0.506012,1.61431e-06,2.14545e-06,75.2433,-26.6848,0.00229279,543.12,14493,28641.7,951.924
1,48,148,1.51807e-05,7.51564e-07,1.37904e-05,4.71733e-07,5,3,207340,9.2e+08,0.5,27,1.13583e-09,0.592855,1.67624e-06,2.70557e-06,61.9551,-25.6774,0.00416081,523.952,13453.7,22693.1,5310.69
1,49,149,6.34452e-06,6.96923e-07,1.71998e-05,7.76972e-07,6,3,168841,9.2e+08,0.5,27,1.23557e-09,0.586317,2.00855e-06,2.77876e-06,72.2821,-25.5615,0.00366001,604.546,15453.1,26356.2,1617.45
2,0,150,5.73427e-06,6.91037e-07,1.61915e-05,8.08164e-07,8,2,171010,9.2e+08,0.5,27,1.2341e-09,0.520528,1.54714e-06,1.87181e-06,82.655,-27.2774,0.0018961,613.733,16741,32161.6,54.9907
2,1,151,7.33801e-06,5.32662e-07,1.25032e-05,5.87091e-07,8,2,140218,9.2e+08,0.5,27,1.2225e-09,0.570754,2.28675e-06,3.09929e-06,73.7832,-25.0874,0.00245807,600.72,15070.5,26404.6,1258.17
2,2,152,7.42736e-06,9.63364e-07,1.45235e-05,6.4116e-07,4,3,168221,9.2e+08,0.5,27,1.03293e-09,0.598894,2.10619e-06,2.64001e-06,79.7793,-25.7839,0.00516822,681.564,17573.4,29343.1,272.553
2,3,153,3.42725e-06,5.62811e-07,1.18929e-05,3.76439e-07,6,3,101944,9.2e+08,0.5,27,1.21281e-09,0.677615,4.44046e-06,6.62597e-06,67.016,-21.7875,0.0066473,647.779,14113.5,20828.2,3234.26
2,4,154,1.22717e-05,4.64518e-07,1.4272e-05,5.20506e-07,8,3,161393,9.2e+08,0.5,27,1.42626e-09,0.616132,2.32426e-06,4.28242e-06,54.2746,-23.6831,0.00353248,477.02,11297.3,18335.9,9440.5
2,5,155,1.07481e-05,7.89373e-07,1.49582e-05,6.36145e-07,7,2,226440,9.2e+08,0.5,27,1.136e-09,0.526941,1.2034e-06,1.70573e-06,70.5502,-27.6809,0.00187741,530.306,14679.3,27857.6,2087.98
2,6,156,8.73457e-06,2.30704e-07,1.11938e-05,7.07469e-07,6,2,237266,9.2e+08,0.5,27,1.01987e-09,0.592281,1.45505e-06,3.11066e-06,46.7764,-25.0715,0.0037042,395.203,9908.33,16729.1,14610.5
2,7,157,1.33477e-05,3.16091e-07,2.47633e-06,7.41648e-07,3,2,214217,9.2e+08,0.5,27,7.12111e-10,0.549546,1.37748e-06,4.66672e-06,29.5171,-23.3099,0.00346271,231.39,5393.67,9814.78,30783.5
2,8,158,8.1995e-06,7.74205e-07,1.05184e-05,3.13811e-07,8,2,297785,9.2e+08,0.5,27,1.2193e-09,0.616663,1.26242e-06,2.27385e-06,55.5192,-26.4324,0.00252292,488.379,12909,20933.7,8691.16
2,9,159,7.49019e-06,9.82195e-07,1.51491e-05,4.9614e-07,4,3,173874,9.2e+08,0.5,27,1.02975e-09,0.612575,2.13294e-06,3.0796e-06,69.2603,-25.1151,0.0054329,605.215,15200,24813.3,2477.4
2,10,160,9.67547e-06,2.50231e-07,1.4443e-05,8.37249e-07,9,3,247362,9.2e+08,0.5,27,1.52903e-09,0.614035,1.49872e-06,3.71266e-06,40.3678,-24.3031,0.00337822,353.586,8593.24,13994.7,19920.3
2,11,161,1.00349e-05,7.79183e-07,1.37892e-05,6.00881e-07,5,2,128111,9.2e+08,0.5,27,9.32209e-10,0.519648,2.07355e-06,2.34613e-06,88.3817,-26.2965,0.00302957,655.146,17228,33153.3,0
2,12,162,8.51942e-06,5.85726e-07,8.87794e-06,6.10853e-07,5,2,287474,9.2e+08,0.5,27,9.20826e-10,0.602525,1.24649e-06,2.15675e-06,57.7949,-26.662,0.0030936,496.742,13244.1,21981.1,7401.17
2,13,163,1.12165e-05,5.59805e-07,1.67533e-05,6.55933e-07,4,2,211841,9.2e+08,0.5,27,8.34536e-10,0.525971,1.28636e-06,1.72411e-06,74.6104,-27.6344,0.00336793,559.793,15469.5,29411.4,1079.43
2,14,164,1.74755e-05,5.04191e-07,1.22523e-05,8.19113e-07,7,2,163962,9.2e+08,0.5,27,1.13769e-09,0.479809,1.36295e-06,1.99786e-06,68.2204,-26.9944,0.00207506,466.927,12604.4,26269.6,2815.55
2,15,165,7.67312e-06,7.7715e-07,1.32685e-05,4.36435e-07,5,2,164023,9.2e+08,0.5,27,9.23508e-10,0.57611,1.99945e-06,2.54183e-06,78.662,-25.9485,0.0035266,646.453,16774.5,29116.8,401.704
2,16,166,9.67819e-06,6.61237e-07,1.55338e-05,9.34315e-07,6,3,213622,9.2e+08,0.5,27,1.24183e-09,0.571865,1.50644e-06,2.07714e-06,72.5247,-26.8253,0.00326232,591.624,15870.5,27752.2,1556.32
2,17,167,7.20122e-06,8.25352e-07,1.73604e-05,6.36915e-07,6,3,197345,9.2e+08,0.5,27,1.234e-09,0.597792,1.78872e-06,2.33031e-06,76.7592,-26.3259,0.00371653,654.556,17231.8,28825.7,679.109
2,18,168,1.01658e-05,7.06118e-07,1.34273e-05,5.2798e-07,5,2,351190,9.2e+08,0.5,27,9.28535e-10,0.568371,9.08648e-07,1.31751e-06,68.967,-28.8025,0.00281352,559.165,16105.3,28335.9,2570.56
2,19,169,1.3939e-05,5.91692e-07,1.61427e-05,7.43639e-07,6,1,158089,9.2e+08,0.5,27,8.40504e-10,0.208297,2.5644e-07,5.97879e-07,42.8916,-32.2339,0.00112997,127.444,4108.02,19722,17731.9
2,20,170,3.28252e-06,7.42618e-07,1.11863e-05,7.51859e-07,3,3,305202,9.2e+08,0.5,27,9.21696e-10,0.660352,1.40554e-06,2.27491e-06,61.7844,-26.4304,0.00841333,581.997,15382.4,23294.2,5389.66
2,21,171,2.01249e-06,7.48465e-07,1.67924e-05,7.82099e-07,3,3,401273,9.2e+08,0.5,27,9.29279e-10,0.627346,9.5928e-07,1.2931e-06,74.1845,-28.8837,0.00880246,663.875,19175.1,30565.5,1169.76
2,22,172,1.62737e-05,5.59368e-07,1.30451e-05,5.86927e-07,4,2,119062,9.2e+08,0.5,27,8.33519e-10,0.496275,2.03184e-06,2.82566e-06,71.9068,-25.4888,0.00380893,509.048,12975,26144.8,1714.31
2,23,173,1.01546e-05,7.32378e-07,1.48783e-05,5.68863e-07,6,3,159279,9.2e+08,0.5,27,1.2318e-09,0.600491,2.23774e-06,3.21482e-06,69.6072,-24.9284,0.00377908,596.248,14863.5,24752.3,2369.4
2,24,174,1.26598e-05,7.33836e-07,1.39956e-05,6.79379e-07,8,2,161083,9.2e+08,0.5,27,1.2376e-09,0.502795,1.5327e-06,2.08831e-06,73.3945,-26.8021,0.00168544,526.406,14108.8,28060.6,1346.88
2,25,175,8.58242e-06,5.08633e-07,1.31982e-05,6.61752e-07,5,4,340797,9.2e+08,0.5,27,1.3262e-09,0.675057,1.3211e-06,3.68386e-06,35.8617,-24.337,0.00639469,345.333,8404.36,12449.8,24145.7
2,26,176,7.82123e-06,6.75264e-07,1.7689e-05,5.99297e-07,6,5,117206,9.2e+08,0.5,27,1.63176e-09,0.662896,3.70497e-06,5.88692e-06,62.9357,-22.3011,0.00657225,595.126,13272,20021.2,4868.32
2,27,177,4.14014e-06,7.00233e-07,2.04944e-06,7.79758e-07,4,3,315146,9.2e+08,0.5,27,1.00899e-09,0.690875,1.48452e-06,3.54096e-06,41.9241,-24.5088,0.00241936,413.171,10126.3,14657.2,18555.3
2,28,178,8.02858e-06,7.29589e-07,1.69646e-05,7.27843e-07,5,2,183318,9.2e+08,0.5,27,9.3641e-10,0.516557,1.4298e-06,1.71399e-06,83.4194,-27.6599,0.00276291,614.683,17002.1,32914.3,24.9833
2,29,179,1.106e-05,5.73144e-07,1.64327e-05,4.69542e-07,4,4,178012,9.2e+08,0.5,27,1.22811e-09,0.655701,2.38474e-06,4.7901e-06,49.7848,-23.1966,0.00826684,465.66,10801.7,16473.5,12401.1
2,30,180,6.04343e-06,6.24039e-07,1.24386e-05,7.84174e-07,3,4,208434,9.2e+08,0.5,27,1.12705e-09,0.666326,2.0979e-06,3.57992e-06,58.6019,-24.4613,0.00929009,557.012,13625.2,20448.3,6968.61
2,31,181,9.79508e-06,4.69875e-07,1.38393e-05,6.92325e-07,5,2,17644.8,9.2e+08,0.5,27,9.28368e-10,0.245491,3.29368e-06,7.95876e-06,41.3843,-20.9915,0.00699865,144.923,3042.16,12392.2,19023.8
2,32,182,6.92949e-06,7.82071e-07,1.5358e-05,5.43304e-07,4,3,266330,9.2e+08,0.5,27,1.02753e-09,0.629524,1.47167e-06,2.3607e-06,62.3406,-26.2696,0.00570444,559.821,14706.3,23360.9,5134.49
2,33,183,9.29401e-06,6.69514e-07,6.93012e-06,9.77583e-07,4,2,173206,9.2e+08,0.5,27,8.25994e-10,0.528848,1.57912e-06,2.2873e-06,69.0389,-26.4068,0.00318268,520.824,13753.3,26006.1,2547.56
2,34,184,6.64795e-06,6.96574e-07,9.14819e-06,7.32615e-07,3,2,250099,9.2e+08,0.5,27,7.22666e-10,0.591218,1.37999e-06,1.91335e-06,72.1246,-27.1821,0.00455067,608.271,16534.1,27966.1,1657.77
2,35,185,4.9799e-06,7.05655e-07,1.67823e-05,7.25881e-07,7,2,181057,9.2e+08,0.5,27,1.13139e-09,0.534371,1.5466e-06,1.94793e-06,79.3971,-27.1043,0.00220077,605.22,16404.1,30697.9,313.926
2,36,186,1.48916e-05,5.07968e-07,1.23563e-05,8.69021e-07,4,2,99125.9,9.2e+08,0.5,27,8.36605e-10,0.440756,1.90857e-06,2.79089e-06,68.3855,-25.5426,0.00461191,429.96,10982.3,24916.9,2760.45
2,37,187,2.1818e-06,8.12639e-07,1.50298e-05,6.4189e-07,7,2,263303,9.2e+08,0.5,27,1.12284e-09,0.577268,1.23722e-06,1.73046e-06,71.4968,-27.6184,0.00261097,588.75,16260.3,28167.7,1823.35
2,38,188,1.40487e-05,5.93607e-07,9.47639e-06,7.38153e-07,5,2,287523,9.2e+08,0.5,27,9.30669e-10,0.545231,1.01508e-06,1.54325e-06,65.7756,-28.1156,0.00239099,511.577,14383.3,26380.2,3695.79
2,39,189,1.48111e-05,3.76145e-07,1.48318e-05,8.0565e-07,3,3,239454,9.2e+08,0.5,27,9.35041e-10,0.587516,1.42141e-06,2.88085e-06,49.3399,-25.4048,0.00690701,413.509,10505.1,17880.5,12716.4
2,40,190,6.18214e-06,7.58115e-07,1.32782e-05,8.79308e-07,4,3,52807.7,9.2e+08,0.5,27,1.03272e-09,0.502126,4.67245e-06,6.046e-06,77.2816,-22.1853,0.00643988,553.548,12280.6,24457.3,595.73
2,41,191,3.53192e-06,7.24338e-07,1.72067e-05,7.8055e-07,3,3,280949,9.2e+08,0.5,27,9.31978e-10,0.613235,1.31622e-06,1.80244e-06,73.0243,-27.4414,0.0078304,638.793,17529.4,28585.1,1434.17
2,42,192,1.05323e-05,5.39221e-07,8.07929e-06,6.77228e-07,3,3,199766,9.2e+08,0.5,27,9.22301e-10,0.637836,2.01083e-06,4.06093e-06,49.5165,-23.9137,0.00647444,450.531,10773.9,16891.3,12590.8
2,43,193,8.52034e-06,7.59393e-07,1.32431e-05,8.82048e-07,7,2,74611.3,9.2e+08,0.5,27,1.1363e-09,0.427406,2.37668e-06,3.18777e-06,74.5563,-24.9651,0.00315361,454.56,11348.2,26551.2,1090.75
2,44,194,6.02505e-06,7.42934e-07,1.49534e-05,4.59117e-07,4,2,188503,9.2e+08,0.5,27,8.22683e-10,0.581073,1.76939e-06,2.31938e-06,76.2874,-26.3463,0.00447608,632.339,16659.8,28670.7,759.1
2,45,195,7.26572e-06,4.21836e-07,1.75699e-05,7.54666e-07,4,4,76718.8,9.2e+08,0.5,27,1.23265e-09,0.611494,4.80104e-06,6.64253e-06,72.2773,-21.7767,0.00817494,630.464,13729.4,22452.2,1618.67
2,46,196,8.82174e-06,7.29917e-07,1.71784e-05,6.66031e-07,7,3,236792,9.2e+08,0.5,27,1.33576e-09,0.595883,1.48085e-06,2.07114e-06,71.4989,-26.8379,0.00314619,607.752,16310.8,27372.5,1822.8
2,47,197,1.49812e-05,4.06705e-07,1.50567e-05,5.98107e-07,4,2,184964,9.2e+08,0.5,27,8.30197e-10,0.528367,1.4866e-06,2.34701e-06,63.3403,-26.2949,0.00375472,477.399,12553.1,23758.4,4691.43
2,48,198,1.08653e-05,3.17001e-07,1.10627e-05,5.54831e-07,3,2,199710,9.2e+08,0.5,27,7.19165e-10,0.589805,1.71686e-06,3.32909e-06,51.5713,-24.7767,0.00655831,433.893,10750.5,18227.1,11174.8
2,49,199,8.61786e-06,6.14102e-07,1.56946e-05,7.9573e-07,9,2,171963,9.2e+08,0.5,27,1.33556e-09,0.514691,1.50048e-06,1.89702e-06,79.0966,-27.2193,0.0017314,580.726,15806.9,30711.5,348.501
3,0,200,1.00349e-05,7.79183e-07,1.37892e-05,6.00881e-07,5,2,128111,9.2e+08,0.5,27,9.32209e-10,0.519648,2.07355e-06,2.34613e-06,88.3817,-26.2965,0.00302957,655.146,17228,33153.3,0
3,1,201,6.0226e-06,7.03214e-07,1.39043e-05,8.49264e-07,7,2,124091,9.2e+08,0.5,27,1.13209e-09,0.507676,2.02849e-06,2.40331e-06,84.404,-26.1919,0.00235866,611.246,16009.7,31535.3,3.55202
3,2,202,4.93135e-06,7.34598e-07,1.24407e-05,6.99418e-07,3,2,164369,9.2e+08,0.5,27,7.24648e-10,0.564878,1.91408e-06,2.3985e-06,79.8034,-26.2006,0.00504574,643.046,16848.2,29826.3,270.043
3,3,203,1.25179e-05,6.50793e-07,1.00554e-05,7.60354e-07,9,4,180684,9.2e+08,0.5,27,1.73158e-09,0.637038,2.21122e-06,4.44564e-06,49.739,-23.5207,0.00274743,451.99,10631.1,16688.3,12433.4
3,4,204,8.15203e-06,5.5348e-07,1.90674e-05,5.65937e-07,8,3,175495,9.2e+08,0.5,27,1.43061e-09,0.604255,2.05609e-06,3.09368e-06,66.4609,-25.0952,0.00340872,572.866,14376.2,23791.6,3436.97
3,5,205,9.7258e-06,4.39067e-07,1.41464e-05,6.8496e-07,4,2,53151,9.2e+08,0.5,27,8.2792e-10,0.455845,3.81891e-06,5.43042e-06,70.3243,-22.6517,0.00611987,457.288,10358.3,22723.3,2153.77
3,6,206,7.52738e-06,4.94762e-07,1.45285e-05,6.31395e-07,4,3,179788,9.2e+08,0.5,27,1.0258e-09,0.627227,2.16309e-06,3.50747e-06,61.6711,-24.5501,0.00615806,551.789,13546.4,21597.4,5442.38
3,7,207,1.40063e-05,8.03492e-07,1.49773e-05,6.39968e-07,7,5,255881,9.2e+08,0.5,27,1.74168e-09,0.651766,1.64117e-06,3.63346e-06,45.1683,-24.3968,0.00459651,419.944,10245.3,15719.3,15865.6
3,8,208,1.3916e-05,5.11525e-07,1.51974e-05,7.84382e-07,3,3,255201,9.2e+08,0.5,27,9.38078e-10,0.58431,1.32135e-06,2.25906e-06,58.4912,-26.4607,0.00604374,487.528,12900.3,22077.9,7027.18
3,9,209,1.00155e-05,2.52077e-07,1.41107e-05,8.75963e-07,6,3,113672,9.2e+08,0.5,27,1.22977e-09,0.582356,2.93166e-06,5.12586e-06,57.1935,-22.9023,0.00478258,475.119,10881.3,18685,7731.99
3,10,210,2.11305e-06,7.6409e-07,1.66317e-05,6.53191e-07,5,3,377338,9.2e+08,0.5,27,1.12496e-09,0.639358,1.06265e-06,1.78607e-06,59.4968,-27.481,0.00579647,542.63,14912,23323.4,6504.15
3,11,211,1.53906e-05,8.34131e-07,1.45155e-05,5.32467e-07,4,3,362912,9.2e+08,0.5,27,1.04113e-09,0.587225,9.40633e-07,1.60928e-06,58.4505,-27.9337,0.00402123,489.62,13676.9,23290.7,7048.74
3,12,212,4.9799e-06,7.05655e-07,1.67823e-05,7.25881e-07,7,2,181057,9.2e+08,0.5,27,1.13139e-09,0.534371,1.5466e-06,1.94793e-06,79.3971,-27.1043,0.00220077,605.22,16404.1,30697.9,313.926
3,13,213,8.05224e-06,7.08553e-07,8.88811e-06,7.11728e-07,5,2,232222,9.2e+08,0.5,27,9.24063e-10,0.579402,1.42359e-06,2.02401e-06,70.3355,-26.9379,0.00283046,581.327,15659.7,27027.4,2150.48
3,14,214,7.051e-06,7.91549e-07,1.51588e-05,6.65115e-07,7,2,236954,9.2e+08,0.5,27,1.13133e-09,0.548053,1.24531e-06,1.56207e-06,79.7219,-28.063,0.00208304,623.256,17490.4,31913.7,278.584
3,15,215,8.12721e-06,6.89858e-07,1.08047e-05,3.60954e-07,8,3,156323,9.2e+08,0.5,27,1.41901e-09,0.660188,2.75729e-06,4.85776e-06,56.7606,-23.1356,0.00392123,534.541,12366.9,18732.5,7974.63
3,16,216,7.68141e-06,4.71229e-07,1.7547e-05,4.68822e-07,4,3,302988,9.2e+08,0.5,27,1.02369e-09,0.640373,1.33837e-06,2.93442e-06,45.6095,-25.3248,0.00671571,416.634,10551.2,16476.6,15516.1
3,17,217,1.00349e-05,7.79183e-07,1.37892e-05,6.00881e-07,5,2,366756,9.2e+08,0.5,27,9.32209e-10,0.555927,8.3121e-07,1.13027e-06,73.541,-29.4682,0.00252927,583.195,17185.7,30913.6,1313.08
3,18,218,9.804e-06,5.75469e-07,1.67734e-05,6.73167e-07,5,1,206103,9.2e+08,0.5,27,7.33866e-10,0.335974,5.18507e-07,7.89579e-07,65.6688,-31.026,0.00187432,314.725,9764.67,29063.8,3737.15
3,19,219,8.88356e-06,7.5517e-07,1.56067e-05,7.21401e-07,7,2,286576,9.2e+08,0.5,27,1.13593e-09,0.534814,9.78219e-07,1.32748e-06,73.6897,-28.7697,0.00197265,562.181,16173.8,30241.9,1279.22
3,20,220,1.02633e-05,5.55907e-07,1.26007e-05,5.87011e-07,4,2,454081,9.2e+08,0.5,27,8.26204e-10,0.580199,7.32986e-07,1.33073e-06,55.0816,-28.7591,0.00349231,455.879,13110.7,22596.8,8951.14
3,21,221,5.3835e-06,4.5463e-07,1.67353e-05,6.02046e-07,2,2,172706,9.2e+08,0.5,27,6.25046e-10,0.566059,1.82873e-06,2.43681e-06,75.0461,-26.1318,0.00726825,605.976,15835.2,27974.6,990.809
3,22,222,9.51979e-06,7.73429e-07,1.64567e-05,6.50973e-07,7,2,236648,9.2e+08,0.5,27,1.13615e-09,0.527727,1.15476e-06,1.5107e-06,76.4391,-28.2082,0.00197623,575.429,16231.8,30758,732.886
3,23,223,7.84766e-06,7.88309e-07,1.26478e-05,5.88803e-07,7,4,135848,9.2e+08,0.5,27,1.52727e-09,0.653373,3.10552e-06,4.88313e-06,63.5969,-23.113,0.0043926,592.738,13700,20968.1,4580.94
3,24,224,7.64245e-06,7.53677e-07,1.32799e-05,6.99487e-07,7,2,107975,9.2e+08,0.5,27,1.1301e-09,0.513014,2.38923e-06,3.06844e-06,77.8646,-25.1308,0.00234654,569.818,14320,27913.4,509.138
3,25,225,1.18257e-05,6.56419e-07,1.63508e-05,7.38402e-07,5,2,166252,9.2e+08,0.5,27,9.39672e-10,0.49581,1.44936e-06,1.88031e-06,77.081,-27.2577,0.00261389,545.167,14860,29971.1,627.098
3,26,226,8.96957e-06,5.99056e-07,1.46183e-05,6.00858e-07,4,2,180574,9.2e+08,0.5,27,8.28314e-10,0.550516,1.65605e-06,2.19179e-06,75.5567,-26.592,0.00383002,593.347,15778.3,28660.9,891.763
3,27,227,8.0488e-07,7.92355e-07,1.99764e-05,9.73166e-07,3,4,128556,9.2e+08,0.5,27,1.14016e-09,0.507983,1.92918e-06,2.77587e-06,69.4984,-25.566,0.00962473,503.606,12875.2,25345.7,2402.99
3,28,228,1.363e-05,7.58721e-07,2.49983e-06,5.02237e-07,4,3,176706,9.2e+08,0.5,27,1.02319e-09,0.587766,1.92093e-06,4.13197e-06,46.4895,-23.8384,0.00246952,389.785,9291.87,15808.8,14830.6
3,29,229,1.45898e-05,4.85378e-07,1.36414e-05,6.23001e-07,4,2,469304,9.2e+08,0.5,27,8.3116e-10,0.551382,6.3926e-07,1.32384e-06,48.2885,-28.7817,0.00322738,379.806,10931.5,19825.6,13477.4
3,30,230,9.42284e-06,9.6337e-07,1.49079e-05,5.20387e-07,3,3,23209.7,9.2e+08,0.5,27,9.33671e-10,0.439309,8.01376e-06,1.18413e-05,67.6764,-19.266,0.0134295,424.105,8170.81,18599.2,3001.11
3,31,231,6.49228e-06,6.07956e-07,1.38986e-05,5.36662e-07,3,2,133918,9.2e+08,0.5,27,7.22812e-10,0.569693,2.39021e-06,2.97609e-06,80.3138,-25.2635,0.00589801,652.676,16488.9,28943.5,219.602
3,32,232,1.05005e-05,2.0857e-07,9.14318e-06,5.48352e-07,5,2,155376,9.2e+08,0.5,27,9.14408e-10,0.601709,2.29438e-06,5.03365e-06,45.5808,-22.9812,0.00527644,391.232,8990.97,14942.4,15538.8
3,33,233,6.60812e-06,8.21724e-07,1.10908e-06,6.4144e-07,6,2,182840,9.2e+08,0.5,27,1.01228e-09,0.483491,1.21738e-06,3.10263e-06,39.2371,-25.0827,0.00112203,270.615,6787.75,14039,20942.4
3,34,234,3.86812e-06,4.2717e-07,1.43635e-05,9.68812e-07,7,3,217881,9.2e+08,0.5,27,1.33114e-09,0.612174,1.69081e-06,2.42423e-06,69.7462,-26.1543,0.00370028,609.063,15929.6,26021.3,2326.77
3,35,235,1.35557e-05,7.07251e-07,1.41345e-05,6.84057e-07,4,3,143052,9.2e+08,0.5,27,1.03851e-09,0.568855,2.23169e-06,3.27723e-06,68.0969,-24.8449,0.00476119,552.579,13728.8,24134.1,2857.16
3,36,236,8.79001e-06,7.4762e-07,1.36868e-05,7.14814e-07,6,3,110016,9.2e+08,0.5,27,1.23271e-09,0.578975,3.00337e-06,3.87691e-06,77.4679,-24.1151,0.00388844,639.806,15429,26648.8,567.32
3,37,237,8.34176e-06,6.93435e-07,1.38502e-05,7.95511e-07,7,2,165456,9.2e+08,0.5,27,1.1336e-09,0.520559,1.60197e-06,2.02166e-06,79.2404,-26.9429,0.00211465,588.414,15853.6,30454.9,331.731
3,38,238,1.08046e-05,5.22028e-07,1.50797e-05,5.35291e-07,7,2,168130,9.2e+08,0.5,27,1.12742e-09,0.548461,1.76277e-06,2.53986e-06,69.4044,-25.9519,0.00252424,542.999,14091.9,25693.5,2432.22
3,39,239,7.78435e-06,6.70093e-07,1.45256e-05,8.36288e-07,6,2,150433,9.2e+08,0.5,27,1.03473e-09,0.50963,1.68977e-06,2.15832e-06,78.2909,-26.6588,0.00243755,569.158,15173.1,29772.7,450.122
3,40,240,1.90811e-05,7.80834e-07,1.35685e-05,4.74585e-07,4,3,259831,9.2e+08,0.5,27,1.04268e-09,0.57465,1.2571e-06,2.3645e-06,53.1655,-26.2626,0.00399943,435.813,11445.6,19917.4,10134.4
3,41,241,1.04929e-05,8.51821e-07,1.41337e-05,5.00851e-07,4,2,135318,9.2e+08,0.5,27,8.32034e-10,0.527076,2.02394e-06,2.57269e-06,78.6703,-25.8961,0.0036127,591.494,15317.4,29061.1,400.645
3,42,242,1.43512e-05,9.31323e-07,1.35158e-05,8.30352e-07,4,2,163180,9.2e+08,0.5,27,8.49177e-10,0.455506,1.23943e-06,1.66274e-06,74.5412,-27.7917,0.00343378,484.347,13460.8,29551.4,1093.88
3,43,243,6.49813e-06,6.9317e-07,1.09351e-05,7.47557e-07,7,2,19603.9,9.2e+08,0.5,27,1.12536e-09,0.259044,3.32247e-06,7.93836e-06,41.8534,-21.0027,0.00493665,154.657,3248.22,12539.2,18616.8
3,44,244,8.35759e-06,6.79289e-07,9.90295e-06,2.6637e-07,5,3,251924,9.2e+08,0.5,27,1.11663e-09,0.683957,1.8332e-06,4.35777e-06,42.0675,-23.6074,0.0069175,410.432,9689.23,14166.4,18432
3,45,245,6.47635e-06,7.87209e-07,1.58218e-05,7.84368e-07,8,3,88054.9,9.2e+08,0.5,27,1.43502e-09,0.553404,3.41719e-06,4.34561e-06,78.6355,-23.6195,0.00313724,620.765,14662.2,26494.5,405.063
3,46,246,7.13017e-06,3.43044e-07,1.06e-05,6.73795e-07,3,4,213277,9.2e+08,0.5,27,1.11918e-09,0.695209,2.23655e-06,5.88749e-06,37.9881,-22.3007,0.00967073,376.729,8401.33,12084.6,22101.2
3,47,247,9.27363e-06,6.83216e-07,1.28352e-05,3.87197e-07,8,2,312495,9.2e+08,0.5,27,1.22261e-09,0.593095,1.11216e-06,1.91922e-06,57.9483,-27.1687,0.00226536,490.265,13319.9,22458.3,7317.97
3,48,248,3.72211e-06,9.47829e-07,1.5917e-05,4.99711e-07,3,3,215900,9.2e+08,0.5,27,9.22964e-10,0.639066,1.8631e-06,2.73116e-06,68.2162,-25.6365,0.00828176,621.869,15942.6,24946.7,2816.97
3,49,249,6.27528e-07,7.46567e-07,1.66546e-05,5.12539e-07,5,2,178253,9.2e+08,0.5,27,9.18009e-10,0.502941,1.36194e-06,2.19132e-06,62.1516,-26.5929,0.00409411,445.898,11857.7,23576.8,5220.51
4,0,250,1.00349e-05,7.79183e-07,1.37892e-05,6.00881e-07,5,2,128111,9.2e+08,0.5,27,9.32209e-10,0.519648,2.07355e-06,2.34613e-06,88.3817,-26.2965,0.00302957,655.146,17228,33153.3,0
4,1,251,1.49635e-05,9.08864e-07,9.17832e-06,5.16065e-07,4,3,205603,9.2e+08,0.5,27,1.03667e-09,0.592288,1.68645e-06,2.60367e-06,64.7722,-25.8441,0.00391255,547.252,14143.3,23879,4091.65
4,2,252,7.75693e-06,5.89959e-07,6.71998e-07,8.83201e-07,7,2,228844,9.2e+08,0.5,27,1.11034e-09,0.363888,5.26365e-07,3.14779e-06,16.7218,-25.0199,0.000759658,86.7993,2171.71,5968.08,46619.3
4,3,253,1.88416e-05,4.09674e-07,1.48043e-05,8.0395e-07,7,3,281117,9.2e+08,0.5,27,1.33924e-09,0.571773,1.14348e-06,2.57897e-06,44.3388,-25.8855,0.00312699,361.638,9361.19,16372.2,16533.4
4,4,254,6.08637e-06,7.7168e-07,1.36699e-05,6.9652e-07,4,2,134647,9.2e+08,0.5,27,8.28436e-10,0.535766,2.09836e-06,2.56138e-06,81.9231,-25.9153,0.00390692,626.106,16225.7,30285,94.676
4,5,255,9.88983e-06,7.75172e-07,1.65009e-05,6.13189e-07,6,2,178274,9.2e+08,0.5,27,1.03557e-09,0.519882,1.49019e-06,1.89252e-06,78.7413,-27.2296,0.00236491,583.947,15900.7,30585.1,391.711
4,6,256,9.27602e-06,6.56205e-07,1.47556e-05,8.15905e-07,6,3,457089,9.2e+08,0.5,27,1.23625e-09,0.60744,7.95323e-07,1.46376e-06,54.3341,-28.3453,0.00397089,470.806,13345.1,21969.5,9403.98
4,7,257,7.35326e-06,7.82658e-07,1.51302e-05,6.40927e-07,7,2,114750,9.2e+08,0.5,27,1.1309e-09,0.516644,2.2827e-06,2.81598e-06,81.0621,-25.5037,0.00243864,597.414,15236.3,29490.8,155.071
4,8,258,1.71651e-05,6.04175e-07,1.57298e-05,6.50324e-07,5,2,249238,9.2e+08,0.5,27,9.412e-10,0.501346,9.89528e-07,1.40892e-06,70.2332,-28.5111,0.00239513,502.28,14320.6,28564.3,2180.58
4,9,259,8.05224e-06,5.68154e-07,8.88811e-06,7.11728e-07,5,3,471219,9.2e+08,0.5,27,1.1218e-09,0.663687,9.22954e-07,2.64954e-06,34.8345,-25.7683,0.00452794,329.791,8498.15,12804.5,25165.8
4,10,260,7.16261e-06,7.56003e-07,1.45281e-05,7.17019e-07,5,2,160393,9.2e+08,0.5,27,9.31664e-10,0.530369,1.72439e-06,2.08361e-06,82.7594,-26.8118,0.00296675,626.126,16787.6,31652.6,50.2029
4,11,261,5.90933e-06,7.80352e-07,1.68366e-05,8.03377e-07,4,3,144328,9.2e+08,0.5,27,1.03628e-09,0.576933,2.2748e-06,2.89708e-06,78.5205,-25.3804,0.00512303,646.211,16401.1,28428.1,419.844
4,12,262,8.78992e-06,3.66825e-07,1.59325e-05,6.5506e-07,5,2,116632,9.2e+08,0.5,27,9.27322e-10,0.532311,2.3909e-06,3.31825e-06,72.0531,-24.7909,0.00372903,547.122,13563.7,25480.7,1676.22
4,13,263,1.40315e-05,8.82311e-07,1.34314e-05,8.20515e-07,7,2,120548,9.2e+08,0.5,27,1.1468e-09,0.43625,1.52782e-06,2.10316e-06,72.644,-26.7713,0.0024151,452.066,12102.4,27741.8,1526.73
4,14,264,5.6906e-06,8.88311e-07,1.4809e-05,8.28217e-07,6,3,393869,9.2e+08,0.5,27,1.23464e-09,0.613785,9.40686e-07,1.25351e-06,75.0441,-29.0187,0.0041367,657.051,19066.8,31064.3,991.2
4,15,265,7.29996e-06,4.48161e-07,1.44172e-05,8.93428e-07,4,3,186432,9.2e+08,0.5,27,1.0323e-09,0.600917,1.91201e-06,2.78696e-06,68.6058,-25.5487,0.00522379,588.087,15024.9,25003.2,2687.7
4,16,266,1.00349e-05,7.79183e-07,1.37892e-05,7.10623e-07,9,2,128111,9.2e+08,0.5,27,1.33524e-09,0.50051,1.90615e-06,2.42216e-06,78.6961,-26.158,0.00170213,561.865,14697.2,29364.5,397.398
4,17,267,9.98711e-06,5.75657e-07,1.36983e-05,6.43951e-07,6,1,181593,9.2e+08,0.5,27,8.2914e-10,0.365146,6.98603e-07,1.02054e-06,68.4541,-29.9117,0.00165365,356.56,10665.3,29208.3,2737.82
4,18,268,1.24962e-05,6.36355e-07,1.48376e-05,6.81179e-07,4,2,154075,9.2e+08,0.5,27,8.36118e-10,0.505586,1.63052e-06,2.16594e-06,75.2801,-26.6435,0.00329398,542.927,14465.5,28611.4,944.757
4,19,269,1.25888e-05,7.45141e-07,1.63917e-05,6.4264e-07,5,2,308062,9.2e+08,0.5,27,9.39829e-10,0.520362,8.64531e-07,1.23825e-06,69.8189,-29.0719,0.00230683,518.256,15066.7,28954.3,2304.66
4,20,270,6.0226e-06,7.03214e-07,1.39043e-05,8.49264e-07,4,4,124091,9.2e+08,0.5,27,1.23209e-09,0.627791,3.13542e-06,4.1919e-06,74.797,-23.7759,0.00654168,669.831,15925.8,25368.1,1041.01
4,21,271,4.48654e-06,6.89154e-07,1.43495e-05,8.56766e-07,7,3,169395,9.2e+08,0.5,27,1.33077e-09,0.601333,2.10149e-06,2.88066e-06,72.9518,-25.4051,0.00334605,625.773,15897.8,26437.6,1451.6
4,22,272,7.32299e-06,7.78147e-07,1.41361e-05,6.77547e-07,7,2,149598,9.2e+08,0.5,27,1.13055e-09,0.532647,1.8612e-06,2.2381e-06,83.1596,-26.5012,0.00226933,631.855,16744.9,31437.2,33.8717
4,23,273,8.33269e-06,8.62206e-07,1.66957e-05,8.00651e-07,7,2,170830,9.2e+08,0.5,27,1.1411e-09,0.494081,1.39308e-06,1.68968e-06,82.4468,-27.722,0.00195262,581.082,16108.7,32603.5,65.1898
4,24,274,1.83525e-05,3.778e-07,1.53289e-05,7.4463e-07,6,3,70400,9.2e+08,0.5,27,1.2367e-09,0.517287,3.72651e-06,5.94308e-06,62.7034,-22.2599,0.00456087,462.689,10299.4,19910.4,4971.37
4,25,275,1.08311e-05,6.82667e-07,1.61799e-05,8.357e-07,7,2,132706,9.2e+08,0.5,27,1.14183e-09,0.470948,1.62506e-06,2.00176e-06,81.1818,-26.9859,0.00235327,545.378,14717.5,31250.8,145.797
4,26,276,1.07296e-05,6.82683e-07,1.59049e-05,2.81214e-07,6,1,188835,9.2e+08,0.5,27,8.23595e-10,0.427715,9.43786e-07,1.24181e-06,76.0008,-29.0594,0.00146952,463.702,13474.9,31504.4,809.906
4,27,277,7.88801e-06,7.86004e-07,1.4254e-05,6.76086e-07,7,2,209685,9.2e+08,0.5,27,1.13167e-09,0.542791,1.37952e-06,1.71752e-06,80.3204,-27.651,0.00203998,621.906,17196.3,31681.3,218.986
4,28,278,1.08728e-05,5.98033e-07,1.5637e-05,6.75006e-07,5,1,179970,9.2e+08,0.5,27,7.34115e-10,0.309746,5.05391e-07,8.29185e-07,60.9503,-30.8135,0.00183326,269.307,8298.29,26790.6,5784.16
4,29,279,1.07469e-05,3.61481e-07,1.45187e-05,5.08082e-07,7,2,150007,9.2e+08,0.5,27,1.12252e-09,0.56475,2.09673e-06,3.21078e-06,65.3029,-24.9339,0.0029959,526.084,13117.3,23226.8,3879.75
4,30,280,4.84458e-06,7.79183e-07,3.40683e-06,5.54288e-07,5,2,366756,9.2e+08,0.5,27,9.11326e-10,0.673184,1.21698e-06,2.47375e-06,49.1957,-26.0664,0.00226812,472.419,12314.3,18292.6,12819.5
4,31,281,9.68734e-06,7.71907e-07,1.0796e-05,6.57882e-07,9,2,167506,9.2e+08,0.5,27,1.32916e-09,0.542265,1.71707e-06,2.41706e-06,71.0395,-26.1671,0.0016526,549.513,14379.2,26516.9,1948.95
4,32,282,8.02137e-06,7.77612e-07,1.16293e-05,3.96917e-07,8,3,114750,9.2e+08,0.5,27,1.42171e-09,0.637938,3.50459e-06,5.2236e-06,67.0913,-22.8203,0.00384273,610.536,13932.6,21840.1,3207.2
4,33,283,9.80955e-06,8.30902e-07,1.44357e-05,2.76556e-07,4,2,155572,9.2e+08,0.5,27,8.24286e-10,0.573886,2.08992e-06,2.67276e-06,78.1934,-25.7304,0.00496485,640.121,16470.6,28700.1,463.301
4,34,284,1.00349e-05,5.58608e-07,1.37892e-05,6.00881e-07,5,2,128111,9.2e+08,0.5,27,9.27782e-10,0.537067,2.21738e-06,2.78059e-06,79.7449,-25.5586,0.0033947,610.939,15614.8,29074.1,276.16
4,35,285,9.02329e-06,7.34874e-07,1.02556e-05,5.31891e-07,7,2,135426,9.2e+08,0.5,27,1.12417e-09,0.561625,2.29313e-06,3.14413e-06,72.9337,-25.025,0.00246599,584.307,14622.3,26035.7,1455.95
4,36,286,7.90717e-06,7.53115e-07,1.47399e-05,7.2298e-07,7,2,231780,9.2e+08,0.5,27,1.13322e-09,0.539282,1.2306e-06,1.55542e-06,79.1171,-28.0815,0.00194686,608.628,17091.2,31692.6,346.085
4,37,287,6.10851e-06,7.08088e-07,1.27311e-05,7.25174e-07,4,2,196710,9.2e+08,0.5,27,8.27115e-10,0.560607,1.5753e-06,1.95166e-06,80.7156,-27.096,0.00365644,645.479,17489.9,31198.1,183.563
4,38,288,1.18107e-05,6.53662e-07,1.43059e-05,5.56464e-07,4,1,166431,9.2e+08,0.5,27,6.31362e-10,0.336484,6.54961e-07,1.00337e-06,65.276,-29.9854,0.00224822,313.317,9394.94,27920.9,3890.58
4,39,289,7.10802e-06,7.24501e-07,1.26423e-05,7.85591e-07,7,3,165020,9.2e+08,0.5,27,1.33016e-09,0.604716,2.18364e-06,3.02025e-06,72.2998,-25.1996,0.00319639,623.67,15716.2,25989.4,1612.94
4,40,290,7.03601e-06,6.95543e-07,1.62692e-05,8.47016e-07,7,2,136964,9.2e+08,0.5,27,1.13735e-09,0.493061,1.73142e-06,2.17354e-06,79.6588,-26.6283,0.00219076,560.274,14919.2,30258.2,285.285
4,41,291,8.90005e-06,8.08711e-07,1.30131e-05,5.27371e-07,6,3,135773,9.2e+08,0.5,27,1.22812e-09,0.611772,2.72357e-06,3.83959e-06,70.9339,-24.1572,0.00411952,619.027,14953.9,24443.6,1978.56
4,42,292,7.82519e-06,7.67283e-07,1.66515e-05,5.48689e-07,6,2,288616,9.2e+08,0.5,27,1.03028e-09,0.555386,1.05376e-06,1.46556e-06,71.9016,-28.34,0.00248207,569.639,16143.6,29067.3,1715.68
4,43,293,1.22806e-05,7.33774e-07,1.41164e-05,6.14218e-07,4,2,138617,9.2e+08,0.5,27,8.35363e-10,0.507542,1.82701e-06,2.32432e-06,78.6039,-26.337,0.00359904,569.092,14988.2,29530.9,409.102
4,44,294,1.18257e-05,6.56419e-07,1.63508e-05,7.38402e-07,5,2,166252,9.2e+08,0.5,27,9.39672e-10,0.49581,1.44936e-06,1.88031e-06,77.081,-27.2577,0.00261389,545.167,14860,29971.1,627.098
4,45,295,8.1002e-06,5.1043e-07,6.14922e-06,6.39735e-07,7,3,146873,9.2e+08,0.5,27,1.31614e-09,0.653343,2.86281e-06,5.60748e-06,51.0535,-22.5123,0.00311287,475.809,10711.6,16395,11523.7
4,46,296,1.02789e-05,8.37726e-07,7.6934e-06,6.34988e-07,6,2,163793,9.2e+08,0.5,27,1.02699e-09,0.546999,1.79332e-06,2.59017e-06,69.2358,-25.8667,0.00217916,540.235,13974.1,25546.9,2485.11
4,47,297,4.44791e-06,7.32103e-07,1.67418e-05,5.70966e-07,6,2,180057,9.2e+08,0.5,27,1.02563e-09,0.559692,1.71279e-06,2.16402e-06,79.1485,-26.6474,0.00308381,631.914,16838.9,30086,342.396
4,48,298,8.74541e-07,7.88309e-07,4.3355e-06,2.19995e-07,7,1,135848,9.2e+08,0.5,27,9.03286e-10,0.622696,2.77959e-06,4.18827e-06,66.366,-23.7797,0.00358748,589.506,14018.2,22512.2,3472.26
4,49,299,6.43286e-06,7.02486e-07,1.25599e-05,6.87653e-07,7,5,133348,9.2e+08,0.5,27,1.72631e-09,0.680578,3.43227e-06,5.70591e-06,60.1529,-22.4368,0.00498029,583.984,13102.7,19252.3,6173.78
5,0,300,1.00349e-05,7.79183e-07,1.37892e-05,6.00881e-07,5,2,128111,9.2e+08,0.5,27,9.32209e-10,0.519648,2.07355e-06,2.34613e-06,88.3817,-26.2965,0.00302957,655.146,17228,33153.3,0
5,1,301,6.80399e-06,7.41793e-07,1.32731e-05,6.98172e-07,9,4,142273,9.2e+08,0.5,27,1.72863e-09,0.647324,2.9062e-06,4.47158e-06,64.9926,-23.4954,0.00341778,600.139,14100.5,21782.8,4002.94
5,2,302,9.1477e-06,7.56155e-07,1.26586e-05,5.34305e-07,6,2,128854,9.2e+08,0.5,27,1.02736e-09,0.544127,2.26359e-06,2.95892e-06,76.5004,-25.2887,0.00279786,593.787,15016.1,27596.6,722.426
5,3,303,5.89127e-06,7.2441e-07,1.65515e-05,6.53811e-07,6,2,176800,9.2e+08,0.5,27,1.03018e-09,0.540713,1.62666e-06,1.97499e-06,82.3629,-27.0444,0.00254956,635.279,17180.7,31774.2,69.5414
5,4,304,7.91891e-06,7.39343e-07,1.64544e-05,8.77682e-07,7,2,405413,9.2e+08,0.5,27,1.14059e-09,0.528662,6.72735e-07,8.50421e-07,79.1062,-30.7037,0.00168,596.56,18316.6,34647.1,347.375
5,5,305,4.46898e-06,7.68229e-07,1.65309e-05,5.64582e-07,7,2,436509,9.2e+08,0.5,27,1.12553e-09,0.582608,7.65634e-07,1.24866e-06,61.3164,-29.0356,0.0023041,509.588,14796.2,25396.5,5609.12
5,6,306,1.98852e-05,6.38444e-07,1.58227e-05,4.97154e-07,3,2,116827,9.2e+08,0.5,27,7.41124e-10,0.469414,1.8509e-06,2.46466e-06,75.0976,-26.0824,0.00443856,502.861,13115.8,27940.9,980.587
5,7,307,9.62042e-06,8.00714e-07,2.33507e-06,7.80172e-07,8,2,323026,9.2e+08,0.5,27,1.21905e-09,0.568825,9.52006e-07,2.15949e-06,44.0847,-26.6565,0.000851804,357.712,9535.33,16763.2,16740.6
5,8,308,6.69735e-06,7.56775e-07,1.52309e-05,9.81451e-07,7,2,157787,9.2e+08,0.5,27,1.14003e-09,0.486724,1.45709e-06,1.78392e-06,81.679,-27.4863,0.00208478,567.1,15587.4,32025.2,110.293
5,9,309,1.12288e-05,7.45823e-07,1.56084e-05,7.07413e-07,9,4,214683,9.2e+08,0.5,27,1.73883e-09,0.625763,1.79958e-06,3.13e-06,57.4947,-25.0446,0.00326926,513.22,12853.4,20540.3,7565.42
5,10,310,4.05715e-06,8.62164e-07,1.1818e-05,5.51613e-07,7,2,118821,9.2e+08,0.5,27,1.12003e-09,0.572222,2.71104e-06,3.44965e-06,78.5887,-24.6222,0.00286887,641.491,15795,27602.9,411.044
5,11,311,1.00319e-05,7.11071e-07,1.6027e-05,6.08826e-07,6,1,186207,9.2e+08,0.5,27,8.33782e-10,0.334471,5.6753e-07,8.68271e-07,65.3632,-30.6134,0.00156235,311.859,9547.08,28543.8,3856.26
5,12,312,7.29996e-06,4.48161e-07,1.4692e-05,8.93428e-07,4,4,186432,9.2e+08,0.5,27,1.2328e-09,0.642085,2.17995e-06,3.80101e-06,57.3517,-24.201,0.00762832,525.297,12712.7,19799.1,7644.29
5,13,313,1.07934e-05,8.3027e-07,1.58868e-05,6.80213e-07,6,2,135386,9.2e+08,0.5,27,1.03954e-09,0.489393,1.73229e-06,2.12083e-06,81.6797,-26.7349,0.00241062,570.214,15244.6,31150.1,110.245
5,14,314,8.17913e-06,8.17642e-07,1.66178e-05,5.25834e-07,7,3,189923,9.2e+08,0.5,27,1.33085e-09,0.608617,1.92727e-06,2.79008e-06,69.0758,-25.5438,0.00358271,599.702,15318.7,25169.7,2535.81
5,15,315,2.9007e-06,7.75652e-07,1.63872e-05,6.26455e-07,7,2,157027,9.2e+08,0.5,27,1.12503e-09,0.546899,1.86623e-06,2.41051e-06,77.4206,-26.1789,0.00261419,603.99,15811.8,28911.8,574.469
5,16,316,1.18429e-05,7.14753e-07,1.16109e-05,6.03699e-07,5,2,161341,9.2e+08,0.5,27,9.30948e-10,0.532948,1.73281e-06,2.14846e-06,80.6534,-26.6787,0.002803,613.16,16358.3,30694,188.932
5,17,317,8.00947e-06,7.51454e-07,1.60081e-05,7.94529e-07,5,2,125181,9.2e+08,0.5,27,9.37475e-10,0.488479,1.86567e-06,2.21724e-06,84.1438,-26.5419,0.00312901,586.32,15562,31858.1,7.33169
5,18,318,9.11508e-06,2.47766e-07,1.33544e-05,7.70413e-07,8,2,146085,9.2e+08,0.5,27,1.22509e-09,0.54718,2.00657e-06,3.18455e-06,63.0096,-24.9695,0.00265314,491.817,12280.4,22443.1,4835.79
5,19,319,6.96147e-06,8.76301e-07,1.68004e-05,7.51107e-07,7,2,41426.9,9.2e+08,0.5,27,1.13744e-09,0.352118,2.90711e-06,4.66458e-06,62.3231,-23.3119,0.00385218,313.043,7297.61,20724.9,5142.59
5,20,320,1.29157e-05,7.50161e-07,2.28218e-06,7.45651e-07,5,3,134778,9.2e+08,0.5,27,1.12278e-09,0.501392,1.8113e-06,4.40286e-06,41.1391,-23.5627,0.002108,294.238,6933.03,13827.6,19237.7
5,21,321,7.08892e-06,7.13815e-07,3.38338e-06,7.02423e-07,9,2,246568,9.2e+08,0.5,27,1.31487e-09,0.61255,1.47254e-06,2.90465e-06,50.696,-25.3691,0.00120165,442.977,11237.9,18346.1,11767.7
5,22,322,4.58918e-06,6.90606e-07,4.83782e-06,5.32934e-07,5,1,234417,9.2e+08,0.5,27,7.11495e-10,0.556923,1.29774e-06,1.81606e-06,71.4587,-27.4087,0.0017995,567.697,15559.8,27938.9,1833.66
5,23,323,9.23299e-06,8.58922e-07,1.51562e-05,7.28224e-07,9,2,132344,9.2e+08,0.5,27,1.33794e-09,0.492348,1.78286e-06,2.18098e-06,81.746,-26.6135,0.00171628,574.123,15279.4,31033.8,105.888
5,24,324,1.70223e-05,8.62206e-07,1.66957e-05,8.00651e-07,7,2,170830,9.2e+08,0.5,27,1.15609e-09,0.436606,1.07629e-06,1.51285e-06,71.1429,-28.202,0.00220034,443.085,12495.9,28620.6,1920.24
5,25,325,1.97321e-05,7.56003e-07,1.45281e-05,7.17019e-07,5,2,160393,9.2e+08,0.5,27,9.50669e-10,0.444908,1.20173e-06,1.72001e-06,69.8674,-27.6447,0.00272807,443.416,12258.1,27552,2289.97
5,26,326,8.18309e-06,5.70576e-07,1.555e-05,8.14986e-07,6,2,184314,9.2e+08,0.5,27,1.03468e-09,0.521699,1.44684e-06,1.82608e-06,79.2322,-27.3848,0.00248923,589.642,16147.2,30951.2,332.68
5,27,327,4.465e-06,6.1399e-07,1.37892e-05,7.56198e-07,9,3,94571.9,9.2e+08,0.5,27,1.52634e-09,0.592878,3.65562e-06,4.71509e-06,77.5302,-23.2651,0.00305938,655.696,15254.8,25730.1,557.981
5,28,328,9.29271e-06,7.75457e-07,1.62312e-05,2.55467e-07,5,2,102341,9.2e+08,0.5,27,9.22705e-10,0.565159,3.07861e-06,3.82731e-06,80.438,-24.1711,0.00493268,648.482,15674.5,27734.7,208.117
5,29,329,7.40074e-06,7.15754e-07,1.43877e-05,7.61903e-07,4,2,145196,9.2e+08,0.5,27,8.32518e-10,0.520216,1.83194e-06,2.20936e-06,82.9174,-26.5573,0.00363053,615.313,16341.1,31412.1,43.3705
5,30,330,9.77782e-06,7.77083e-07,1.31783e-05,2.71551e-07,8,3,163290,9.2e+08,0.5,27,1.42235e-09,0.645858,2.5253e-06,4.48055e-06,56.3614,-23.4867,0.00448605,519.261,12195.7,18883,8201.67
5,31,331,8.46331e-06,8.53178e-07,1.42668e-05,6.9677e-07,6,2,314444,9.2e+08,0.5,27,1.03432e-09,0.545488,9.29997e-07,1.34139e-06,69.3309,-28.7245,0.00210724,539.484,15496.4,28408.3,2455.2
5,32,332,7.16261e-06,5.99559e-07,1.45281e-05,7.17019e-07,5,4,37254.9,9.2e+08,0.5,27,1.32942e-09,0.557479,8.17847e-06,1.10882e-05,73.7581,-19.5514,0.00772882,586.55,11467.9,20570.9,1263.79
5,33,333,9.89218e-06,5.73021e-07,1.52223e-05,6.12141e-07,5,4,157516,9.2e+08,0.5,27,1.32997e-09,0.646747,2.62595e-06,4.70247e-06,55.842,-23.2767,0.00596784,515.183,11991.8,18541.7,8501.92
5,34,334,3.51364e-06,7.88038e-07,1.57558e-05,2.83728e-07,4,1,135600,9.2e+08,0.5,27,6.14478e-10,0.463466,1.55047e-06,2.00837e-06,77.2003,-26.9716,0.0030371,510.391,13766,29702.4,608.368
5,35,335,8.92837e-06,7.46193e-07,1.5411e-05,9.39229e-07,6,3,288441,9.2e+08,0.5,27,1.24227e-09,0.580501,1.14947e-06,1.77294e-06,64.8339,-27.5131,0.00323957,536.873,14771,25445.3,4066.72
5,36,336,6.70422e-06,7.19315e-07,1.47495e-05,6.75042e-07,5,2,194699,9.2e+08,0.5,27,9.29558e-10,0.548721,1.52334e-06,1.96745e-06,77.4273,-27.061,0.0029377,606.055,16400.4,29888.5,573.456
5,37,337,8.33269e-06,8.62206e-07,1.66957e-05,8.00651e-07,7,4,170830,9.2e+08,0.5,27,1.5411e-09,0.614208,2.17766e-06,2.96569e-06,73.4284,-25.2787,0.00405641,643.348,16263,26478,1339.01
5,38,338,6.0226e-06,7.03214e-07,1.22863e-05,8.49264e-07,2,4,124091,9.2e+08,0.5,27,1.02934e-09,0.636687,3.2171e-06,4.40059e-06,73.1062,-23.5649,0.0109632,663.967,15646.3,24574.6,1414.63
5,39,339,1.06352e-05,3.5385e-07,1.10154e-05,7.31798e-07,8,2,117713,9.2e+08,0.5,27,1.22365e-09,0.53694,2.39625e-06,3.78507e-06,63.3079,-24.2193,0.00248962,484.898,11743.9,21871.8,4705.46
5,40,340,6.01167e-06,7.76611e-07,1.51807e-05,5.29222e-07,4,3,343719,9.2e+08,0.5,27,1.02541e-09,0.641703,1.18492e-06,2.18969e-06,54.1133,-26.5962,0.0057984,495.341,13174.2,20530,9539.88
5,41,341,1.07506e-05,6.85531e-07,1.55405e-05,7.0177e-07,7,3,134962,9.2e+08,0.5,27,1.33655e-09,0.574973,2.41463e-06,3.21016e-06,75.2183,-24.9347,0.00323071,616.932,15383,26754.3,956.818
5,42,342,8.6947e-06,7.14843e-07,1.4251e-05,8.31153e-07,6,1,290987,9.2e+08,0.5,27,8.3612e-10,0.36422,4.22101e-07,6.37989e-07,66.1612,-31.9519,0.00168287,343.743,10983.2,30155.5,3549.14
5,43,343,1.05393e-05,7.13218e-07,1.58408e-05,6.04032e-07,5,1,186306,9.2e+08,0.5,27,7.3417e-10,0.329774,5.55103e-07,8.56247e-07,64.8298,-30.674,0.00181622,304.97,9354.64,28366.9,4068.62
5,44,344,1.05208e-05,4.33288e-07,1.45195e-05,7.23419e-07,6,2,169481,9.2e+08,0.5,27,1.03012e-09,0.532654,1.64417e-06,2.43101e-06,67.6334,-26.1421,0.00265881,513.892,13434.2,25221.3,3016
5,45,345,9.8892e-06,7.75764e-07,2.26075e-06,6.46932e-07,5,4,130765,9.2e+08,0.5,27,1.31827e-09,0.593461,2.6353e-06,6.04171e-06,43.6185,-22.1884,0.00242645,369.258,8193.24,13805.8,17124.3
5,46,346,8.70392e-06,4.97186e-07,1.41648e-05,6.68014e-07,6,3,154224,9.2e+08,0.5,27,1.22758e-09,0.61353,2.41085e-06,3.80408e-06,63.3752,-24.1975,0.00428586,554.654,13421.2,21875.4,4676.3
5,47,347,8.32724e-06,6.32239e-07,1.49934e-05,6.42178e-07,9,3,287312,9.2e+08,0.5,27,1.52979e-09,0.62054,1.32248e-06,2.37642e-06,55.6501,-26.2408,0.00270125,492.609,12926.4,20830.9,8614.16
5,48,348,9.99192e-06,5.62075e-07,1.37083e-05,6.03901e-07,6,2,153551,9.2e+08,0.5,27,1.02779e-09,0.545049,1.90515e-06,2.46341e-06,77.338,-26.0846,0.00279064,601.306,15684.8,28776.9,587.057
5,49,349,1.22806e-05,7.33774e-07,1.41164e-05,7.21484e-07,4,2,318006,9.2e+08,0.5,27,8.38392e-10,0.526762,8.58812e-07,1.27821e-06,67.1885,-28.934,0.00274265,504.866,14607.8,27731.2,3172.49
6,0,350,1.00349e-05,7.79183e-07,1.37892e-05,6.00881e-07,5,2,128111,9.2e+08,0.5,27,9.32209e-10,0.519648,2.07355e-06,2.34613e-06,88.3817,-26.2965,0.00302957,655.146,17228,33153.3,0
6,1,351,8.20499e-06,7.19676e-07,1.3849e-05,6.0274e-07,3,5,150868,9.2e+08,0.5,27,1.3285e-09,0.6813,3.03422e-06,5.34111e-06,56.8088,-22.7237,0.0104139,552.103,12545.8,18414.5,7947.44
6,2,352,6.20336e-06,3.61563e-07,1.59365e-05,3.10454e-07,6,2,139374,9.2e+08,0.5,27,1.01438e-09,0.616569,2.69478e-06,4.26253e-06,63.2202,-23.7033,0.00523289,556.037,13179.9,21376.2,4743.59
6,3,353,8.23563e-06,7.94287e-07,1.40846e-05,5.33912e-07,7,2,172404,9.2e+08,0.5,27,1.12812e-09,0.552438,1.74331e-06,2.4168e-06,72.133,-26.1676,0.00229784,568.438,14874.7,26925.5,1655.61
6,4,354,7.40074e-06,7.15754e-07,1.43877e-05,7.61903e-07,4,2,145196,9.2e+08,0.5,27,8.32518e-10,0.520216,1.83194e-06,2.20936e-06,82.9174,-26.5573,0.00363053,615.313,16341.1,31412.1,43.3705
6,5,355,4.95319e-06,7.93545e-07,1.69031e-05,4.1413e-07,5,3,154594,9.2e+08,0.5,27,1.12186e-09,0.637465,2.59239e-06,3.85422e-06,67.2612,-24.1406,0.00639635,611.628,14765.1,23162.2,3146.64
6,6,356,6.65005e-06,5.9604e-07,1.39024e-05,1.94929e-07,6,2,141542,9.2e+08,0.5,27,1.01335e-09,0.631724,2.77907e-06,4.47067e-06,62.1623,-23.4963,0.0064597,560.171,13161.9,20834.9,5215.62
6,7,357,6.69735e-06,7.56775e-07,1.52309e-05,3.96722e-07,7,2,167255,9.2e+08,0.5,27,1.12222e-09,0.579942,1.98479e-06,2.62297e-06,75.6695,-25.8121,0.00301787,625.996,16158.2,27861.8,870.59
6,8,358,4.79136e-06,6.19657e-07,1.37892e-05,2.57879e-07,9,2,99304.1,9.2e+08,0.5,27,1.31305e-09,0.621099,3.83106e-06,5.43278e-06,70.5175,-22.6498,0.00414986,624.776,14151,22783.9,2097.41
6,9,359,8.36991e-06,8.22087e-07,1.62524e-05,7.29703e-07,6,2,324494,9.2e+08,0.5,27,1.03748e-09,0.533449,8.60785e-07,1.12023e-06,76.8401,-29.5069,0.00206155,584.719,17253.3,32342.8,665.846
6,10,360,8.69577e-06,7.37232e-07,1.76038e-05,7.16964e-07,6,3,356678,9.2e+08,0.5,27,1.23806e-09,0.596856,9.85632e-07,1.42184e-06,69.3207,-28.4715,0.00375423,590.199,16803.9,28154,2458.4
6,11,361,8.18309e-06,9.67017e-07,1.555e-05,8.14986e-07,6,3,184314,9.2e+08,0.5,27,1.24117e-09,0.571259,1.74369e-06,2.40033e-06,72.6436,-26.1973,0.00313535,591.966,15507.9,27146.9,1526.79
6,12,362,8.27379e-06,7.86712e-07,1.51016e-05,6.92255e-07,6,2,182670,9.2e+08,0.5,27,1.03393e-09,0.527451,1.49542e-06,1.84019e-06,81.264,-27.3514,0.00250737,611.43,16723.5,31706.2,139.575
6,13,363,3.3258e-06,6.56205e-07,1.4833e-05,6.98508e-07,8,4,137836,9.2e+08,0.5,27,1.62509e-09,0.655312,3.06945e-06,4.47342e-06,68.6153,-23.4936,0.00445687,641.409,15069,22995.2,2684.58
6,14,364,7.00119e-06,6.31389e-07,1.53401e-05,6.4535e-07,6,2,147177,9.2e+08,0.5,27,1.02864e-09,0.541001,1.95716e-06,2.44166e-06,80.1569,-26.1231,0.00281298,618.593,16159.6,29869.8,234.559
6,15,365,1.75721e-05,8.2868e-07,1.63326e-05,6.03127e-07,7,2,197085,9.2e+08,0.5,27,1.14882e-09,0.474951,1.11661e-06,1.52466e-06,73.2368,-28.1683,0.00167677,496.186,13976.7,29427.7,1383.73
6,16,366,1.04828e-05,6.25742e-07,1.16405e-05,2.03994e-07,6,1,165220,9.2e+08,0.5,27,8.17868e-10,0.479341,1.36732e-06,1.74968e-06,78.1469,-27.5704,0.00179608,534.346,14732.1,30734.1,469.656
6,17,367,7.94032e-06,7.43967e-07,1.62184e-05,8.67942e-07,6,2,384332,9.2e+08,0.5,27,1.03997e-09,0.529547,7.13953e-07,9.22036e-07,77.4323,-30.3525,0.00198343,584.915,17753.6,33526.1,572.708
6,18,368,1.77245e-05,7.36241e-07,1.51762e-05,5.38182e-07,4,1,124865,9.2e+08,0.5,27,6.42434e-10,0.181124,2.51608e-07,6.5424e-07,38.458,-31.8426,0.0013918,99.3643,3164.02,17468.8,21662.4
6,19,369,1.17113e-05,2.16238e-07,1.3455e-05,6.21415e-07,6,4,145212,9.2e+08,0.5,27,1.42179e-09,0.663289,2.98776e-06,8.63332e-06,34.6073,-20.6382,0.00720534,327.444,6757.87,10188.4,25394.2
6,20,370,1.48127e-05,7.84574e-07,1.18056e-05,7.47996e-07,6,2,131352,9.2e+08,0.5,27,1.0409e-09,0.466687,1.61596e-06,2.23377e-06,72.342,-26.5096,0.00241308,481.596,12766.9,27356.5,1602.26
6,21,371,6.84269e-06,7.09156e-07,1.4641e-05,7.07775e-07,5,2,91238.6,9.2e+08,0.5,27,9.3043e-10,0.499528,2.68341e-06,3.26009e-06,82.3107,-24.8677,0.00362529,586.52,14585.4,29198.3,72.3244
6,22,372,5.94203e-06,7.1066e-07,1.62023e-05,2.35155e-07,5,3,174898,9.2e+08,0.5,27,1.11607e-09,0.67138,2.53059e-06,4.90944e-06,51.5454,-23.0897,0.00995682,493.655,11398.3,16977.5,11192.1
6,23,373,8.0191e-06,3.11732e-07,1.55366e-05,6.92093e-07,5,3,113631,9.2e+08,0.5,27,1.12651e-09,0.607173,3.20053e-06,5.09684e-06,62.7944,-22.927,0.00585329,543.876,12469.4,20536.9,4930.89
6,24,374,6.59903e-06,7.93809e-07,1.61903e-05,6.92276e-07,3,4,162424,9.2e+08,0.5,27,1.13289e-09,0.639614,2.48279e-06,3.49536e-06,71.031,-24.5651,0.00908879,648.085,15920.3,24890.4,1951.32
6,25,375,6.96659e-06,6.42276e-07,1.48898e-05,6.45317e-07,4,3,43268.6,9.2e+08,0.5,27,1.02817e-09,0.533567,6.44922e-06,8.33398e-06,77.3847,-20.7915,0.00768609,588.993,12246,22951.2,579.935
6,26,376,8.00254e-06,6.29307e-07,5.30307e-06,7.42364e-07,5,2,296412,9.2e+08,0.5,27,9.17946e-10,0.61234,1.24314e-06,2.3746e-06,52.3514,-26.2441,0.00253838,457.285,12001,19598.6,10659.3
6,27,377,1.27281e-05,7.64683e-07,1.48909e-05,5.86512e-07,6,2,284689,9.2e+08,0.5,27,1.03693e-09,0.529449,9.68481e-07,1.40422e-06,68.9693,-28.5256,0.0020623,520.89,14858.7,28064.5,2569.84
6,28,378,5.23199e-06,7.85767e-07,1.85226e-05,2.81053e-07,5,2,118634,9.2e+08,0.5,27,9.18634e-10,0.57906,2.78218e-06,3.65769e-06,76.064,-24.3679,0.00562121,628.303,15310.4,26440.1,798.528
6,29,379,2.9007e-06,7.75652e-07,1.63872e-05,6.26455e-07,7,3,157027,9.2e+08,0.5,27,1.32503e-09,0.61545,2.3735e-06,3.19133e-06,74.3734,-24.9603,0.00387343,652.945,16297.7,26480.9,1129.25
6,30,380,9.15481e-06,2.51961e-07,1.61045e-05,3.78389e-07,5,2,116521,9.2e+08,0.5,27,9.16801e-10,0.589331,2.94068e-06,4.64587e-06,63.2968,-23.3293,0.00582458,532.117,12413.9,21064.4,4710.31
6,31,381,7.47596e-06,7.09568e-07,1.65013e-05,5.49653e-07,4,2,134493,9.2e+08,0.5,27,8.28749e-10,0.537703,2.11936e-06,2.55191e-06,83.0498,-25.9313,0.00409977,637.011,16518.6,30720.6,38.0328
6,32,382,1.14845e-05,7.63633e-07,1.6186e-05,7.97848e-07,5,2,159849,9.2e+08,0.5,27,9.43368e-10,0.479905,1.40807e-06,1.81492e-06,77.5832,-27.4114,0.0027083,531.115,14558.6,30336.5,550.099
6,33,383,1.07934e-05,8.3027e-07,1.58868e-05,6.80213e-07,6,2,410396,9.2e+08,0.5,27,1.03954e-09,0.531285,6.75357e-07,9.34551e-07,72.2654,-30.294,0.00188125,547.676,16591.3,31228.6,1621.7
6,34,384,9.08207e-06,5.94723e-07,1.43461e-05,7.00522e-07,6,2,73447.6,9.2e+08,0.5,27,1.0309e-09,0.477091,3.03424e-06,3.87704e-06,78.2617,-24.115,0.00341592,532.619,12844.1,26921.7,454.052
6,35,385,7.75371e-06,7.32364e-07,1.60476e-05,6.9308e-07,8,2,223297,9.2e+08,0.5,27,1.2336e-09,0.535879,1.25998e-06,1.57776e-06,79.8592,-28.0196,0.0017833,610.461,17104.9,31919.3,264.283
6,36,386,1.9573e-05,6.103e-07,1.53027e-05,7.13339e-07,7,2,158044,9.2e+08,0.5,27,1.14572e-09,0.457296,1.28526e-06,1.84989e-06,69.4774,-27.3285,0.00206151,453.218,12385.8,27084.8,2409.52
6,37,387,9.22967e-06,7.63498e-07,1.43327e-05,6.80129e-07,5,2,137922,9.2e+08,0.5,27,9.3359e-10,0.514548,1.88619e-06,2.3463e-06,80.3899,-26.2962,0.00296865,590.057,15516.2,30155,212.531
6,38,388,5.94201e-06,6.85463e-07,1.62028e-05,7.13556e-07,5,2,93795.9,9.2e+08,0.5,27,9.31269e-10,0.497928,2.59348e-06,2.95165e-06,87.8652,-25.2993,0.00356327,624.094,15789.2,31709.7,3.43399e-05
6,39,389,8.6852e-06,6.91598e-07,1.45865e-05,8.7131e-07,6,2,307008,9.2e+08,0.5,27,1.03743e-09,0.531066,8.99031e-07,1.15277e-06,77.989,-29.3826,0.00209474,590.81,17359.5,32688.1,491.543
6,40,390,8.70421e-06,5.54178e-07,1.42889e-05,3.83458e-07,6,2,109025,9.2e+08,0.5,27,1.02061e-09,0.574852,2.9933e-06,3.99316e-06,74.9608,-23.9868,0.00394978,614.691,14744.5,25649.2,1007.86
6,41,391,1.21481e-05,8.08461e-07,1.59238e-05,9.34793e-07,5,2,176715,9.2e+08,0.5,27,9.49414e-10,0.459486,1.16014e-06,1.4993e-06,77.3787,-28.2411,0.00306119,507.177,14323.2,31172.3,580.862
6,42,392,9.27129e-06,7.50242e-07,1.43106e-05,2.64364e-07,5,2,130032,9.2e+08,0.5,27,9.21478e-10,0.58197,2.57136e-06,3.4614e-06,74.2868,-24.6075,0.00483939,616.706,15175.6,26076.2,1147.74
6,43,393,9.26186e-06,6.60929e-07,1.00367e-05,2.65788e-07,8,3,198081,9.2e+08,0.5,27,1.41758e-09,0.674023,2.26864e-06,4.89122e-06,46.3818,-23.1058,0.00446712,445.952,10304.1,15287.4,14913.7
6,44,394,8.87092e-06,7.31939e-07,1.06172e-05,9.93444e-07,6,2,139647,9.2e+08,0.5,27,1.03408e-09,0.489772,1.66999e-06,2.25252e-06,74.1388,-26.4733,0.00256486,517.971,13712.4,27997.6,1179.65
6,45,395,9.50454e-06,7.90981e-07,1.58937e-05,5.23491e-07,6,2,114367,9.2e+08,0.5,27,1.03168e-09,0.517624,2.30518e-06,2.90397e-06,79.3803,-25.3701,0.00286397,586.129,14870.2,28727.7,315.806
6,46,396,6.37057e-06,7.2006e-07,1.45475e-05,6.67447e-07,5,2,161632,9.2e+08,0.5,27,9.28594e-10,0.545278,1.81165e-06,2.32169e-06,78.0316,-26.342,0.00313924,606.953,15988.3,29321.4,485.582
6,47,397,5.22563e-06,8.75969e-07,1.60733e-05,5.47255e-07,6,5,49088.8,9.2e+08,0.5,27,1.62675e-09,0.628584,7.91454e-06,1.05331e-05,75.14,-19.7745,0.00796317,673.753,13323.1,21195.4,972.189
6,48,398,7.11041e-06,7.23849e-07,1.8647e-05,2.34428e-07,5,2,155454,9.2e+08,0.5,27,9.19036e-10,0.587809,2.19044e-06,3.12459e-06,70.1033,-25.0521,0.00565737,587.815,14726,25052.3,2219.12
6,49,399,9.23299e-06,8.58922e-07,1.5162e-05,7.28224e-07,9,2,132344,9.2e+08,0.5,27,1.33794e-09,0.492316,1.78261e-06,2.18148e-06,81.7157,-26.6125,0.00171621,573.873,15272.2,31021.1,107.866
7,0,400,1.00349e-05,7.79183e-07,1.37892e-05,6.00881e-07,5,2,128111,9.2e+08,0.5,27,9.32209e-10,0.519648,2.07355e-06,2.34613e-06,88.3817,-26.2965,0.00302957,655.146,17228,33153.3,0
7,1,401,8.05505e-06,7.11666e-07,1.98376e-05,6.81222e-07,5,2,486127,9.2e+08,0.5,27,9.38493e-10,0.533737,5.76932e-07,8.11668e-07,71.0797,-30.9062,0.00227938,541.177,16725.7,31337,1937.74
7,2,402,9.74079e-06,8.19749e-07,1.3599e-05,6.21514e-07,6,2,135140,9.2e+08,0.5,27,1.03287e-09,0.519212,1.95966e-06,2.19815e-06,89.1505,-26.5794,0.00249252,660.29,17550.1,33801.5,0
7,3,403,8.27379e-06,2.65174e-07,1.51016e-05,6.92255e-07,7,2,182670,9.2e+08,0.5,27,1.1253e-09,0.560003,1.68827e-06,2.75034e-06,61.384,-25.6061,0.00290975,490.356,12556.1,22421.5,5577.16
7,4,404,9.45188e-06,8.45584e-07,1.55349e-05,6.20872e-07,8,2,115042,9.2e+08,0.5,27,1.23528e-09,0.498742,2.11654e-06,2.64657e-06,79.9732,-25.7732,0.00202563,568.967,14664.1,29402.1,252.687
7,5,405,7.30617e-06,9.19056e-07,1.50365e-05,6.45437e-07,5,4,146383,9.2e+08,0.5,27,1.33284e-09,0.635676,2.72745e-06,3.99452e-06,68.2798,-23.9854,0.00565244,619.148,14850.5,23361.7,2795.66
7,6,406,6.15717e-06,9.61583e-07,1.42717e-05,6.76903e-07,5,4,162162,9.2e+08,0.5,27,1.33116e-09,0.643317,2.51919e-06,3.66008e-06,68.8288,-24.3651,0.00575522,631.628,15389.7,23922.4,2615.07
7,7,407,6.64789e-06,7.45793e-07,1.61929e-05,7.73001e-07,2,2,153207,9.2e+08,0.5,27,6.3495e-10,0.513494,1.69019e-06,1.92554e-06,87.7777,-27.1545,0.00590483,642.962,17459.3,34001,0
7,8,408,7.81194e-06,7.18339e-07,1.4248e-05,5.75846e-07,7,2,149947,9.2e+08,0.5,27,1.12763e-09,0.548109,1.97198e-06,2.507e-06,78.659,-26.0085,0.00243939,615.01,15995.5,29183,402.081
7,9,409,7.86093e-06,9.2511e-07,1.50641e-05,6.39905e-07,6,4,122500,9.2e+08,0.5,27,1.43382e-09,0.626669,3.16584e-06,4.38227e-06,72.242,-23.583,0.005009,645.795,15229.8,24302.7,1627.67
7,10,410,9.51702e-06,7.48743e-07,1.49617e-05,6.47978e-07,5,2,61919.5,9.2e+08,0.5,27,9.33641e-10,0.449577,3.19267e-06,4.24032e-06,75.2932,-23.726,0.0044366,482.865,11456.5,25482.8,942.244
7,11,411,6.8695e-06,7.50173e-07,1.56196e-05,9.42653e-07,6,2,160976,9.2e+08,0.5,27,1.03975e-09,0.490975,1.45869e-06,1.75339e-06,83.1927,-27.5612,0.00245579,582.655,16058.7,32707.7,32.6629
7,12,412,6.08266e-06,2.56608e-07,1.76252e-05,6.02529e-07,7,3,129492,9.2e+08,0.5,27,1.32436e-09,0.624252,2.97322e-06,4.94045e-06,60.1811,-23.0623,0.00480949,535.904,12359.2,19798.4,6159.76
7,13,413,7.21927e-06,6.66304e-07,1.92498e-05,5.80816e-07,5,2,142026,9.2e+08,0.5,27,9.31982e-10,0.522811,1.89505e-06,2.24989e-06,84.2285,-26.4784,0.0031058,628.159,16632.6,31813.9,5.9524
7,14,414,6.72042e-06,7.59784e-07,1.43143e-05,3.03341e-07,5,2,60730,9.2e+08,0.5,27,9.18896e-10,0.560016,5.07964e-06,6.32982e-06,80.2494,-21.9861,0.00628592,641.075,14094.7,25168.4,225.679
7,15,415,7.11037e-06,4.013e-07,1.56325e-05,5.47091e-07,5,2,102994,9.2e+08,0.5,27,9.22812e-10,0.555109,2.94956e-06,3.94847e-06,74.7012,-24.0357,0.00432804,591.523,14217.7,25612.4,1060.66
7,16,416,5.23199e-06,7.85767e-07,1.85226e-05,2.81053e-07,9,2,118634,9.2e+08,0.5,27,1.31863e-09,0.578033,2.77244e-06,3.76895e-06,73.5601,-24.2378,0.00327435,606.542,14701.2,25433.2,1308.72
7,17,417,5.57257e-06,8.02752e-07,1.4618e-05,3.96281e-07,5,2,129248,9.2e+08,0.5,27,9.20532e-10,0.579927,2.56747e-06,3.31961e-06,77.3424,-24.7891,0.00434305,639.819,15860.6,27349.2,586.381
7,18,418,9.23299e-06,8.58922e-07,5.37645e-06,7.28224e-07,9,2,132344,9.2e+08,0.5,27,1.32369e-09,0.525984,2.02601e-06,3.00771e-06,67.3603,-25.2176,0.00140353,505.409,12745.2,24231.2,3111.58
7,19,419,7.26709e-06,6.6319e-07,1.56733e-05,6.86921e-07,7,2,220820,9.2e+08,0.5,27,1.13117e-09,0.545247,1.3225e-06,1.74979e-06,75.5805,-27.5701,0.00224201,587.854,16207.2,29724.5,887.263
7,20,420,1.871e-05,7.61757e-07,1.54551e-05,7.11816e-07,3,2,131971,9.2e+08,0.5,27,7.50507e-10,0.433854,1.39216e-06,1.91811e-06,72.5793,-27.1713,0.00462975,449.182,12204.8,28131.2,1542.76
7,21,421,1.22987e-05,7.56755e-07,1.23137e-05,6.27198e-07,2,2,173533,9.2e+08,0.5,27,6.3406e-10,0.524238,1.5577e-06,1.94009e-06,80.2901,-27.1218,0.00573993,600.422,16284.5,31063.2,221.835
7,22,422,9.31129e-06,7.40573e-07,1.14142e-05,6.15591e-07,2,2,279283,9.2e+08,0.5,27,6.27844e-10,0.569361,1.14684e-06,1.72556e-06,66.4619,-27.6307,0.00568964,539.792,14914.8,26195.7,3436.62
7,23,423,7.99324e-06,7.2673e-07,1.43649e-05,6.92432e-07,5,2,142949,9.2e+08,0.5,27,9.31511e-10,0.525586,1.90005e-06,2.34066e-06,81.1757,-26.3066,0.00305581,608.606,16010.4,30461.9,146.249
7,24,424,8.56232e-06,7.89793e-07,1.54517e-05,7.7458e-07,7,4,333694,9.2e+08,0.5,27,1.53746e-09,0.640271,1.21066e-06,2.26566e-06,53.4354,-26.4481,0.00471564,488.044,12907.8,20159.9,9963.25
7,25,425,1.0394e-05,2.16996e-07,1.05044e-05,8.40541e-07,5,5,139658,9.2e+08,0.5,27,1.52217e-09,0.682862,3.2884e-06,1.0636e-05,30.9176,-19.7322,0.00809592,301.165,5942.65,8702.57,29249.1
7,26,426,4.60895e-06,7.77751e-07,1.2655e-05,4.99341e-07,6,5,165481,9.2e+08,0.5,27,1.61981e-09,0.711249,3.01785e-06,5.48142e-06,55.056,-22.6111,0.0065268,558.589,12630.3,17757.9,8966.43
7,27,427,1.80281e-06,7.0591e-07,3.716e-06,5.56555e-07,3,2,146474,9.2e+08,0.5,27,7.06682e-10,0.665758,2.98226e-06,4.25716e-06,70.0527,-23.7088,0.00536383,665.285,15773.1,23692,2234.21
7,28,428,1.3403e-05,7.7099e-07,4.99623e-06,7.23758e-07,4,3,238784,9.2e+08,0.5,27,1.0279e-09,0.605749,1.51322e-06,3.02458e-06,50.0308,-25.1933,0.00311424,432.311,10891.4,17980,12228.4
7,29,429,7.00119e-06,6.31389e-07,1.53401e-05,6.4535e-07,6,1,147177,9.2e+08,0.5,27,8.2864e-10,0.354045,8.12498e-07,1.20719e-06,67.3049,-29.1822,0.00184363,339.916,9919.51,28017.6,3131.35
7,30,430,8.54925e-06,7.52171e-07,1.49371e-05,7.01543e-07,7,2,205830,9.2e+08,0.5,27,1.13382e-09,0.532406,1.35053e-06,1.69022e-06,79.903,-27.7206,0.00197257,606.837,16821.9,31596,259.792
7,31,431,7.43416e-06,8.2888e-07,1.50039e-05,8.7176e-07,6,2,96688.6,9.2e+08,0.5,27,1.03848e-09,0.454679,2.08189e-06,2.66029e-06,78.2581,-25.7507,0.00313781,507.576,13070.4,28746.5,454.55
7,32,432,8.5706e-06,6.514e-07,5.66479e-06,4.69562e-07,6,2,323233,9.2e+08,0.5,27,1.01649e-09,0.633432,1.22504e-06,2.54361e-06,48.1613,-25.9455,0.00233436,435.175,11290.8,17824.9,13570.9
7,33,433,1.0104e-05,6.24661e-07,6.69325e-06,7.05977e-07,6,2,97673.3,9.2e+08,0.5,27,1.02207e-09,0.516882,2.67739e-06,4.06767e-06,65.8212,-23.9065,0.00271426,485.314,11602.2,22446.5,3678.28
7,34,434,8.23444e-06,2.19239e-07,1.41846e-05,5.53703e-07,7,2,176423,9.2e+08,0.5,27,1.11932e-09,0.588684,1.93702e-06,3.52676e-06,54.9236,-24.5262,0.00362958,461.22,11312,19215.7,9045.89
7,35,435,9.55124e-06,7.63896e-07,1.44299e-05,6.03672e-07,6,2,246766,9.2e+08,0.5,27,1.03201e-09,0.546189,1.1904e-06,1.71563e-06,69.3854,-27.6558,0.00229411,540.602,14950.7,27372.8,2438.16
7,36,436,6.37057e-06,7.2006e-07,1.17834e-05,6.67447e-07,5,2,193490,9.2e+08,0.5,27,9.24904e-10,0.571302,1.66293e-06,2.24466e-06,74.0838,-26.4885,0.00312291,603.747,15992.4,27992.9,1191.62
7,37,437,7.6388e-06,6.33396e-07,1.60917e-05,7.06442e-07,6,5,235923,9.2e+08,0.5,27,1.63241e-09,0.677237,1.91805e-06,3.98884e-06,48.0854,-23.9915,0.00672698,464.537,11144.9,16456.5,13626.9
7,38,438,7.78721e-06,7.28365e-07,9.13426e-07,8.23426e-07,6,2,36754.8,9.2e+08,0.5,27,1.01285e-09,0.104598,2.89441e-07,3.3235e-06,8.70892,-24.784,0.00125044,12.9944,322.053,3078.95,58204.5
7,39,439,1.55755e-05,7.60556e-07,1.59142e-05,4.47788e-07,3,2,116226,9.2e+08,0.5,27,7.37944e-10,0.493972,2.06467e-06,2.56121e-06,80.6129,-25.9155,0.00460349,568.032,14720.9,29801,192.468
7,40,440,1.29005e-05,6.75424e-07,9.99957e-06,8.77929e-07,2,2,139984,9.2e+08,0.5,27,6.34984e-10,0.48366,1.63299e-06,2.30536e-06,70.8346,-26.3726,0.00623233,488.711,12888.6,26648,2006.6
7,41,441,3.98279e-06,7.99946e-07,1.60541e-05,5.81125e-07,5,2,75529.1,9.2e+08,0.5,27,9.25031e-10,0.504062,3.30242e-06,4.27358e-06,77.2754,-23.6921,0.00420175,555.638,13164.2,26116.3,596.691
7,42,442,5.5416e-06,8.63185e-07,3.86438e-06,6.49687e-07,6,2,94569.7,9.2e+08,0.5,27,1.01459e-09,0.54291,3.05018e-06,4.71166e-06,64.7367,-23.2683,0.0025154,501.354,11665.6,21487.3,4105.99
7,43,443,1.04686e-05,6.91134e-07,1.37292e-05,7.63799e-07,6,2,220920,9.2e+08,0.5,27,1.03544e-09,0.525801,1.22611e-06,1.61902e-06,75.7317,-27.9075,0.0023634,568.023,15852.1,30148.4,859.02
7,44,444,9.27129e-06,7.50242e-07,6.33137e-06,2.64364e-07,8,2,130032,9.2e+08,0.5,27,1.21726e-09,0.616298,2.88609e-06,4.28843e-06,67.2994,-23.677,0.00265254,591.654,14008.6,22730.3,3133.12
7,45,445,7.52529e-06,7.61886e-07,1.41178e-05,6.33526e-07,6,2,139511,9.2e+08,0.5,27,1.02935e-09,0.535673,2.02297e-06,2.51893e-06,80.3104,-25.9878,0.00273617,613.673,15948,29772,219.928
7,46,446,8.41552e-06,7.8004e-07,1.07573e-05,5.25895e-07,5,2,299981,9.2e+08,0.5,27,9.24443e-10,0.588938,1.14238e-06,1.63749e-06,69.7642,-27.8582,0.00290237,586.096,16327.6,27723.8,2321.29
7,47,447,1.83473e-05,7.45336e-07,1.49614e-05,6.52393e-07,5,3,92625.7,9.2e+08,0.5,27,1.14687e-09,0.518517,2.85539e-06,3.9313e-06,72.6322,-24.0546,0.0038568,537.227,12922.8,24922.6,1529.64
7,48,448,7.12435e-06,3.09587e-07,1.58608e-05,7.53996e-07,6,2,228414,9.2e+08,0.5,27,1.02833e-09,0.556412,1.33355e-06,2.13036e-06,62.5973,-26.7155,0.0028469,496.842,13273.4,23855.3,5018.79
7,49,449,1.25697e-05,6.00208e-07,1.38033e-05,2.36879e-07,8,5,101184,9.2e+08,0.5,27,1.82163e-09,0.701972,4.80001e-06,1.01016e-05,47.5172,-19.9561,0.00836755,475.814,9495.38,13526.7,14049.6
8,0,450,1.00349e-05,7.79183e-07,1.37892e-05,6.00881e-07,5,2,128111,9.2e+08,0.5,27,9.32209e-10,0.519648,2.07355e-06,2.34613e-06,88.3817,-26.2965,0.00302957,655.146,17228,33153.3,0
8,1,451,5.35339e-06,7.47252e-07,4.67125e-06,7.31897e-07,9,2,121805,9.2e+08,0.5,27,1.31484e-09,0.574842,2.64001e-06,4.07368e-06,64.8066,-23.9001,0.00166593,531.416,12700.9,22094.6,4077.74
8,2,452,4.68158e-06,7.90429e-07,1.74399e-05,4.13183e-07,9,2,114431,9.2e+08,0.5,27,1.32181e-09,0.558322,2.67676e-06,3.4538e-06,77.5018,-24.617,0.00291569,617.252,15194.9,27215.3,562.231
8,3,453,7.53684e-06,6.56627e-07,1.49056e-05,8.4931e-07,7,3,57133.3,9.2e+08,0.5,27,1.33522e-09,0.511873,4.49412e-06,5.79325e-06,77.5751,-22.3708,0.00401835,566.436,12671.6,24755.4,551.293
8,4,454,1.14517e-05,9.06139e-07,1.64644e-05,6.41112e-07,5,3,246050,9.2e+08,0.5,27,1.14186e-09,0.579843,1.35046e-06,1.73081e-06,78.0246,-27.6175,0.00362671,645.37,17823.5,30738.5,486.56
8,5,455,1.67544e-05,7.54427e-07,1.55777e-05,6.31136e-07,4,4,97741.5,9.2e+08,0.5,27,1.24494e-09,0.583668,3.43753e-06,4.75912e-06,72.2304,-23.2247,0.00627581,601.384,13967,23929.7,1630.64
8,6,456,8.39167e-06,5.155e-07,4.14884e-06,6.55306e-07,6,2,174965,9.2e+08,0.5,27,1.01409e-09,0.601721,2.02803e-06,3.93812e-06,51.4973,-24.0471,0.00229881,442.024,10629.4,17665,11224.3
8,7,457,1.21862e-06,7.23184e-07,1.57671e-05,5.65965e-07,7,2,169852,9.2e+08,0.5,27,1.11961e-09,0.546466,1.7043e-06,2.39335e-06,71.2099,-26.2099,0.00292315,555.098,14549.1,26624,1901.67
8,8,458,1.36845e-05,6.39122e-07,6.90545e-06,5.53427e-07,3,2,132808,9.2e+08,0.5,27,7.25135e-10,0.536264,2.12965e-06,3.23441e-06,65.8436,-24.902,0.00465369,503.685,12542.8,23389.2,3669.68
8,9,459,9.93723e-06,7.96055e-07,1.44761e-05,5.06459e-07,8,2,128177,9.2e+08,0.5,27,1.23048e-09,0.530081,2.15496e-06,2.7092e-06,79.5424,-25.6716,0.00212643,601.461,15440.5,29128.5,297.854
8,10,460,1.08287e-05,3.57464e-07,1.85161e-05,5.80938e-07,5,2,139621,9.2e+08,0.5,27,9.29255e-10,0.528017,1.96692e-06,2.79484e-06,70.3766,-25.5364,0.00358001,530.081,13536.4,25636.3,2138.43
8,11,461,7.11363e-06,6.98812e-07,1.33685e-05,6.7701e-07,6,2,205944,9.2e+08,0.5,27,1.02804e-09,0.557815,1.48715e-06,2.00115e-06,74.3149,-26.9872,0.00250907,591.334,15958.4,28608.8,1141.72
8,12,462,7.2827e-06,8.75014e-07,1.5354e-05,1.95374e-07,7,2,186327,9.2e+08,0.5,27,1.11874e-09,0.603495,1.92767e-06,2.98746e-06,64.5254,-25.247,0.00436238,555.483,14024.3,23238.4,4192.11
8,13,463,8.463e-06,7.93005e-07,1.68947e-05,6.41991e-07,6,2,167067,9.2e+08,0.5,27,1.03511e-09,0.518667,1.58176e-06,1.9481e-06,81.195,-27.1039,0.00244195,600.736,16282.3,31392.6,144.782
8,14,464,1.30912e-05,7.57591e-07,1.51841e-05,6.31197e-07,6,2,16643.6,9.2e+08,0.5,27,1.039e-09,0.196045,2.22972e-06,6.19885e-06,35.9698,-22.0769,0.00509828,100.591,2220.74,11327.7,24040.3
8,15,465,1.71341e-05,7.3646e-07,1.37683e-05,6.2121e-07,7,2,162963,9.2e+08,0.5,27,1.14234e-09,0.482869,1.39735e-06,1.91179e-06,73.0909,-27.1856,0.00184404,503.452,13686.7,28344.5,1418.27
8,16,466,6.71388e-06,7.8302e-07,1.66554e-05,5.73459e-07,9,2,122803,9.2e+08,0.5,27,1.32962e-09,0.527077,2.21847e-06,2.7334e-06,81.1617,-25.633,0.00199708,610.227,15641.9,29676.7,147.326
8,17,467,7.48337e-06,7.35564e-07,1.51743e-05,6.27855e-07,5,2,164637,9.2e+08,0.5,27,9.30063e-10,0.540205,1.74596e-06,2.14763e-06,81.2973,-26.6804,0.00304873,626.471,16714.5,30941,137.102
8,18,468,7.09526e-06,8.66613e-07,1.45847e-05,6.40233e-07,5,2,153522,9.2e+08,0.5,27,9.30973e-10,0.532982,1.82086e-06,2.20887e-06,82.434,-26.5583,0.002983,626.737,16645.1,31230,65.8449
8,19,469,1.43986e-05,7.89606e-07,1.4268e-05,3.44536e-07,6,3,268132,9.2e+08,0.5,27,1.23257e-09,0.610035,1.37375e-06,2.60806e-06,52.6732,-25.8368,0.00386338,458.364,11842.7,19413.1,10450.3
8,20,470,1.71375e-05,6.45667e-07,1.46116e-05,3.85506e-07,6,2,209467,9.2e+08,0.5,27,1.0334e-09,0.529566,1.32134e-06,1.96771e-06,67.1514,-27.0604,0.0022782,507.273,13727,25921.2,3185.71
8,21,471,7.50022e-06,8.54457e-07,1.43191e-05,5.16964e-07,6,2,148299,9.2e+08,0.5,27,1.02762e-09,0.549391,2.00561e-06,2.53264e-06,79.1906,-25.9643,0.00284428,620.614,16113.8,29330.3,337.491
8,22,472,1.82457e-05,8.19749e-07,1.3599e-05,6.21514e-07,6,2,135140,9.2e+08,0.5,27,1.04682e-09,0.455378,1.49763e-06,2.08813e-06,71.7213,-26.8024,0.00222038,465.893,12487.1,27421.3,1763.26
8,23,473,6.51383e-06,7.03811e-07,1.53765e-05,6.8277e-07,7,3,204185,9.2e+08,0.5,27,1.33017e-09,0.613024,1.81697e-06,2.5998e-06,69.8886,-25.8506,0.0034186,611.154,15798.7,25771.7,2283.53
8,24,474,7.78005e-06,8.12914e-07,1.47634e-05,7.49498e-07,6,2,337486,9.2e+08,0.5,27,1.03478e-09,0.545198,8.64919e-07,1.21781e-06,71.0227,-29.1442,0.0021099,552.354,16097.9,29526.8,1953.65
8,25,475,8.71299e-06,7.5325e-07,1.60596e-05,6.60973e-07,4,2,357460,9.2e+08,0.5,27,8.34356e-10,0.545886,8.22489e-07,1.19092e-06,69.0632,-29.2412,0.00304724,537.793,15725.7,28807.6,2539.81
8,26,476,1.25866e-05,7.56758e-07,1.49932e-05,6.62251e-07,3,2,73809.6,9.2e+08,0.5,27,7.38909e-10,0.439103,2.55082e-06,3.36943e-06,75.7047,-24.7244,0.00593864,474.193,11724.1,26700.2,864.062
8,27,477,1.72506e-05,2.92962e-07,1.42883e-05,6.08442e-07,6,3,157867,9.2e+08,0.5,27,1.22749e-09,0.594207,2.20468e-06,5.06099e-06,43.5621,-22.9576,0.00499233,369.244,8476.96,14266,17171
8,28,478,9.1758e-06,7.37125e-07,1.80265e-05,6.68558e-07,7,4,240183,9.2e+08,0.5,27,1.53763e-09,0.631935,1.64233e-06,2.80805e-06,58.4865,-25.516,0.00453323,527.223,13452.6,21287.9,7029.68
8,29,479,8.45091e-06,7.57771e-07,1.92904e-06,6.15931e-07,5,2,81459.3,9.2e+08,0.5,27,9.15184e-10,0.395234,1.86521e-06,4.44406e-06,41.9709,-23.5222,0.00236449,236.629,5566.04,14082.9,18515.2
8,30,480,1.00349e-05,7.79183e-07,7.48456e-06,6.00881e-07,5,2,128111,9.2e+08,0.5,27,9.24633e-10,0.545185,2.28196e-06,3.08181e-06,74.0462,-25.1119,0.00288565,575.855,14460.8,26524.6,1199.86
8,31,481,1.42609e-05,7.09163e-07,1.00243e-05,7.73851e-07,2,2,141027,9.2e+08,0.5,27,6.35741e-10,0.486955,1.64603e-06,2.27432e-06,72.3746,-26.4315,0.00583425,502.738,13288.1,27288.1,1594.02
8,32,482,8.6631e-06,7.50211e-07,1.21562e-05,7.27804e-07,6,2,452920,9.2e+08,0.5,27,1.03069e-09,0.567337,6.99102e-07,1.21116e-06,57.7216,-29.168,0.00201097,467.138,13625.5,24016.6,7441.12
8,33,483,9.52544e-06,7.64897e-07,1.50088e-05,6.13654e-07,7,2,208411,9.2e+08,0.5,27,1.13299e-09,0.536749,1.35839e-06,1.73063e-06,78.4907,-27.6179,0.00207721,600.973,16597.6,30922.6,423.716
8,34,484,9.13838e-06,7.52181e-07,1.47619e-05,9.98523e-07,3,2,217210,9.2e+08,0.5,27,7.43228e-10,0.494222,1.10022e-06,1.18646e-06,92.7317,-29.2575,0.00376397,653.757,19127.3,38701.8,0.000267091
8,35,485,1.36681e-05,7.47801e-07,1.49616e-05,6.51235e-07,5,3,62683.3,9.2e+08,0.5,27,1.13993e-09,0.517198,4.1923e-06,5.61177e-06,74.7054,-22.509,0.00492978,551.157,12406,23986.9,1059.8
8,36,486,1.26551e-05,4.1224e-07,1.57428e-05,4.93301e-07,8,2,103109,9.2e+08,0.5,27,1.22597e-09,0.530003,2.68114e-06,3.8369e-06,69.878,-24.1602,0.00257131,528.305,12764,24082.8,2286.76
8,37,487,9.97219e-06,9.79966e-07,1.6348e-05,6.70383e-07,5,2,193242,9.2e+08,0.5,27,9.41464e-10,0.503318,1.28632e-06,1.44584e-06,88.9673,-28.3988,0.00243693,638.762,18140.1,36041,0
8,38,488,1.03311e-05,7.49356e-07,9.80071e-06,6.05742e-07,7,2,96171.7,9.2e+08,0.5,27,1.12736e-09,0.51639,2.71956e-06,3.55137e-06,76.5779,-24.496,0.00244822,564.089,13817.9,26758.8,709.31
8,39,489,8.21498e-06,6.98568e-07,1.39479e-05,6.84805e-07,5,2,228847,9.2e+08,0.5,27,9.30581e-10,0.549763,1.30112e-06,1.68522e-06,77.2073,-27.7334,0.00281453,605.48,16792,30544.2,607.256
8,40,490,7.45896e-06,8.39156e-07,1.57665e-05,6.02698e-07,6,2,110023,9.2e+08,0.5,27,1.03152e-09,0.512382,2.34438e-06,2.81166e-06,83.3804,-25.5104,0.00285396,609.43,15546.8,30342.2,26.2322
8,41,491,1.31939e-06,7.88045e-07,1.47766e-05,5.97975e-07,5,2,99409,9.2e+08,0.5,27,9.19752e-10,0.492684,2.3781e-06,3.40453e-06,69.851,-24.6794,0.00414743,490.916,12115.5,24590.9,2294.92
8,42,492,5.56531e-06,2.28519e-07,1.49241e-05,5.18555e-07,3,2,148752,9.2e+08,0.5,27,7.18021e-10,0.600568,2.38983e-06,3.71027e-06,64.4113,-24.3059,0.00765801,551.811,13412.3,22332.7,4238.94
8,43,493,6.55358e-06,8.68606e-07,1.5787e-05,7.41143e-07,6,2,162927,9.2e+08,0.5,27,1.03479e-09,0.516401,1.60433e-06,1.88229e-06,85.2332,-27.2531,0.00241703,627.858,17111.1,33135.3,0
8,44,494,1.0675e-05,7.76666e-07,1.49747e-05,9.50543e-07,5,2,132899,9.2e+08,0.5,27,9.4505e-10,0.451015,1.48661e-06,1.8658e-06,79.6766,-27.2913,0.00353222,512.611,13989.8,31018.6,283.4
8,45,495,1.20058e-05,7.68417e-07,1.5818e-05,4.66204e-07,6,2,427284,9.2e+08,0.5,27,1.0332e-09,0.549413,6.97218e-07,1.2237e-06,56.9761,-29.1232,0.0021632,446.537,13004.6,23670,7853.4
8,46,496,7.81194e-06,7.18339e-07,1.4248e-05,5.75846e-07,7,2,149947,9.2e+08,0.5,27,1.12763e-09,0.548109,1.97198e-06,2.507e-06,78.659,-26.0085,0.00243939,615.01,15995.5,29183,402.081
8,47,497,7.59837e-06,7.61789e-07,1.4261e-05,6.78993e-07,3,2,138990,9.2e+08,0.5,27,7.30943e-10,0.527656,1.97155e-06,2.3562e-06,83.675,-26.2779,0.00473075,629.815,16550.2,31365.5,17.5553
8,48,498,7.71436e-06,2.14847e-07,1.24416e-05,2.20204e-07,4,2,159047,9.2e+08,0.5,27,8.08794e-10,0.657371,2.6674e-06,6.00437e-06,44.4243,-22.2153,0.0108706,416.579,9254.44,14078,16463.8
8,49,499,1.19097e-05,7.18573e-07,1.35886e-05,8.7665e-07,6,5,117462,9.2e+08,0.5,27,1.64094e-09,0.626997,3.30251e-06,5.20641e-06,63.4317,-22.8346,0.00492184,567.333,12954.8,20661.7,4651.92
9,0,500,1.00349e-05,7.79183e-07,1.37892e-05,6.00881e-07,5,2,128111,9.2e+08,0.5,27,9.32209e-10,0.519648,2.07355e-06,2.34613e-06,88.3817,-26.2965,0.00302957,655.146,17228,33153.3,0
9,1,501,8.90185e-06,7.14805e-07,1.84352e-05,5.98326e-07,5,2,140668,9.2e+08,0.5,27,9.34787e-10,0.511439,1.82912e-06,2.24957e-06,81.3101,-26.479,0.00305613,593.204,15707.5,30712.3,136.153
9,2,502,9.72358e-06,7.95275e-07,1.51096e-05,5.36702e-07,7,2,144891,9.2e+08,0.5,27,1.13168e-09,0.529442,1.90279e-06,2.36186e-06,80.5629,-26.2674,0.00228699,608.443,15982.2,30187,196.875
9,3,503,1.20214e-05,7.14526e-07,1.41835e-05,8.68258e-07,7,4,58434.6,9.2e+08,0.5,27,1.54181e-09,0.541254,4.92065e-06,6.67533e-06,73.7139,-21.7553,0.00429764,569.137,12381.7,22876,1273.75
9,4,504,9.90744e-06,9.71082e-07,1.66021e-05,6.51198e-07,5,2,177491,9.2e+08,0.5,27,9.40864e-10,0.501631,1.39144e-06,1.56904e-06,88.6806,-28.0436,0.00251647,634.569,17795.6,35475.6,0
9,5,505,1.55944e-05,7.66545e-07,1.39376e-05,5.15963e-07,7,2,150492,9.2e+08,0.5,27,1.13829e-09,0.501213,1.63782e-06,2.18031e-06,75.1189,-26.6148,0.00201288,537.078,14294.2,28519.3,976.369
9,6,506,1.17294e-05,7.37598e-07,1.48247e-05,7.65084e-07,6,3,109292,9.2e+08,0.5,27,1.23999e-09,0.550359,2.72807e-06,3.38336e-06,80.6321,-24.7065,0.00343611,633.024,15639.8,28417.5,190.785
9,7,507,8.10536e-06,8.7959e-07,1.51906e-05,6.19452e-07,2,2,138724,9.2e+08,0.5,27,6.33079e-10,0.520261,1.91796e-06,2.43844e-06,78.6553,-26.1289,0.00616045,583.735,15252.3,29316.7,402.547
9,8,508,5.05338e-06,8.23674e-07,1.56683e-05,6.13308e-07,5,5,106786,9.2e+08,0.5,27,1.52754e-09,0.668438,4.12604e-06,6.10115e-06,67.6273,-22.1459,0.00767743,644.836,14280.5,21363.9,3018.11
9,9,509,4.91182e-06,8.18493e-07,1.34861e-06,7.18647e-07,5,2,200331,9.2e+08,0.5,27,9.09979e-10,0.547953,1.44462e-06,3.18252e-06,45.3925,-24.9723,0.00145624,354.808,8860.36,16169.9,15687.5
9,10,510,1.48959e-05,7.47158e-07,1.37693e-05,6.25301e-07,6,2,161413,9.2e+08,0.5,27,1.03948e-09,0.495734,1.49211e-06,2.01965e-06,73.8796,-26.9472,0.0021093,522.443,14078.4,28399.1,1236.63
9,11,511,1.6769e-05,7.8267e-07,1.67664e-05,6.13164e-07,9,2,103152,9.2e+08,0.5,27,1.34681e-09,0.438736,1.81154e-06,2.49933e-06,72.4808,-26.0218,0.00184522,453.62,11804,26904.5,1567.34
9,12,512,1.41345e-05,8.13409e-07,1.54778e-05,1.83654e-07,4,2,176098,9.2e+08,0.5,27,8.28679e-10,0.556006,1.73198e-06,2.4956e-06,69.4015,-26.0283,0.00489665,550.446,14327.1,25768,2433.12
9,13,513,6.08469e-06,7.99764e-07,1.46646e-05,6.5066e-07,5,2,144764,9.2e+08,0.5,27,9.28816e-10,0.538666,1.97296e-06,2.4694e-06,79.8963,-26.0741,0.0031346,613.921,16007.4,29716.8,260.478
9,14,514,9.66848e-07,9.06139e-07,1.64644e-05,6.41112e-07,5,3,246050,9.2e+08,0.5,27,1.12286e-09,0.602078,1.4245e-06,2.09997e-06,67.8343,-26.7779,0.00579967,582.598,15600.7,25911.5,2946.6
9,15,515,8.33486e-06,5.65285e-07,6.91695e-06,6.27032e-07,7,3,338788,9.2e+08,0.5,27,1.3181e-09,0.673943,1.32306e-06,3.603e-06,36.7212,-24.4334,0.00279837,353.025,8625.59,12798.7,23308.5
9,16,516,1.09602e-05,8.45913e-07,1.70184e-05,4.97246e-07,9,2,169547,9.2e+08,0.5,27,1.33547e-09,0.519836,1.56339e-06,2.1091e-06,74.1261,-26.759,0.00174901,549.672,14708.7,28294.9,1182.43
9,17,517,1.46037e-05,7.28323e-07,1.52806e-05,5.85518e-07,6,3,123639,9.2e+08,0.5,27,1.23917e-09,0.563593,2.53504e-06,3.58509e-06,70.7106,-24.455,0.00359308,568.481,13902.2,24667.1,2041.87
9,18,518,7.83427e-06,7.96557e-07,1.66418e-05,6.98805e-07,10,2,194302,9.2e+08,0.5,27,1.43574e-09,0.521835,1.36595e-06,1.76992e-06,77.1758,-27.5205,0.00152072,574.488,15810.2,30297.2,612.185
9,19,519,8.40008e-06,8.08459e-07,1.66249e-05,7.89785e-07,6,2,164172,9.2e+08,0.5,27,1.03984e-09,0.496791,1.46977e-06,1.77533e-06,82.7887,-27.5072,0.00228792,586.693,16138.3,32485.1,48.8982
9,20,520,7.50022e-06,8.54457e-07,1.37073e-05,5.16964e-07,9,2,148299,9.2e+08,0.5,27,1.32699e-09,0.552834,2.02503e-06,2.5865e-06,78.2923,-25.8729,0.00194742,617.419,15974.4,28895.5,449.934
9,21,521,1.34856e-05,7.50266e-07,1.49718e-05,6.60798e-07,4,2,65994.7,9.2e+08,0.5,27,8.40022e-10,0.417608,2.57934e-06,3.55423e-06,72.571,-24.4925,0.0049143,432.313,10588.4,25355,1544.86
9,22,522,7.46685e-06,3.99648e-07,1.45733e-05,6.69049e-07,3,2,181539,9.2e+08,0.5,27,7.25469e-10,0.563608,1.72532e-06,2.47075e-06,69.8299,-26.0717,0.00555824,561.416,14637.1,25970.3,2301.31
9,23,523,1.63399e-05,7.3636e-07,1.47305e-05,7.64631e-07,4,2,189218,9.2e+08,0.5,27,8.46591e-10,0.472595,1.1542e-06,1.5366e-06,75.1142,-28.1344,0.0030603,506.381,14246.7,30145.8,977.289
9,24,524,1.36681e-05,7.47801e-07,1.81613e-05,6.51235e-07,5,3,62683.3,9.2e+08,0.5,27,1.1441e-09,0.508469,4.0511e-06,4.92681e-06,82.2256,-23.0743,0.00491652,596.4,13761.5,27064.7,76.9714
9,25,525,9.44724e-06,7.73486e-07,1.5563e-05,6.21487e-07,4,2,145537,9.2e+08,0.5,27,8.33959e-10,0.518131,1.81568e-06,2.15595e-06,84.2172,-26.6636,0.00358038,622.453,16596.9,32032.1,6.12808
9,26,526,7.89693e-06,7.41522e-07,8.95116e-06,4.04592e-07,4,2,182118,9.2e+08,0.5,27,8.18955e-10,0.609023,2.01324e-06,2.95618e-06,68.1028,-25.2927,0.00437067,591.65,14964.4,24571.2,2855.17
9,27,527,9.9554e-06,7.94647e-07,1.34885e-05,5.69103e-07,7,4,115581,9.2e+08,0.5,27,1.53117e-09,0.635048,3.44781e-06,5.20618e-06,66.2254,-22.8348,0.00440946,599.925,13699.2,21571.9,3524.87
9,28,528,1.0675e-05,7.76666e-07,1.49747e-05,9.50543e-07,9,3,132899,9.2e+08,0.5,27,1.54505e-09,0.538429,2.13084e-06,2.8752e-06,74.1109,-25.4133,0.00221145,569.215,14465.6,26866.4,1185.73
9,29,529,9.51147e-07,8.18975e-07,4.28821e-06,6.55221e-07,6,2,186265,9.2e+08,0.5,27,1.00718e-09,0.651398,2.22494e-06,3.22726e-06,68.9423,-24.9117,0.00267871,640.617,15958.8,24499.4,2578.5
9,30,530,6.26174e-06,8.6124e-07,1.52625e-05,6.61817e-07,6,2,162540,9.2e+08,0.5,27,1.03099e-09,0.53378,1.72221e-06,2.18941e-06,78.6607,-26.5967,0.0026869,598.945,15930,29843.7,401.862
9,31,531,1.4638e-05,7.33357e-07,1.47833e-05,4.73506e-07,2,2,35145.3,9.2e+08,0.5,27,6.3547e-10,0.383892,4.03444e-06,6.09527e-06,66.1897,-22.1501,0.0119331,362.465,8028.62,20913.7,3538.38
9,32,532,7.59704e-06,8.04227e-07,1.44134e-05,6.23058e-07,6,2,150460,9.2e+08,0.5,27,1.03018e-09,0.536056,1.8786e-06,2.34454e-06,80.1264,-26.2994,0.00261579,612.707,16113.8,30059.9,237.517
9,33,533,7.57838e-06,8.18142e-07,1.4323e-05,5.16024e-07,8,4,189817,9.2e+08,0.5,27,1.62718e-09,0.66295,2.28921e-06,4.04663e-06,56.5709,-23.9291,0.00407317,534.984,12801.7,19310.1,8082.12
9,34,534,7.91653e-06,7.9244e-07,1.42707e-05,6.51915e-07,4,2,128580,9.2e+08,0.5,27,8.31153e-10,0.523376,2.09636e-06,2.32475e-06,90.1756,-26.3362,0.00368413,673.239,17730.6,33877.3,0
9,35,535,7.02218e-07,7.49529e-07,1.39104e-05,6.08825e-07,4,2,176379,9.2e+08,0.5,27,8.17991e-10,0.525024,1.51389e-06,2.23271e-06,67.805,-26.5117,0.00464351,507.817,13463.1,25642.8,2956.68
9,36,536,9.93733e-06,7.48682e-07,1.44154e-05,6.36159e-07,6,2,155155,9.2e+08,0.5,27,1.03322e-09,0.523179,1.73354e-06,2.18004e-06,79.5186,-26.6154,0.00251038,593.451,15794.9,30190.3,300.453
9,37,537,1.72065e-05,9.62844e-07,9.72234e-06,6.52258e-07,6,2,296413,9.2e+08,0.5,27,1.04582e-09,0.501076,8.26513e-07,1.25594e-06,65.8083,-29.0103,0.00144701,470.382,13645.9,27233.3,3683.2
9,38,538,9.79271e-06,9.05775e-07,1.61996e-05,8.65457e-07,5,4,43351.6,9.2e+08,0.5,27,1.34578e-09,0.501619,5.68012e-06,7.71098e-06,73.6627,-21.1289,0.00650221,527.093,11136.9,22201.9,1285.35
9,39,539,1.63443e-06,7.2867e-07,1.49745e-05,6.33592e-07,5,2,217401,9.2e+08,0.5,27,9.21357e-10,0.570753,1.4673e-06,1.95072e-06,75.2182,-27.098,0.0035308,612.403,16594.9,29075.5,956.84
9,40,540,8.12843e-06,7.63738e-07,1.39355e-05,6.11566e-07,4,2,136604,9.2e+08,0.5,27,8.29461e-10,0.535102,2.06504e-06,2.61209e-06,79.0569,-25.8301,0.00386597,603.452,15587.2,29129.5,353.202
9,41,541,7.0517e-06,8.68079e-07,1.50667e-05,6.87085e-07,5,5,153585,9.2e+08,0.5,27,1.53295e-09,0.665938,2.84907e-06,4.5044e-06,63.2508,-23.4636,0.00710694,600.849,14098.1,21170.3,4730.3
9,42,542,1.03262e-05,3.94869e-07,1.68112e-05,5.74794e-07,8,2,129165,9.2e+08,0.5,27,1.22748e-09,0.534741,2.17721e-06,3.12844e-06,69.594,-25.0467,0.00240375,530.862,13296.4,24865,2373.45
9,43,543,9.52544e-06,9.05202e-07,1.50088e-05,6.13654e-07,7,2,208411,9.2e+08,0.5,27,1.13567e-09,0.527847,1.31209e-06,1.69917e-06,77.2198,-27.6976,0.0019459,581.437,16104.4,30509.7,605.312
9,44,544,1.13554e-05,7.80605e-07,1.48644e-05,5.29349e-07,4,4,80110.7,9.2e+08,0.5,27,1.23347e-09,0.615513,4.66117e-06,6.41525e-06,72.6576,-21.9279,0.00771408,637.947,13988.8,22727.1,1523.35
9,45,545,1.33074e-05,9.54312e-07,9.96161e-06,6.32868e-07,5,3,187763,9.2e+08,0.5,27,1.13801e-09,0.582913,1.78582e-06,2.67964e-06,66.644,-25.7192,0.00321841,554.155,14252.4,24450.4,3369.41
9,46,546,1.26733e-05,7.67527e-07,1.3647e-05,6.35975e-07,5,2,203676,9.2e+08,0.5,27,9.36813e-10,0.519132,1.30052e-06,1.71871e-06,75.6683,-27.648,0.0026291,560.349,15492.5,29843.1,870.812
9,47,547,7.52873e-06,7.47666e-07,1.43063e-05,3.78275e-07,3,2,149509,9.2e+08,0.5,27,7.22081e-10,0.580824,2.22524e-06,2.84506e-06,78.2142,-25.4591,0.00637573,648.032,16498.3,28405,460.466
9,48,548,1.50201e-05,7.22486e-07,1.41862e-05,6.1246e-07,7,2,153360,9.2e+08,0.5,27,1.13908e-09,0.494365,1.55994e-06,2.12184e-06,73.5181,-26.7329,0.00188053,518.452,13859.7,28035.4,1318.34
9,49,549,1.57374e-05,7.41098e-07,1.38717e-05,6.30432e-07,6,2,161703,9.2e+08,0.5,27,1.04082e-09,0.489525,1.45126e-06,1.97065e-06,73.6436,-27.0539,0.00207844,514.252,13912.5,28420.4,1289.69
10,0,550,1.00349e-05,7.79183e-07,1.37892e-05,6.00881e-07,5,2,128111,9.2e+08,0.5,27,9.32209e-10,0.519648,2.07355e-06,2.34613e-06,88.3817,-26.2965,0.00302957,655.146,17228,33153.3,0
10,1,551,1.62161e-05,8.25993e-07,9.97282e-06,5.89896e-07,6,2,173968,9.2e+08,0.5,27,1.03855e-09,0.500927,1.4129e-06,2.01647e-06,70.0682,-26.9541,0.00185514,500.682,13495.4,26940.9,2229.6
10,2,552,1.29481e-05,7.4545e-07,1.44384e-05,8.03865e-07,7,2,126213,9.2e+08,0.5,27,1.14252e-09,0.461098,1.63573e-06,2.28419e-06,71.6109,-26.4127,0.00233395,471.02,12440.9,26981,1792.69
10,3,553,7.16755e-06,7.71438e-07,1.48131e-05,6.61405e-07,5,2,139903,9.2e+08,0.5,27,9.30654e-10,0.529269,1.96983e-06,2.30829e-06,85.3369,-26.3671,0.00313229,644.287,16988,32097.1,0
10,4,554,9.59526e-06,7.95536e-07,1.54707e-05,5.62568e-07,7,2,148601,9.2e+08,0.5,27,1.13267e-09,0.524935,1.8231e-06,2.43462e-06,74.8822,-26.1357,0.00215381,560.726,14654.9,27917.6,1023.7
10,5,555,9.19733e-06,8.03747e-07,1.48952e-05,4.55762e-07,4,1,338490,9.2e+08,0.5,27,6.28362e-10,0.435392,5.44395e-07,6.83228e-07,79.6799,-31.6543,0.00182944,494.875,15664.9,35978.9,283.066
10,6,556,9.24443e-06,8.90585e-07,1.57098e-05,6.48023e-07,9,2,145617,9.2e+08,0.5,27,1.33683e-09,0.505663,1.71446e-06,2.14399e-06,79.9659,-26.6878,0.00167844,576.81,15393.8,30442.7,253.419
10,7,557,9.40202e-06,8.47981e-07,5.93668e-06,6.10057e-07,6,2,64740.4,9.2e+08,0.5,27,1.02319e-09,0.466022,3.28267e-06,4.97034e-06,66.0451,-23.0361,0.00311427,439.049,10114,21702.8,3592.88
10,8,558,8.36287e-06,7.71799e-07,3.9833e-06,5.48147e-07,2,2,140556,9.2e+08,0.5,27,6.17276e-10,0.57772,2.33685e-06,3.60074e-06,64.8994,-24.4361,0.00593597,534.841,13069.4,22622.4,4040.35
10,9,559,1.06109e-05,7.55403e-07,1.4541e-05,6.53322e-07,3,2,122519,9.2e+08,0.5,27,7.35031e-10,0.502358,2.02305e-06,2.47062e-06,81.8842,-26.0719,0.00478083,586.786,15298.6,30453.7,97.0844
10,10,560,8.9859e-06,7.96279e-07,2.35667e-06,5.50241e-07,7,2,154885,9.2e+08,0.5,27,1.1169e-09,0.543406,1.84847e-06,3.43186e-06,53.8621,-24.6447,0.00136851,417.517,10289.6,18935.3,9695.71
10,11,561,1.61691e-05,4.02691e-07,2.01355e-06,5.81557e-07,6,2,177563,9.2e+08,0.5,27,1.01536e-09,0.496355,1.33663e-06,4.09967e-06,32.6034,-23.8725,0.00149126,230.846,5510.86,11102.7,27454
10,12,562,7.54113e-06,8.72677e-07,1.60315e-05,2.66839e-07,5,2,135692,9.2e+08,0.5,27,9.21718e-10,0.578329,2.43052e-06,3.15221e-06,77.1052,-25.0138,0.00491888,636.1,15911.3,27512.5,623.274
10,13,563,1.08514e-05,9.30631e-07,1.5075e-05,7.38466e-07,7,3,153656,9.2e+08,0.5,27,1.34246e-09,0.561629,2.02036e-06,2.63116e-06,76.7861,-25.7985,0.00280079,615.174,15870.6,28258.2,674.682
10,14,564,5.68326e-06,8.20521e-07,1.47466e-05,7.32889e-07,3,4,160755,9.2e+08,0.5,27,1.13094e-09,0.644643,2.54565e-06,3.63076e-06,70.1135,-24.4,0.00934348,644.744,15731.8,24403.8,2216.07
10,15,565,1.63399e-05,7.3636e-07,1.47305e-05,7.64631e-07,4,2,189218,9.2e+08,0.5,27,8.46591e-10,0.472595,1.1542e-06,1.5366e-06,75.1142,-28.1344,0.0030603,506.381,14246.7,30145.8,977.289
10,16,566,1.16609e-05,7.54361e-07,1.57511e-05,6.77929e-07,6,2,146070,9.2e+08,0.5,27,1.03895e-09,0.494656,1.64114e-06,2.12056e-06,77.3917,-26.7355,0.0023077,546.09,14600,29515.4,578.855
10,17,567,1.16203e-05,7.64573e-07,1.37765e-05,6.14719e-07,5,4,133884,9.2e+08,0.5,27,1.33471e-09,0.62725,2.90429e-06,4.5036e-06,64.4882,-23.4644,0.00550117,577.016,13539.3,21585.2,4207.33
10,18,568,6.27302e-06,8.1138e-07,1.31674e-05,5.39684e-07,4,4,171645,9.2e+08,0.5,27,1.22439e-09,0.672072,2.59883e-06,4.26363e-06,60.9536,-23.7022,0.0074723,584.362,13850.7,20608.9,5782.29
10,19,569,1.06498e-05,8.00197e-07,1.89508e-05,5.12409e-07,7,2,162263,9.2e+08,0.5,27,1.13647e-09,0.511848,1.5866e-06,2.06581e-06,76.8028,-26.8491,0.00220764,560.769,15056.1,29415.3,671.937
10,20,570,3.20931e-06,7.47745e-07,1.67921e-05,6.30758e-07,8,4,202124,9.2e+08,0.5,27,1.62598e-09,0.662009,2.13399e-06,3.41065e-06,62.5684,-24.6716,0.00463747,590.861,14577.5,22020.1,5031.76
10,21,571,9.90393e-06,7.1798e-07,6.11293e-06,6.03986e-07,6,2,151034,9.2e+08,0.5,27,1.02161e-09,0.564476,2.07206e-06,3.16203e-06,65.5293,-25.0003,0.00229008,527.651,13191.4,23369.4,3791.1
10,22,572,1.24282e-05,9.23315e-07,1.2964e-06,6.50403e-07,5,2,179544,9.2e+08,0.5,27,9.24637e-10,0.374873,7.46134e-07,2.03078e-06,36.7412,-26.9234,0.00113515,196.473,5289.71,14110.7,23289.3
10,23,573,1.34485e-05,7.43534e-07,1.49191e-05,7.13218e-07,4,4,137587,9.2e+08,0.5,27,1.24128e-09,0.605889,2.63544e-06,3.96388e-06,66.4865,-24.0188,0.00586524,574.636,13802.1,22779.8,3427.51
10,24,574,6.64663e-06,1.91839e-07,1.45093e-05,6.50955e-07,4,4,128735,9.2e+08,0.5,27,1.22144e-09,0.675554,3.49273e-06,7.94001e-06,43.989,-21.0018,0.00990468,423.907,8902.81,13178.5,16819
10,25,575,1.22571e-05,7.54933e-07,1.63096e-05,1.97739e-07,4,2,66255.5,9.2e+08,0.5,27,8.24957e-10,0.541139,4.33924e-06,5.44679e-06,79.6661,-22.6386,0.00719086,614.963,13921.9,25727,284.509
10,26,576,1.42947e-05,7.24765e-07,1.47612e-05,5.33811e-07,5,2,143534,9.2e+08,0.5,27,9.3648e-10,0.505659,1.75216e-06,2.28168e-06,76.7924,-26.4174,0.00288516,553.914,14633,28938.5,673.643
10,27,577,1.35227e-05,7.47014e-07,1.38732e-05,6.24585e-07,6,2,158585,9.2e+08,0.5,27,1.03753e-09,0.503958,1.5705e-06,2.08832e-06,75.2041,-26.802,0.00238517,540.632,14490.1,28752.5,959.59
10,28,578,1.21658e-05,7.45474e-07,1.39066e-05,7.28552e-07,5,2,188216,9.2e+08,0.5,27,9.38402e-10,0.507162,1.34045e-06,1.7834e-06,75.1623,-27.4875,0.00242351,543.768,14946.8,29471.5,967.795
10,29,579,1.45342e-05,7.57247e-07,1.78999e-05,6.21877e-07,5,2,130067,9.2e+08,0.5,27,9.44275e-10,0.46816,1.6506e-06,2.11882e-06,77.9017,-26.7391,0.00283818,520.244,13910.8,29713.9,503.866
10,30,580,1.00349e-05,7.79183e-07,1.37892e-05,3.99004e-07,5,2,128111,9.2e+08,0.5,27,9.26642e-10,0.551994,2.34769e-06,3.14469e-06,74.6557,-25.0242,0.0036471,587.846,14710.4,26649.5,1070.05
10,31,581,1.36054e-05,7.44457e-07,1.48435e-05,6.49082e-07,4,4,185395,9.2e+08,0.5,27,1.23953e-09,0.620608,2.05488e-06,3.42601e-06,59.9788,-24.6521,0.00597098,530.984,13089.9,21092,6260.59
10,32,582,8.32543e-06,7.73793e-07,1.39722e-05,4.14046e-07,4,4,139063,9.2e+08,0.5,27,1.22445e-09,0.66935,3.17684e-06,5.34588e-06,59.4258,-22.7198,0.00863335,567.407,12891.4,19259.5,6540.39
10,33,583,1.49648e-05,7.87567e-07,1.41942e-05,7.40402e-07,4,3,128199,9.2e+08,0.5,27,1.04459e-09,0.542756,2.26276e-06,3.11593e-06,72.619,-25.0641,0.00443936,562.239,14092,25963.8,1532.89
10,34,584,1.24137e-05,4.69487e-07,1.45179e-05,6.24127e-07,4,2,156872,9.2e+08,0.5,27,8.29778e-10,0.530517,1.76718e-06,2.56618e-06,68.8643,-25.9071,0.00370103,521.146,13501.4,25449.5,2603.61
10,35,585,3.18659e-06,7.67211e-07,1.49848e-05,9.64292e-07,3,2,121696,9.2e+08,0.5,27,7.33789e-10,0.482798,1.87273e-06,2.22775e-06,84.0638,-26.5213,0.00464531,578.95,15354.5,31803.2,8.76619
10,36,586,1.00349e-05,7.79183e-07,1.37892e-05,8.2124e-07,5,2,207501,9.2e+08,0.5,27,9.38286e-10,0.512397,1.23964e-06,1.57252e-06,78.8318,-28.034,0.002503,576.201,16153.2,31524.9,380.473
10,37,587,8.42938e-06,8.60101e-07,1.49777e-05,6.61447e-07,5,2,133592,9.2e+08,0.5,27,9.34314e-10,0.510969,1.92009e-06,2.27629e-06,84.3518,-26.4277,0.00296608,614.83,16248.5,31799.5,4.20182
10,38,588,1.0206e-05,8.9112e-07,1.56905e-05,5.25602e-07,8,4,202213,9.2e+08,0.5,27,1.63468e-09,0.639435,1.99953e-06,3.40516e-06,58.7207,-24.6786,0.00370548,535.616,13218.3,20671.8,6906.03
10,39,589,1.13104e-05,7.8611e-07,1.45636e-05,5.88211e-07,4,3,125260,9.2e+08,0.5,27,1.03492e-09,0.581767,2.6674e-06,3.49561e-06,76.3074,-24.5648,0.00532246,633.26,15555.9,26739,755.619
10,40,590,1.10703e-05,9.8683e-07,1.64764e-05,6.49627e-07,6,5,124701,9.2e+08,0.5,27,1.64326e-09,0.633256,3.17858e-06,4.55907e-06,69.7199,-23.4112,0.00527047,629.799,14744.4,23283.5,2334.81
10,41,591,5.47036e-06,7.73477e-07,1.95379e-05,5.0013e-07,5,2,186538,9.2e+08,0.5,27,9.28005e-10,0.54688,1.5801e-06,2.00538e-06,78.7929,-26.978,0.00339287,614.675,16582.7,30322.4,385.278
10,42,592,1.42927e-05,8.51582e-07,1.61275e-05,6.4946e-07,4,2,173330,9.2e+08,0.5,27,8.45291e-10,0.482233,1.31612e-06,1.69981e-06,77.4274,-27.696,0.0028743,532.62,14751.4,30589.9,573.444
10,43,593,9.23725e-06,3.77751e-07,1.59874e-05,8.15356e-07,9,2,137331,9.2e+08,0.5,27,1.33305e-09,0.509829,1.84352e-06,2.46228e-06,74.8702,-26.0866,0.00199079,544.502,14204.2,27860.7,1026.14
10,44,594,1.06694e-05,3.18447e-07,1.38455e-05,6.07471e-07,6,2,119395,9.2e+08,0.5,27,1.02362e-09,0.546936,2.46535e-06,3.73267e-06,66.0479,-24.2798,0.00355741,515.302,12511.4,22875.5,3591.82
10,45,595,6.96744e-06,8.13785e-07,1.50655e-05,1.96577e-07,3,5,196261,9.2e+08,0.5,27,1.31726e-09,0.735545,2.65375e-06,6.99028e-06,37.9634,-21.5551,0.0252624,398.328,8585.98,11673,22124.4
10,46,596,9.5003e-06,7.39943e-07,1.53066e-05,6.13648e-07,5,3,144011,9.2e+08,0.5,27,1.13285e-09,0.593444,2.41601e-06,3.2541e-06,74.245,-24.8757,0.00452971,628.511,15634.6,26345.6,1156.71
10,47,597,1.13358e-05,7.97531e-07,1.66234e-05,1.8852e-07,5,2,165459,9.2e+08,0.5,27,9.24349e-10,0.571191,1.94589e-06,2.6547e-06,73.2996,-25.7598,0.00475938,597.24,15384.8,26934.6,1369
10,48,598,6.55717e-06,8.02398e-07,1.45981e-05,6.31325e-07,5,2,154136,9.2e+08,0.5,27,9.28955e-10,0.542062,1.8773e-06,2.32628e-06,80.6996,-26.3334,0.00310871,624.003,16432.1,30314.1,184.938
10,49,599,5.67507e-07,7.17755e-07,1.46883e-05,5.61189e-07,7,2,181975,9.2e+08,0.5,27,1.1173e-09,0.514115,1.38216e-06,2.20766e-06,62.6074,-26.5607,0.00298707,459.148,12195.3,23720.9,5014.28
11,0,600,1.00349e-05,7.79183e-07,1.37892e-05,6.00881e-07,5,2,128111,9.2e+08,0.5,27,9.32209e-10,0.519648,2.07355e-06,2.34613e-06,88.3817,-26.2965,0.00302957,655.146,17228,33153.3,0
11,1,601,1.63399e-05,7.3636e-07,1.47305e-05,7.64631e-07,4,2,353113,9.2e+08,0.5,27,8.46591e-10,0.499647,6.9297e-07,1.01826e-06,68.0545,-29.9214,0.0024272,485.05,14513.4,29047.3,2871.49
11,2,602,8.13153e-06,6.26902e-07,1.49251e-05,5.02465e-07,5,2,137987,9.2e+08,0.5,27,9.25194e-10,0.557005,2.21892e-06,2.87575e-06,77.1598,-25.4125,0.0036816,613.08,15579.9,27970.8,614.685
11,3,603,1.00937e-05,7.88832e-07,1.47347e-05,6.6175e-07,3,4,134032,9.2e+08,0.5,27,1.13543e-09,0.625832,2.88388e-06,4.17975e-06,68.9966,-23.7885,0.00834831,615.959,14652.7,23413.2,2561.1
11,4,604,1.94817e-06,7.05618e-07,1.40694e-05,6.06559e-07,3,2,195747,9.2e+08,0.5,27,7.19817e-10,0.584024,1.71477e-06,2.14685e-06,79.8737,-26.682,0.00558106,665.427,17754.9,30401,262.786
11,5,605,9.45695e-06,8.29441e-07,1.5043e-05,6.43076e-07,2,2,134766,9.2e+08,0.5,27,6.35036e-10,0.510293,1.89749e-06,2.20721e-06,85.9678,-26.5616,0.00606284,625.78,16621.7,32572.8,0
11,6,606,4.79543e-06,2.69788e-07,1.49848e-05,9.64292e-07,3,2,220270,9.2e+08,0.5,27,7.31487e-10,0.54692,1.33569e-06,1.75088e-06,76.2868,-27.5674,0.0047703,595.168,16407.3,29999.4,759.199
11,7,607,1.48288e-05,4.88602e-07,1.20842e-05,5.92532e-07,5,3,164538,9.2e+08,0.5,27,1.12881e-09,0.60307,2.18289e-06,4.00625e-06,54.4871,-23.9726,0.00464925,468.735,11236.8,18632.7,9310.37
11,8,608,9.78994e-06,7.58952e-07,1.42196e-05,5.69148e-07,6,3,378747,9.2e+08,0.5,27,1.23105e-09,0.621224,1.00803e-06,1.96993e-06,51.171,-27.0555,0.00356697,453.459,12268.6,19749,11444
11,9,609,1.6224e-05,7.48051e-07,1.61718e-05,6.90422e-07,5,3,493054,9.2e+08,0.5,27,1.1466e-09,0.573228,6.58526e-07,1.19539e-06,55.0888,-29.2249,0.00324667,450.461,13164.7,22965.9,8946.77
11,10,610,1.10719e-05,9.51742e-07,2.48679e-06,6.53144e-07,6,3,153022,9.2e+08,0.5,27,1.22432e-09,0.550093,1.92294e-06,3.73182e-06,51.5283,-24.2808,0.0016456,404.341,9817.72,17847.4,11203.6
11,11,611,6.42212e-06,5.20196e-07,1.47375e-05,4.50618e-07,3,3,186502,9.2e+08,0.5,27,9.19963e-10,0.655561,2.27171e-06,4.00122e-06,56.7754,-23.9781,0.0093981,530.933,12730.8,19419.6,7966.25
11,12,612,9.19733e-06,8.03747e-07,1.48952e-05,4.55762e-07,4,1,332157,9.2e+08,0.5,27,6.28362e-10,0.434498,5.5248e-07,6.96208e-07,79.3555,-31.5726,0.00183973,491.849,15528.9,35739.9,318.634
11,13,613,8.34174e-06,7.70824e-07,1.39044e-05,3.5337e-07,4,2,181168,9.2e+08,0.5,27,8.22687e-10,0.583792,1.85826e-06,2.49842e-06,74.3774,-26.0233,0.00479952,619.392,16118.7,27610.3,1128.4
11,14,614,1.19687e-05,7.54496e-07,8.18852e-06,6.16845e-07,6,2,89896.4,9.2e+08,0.5,27,1.02816e-09,0.493901,2.65864e-06,3.68418e-06,72.1636,-24.3366,0.00271641,508.422,12373.3,25052.1,1647.72
11,15,615,3.34627e-06,4.84024e-07,1.42699e-05,5.81231e-07,6,2,147508,9.2e+08,0.5,27,1.01983e-09,0.586904,2.30293e-06,3.07575e-06,74.8736,-25.1205,0.00340472,626.848,15746.7,26830.2,1025.43
11,16,616,1.11704e-05,7.72594e-07,1.50691e-05,5.3528e-07,5,1,117913,9.2e+08,0.5,27,7.33393e-10,0.27799,6.2867e-07,1.10645e-06,56.8188,-29.5607,0.00181552,225.313,6660.42,23959.2,7942.2
11,17,617,1.09792e-05,7.62079e-07,6.83886e-06,6.71111e-07,6,2,157027,9.2e+08,0.5,27,1.02591e-09,0.541389,1.82918e-06,2.6106e-06,70.0676,-25.8326,0.00211974,541.119,13978.5,25819.7,2229.78
11,18,618,1.63399e-05,7.3636e-07,1.47305e-05,9.87688e-07,4,5,189218,9.2e+08,0.5,27,1.45316e-09,0.612906,1.95776e-06,3.39526e-06,57.6616,-24.6913,0.00660187,504.135,12447.7,20309.3,7473.9
11,19,619,1.01258e-05,2.0944e-07,1.48581e-05,1.96518e-07,10,3,193885,9.2e+08,0.5,27,1.61008e-09,0.687603,2.40627e-06,8.79959e-06,27.3452,-20.5554,0.00725,268.216,5513.29,8018.13,33240.7
11,20,620,4.02557e-06,7.39284e-07,2.55981e-06,6.14652e-07,4,2,155289,9.2e+08,0.5,27,8.09099e-10,0.621761,2.446e-06,4.08421e-06,59.8892,-23.8889,0.00294761,531.176,12689.2,20408.5,6305.51
11,21,621,8.59569e-06,7.72611e-07,1.61657e-05,5.67559e-07,7,2,364070,9.2e+08,0.5,27,1.13163e-09,0.555131,8.33466e-07,1.31938e-06,63.1711,-28.7963,0.00200607,500.242,14405.1,25949.1,4765.01
11,22,622,1.45342e-05,7.57247e-07,1.59491e-05,6.21877e-07,9,2,130067,9.2e+08,0.5,27,1.34185e-09,0.476112,1.69755e-06,2.27209e-06,74.7133,-26.4357,0.00164658,507.427,13414.2,28174.5,1058.16
11,23,623,1.13415e-05,8.33202e-07,1.36813e-05,6.12431e-07,6,4,172774,9.2e+08,0.5,27,1.43566e-09,0.63222,2.28754e-06,3.7174e-06,61.536,-24.2976,0.00443674,554.963,13484.3,21328.4,5505.61
11,24,624,8.43166e-06,7.57408e-07,1.59269e-05,7.90572e-07,7,2,15148.3,9.2e+08,0.5,27,1.13796e-09,0.164418,1.7203e-06,5.5879e-06,30.7862,-22.5275,0.00447141,72.2058,1626.62,9893.16,29392.3
11,25,625,1.11794e-05,9.28268e-07,1.61374e-05,5.26024e-07,6,3,154542,9.2e+08,0.5,27,1.23773e-09,0.581534,2.16166e-06,2.80705e-06,77.0084,-25.5175,0.00362291,638.821,16301.1,28031.2,638.663
11,26,626,9.23009e-06,5.99736e-07,1.5523e-05,5.68428e-07,7,2,273351,9.2e+08,0.5,27,1.12872e-09,0.558966,1.1264e-06,1.66759e-06,67.5467,-27.7791,0.00225053,538.587,14961.5,26766.3,3046.18
11,27,627,1.21106e-05,7.90297e-07,9.82635e-06,1.91422e-07,4,2,71251.5,9.2e+08,0.5,27,8.22904e-10,0.567796,4.4512e-06,5.59095e-06,79.6143,-22.5251,0.00704925,644.836,14525,25581.5,290.052
11,28,628,1.26182e-05,8.24145e-07,1.17678e-05,6.26866e-07,5,2,72468.3,9.2e+08,0.5,27,9.35552e-10,0.448436,2.71553e-06,3.73536e-06,72.6979,-24.2767,0.00370393,465.039,11289.6,25175.5,1513.44
11,29,629,1.01683e-05,8.03004e-07,1.5246e-05,3.70589e-07,4,2,330441,9.2e+08,0.5,27,8.2763e-10,0.570099,9.72547e-07,1.43369e-06,67.8354,-28.4355,0.00379188,551.662,15686.8,27515.8,2946.23
11,30,630,1.09021e-05,7.55443e-07,8.63423e-06,5.17375e-07,7,2,154238,9.2e+08,0.5,27,1.12541e-09,0.558895,1.99235e-06,2.82573e-06,70.5075,-25.4887,0.00215383,562.123,14327.8,25635.9,2100.32
11,31,631,1.86228e-05,8.60101e-07,1.49777e-05,6.61447e-07,5,2,115131,9.2e+08,0.5,27,9.51849e-10,0.422259,1.50899e-06,2.11633e-06,71.302,-26.7442,0.00296968,429.484,11486.2,27201.8,1876.39
11,32,632,8.36716e-06,7.824e-07,1.51716e-05,7.89282e-07,6,2,139914,9.2e+08,0.5,27,1.03704e-09,0.49753,1.73048e-06,2.0449e-06,84.6241,-26.8933,0.00247659,600.592,16151.9,32464.2,1.41283
11,33,633,9.68295e-07,7.54361e-07,5.15208e-06,6.77929e-07,6,2,146070,9.2e+08,0.5,27,1.00845e-09,0.622132,2.58899e-06,3.65446e-06,70.8448,-24.3718,0.00297986,628.719,15323,24629.8,2003.71
11,34,634,1.24907e-05,7.41589e-07,1.503e-05,7.14033e-07,3,2,146586,9.2e+08,0.5,27,7.3999e-10,0.488766,1.5992e-06,2.05707e-06,77.7416,-26.8675,0.00415557,542.027,14562.9,29795.3,526.844
11,35,635,9.52853e-06,5.16007e-07,1.55053e-05,6.18676e-07,9,2,102527,9.2e+08,0.5,27,1.32902e-09,0.517877,2.56445e-06,3.4482e-06,74.3707,-24.6241,0.00213777,549.408,13528.7,26123.3,1129.82
11,36,636,1.60887e-05,7.54933e-07,1.63096e-05,1.97739e-07,4,2,416038,9.2e+08,0.5,27,8.30742e-10,0.55318,7.26954e-07,1.45103e-06,50.0991,-28.3832,0.00385782,395.332,11220.8,20284.2,12180.7
11,37,637,1.04647e-05,6.6983e-07,1.3834e-05,6.26331e-07,4,2,127899,9.2e+08,0.5,27,8.31348e-10,0.520346,2.08327e-06,2.69191e-06,77.3901,-25.6994,0.00381603,574.439,14762.7,28371,579.109
11,38,638,9.11242e-06,8.73738e-07,1.52287e-05,6.61162e-07,6,2,133762,9.2e+08,0.5,27,1.03606e-09,0.503572,1.8595e-06,2.27868e-06,81.6042,-26.4232,0.00247225,586.193,15489.1,30758.4,115.314
11,39,639,7.16693e-06,7.58586e-07,1.33063e-05,8.38251e-07,3,3,365104,9.2e+08,0.5,27,9.33181e-10,0.618309,1.03165e-06,1.56056e-06,66.1075,-28.0672,0.00698515,583.072,16365.2,26467.7,3569.27
11,40,640,1.04155e-05,7.81313e-07,1.49835e-05,7.55908e-07,5,2,420234,9.2e+08,0.5,27,9.38928e-10,0.534034,6.66978e-07,9.73253e-07,68.5307,-30.1177,0.00222594,522.06,15723.3,29442.4,2712.37
11,41,641,1.38582e-05,7.708e-07,1.21154e-05,3.69623e-07,5,2,88392.5,9.2e+08,0.5,27,9.3032e-10,0.518348,2.99526e-06,3.88745e-06,77.0493,-24.1033,0.00373129,569.714,13732,26491.9,632.133
11,42,642,7.64423e-06,7.38204e-07,1.55453e-05,7.97314e-07,7,2,134197,9.2e+08,0.5,27,1.13607e-09,0.49859,1.80916e-06,2.28154e-06,79.2954,-26.4177,0.00221378,563.973,14898.9,29882,325.421
11,43,643,1.58055e-05,4.74232e-07,1.49777e-05,6.61447e-07,5,2,353496,9.2e+08,0.5,27,9.34805e-10,0.53007,7.81971e-07,1.39003e-06,56.2558,-28.5698,0.0025045,425.37,12152.7,22926.6,8262.28
11,44,644,1.06234e-05,7.6161e-07,1.25941e-05,6.73673e-07,7,2,146258,9.2e+08,0.5,27,1.13315e-09,0.517675,1.79537e-06,2.35735e-06,76.1606,-26.2758,0.00210714,562.411,14777.8,28546.4,781.346
11,45,645,6.5277e-06,7.81063e-07,1.66804e-05,5.40893e-07,5,2,172987,9.2e+08,0.5,27,9.28242e-10,0.548946,1.7178e-06,2.24528e-06,76.5071,-26.4873,0.00319479,599.098,15868.5,28907.2,721.295
11,46,646,1.03928e-05,7.68479e-07,1.76873e-05,6.76768e-07,7,2,143453,9.2e+08,0.5,27,1.13991e-09,0.490975,1.6436e-06,2.09167e-06,78.5785,-26.7951,0.00203531,550.338,14746.3,30034.8,412.355
11,47,647,1.42947e-05,7.24765e-07,1.47612e-05,7.8282e-07,5,2,143534,9.2e+08,0.5,27,9.43831e-10,0.465781,1.47521e-06,1.99342e-06,74.0043,-27.004,0.00292204,491.706,13278,28507,1209.06
11,48,648,1.40366e-05,7.49088e-07,1.46631e-05,6.56515e-07,4,2,160541,9.2e+08,0.5,27,8.40282e-10,0.493141,1.48741e-06,1.94769e-06,76.3678,-27.1048,0.003042,537.214,14561.1,29527.2,745.147
11,49,649,9.96749e-06,7.03073e-07,1.05493e-06,7.14627e-07,3,2,136832,9.2e+08,0.5,27,7.15524e-10,0.333649,7.88941e-07,3.01249e-06,26.189,-25.2107,0.00213683,124.645,3142.4,9418.26,34587.6
12,0,650,1.00349e-05,7.79183e-07,1.37892e-05,6.00881e-07,5,2,128111,9.2e+08,0.5,27,9.32209e-10,0.519648,2.07355e-06,2.34613e-06,88.3817,-26.2965,0.00302957,655.146,17228,33153.3,0
12,1,651,7.60675e-06,2.93989e-07,1.54559e-05,8.70696e-07,3,2,182503,9.2e+08,0.5,27,7.31387e-10,0.53429,1.5369e-06,2.13462e-06,71.9988,-26.7068,0.0050262,548.742,14655.1,27429.2,1690.31
12,2,652,1.25147e-05,8.07333e-07,1.54174e-05,6.5323e-07,5,4,156302,9.2e+08,0.5,27,1.34035e-09,0.614858,2.39107e-06,3.60281e-06,66.3669,-24.4336,0.00516367,582.094,14222.6,23131.6,3471.91
12,3,653,6.53515e-06,7.41915e-07,1.21116e-05,6.21332e-07,5,5,154320,9.2e+08,0.5,27,1.52475e-09,0.692121,3.06788e-06,5.38711e-06,56.9485,-22.6864,0.0066438,562.251,12755.5,18429.6,7868.86
12,4,654,9.44722e-06,8.01526e-07,1.8411e-05,4.99775e-07,6,2,300622,9.2e+08,0.5,27,1.03355e-09,0.540804,9.59072e-07,1.43722e-06,66.7312,-28.4248,0.00231559,514.796,14633,27057.8,3337.5
12,5,655,8.36659e-06,7.77177e-07,1.47194e-05,7.60543e-07,6,2,173580,9.2e+08,0.5,27,1.03539e-09,0.517567,1.51148e-06,1.87495e-06,80.6142,-27.2701,0.00220352,595.175,16230.5,31359.2,192.351
12,6,656,9.46201e-06,7.52279e-07,1.17313e-05,8.52768e-07,8,2,166702,9.2e+08,0.5,27,1.23424e-09,0.512738,1.53441e-06,2.08236e-06,73.6862,-26.8144,0.00172887,538.949,14451.6,28185.2,1280.03
12,7,657,6.5094e-06,7.12835e-07,1.70243e-05,5.67829e-07,6,5,140751,9.2e+08,0.5,27,1.62861e-09,0.677247,3.21991e-06,5.36825e-06,59.9806,-22.7017,0.0066052,579.461,13154.7,19423.8,6259.72
12,8,658,1.70063e-05,7.55389e-07,1.50628e-05,6.61434e-07,5,2,126766,9.2e+08,0.5,27,9.45619e-10,0.454176,1.59042e-06,2.15898e-06,73.6653,-26.6575,0.00286487,477.259,12722.5,28012.3,1284.77
12,9,659,1.1393e-05,7.67312e-07,1.52298e-05,6.34018e-07,7,2,23871.1,9.2e+08,0.5,27,1.1368e-09,0.27015,2.97123e-06,6.04307e-06,49.1676,-22.1874,0.00436591,189.474,4203.94,15561.5,12840.1
12,10,660,1.25452e-05,7.72774e-07,1.3397e-05,6.24008e-07,6,2,472935,9.2e+08,0.5,27,1.03611e-09,0.544465,6.16554e-07,1.03425e-06,59.6135,-29.8537,0.00189389,463,13822.3,25386.9,6444.75
12,11,661,1.24957e-05,7.64469e-07,1.42267e-05,4.87647e-07,6,2,71235,9.2e+08,0.5,27,1.03298e-09,0.480663,3.1849e-06,4.09275e-06,77.818,-23.8798,0.00330672,533.564,12741.4,26508.1,515.814
12,12,662,1.23488e-05,7.10556e-07,1.40525e-05,7.13196e-07,7,3,222832,9.2e+08,0.5,27,1.33759e-09,0.586757,1.52339e-06,2.31801e-06,65.72,-26.3489,0.00286306,550.075,14493.8,24701.6,3717.18
12,13,663,6.31971e-06,7.27415e-07,1.30386e-05,8.51964e-07,4,2,160741,9.2e+08,0.5,27,8.31411e-10,0.527376,1.69926e-06,2.12497e-06,79.9661,-26.7265,0.00348363,601.578,16078.1,30486.9,253.4
12,14,664,8.10282e-06,7.43541e-07,1.63226e-05,9.01249e-07,4,4,142367,9.2e+08,0.5,27,1.24147e-09,0.605305,2.5406e-06,3.40044e-06,74.7138,-24.6847,0.00611344,645.121,15924.6,26308.4,1058.05
12,15,665,1.09872e-05,8.09139e-07,1.34135e-05,6.75886e-07,4,5,148721,9.2e+08,0.5,27,1.43591e-09,0.6564,2.86311e-06,4.85813e-06,58.9344,-23.1353,0.00727735,551.828,12766.7,19449.6,6794.14
12,16,666,1.08801e-05,7.86094e-07,1.51897e-05,4.0032e-07,4,2,303039,9.2e+08,0.5,27,8.29267e-10,0.561342,1.0273e-06,1.61109e-06,63.7645,-27.9288,0.00358906,510.59,14260.2,25403.7,4509.46
12,17,667,3.92028e-06,7.50024e-07,7.31417e-06,7.04413e-07,6,2,255616,9.2e+08,0.5,27,1.01618e-09,0.630164,1.52948e-06,2.26651e-06,67.4818,-26.4464,0.00258241,606.606,16042.6,25457.7,3068.87
12,18,668,1.11199e-05,7.18204e-07,1.58687e-05,4.55478e-07,6,3,444770,9.2e+08,0.5,27,1.23043e-09,0.620765,8.57727e-07,2.01169e-06,42.6372,-26.9644,0.00385947,377.556,10180.6,16400.1,17946.1
12,19,669,3.82754e-06,3.08887e-07,3.80236e-06,5.75984e-07,6,2,218671,9.2e+08,0.5,27,1.00674e-09,0.691983,2.15612e-06,4.9396e-06,43.6497,-23.0631,0.00287306,430.866,9937.1,14360.3,17098.5
12,20,670,8.36716e-06,6.15132e-07,1.51716e-05,7.89282e-07,3,2,445967,9.2e+08,0.5,27,7.34243e-10,0.551593,6.73666e-07,9.13168e-07,73.7724,-30.3945,0.00371094,580.469,17643.1,31985.7,1260.58
12,21,671,7.964e-06,9.04055e-07,1.58448e-05,7.59476e-07,7,2,140480,9.2e+08,0.5,27,1.13847e-09,0.492985,1.68877e-06,1.99964e-06,84.4539,-26.9905,0.00217014,593.909,16029.9,32515.9,2.98317
12,22,672,1.28016e-05,9.19083e-07,1.47612e-05,5.91852e-07,5,2,229334,9.2e+08,0.5,27,9.41004e-10,0.512325,1.12532e-06,1.50697e-06,74.6743,-28.219,0.00226013,545.737,15400.1,30059.3,1066.19
12,23,673,1.10614e-05,8.46473e-07,1.46115e-05,6.22843e-07,6,3,160005,9.2e+08,0.5,27,1.23693e-09,0.583142,2.09819e-06,2.77415e-06,75.6335,-25.5687,0.00345881,629.151,16086.6,27586,877.318
12,24,674,1.48008e-05,7.36107e-07,1.15187e-05,8.71969e-07,4,3,135710,9.2e+08,0.5,27,1.04188e-09,0.542762,2.13412e-06,2.86279e-06,74.5467,-25.4321,0.00414955,577.17,14678.6,27044.4,1092.72
12,25,675,9.50608e-06,8.02101e-07,1.50096e-05,5.15546e-07,5,1,125279,9.2e+08,0.5,27,7.30726e-10,0.322837,7.9973e-07,1.22069e-06,65.5145,-29.1339,0.00198704,301.708,8789.95,27227.2,3797.1
12,26,676,1.80661e-05,5.29306e-07,1.52353e-05,6.17708e-07,3,2,210540,9.2e+08,0.5,27,7.37947e-10,0.503414,1.1836e-06,1.69233e-06,69.9392,-27.7152,0.00383137,502.241,13919.7,27650.6,2268.29
12,27,677,1.02386e-05,7.49575e-07,1.44703e-05,6.13059e-07,6,4,165591,9.2e+08,0.5,27,1.43309e-09,0.638699,2.43615e-06,4.03626e-06,60.3565,-23.9402,0.0047951,549.903,13164.8,20611.9,6073.04
12,28,678,2.94562e-06,2.85113e-07,1.43254e-05,6.4851e-07,5,2,326298,9.2e+08,0.5,27,9.2026e-10,0.611527,1.13254e-06,1.89928e-06,59.6302,-27.2141,0.00393875,520.173,14156.1,23148.7,6436.27
12,29,679,1.02846e-05,8.01512e-07,1.904e-05,6.95658e-07,5,2,378635,9.2e+08,0.5,27,9.42977e-10,0.516363,6.91766e-07,9.29237e-07,74.4444,-30.3187,0.00212102,548.344,16625.1,32196.6,1114.2
12,30,680,8.91577e-06,8.27174e-07,1.05981e-05,6.39896e-07,7,2,282175,9.2e+08,0.5,27,1.12831e-09,0.568567,1.1258e-06,1.6102e-06,69.9167,-27.9312,0.00194285,567.059,15838.6,27857.1,2275.07
12,31,681,1.62727e-05,7.79555e-07,1.49999e-05,5.11886e-07,6,2,145843,9.2e+08,0.5,27,1.04073e-09,0.49081,1.62151e-06,2.12852e-06,76.1799,-26.7192,0.00222406,533.359,14250.9,29035.6,777.942
12,32,682,8.17933e-06,7.65438e-07,1.55453e-05,7.97314e-07,7,2,134197,9.2e+08,0.5,27,1.13731e-09,0.493377,1.7704e-06,2.12736e-06,83.2204,-26.7216,0.00221368,585.7,15650.8,31721.8,31.6698
12,33,683,2.69427e-06,5.14244e-07,9.2021e-06,5.91552e-07,4,2,114097,9.2e+08,0.5,27,8.13658e-10,0.615197,3.27116e-06,4.29668e-06,76.1322,-23.6687,0.00535691,668.112,15813.3,25704.5,786.379
12,34,684,7.58688e-06,5.23229e-07,1.58006e-05,6.1031e-07,3,3,432472,9.2e+08,0.5,27,9.27226e-10,0.636152,9.24474e-07,2.08835e-06,44.2682,-26.802,0.00748723,401.716,10766.8,16924.8,16590.8
12,35,685,5.9802e-06,3.73044e-07,1.34551e-05,6.44989e-07,5,2,169181,9.2e+08,0.5,27,9.21819e-10,0.582119,1.9768e-06,2.80154e-06,70.5615,-25.526,0.00383752,585.93,14956.5,25693.1,2084.71
12,36,686,1.04258e-05,7.77966e-07,1.09379e-05,6.44067e-07,3,2,137252,9.2e+08,0.5,27,7.30311e-10,0.527989,1.99884e-06,2.36372e-06,84.5634,-26.264,0.00436268,636.903,16727.6,31681.8,1.9064
12,37,687,6.70492e-06,7.54667e-07,7.45609e-06,7.24198e-07,3,3,285149,9.2e+08,0.5,27,9.20919e-10,0.66065,1.51245e-06,2.82504e-06,53.5375,-25.4898,0.00600724,504.54,12860.6,19466.6,9898.89
12,38,688,1.04765e-05,7.86677e-07,1.52081e-05,6.6408e-07,6,2,137827,9.2e+08,0.5,27,1.03668e-09,0.501913,1.79239e-06,2.24643e-06,79.7883,-26.4851,0.00246205,571.26,15129.9,30144.4,271.623
12,39,689,1.05273e-05,6.86097e-07,1.41142e-05,6.24591e-07,7,2,246661,9.2e+08,0.5,27,1.13208e-09,0.544078,1.17972e-06,1.63275e-06,72.2534,-27.8708,0.00199157,560.771,15629.1,28725.9,1624.76
12,40,690,1.17765e-05,7.52752e-07,1.50187e-05,6.58845e-07,3,2,142313,9.2e+08,0.5,27,7.3752e-10,0.500012,1.72505e-06,2.17463e-06,79.3263,-26.6262,0.00454145,565.801,15065.1,30129.5,321.912
12,41,691,1.05189e-05,7.69368e-07,8.47834e-06,7.2092e-07,5,2,384570,9.2e+08,0.5,27,9.2841e-10,0.572505,8.38381e-07,1.42822e-06,58.7011,-28.452,0.00231911,479.393,13639.7,23824.6,6916.32
12,42,692,1.21106e-05,7.90297e-07,9.82635e-06,1.91422e-07,4,2,71251.5,9.2e+08,0.5,27,8.22904e-10,0.567796,4.4512e-06,5.59095e-06,79.6143,-22.5251,0.00704925,644.836,14525,25581.5,290.052
12,43,693,1.04066e-05,1.9339e-07,1.44241e-05,5.91433e-07,4,1,194451,9.2e+08,0.5,27,6.21087e-10,0.419557,8.78915e-07,1.28101e-06,68.6114,-28.9245,0.00261053,410.632,11877.3,28309.2,2685.92
12,44,694,1.8316e-05,7.34414e-07,1.29014e-05,7.6775e-07,5,2,134557,9.2e+08,0.5,27,9.46713e-10,0.438668,1.3913e-06,1.97556e-06,70.4255,-27.0431,0.00298241,440.689,11917.6,27167.7,2124.19
12,45,695,1.09662e-05,7.61893e-07,1.14827e-05,6.73661e-07,6,2,156637,9.2e+08,0.5,27,1.03218e-09,0.524289,1.72224e-06,2.30652e-06,74.6684,-26.3704,0.0023484,558.437,14726.2,28087.9,1067.43
12,46,696,7.05148e-06,7.68631e-07,1.39765e-05,3.84407e-07,4,2,184226,9.2e+08,0.5,27,8.21585e-10,0.589125,1.86087e-06,2.49879e-06,74.4709,-26.0227,0.00483919,625.836,16285.9,27644.3,1108.62
12,47,697,1.3514e-05,7.69256e-07,1.03564e-05,6.46461e-07,9,2,414738,9.2e+08,0.5,27,1.33418e-09,0.549003,7.09326e-07,1.2807e-06,55.3858,-28.9255,0.00124683,433.749,12546.4,22853.1,8770.04
12,48,698,9.27437e-06,9.66393e-07,1.49406e-05,8.13766e-07,4,3,205021,9.2e+08,0.5,27,1.04224e-09,0.572481,1.57768e-06,2.12051e-06,74.401,-26.7356,0.00426255,607.584,16244.1,28374.9,1123.38
12,49,699,4.52886e-06,6.29011e-07,1.34562e-05,4.06259e-07,6,2,333010,9.2e+08,0.5,27,1.01663e-09,0.627181,1.1675e-06,2.05458e-06,56.8244,-26.8728,0.00362943,508.386,13661.7,21782.8,7938.67
13,0,700,1.00349e-05,7.79183e-07,1.37892e-05,6.00881e-07,5,2,128111,9.2e+08,0.5,27,9.32209e-10,0.519648,2.07355e-06,2.34613e-06,88.3817,-26.2965,0.00302957,655.146,17228,33153.3,0
13,1,701,1.17754e-05,7.83956e-07,8.97128e-06,5.60724e-07,5,2,293716,9.2e+08,0.5,27,9.28524e-10,0.566503,1.07739e-06,1.80856e-06,59.5714,-27.4267,0.00235138,481.4,13203.2,23306.5,6466.14
13,2,702,1.54276e-05,7.26554e-07,1.26811e-05,8.28787e-07,5,2,167302,9.2e+08,0.5,27,9.43438e-10,0.470326,1.28839e-06,1.79423e-06,71.807,-27.4612,0.00274313,481.761,13229.8,28128.9,1740.55
13,3,703,1.01791e-05,4.24095e-07,1.48827e-05,6.74045e-07,5,2,183088,9.2e+08,0.5,27,9.28697e-10,0.543294,1.58776e-06,2.39775e-06,66.219,-26.202,0.00319834,513.196,13446.8,24750.4,3527.26
13,4,704,1.59038e-05,7.70231e-07,1.42369e-05,4.98604e-07,6,2,93935.3,9.2e+08,0.5,27,1.0387e-09,0.47232,2.32963e-06,3.05888e-06,76.1595,-25.1444,0.00277849,513.13,12902.3,27316.9,781.544
13,5,705,7.72757e-06,8.39387e-07,1.12842e-05,6.12586e-07,5,3,181060,9.2e+08,0.5,27,1.1268e-09,0.625151,2.13317e-06,3.14751e-06,67.7733,-25.0203,0.00434946,604.38,15121.8,24189,2967.57
13,6,706,4.90359e-06,6.43857e-07,1.2027e-05,7.52226e-07,5,2,299097,9.2e+08,0.5,27,9.24408e-10,0.587699,1.1386e-06,1.65829e-06,68.6608,-27.8034,0.00295503,575.612,16004,27231.6,2669.7
13,7,707,8.17933e-06,7.65438e-07,1.55453e-05,7.97314e-07,7,2,251441,9.2e+08,0.5,27,1.13731e-09,0.525622,1.07449e-06,1.37979e-06,77.8739,-28.6019,0.00188158,583.89,16700.4,31772.6,507.817
13,8,708,1.4384e-05,6.14662e-07,1.51912e-05,6.2679e-07,3,2,374156,9.2e+08,0.5,27,7.36726e-10,0.531514,7.45002e-07,1.08514e-06,68.6547,-29.6451,0.00357525,520.536,15431.4,29032.9,2671.69
13,9,709,1.20098e-05,8.49771e-07,1.54425e-05,6.08612e-07,6,2,190222,9.2e+08,0.5,27,1.03921e-09,0.509674,1.34068e-06,1.76884e-06,75.794,-27.5231,0.00212942,551.053,15166.7,29757.6,847.505
13,10,710,6.37127e-06,7.52001e-07,1.35217e-05,8.02337e-07,5,2,154123,9.2e+08,0.5,27,9.3128e-10,0.527132,1.77002e-06,2.16614e-06,81.713,-26.6431,0.00296291,614.436,16370.5,31055.8,108.046
13,11,711,1.25736e-05,7.76781e-07,1.32452e-05,5.99958e-07,5,2,162498,9.2e+08,0.5,27,9.35427e-10,0.515713,1.60937e-06,2.13658e-06,75.3246,-26.7028,0.00272018,554.129,14796.8,28691.9,936.135
13,12,712,1.12732e-05,9.74462e-07,1.50939e-05,4.78328e-07,5,2,254203,9.2e+08,0.5,27,9.3641e-10,0.533952,1.10583e-06,1.50569e-06,73.4435,-28.2226,0.00249177,559.399,15787.7,29567.7,1335.54
13,13,713,1.1164e-05,7.70933e-07,1.51691e-05,6.58899e-07,6,2,141386,9.2e+08,0.5,27,1.0372e-09,0.500811,1.73924e-06,2.22373e-06,78.2127,-26.5292,0.00249751,558.75,14823.2,29598.3,460.68
13,14,714,9.07202e-06,6.39707e-07,7.79886e-07,6.87476e-07,5,4,141382,9.2e+08,0.5,27,1.31268e-09,0.41605,1.17521e-06,5.98362e-06,19.6404,-22.2304,0.00140134,116.563,2591.24,6228.2,42718.9
13,15,715,6.31971e-06,7.27415e-07,1.30386e-05,8.51964e-07,4,2,160741,9.2e+08,0.5,27,8.31411e-10,0.527376,1.69926e-06,2.12497e-06,79.9661,-26.7265,0.00348363,601.578,16078.1,30486.9,253.4
13,16,716,8.36659e-06,7.77177e-07,1.47194e-05,9.2456e-07,6,2,173580,9.2e+08,0.5,27,1.04022e-09,0.493755,1.36837e-06,1.63546e-06,83.6687,-27.8636,0.00230148,589.306,16420.2,33255.7,17.7242
13,17,717,7.54586e-06,7.20351e-07,1.6765e-05,8.25287e-07,7,4,470013,9.2e+08,0.5,27,1.53854e-09,0.641991,8.62904e-07,1.81249e-06,47.6088,-27.4172,0.00527141,435.996,11953.8,18619.9,13981
13,18,718,8.59154e-06,7.96129e-07,1.8101e-05,4.81898e-07,6,2,261762,9.2e+08,0.5,27,1.03113e-09,0.547412,1.12904e-06,1.61163e-06,70.0554,-27.9273,0.00250868,547.043,15277.5,27908.5,2233.42
13,19,719,1.15552e-05,7.67312e-07,1.40789e-05,6.14571e-07,4,2,132334,9.2e+08,0.5,27,8.35038e-10,0.507344,1.91135e-06,2.4849e-06,76.9186,-26.0469,0.00347977,556.672,14499.6,28579.4,653.094
13,20,720,1.23196e-05,7.85469e-07,1.40387e-05,3.84177e-07,5,2,140244,9.2e+08,0.5,27,9.3014e-10,0.539479,2.0485e-06,2.74198e-06,74.7088,-25.6194,0.00326705,574.927,14729.3,27302.7,1059.1
13,21,721,6.77492e-06,7.6082e-07,1.28565e-05,8.4355e-07,5,2,121932,9.2e+08,0.5,27,9.31999e-10,0.505459,2.05206e-06,2.51717e-06,81.5227,-25.9909,0.0032384,587.801,15277.5,30225,120.914
13,22,722,1.13374e-05,2.18379e-07,1.39548e-05,7.96708e-07,4,2,192740,9.2e+08,0.5,27,8.27188e-10,0.54285,1.50071e-06,2.67015e-06,56.203,-25.7346,0.00473601,435.217,11200.1,20632.1,8292.69
13,23,723,1.80661e-05,5.29306e-07,1.52353e-05,6.17708e-07,3,2,210540,9.2e+08,0.5,27,7.37947e-10,0.503414,1.1836e-06,1.69233e-06,69.9392,-27.7152,0.00383137,502.241,13919.7,27650.6,2268.29
13,24,724,7.93123e-06,7.30892e-07,1.16052e-05,6.80062e-07,5,2,330613,9.2e+08,0.5,27,9.27378e-10,0.575721,9.88622e-07,1.45058e-06,68.1538,-28.3846,0.00276545,559.717,15887.3,27595.5,2837.94
13,25,725,1.01436e-05,8.11766e-07,1.92367e-05,7.00399e-07,7,2,146090,9.2e+08,0.5,27,1.14342e-09,0.478525,1.52979e-06,1.95073e-06,78.4216,-27.098,0.00201731,535.311,14505.9,30313.7,432.76
13,26,726,1.00742e-05,7.92791e-07,1.67314e-05,6.32516e-07,5,2,222790,9.2e+08,0.5,27,9.37139e-10,0.521917,1.20329e-06,1.61569e-06,74.4752,-27.9164,0.00252958,554.471,15478.9,29657.7,1107.72
13,27,727,9.14493e-06,7.67252e-07,5.41549e-06,5.81141e-07,5,2,176776,9.2e+08,0.5,27,9.20327e-10,0.582029,1.88577e-06,2.86714e-06,65.7718,-25.4255,0.00256774,546.073,13884.2,23854.8,3697.22
13,28,728,9.39102e-06,7.73368e-07,4.76802e-06,5.72648e-07,6,2,144241,9.2e+08,0.5,27,1.01999e-09,0.565209,2.17281e-06,3.32604e-06,65.3272,-24.7807,0.00213144,526.708,13052.2,23092.7,3870.18
13,29,729,1.05221e-05,8.99328e-07,9.87041e-06,5.94592e-07,5,2,224628,9.2e+08,0.5,27,9.30663e-10,0.551926,1.33577e-06,1.7753e-06,75.2419,-27.5073,0.00246366,592.389,16295,29523.9,952.207
13,30,730,1.10527e-05,8.28046e-07,1.60069e-05,8.79808e-07,7,3,194370,9.2e+08,0.5,27,1.34647e-09,0.555891,1.56155e-06,2.07323e-06,75.3196,-26.8335,0.00268513,597.261,16026.6,28830.5,937.101
13,31,731,5.93852e-06,7.42153e-07,1.37963e-05,7.66262e-07,6,2,173241,9.2e+08,0.5,27,1.02996e-09,0.54021,1.65384e-06,2.08425e-06,79.3494,-26.8105,0.00255809,611.466,16393.7,30346.9,319.295
13,32,732,3.66011e-06,4.84845e-07,1.40448e-05,6.33247e-07,6,2,382394,9.2e+08,0.5,27,1.02134e-09,0.606673,9.49811e-07,1.50854e-06,62.9623,-28.2144,0.00302073,544.881,15373.5,25340.7,4856.62
13,33,733,1.24327e-05,7.86608e-07,1.00273e-05,3.27258e-07,5,2,71240.8,9.2e+08,0.5,27,9.26122e-10,0.531133,3.90227e-06,4.97774e-06,78.3943,-23.0297,0.00433915,593.956,13678.6,25753.6,436.35
13,34,734,1.09607e-05,8.65171e-07,1.57693e-05,7.254e-07,5,2,132422,9.2e+08,0.5,27,9.41844e-10,0.477438,1.68448e-06,2.05052e-06,82.1488,-26.8814,0.00284222,559.48,15039.6,31500.6,81.2967
13,35,735,1.3134e-05,6.79361e-07,1.51341e-05,8.32207e-07,4,2,131930,9.2e+08,0.5,27,8.43035e-10,0.461384,1.57495e-06,2.0306e-06,77.5609,-26.9238,0.00397577,510.472,13743.8,29788.2,553.413
13,36,736,1.00349e-05,7.79183e-07,1.37892e-05,6.00881e-07,5,2,128111,9.2e+08,0.5,27,9.32209e-10,0.519648,2.07355e-06,2.34613e-06,88.3817,-26.2965,0.00302957,655.146,17228,33153.3,0
13,37,737,1.48008e-05,7.36107e-07,7.86181e-06,8.71969e-07,4,3,135710,9.2e+08,0.5,27,1.0355e-09,0.548206,2.17477e-06,3.35506e-06,64.8205,-24.743,0.00378761,506.9,12542.2,22878.7,4072.1
13,38,738,1.23768e-05,7.71593e-07,1.42892e-05,4.10214e-07,7,4,160424,9.2e+08,0.5,27,1.53082e-09,0.64793,2.58863e-06,4.71113e-06,54.947,-23.2687,0.00470543,507.853,11817.1,18238.3,9031.82
13,39,739,1.04087e-05,8.02307e-07,1.52186e-05,6.77723e-07,6,4,173091,9.2e+08,0.5,27,1.43733e-09,0.626351,2.24062e-06,3.48174e-06,64.3535,-24.582,0.00454033,574.985,14134.3,22566.1,4262.78
13,40,740,3.97059e-06,8.76494e-07,1.17476e-05,7.04354e-07,5,4,65581.8,9.2e+08,0.5,27,1.32351e-09,0.611294,5.60657e-06,7.45582e-06,75.1972,-21.275,0.00643062,655.719,13950.5,22821.2,960.947
13,41,741,1.20524e-05,8.63694e-07,1.14884e-05,8.48501e-07,6,3,149556,9.2e+08,0.5,27,1.24031e-09,0.558446,2.04904e-06,2.7521e-06,74.4537,-25.6034,0.00296077,593.108,15185.5,27192.5,1112.25
13,42,742,1.1446e-05,4.74819e-07,9.52181e-06,5.99535e-07,4,5,137581,9.2e+08,0.5,27,1.42229e-09,0.691737,3.43347e-06,8.1329e-06,42.217,-20.8975,0.00792957,416.576,8705.43,12584.9,18303.8
13,43,743,8.33128e-06,6.54827e-07,1.07661e-05,6.31484e-07,10,3,184582,9.2e+08,0.5,27,1.62451e-09,0.632383,2.13421e-06,3.67825e-06,58.0224,-24.3436,0.00233802,523.411,12741.7,20148.7,7277.9
13,44,744,9.24269e-06,7.95608e-07,1.48966e-05,7.98051e-07,5,3,186861,9.2e+08,0.5,27,1.13848e-09,0.580114,1.77702e-06,2.51399e-06,70.6854,-25.9964,0.00384234,584.938,15206.3,26212.5,2049.07
13,45,745,1.13095e-05,7.81036e-07,1.48424e-05,5.31487e-07,6,4,163274,9.2e+08,0.5,27,1.43344e-09,0.638246,2.4676e-06,4.136e-06,59.6614,-23.8342,0.00492271,543.185,12946.4,20284.3,6420.44
13,46,746,9.74113e-06,8.25014e-07,1.42601e-05,7.76616e-07,6,3,162919,9.2e+08,0.5,27,1.23822e-09,0.57582,2.00589e-06,2.80123e-06,71.6074,-25.5265,0.00326971,588.181,15014.2,26074.5,1793.61
13,47,747,1.07667e-05,6.55413e-07,9.05617e-06,6.82226e-07,5,2,157194,9.2e+08,0.5,27,9.2647e-10,0.544619,1.85507e-06,2.73031e-06,67.9435,-25.6379,0.00286668,527.845,13532.8,24848.3,2909.24
13,48,748,1.32507e-05,7.34084e-07,1.53118e-05,9.52391e-07,2,2,455114,9.2e+08,0.5,27,6.4862e-10,0.504117,5.48313e-07,8.03794e-07,68.2156,-30.9486,0.00391357,490.547,15181.7,30115.5,2817.16
13,49,749,1.01717e-05,7.68763e-07,1.13297e-05,6.60215e-07,7,2,145837,9.2e+08,0.5,27,1.1306e-09,0.529085,1.88216e-06,2.29466e-06,82.0236,-26.3928,0.00206291,619.057,16338.7,30881,88.5893
14,0,750,1.00349e-05,7.79183e-07,1.37892e-05,6.00881e-07,5,2,128111,9.2e+08,0.5,27,9.32209e-10,0.519648,2.07355e-06,2.34613e-06,88.3817,-26.2965,0.00302957,655.146,17228,33153.3,0
14,1,751,1.1227e-05,8.62184e-07,1.1754e-05,7.88007e-07,6,2,471195,9.2e+08,0.5,27,1.03788e-09,0.542213,6.11005e-07,9.09084e-07,67.2111,-30.414,0.00178758,519.848,15810.6,29159.5,3164.46
14,2,752,3.13425e-06,7.52001e-07,1.35217e-05,8.02337e-07,5,2,154123,9.2e+08,0.5,27,9.26412e-10,0.542204,1.87295e-06,2.40208e-06,77.9723,-26.1941,0.00319834,603.072,15796.9,29134.7,493.885
14,3,753,1.27044e-05,8.03646e-07,1.13658e-05,6.16559e-07,3,2,303974,9.2e+08,0.5,27,7.34435e-10,0.543136,9.57749e-07,1.31997e-06,72.5582,-28.7943,0.00351409,562.161,16187.1,29803,1547.98
14,4,754,1.04546e-05,1.99473e-07,1.46627e-05,7.35008e-07,5,2,228360,9.2e+08,0.5,27,9.25725e-10,0.557825,1.33958e-06,2.58485e-06,51.8242,-25.8756,0.0042246,412.379,10670.6,19128.9,11006.4
14,5,755,1.07351e-05,7.72852e-07,1.49513e-05,5.14694e-07,5,2,300642,9.2e+08,0.5,27,9.31984e-10,0.550572,9.94874e-07,1.47243e-06,67.5668,-28.3197,0.00289886,530.656,15028,27295.3,3039.16
14,6,756,9.76945e-06,2.07792e-07,1.86977e-05,7.09281e-07,5,2,158623,9.2e+08,0.5,27,9.30584e-10,0.527046,1.72043e-06,2.63256e-06,65.3518,-25.7962,0.00389949,491.329,12674.4,24048.1,3860.51
14,7,757,1.35212e-06,7.54845e-07,1.3292e-05,4.16342e-07,4,2,352749,9.2e+08,0.5,27,8.13109e-10,0.638505,1.13295e-06,1.87747e-06,60.3444,-27.2643,0.0057008,549.626,14985.1,23469.1,6078.99
14,8,758,1.22565e-05,7.69134e-07,1.54108e-05,2.24854e-07,5,2,167045,9.2e+08,0.5,27,9.25784e-10,0.565804,1.89232e-06,2.59929e-06,72.8012,-25.8515,0.00441581,587.585,15189.9,26846.6,1488.1
14,9,759,1.19782e-05,7.81369e-07,1.51142e-05,5.97986e-07,6,2,124350,9.2e+08,0.5,27,1.03679e-09,0.49698,1.94878e-06,2.52366e-06,77.2202,-25.9797,0.00251395,547.439,14222.3,28617.5,605.249
14,10,760,7.92161e-06,7.80841e-07,1.73396e-05,8.41158e-07,7,2,149983,9.2e+08,0.5,27,1.14154e-09,0.483333,1.51647e-06,1.72426e-06,87.9488,-27.634,0.00207667,606.377,16756.6,34668.8,0.00222225
14,11,761,1.15552e-05,2.54854e-07,1.26234e-05,6.14571e-07,4,2,103663,9.2e+08,0.5,27,8.21406e-10,0.545662,2.82174e-06,4.43518e-06,63.6217,-23.5309,0.00563568,495.217,11652.9,21355.5,4570.32
14,12,762,1.74851e-05,8.39181e-07,1.15224e-05,8.46721e-07,6,3,285073,9.2e+08,0.5,27,1.24886e-09,0.555805,1.06404e-06,1.66749e-06,63.8108,-27.7794,0.00238383,505.921,14054.2,25286.1,4489.83
14,13,763,1.04445e-05,8.81406e-07,1.0901e-05,6.58532e-07,5,3,175521,9.2e+08,0.5,27,1.13277e-09,0.599499,2.02199e-06,2.85765e-06,70.7572,-25.4399,0.00373084,605.098,15393.6,25677.5,2028.58
14,14,764,9.43027e-06,7.78545e-07,7.30955e-06,3.15077e-07,3,2,133686,9.2e+08,0.5,27,7.1929e-10,0.602716,2.6807e-06,3.73458e-06,71.7806,-24.2776,0.00622778,617.143,14982.7,24858.7,1747.53
14,15,765,1.3869e-05,9.3446e-07,1.22696e-05,4.19954e-07,5,2,153768,9.2e+08,0.5,27,9.36225e-10,0.520699,1.73753e-06,2.28336e-06,76.0954,-26.4143,0.00280849,565.212,14929.7,28672.3,792.912
14,16,766,7.09279e-06,7.56106e-07,1.39396e-05,7.06929e-07,8,2,141766,9.2e+08,0.5,27,1.23043e-09,0.529071,1.93352e-06,2.41695e-06,79.9981,-26.1673,0.00204446,603.754,15798.6,29861.1,250.187
14,17,767,1.00372e-05,7.86656e-07,1.5972e-05,6.22011e-07,5,4,178425,9.2e+08,0.5,27,1.33566e-09,0.632826,2.21999e-06,3.53331e-06,62.8303,-24.5182,0.00551398,567.178,13906.2,21974.7,4914.96
14,18,768,1.06651e-05,7.1078e-07,1.29192e-05,8.33649e-07,5,2,194056,9.2e+08,0.5,27,9.36701e-10,0.512604,1.32614e-06,1.70788e-06,77.6484,-27.6754,0.00258541,567.781,15713.6,30654.4,540.466
14,19,769,5.12325e-06,6.91405e-07,1.12587e-05,6.10813e-07,5,2,223514,9.2e+08,0.5,27,9.20838e-10,0.599227,1.5862e-06,2.14883e-06,73.8171,-26.678,0.00337382,630.979,16833.2,28091.6,1250.58
14,20,770,1.09309e-05,7.72319e-07,1.20799e-05,4.7304e-07,5,2,390703,9.2e+08,0.5,27,9.28313e-10,0.573556,8.32207e-07,1.22807e-06,67.7654,-29.1078,0.00259482,554.434,16138.3,28137.4,2970.31
14,21,771,1.17272e-05,7.79183e-07,1.37892e-05,6.00881e-07,5,2,128111,9.2e+08,0.5,27,9.34847e-10,0.506591,1.96837e-06,2.52932e-06,77.8223,-25.97,0.00301977,562.377,14604.9,28829.8,515.197
14,22,772,6.13292e-06,9.64679e-07,1.37925e-05,7.38097e-07,5,3,148903,9.2e+08,0.5,27,1.13219e-09,0.593136,2.33046e-06,2.92847e-06,79.5795,-25.3336,0.00427944,673.321,17057.6,28758.4,293.82
14,23,773,1.14033e-05,6.76773e-07,1.39568e-05,7.60455e-07,5,4,416517,9.2e+08,0.5,27,1.33666e-09,0.643903,9.81931e-07,2.46888e-06,39.7723,-26.075,0.00592371,365.315,9525.6,14793.5,20455.4
14,24,774,8.17933e-06,7.65438e-07,1.74552e-05,7.97314e-07,7,2,251441,9.2e+08,0.5,27,1.14036e-09,0.514161,1.02707e-06,1.36409e-06,75.2935,-28.6516,0.00182368,552.234,15822.4,30773.2,942.159
14,25,775,8.96212e-06,3.03753e-07,1.1302e-05,6.33429e-07,6,2,148996,9.2e+08,0.5,27,1.01976e-09,0.579317,2.21804e-06,3.77339e-06,58.781,-24.2327,0.00365479,485.757,11771.2,20319.1,6874.34
14,26,776,9.01136e-06,7.57788e-07,1.38141e-05,8.9846e-07,5,3,162164,9.2e+08,0.5,27,1.13848e-09,0.57217,1.98822e-06,2.44667e-06,81.2624,-26.1143,0.00388779,663.256,17320.4,30271.5,139.697
14,27,777,1.65127e-05,8.25191e-07,1.63063e-05,6.16747e-07,5,2,203391,9.2e+08,0.5,27,9.47366e-10,0.481563,1.11724e-06,1.50558e-06,74.2063,-28.2229,0.00222809,509.753,14386.7,29875.1,1165.05
14,28,778,9.39682e-06,7.78615e-07,1.76677e-05,7.56656e-07,6,1,158421,9.2e+08,0.5,27,8.4137e-10,0.231813,3.15789e-07,6.34275e-07,49.7874,-31.9772,0.00138975,164.636,5264.59,22710.5,12399.8
14,29,779,1.02749e-05,7.97242e-07,6.01e-06,2.80181e-07,6,2,150500,9.2e+08,0.5,27,1.01975e-09,0.604658,2.40108e-06,3.62588e-06,66.2208,-24.4059,0.00296682,571.176,13940.1,23054.4,3526.6
14,30,780,1.04509e-05,7.83729e-07,1.39037e-05,5.38611e-07,5,2,134333,9.2e+08,0.5,27,9.31359e-10,0.527613,2.04096e-06,2.55977e-06,79.7321,-25.918,0.00313428,600.089,15553.1,29478.2,277.506
14,31,781,1.15096e-05,6.38664e-07,1.51967e-05,6.51804e-07,6,3,205333,9.2e+08,0.5,27,1.23451e-09,0.594974,1.70326e-06,2.64659e-06,64.3566,-25.7731,0.00364242,546.207,14077.5,23660.6,4261.51
14,32,782,6.71716e-06,8.15969e-07,1.29569e-05,8.51258e-07,6,2,194612,9.2e+08,0.5,27,1.03302e-09,0.530603,1.4164e-06,1.75709e-06,80.6107,-27.5521,0.00232432,610.139,16810.6,31682,192.657
14,33,783,1.3134e-05,6.79361e-07,1.51341e-05,4.06273e-07,4,2,131930,9.2e+08,0.5,27,8.30143e-10,0.532993,2.12405e-06,2.72932e-06,77.8232,-25.6395,0.00413362,591.694,15170.7,28463.2,515.059
14,34,784,1.18751e-05,7.51227e-07,1.33866e-05,8.12335e-07,5,2,155416,9.2e+08,0.5,27,9.39591e-10,0.488333,1.50013e-06,1.91883e-06,78.1795,-27.1696,0.00269476,544.597,14796.5,30300,465.188
14,35,785,7.03998e-06,7.66895e-07,1.04957e-05,6.24204e-07,5,2,150063,9.2e+08,0.5,27,9.23901e-10,0.566071,2.10464e-06,2.8587e-06,73.6222,-25.4383,0.00317107,594.492,15122.9,26715.5,1294.54
14,36,786,1.04493e-05,7.82578e-07,1.75598e-05,7.90762e-07,4,2,344821,9.2e+08,0.5,27,8.44126e-10,0.511674,7.45766e-07,1.02279e-06,72.9149,-29.9021,0.00256701,532.201,15914,31101.7,1460.51
14,37,787,7.51682e-06,5.27971e-07,1.35762e-05,9.20228e-07,4,2,164929,9.2e+08,0.5,27,8.32924e-10,0.520425,1.60914e-06,2.04403e-06,78.7241,-26.8951,0.00349868,584.429,15718.3,30202.8,393.867
14,38,788,1.20524e-05,8.63694e-07,1.14884e-05,8.47233e-07,6,3,149556,9.2e+08,0.5,27,1.24029e-09,0.558568,2.04999e-06,2.77122e-06,73.9744,-25.5733,0.00296106,589.418,15073.4,26985.7,1215.65
14,39,789,9.69634e-06,7.09652e-07,1.47093e-05,7.76751e-07,5,2,176573,9.2e+08,0.5,27,9.36613e-10,0.512051,1.45648e-06,1.78497e-06,81.597,-27.4837,0.00273169,596.01,16380.5,31990.1,115.806
14,40,790,1.13172e-05,7.89937e-07,1.54039e-05,6.40425e-07,6,2,176325,9.2e+08,0.5,27,1.03761e-09,0.510917,1.45322e-06,1.90925e-06,76.1151,-27.1914,0.00221452,554.737,15084.1,29523.5,789.42
14,41,791,1.06578e-05,4.07821e-07,1.98933e-05,3.26281e-07,6,2,456738,9.2e+08,0.5,27,1.02167e-09,0.577598,7.22857e-07,1.682e-06,42.976,-27.7417,0.00344642,354.093,9823.16,17006.9,17660.1
14,42,792,6.65992e-06,8.37262e-07,1.52919e-05,7.15651e-07,5,2,136682,9.2e+08,0.5,27,9.3304e-10,0.514788,1.90403e-06,2.2533e-06,84.4998,-26.4718,0.00303276,620.512,16426.1,31908.5,2.50162
14,43,793,1.39321e-05,7.62103e-07,1.38884e-05,5.47722e-07,6,2,133133,9.2e+08,0.5,27,1.03645e-09,0.502295,1.86159e-06,2.43059e-06,76.59,-26.1429,0.00240912,548.778,14346.6,28562.2,707.288
14,44,794,1.34511e-05,7.70246e-07,1.42066e-05,6.01279e-07,3,2,212342,9.2e+08,0.5,27,7.37806e-10,0.517632,1.24294e-06,1.64016e-06,75.7817,-27.8511,0.0038464,559.566,15584.5,30107.4,849.779
14,45,795,8.34765e-06,7.74377e-07,1.1215e-05,1.82745e-07,6,2,163498,9.2e+08,0.5,27,1.01703e-09,0.622198,2.33742e-06,3.67467e-06,63.6091,-24.3478,0.00513881,564.565,13745.9,22092.5,4575.72
14,46,796,1.7206e-05,7.0864e-07,1.04046e-05,7.59247e-07,4,3,485373,9.2e+08,0.5,27,1.04018e-09,0.590227,7.08298e-07,1.76874e-06,40.0454,-27.5234,0.00397076,337.161,9279.81,15722.4,20209.2
14,47,797,8.83258e-06,7.64782e-07,1.13386e-05,8.04305e-07,6,2,149198,9.2e+08,0.5,27,1.03175e-09,0.51907,1.76814e-06,2.34746e-06,75.3213,-26.294,0.00232124,557.712,14664.5,28251.5,936.767
14,48,798,1.16523e-05,8.29092e-07,1.2998e-05,7.07136e-07,5,3,199675,9.2e+08,0.5,27,1.1377e-09,0.585611,1.69561e-06,2.33647e-06,72.5716,-26.3144,0.00369588,606.236,15952.7,27241.2,1544.66
14,49,799,6.68367e-06,7.54628e-07,1.33462e-05,8.21475e-07,5,2,381530,9.2e+08,0.5,27,9.32015e-10,0.560165,8.09132e-07,9.52663e-07,84.9337,-30.2106,0.00252684,678.677,20503.2,36602.1,0.043892
15,0,800,1.00349e-05,7.79183e-07,1.37892e-05,6.00881e-07,5,2,128111,9.2e+08,0.5,27,9.32209e-10,0.519648,2.07355e-06,2.34613e-06,88.3817,-26.2965,0.00302957,655.146,17228,33153.3,0
15,1,801,8.22643e-06,4.26341e-07,6.06084e-06,8.15245e-07,5,2,26097.5,9.2e+08,0.5,27,9.16897e-10,0.279406,2.90194e-06,7.86509e-06,36.8965,-21.043,0.00573168,147.058,3094.53,11075.4,23139.9
15,2,802,1.05285e-05,7.51514e-07,1.07048e-05,9.27357e-07,9,2,93176.8,9.2e+08,0.5,27,1.33568e-09,0.438592,1.98921e-06,2.76091e-06,72.0489,-25.5895,0.00219002,450.769,11534.9,26300,1677.33
15,3,803,1.03469e-05,7.66593e-07,8.691e-06,7.44282e-07,6,2,191327,9.2e+08,0.5,27,1.0288e-09,0.542811,1.50918e-06,2.20784e-06,68.3553,-26.5603,0.00215548,529.282,14057.9,25898.3,2770.45
15,4,804,1.18751e-05,7.51227e-07,1.33866e-05,5.32628e-07,6,2,110598,9.2e+08,0.5,27,1.0321e-09,0.5124,2.33398e-06,3.01102e-06,77.5147,-25.2129,0.00283742,566.577,14285,27878.7,560.304
15,5,805,1.01647e-05,7.86457e-07,1.24401e-05,6.85994e-07,5,2,172891,9.2e+08,0.5,27,9.33056e-10,0.527972,1.58487e-06,1.7875e-06,88.664,-27.4775,0.00269119,667.766,18348.6,34752.9,0
15,6,806,1.13172e-05,7.89937e-07,1.54039e-05,6.40425e-07,6,5,176325,9.2e+08,0.5,27,1.63761e-09,0.656329,2.41551e-06,4.41148e-06,54.7552,-23.5542,0.00556167,512.641,12074.8,18397.5,9147.5
15,7,807,6.72935e-06,8.09945e-07,1.91294e-05,8.50596e-07,7,2,164254,9.2e+08,0.5,27,1.14344e-09,0.480837,1.3688e-06,1.58011e-06,86.6269,-28.0131,0.00204864,594.179,16644.8,34616.3,0.00293768
15,8,808,1.15159e-05,7.3355e-07,1.29295e-05,8.1488e-07,5,2,181462,9.2e+08,0.5,27,9.37967e-10,0.503866,1.36956e-06,1.76073e-06,77.7839,-27.5431,0.00254934,559.076,15398.7,30561.1,520.721
15,9,809,6.67324e-06,2.26216e-07,1.09919e-05,6.14773e-07,5,2,173366,9.2e+08,0.5,27,9.16534e-10,0.610232,2.11846e-06,3.94012e-06,53.7664,-24.0449,0.00484296,468.029,11253.7,18441.7,9755.36
15,10,810,1.11483e-05,8.2035e-07,1.29843e-05,8.27852e-07,5,3,196935,9.2e+08,0.5,27,1.13979e-09,0.576141,1.66108e-06,2.21747e-06,74.9089,-26.5414,0.00371046,615.643,16340,28361.2,1018.3
15,11,811,8.23892e-06,7.63616e-07,1.38286e-05,6.9112e-07,5,5,130990,9.2e+08,0.5,27,1.5317e-09,0.664424,3.33017e-06,5.358e-06,62.1533,-22.71,0.00657363,589.082,13378,20134.8,5219.73
15,12,812,2.75597e-06,6.63384e-07,1.77494e-05,5.79308e-07,5,2,147854,9.2e+08,0.5,27,9.24221e-10,0.548248,1.99827e-06,2.59578e-06,76.9815,-25.8573,0.00372159,602.046,15567.3,28394.6,642.966
15,13,813,1.02223e-05,7.85743e-07,1.55618e-05,6.21044e-07,5,3,129371,9.2e+08,0.5,27,1.13539e-09,0.580582,2.57252e-06,3.29937e-06,77.97,-24.8157,0.00442225,645.739,16024.5,27600.7,494.214
15,14,814,1.0905e-05,7.76392e-07,5.80023e-06,7.3306e-07,3,2,432028,9.2e+08,0.5,27,7.25437e-10,0.58551,7.82344e-07,1.43536e-06,54.5051,-28.4304,0.00318601,455.237,12942.6,22104.8,9299.39
15,15,815,1.35817e-05,6.72898e-07,1.12435e-05,5.82858e-07,10,1,152306,9.2e+08,0.5,27,1.23138e-09,0.309676,5.84866e-07,1.0463e-06,55.8987,-29.8035,0.00090321,246.931,7359.4,23764.8,8469.15
15,16,816,1.34328e-05,7.21657e-07,1.44876e-05,6.06489e-07,5,2,43285,9.2e+08,0.5,27,9.36961e-10,0.377848,3.2166e-06,4.73119e-06,67.9871,-23.2503,0.00482377,366.446,8519.98,22548.7,2894.51
15,17,817,6.6311e-06,4.42254e-07,2.38421e-06,6.48365e-07,5,2,206992,9.2e+08,0.5,27,9.08957e-10,0.626765,1.85631e-06,4.56932e-06,40.6256,-23.4015,0.00223899,363.221,8499.92,13561.6,19690.8
15,18,818,1.17272e-05,7.79183e-07,1.37892e-05,6.00881e-07,5,2,128111,9.2e+08,0.5,27,9.34847e-10,0.506591,1.96837e-06,2.52932e-06,77.8223,-25.97,0.00301977,562.377,14604.9,28829.8,515.197
15,19,819,7.51682e-06,5.27971e-07,1.35762e-05,9.20228e-07,4,2,164929,9.2e+08,0.5,27,8.32924e-10,0.520425,1.60914e-06,2.04403e-06,78.7241,-26.8951,0.00349868,584.429,15718.3,30202.8,393.867
15,20,820,1.6643e-05,7.79183e-07,1.37892e-05,6.00881e-07,5,2,128111,9.2e+08,0.5,27,9.42507e-10,0.470581,1.69353e-06,2.26196e-06,74.8701,-26.4552,0.00270853,502.585,13296,28254.3,1026.16
15,21,821,1.02965e-05,7.82121e-07,6.99657e-06,5.43197e-07,5,2,132521,9.2e+08,0.5,27,9.23707e-10,0.554528,2.28439e-06,3.2288e-06,70.7504,-24.9096,0.00289607,559.653,13940.7,25139.8,2030.5
15,22,822,1.13998e-05,7.77473e-07,1.41075e-05,5.87527e-07,4,2,195412,9.2e+08,0.5,27,8.34303e-10,0.529408,1.41323e-06,1.86313e-06,75.8525,-27.2976,0.00323042,572.831,15636.9,29536.6,836.769
15,23,823,1.13972e-05,6.56025e-07,2.71072e-06,5.2593e-07,4,2,76082.6,9.2e+08,0.5,27,8.17805e-10,0.43665,2.45137e-06,4.94565e-06,49.5661,-23.0578,0.00352398,308.734,7118.71,16303,12555.6
15,24,824,8.74293e-06,7.55544e-07,1.50768e-05,8.2994e-07,4,2,164712,9.2e+08,0.5,27,8.38237e-10,0.501732,1.49849e-06,1.72608e-06,86.8143,-27.6294,0.00330977,621.34,17167.2,34216,0
15,25,825,7.82897e-06,7.24351e-07,1.28312e-05,9.75947e-07,5,2,189656,9.2e+08,0.5,27,9.36387e-10,0.510896,1.34487e-06,1.7014e-06,79.0448,-27.6919,0.00261025,576.066,15952.4,31224.3,354.644
15,26,826,7.20928e-06,7.54736e-07,1.37911e-05,8.21866e-07,5,2,320538,9.2e+08,0.5,27,9.33551e-10,0.548744,9.23381e-07,1.22449e-06,75.4095,-29.1204,0.00257212,590.285,17189.4,31324.9,919.78
15,27,827,6.29106e-06,8.37711e-07,1.5084e-05,6.52028e-07,6,2,188880,9.2e+08,0.5,27,1.03021e-09,0.544471,1.54358e-06,1.83777e-06,83.9922,-27.3571,0.00249872,652.35,17846.4,32777.5,10.1558
15,28,828,1.17855e-05,5.36529e-07,1.31748e-05,7.1969e-07,5,3,166582,9.2e+08,0.5,27,1.13161e-09,0.596321,2.10706e-06,3.4008e-06,61.9577,-24.6842,0.00445617,527.038,13009.5,21816.3,5309.46
15,29,829,1.08567e-05,4.39551e-07,1.37239e-05,6.59623e-07,6,2,111566,9.2e+08,0.5,27,1.02765e-09,0.523245,2.41089e-06,3.40993e-06,70.702,-24.6725,0.00306193,527.719,13020.2,24883.5,2044.33
15,30,830,9.52101e-06,7.8201e-07,1.46872e-05,5.71834e-07,6,2,405447,9.2e+08,0.5,27,1.03169e-09,0.558586,7.58644e-07,1.18904e-06,63.803,-29.248,0.00222678,508.391,14869.4,26619.7,4493.14
15,31,831,9.57663e-06,7.88675e-07,1.13608e-05,7.22207e-07,6,2,154321,9.2e+08,0.5,27,1.03152e-09,0.525783,1.75703e-06,2.31532e-06,75.887,-26.3539,0.00233949,569.167,14999.8,28528.5,830.468
15,32,832,6.5939e-06,9.62087e-07,1.72975e-05,7.72339e-07,5,2,199549,9.2e+08,0.5,27,9.39407e-10,0.50745,1.26442e-06,1.50933e-06,83.774,-28.2122,0.00256141,606.413,17108.2,33714.1,15.0311
15,33,833,1.14527e-05,8.26727e-07,1.35759e-05,8.20617e-07,7,2,141531,9.2e+08,0.5,27,1.14122e-09,0.476281,1.55838e-06,1.98468e-06,78.5205,-27.0231,0.00212179,533.473,14416.1,30268.1,419.843
15,34,834,7.5001e-06,5.41782e-07,1.37978e-05,8.5855e-07,5,2,182339,9.2e+08,0.5,27,9.31819e-10,0.532068,1.52401e-06,2.02423e-06,75.2883,-26.9374,0.00287646,571.427,15392.8,28930.1,943.172
15,35,835,3.13425e-06,7.52001e-07,1.21892e-05,6.00641e-07,5,2,235958,9.2e+08,0.5,27,9.19357e-10,0.605249,1.53099e-06,1.97643e-06,77.4625,-27.0412,0.00344628,668.793,18085,29880.2,568.136
15,36,836,1.32825e-05,4.97807e-07,1.16429e-05,5.39405e-07,5,2,220292,9.2e+08,0.5,27,9.25785e-10,0.560986,1.40943e-06,2.36716e-06,59.5412,-26.2577,0.00313495,476.47,12511,22301.8,6481.52
15,37,837,8.90549e-06,7.57167e-07,1.34511e-05,8.87521e-07,5,3,221550,9.2e+08,0.5,27,1.13736e-09,0.588247,1.54013e-06,2.04336e-06,75.3723,-26.8966,0.00378104,632.467,17011.2,28918.4,926.932
15,38,838,1.24485e-05,1.8315e-07,4.6509e-06,2.79829e-07,5,2,159539,9.2e+08,0.5,27,9.07163e-10,0.640547,2.53581e-06,7.12515e-06,35.5895,-21.4721,0.00498265,325.192,6982.53,10900.9,24414
15,39,839,1.74875e-05,7.88797e-07,1.37831e-05,7.32778e-07,6,2,143167,9.2e+08,0.5,27,1.04779e-09,0.448517,1.36635e-06,1.90696e-06,71.6504,-27.1966,0.00240339,458.42,12467.5,27797.1,1782.14
15,40,840,1.04208e-05,8.30646e-07,1.27703e-05,7.94459e-07,6,2,441126,9.2e+08,0.5,27,1.0376e-09,0.541448,6.51167e-07,9.32456e-07,69.8336,-30.3037,0.00187499,539.37,16344.9,30187.4,2300.21
15,41,841,7.92161e-06,7.80841e-07,1.75555e-05,8.41158e-07,7,2,149983,9.2e+08,0.5,27,1.1419e-09,0.48198,1.5077e-06,1.71625e-06,87.8489,-27.6542,0.00207731,603.993,16702.9,34654.8,0.00259765
15,42,842,8.56196e-06,7.69874e-07,7.18107e-06,5.61876e-07,10,2,225726,9.2e+08,0.5,27,1.42125e-09,0.595574,1.53865e-06,2.45312e-06,62.7222,-26.1028,0.00144755,532.872,13909.5,23354.7,4963.01
15,43,843,1.3134e-05,6.79361e-07,1.51341e-05,6.21495e-07,4,2,211363,9.2e+08,0.5,27,8.36657e-10,0.519044,1.25491e-06,1.68235e-06,74.5926,-27.7408,0.00317879,552.289,15321,29517.6,1083.14
15,44,844,1.26243e-05,8.28809e-07,1.15459e-05,6.22091e-07,4,4,239364,9.2e+08,0.5,27,1.23529e-09,0.640494,1.69556e-06,3.21487e-06,52.7411,-24.9284,0.00556612,481.871,12012.2,18754.6,10406.4
15,45,845,6.13292e-06,9.64679e-07,1.37925e-05,7.38097e-07,5,3,89644.2,9.2e+08,0.5,27,1.13219e-09,0.563043,3.48126e-06,4.44517e-06,78.3155,-23.5211,0.00467417,629.007,14794.9,26276.8,446.82
15,46,846,1.21886e-05,7.13042e-07,1.41492e-05,8.41537e-07,5,2,168684,9.2e+08,0.5,27,9.41196e-10,0.48642,1.36991e-06,1.69076e-06,81.023,-27.7192,0.00269574,562.194,15583.5,32037.2,158.163
15,47,847,6.40226e-06,7.55457e-07,1.36624e-05,7.80771e-07,6,2,172455,9.2e+08,0.5,27,1.03101e-09,0.534997,1.6284e-06,2.06605e-06,78.8168,-26.8486,0.0025077,601.501,16149.4,30186.1,382.322
15,48,848,8.5344e-06,7.66136e-07,1.37054e-05,7.12909e-07,5,2,426162,9.2e+08,0.5,27,9.32618e-10,0.558141,7.20284e-07,1.17842e-06,61.1231,-29.287,0.00243147,486.649,14252.5,25535.6,5701.08
15,49,849,6.66163e-06,7.2816e-07,1.44252e-05,3.48853e-07,5,2,170859,9.2e+08,0.5,27,9.19766e-10,0.595536,2.05038e-06,2.84698e-06,72.0196,-25.4562,0.00444872,611.822,15574.6,26152.3,1684.9
16,0,850,1.00349e-05,7.79183e-07,1.37892e-05,6.00881e-07,5,2,128111,9.2e+08,0.5,27,9.32209e-10,0.519648,2.07355e-06,2.34613e-06,88.3817,-26.2965,0.00302957,655.146,17228,33153.3,0
16,1,851,8.66301e-06,7.59194e-07,1.44266e-05,7.91531e-07,5,3,152846,9.2e+08,0.5,27,1.13599e-09,0.581196,2.17988e-06,2.75653e-06,79.0805,-25.5964,0.00411505,655.629,16781.7,28874.5,350.399
16,2,852,8.44861e-06,8.24863e-07,1.3627e-05,1.98239e-07,7,2,146661,9.2e+08,0.5,27,1.11934e-09,0.60039,2.42613e-06,3.52597e-06,68.8076,-24.5272,0.00419759,589.299,14453.9,24074.1,2621.95
16,3,853,1.10696e-05,8.14064e-07,1.36159e-05,7.89961e-07,5,2,193838,9.2e+08,0.5,27,9.39535e-10,0.504587,1.28652e-06,1.68282e-06,76.4502,-27.7396,0.00238818,550.277,15264.5,30251.4,730.985
16,4,854,8.8252e-06,7.76601e-07,1.31352e-05,8.16136e-07,8,2,158126,9.2e+08,0.5,27,1.23515e-09,0.510107,1.60326e-06,1.99566e-06,80.3377,-26.9991,0.0017875,584.584,15783.3,30941.1,217.371
16,5,855,9.03813e-06,7.2948e-07,1.31701e-05,2.35536e-07,5,3,191046,9.2e+08,0.5,27,1.11939e-09,0.662872,2.2658e-06,4.54158e-06,49.8901,-23.4279,0.0080838,471.749,11052.1,16673,12327
16,6,856,1.14527e-05,8.26727e-07,1.35759e-05,8.20617e-07,7,2,141531,9.2e+08,0.5,27,1.14122e-09,0.476281,1.55838e-06,1.98468e-06,78.5205,-27.0231,0.00212179,533.473,14416.1,30268.1,419.843
16,7,857,1.18363e-05,4.39534e-07,1.19251e-05,6.06485e-07,6,2,189040,9.2e+08,0.5,27,1.02487e-09,0.560115,1.63442e-06,2.54145e-06,64.3106,-25.9492,0.0028494,513.838,13333.7,23805.2,4280.5
16,8,858,1.20451e-05,5.14615e-07,1.39154e-05,7.89584e-07,6,2,150072,9.2e+08,0.5,27,1.03437e-09,0.504699,1.66058e-06,2.35562e-06,70.4943,-26.2789,0.00251644,507.519,13337.1,26425.8,2104.16
16,9,859,8.3712e-06,9.32909e-07,5.32133e-06,9.52524e-07,5,2,194084,9.2e+08,0.5,27,9.25757e-10,0.531631,1.41819e-06,1.98581e-06,71.4162,-27.0206,0.00217928,541.594,14634.2,27527,1845.19
16,10,860,3.955e-06,6.4635e-07,1.41843e-05,7.33165e-07,4,5,143632,9.2e+08,0.5,27,1.42591e-09,0.684388,3.20971e-06,4.90061e-06,65.4961,-23.0975,0.00925615,639.417,14768.9,21579.8,3804.01
16,11,861,1.11672e-05,7.3267e-07,1.43175e-05,8.04444e-07,5,2,171311,9.2e+08,0.5,27,9.39399e-10,0.497058,1.41185e-06,1.85664e-06,76.0434,-27.3127,0.00257906,539.181,14726.5,29627.4,802.208
16,12,862,1.94979e-05,2.15536e-07,8.84296e-06,7.38787e-07,6,2,188162,9.2e+08,0.5,27,1.02147e-09,0.528591,1.44898e-06,3.49181e-06,41.4965,-24.5695,0.00324304,312.894,7687.65,14543.7,18925.6
16,13,863,3.31438e-06,7.49507e-07,1.36691e-05,6.02459e-07,5,2,85403.6,9.2e+08,0.5,27,9.21438e-10,0.533939,3.28084e-06,4.22218e-06,77.7049,-23.7446,0.00421673,591.843,14053.1,26319.7,532.183
16,14,864,1.19345e-05,7.76848e-07,1.40944e-05,6.49574e-07,5,2,144248,9.2e+08,0.5,27,9.36853e-10,0.502958,1.72123e-06,2.22468e-06,77.3697,-26.5273,0.00294171,555.097,14725.2,29277.3,582.218
16,15,865,7.20928e-06,7.54736e-07,1.37911e-05,8.21866e-07,5,5,233017,9.2e+08,0.5,27,1.53355e-09,0.674499,1.92243e-06,3.54072e-06,54.2948,-24.5091,0.0074956,522.403,12803.6,18982.4,9428.08
16,16,866,1.3134e-05,6.79361e-07,1.51341e-05,6.21495e-07,4,2,211363,9.2e+08,0.5,27,8.36657e-10,0.519044,1.25491e-06,1.68235e-06,74.5926,-27.7408,0.00317879,552.289,15321,29517.6,1083.14
16,17,867,1.07815e-05,7.73621e-07,1.365e-05,5.56851e-07,5,2,124257,9.2e+08,0.5,27,9.31884e-10,0.520697,2.14772e-06,2.47607e-06,86.7389,-26.0624,0.00309481,644.266,16791.1,32247.4,0
16,18,868,1.03181e-05,7.47537e-07,1.14104e-05,9.15159e-07,10,3,190125,9.2e+08,0.5,27,1.63631e-09,0.581498,1.73749e-06,2.52445e-06,68.8263,-25.9783,0.00198584,570.912,14831.3,25505.4,2615.89
16,19,869,7.61458e-06,7.14447e-07,1.64112e-05,9.27869e-07,4,2,203237,9.2e+08,0.5,27,8.41335e-10,0.500417,1.20635e-06,1.33017e-06,90.6913,-28.7609,0.0030957,647.386,18619.4,37207.9,0
16,20,870,1.29161e-05,7.5947e-07,1.46036e-05,4.74948e-07,5,2,149428,9.2e+08,0.5,27,9.33491e-10,0.523472,1.80703e-06,2.33745e-06,77.3077,-26.3126,0.00306517,577.275,15189.6,29017,591.718
16,21,871,7.88811e-06,7.24698e-07,1.54594e-05,9.08876e-07,6,2,186638,9.2e+08,0.5,27,1.03953e-09,0.502008,1.31743e-06,1.49588e-06,88.0707,-28.251,0.00225206,630.679,17817.3,35492.1,0
16,22,872,1.06634e-05,2.5841e-07,1.2362e-05,7.81893e-07,7,2,209060,9.2e+08,0.5,27,1.12484e-09,0.558142,1.46037e-06,2.69087e-06,54.2711,-25.7011,0.00280775,432.095,11105.3,19896.9,9442.68
16,23,873,9.26704e-06,8.01721e-07,2.00186e-06,6.47849e-07,7,2,166476,9.2e+08,0.5,27,1.11745e-09,0.507907,1.48718e-06,3.09006e-06,48.128,-25.1003,0.00120303,348.697,8752.4,17232.3,13595.5
16,24,874,7.92161e-06,7.80841e-07,1.75555e-05,8.41158e-07,7,2,149983,9.2e+08,0.5,27,1.1419e-09,0.48198,1.5077e-06,1.71625e-06,87.8489,-27.6542,0.00207731,603.993,16702.9,34654.8,0.00259765
16,25,875,1.15849e-05,7.38195e-07,1.32892e-05,7.77332e-07,6,3,158901,9.2e+08,0.5,27,1.23776e-09,0.574143,2.04357e-06,2.89362e-06,70.6231,-25.3856,0.00331801,578.406,14683.2,25574.1,2066.95
16,26,876,8.09352e-06,6.57831e-07,1.32268e-05,8.40612e-07,4,5,272110,9.2e+08,0.5,27,1.43289e-09,0.679694,1.66998e-06,3.63504e-06,45.9413,-24.3949,0.0091152,445.434,10866.3,15987.1,15255.8
16,27,877,1.59876e-05,5.15054e-07,1.23029e-05,6.4379e-07,5,2,437944,9.2e+08,0.5,27,9.3231e-10,0.545556,6.69097e-07,1.34897e-06,49.6007,-28.7,0.00245493,386.006,11078.4,20306.5,12531.1
16,28,878,3.13425e-06,7.52001e-07,9.27264e-06,6.00641e-07,5,2,235958,9.2e+08,0.5,27,9.15853e-10,0.63012,1.65993e-06,2.34499e-06,70.7863,-26.2986,0.00372493,636.266,16732.9,26555.1,2020.28
16,29,879,5.3802e-06,7.35366e-07,7.40877e-06,5.74923e-07,5,2,354487,9.2e+08,0.5,27,9.16432e-10,0.639879,1.14102e-06,2.0234e-06,56.3912,-26.9392,0.00307859,514.725,13866.3,21670.1,8184.65
16,30,880,1.23625e-05,7.55743e-07,1.48093e-05,6.24195e-07,5,3,210202,9.2e+08,0.5,27,1.13717e-09,0.58853,1.62861e-06,2.37649e-06,68.5298,-26.2406,0.00394677,575.327,15096.9,25651.9,2712.66
16,31,881,1.18751e-05,5.19601e-07,1.90461e-05,5.32628e-07,6,2,110598,9.2e+08,0.5,27,1.03263e-09,0.50561,2.27358e-06,2.93092e-06,77.5722,-25.33,0.00297415,559.484,14171.7,28028.9,551.727
16,32,882,1.06982e-05,9.05915e-07,1.39466e-05,3.10678e-07,5,2,130448,9.2e+08,0.5,27,9.28049e-10,0.551768,2.30251e-06,3.03764e-06,75.7994,-25.1746,0.00392396,596.607,15019.4,27220.4,846.511
16,33,883,1.29887e-05,7.79183e-07,1.37892e-05,8.72558e-07,10,2,128111,9.2e+08,0.5,27,1.4443e-09,0.44905,1.51019e-06,2.04916e-06,73.6982,-26.8842,0.00176503,472.082,12691.6,28263.2,1277.33
16,34,884,1.30631e-05,3.30166e-07,1.35152e-05,9.28215e-07,5,2,175239,9.2e+08,0.5,27,9.33716e-10,0.503912,1.41416e-06,2.15775e-06,65.5386,-26.66,0.00316506,471.105,12559.6,24924.3,3787.48
16,35,885,9.64411e-06,6.45142e-07,1.35109e-05,8.28392e-07,4,2,203047,9.2e+08,0.5,27,8.34828e-10,0.523589,1.3263e-06,1.72439e-06,76.9139,-27.6336,0.00322285,574.463,15874.5,30318.6,653.847
16,36,886,7.04435e-06,9.25474e-07,1.48356e-05,7.38838e-07,5,2,195808,9.2e+08,0.5,27,9.34961e-10,0.525741,1.38634e-06,1.69645e-06,81.7199,-27.7046,0.00270925,612.867,16979.2,32295.8,107.591
16,37,887,8.97131e-06,8.19791e-07,1.46812e-05,6.25531e-07,5,2,132611,9.2e+08,0.5,27,9.33076e-10,0.51707,1.98264e-06,2.38777e-06,83.0329,-26.2201,0.00303974,612.443,16058.3,31056.3,38.6943
16,38,888,1.15659e-05,7.65538e-07,4.28616e-06,6.98705e-07,5,2,172538,9.2e+08,0.5,27,9.23698e-10,0.531848,1.60196e-06,2.64741e-06,60.5104,-25.7718,0.00202295,459.075,11831.2,22245.4,5997.43
16,39,889,3.1273e-06,6.65376e-07,1.54806e-05,6.20863e-07,5,2,150892,9.2e+08,0.5,27,9.23384e-10,0.560437,2.04912e-06,2.6808e-06,76.437,-25.7174,0.00354905,611.077,15715.3,28041.2,733.258
16,40,890,9.22753e-06,7.65427e-07,1.3847e-05,7.8984e-07,5,2,140413,9.2e+08,0.5,27,9.36e-10,0.50073,1.74956e-06,2.10606e-06,83.0726,-26.7653,0.00279139,593.372,15881.8,31717.3,37.1485
16,41,891,8.24722e-06,7.31185e-07,1.31237e-05,7.86994e-07,5,2,171923,9.2e+08,0.5,27,9.32717e-10,0.526705,1.58422e-06,1.99327e-06,79.4784,-27.0043,0.00281788,597.149,16125.6,30616.1,304.877
16,42,892,9.8011e-06,2.15214e-07,1.34487e-05,7.81762e-07,6,2,249386,9.2e+08,0.5,27,1.02525e-09,0.564561,1.25505e-06,2.46482e-06,50.9184,-26.0822,0.00345826,410.065,10695.4,18944.6,11615.5
16,43,893,1.06557e-05,1.96347e-07,1.85708e-05,5.17109e-07,7,2,149873,9.2e+08,0.5,27,1.12339e-09,0.553313,2.0128e-06,3.29242e-06,61.1342,-24.8248,0.00353863,482.526,11978.6,21648.9,5695.79
16,44,894,1.32926e-05,7.50087e-07,2.50406e-06,3.4349e-07,5,2,87600.8,9.2e+08,0.5,27,9.21661e-10,0.483325,2.61401e-06,4.5285e-06,57.7235,-23.4405,0.00273845,397.977,9328.77,19301.2,7440.08
16,45,895,8.56196e-06,7.69874e-07,7.18107e-06,5.61876e-07,10,2,225726,9.2e+08,0.5,27,1.42125e-09,0.595574,1.53865e-06,2.45312e-06,62.7222,-26.1028,0.00144755,532.872,13909.5,23354.7,4963.01
16,46,896,6.95306e-06,7.41929e-07,9.12516e-07,8.5449e-07,6,2,167254,9.2e+08,0.5,27,1.01188e-09,0.360435,7.30567e-07,2.92385e-06,24.9865,-25.3404,0.00101126,128.469,3255.46,9032.03,36016.4
16,47,897,1.45254e-05,6.59828e-07,1.05775e-06,7.66673e-07,5,2,180767,9.2e+08,0.5,27,9.2079e-10,0.312113,5.09773e-07,2.37074e-06,21.5027,-26.2512,0.00102772,95.7351,2513.16,8052.06,40319.4
16,48,898,1.04855e-05,7.73107e-07,1.31005e-05,5.74949e-07,9,4,162031,9.2e+08,0.5,27,1.73128e-09,0.64421,2.53052e-06,4.36498e-06,57.9731,-23.6002,0.00330251,532.747,12572.9,19516.8,7304.52
16,49,899,6.40226e-06,7.55457e-07,1.36624e-05,7.80771e-07,6,2,172455,9.2e+08,0.5,27,1.03101e-09,0.534997,1.6284e-06,2.06605e-06,78.8168,-26.8486,0.0025077,601.501,16149.4,30186.1,382.322
17,0,900,1.00349e-05,7.79183e-07,1.37892e-05,6.00881e-07,5,2,128111,9.2e+08,0.5,27,9.32209e-10,0.519648,2.07355e-06,2.34613e-06,88.3817,-26.2965,0.00302957,655.146,17228,33153.3,0
17,1,901,1.17794e-05,6.57951e-07,1.50934e-05,8.12338e-07,7,2,188898,9.2e+08,0.5,27,1.14002e-09,0.498435,1.28207e-06,1.72501e-06,74.3228,-27.6321,0.00186693,528.442,14601.9,29295.6,1140.02
17,2,902,1.094e-05,5.31451e-07,1.74364e-05,5.42437e-07,5,2,122369,9.2e+08,0.5,27,9.30545e-10,0.521972,2.193e-06,2.64015e-06,83.0634,-25.7837,0.00344456,618.476,15946.6,30550.7,37.5055
17,3,903,5.71173e-06,7.06599e-07,2.74946e-06,7.78235e-07,5,2,157203,9.2e+08,0.5,27,9.12351e-10,0.571453,2.02631e-06,3.72971e-06,54.3288,-24.2832,0.00215189,442.871,10754.4,18819.3,9407.21
17,4,904,1.01352e-05,2.78402e-07,1.45168e-05,8.77818e-07,6,2,187241,9.2e+08,0.5,27,1.03113e-09,0.528324,1.45844e-06,2.14562e-06,67.9729,-26.6845,0.00288218,512.274,13669.8,25873.8,2899.23
17,5,905,7.78412e-06,7.16448e-07,1.59606e-05,9.27233e-07,5,2,302822,9.2e+08,0.5,27,9.40752e-10,0.519721,8.73029e-07,1.04885e-06,83.2369,-29.7929,0.00238082,617.095,18385,35374.8,31.0862
17,6,906,6.48553e-06,4.84694e-07,1.35598e-05,8.53822e-07,5,2,116427,9.2e+08,0.5,27,9.29442e-10,0.517016,2.25064e-06,2.82021e-06,79.8039,-25.4972,0.00344043,588.565,15006.7,29025.7,269.997
17,7,907,9.33756e-06,8.2671e-07,1.36021e-05,7.29701e-07,7,2,141811,9.2e+08,0.5,27,1.13529e-09,0.506865,1.77159e-06,2.1758e-06,81.4223,-26.6238,0.00211395,588.711,15673.7,30922.9,127.998
17,8,908,3.47207e-06,6.02132e-07,1.63108e-05,5.83942e-07,5,2,222391,9.2e+08,0.5,27,9.2323e-10,0.579146,1.48755e-06,1.90441e-06,78.1105,-27.2024,0.00351211,645.303,17553.8,30309.8,474.653
17,9,909,1.28482e-05,7.93548e-07,1.42727e-05,7.56847e-07,6,1,419980,9.2e+08,0.5,27,8.41996e-10,0.352848,2.69042e-07,4.62014e-07,58.2324,-33.3534,0.00143449,293.102,9775.96,27705.9,7165.22
17,10,910,1.03729e-05,6.60262e-07,1.63994e-05,4.89672e-07,5,2,174417,9.2e+08,0.5,27,9.29758e-10,0.542336,1.66433e-06,2.15333e-06,77.2907,-26.6689,0.00317178,597.946,15946.5,29403.4,594.339
17,11,911,1.18506e-05,7.77677e-07,1.39122e-05,6.38327e-07,9,3,251393,9.2e+08,0.5,27,1.53619e-09,0.595904,1.3922e-06,2.24901e-06,61.903,-26.4801,0.00213807,526.204,13933.9,23382.8,5334.73
17,12,912,1.28722e-05,8.797e-07,1.34128e-05,6.28544e-07,6,2,172718,9.2e+08,0.5,27,1.03951e-09,0.503746,1.44042e-06,1.89903e-06,75.8504,-27.2147,0.00207685,545.049,14833.3,29446.1,837.147
17,13,913,1.05525e-05,7.46197e-07,7.98321e-06,6.2625e-07,7,2,191331,9.2e+08,0.5,27,1.12575e-09,0.56083,1.61307e-06,2.41232e-06,66.8677,-26.1756,0.0019222,534.951,14002.7,24967.8,3287.8
17,14,914,9.00292e-06,6.79453e-07,1.3199e-05,4.16897e-07,5,3,159135,9.2e+08,0.5,27,1.12324e-09,0.63805,2.52865e-06,4.15758e-06,60.8202,-23.8116,0.00561054,553.565,13181.3,20658.7,5846.63
17,15,915,1.08357e-05,9.01895e-07,1.64587e-06,9.24339e-07,5,3,191012,9.2e+08,0.5,27,1.12259e-09,0.480223,1.15605e-06,3.1995e-06,36.1323,-24.9492,0.0015943,247.517,6175.35,12859.3,23880.5
17,16,916,1.28428e-05,5.49092e-07,1.46761e-05,7.09612e-07,5,2,155537,9.2e+08,0.5,27,9.34932e-10,0.507375,1.62452e-06,2.24041e-06,72.5098,-26.4967,0.00281274,524.798,13905.4,27406.6,1560.04
17,17,917,1.30384e-05,2.63024e-07,8.81559e-06,6.30816e-07,4,3,196306,9.2e+08,0.5,27,1.01798e-09,0.643047,2.07551e-06,6.2639e-06,33.1344,-22.0316,0.00705851,303.94,6696.27,10413.3,26900.4
17,18,918,8.01929e-06,7.73803e-07,1.37103e-05,9.63657e-07,5,2,160035,9.2e+08,0.5,27,9.38835e-10,0.491272,1.47144e-06,1.82773e-06,80.5066,-27.3809,0.00276714,564.183,15447.8,31444.5,201.904
17,19,919,8.24722e-06,7.31185e-07,5.91799e-06,7.86994e-07,8,2,171923,9.2e+08,0.5,27,1.22138e-09,0.563005,1.79491e-06,2.74612e-06,65.3618,-25.6128,0.00165443,524.932,13445,23880.7,3856.59
17,20,920,1.08633e-05,9.07675e-07,1.36625e-05,7.88316e-07,6,2,134252,9.2e+08,0.5,27,1.04126e-09,0.475435,1.64212e-06,2.04589e-06,80.2645,-26.8912,0.00241529,544.354,14638.3,30789.3,224.251
17,21,921,1.56998e-05,7.67728e-07,1.60344e-05,7.30278e-07,7,2,202465,9.2e+08,0.5,27,1.14753e-09,0.476591,1.09139e-06,1.47645e-06,73.9197,-28.3078,0.00175838,502.542,14225.8,29849.2,1227.73
17,22,922,1.21263e-05,6.96983e-07,6.91173e-06,4.24187e-07,7,2,216933,9.2e+08,0.5,27,1.12277e-09,0.585376,1.55686e-06,2.63813e-06,59.014,-25.787,0.00198833,492.783,12707.4,21708.1,6752.73
17,23,923,2.80257e-06,7.7213e-07,1.00032e-05,5.89477e-07,5,2,194104,9.2e+08,0.5,27,9.16121e-10,0.618765,1.94461e-06,2.55585e-06,76.0849,-25.9247,0.0037014,671.568,17410.2,28137,794.794
17,24,924,8.99626e-06,9.75693e-07,9.42461e-06,6.26455e-07,7,4,153477,9.2e+08,0.5,27,1.52936e-09,0.647413,2.69636e-06,4.23444e-06,63.6768,-23.732,0.00345411,588.07,13956.1,21556.7,4546.78
17,25,925,1.11058e-05,7.71398e-07,1.88276e-05,6.32457e-07,7,2,132968,9.2e+08,0.5,27,1.14095e-09,0.483471,1.71992e-06,2.19361e-06,78.4062,-26.5884,0.00210656,540.738,14377.4,29737.8,434.786
17,26,926,1.92695e-05,5.37455e-07,1.32141e-05,7.87727e-07,5,3,185550,9.2e+08,0.5,27,1.14153e-09,0.555578,1.63657e-06,2.80454e-06,58.3542,-25.5214,0.00389351,462.47,11802.9,21244.3,7099.97
17,27,927,8.31681e-06,7.35724e-07,1.32572e-05,7.88708e-07,5,3,167911,9.2e+08,0.5,27,1.13315e-09,0.594501,2.07713e-06,2.78961e-06,74.4594,-25.5446,0.00414552,631.449,16130.1,27132.2,1111.03
17,28,928,9.22753e-06,7.65427e-07,1.3847e-05,7.8984e-07,5,2,140413,9.2e+08,0.5,27,9.36e-10,0.50073,1.74956e-06,2.10606e-06,83.0726,-26.7653,0.00279139,593.372,15881.8,31717.3,37.1485
17,29,929,1.0743e-05,5.41384e-07,1.32102e-05,9.27259e-07,7,2,182968,9.2e+08,0.5,27,1.13613e-09,0.506077,1.36167e-06,1.91819e-06,70.9873,-27.1711,0.00204692,512.464,13924.2,27514,1963.57
17,30,930,1.13273e-05,7.74585e-07,9.49241e-06,5.6984e-07,7,2,139819,9.2e+08,0.5,27,1.12837e-09,0.537519,2.02913e-06,2.80092e-06,72.445,-25.527,0.00219965,555.48,14179.7,26380,1576.27
17,31,931,3.87846e-06,8.04212e-07,1.33194e-05,7.3091e-07,8,4,159382,9.2e+08,0.5,27,1.62571e-09,0.657452,2.66989e-06,4.07405e-06,65.534,-23.8997,0.00436438,614.606,14688.9,22342.2,3789.26
17,32,932,2.81325e-06,7.78759e-07,1.90461e-05,5.32628e-07,6,3,110598,9.2e+08,0.5,27,1.22467e-09,0.596059,3.15828e-06,4.0534e-06,77.9169,-23.9218,0.00498647,662.503,15848.3,26588.4,501.697
17,33,933,9.76539e-06,7.71651e-07,5.51675e-06,7.51579e-07,5,2,412096,9.2e+08,0.5,27,9.23363e-10,0.594269,8.40931e-07,1.57208e-06,53.4915,-28.0352,0.00210039,453.455,12712.7,21392.2,9927.86
17,34,934,9.85176e-06,5.39615e-07,1.64317e-05,9.33658e-07,6,2,493057,9.2e+08,0.5,27,1.04132e-09,0.527252,5.50901e-07,8.92763e-07,61.7074,-30.4926,0.00189172,464.111,14152,26841,5425.44
17,35,935,6.63269e-06,5.6688e-07,1.3495e-05,6.86977e-07,6,2,116369,9.2e+08,0.5,27,1.02606e-09,0.540276,2.46463e-06,3.206e-06,76.8758,-24.9404,0.00306169,592.476,14776.6,27350.1,660.032
17,36,936,4.68712e-06,5.87041e-07,1.85637e-05,7.63888e-07,6,3,136752,9.2e+08,0.5,27,1.23386e-09,0.58345,2.45492e-06,3.278e-06,74.891,-24.8439,0.00400249,623.303,15485.3,26540.9,1021.92
17,37,937,1.09942e-05,6.69259e-07,1.35737e-05,8.27433e-07,5,2,172263,9.2e+08,0.5,27,9.37179e-10,0.503972,1.44352e-06,1.90401e-06,75.8149,-27.2033,0.00267297,545.038,14826.8,29420,843.666
17,38,938,8.67201e-06,8.00377e-07,1.46718e-05,7.59025e-07,5,3,134165,9.2e+08,0.5,27,1.13615e-09,0.575903,2.43795e-06,3.0039e-06,81.1596,-25.2231,0.00418862,666.738,16817.2,29201.5,147.489
17,39,939,3.30676e-06,7.15704e-07,1.50959e-05,7.24056e-07,6,3,154113,9.2e+08,0.5,27,1.22659e-09,0.612266,2.39584e-06,3.27359e-06,73.187,-24.8498,0.00422159,639.205,15884.1,25943.1,1395.46
17,40,940,1.18337e-05,8.08078e-07,1.36037e-05,8.264e-07,7,2,133894,9.2e+08,0.5,27,1.14161e-09,0.469032,1.59654e-06,2.22802e-06,71.6575,-26.5208,0.00221776,479.435,12715,27109.1,1780.23
17,41,941,1.1435e-05,7.74963e-07,1.63857e-05,8.02552e-07,6,2,141387,9.2e+08,0.5,27,1.04402e-09,0.469109,1.51685e-06,1.9852e-06,76.4078,-27.022,0.00252999,511.302,13816.4,29452.4,738.269
17,42,942,3.76525e-06,7.57226e-07,1.27324e-05,8.40023e-07,8,2,218829,9.2e+08,0.5,27,1.22709e-09,0.560502,1.40271e-06,1.81812e-06,77.152,-27.4038,0.00210564,616.865,16904.4,30159.5,615.914
17,43,943,1.04448e-05,5.07777e-07,1.32937e-05,7.49833e-07,7,3,206198,9.2e+08,0.5,27,1.33054e-09,0.607397,1.76457e-06,3.08642e-06,57.1718,-25.1054,0.00335364,495.36,12436.2,20474.6,7744.07
17,44,944,1.61662e-05,7.31757e-07,1.32181e-05,7.9986e-07,5,3,39031.6,9.2e+08,0.5,27,1.1448e-09,0.40226,4.03717e-06,6.40305e-06,63.0508,-21.9361,0.00610841,361.796,7936.4,19729.5,4817.77
17,45,945,8.7514e-06,4.81134e-07,1.31286e-05,6.96526e-07,7,2,169054,9.2e+08,0.5,27,1.12671e-09,0.55228,1.77247e-06,2.56779e-06,69.027,-25.9044,0.00249625,543.807,14087,25507,2551.35
17,46,946,1.56078e-05,7.46936e-07,1.74009e-06,8.96316e-07,3,2,163651,9.2e+08,0.5,27,7.26435e-10,0.321355,6.09696e-07,2.02123e-06,30.1646,-26.9438,0.00223084,138.277,3725.71,11593.7,30069.4
17,47,947,1.10309e-05,7.2932e-07,1.36596e-05,5.5368e-07,6,2,299484,9.2e+08,0.5,27,1.03122e-09,0.553717,1.00922e-06,1.40674e-06,71.742,-28.5179,0.00224583,566.666,16160.1,29184.8,1757.75
17,48,948,9.22753e-06,7.65427e-07,2.47053e-06,7.8984e-07,5,2,140413,9.2e+08,0.5,27,9.18029e-10,0.477078,1.56985e-06,3.25217e-06,48.2709,-24.8783,0.00202407,328.504,8172.62,17130.6,13490.3
17,49,949,1.23362e-05,7.7306e-07,9.81451e-06,7.26863e-07,7,2,148540,9.2e+08,0.5,27,1.13334e-09,0.507598,1.69381e-06,2.40481e-06,70.4344,-26.1892,0.00185052,510.001,13356.5,26313.2,2121.57
18,0,950,1.00349e-05,7.79183e-07,1.37892e-05,6.00881e-07,5,2,128111,9.2e+08,0.5,27,9.32209e-10,0.519648,2.07355e-06,2.34613e-06,88.3817,-26.2965,0.00302957,655.146,17228,33153.3,0
18,1,951,1.1533e-05,7.81545e-07,1.35892e-05,8.10797e-07,5,2,323414,9.2e+08,0.5,27,9.40063e-10,0.522449,8.27354e-07,1.19588e-06,69.1837,-29.2231,0.0022182,515.602,15067.5,28840.1,2501.54
18,2,952,8.47323e-06,7.5901e-07,1.93955e-05,7.50064e-07,2,2,169877,9.2e+08,0.5,27,6.41958e-10,0.492143,1.39863e-06,1.68727e-06,82.8926,-27.7281,0.00514934,581.934,16135.9,32787.1,44.4132
18,3,953,7.41426e-06,6.9201e-07,1.07164e-05,7.24427e-07,8,2,116438,9.2e+08,0.5,27,1.22579e-09,0.535262,2.40893e-06,3.23727e-06,74.4124,-24.8982,0.00217484,568.17,14146.4,26428.9,1120.98
18,4,954,1.41028e-05,7.47534e-07,1.60095e-05,9.79188e-07,7,2,273200,9.2e+08,0.5,27,1.15244e-09,0.471855,7.84341e-07,1.12748e-06,69.5661,-29.4789,0.001885,468.244,13803.3,29253.3,2382.07
18,5,955,1.21362e-05,7.97665e-07,1.08553e-05,7.92616e-07,7,2,145043,9.2e+08,0.5,27,1.13657e-09,0.49151,1.62196e-06,2.16435e-06,74.9399,-26.6467,0.00194368,525.426,14000.9,28485.4,1012.07
18,6,956,1.17875e-06,8.7356e-07,1.36001e-05,7.77521e-07,4,2,163446,9.2e+08,0.5,27,8.23208e-10,0.510997,1.55389e-06,2.11355e-06,73.5204,-26.7499,0.00410071,535.911,14335.5,28054.1,1317.81
18,7,957,1.08633e-05,9.07675e-07,1.36625e-05,7.88316e-07,6,2,134252,9.2e+08,0.5,27,1.04126e-09,0.475435,1.64212e-06,2.04589e-06,80.2645,-26.8912,0.00241529,544.354,14638.3,30789.3,224.251
18,8,958,1.28561e-05,8.49484e-07,1.37408e-05,6.96322e-07,6,2,158793,9.2e+08,0.5,27,1.04098e-09,0.490545,1.48221e-06,1.95556e-06,75.7949,-27.0873,0.00215079,530.378,14366.5,29286.8,847.34
18,9,959,1.14069e-05,8.69805e-07,1.87652e-06,7.98129e-07,7,2,133963,9.2e+08,0.5,27,1.12284e-09,0.367335,9.55796e-07,2.44807e-06,39.0429,-26.1118,0.00114883,204.584,5342.04,14542.7,21120.7
18,10,960,1.89014e-05,7.53437e-07,1.60741e-05,7.60521e-07,5,3,25953.1,9.2e+08,0.5,27,1.15293e-09,0.312226,3.63963e-06,6.74866e-06,53.9312,-21.7078,0.00674833,240.201,5214.25,16700.2,9652.96
18,11,961,1.13294e-05,8.04749e-07,1.45828e-05,8.14253e-07,6,1,204588,9.2e+08,0.5,27,8.41983e-10,0.256773,2.97441e-07,5.76203e-07,51.6208,-32.3942,0.001408,189.078,6125.04,23853.9,11142.2
18,12,962,7.71393e-06,5.0416e-07,1.46954e-05,8.07125e-07,5,2,483419,9.2e+08,0.5,27,9.315e-10,0.563112,6.46033e-07,9.48694e-07,68.0971,-30.2287,0.00271284,547.003,16535.2,29364,2857.07
18,13,963,6.59549e-06,8.12021e-07,1.413e-05,7.50283e-07,6,3,148615,9.2e+08,0.5,27,1.23191e-09,0.594763,2.34767e-06,3.0994e-06,75.7461,-25.0872,0.00365143,642.644,16122.1,27106.9,856.343
18,14,964,1.19646e-05,7.43248e-07,1.32533e-05,7.57149e-07,10,2,196479,9.2e+08,0.5,27,1.43785e-09,0.509754,1.28291e-06,1.81738e-06,70.5909,-27.4055,0.00126962,513.305,14067.4,27596.5,2076.22
18,15,965,8.67201e-06,8.00377e-07,1.46718e-05,9.35819e-07,5,2,134165,9.2e+08,0.5,27,9.41342e-10,0.469393,1.59987e-06,1.88942e-06,84.675,-27.2367,0.0032138,566.968,15442.3,32898.5,1.06351
18,16,966,1.13873e-05,7.45594e-07,7.14586e-06,3.82518e-07,7,2,37935.4,9.2e+08,0.5,27,1.12245e-09,0.462581,5.53411e-06,8.23351e-06,67.2144,-20.8441,0.00419617,443.523,9244.87,19985.4,3163.27
18,17,967,9.28422e-06,7.67907e-07,1.38334e-05,6.40255e-07,5,2,128979,9.2e+08,0.5,27,9.31973e-10,0.519124,2.05458e-06,2.57975e-06,79.6423,-25.8842,0.00308633,589.769,15265.7,29406.6,287.045
18,18,968,1.05522e-05,7.71481e-07,1.77092e-05,7.75838e-07,6,5,135671,9.2e+08,0.5,27,1.64376e-09,0.632179,2.90883e-06,4.36208e-06,66.6846,-23.6031,0.00559115,601.357,14193.9,22452.3,3354.53
18,19,969,9.33756e-06,8.2671e-07,1.64715e-05,9.39528e-07,7,2,141811,9.2e+08,0.5,27,1.14639e-09,0.455816,1.41688e-06,1.7039e-06,83.1549,-27.6856,0.00250291,540.684,14969.1,32840.3,34.0599
18,20,970,1.51759e-05,7.97152e-07,1.55874e-05,7.37536e-07,6,3,140457,9.2e+08,0.5,27,1.24719e-09,0.540811,2.04908e-06,2.6415e-06,77.5727,-25.7815,0.00306173,598.441,15428.7,28528.8,551.644
18,21,971,1.26813e-05,8.33549e-07,1.39154e-05,6.44098e-07,5,3,261611,9.2e+08,0.5,27,1.13907e-09,0.588624,1.30946e-06,1.94605e-06,67.2879,-27.1084,0.00335782,564.99,15316,26020,3137.2
18,22,972,8.73209e-06,7.99737e-07,1.39447e-05,7.89295e-07,5,2,135629,9.2e+08,0.5,27,9.3598e-10,0.498985,1.79845e-06,2.15796e-06,83.3402,-26.6596,0.00284936,593.21,15814.7,31693.8,27.5486
18,23,973,1.67754e-05,7.41116e-07,1.42078e-05,5.63953e-07,6,2,148131,9.2e+08,0.5,27,1.04089e-09,0.486727,1.56775e-06,2.09101e-06,74.9758,-26.7964,0.00223253,520.563,13949.2,28659.2,1004.84
18,24,974,1.13193e-05,8.04199e-07,1.52835e-05,7.36064e-07,6,2,124280,9.2e+08,0.5,27,1.04071e-09,0.475338,1.7762e-06,2.23186e-06,79.5839,-26.5133,0.00250173,539.627,14307.3,30099.3,293.345
18,25,975,1.0791e-05,8.0362e-07,1.36711e-05,6.47028e-07,5,2,130232,9.2e+08,0.5,27,9.35035e-10,0.505643,1.92825e-06,2.37456e-06,81.2045,-26.2442,0.00292494,585.721,15371.8,30400.4,144.059
18,26,976,5.70264e-06,6.80481e-07,1.61442e-05,5.88861e-07,5,2,206538,9.2e+08,0.5,27,9.26774e-10,0.562314,1.51031e-06,1.87614e-06,80.5011,-27.2674,0.00324589,645.724,17607.2,31312,202.405
18,27,977,6.45899e-06,8.5129e-07,1.33936e-05,7.61645e-07,6,5,149752,9.2e+08,0.5,27,1.6314e-09,0.667272,2.93254e-06,4.64303e-06,63.16,-23.332,0.00593092,601.189,14026.9,21021.3,4769.88
18,28,978,1.67769e-05,6.41647e-07,1.36089e-05,9.0502e-07,8,2,156444,9.2e+08,0.5,27,1.24616e-09,0.446256,1.22311e-06,1.79275e-06,68.2254,-27.4648,0.00208319,434.306,11928.1,26729.4,2813.91
18,29,979,6.75401e-06,5.15327e-07,1.42093e-05,8.47452e-07,6,1,153385,9.2e+08,0.5,27,8.31044e-10,0.314876,6.09173e-07,1.00545e-06,60.5874,-29.9764,0.00189021,272.138,8157.71,25907.7,5960.03
18,30,980,1.03225e-05,7.0747e-07,1.60536e-05,8.83246e-07,5,2,172174,9.2e+08,0.5,27,9.42964e-10,0.48358,1.32582e-06,1.7102e-06,77.5246,-27.6695,0.00269853,534.779,14797.1,30599,558.813
18,31,981,6.75571e-06,5.70224e-07,1.35158e-05,7.94013e-07,7,2,150959,9.2e+08,0.5,27,1.12917e-09,0.536003,1.86534e-06,2.45146e-06,76.0907,-26.1057,0.00230797,581.789,15188,28335.7,793.75
18,32,982,1.03063e-05,7.07163e-07,3.6416e-06,6.11151e-07,6,4,162395,9.2e+08,0.5,27,1.41903e-09,0.657095,2.61489e-06,5.85448e-06,44.6648,-22.3251,0.00260502,418.658,9346.59,14224.1,16269.3
18,33,983,1.8071e-05,3.28847e-07,1.36021e-05,7.29701e-07,7,2,141811,9.2e+08,0.5,27,1.13174e-09,0.492246,1.66648e-06,2.73724e-06,60.8816,-25.6269,0.00245628,427.498,10955.4,22256,5817
18,34,984,9.80103e-06,7.30554e-07,1.34147e-05,8.26462e-07,5,3,205154,9.2e+08,0.5,27,1.13649e-09,0.588654,1.66632e-06,2.29797e-06,72.5127,-26.3866,0.00387303,608.892,16066.6,27293.7,1559.34
18,35,985,7.0336e-06,3.32117e-07,1.35035e-05,7.58856e-07,5,2,153254,9.2e+08,0.5,27,9.25166e-10,0.556673,1.98929e-06,2.87425e-06,69.2107,-25.4148,0.00374768,549.591,13967.7,25091.4,2493.03
18,36,986,9.13623e-06,5.10603e-07,1.33421e-05,7.34171e-07,6,2,170409,9.2e+08,0.5,27,1.02892e-09,0.541459,1.69037e-06,2.40226e-06,70.3659,-26.1938,0.00264827,543.493,14236.1,26292.2,2141.56
18,37,987,1.16638e-05,7.28762e-07,1.47718e-05,7.94677e-07,8,4,288656,9.2e+08,0.5,27,1.64048e-09,0.626811,1.34109e-06,2.57213e-06,52.1393,-25.8971,0.00373167,466.195,12073.1,19261.1,10798.3
18,38,988,1.53626e-05,5.40173e-07,1.42544e-05,6.39814e-07,3,3,405343,9.2e+08,0.5,27,9.34837e-10,0.60131,8.82364e-07,2.0873e-06,42.2729,-26.8041,0.0060374,362.599,9719.16,16163.3,18256
18,39,989,8.87121e-06,1.9027e-07,1.10729e-05,7.71841e-07,4,2,151700,9.2e+08,0.5,27,8.20469e-10,0.56927,2.09739e-06,4.04984e-06,51.7894,-23.9256,0.00573743,420.558,10062.1,17675.5,11029.4
18,40,990,1.03516e-05,7.15875e-07,1.11051e-05,2.8244e-07,8,2,342886,9.2e+08,0.5,27,1.22109e-09,0.605175,1.0566e-06,2.05956e-06,51.3021,-26.8623,0.00240993,442.876,11896.6,19658.2,11355.5
18,41,991,5.7346e-06,5.58787e-07,1.03749e-05,7.76369e-07,5,2,122068,9.2e+08,0.5,27,9.22518e-10,0.555675,2.48714e-06,3.27167e-06,76.0205,-24.8523,0.00351952,602.585,14975.6,26950.3,806.315
18,42,992,3.95662e-06,8.37065e-07,1.37091e-05,5.92646e-07,6,2,134645,9.2e+08,0.5,27,1.02287e-09,0.560017,2.29139e-06,2.93844e-06,77.9796,-25.3188,0.0031699,622.944,15772.2,28163.8,492.854
18,43,993,4.39215e-06,6.88065e-07,1.11506e-05,6.9398e-07,5,2,125352,9.2e+08,0.5,27,9.21521e-10,0.566486,2.51666e-06,3.24523e-06,77.5496,-24.8875,0.00355605,626.664,15596.1,27531.4,555.092
18,44,994,7.60971e-06,7.53791e-07,1.32267e-05,8.14069e-07,7,2,212992,9.2e+08,0.5,27,1.13301e-09,0.535553,1.31739e-06,1.71883e-06,76.6446,-27.6477,0.00204452,585.532,16188.6,30227.8,698.122
18,45,995,3.84932e-06,6.33969e-07,1.59644e-05,6.94867e-07,5,2,177700,9.2e+08,0.5,27,9.27067e-10,0.552931,1.69274e-06,2.14468e-06,78.9276,-26.6864,0.00353671,622.538,16613.3,30045.9,368.744
18,46,996,2.33815e-06,9.07675e-07,1.36625e-05,7.88316e-07,6,2,498670,9.2e+08,0.5,27,1.02579e-09,0.587514,6.75914e-07,1.02139e-06,66.1757,-29.9081,0.00292129,554.604,16587.1,28232.8,3543.54
18,47,997,1.09809e-05,5.37582e-07,1.80543e-05,5.68287e-07,6,2,85206.8,9.2e+08,0.5,27,1.03233e-09,0.491983,2.78955e-06,3.56085e-06,78.3393,-24.4845,0.0032956,549.789,13461.3,27361.3,443.65
18,48,998,1.00349e-05,3.13234e-07,1.37892e-05,6.00881e-07,8,2,128111,9.2e+08,0.5,27,1.22286e-09,0.555079,2.36509e-06,3.7864e-06,62.4628,-24.2177,0.00270343,494.586,11977.8,21578.5,5079.27
18,49,999,8.5816e-06,9.64125e-07,1.57035e-05,9.55739e-07,6,2,132606,9.2e+08,0.5,27,1.04656e-09,0.447659,1.4637e-06,1.69124e-06,86.5458,-27.7179,0.0029414,552.662,15318.6,34219.5,0.021917
19,0,1000,1.00349e-05,7.79183e-07,1.37892e-05,6.00881e-07,5,2,128111,9.2e+08,0.5,27,9.32209e-10,0.519648,2.07355e-06,2.34613e-06,88.3817,-26.2965,0.00302957,655.146,17228,33153.3,0
19,1,1001,1.29681e-05,8.00354e-07,1.93824e-05,7.37007e-07,6,2,125896,9.2e+08,0.5,27,1.04933e-09,0.444676,1.52872e-06,1.93967e-06,78.8133,-27.1227,0.00274973,499.93,13559.5,30492.9,382.772
19,2,1002,1.45487e-05,4.89911e-07,1.54867e-05,9.09572e-07,7,2,141811,9.2e+08,0.5,27,1.14243e-09,0.458325,1.43287e-06,1.99803e-06,71.714,-26.994,0.00262909,468.861,12656.4,27614.5,1765.18
19,3,1003,1.08277e-05,7.99629e-07,8.56542e-06,6.54408e-07,5,2,27475.9,9.2e+08,0.5,27,9.28527e-10,0.294202,3.06288e-06,6.46738e-06,47.3588,-21.8927,0.00533662,198.753,4351.24,14790,14168.9
19,4,1004,9.28422e-06,7.67907e-07,1.42023e-05,6.40255e-07,5,2,367867,9.2e+08,0.5,27,9.32445e-10,0.554607,8.24499e-07,1.33107e-06,61.9424,-28.758,0.00250835,490.049,14092.8,25410.5,5316.53
19,5,1005,1.00061e-05,8.84449e-07,1.72195e-05,7.86063e-07,8,3,162469,9.2e+08,0.5,27,1.44477e-09,0.556237,1.87104e-06,2.38784e-06,78.357,-26.2199,0.00255872,621.733,16301.8,29307.3,441.292
19,6,1006,5.71451e-06,4.2722e-07,1.35199e-05,6.07969e-07,5,2,188548,9.2e+08,0.5,27,9.21322e-10,0.58883,1.81571e-06,2.65069e-06,68.4995,-25.7664,0.00386946,575.365,14825.1,25177.2,2722.67
19,7,1007,5.56015e-06,8.87011e-07,1.3612e-05,8.06122e-07,5,3,204621,9.2e+08,0.5,27,1.13181e-09,0.606347,1.77156e-06,2.24183e-06,79.023,-26.494,0.00424792,683.503,18108.7,29865.3,357.246
19,8,1008,8.44771e-06,8.23178e-07,1.36669e-05,6.37631e-07,5,4,145374,9.2e+08,0.5,27,1.33134e-09,0.641216,2.79545e-06,4.21965e-06,66.2485,-23.7472,0.00560825,605.964,14390,22441.7,3516.18
19,9,1009,4.87378e-06,3.31884e-07,1.37405e-05,5.92945e-07,5,2,131479,9.2e+08,0.5,27,9.1953e-10,0.58786,2.59393e-06,3.58455e-06,72.364,-24.4556,0.00441246,606.824,14840.3,25244.6,1596.68
19,10,1010,8.47323e-06,7.5901e-07,1.25814e-05,7.50064e-07,2,2,169877,9.2e+08,0.5,27,6.31736e-10,0.532646,1.6431e-06,1.8133e-06,90.6136,-27.4153,0.00563169,688.491,18875.2,35436.6,0
19,11,1011,1.67766e-05,6.70093e-07,1.40786e-05,7.586e-07,7,2,169982,9.2e+08,0.5,27,1.14384e-09,0.472145,1.27444e-06,1.77782e-06,71.6857,-27.5011,0.00196277,482.808,13277.8,28122.2,1772.71
19,12,1012,8.26945e-06,8.90121e-07,1.39686e-05,7.82717e-07,6,2,461224,9.2e+08,0.5,27,1.03659e-09,0.547212,6.3686e-07,1.00439e-06,63.4077,-29.981,0.00195047,494.952,14839.2,27117.8,4662.29
19,13,1013,9.30094e-06,8.47953e-07,1.50793e-05,8.72212e-07,6,2,152746,9.2e+08,0.5,27,1.04208e-09,0.480088,1.46981e-06,1.69864e-06,86.5287,-27.699,0.00236396,592.58,16413.9,34189.3,0.003172
19,14,1014,1.23502e-05,7.30699e-07,1.36388e-05,7.47788e-07,5,2,203138,9.2e+08,0.5,27,9.38446e-10,0.509425,1.25282e-06,1.69731e-06,73.8123,-27.7024,0.00236982,536.383,14859.1,29168.4,1251.65
19,15,1015,8.22682e-06,2.5448e-07,1.58837e-05,6.80366e-07,9,2,149874,9.2e+08,0.5,27,1.3258e-09,0.550168,1.98127e-06,3.13804e-06,63.1372,-25.0334,0.00241524,495.503,12404.1,22546.1,4779.83
19,16,1016,7.62054e-06,5.39529e-07,1.23052e-05,2.16204e-07,6,2,129703,9.2e+08,0.5,27,1.01354e-09,0.631142,3.03188e-06,4.8263e-06,62.8199,-23.1639,0.00581575,565.576,13100.9,20757.5,4919.55
19,17,1017,4.39215e-06,6.88065e-07,1.34125e-05,6.9398e-07,5,2,125352,9.2e+08,0.5,27,9.2466e-10,0.54813,2.35959e-06,3.02724e-06,77.945,-25.1895,0.00346518,609.451,15351.8,28007.5,497.725
19,18,1018,8.47323e-06,7.5901e-07,1.93955e-05,7.34066e-07,6,2,169877,9.2e+08,0.5,27,1.04134e-09,0.493437,1.40256e-06,1.76778e-06,79.3404,-27.5257,0.00225986,558.46,15372,31153,320.312
19,19,1019,6.95166e-06,8.86154e-07,1.35833e-05,8.10515e-07,10,2,307824,9.2e+08,0.5,27,1.43434e-09,0.544966,9.37397e-07,1.30516e-06,71.8222,-28.8433,0.00133086,558.334,16104.2,29550.9,1736.55
19,20,1020,1.05895e-05,7.10715e-07,1.10336e-05,7.21403e-07,7,2,139364,9.2e+08,0.5,27,1.13097e-09,0.519051,1.89225e-06,2.61307e-06,72.4147,-25.8285,0.00208302,536.171,13848.5,26680.4,1583.89
19,21,1021,1.78928e-05,2.96463e-07,1.37185e-05,7.14599e-07,6,2,476115,9.2e+08,0.5,27,1.03022e-09,0.540252,6.01249e-07,1.60923e-06,37.3626,-27.9338,0.00260296,287.938,8043.22,14887.9,22693.2
19,22,1022,7.40691e-07,5.6712e-07,1.4715e-05,7.19663e-07,8,2,456091,9.2e+08,0.5,27,1.22202e-09,0.586052,7.2015e-07,1.16589e-06,61.768,-29.3334,0.00253766,516.376,15147.1,25845.9,5397.25
19,23,1023,8.18033e-06,7.05721e-07,1.4264e-05,7.91554e-07,6,2,233915,9.2e+08,0.5,27,1.03413e-09,0.534953,1.19993e-06,1.5206e-06,78.9119,-28.1799,0.00229319,602.177,16969.3,31721,370.651
19,24,1024,1.00183e-05,7.64582e-07,1.50808e-05,7.0523e-07,5,1,238216,9.2e+08,0.5,27,7.3659e-10,0.340318,4.57749e-07,6.78472e-07,67.4675,-31.6847,0.00183841,327.526,10377.6,30493.7,3074.07
19,25,1025,3.85651e-06,7.0574e-07,1.61203e-05,2.05265e-07,5,2,175550,9.2e+08,0.5,27,9.12061e-10,0.634624,2.25254e-06,3.78651e-06,59.4885,-24.2176,0.00797094,538.537,13042.1,20550.9,6508.39
19,26,1026,6.59892e-06,5.34882e-07,1.37647e-05,6.94194e-07,5,2,139249,9.2e+08,0.5,27,9.2617e-10,0.549667,2.13659e-06,2.82048e-06,75.7527,-25.4968,0.00347729,593.969,15144.3,27551.8,855.118
19,27,1027,7.50025e-06,6.98813e-07,2.17275e-06,7.42003e-07,8,2,209656,9.2e+08,0.5,27,1.21371e-09,0.567596,1.4705e-06,3.25937e-06,45.1162,-24.8687,0.00105723,365.29,9084.28,16004.8,15907.2
19,28,1028,7.73105e-06,8.10675e-07,1.41124e-05,7.37962e-07,5,3,134190,9.2e+08,0.5,27,1.13336e-09,0.585889,2.52404e-06,3.27608e-06,77.0445,-24.8465,0.00421505,643.907,15998.8,27306.9,632.905
19,29,1029,1.54363e-05,8.0362e-07,1.36711e-05,2.26255e-07,5,3,130232,9.2e+08,0.5,27,1.131e-09,0.609118,2.8115e-06,4.2631e-06,65.9497,-23.7027,0.00615755,573.034,13582.5,22298.6,3629.15
19,30,1030,1.04222e-05,7.81246e-07,1.37245e-05,6.28268e-07,5,2,253442,9.2e+08,0.5,27,9.3353e-10,0.541301,1.13883e-06,1.54809e-06,73.5632,-28.102,0.00256048,568.022,15962.6,29489.3,1308.01
19,31,1031,8.28843e-06,6.97005e-07,1.41684e-05,7.62068e-07,3,2,19574.2,9.2e+08,0.5,27,7.33149e-10,0.229603,2.56237e-06,6.31501e-06,40.5758,-21.9963,0.00974201,132.896,2923.2,12731.6,19735.7
19,32,1032,9.60497e-06,7.05482e-07,1.29563e-05,7.20307e-07,5,2,125291,9.2e+08,0.5,27,9.32217e-10,0.510923,2.04562e-06,2.67646e-06,76.4301,-25.7244,0.00300611,557.04,14329.5,28046.3,734.424
19,33,1033,1.08211e-05,7.93249e-07,1.50977e-05,6.76423e-07,5,2,133022,9.2e+08,0.5,27,9.37593e-10,0.495795,1.8116e-06,2.25681e-06,80.2727,-26.4651,0.00290651,567.722,15024.8,30304.5,223.473
19,34,1034,7.75327e-06,7.88758e-07,1.53734e-05,7.70904e-07,5,2,177272,9.2e+08,0.5,27,9.35934e-10,0.516595,1.47724e-06,1.7446e-06,84.6754,-27.5831,0.00282622,623.984,17211.4,33317,1.05396
19,35,1035,3.95662e-06,5.97419e-07,1.37091e-05,5.92646e-07,6,2,134645,9.2e+08,0.5,27,1.02098e-09,0.575585,2.42508e-06,3.1779e-06,76.3108,-24.9786,0.00330063,626.559,15650.6,27190.7,755.026
19,36,1036,1.31277e-05,8.00141e-07,1.5301e-05,7.37267e-07,6,2,132473,9.2e+08,0.5,27,1.04357e-09,0.467195,1.60695e-06,2.05703e-06,78.1199,-26.8676,0.00262113,520.626,13988,29940.3,473.365
19,37,1037,6.24206e-06,8.442e-07,5.20386e-06,6.48905e-07,6,2,422358,9.2e+08,0.5,27,1.01729e-09,0.636964,9.44452e-07,1.80503e-06,52.3233,-27.4352,0.00199844,475.419,13043.2,20477.1,10677.6
19,38,1038,9.27241e-06,6.82572e-07,1.36036e-05,8.03168e-07,5,2,451851,9.2e+08,0.5,27,9.3451e-10,0.551341,6.61691e-07,9.47251e-07,69.8538,-30.2353,0.00237906,549.384,16610.8,30128.1,2294.07
19,39,1039,8.08659e-06,7.74194e-07,1.21181e-05,7.10845e-07,5,2,151231,9.2e+08,0.5,27,9.29749e-10,0.535159,1.86198e-06,2.3318e-06,79.8519,-26.3231,0.00297698,609.585,16046.2,29983.9,265.033
19,40,1040,1.16939e-05,7.6018e-07,1.38483e-05,6.84804e-07,6,3,211433,9.2e+08,0.5,27,1.23675e-09,0.589746,1.6239e-06,2.37592e-06,68.3484,-26.2417,0.00330308,574.989,15088.7,25585.1,2772.76
19,41,1041,8.51717e-06,7.83895e-07,3.28595e-06,7.33292e-07,5,2,130033,9.2e+08,0.5,27,9.18172e-10,0.517046,2.00484e-06,3.52169e-06,56.9283,-24.5325,0.00229967,419.878,10300.7,19922.2,7880.18
19,42,1042,8.27431e-06,7.89005e-07,1.45925e-05,6.06201e-07,9,2,242657,9.2e+08,0.5,27,1.33075e-09,0.551191,1.22804e-06,1.80762e-06,67.937,-27.4289,0.00164494,534.164,14651.5,26581.6,2911.46
19,43,1043,1.73163e-05,9.64125e-07,1.57035e-05,9.55739e-07,3,4,132606,9.2e+08,0.5,27,1.16341e-09,0.542808,2.18474e-06,2.91168e-06,75.0339,-25.3586,0.00571964,580.992,14733.1,27142.4,993.237
19,44,1044,4.93649e-06,9.5456e-07,7.33407e-07,7.41173e-07,5,2,129260,9.2e+08,0.5,27,9.10512e-10,0.310355,7.1282e-07,2.71492e-06,26.2556,-25.6624,0.00115482,116.238,2982.94,9611.4,34509.3
19,45,1045,7.01593e-06,8.15705e-07,1.36831e-05,6.14975e-07,4,2,130340,9.2e+08,0.5,27,8.28275e-10,0.537984,2.18757e-06,2.75068e-06,79.5281,-25.6056,0.00389401,610.318,15627.6,29048.4,299.415
19,46,1046,5.67434e-06,7.86356e-07,1.36414e-05,6.62741e-07,2,2,165901,9.2e+08,0.5,27,6.27005e-10,0.554999,1.82897e-06,2.2384e-06,81.7087,-26.5006,0.00654756,646.885,17142.9,30888.1,108.326
19,47,1047,8.37198e-06,6.65702e-07,1.36306e-05,7.75407e-07,2,4,145139,9.2e+08,0.5,27,1.03229e-09,0.636752,2.75267e-06,4.07455e-06,67.5578,-23.8992,0.011031,613.638,14665.5,23031.7,3042.3
19,48,1048,8.96807e-06,7.68429e-07,7.20882e-06,9.03436e-07,5,2,137098,9.2e+08,0.5,27,9.26808e-10,0.512633,1.87204e-06,2.61114e-06,71.6944,-25.8317,0.00274569,524.274,13542.9,26418.3,1770.39
19,49,1049,1.27332e-05,7.8636e-07,1.5985e-05,6.38936e-07,6,2,97767.2,9.2e+08,0.5,27,1.04045e-09,0.462634,2.14141e-06,2.75183e-06,77.8176,-25.6038,0.00278135,513.548,13148.8,28421.6,515.875
20,0,1050,1.00349e-05,7.79183e-07,1.37892e-05,6.00881e-07,5,2,128111,9.2e+08,0.5,27,9.32209e-10,0.519648,2.07355e-06,2.34613e-06,88.3817,-26.2965,0.00302957,655.146,17228,33153.3,0
20,1,1051,8.08659e-06,5.09332e-07,7.3021e-06,3.59372e-07,5,4,151231,9.2e+08,0.5,27,1.31349e-09,0.719081,3.37818e-06,7.6476e-06,44.173,-21.1647,0.00669738,453.107,9589.9,13336.3,16668.4
20,2,1052,9.50754e-06,7.51986e-07,1.27312e-05,7.33958e-07,4,2,457893,9.2e+08,0.5,27,8.32987e-10,0.558089,6.70974e-07,1.14084e-06,58.814,-29.4277,0.00285874,468.221,13778.7,24689,6857.07
20,3,1053,1.2286e-05,9.91796e-07,1.78972e-05,4.99418e-07,6,2,382406,9.2e+08,0.5,27,1.04225e-09,0.520705,6.97271e-07,1.16497e-06,59.8529,-29.3368,0.00177476,444.573,13042.4,25047.5,6323.76
20,4,1054,5.76669e-06,8.39054e-07,1.37365e-05,7.74248e-07,5,2,183527,9.2e+08,0.5,27,9.30948e-10,0.538053,1.55008e-06,1.89475e-06,81.8096,-27.2245,0.00287948,627.908,17094.5,31771,101.785
20,5,1055,7.74087e-06,7.905e-07,1.41797e-05,7.38948e-07,2,3,145819,9.2e+08,0.5,27,8.33195e-10,0.591926,2.36821e-06,2.9362e-06,80.6555,-25.3221,0.00867349,681.032,17245.2,29134,188.745
20,6,1056,1.80466e-06,9.48308e-07,1.51437e-05,7.22249e-07,4,2,179493,9.2e+08,0.5,27,8.25298e-10,0.529679,1.5281e-06,1.99025e-06,76.7794,-27.0109,0.00376001,580.127,15669.8,29583.5,675.791
20,7,1057,9.96666e-06,8.47681e-07,1.39151e-05,7.65995e-07,9,3,185948,9.2e+08,0.5,27,1.53821e-09,0.581139,1.78447e-06,2.39837e-06,74.4035,-26.2008,0.00227296,616.793,16160.5,27808.3,1122.87
20,8,1058,8.31686e-06,2.9369e-07,1.39223e-05,7.54849e-07,5,2,232530,9.2e+08,0.5,27,9.25904e-10,0.56531,1.35306e-06,2.30941e-06,58.589,-26.365,0.00368656,472.464,12456.5,22034.8,6975.41
20,9,1059,9.23098e-06,6.36488e-07,1.39785e-05,6.8905e-07,5,2,113579,9.2e+08,0.5,27,9.31015e-10,0.512497,2.27209e-06,2.95626e-06,76.857,-25.2926,0.00325165,561.876,14211.3,27729.5,663.087
20,10,1060,1.13204e-05,6.83793e-07,1.96021e-05,8.05421e-07,9,2,332656,9.2e+08,0.5,27,1.34706e-09,0.498664,7.24272e-07,1.0646e-06,68.0322,-29.7281,0.00129469,483.937,14386.5,28850.2,2879.06
20,11,1061,7.8662e-06,8.0534e-07,1.53668e-05,8.7058e-07,6,2,158835,9.2e+08,0.5,27,1.03943e-09,0.49354,1.49644e-06,1.76579e-06,84.7465,-27.5306,0.00235686,596.637,16425.8,33281.6,0.643174
20,12,1062,1.88857e-05,2.63365e-07,1.36415e-05,4.9307e-07,5,2,128735,9.2e+08,0.5,27,9.234e-10,0.528863,2.13764e-06,3.54242e-06,60.3441,-24.507,0.00406581,455.244,11156.7,21095.6,6079.14
20,13,1063,2.08278e-06,8.98449e-07,1.40588e-05,6.67347e-07,3,2,452823,9.2e+08,0.5,27,7.22507e-10,0.59799,7.75552e-07,1.1795e-06,65.7528,-29.283,0.00544672,560.886,16424.4,27466.1,3704.54
20,14,1064,7.87377e-06,7.76745e-07,1.4374e-05,7.53438e-07,5,2,165075,9.2e+08,0.5,27,9.33892e-10,0.521483,1.61777e-06,1.93511e-06,83.6011,-27.1329,0.0028361,621.898,16873.9,32357.5,19.5688
20,15,1065,8.67752e-06,6.98306e-07,1.39162e-05,6.64094e-07,5,3,143874,9.2e+08,0.5,27,1.1306e-09,0.600704,2.47724e-06,3.42573e-06,72.3126,-24.6525,0.00455595,619.642,15275.7,25429.7,1609.7
20,16,1066,6.01392e-06,7.65858e-07,1.32192e-05,7.04755e-07,6,2,158406,9.2e+08,0.5,27,1.02784e-09,0.546894,1.85615e-06,2.33028e-06,79.6534,-26.3259,0.0026799,621.404,16359,29912.6,285.861
20,17,1067,1.07658e-05,8.05121e-07,1.77612e-05,7.37571e-07,7,3,129791,9.2e+08,0.5,27,1.34354e-09,0.551108,2.3032e-06,2.95463e-06,77.9523,-25.295,0.00304085,612.818,15501.2,28127.4,496.706
20,18,1068,4.25972e-06,6.87814e-07,5.56573e-06,6.88685e-07,5,2,126564,9.2e+08,0.5,27,9.13526e-10,0.604586,2.84168e-06,4.10365e-06,69.2475,-23.8683,0.00323893,597.212,14254.4,23577.2,2481.4
20,19,1069,7.75327e-06,7.88758e-07,1.53734e-05,7.70904e-07,5,2,177272,9.2e+08,0.5,27,9.35934e-10,0.516595,1.47724e-06,1.7446e-06,84.6754,-27.5831,0.00282622,623.984,17211.4,33317,1.05396
20,20,1070,6.96018e-06,8.24269e-07,1.49879e-05,6.14336e-07,6,2,215317,9.2e+08,0.5,27,1.02989e-09,0.551208,1.38932e-06,1.88875e-06,73.5576,-27.2383,0.00243837,578.374,15753.9,28580.7,1309.28
20,21,1071,8.2837e-06,7.74783e-07,1.27337e-05,9.3437e-07,8,2,231291,9.2e+08,0.5,27,1.23663e-09,0.521618,1.14218e-06,1.41948e-06,80.4651,-28.4787,0.00164934,598.724,17050.9,32688.5,205.651
20,22,1072,8.57036e-06,2.45373e-07,1.44387e-05,6.76578e-07,6,2,167515,9.2e+08,0.5,27,1.02374e-09,0.563734,1.86727e-06,3.01867e-06,61.8574,-25.2018,0.00357352,497.431,12536.2,22237.7,5355.79
20,23,1073,1.12122e-05,7.56598e-07,1.36543e-05,7.16722e-07,5,2,178776,9.2e+08,0.5,27,9.36539e-10,0.513016,1.44528e-06,1.92842e-06,74.9467,-27.148,0.0025458,548.466,14889.7,29023.9,1010.69
20,24,1074,8.36852e-06,7.75125e-07,1.45519e-05,8.03396e-07,7,1,267013,9.2e+08,0.5,27,9.36355e-10,0.356484,4.37107e-07,6.82054e-07,64.0869,-31.6618,0.001469,325.894,10318.4,28944.8,4373.75
20,25,1075,6.60305e-06,6.06477e-07,1.23289e-05,6.82202e-07,6,2,132521,9.2e+08,0.5,27,1.02483e-09,0.553764,2.27681e-06,2.87993e-06,79.0578,-25.4062,0.00294389,624.505,15866.3,28651.7,353.096
20,26,1076,5.56015e-06,8.87011e-07,1.3612e-05,8.06122e-07,5,3,204621,9.2e+08,0.5,27,1.13181e-09,0.606347,1.77156e-06,2.24183e-06,79.023,-26.494,0.00424792,683.503,18108.7,29865.3,357.246
20,27,1077,1.29163e-05,7.93974e-07,1.63398e-05,6.578e-07,6,2,204880,9.2e+08,0.5,27,1.04201e-09,0.500307,1.19725e-06,1.59079e-06,75.2613,-27.9839,0.00204898,537.124,15030.8,30043.2,948.421
20,28,1078,5.63581e-06,4.65775e-07,1.50483e-05,7.23139e-07,6,2,81677.8,9.2e+08,0.5,27,1.02701e-09,0.510702,3.1327e-06,3.9769e-06,78.7724,-24.0046,0.00359838,573.862,13775.3,26973.3,387.835
20,29,1079,2.07667e-06,7.85527e-07,1.38829e-05,7.5237e-07,8,4,273381,9.2e+08,0.5,27,1.62415e-09,0.673938,1.62579e-06,2.61206e-06,62.2415,-25.8302,0.00480399,598.366,15455.9,22933.7,5179.47
20,30,1080,1.01396e-05,7.86357e-07,1.39975e-05,6.42023e-07,4,2,135167,9.2e+08,0.5,27,8.3392e-10,0.513373,1.91776e-06,2.36251e-06,81.1746,-26.2663,0.0035859,594.455,15614.1,30414.8,146.34
20,31,1081,7.74594e-06,6.99975e-07,1.36368e-05,4.77641e-07,5,3,183350,9.2e+08,0.5,27,1.12387e-09,0.637784,2.19371e-06,3.56868e-06,61.4713,-24.4749,0.0052546,559.258,13687.8,21461.5,5535.98
20,32,1082,8.29356e-06,7.84153e-07,1.47593e-05,9.01965e-07,5,4,229415,9.2e+08,0.5,27,1.33963e-09,0.626542,1.68577e-06,2.54321e-06,66.2851,-25.9462,0.00569375,592.423,15371.1,24533.3,3502.49
20,33,1083,1.16379e-05,6.2106e-07,1.38982e-05,6.39483e-07,6,2,158216,9.2e+08,0.5,27,1.03223e-09,0.524836,1.71087e-06,2.07898e-06,82.2935,-26.8215,0.00250027,616.107,16524.9,31485.8,73.249
20,34,1084,1.22278e-05,7.09153e-07,3.83762e-06,9.62942e-07,8,2,130179,9.2e+08,0.5,27,1.22473e-09,0.432132,1.36628e-06,2.83486e-06,48.1956,-25.4747,0.00158145,297.091,7568.31,17513.9,13545.7
20,35,1085,1.4719e-05,5.52086e-07,1.44844e-05,3.71919e-07,6,3,134664,9.2e+08,0.5,27,1.22703e-09,0.611545,2.74575e-06,4.65435e-06,58.9932,-23.3214,0.00485147,514.631,12001.9,19625.6,6763.55
20,36,1086,1.13389e-05,2.6853e-07,1.54974e-05,7.99009e-07,6,2,274705,9.2e+08,0.5,27,1.03085e-09,0.540715,1.04378e-06,1.95636e-06,53.3533,-27.0855,0.00295571,411.524,11146.3,20614.1,10015.2
20,37,1087,7.81839e-06,8.21227e-07,1.32974e-06,7.71162e-07,5,2,177135,9.2e+08,0.5,27,9.14892e-10,0.446669,1.07729e-06,2.84222e-06,37.903,-25.4634,0.00141524,241.505,6149.54,13767.5,22181.3
20,38,1088,1.29006e-05,9.95042e-07,1.48776e-05,8.86132e-07,6,3,135681,9.2e+08,0.5,27,1.25204e-09,0.522195,1.97003e-06,2.35983e-06,83.482,-26.2712,0.00290049,621.859,16337,31285.2,23.0443
20,39,1089,7.81461e-06,2.787e-07,1.3529e-05,8.86229e-07,3,2,219668,9.2e+08,0.5,27,7.28335e-10,0.553434,1.37123e-06,2.08737e-06,65.6917,-26.804,0.00528473,518.612,13900.9,25117.5,3728.09
20,40,1090,3.1604e-06,8.20096e-07,1.36708e-05,6.17546e-07,5,4,131416,9.2e+08,0.5,27,1.32207e-09,0.662461,3.29112e-06,4.81763e-06,68.3141,-23.1717,0.00651322,645.56,14958.7,22580.5,2784.18
20,41,1091,7.56594e-06,8.11948e-07,1.69821e-05,7.64628e-07,5,3,393195,9.2e+08,0.5,27,1.13826e-09,0.600112,9.03105e-07,1.23434e-06,73.1652,-29.0857,0.00454065,626.33,18217.2,30356.4,1400.62
20,42,1092,1.07121e-05,8.10878e-07,1.90117e-05,6.89751e-07,5,2,213143,9.2e+08,0.5,27,9.43599e-10,0.496907,1.13628e-06,1.39162e-06,81.6519,-28.5648,0.00238895,578.772,16532.5,33270.8,112.099
20,43,1093,7.84333e-06,6.3648e-07,1.56634e-05,6.12221e-07,5,2,118369,9.2e+08,0.5,27,9.29163e-10,0.528649,2.32427e-06,2.69595e-06,86.2136,-25.6929,0.00340488,650.144,16704.1,31597.7,0
20,44,1094,5.56523e-06,5.58491e-07,1.42246e-05,6.70274e-07,9,2,205664,9.2e+08,0.5,27,1.32529e-09,0.57041,1.55315e-06,2.20973e-06,70.2868,-26.5566,0.00200807,571.91,15188,26626.4,2164.78
20,45,1095,9.30094e-06,8.47953e-07,1.50793e-05,8.72212e-07,10,2,152746,9.2e+08,0.5,27,1.44208e-09,0.479787,1.45286e-06,1.74245e-06,83.3802,-27.5884,0.00148415,570.66,15743.6,32813.7,26.2416
20,46,1096,8.59605e-06,7.82712e-07,1.38061e-05,3.68096e-07,4,2,194788,9.2e+08,0.5,27,8.2362e-10,0.581053,1.71259e-06,2.29506e-06,74.6207,-26.3921,0.00452691,618.502,16323.5,28093.1,1077.29
20,47,1097,1.67766e-05,6.70093e-07,1.5488e-06,3.53294e-07,7,2,169982,9.2e+08,0.5,27,1.12358e-09,0.477212,1.28903e-06,2.93839e-06,43.8685,-25.3189,0.00105004,298.628,7560.94,15844,16918
20,48,1098,1.45487e-05,4.89911e-07,1.54867e-05,1.83628e-07,7,2,252120,9.2e+08,0.5,27,1.11994e-09,0.586004,1.3474e-06,2.65718e-06,50.7079,-25.7558,0.00369954,423.88,10917.4,18630.2,11759.4
20,49,1099,1.3661e-05,5.03484e-07,1.19862e-05,7.73798e-07,6,2,301533,9.2e+08,0.5,27,1.03231e-09,0.538931,9.44109e-07,1.68177e-06,56.1377,-27.7423,0.00218903,431.573,11972.8,22215.9,8330.31
21,0,1100,1.00349e-05,7.79183e-07,1.37892e-05,6.00881e-07,5,2,128111,9.2e+08,0.5,27,9.32209e-10,0.519648,2.07355e-06,2.34613e-06,88.3817,-26.2965,0.00302957,655.146,17228,33153.3,0
21,1,1101,9.50005e-06,8.12913e-07,1.41706e-05,8.56515e-07,6,3,225426,9.2e+08,0.5,27,1.23972e-09,0.5813,1.47671e-06,2.18934e-06,67.4498,-26.5969,0.00313864,559.303,14875.7,25590.4,3080.09
21,2,1102,7.86776e-06,9.97778e-07,1.44602e-05,6.0224e-07,6,2,136142,9.2e+08,0.5,27,1.03312e-09,0.518693,1.94056e-06,2.39496e-06,81.0269,-26.207,0.00271265,599.523,15711.7,30291,157.857
21,3,1103,9.68397e-06,8.34587e-07,1.69884e-05,8.19772e-07,7,2,184939,9.2e+08,0.5,27,1.14402e-09,0.487438,1.25034e-06,1.60275e-06,78.0123,-27.9513,0.00184443,542.437,15161.8,31105.1,488.285
21,4,1104,1.01887e-05,7.91212e-07,8.05691e-06,7.05211e-07,7,2,128152,9.2e+08,0.5,27,1.12749e-09,0.523605,2.0918e-06,2.80141e-06,74.6695,-25.5262,0.0020416,557.717,14236.4,27189.2,1067.18
21,5,1105,9.0691e-06,7.35778e-07,1.57619e-05,7.82404e-07,6,2,314659,9.2e+08,0.5,27,1.03801e-09,0.529823,8.74672e-07,1.17612e-06,74.3691,-29.2955,0.00206825,562.069,16466.1,31078.4,1130.17
21,6,1106,4.70777e-06,5.25109e-07,1.44329e-05,6.72393e-07,6,2,375908,9.2e+08,0.5,27,1.02435e-09,0.590785,9.15844e-07,1.42207e-06,64.4021,-28.4708,0.00276991,542.745,15452.4,26155.7,4242.72
21,7,1107,7.53215e-06,6.87082e-07,1.1375e-05,5.26947e-07,6,2,212563,9.2e+08,0.5,27,1.02234e-09,0.589147,1.61205e-06,2.3049e-06,69.94,-26.3735,0.00285517,587.782,15501.8,26312.3,2268.03
21,8,1108,9.2011e-06,7.90731e-07,1.72458e-05,6.84551e-07,3,2,170025,9.2e+08,0.5,27,7.38162e-10,0.507677,1.49074e-06,1.75259e-06,85.0589,-27.5632,0.00409683,615.989,16978.6,33443.8,0
21,9,1109,3.22135e-06,8.10084e-07,1.37448e-05,9.73838e-07,8,2,191446,9.2e+08,0.5,27,1.23199e-09,0.524722,1.396e-06,1.7484e-06,79.8442,-27.5736,0.00187336,597.639,16479,31405.3,265.826
21,10,1110,9.15532e-06,3.96702e-07,1.33262e-05,8.6818e-07,3,2,309402,9.2e+08,0.5,27,7.30403e-10,0.554233,9.77638e-07,1.60836e-06,60.7848,-27.9362,0.00465387,480.567,13425.2,24223,5863.74
21,11,1111,9.4207e-06,7.54033e-07,1.34932e-05,7.63727e-07,5,2,243513,9.2e+08,0.5,27,9.34817e-10,0.533989,1.15052e-06,1.44642e-06,79.5426,-28.397,0.00247515,605.896,17205.7,32221,297.83
21,12,1112,9.97337e-06,9.62506e-07,1.39099e-05,7.4026e-07,5,3,128962,9.2e+08,0.5,27,1.13979e-09,0.56151,2.40965e-06,3.19755e-06,75.3591,-24.9518,0.0036983,603.614,15061.3,26822.8,929.466
21,13,1113,8.94417e-06,4.50018e-07,1.45889e-05,5.30189e-07,4,2,97234.3,9.2e+08,0.5,27,8.2352e-10,0.547722,3.03926e-06,3.88908e-06,78.1486,-24.1015,0.00506932,610.587,14716.1,26867.8,469.421
21,14,1114,1.44241e-05,6.59733e-07,1.03068e-05,7.00879e-07,5,4,99237.6,9.2e+08,0.5,27,1.33348e-09,0.605654,3.64472e-06,5.94982e-06,61.2576,-22.255,0.00506379,529.238,11778.2,19447,5637.01
21,15,1115,7.33584e-06,7.90081e-07,1.39956e-05,7.92462e-07,4,3,134227,9.2e+08,0.5,27,1.03377e-09,0.582746,2.49597e-06,3.26124e-06,76.5344,-24.8662,0.00497227,636.213,15820.2,27147.6,716.659
21,16,1116,2.18481e-06,6.16496e-07,1.38673e-05,7.56912e-07,7,3,209004,9.2e+08,0.5,27,1.32369e-09,0.634436,1.89117e-06,2.52064e-06,75.0273,-25.9849,0.00400265,679.005,17643.9,27810.3,994.553
21,17,1117,7.69053e-06,4.93984e-07,4.11003e-06,7.27864e-07,5,1,437024,9.2e+08,0.5,27,7.13581e-10,0.537597,6.4068e-07,1.23162e-06,52.0192,-29.0952,0.0013483,398.921,11606.7,21589.9,10877.3
21,18,1118,5.64332e-06,7.37623e-07,1.44138e-05,7.78911e-07,8,3,212644,9.2e+08,0.5,27,1.43078e-09,0.611622,1.7317e-06,2.38921e-06,72.4797,-26.2174,0.0030474,632.362,16578.9,27106.5,1567.58
21,19,1119,7.74346e-06,7.88874e-07,1.4818e-05,7.4213e-07,3,3,160227,9.2e+08,0.5,27,9.34211e-10,0.591209,2.15389e-06,2.77744e-06,77.5495,-25.5635,0.00625252,654.012,16718.9,28279.1,555.101
21,20,1120,1.56272e-05,5.66985e-07,4.10047e-06,7.40392e-07,7,3,152849,9.2e+08,0.5,27,1.32379e-09,0.569761,2.06979e-06,4.86665e-06,42.53,-23.1277,0.00194955,345.664,7994.42,14031.2,18037
21,21,1121,1.49759e-05,7.84072e-07,1.5873e-05,9.14965e-07,8,2,206608,9.2e+08,0.5,27,1.25253e-09,0.456436,9.68002e-07,1.35563e-06,71.406,-28.6786,0.0018778,464.923,13333.3,29211.8,1847.97
21,22,1122,6.83687e-06,6.037e-07,1.48776e-05,6.99422e-07,8,2,192545,9.2e+08,0.5,27,1.22907e-09,0.549586,1.53881e-06,2.08533e-06,73.7921,-26.8083,0.00220199,578.512,15508.9,28219.2,1256.16
21,23,1123,3.29353e-06,8.71427e-07,1.4374e-05,7.53438e-07,5,4,299177,9.2e+08,0.5,27,1.3274e-09,0.669785,1.47276e-06,2.33847e-06,62.9795,-26.3107,0.00699747,601.729,15831.9,23637.3,4849.02
21,24,1124,8.10846e-06,8.60764e-07,1.41854e-05,7.11547e-07,5,2,165134,9.2e+08,0.5,27,9.34146e-10,0.521805,1.61992e-06,1.91055e-06,84.7882,-27.1884,0.00277925,631.117,17159.1,32884.1,0.448707
21,25,1125,7.69915e-06,8.44077e-07,1.50252e-05,8.59854e-07,6,2,154488,9.2e+08,0.5,27,1.03884e-09,0.494254,1.54318e-06,1.8295e-06,84.3497,-27.3767,0.00243374,594.702,16281,32940.5,4.22919
21,26,1126,9.07584e-06,7.87614e-07,1.51042e-05,6.93663e-07,6,2,163695,9.2e+08,0.5,27,1.03525e-09,0.516687,1.60024e-06,1.93472e-06,82.7117,-27.1338,0.0024052,609.622,16541.4,32014.3,52.3626
21,27,1127,8.83116e-06,7.73146e-07,1.37579e-05,9.40625e-07,6,1,212195,9.2e+08,0.5,27,8.39538e-10,0.279223,3.37871e-07,6.20201e-07,54.4776,-32.0747,0.00164964,216.988,6959.83,24925.7,9316.53
21,28,1128,8.28481e-06,5.07524e-07,1.45358e-05,9.15988e-07,8,3,231160,9.2e+08,0.5,27,1.43504e-09,0.596223,1.51162e-06,2.40027e-06,62.9769,-26.1974,0.00286684,535.619,14031.8,23534.5,4850.19
21,29,1129,1.53199e-05,2.92442e-07,1.14992e-05,6.71609e-07,4,2,160076,9.2e+08,0.5,27,8.24406e-10,0.537937,1.77586e-06,3.1921e-06,55.6331,-24.9592,0.00454024,426.904,10655.2,19807.5,8624.18
21,30,1130,1.03688e-05,7.92603e-07,1.46653e-05,6.02629e-07,5,2,174517,9.2e+08,0.5,27,9.34112e-10,0.525493,1.55797e-06,2.09078e-06,74.5163,-26.7969,0.00268015,558.579,14968.2,28484.1,1099.07
21,31,1131,6.64464e-06,8.26516e-07,1.47276e-05,2.27939e-07,5,2,209792,9.2e+08,0.5,27,9.17698e-10,0.612183,1.76124e-06,2.80333e-06,62.8266,-25.5233,0.00566442,548.644,14003.2,22874.2,4916.61
21,32,1132,7.47791e-06,7.59899e-07,1.50792e-05,7.27106e-07,6,4,158624,9.2e+08,0.5,27,1.43329e-09,0.635936,2.51798e-06,3.72109e-06,67.6677,-24.2933,0.00498639,613.848,14912.4,23449.5,3004.09
21,33,1133,5.12278e-06,9.95042e-07,1.48776e-05,5.45119e-07,6,3,202742,9.2e+08,0.5,27,1.22641e-09,0.626173,1.90839e-06,2.84467e-06,67.0866,-25.4597,0.00424698,599.234,15256.3,24364.4,3208.9
21,34,1134,7.80316e-06,7.87805e-07,1.4301e-05,7.41087e-07,4,3,147569,9.2e+08,0.5,27,1.03349e-09,0.590019,2.32804e-06,3.05973e-06,76.0865,-25.1432,0.00505026,640.384,16101.3,27289.4,794.499
21,35,1135,7.04915e-06,8.00072e-07,1.47724e-05,5.09584e-07,5,2,214895,9.2e+08,0.5,27,9.26335e-10,0.568054,1.48262e-06,1.79081e-06,82.7906,-27.4695,0.00320736,670.868,18428.4,32441.3,48.8124
21,36,1136,8.39586e-06,7.89468e-07,1.12335e-05,5.49732e-07,6,2,202321,9.2e+08,0.5,27,1.02561e-09,0.571809,1.59326e-06,2.17408e-06,73.2845,-26.6272,0.00268394,597.764,15916.8,27835.9,1372.52
21,37,1137,1.46121e-05,6.44157e-07,9.48163e-06,3.85678e-07,10,2,147251,9.2e+08,0.5,27,1.42614e-09,0.55413,2.05097e-06,3.12503e-06,65.6305,-25.0515,0.00166129,518.78,12996.2,23453.4,3751.77
21,38,1138,6.01392e-06,3.56349e-07,1.32192e-05,7.04755e-07,5,2,325328,9.2e+08,0.5,27,9.22919e-10,0.593793,1.06998e-06,1.91781e-06,55.7918,-27.172,0.00353334,472.577,12840.8,21625.1,8531.17
21,39,1139,2.76167e-06,6.26535e-07,1.54752e-05,8.40449e-07,6,2,236679,9.2e+08,0.5,27,1.02947e-09,0.550234,1.25336e-06,1.56984e-06,79.84,-28.0414,0.00253334,626.663,17572.5,31936.5,266.254
21,40,1140,1.05077e-05,6.77086e-07,1.77072e-05,7.35368e-07,6,4,472501,9.2e+08,0.5,27,1.44027e-09,0.63379,8.38637e-07,2.00225e-06,41.8847,-26.9848,0.00543853,378.675,10218.5,16122.8,18589.3
21,41,1141,1.22817e-05,4.62987e-07,1.50541e-05,7.89845e-07,5,3,158408,9.2e+08,0.5,27,1.13515e-09,0.579934,2.09393e-06,3.28334e-06,63.7744,-24.8368,0.00438909,527.584,13103.5,22594.8,4505.26
21,42,1142,1.00349e-05,7.79183e-07,1.07831e-05,6.00881e-07,5,2,313188,9.2e+08,0.5,27,9.28597e-10,0.569036,1.01974e-06,1.50703e-06,67.6657,-28.2188,0.0026358,549.255,15499.3,27237.8,3004.79
21,43,1143,2.69878e-06,7.98149e-07,1.47138e-05,6.8323e-07,5,3,139148,9.2e+08,0.5,27,1.12441e-09,0.611208,2.64314e-06,3.49054e-06,75.7229,-24.5711,0.00508227,660.211,16222.1,26541,860.64
21,44,1144,4.11779e-06,8.07153e-07,9.11179e-06,7.37402e-07,3,2,210825,9.2e+08,0.5,27,7.20085e-10,0.599295,1.68147e-06,2.13141e-06,78.89,-26.7133,0.0047245,674.418,18015.9,30061.9,373.317
21,45,1145,7.82941e-06,3.24132e-07,1.35634e-05,7.00618e-07,4,2,176815,9.2e+08,0.5,27,8.24081e-10,0.567168,1.79249e-06,2.79183e-06,64.2049,-25.5411,0.00474819,519.452,13267.4,23392.4,4324.38
21,46,1146,9.23893e-06,5.70095e-07,1.42068e-05,5.178e-07,4,2,164025,9.2e+08,0.5,27,8.25247e-10,0.561864,1.90048e-06,2.61814e-06,72.5887,-25.8201,0.00423627,581.791,15021.9,26735.8,1540.4
21,47,1147,1.0501e-05,8.18294e-07,1.42043e-05,6.78936e-07,4,2,406145,9.2e+08,0.5,27,8.36473e-10,0.542683,7.1493e-07,1.04023e-06,68.7284,-29.8287,0.0027824,532.046,15870.2,29244,2647.65
21,48,1148,8.67752e-06,6.98306e-07,1.39162e-05,5.67367e-07,5,3,143874,9.2e+08,0.5,27,1.12791e-09,0.612929,2.58096e-06,3.71819e-06,69.4144,-24.2967,0.00479299,606.913,14746,24058.2,2429.1
21,49,1149,7.03755e-06,4.40482e-07,1.03294e-05,8.15791e-07,5,2,205973,9.2e+08,0.5,27,9.23053e-10,0.577537,1.59334e-06,2.40153e-06,66.3467,-26.1951,0.00332029,546.595,14318.1,24791.7,3479.45
22,0,1150,1.00349e-05,7.79183e-07,1.37892e-05,6.00881e-07,5,2,128111,9.2e+08,0.5,27,9.32209e-10,0.519648,2.07355e-06,2.34613e-06,88.3817,-26.2965,0.00302957,655.146,17228,33153.3,0
22,1,1151,4.07742e-06,8.0824e-07,9.19408e-06,7.54405e-07,7,2,194738,9.2e+08,0.5,27,1.12046e-09,0.591257,1.76228e-06,2.41677e-06,72.919,-26.1676,0.0022856,615.012,16093.4,27219,1459.51
22,2,1152,7.04507e-06,8.23625e-07,1.4101e-05,6.96162e-07,8,2,179560,9.2e+08,0.5,27,1.23124e-09,0.537916,1.57836e-06,2.0194e-06,78.1597,-26.9478,0.00186635,599.74,16161.7,30045,467.901
22,3,1153,1.17784e-05,5.02628e-07,1.50212e-05,6.62881e-07,5,2,143976,9.2e+08,0.5,27,9.31755e-10,0.519147,1.84078e-06,2.55834e-06,71.9522,-25.9204,0.00302482,532.845,13811.6,26604.3,1702.44
22,4,1154,1.56128e-05,8.2289e-07,1.37672e-05,6.6878e-07,7,2,179957,9.2e+08,0.5,27,1.14411e-09,0.484191,1.27057e-06,1.75516e-06,72.3906,-27.5568,0.00169555,499.994,13778.3,28456.2,1589.98
22,5,1155,6.16175e-06,7.76722e-07,1.34768e-05,7.28797e-07,6,3,209349,9.2e+08,0.5,27,1.22922e-09,0.617879,1.79973e-06,2.53549e-06,70.9818,-25.9594,0.0037719,625.628,16240.9,26285,1965.1
22,6,1156,1.54507e-06,8.12435e-07,1.43472e-05,6.95606e-07,6,3,164276,9.2e+08,0.5,27,1.22247e-09,0.609466,2.20994e-06,3.05821e-06,72.2623,-25.1453,0.00463382,628.243,15797.4,25920,1622.5
22,7,1157,7.90262e-06,9.16869e-07,1.4882e-05,2.01122e-07,6,3,154681,9.2e+08,0.5,27,1.22048e-09,0.654267,2.72212e-06,4.78612e-06,56.8753,-23.2002,0.00795125,530.817,12315,18822.7,7909.98
22,8,1158,6.83525e-06,7.92649e-07,9.70663e-06,7.35401e-07,4,2,183880,9.2e+08,0.5,27,8.25112e-10,0.565845,1.71527e-06,2.25019e-06,76.2277,-26.4778,0.0035931,615.286,16291.4,28791.3,769.526
22,9,1159,6.45773e-06,8.07648e-07,1.43469e-05,8.46665e-07,8,2,221664,9.2e+08,0.5,27,1.23473e-09,0.530179,1.23611e-06,1.57213e-06,78.6267,-28.0351,0.00185383,594.646,16671,31444.1,406.188
22,10,1160,3.22135e-06,8.10084e-07,1.37448e-05,9.73838e-07,8,2,214135,9.2e+08,0.5,27,1.23199e-09,0.53172,1.28187e-06,1.58971e-06,80.6354,-27.9868,0.00183502,611.61,17117,32191.8,190.501
22,11,1161,3.14933e-06,7.55163e-07,1.29785e-05,8.25414e-07,4,2,387437,9.2e+08,0.5,27,8.26182e-10,0.585059,8.69165e-07,1.0733e-06,80.9809,-29.6928,0.00385755,675.848,20067.8,34300.5,161.528
22,12,1162,9.31068e-06,7.74583e-07,1.40833e-05,7.43953e-07,4,5,174188,9.2e+08,0.5,27,1.43538e-09,0.662372,2.48447e-06,4.29839e-06,57.8,-23.6669,0.00804955,546.13,12925.2,19513.6,7398.4
22,13,1163,7.05198e-06,6.58143e-07,1.45452e-05,6.44747e-07,7,5,198227,9.2e+08,0.5,27,1.72804e-09,0.687029,2.3527e-06,4.69578e-06,50.1025,-23.2829,0.00548889,491.021,11432.4,16640.4,12178.4
22,14,1164,8.06318e-06,9.21983e-07,1.52434e-05,6.22519e-07,10,4,154400,9.2e+08,0.5,27,1.83385e-09,0.634029,2.56857e-06,3.9666e-06,64.755,-24.0158,0.00313495,585.664,14065.2,22183.8,4098.6
22,15,1165,5.71811e-07,8.14409e-07,1.41227e-05,6.80972e-07,6,2,160328,9.2e+08,0.5,27,1.02017e-09,0.463834,1.27708e-06,2.06685e-06,61.7886,-26.8469,0.00313239,408.825,10975.7,23662.9,5387.7
22,16,1166,3.36625e-06,9.04582e-07,1.06953e-05,4.37169e-07,8,2,132917,9.2e+08,0.5,27,1.21544e-09,0.608117,2.73615e-06,3.69206e-06,74.1092,-24.3273,0.0030655,642.873,15639.4,25717.7,1186.09
22,17,1167,7.16396e-06,7.79181e-07,1.4352e-05,6.94107e-07,5,2,171850,9.2e+08,0.5,27,9.31088e-10,0.536681,1.64914e-06,2.06613e-06,79.8177,-26.8484,0.00293421,611.057,16405.9,30569.2,268.567
22,18,1168,9.53855e-06,7.93885e-07,1.16937e-05,6.48401e-07,5,2,305193,9.2e+08,0.5,27,9.30309e-10,0.560497,1.01475e-06,1.59735e-06,63.5268,-27.966,0.00244179,507.921,14204.5,25342.7,4611
22,19,1169,9.53893e-06,8.31379e-07,1.4564e-05,8.27781e-07,6,3,216860,9.2e+08,0.5,27,1.23997e-09,0.579908,1.52811e-06,2.21201e-06,69.0824,-26.5521,0.00317141,571.469,15173.7,26165.7,2533.7
22,20,1170,1.17644e-05,6.75646e-07,1.52953e-05,8.19365e-07,6,3,448911,9.2e+08,0.5,27,1.24096e-09,0.590763,7.65969e-07,1.34138e-06,57.103,-28.7245,0.00351873,481.214,13822.6,23397.9,7782.45
22,21,1171,7.10303e-06,7.94235e-07,1.37787e-05,7.37432e-07,3,3,197289,9.2e+08,0.5,27,9.31605e-10,0.608038,1.85148e-06,2.46141e-06,75.2204,-26.0882,0.00629588,652.428,17020.6,27992.7,956.409
22,22,1172,9.35589e-06,7.76023e-07,1.59177e-05,6.86699e-07,4,2,179681,9.2e+08,0.5,27,8.36382e-10,0.51677,1.46209e-06,1.75957e-06,83.0935,-27.5459,0.00327306,612.534,16872.8,32650.6,36.3456
22,23,1173,7.37455e-06,6.76122e-07,1.48197e-05,7.13157e-07,8,2,469294,9.2e+08,0.5,27,1.23111e-09,0.564152,6.6556e-07,1.16215e-06,57.2696,-29.3474,0.00168197,460.878,13525.6,23975.1,7689.74
22,24,1174,7.1574e-06,6.04653e-07,1.213e-05,2.7459e-07,7,2,195573,9.2e+08,0.5,27,1.11532e-09,0.627704,1.99192e-06,3.4078e-06,58.4517,-24.6753,0.0039606,523.382,12914.6,20574.3,7048.1
22,25,1175,9.45206e-06,4.59566e-07,1.52849e-05,7.23981e-07,4,2,266363,9.2e+08,0.5,27,8.3082e-10,0.548981,1.11556e-06,1.48632e-06,75.055,-28.2789,0.00343972,587.764,16621.3,30276.7,989.035
22,26,1176,7.13218e-06,9.88935e-07,1.44096e-05,4.18183e-07,6,3,291150,9.2e+08,0.5,27,1.22616e-09,0.637843,1.38143e-06,2.53133e-06,54.5733,-25.9665,0.00418409,496.547,12893.6,20214.4,9257.82
22,27,1177,8.39586e-06,7.89468e-07,1.24852e-05,5.49732e-07,6,2,202321,9.2e+08,0.5,27,1.02698e-09,0.564645,1.55368e-06,2.05743e-06,75.5155,-26.8668,0.00263394,608.243,16341.5,28941.3,899.561
22,28,1178,8.65635e-06,7.31739e-07,1.31856e-05,6.79554e-07,6,2,213142,9.2e+08,0.5,27,1.03059e-09,0.547401,1.38262e-06,1.81916e-06,76.0033,-27.4013,0.00234444,593.478,16262,29707.7,809.411
22,29,1179,7.944e-06,7.84411e-07,1.40704e-05,4.41229e-07,4,2,282759,9.2e+08,0.5,27,8.24879e-10,0.582217,1.18529e-06,1.63728e-06,72.3938,-27.8588,0.00396552,601.247,16750,28769.3,1589.16
22,30,1180,1.96149e-05,8.16843e-07,1.30896e-05,7.06761e-07,6,2,148561,9.2e+08,0.5,27,1.05055e-09,0.43914,1.26066e-06,1.83565e-06,68.6768,-27.3621,0.00225823,430.208,11771.4,26805.6,2664.51
22,31,1181,8.07641e-06,5.68121e-07,1.50132e-05,8.62346e-07,3,3,164186,9.2e+08,0.5,27,9.3507e-10,0.586982,2.07062e-06,2.72125e-06,76.0905,-25.6523,0.00638797,637.12,16343.6,27843.5,793.787
22,32,1182,1.16758e-05,7.67943e-07,1.36351e-05,9.11618e-07,5,2,210269,9.2e+08,0.5,27,9.42793e-10,0.492136,1.12348e-06,1.43648e-06,78.2107,-28.427,0.00240384,549.057,15608.1,31714.9,460.949
22,33,1183,8.36338e-06,7.91818e-07,1.50021e-05,5.18212e-07,6,2,190490,9.2e+08,0.5,27,1.02879e-09,0.552537,1.58013e-06,2.10443e-06,75.0862,-26.7687,0.00270084,591.817,15842.1,28671.7,982.837
22,34,1184,1.83833e-05,7.72186e-07,8.65953e-06,7.13168e-07,6,2,177867,9.2e+08,0.5,27,1.04074e-09,0.475141,1.23466e-06,1.89745e-06,65.0693,-27.2183,0.00182119,441.026,12004,25264.1,3972.33
22,35,1185,9.41176e-06,6.20136e-07,1.48999e-05,7.7083e-07,8,2,190427,9.2e+08,0.5,27,1.23464e-09,0.522722,1.40168e-06,1.85943e-06,75.3819,-27.3062,0.00190382,562.088,15348.5,29362.6,925.07
22,36,1186,3.97495e-06,7.99068e-07,1.47184e-05,6.3894e-07,5,3,174367,9.2e+08,0.5,27,1.12516e-09,0.625802,2.21674e-06,2.94396e-06,75.2979,-25.3107,0.00493687,672.181,17013.4,27186.5,941.305
22,37,1187,3.83185e-06,8.94884e-07,1.50506e-05,7.66438e-07,10,2,312140,9.2e+08,0.5,27,1.42993e-09,0.558821,9.72765e-07,1.37822e-06,70.5813,-28.6068,0.0015943,562.638,16095.3,28802.2,2078.99
22,38,1188,9.29147e-06,7.45619e-07,1.52823e-05,6.10111e-07,2,2,138084,9.2e+08,0.5,27,6.32504e-10,0.522834,1.94549e-06,2.35055e-06,82.7673,-26.2883,0.00646905,617.289,16227.5,31037.6,49.8498
22,39,1189,5.82591e-06,2.45457e-07,8.0541e-06,7.26493e-07,6,2,349640,9.2e+08,0.5,27,1.01456e-09,0.642553,1.16317e-06,3.16131e-06,36.7941,-25.0013,0.00354673,337.251,8431.72,13122.2,23238.1
22,40,1190,1.00661e-05,5.28498e-07,1.36237e-05,7.45389e-07,7,2,306644,9.2e+08,0.5,27,1.13095e-09,0.55239,9.76505e-07,1.38886e-06,70.3097,-28.5734,0.00200304,554.023,15830.3,28657.8,2158.06
22,41,1191,4.73988e-06,8.19033e-07,1.65619e-06,7.1545e-07,4,1,167569,9.2e+08,0.5,27,6.10134e-10,0.419128,1.01127e-06,1.99407e-06,50.7138,-27.0026,0.00174366,303.207,8187.38,19534.3,11755.5
22,42,1192,3.80417e-06,8.06293e-07,1.52485e-05,8.31654e-07,6,2,157271,9.2e+08,0.5,27,1.0315e-09,0.52016,1.68335e-06,2.10543e-06,79.9531,-26.7666,0.00261261,593.251,15879.3,30527.7,254.716
22,43,1193,9.04296e-06,6.02086e-07,1.66173e-05,4.72331e-07,8,2,201612,9.2e+08,0.5,27,1.22659e-09,0.559485,1.53107e-06,2.14101e-06,71.5114,-26.6938,0.00223668,570.729,15234.9,27230.3,1819.43
22,44,1194,7.10057e-06,2.04743e-07,1.47803e-05,7.21171e-07,5,2,199885,9.2e+08,0.5,27,9.24226e-10,0.571174,1.60781e-06,2.68429e-06,59.8969,-25.7117,0.00405971,488.022,12547.9,21968.6,6301.65
22,45,1195,1.41369e-05,6.24401e-07,1.50818e-05,6.85126e-07,3,2,163983,9.2e+08,0.5,27,7.3832e-10,0.498079,1.4862e-06,1.97588e-06,75.2174,-27.0424,0.00398613,534.42,14452,29015.5,956.996
22,46,1196,8.44752e-06,7.87728e-07,1.46535e-05,7.33862e-07,5,3,157740,9.2e+08,0.5,27,1.13482e-09,0.587969,2.1634e-06,2.76814e-06,78.1536,-25.5781,0.00420205,655.495,16766.3,28515.7,468.732
22,47,1197,5.32028e-06,7.06957e-07,1.43896e-05,6.74134e-07,6,2,92370.5,9.2e+08,0.5,27,1.02692e-09,0.517907,2.85158e-06,3.5227e-06,80.9488,-24.5312,0.00323399,598.038,14670.6,28326.7,164.123
22,48,1198,1.02951e-05,7.88576e-07,1.50514e-05,6.64197e-07,5,4,170701,9.2e+08,0.5,27,1.33623e-09,0.6296,2.29638e-06,3.5966e-06,63.8486,-24.4411,0.00532096,573.432,14015.3,22260.7,4473.81
22,49,1199,9.98313e-06,8.79131e-07,1.14916e-05,6.01953e-07,6,2,243569,9.2e+08,0.5,27,1.03139e-09,0.551253,1.22778e-06,1.84765e-06,66.451,-27.3338,0.00208928,522.539,14283,25910.1,3440.64
23,0,1200,1.00349e-05,7.79183e-07,1.37892e-05,6.00881e-07,5,2,128111,9.2e+08,0.5,27,9.32209e-10,0.519648,2.07355e-06,2.34613e-06,88.3817,-26.2965,0.00302957,655.146,17228,33153.3,0
23,1,1201,5.88476e-06,8.00515e-07,1.68862e-05,7.19571e-07,4,3,162941,9.2e+08,0.5,27,1.03372e-09,0.591905,2.12297e-06,2.71504e-06,78.1929,-25.6622,0.0052276,660.215,16942.6,28623.8,463.37
23,2,1202,1.14141e-05,8.05397e-07,1.37401e-05,5.21791e-07,6,2,213797,9.2e+08,0.5,27,1.03272e-09,0.539972,1.34383e-06,1.91448e-06,70.193,-27.1795,0.00221455,540.669,14695.1,27214.6,2192.47
23,3,1203,8.2294e-06,7.46773e-07,3.40667e-06,8.09317e-07,3,2,35087.4,9.2e+08,0.5,27,7.17805e-10,0.249569,1.71887e-06,5.4165e-06,31.7339,-22.6628,0.00598134,112.975,2560.32,10259,28373.3
23,4,1204,3.22135e-06,8.10084e-07,1.14262e-05,9.73838e-07,8,2,214135,9.2e+08,0.5,27,1.22747e-09,0.552339,1.38614e-06,1.83711e-06,75.4522,-27.3586,0.00183894,594.489,16264.4,29446.4,911.605
23,5,1205,9.22593e-06,7.34382e-07,1.55241e-05,5.49123e-07,8,2,153474,9.2e+08,0.5,27,1.2306e-09,0.535338,1.83548e-06,2.3259e-06,78.9147,-26.3341,0.00206462,602.632,15869.8,29644.4,370.309
23,6,1206,1.40838e-05,6.48213e-07,1.43948e-05,7.5924e-07,7,3,272658,9.2e+08,0.5,27,1.34012e-09,0.580981,1.21941e-06,2.06449e-06,59.0661,-26.8519,0.00292587,489.516,13144.4,22624.5,6725.66
23,7,1207,6.91147e-06,7.16133e-07,1.43141e-05,6.75376e-07,2,2,18020.1,9.2e+08,0.5,27,6.29234e-10,0.260158,3.51824e-06,7.95178e-06,44.2447,-20.9954,0.0150622,164.197,3447.37,13251.1,16610.4
23,8,1208,9.37375e-06,7.77586e-07,1.39546e-05,6.33307e-07,5,2,404695,9.2e+08,0.5,27,9.32253e-10,0.558022,7.58811e-07,1.03905e-06,73.0293,-29.8336,0.00251934,581.319,17342.9,31079.2,1432.99
23,9,1209,6.22095e-06,7.39205e-07,1.1158e-05,2.95944e-07,7,4,195167,9.2e+08,0.5,27,1.5158e-09,0.714746,2.58346e-06,5.7571e-06,44.8742,-22.398,0.00661042,457.525,10247.6,14337.4,16100.8
23,10,1210,1.01718e-05,8.56856e-07,1.25958e-05,6.44634e-07,9,2,352266,9.2e+08,0.5,27,1.33367e-09,0.550928,8.42993e-07,1.41731e-06,59.4783,-28.4853,0.0013951,467.433,13315,24168.3,6513.58
23,11,1211,5.19221e-06,7.69758e-07,9.17324e-06,7.72555e-07,4,2,96502.5,9.2e+08,0.5,27,8.22167e-10,0.533743,2.90006e-06,3.67084e-06,79.0027,-24.3523,0.00424673,601.507,14648.1,27444.1,359.672
23,12,1212,8.37205e-06,7.78012e-07,1.52342e-05,5.41103e-07,5,2,69049.3,9.2e+08,0.5,27,9.29514e-10,0.491959,3.44274e-06,4.38887e-06,78.4424,-23.5765,0.00413412,550.486,12978.5,26381.3,430.017
23,13,1213,3.3271e-06,8.43616e-07,3.59075e-06,5.18906e-07,7,2,374674,9.2e+08,0.5,27,1.10934e-09,0.693909,1.26292e-06,2.45124e-06,51.5214,-26.1061,0.00182953,509.984,13313.7,19186.5,11208.2
23,14,1214,7.16396e-06,5.94333e-07,1.4352e-05,6.94107e-07,5,2,171850,9.2e+08,0.5,27,9.28439e-10,0.548252,1.72231e-06,2.24739e-06,76.6358,-26.4832,0.00327289,599.347,15872.6,28951.3,699.592
23,15,1215,9.36319e-06,7.45677e-07,1.58257e-05,6.89699e-07,7,2,183826,9.2e+08,0.5,27,1.13579e-09,0.519258,1.4376e-06,1.80385e-06,79.6963,-27.438,0.0020336,590.32,16197.2,31193,281.296
23,16,1216,6.86703e-06,5.72767e-07,1.05529e-05,7.65195e-07,6,3,133083,9.2e+08,0.5,27,1.22402e-09,0.619437,2.84317e-06,4.2716e-06,66.56,-23.6941,0.00398234,588.135,13935.3,22496.8,3400.33
23,17,1217,9.35589e-06,2.15485e-07,1.66044e-05,6.86699e-07,4,2,179681,9.2e+08,0.5,27,8.26836e-10,0.549489,1.65398e-06,2.66875e-06,61.9758,-25.7369,0.00494069,485.789,12502.7,22753.3,5301.15
23,18,1218,5.85341e-06,7.09231e-07,1.9626e-05,6.92095e-07,5,2,131487,9.2e+08,0.5,27,9.35469e-10,0.500658,1.87109e-06,2.19692e-06,85.1687,-26.5818,0.00306752,608.257,16168.6,32294.7,0
23,19,1219,7.10418e-06,7.77586e-07,8.76499e-07,7.22359e-07,4,2,380087,9.2e+08,0.5,27,8.12315e-10,0.550106,7.58507e-07,2.39815e-06,31.6288,-26.2012,0.00104013,248.197,6503.06,11821.5,28484.8
23,20,1220,8.3287e-06,7.38775e-07,1.52763e-05,6.26281e-07,2,2,160569,9.2e+08,0.5,27,6.31441e-10,0.53432,1.75005e-06,2.09128e-06,83.6829,-26.7959,0.00615089,637.829,17091.2,31986.8,17.3468
23,21,1221,1.12459e-05,7.98252e-07,1.43191e-05,7.60863e-07,7,3,197185,9.2e+08,0.5,27,1.33974e-09,0.577718,1.66706e-06,2.21318e-06,75.3245,-26.5498,0.00279489,620.752,16480.9,28527.5,936.159
23,22,1222,6.39284e-06,5.15562e-07,1.31761e-05,6.8808e-07,5,2,130699,9.2e+08,0.5,27,9.24724e-10,0.554548,2.3179e-06,2.91085e-06,79.6295,-25.3598,0.00345449,629.911,15974.4,28806.2,288.428
23,23,1223,2.31581e-06,7.46793e-07,1.40156e-05,6.38154e-07,3,2,354992,9.2e+08,0.5,27,7.21347e-10,0.601401,1.00326e-06,1.27999e-06,78.3802,-28.9279,0.0054856,672.414,19451.6,32343.7,438.213
23,24,1224,3.76776e-06,8.08907e-07,9.84104e-06,6.48207e-07,5,3,191417,9.2e+08,0.5,27,1.11885e-09,0.659635,2.24433e-06,3.3294e-06,67.4096,-24.7763,0.00471994,634.295,15715.5,23824.6,3094.24
23,25,1225,9.58779e-06,6.37106e-07,1.41529e-05,2.18939e-07,7,2,468782,9.2e+08,0.5,27,1.11841e-09,0.612672,7.92068e-07,2.04866e-06,38.6627,-26.8853,0.00365812,337.899,9084.5,14827.7,21471.5
23,26,1226,3.83351e-06,7.88492e-07,1.42383e-05,4.49647e-07,5,3,68280.1,9.2e+08,0.5,27,1.11885e-09,0.61308,5.41491e-06,7.06252e-06,76.671,-21.5104,0.00715578,670.525,14423.3,23525.9,693.719
23,27,1227,9.68781e-06,7.77871e-07,1.40764e-05,6.43046e-07,5,2,174537,9.2e+08,0.5,27,9.33175e-10,0.529278,1.57932e-06,1.93968e-06,81.4216,-27.1227,0.00282645,614.737,16673.3,31502,128.05
23,28,1228,3.22135e-06,8.10084e-07,1.37448e-05,9.73838e-07,8,2,168089,9.2e+08,0.5,27,1.23199e-09,0.516022,1.53728e-06,1.9376e-06,79.3394,-27.1274,0.0018734,584.014,15842.8,30701.7,320.425
23,29,1229,9.35589e-06,7.76023e-07,1.59177e-05,3.1525e-07,4,2,179681,9.2e+08,0.5,27,8.24557e-10,0.571362,1.79388e-06,2.36423e-06,75.8761,-26.2631,0.00486456,618.419,16241.6,28426.1,832.46
23,30,1230,3.22135e-06,8.10084e-07,1.37448e-05,9.73838e-07,8,2,214135,9.2e+08,0.5,27,1.23199e-09,0.53172,1.28187e-06,1.58971e-06,80.6354,-27.9868,0.00183502,611.61,17117,32191.8,190.501
23,31,1231,3.55678e-06,8.09704e-07,1.44597e-05,8.02843e-07,5,2,160416,9.2e+08,0.5,27,9.28978e-10,0.532911,1.73719e-06,2.1274e-06,81.6579,-26.7215,0.00307298,620.753,16587.5,31126.2,111.697
23,32,1232,9.37885e-06,7.12584e-07,1.52843e-05,6.84763e-07,3,3,221682,9.2e+08,0.5,27,9.34299e-10,0.600703,1.60914e-06,2.28096e-06,70.5466,-26.4188,0.00632986,604.508,15970.4,26586.2,2089.01
23,33,1233,3.14933e-06,7.55163e-07,1.36695e-05,8.25414e-07,4,4,387437,9.2e+08,0.5,27,1.22732e-09,0.677971,1.16332e-06,1.99394e-06,58.343,-27.0029,0.00881322,564.243,15236.2,22473.2,7105.96
23,34,1234,7.14363e-06,8.37018e-07,1.48377e-05,7.41685e-07,9,2,374404,9.2e+08,0.5,27,1.33397e-09,0.550732,7.91229e-07,1.22887e-06,64.3865,-29.1049,0.00147769,505.826,14722,26731.8,4249.15
23,35,1235,7.86828e-06,7.82075e-07,1.14193e-05,7.89657e-07,4,2,174187,9.2e+08,0.5,27,8.30342e-10,0.537056,1.62826e-06,2.07755e-06,78.3739,-26.8245,0.00340699,600.423,16106,29989.5,439.058
23,36,1236,9.11386e-06,1.83331e-07,1.34809e-05,7.35568e-07,7,2,189311,9.2e+08,0.5,27,1.12317e-09,0.56627,1.66256e-06,3.34051e-06,49.7697,-24.7619,0.00340903,402.026,9954.92,17579.8,12411.8
23,37,1237,4.50729e-06,7.88188e-07,1.38745e-05,7.40243e-07,7,2,222150,9.2e+08,0.5,27,1.12765e-09,0.560431,1.38625e-06,1.82015e-06,76.1615,-27.3989,0.00256966,608.87,16682.4,29767,781.184
23,38,1238,9.41176e-06,3.62364e-07,1.48999e-05,7.7083e-07,4,2,190427,9.2e+08,0.5,27,8.29791e-10,0.539978,1.50644e-06,2.20295e-06,68.3826,-26.57,0.00396144,526.731,13995.2,25918.1,2761.37
23,39,1239,7.8225e-06,2.63535e-07,1.38587e-05,2.3889e-07,6,2,164915,9.2e+08,0.5,27,1.01074e-09,0.641539,2.46317e-06,5.11224e-06,48.1817,-22.9139,0.00661242,440.932,10103.5,15748.8,13555.9
23,40,1240,6.37923e-06,7.7689e-07,5.38464e-06,7.08488e-07,6,3,173436,9.2e+08,0.5,27,1.21754e-09,0.650386,2.40099e-06,4.11911e-06,58.289,-23.852,0.00294283,540.784,12898.8,19832.5,7134.8
23,41,1241,8.378e-06,6.95789e-07,1.44076e-05,6.91025e-07,8,2,283382,9.2e+08,0.5,27,1.23157e-09,0.551409,1.05232e-06,1.48828e-06,70.7067,-28.2731,0.0017834,556.161,15724.4,28516.8,2042.99
23,42,1242,8.02492e-06,7.99044e-07,1.47495e-05,6.97876e-07,7,2,230678,9.2e+08,0.5,27,1.13341e-09,0.538738,1.23438e-06,1.58071e-06,78.0899,-28.0115,0.00200358,600.12,16810.3,31203,477.501
23,43,1243,6.27893e-06,8.37748e-07,1.45939e-05,7.30311e-07,4,4,179870,9.2e+08,0.5,27,1.23184e-09,0.645123,2.28176e-06,3.31045e-06,68.926,-24.8011,0.00732135,634.296,15731.3,24384.9,2583.73
23,44,1244,6.71568e-06,7.16312e-07,1.38289e-05,7.94997e-07,6,3,262422,9.2e+08,0.5,27,1.23161e-09,0.614866,1.42034e-06,2.0934e-06,67.8487,-26.7915,0.00392372,595.098,15943.6,25930.1,2941.67
23,45,1245,4.72271e-06,7.85932e-07,1.07443e-05,5.81626e-07,6,2,196346,9.2e+08,0.5,27,1.01992e-09,0.600094,1.80872e-06,2.40224e-06,75.2931,-26.1938,0.00292554,644.526,16882.6,28133.3,942.244
23,46,1246,6.64797e-06,7.40034e-07,1.44905e-05,6.51581e-07,5,2,152268,9.2e+08,0.5,27,9.28723e-10,0.542371,1.90203e-06,2.42163e-06,78.5434,-26.1589,0.00317092,607.677,15896.2,29308.7,416.874
23,47,1247,7.54402e-06,6.73037e-07,1.52681e-05,7.18024e-07,2,2,234550,9.2e+08,0.5,27,6.32081e-10,0.544978,1.24875e-06,1.51162e-06,82.6103,-28.2056,0.00565335,642.213,18114,33238,57.108
23,48,1248,5.32028e-06,7.06957e-07,1.43896e-05,6.74134e-07,6,2,92370.5,9.2e+08,0.5,27,1.02692e-09,0.517907,2.85158e-06,3.5227e-06,80.9488,-24.5312,0.00323399,598.038,14670.6,28326.7,164.123
23,49,1249,1.08417e-05,7.82255e-07,1.16515e-05,8.40902e-07,6,2,206502,9.2e+08,0.5,27,1.03656e-09,0.515292,1.25608e-06,1.65252e-06,76.01,-27.8185,0.00207712,558.715,15542.6,30162.7,808.203
24,0,1250,1.00349e-05,7.79183e-07,1.37892e-05,6.00881e-07,5,2,128111,9.2e+08,0.5,27,9.32209e-10,0.519648,2.07355e-06,2.34613e-06,88.3817,-26.2965,0.00302957,655.146,17228,33153.3,0
24,1,1251,1.08173e-05,8.04578e-07,1.43921e-05,8.14736e-07,5,2,49651,9.2e+08,0.5,27,9.40858e-10,0.34388,2.31247e-06,3.75461e-06,61.5902,-24.2543,0.00465919,302.124,7327.81,21309.2,5480.4
24,2,1252,8.06915e-06,7.34867e-07,1.50638e-05,6.58951e-07,2,5,123426,9.2e+08,0.5,27,1.23171e-09,0.66602,3.53284e-06,5.43422e-06,65.0109,-22.6486,0.0139214,617.645,13988.8,21003.6,3995.66
24,3,1253,3.79054e-06,7.78287e-07,1.38361e-05,7.44207e-07,5,2,310941,9.2e+08,0.5,27,9.26494e-10,0.576527,1.05233e-06,1.40755e-06,74.7632,-28.5154,0.00299353,614.856,17532.8,30411.2,1047.93
24,4,1254,5.54648e-06,8.00441e-07,1.66059e-05,7.23839e-07,7,5,194872,9.2e+08,0.5,27,1.73292e-09,0.670866,2.2757e-06,3.76087e-06,60.51,-24.2471,0.0059342,579.067,14040.7,20929.2,5997.62
24,5,1255,1.32842e-05,7.27741e-07,8.42871e-06,7.0157e-07,5,5,138461,9.2e+08,0.5,27,1.53116e-09,0.656358,3.0727e-06,6.06427e-06,50.669,-22.1722,0.00503622,474.405,10518.6,16025.7,11786.2
24,6,1256,9.35589e-06,2.14382e-07,1.59177e-05,2.10359e-07,4,2,179681,9.2e+08,0.5,27,8.10708e-10,0.630781,2.17394e-06,4.94854e-06,43.9309,-23.0552,0.0103181,395.289,9113.48,14447.9,16866.7
24,7,1257,1.58371e-05,2.1915e-07,8.77082e-06,6.17857e-07,5,2,213193,9.2e+08,0.5,27,9.1778e-10,0.571126,1.50311e-06,3.83061e-06,39.2395,-24.1673,0.00431593,319.684,7725.92,13527.5,20940.2
24,8,1258,9.56761e-06,7.79149e-07,1.4608e-05,6.12384e-07,5,2,126998,9.2e+08,0.5,27,9.32801e-10,0.516465,2.06563e-06,2.295e-06,90.0053,-26.3922,0.00304448,663.095,17500.5,33885.2,0
24,9,1259,3.83131e-06,8.34542e-07,8.73211e-06,5.56399e-07,7,2,348379,9.2e+08,0.5,27,1.11611e-09,0.640799,1.16168e-06,1.92306e-06,60.4077,-27.1601,0.00243406,552.18,14997.3,23404,6047.79
24,10,1260,1.06857e-05,3.73699e-07,1.48485e-05,3.69584e-07,6,3,195170,9.2e+08,0.5,27,1.21896e-09,0.650995,2.14639e-06,5.10422e-06,42.0513,-22.9207,0.0059946,390.502,8950.58,13749.1,18445.9
24,11,1261,4.15966e-06,8.33091e-07,1.44897e-05,7.8732e-07,6,4,179503,9.2e+08,0.5,27,1.42975e-09,0.648136,2.30386e-06,3.23729e-06,71.1663,-24.8982,0.00550843,657.971,16382.3,25276,1913.72
24,12,1262,8.00283e-06,7.69146e-07,1.42402e-05,6.15291e-07,7,2,273722,9.2e+08,0.5,27,1.12983e-09,0.558484,1.12137e-06,1.65991e-06,67.556,-27.7992,0.00198922,538.197,14961.4,26789.3,3042.93
24,13,1263,1.4816e-06,7.98975e-07,1.29854e-05,7.64354e-07,7,2,107696,9.2e+08,0.5,27,1.12222e-09,0.49703,2.22712e-06,3.14391e-06,70.8392,-25.0253,0.00271355,502.253,12569,25288.3,2005.29
24,14,1264,1.01845e-05,7.65625e-07,1.39811e-05,7.37604e-07,5,2,324539,9.2e+08,0.5,27,9.3622e-10,0.537418,8.75072e-07,1.21362e-06,72.104,-29.1592,0.00238663,552.761,16118,29991.6,1663.08
24,15,1265,8.82487e-06,7.23338e-07,1.79636e-05,6.91581e-07,6,2,477249,9.2e+08,0.5,27,1.03761e-09,0.537966,5.96145e-07,8.66113e-07,68.8299,-30.6243,0.00196106,528.2,16175.7,30068.3,2614.71
24,16,1266,3.0079e-06,4.68103e-07,1.37448e-05,9.73838e-07,8,2,168089,9.2e+08,0.5,27,1.22959e-09,0.5359,1.66444e-06,2.132e-06,78.0695,-26.7121,0.0020367,596.804,15941.9,29747.9,480.317
24,17,1267,8.63169e-06,7.30806e-07,1.22595e-05,8.29009e-07,6,2,215150,9.2e+08,0.5,27,1.03294e-09,0.534644,1.30142e-06,1.73165e-06,75.1552,-27.6154,0.00225935,573.178,15828.5,29605.8,969.206
24,18,1268,7.43371e-06,2.25534e-07,1.44941e-05,7.99272e-07,4,1,215411,9.2e+08,0.5,27,6.26523e-10,0.398641,7.08394e-07,1.00553e-06,70.45,-29.9761,0.00273452,400.617,12008.9,30124.6,2117.12
24,19,1269,1.00349e-05,2.6322e-07,1.37892e-05,6.00881e-07,5,4,128111,9.2e+08,0.5,27,1.32185e-09,0.666423,3.41953e-06,8.12849e-06,42.0684,-20.8999,0.00800232,399.919,8358.28,12542,18431.2
24,20,1270,8.63437e-06,7.71458e-07,1.42766e-05,6.36977e-07,5,2,234170,9.2e+08,0.5,27,9.3151e-10,0.547223,1.26016e-06,1.7627e-06,71.4903,-27.5382,0.0026865,558.055,15367.9,28083.4,1825.13
24,21,1271,8.50632e-06,7.76699e-07,9.99205e-06,9.03818e-07,3,2,305898,9.2e+08,0.5,27,7.31276e-10,0.554046,9.87992e-07,1.35519e-06,72.9043,-28.68,0.00373428,576.189,16525.1,29826.2,1463.07
24,22,1272,1.00349e-05,7.79183e-07,1.37892e-05,6.00881e-07,5,2,128111,9.2e+08,0.5,27,9.32209e-10,0.519648,2.07355e-06,2.34613e-06,88.3817,-26.2965,0.00302957,655.146,17228,33153.3,0
24,23,1273,6.68111e-06,7.74969e-07,1.2794e-05,7.75035e-07,3,2,314924,9.2e+08,0.5,27,7.30187e-10,0.563109,9.93956e-07,1.2236e-06,81.232,-29.1236,0.00396853,652.508,19003.4,33747.2,141.979
24,24,1274,2.9637e-06,7.39398e-07,1.47811e-05,6.31555e-07,3,2,277361,9.2e+08,0.5,27,7.23053e-10,0.586056,1.22182e-06,1.69889e-06,71.9189,-27.6984,0.00500837,601.242,16653.4,28416,1711.14
24,25,1275,9.19863e-06,5.11913e-07,1.71368e-05,5.48742e-07,8,2,135723,9.2e+08,0.5,27,1.22823e-09,0.537908,2.09775e-06,2.62749e-06,79.8387,-25.8046,0.00232936,612.615,15808.3,29388.4,266.393
24,26,1276,4.82171e-06,7.7307e-07,1.39086e-05,7.17937e-07,9,2,264730,9.2e+08,0.5,27,1.32743e-09,0.568147,1.19355e-06,1.5551e-06,76.7507,-28.0824,0.00171503,622.027,17468,30745.6,680.512
24,27,1277,2.71122e-06,8.0835e-07,5.45141e-06,6.44118e-07,6,2,271701,9.2e+08,0.5,27,1.01141e-09,0.664832,1.60099e-06,2.50875e-06,63.8163,-26.0054,0.00257955,605.215,15738.9,23673.5,4487.5
24,28,1278,5.32028e-06,8.47671e-07,1.43896e-05,6.74134e-07,6,2,92370.5,9.2e+08,0.5,27,1.02842e-09,0.50699,2.72917e-06,3.3861e-06,80.5993,-24.703,0.00320516,582.904,14399.5,28401.9,193.662
24,29,1279,6.31085e-06,7.86656e-07,1.08937e-05,7.44003e-07,8,2,95083.5,9.2e+08,0.5,27,1.22614e-09,0.515917,2.73735e-06,3.62685e-06,75.4747,-24.4047,0.00228664,555.453,13555.7,26274.9,907.318
24,30,1280,6.29537e-06,6.51814e-07,1.6912e-05,7.40413e-07,6,3,261757,9.2e+08,0.5,27,1.23325e-09,0.607835,1.39266e-06,1.96367e-06,70.921,-27.0693,0.00409964,614.932,16645.8,27385.3,1982.19
24,31,1281,8.55054e-06,9.02351e-07,1.51864e-05,6.33403e-07,4,2,164077,9.2e+08,0.5,27,8.34669e-10,0.521814,1.63335e-06,1.89009e-06,86.4166,-27.2352,0.00336034,643.249,17519,33573.3,0
24,32,1282,8.89339e-06,7.36815e-07,1.35396e-05,3.39366e-07,7,4,179382,9.2e+08,0.5,27,1.5223e-09,0.682521,2.56617e-06,5.32164e-06,48.2214,-22.7395,0.00587467,469.485,10675.9,15641.8,13526.7
24,33,1283,9.26304e-06,7.96866e-07,1.60709e-05,7.25389e-07,4,2,178826,9.2e+08,0.5,27,8.38078e-10,0.509662,1.42742e-06,1.62597e-06,87.7888,-27.8889,0.00319917,638.245,17799.9,34925,0
24,34,1284,9.35589e-06,7.76023e-07,1.59177e-05,3.1525e-07,4,2,179681,9.2e+08,0.5,27,8.24557e-10,0.571362,1.79388e-06,2.36423e-06,75.8761,-26.2631,0.00486456,618.419,16241.6,28426.1,832.46
24,35,1285,6.22955e-06,9.13361e-07,1.45797e-05,7.31068e-07,5,1,192383,9.2e+08,0.5,27,7.32697e-10,0.353234,6.15321e-07,9.10763e-07,67.5611,-30.4059,0.00212211,340.428,10351,29303.6,3041.33
24,36,1286,6.62215e-06,6.98506e-07,1.24681e-05,6.97378e-07,7,2,154531,9.2e+08,0.5,27,1.12664e-09,0.551737,1.93493e-06,2.525e-06,76.631,-25.9774,0.00237911,603.119,15667.4,28396.6,700.396
24,37,1287,1.39258e-05,7.49518e-07,1.28482e-05,7.04092e-07,6,2,257118,9.2e+08,0.5,27,1.03897e-09,0.516687,1.01689e-06,1.4422e-06,70.5095,-28.4097,0.00199453,519.686,14764.2,28574.7,2099.74
24,38,1288,9.51733e-06,7.09231e-07,1.9626e-05,6.92095e-07,5,2,131487,9.2e+08,0.5,27,9.40666e-10,0.48244,1.7348e-06,2.15188e-06,80.618,-26.6718,0.0028998,554.806,14797.7,30672.6,192.02
24,39,1289,3.38081e-06,8.09721e-07,1.28165e-05,6.35501e-07,7,2,165383,9.2e+08,0.5,27,1.12176e-09,0.574984,1.96307e-06,2.59203e-06,75.7351,-25.8636,0.00282044,621.182,16066,27941.7,858.38
24,40,1290,7.86828e-06,7.82075e-07,1.14193e-05,7.89657e-07,4,2,174187,9.2e+08,0.5,27,8.30342e-10,0.537056,1.62826e-06,2.07755e-06,78.3739,-26.8245,0.00340699,600.423,16106,29989.5,439.058
24,41,1291,1.03833e-05,7.77459e-07,1.37101e-05,8.29834e-07,5,3,350047,9.2e+08,0.5,27,1.1389e-09,0.595648,9.99309e-07,1.4887e-06,67.1262,-28.2719,0.00401058,570.359,16125.1,27071.6,3194.74
24,42,1292,7.07343e-06,6.85679e-07,1.29739e-05,2.45088e-07,10,3,244862,9.2e+08,0.5,27,1.61606e-09,0.680341,1.8678e-06,4.53694e-06,41.1687,-23.4324,0.00454341,399.54,9362.17,13761,19211.8
24,43,1293,5.4891e-06,7.07719e-07,1.80995e-05,1.96915e-07,6,4,127708,9.2e+08,0.5,27,1.4149e-09,0.703613,3.78437e-06,7.75353e-06,48.8083,-21.105,0.0139316,489.885,10339,14694.2,13098.4
24,44,1294,5.97663e-06,8.16824e-07,1.39276e-05,7.35404e-07,4,4,414527,9.2e+08,0.5,27,1.23025e-09,0.668424,1.06076e-06,2.2265e-06,47.6424,-26.5238,0.00804894,454.267,12048.9,18025.8,13955.9
24,45,1295,4.59596e-06,8.0706e-07,1.35574e-05,9.05906e-07,6,2,171508,9.2e+08,0.5,27,1.03198e-09,0.524792,1.57055e-06,1.95447e-06,80.3566,-27.0897,0.00240697,601.554,16295.9,31052.2,215.613
24,46,1296,9.04006e-06,7.4021e-07,1.35082e-05,6.45726e-07,8,2,249373,9.2e+08,0.5,27,1.23083e-09,0.551375,1.19651e-06,1.70187e-06,70.3056,-27.6907,0.00179471,552.972,15312.2,27771,2159.25
24,47,1297,8.5353e-06,8.07164e-07,8.1515e-06,8.60643e-07,7,2,178270,9.2e+08,0.5,27,1.12781e-09,0.538834,1.58796e-06,2.0626e-06,76.9886,-26.8559,0.00186128,591.762,15892.3,29493.9,641.829
24,48,1298,7.31621e-06,7.37465e-07,3.99386e-06,5.01712e-07,5,2,108952,9.2e+08,0.5,27,9.14798e-10,0.580277,3.04012e-06,4.6834e-06,64.9126,-23.2944,0.00301419,537.318,12516.5,21569.8,4035.02
24,49,1299,9.17179e-06,7.72937e-07,8.25112e-06,8.50864e-07,10,2,164746,9.2e+08,0.5,27,1.42822e-09,0.530702,1.65319e-06,2.23951e-06,73.8193,-26.4985,0.00136592,558.839,14808.4,27903.4,1250.07
25,0,1300,1.00349e-05,7.79183e-07,1.37892e-05,6.00881e-07,5,2,128111,9.2e+08,0.5,27,9.32209e-10,0.519648,2.07355e-06,2.34613e-06,88.3817,-26.2965,0.00302957,655.146,17228,33153.3,0
25,1,1301,7.45602e-06,7.56799e-07,1.32779e-05,6.58298e-07,3,3,269093,9.2e+08,0.5,27,9.28767e-10,0.627274,1.44466e-06,2.27226e-06,63.5781,-26.4354,0.0068583,568.893,15038.9,23975.1,4589
25,2,1302,8.00391e-06,6.87254e-07,1.39675e-05,6.6362e-07,4,2,189855,9.2e+08,0.5,27,8.2954e-10,0.548021,1.5596e-06,2.01711e-06,77.3188,-26.9527,0.00354847,604.434,16291.1,29727.2,590.012
25,3,1303,3.09728e-06,6.83109e-07,1.32585e-05,8.1843e-07,8,2,166046,9.2e+08,0.5,27,1.22593e-09,0.55067,1.78476e-06,2.30546e-06,77.4144,-26.3724,0.00218335,608.107,16037.3,29123.1,575.411
25,4,1304,5.8978e-06,8.31839e-07,1.37067e-05,5.6478e-07,6,2,188960,9.2e+08,0.5,27,1.02529e-09,0.568896,1.68806e-06,2.10404e-06,80.2295,-26.7695,0.00278688,651.079,17429,30636.6,227.573
25,5,1305,6.49191e-06,7.93439e-07,1.42061e-05,8.55587e-07,5,2,443343,9.2e+08,0.5,27,9.34611e-10,0.553534,6.792e-07,9.77521e-07,69.4819,-30.0987,0.00240121,548.634,16513.2,29832.3,2408.12
25,6,1306,6.8495e-06,7.5834e-07,1.30104e-05,6.36971e-07,7,4,268340,9.2e+08,0.5,27,1.52696e-09,0.670769,1.65632e-06,3.27698e-06,50.5441,-24.8453,0.00445156,483.626,12015.8,17913.5,11872.1
25,7,1307,1.00349e-05,7.79183e-07,1.37892e-05,5.57148e-07,5,2,128111,9.2e+08,0.5,27,9.31003e-10,0.526251,2.12803e-06,2.6919e-06,79.0531,-25.6994,0.0032618,593.441,15251.1,28980.7,353.659
25,8,1308,6.66268e-06,7.6563e-07,9.89735e-06,7.37755e-07,7,4,107102,9.2e+08,0.5,27,1.52481e-09,0.643279,3.81024e-06,5.6758e-06,67.1313,-22.4597,0.00402337,616.014,13835.5,21507.8,3192.89
25,9,1309,9.1125e-06,7.3932e-07,1.43035e-05,9.41166e-07,6,3,147128,9.2e+08,0.5,27,1.2404e-09,0.559645,2.09185e-06,2.7808e-06,75.2249,-25.5583,0.00334989,600.539,15348.7,27425.8,955.52
25,10,1310,7.94485e-06,7.80803e-07,1.30483e-05,6.2685e-07,5,2,211809,9.2e+08,0.5,27,9.28765e-10,0.556633,1.44204e-06,1.92015e-06,75.1006,-27.1667,0.00297338,596.319,16200,29103.6,979.972
25,11,1311,7.86952e-06,6.5892e-07,1.16577e-05,7.75731e-07,4,2,428139,9.2e+08,0.5,27,8.28457e-10,0.576002,7.64594e-07,1.21371e-06,62.9964,-29.1588,0.00322734,517.614,15093,26203.1,4841.57
25,12,1312,7.04066e-06,7.73836e-07,1.30125e-05,6.69083e-07,3,3,213992,9.2e+08,0.5,27,9.2831e-10,0.623586,1.79583e-06,2.60661e-06,68.8953,-25.8392,0.00672493,612.847,15835.5,25394.3,2593.61
25,13,1313,9.16338e-06,8.38725e-07,9.1979e-06,8.01614e-07,8,2,164496,9.2e+08,0.5,27,1.23012e-09,0.528696,1.65522e-06,2.08376e-06,79.4345,-26.8115,0.00167021,599.076,16062.1,30380.7,309.745
25,14,1314,7.64089e-06,7.80396e-07,1.98854e-05,7.46944e-07,4,2,301080,9.2e+08,0.5,27,8.41632e-10,0.514946,8.65794e-07,1.00957e-06,85.7591,-29.9587,0.00281921,629.953,18872.6,36649.6,1.08067e-13
25,15,1315,2.79158e-06,7.76737e-07,1.45915e-05,2.96658e-07,3,2,295741,9.2e+08,0.5,27,7.12994e-10,0.642064,1.36816e-06,2.40679e-06,56.846,-26.1856,0.00907842,520.648,13633.5,21233.9,7926.47
25,16,1316,9.21827e-06,7.51222e-07,1.48901e-05,7.13945e-07,3,3,214300,9.2e+08,0.5,27,9.35111e-10,0.597479,1.64671e-06,2.22573e-06,73.9851,-26.5253,0.00608398,630.57,16726,27994.3,1213.29
25,17,1317,1.66747e-05,8.38413e-07,1.29629e-05,7.73525e-07,5,2,273981,9.2e+08,0.5,27,9.48015e-10,0.487324,8.45973e-07,1.21068e-06,69.8756,-29.1697,0.00195213,485.746,14169.1,29075.2,2287.49
25,18,1318,3.43094e-06,7.08647e-07,1.15482e-05,6.33262e-07,8,2,239283,9.2e+08,0.5,27,1.21949e-09,0.606538,1.51148e-06,2.06186e-06,73.3066,-26.8574,0.00225481,634.259,17034.6,28084.9,1367.36
25,19,1319,1.94614e-06,4.86785e-07,1.43518e-05,9.19373e-07,7,2,171590,9.2e+08,0.5,27,1.12828e-09,0.536285,1.63499e-06,2.06124e-06,79.3206,-26.8587,0.0023229,606.803,16298,30390.5,322.553
25,20,1320,1.15186e-05,6.64224e-07,8.59359e-06,9.71086e-07,7,2,174543,9.2e+08,0.5,27,1.13199e-09,0.504511,1.41233e-06,2.04956e-06,68.9093,-26.8834,0.00191625,495.924,13332.1,26425.8,2589.1
25,21,1321,5.82869e-06,7.09079e-07,1.4082e-05,2.39569e-07,9,5,368122,9.2e+08,0.5,27,1.91501e-09,0.74174,1.47159e-06,6.17636e-06,23.8262,-22.0927,0.00812654,252.1,5569.56,7508.78,37422.3
25,22,1322,1.07084e-05,2.53933e-07,1.33542e-05,6.97458e-07,6,5,92804,9.2e+08,0.5,27,1.62407e-09,0.671123,4.78431e-06,1.11281e-05,42.9932,-19.5358,0.00751887,411.593,8040.8,11981.1,17645.7
25,23,1323,6.93763e-06,8.04017e-07,1.62183e-05,7.23936e-07,7,5,161463,9.2e+08,0.5,27,1.73464e-09,0.661615,2.67454e-06,4.33964e-06,61.6306,-23.6255,0.00556354,581.658,13741.9,20770.3,5461.3
25,24,1324,9.4574e-06,6.61688e-07,1.49378e-05,2.03112e-07,4,3,147026,9.2e+08,0.5,27,1.01858e-09,0.660657,2.90863e-06,5.44156e-06,53.4522,-22.6428,0.0118854,503.741,11406.1,17264.8,9952.66
25,25,1325,1.88807e-06,7.70697e-07,1.32125e-05,9.45494e-07,7,2,140419,9.2e+08,0.5,27,1.12789e-09,0.505382,1.76501e-06,2.21217e-06,79.7864,-26.5518,0.00231738,575.194,15272.5,30219.6,271.816
25,26,1326,7.96286e-06,3.10964e-07,1.33633e-05,5.96946e-07,4,5,152449,9.2e+08,0.5,27,1.42091e-09,0.705417,3.21953e-06,8.32648e-06,38.6662,-20.7954,0.0100111,389.084,8091.16,11470,21468.2
25,27,1327,4.58021e-06,7.90598e-07,6.56869e-06,8.31787e-07,8,4,180385,9.2e+08,0.5,27,1.61817e-09,0.682339,2.53723e-06,4.3465e-06,58.374,-23.6186,0.00280954,568.18,13419.6,19667.1,7089.44
25,28,1328,8.04319e-06,7.7587e-07,1.36578e-05,7.89183e-07,4,3,339602,9.2e+08,0.5,27,1.03404e-09,0.612565,1.09012e-06,1.66512e-06,65.4679,-27.7855,0.00525456,572.067,15895.2,25948.6,3815.04
25,29,1329,1.98797e-05,4.90073e-07,1.10772e-05,8.75487e-07,6,2,177602,9.2e+08,0.5,27,1.03888e-09,0.466513,1.18705e-06,1.90023e-06,62.4689,-27.2119,0.00239131,415.714,11312.4,24248.8,5076.49
25,30,1330,9.26169e-06,9.42161e-07,1.28733e-06,6.44753e-07,8,2,440442,9.2e+08,0.5,27,1.21911e-09,0.56502,6.73283e-07,1.73306e-06,38.8495,-27.6119,0.000526182,313.123,8645.91,15302,21298.7
25,31,1331,6.83226e-06,7.79221e-07,1.37317e-05,6.66792e-07,7,2,338314,9.2e+08,0.5,27,1.12896e-09,0.568924,9.40811e-07,1.26209e-06,74.5437,-28.9891,0.00207683,604.967,17537.4,30825.6,1093.34
25,32,1332,6.89261e-06,7.62932e-07,9.48845e-06,5.60955e-07,6,2,168980,9.2e+08,0.5,27,1.02116e-09,0.588367,2.02e-06,2.76416e-06,73.0782,-25.5844,0.00274413,613.342,15692,26670.4,1421.28
25,33,1333,1.78272e-06,7.6955e-07,1.42837e-05,7.62845e-07,5,3,269625,9.2e+08,0.5,27,1.12454e-09,0.632763,1.45361e-06,1.87165e-06,77.6646,-27.2777,0.00558821,701.02,19122.2,30220.2,538.077
25,34,1334,8.40897e-06,7.78492e-07,1.13877e-05,3.6557e-07,7,2,462555,9.2e+08,0.5,27,1.12142e-09,0.609152,7.9321e-07,1.59731e-06,49.659,-27.9661,0.00248557,431.509,12067.6,19810.5,12489.9
25,35,1335,9.5278e-06,7.74966e-07,1.45206e-05,6.92772e-07,6,2,123645,9.2e+08,0.5,27,1.03489e-09,0.501736,1.99546e-06,2.45e-06,81.4474,-26.1083,0.00267932,582.933,15219.4,30333.5,126.21
25,36,1336,1.28037e-05,9.02351e-07,1.51864e-05,6.33403e-07,4,2,164077,9.2e+08,0.5,27,8.42345e-10,0.491928,1.44829e-06,1.85024e-06,78.2758,-27.3277,0.00301062,549.282,15010.6,30513.8,452.153
25,37,1337,5.82827e-06,7.81426e-07,1.34943e-05,6.69019e-07,9,2,357022,9.2e+08,0.5,27,1.32716e-09,0.578208,9.18207e-07,1.26938e-06,72.335,-28.9641,0.001698,596.622,17280.6,29886.5,1604.01
25,38,1338,8.71339e-06,7.48368e-07,1.29086e-05,7.41185e-07,6,2,86295.2,9.2e+08,0.5,27,1.03218e-09,0.480359,2.616e-06,3.24044e-06,80.7299,-24.894,0.00303552,553.18,13770.8,28667.8,182.34
25,39,1339,7.86828e-06,7.82075e-07,8.52239e-06,2.7075e-07,4,4,174187,9.2e+08,0.5,27,1.21692e-09,0.713784,2.87866e-06,6.01808e-06,47.8336,-22.2054,0.0097334,487.042,10815,15151.6,13813.4
25,40,1340,8.25187e-06,7.81543e-07,1.28926e-05,7.34974e-07,5,2,77850.3,9.2e+08,0.5,27,9.3185e-10,0.471743,2.79805e-06,3.62838e-06,77.1156,-24.4029,0.00382216,518.936,12663.5,26844.1,621.651
25,41,1341,8.55054e-06,9.02351e-07,9.27635e-06,6.33403e-07,4,2,164077,9.2e+08,0.5,27,8.27183e-10,0.553043,1.83679e-06,2.3981e-06,76.5934,-26.2013,0.00340052,604.25,15832.1,28627.3,706.716
25,42,1342,8.62898e-06,8.65125e-07,1.41482e-05,7.66158e-07,8,2,290826,9.2e+08,0.5,27,1.23661e-09,0.534418,9.5888e-07,1.29303e-06,74.1575,-28.8839,0.00160812,565.33,16329,30554.6,1175.6
25,43,1343,1.85429e-05,7.7951e-07,1.25522e-05,5.67218e-07,4,2,160468,9.2e+08,0.5,27,8.43148e-10,0.480868,1.4147e-06,1.89816e-06,74.53,-27.2167,0.00283895,511.239,13914.2,28935.6,1096.21
25,44,1344,3.30134e-06,7.60743e-07,1.19645e-05,6.98627e-07,2,2,134831,9.2e+08,0.5,27,6.2174e-10,0.565014,2.32927e-06,2.89451e-06,80.4722,-25.3843,0.00750928,648.591,16464,29139.1,205.012
25,45,1345,8.92894e-06,7.84022e-07,1.20164e-05,6.53026e-07,6,2,155426,9.2e+08,0.5,27,1.02969e-09,0.538189,1.83202e-06,2.42415e-06,75.5737,-26.1544,0.00249957,580.192,15174.6,28195.6,888.557
25,46,1346,8.96594e-06,7.55853e-07,1.26532e-05,6.23704e-07,6,2,118627,9.2e+08,0.5,27,1.02934e-09,0.526213,2.29442e-06,2.95373e-06,77.6787,-25.2963,0.00276601,583.082,14749.8,28030.1,536.019
25,47,1347,3.10596e-06,8.43337e-07,1.43486e-05,7.79333e-07,7,2,118183,9.2e+08,0.5,27,1.1276e-09,0.512893,2.17449e-06,2.8047e-06,77.5304,-25.5211,0.00248339,567.238,14476.6,28225.3,557.945
25,48,1348,7.43371e-06,5.96737e-07,1.44941e-05,7.99272e-07,4,1,215411,9.2e+08,0.5,27,6.32041e-10,0.362689,5.82455e-07,8.48238e-07,68.6665,-30.7148,0.00257646,355.26,10911.7,30085.6,2667.98
25,49,1349,7.5866e-06,7.64893e-07,1.47055e-05,7.38199e-07,6,2,250603,9.2e+08,0.5,27,1.03332e-09,0.541821,1.15066e-06,1.42972e-06,80.4814,-28.4475,0.00220524,622.039,17695.4,32659.2,204.179
26,0,1350,1.00349e-05,7.79183e-07,1.37892e-05,6.00881e-07,5,2,128111,9.2e+08,0.5,27,9.32209e-10,0.519648,2.07355e-06,2.34613e-06,88.3817,-26.2965,0.00302957,655.146,17228,33153.3,0
26,1,1351,2.04141e-06,5.71399e-07,1.40637e-05,8.8323e-07,8,2,167849,9.2e+08,0.5,27,1.22718e-09,0.537935,1.67869e-06,2.15108e-06,78.0391,-26.6734,0.00207536,598.837,15973,29693.2,484.536
26,2,1352,8.75422e-06,7.54959e-07,1.23151e-05,6.5521e-07,6,2,149341,9.2e+08,0.5,27,1.02936e-09,0.537783,1.9039e-06,2.43575e-06,78.1649,-26.1337,0.00257024,599.632,15670.6,29139.2,467.192
26,3,1353,6.28018e-06,7.76148e-07,5.79381e-06,9.79106e-07,5,2,164071,9.2e+08,0.5,27,9.21094e-10,0.54964,1.79832e-06,2.5816e-06,69.6591,-25.8811,0.00260015,546.163,14135.3,25717.4,2353.42
26,4,1354,7.87409e-06,8.39345e-07,1.41126e-05,8.23948e-07,3,2,190310,9.2e+08,0.5,27,7.36474e-10,0.517246,1.38169e-06,1.59026e-06,86.8846,-27.9853,0.0039902,641.071,17940.6,34684.8,0
26,5,1355,1.70401e-05,7.65308e-07,1.32205e-05,8.07493e-07,5,1,213485,9.2e+08,0.5,27,7.47433e-10,0.191571,1.59377e-07,4.32555e-07,36.8456,-33.6396,0.00113545,100.689,3387.14,17680.8,23189.3
26,6,1356,8.56845e-06,7.93595e-07,1.182e-05,6.47229e-07,6,2,435904,9.2e+08,0.5,27,1.0289e-09,0.575355,7.48079e-07,1.09648e-06,68.2254,-29.6,0.00220225,559.948,16574.5,28807.4,2813.89
26,7,1357,9.42253e-06,7.68198e-07,4.77778e-06,7.01187e-07,5,3,143985,9.2e+08,0.5,27,1.12118e-09,0.610408,2.54517e-06,4.45338e-06,57.1514,-23.5131,0.00311441,497.638,11701,19169.2,7755.43
26,8,1358,8.62086e-06,8.20907e-07,1.49405e-05,6.83462e-07,3,2,211948,9.2e+08,0.5,27,7.34576e-10,0.531988,1.31589e-06,1.59121e-06,82.6976,-27.9827,0.00405428,627.568,17561.1,33010.3,53.0083
26,9,1359,1.60628e-05,7.74966e-07,1.45206e-05,6.92772e-07,6,2,37328.1,9.2e+08,0.5,27,1.04502e-09,0.279069,2.02646e-06,3.93757e-06,51.4646,-24.0477,0.00388629,204.874,4926.75,17654.2,11246.6
26,10,1360,9.05383e-06,7.70897e-07,1.33925e-05,6.79577e-07,6,5,42092,9.2e+08,0.5,27,1.63216e-09,0.593923,8.24121e-06,1.14325e-05,72.0859,-19.4186,0.00664242,610.727,11859.5,19968,1667.73
26,11,1361,1.61256e-05,7.79552e-07,1.53149e-05,1.90265e-07,3,2,231995,9.2e+08,0.5,27,7.30969e-10,0.55008,1.28652e-06,1.95298e-06,65.8747,-27.093,0.00529419,516.905,14004.5,25459,3657.78
26,12,1362,5.77571e-06,7.68172e-07,1.04082e-05,7.89952e-07,7,3,110929,9.2e+08,0.5,27,1.32532e-09,0.600841,3.2027e-06,4.31224e-06,74.2701,-23.653,0.00335818,636.561,15056.6,25059.1,1151.32
26,13,1363,1.20124e-05,8.72732e-07,1.38323e-05,2.05061e-07,4,2,180032,9.2e+08,0.5,27,8.2664e-10,0.570453,1.78182e-06,2.53845e-06,70.1932,-25.9543,0.00521862,571.191,14824.9,25987.9,2192.41
26,14,1364,1.94614e-06,8.88338e-07,1.43518e-05,9.19373e-07,7,2,171590,9.2e+08,0.5,27,1.12985e-09,0.507906,1.45554e-06,1.8696e-06,77.853,-27.2825,0.00220283,564.059,15388.9,30298.8,510.799
26,15,1365,6.58422e-06,7.64467e-07,1.37394e-05,6.88635e-07,5,2,123039,9.2e+08,0.5,27,9.2899e-10,0.527626,2.22554e-06,2.80789e-06,79.2604,-25.5162,0.00319922,596.552,15221.7,28849.5,329.431
26,16,1366,7.64089e-06,6.02443e-07,1.98854e-05,7.46944e-07,2,4,301080,9.2e+08,0.5,27,1.03891e-09,0.635261,1.31414e-06,2.45713e-06,53.4828,-26.0957,0.0129739,484.654,12647.4,19909,9933.35
26,17,1367,7.74725e-06,7.50337e-07,1.43456e-05,8.04661e-07,6,3,346633,9.2e+08,0.5,27,1.23471e-09,0.609936,1.05753e-06,1.62562e-06,65.054,-27.8898,0.00390883,566.011,15785.9,25881.3,3978.42
26,18,1368,9.29933e-06,7.77088e-07,1.31266e-05,6.77005e-07,6,2,142412,9.2e+08,0.5,27,1.03223e-09,0.521725,1.87655e-06,2.38864e-06,78.5614,-26.2185,0.00250555,584.678,15329.4,29382.1,414.561
26,19,1369,6.36497e-06,7.6955e-07,1.42837e-05,7.62845e-07,5,3,269625,9.2e+08,0.5,27,1.13159e-09,0.615977,1.3883e-06,1.97631e-06,70.2473,-27.0415,0.00456549,617.249,16691.3,27097.3,2176.41
26,20,1370,9.6031e-06,6.84719e-07,1.17128e-05,7.46582e-07,7,4,164509,9.2e+08,0.5,27,1.53064e-09,0.642462,2.47755e-06,4.30083e-06,57.6063,-23.6645,0.00382361,527.939,12493.4,19446.1,7504.15
26,21,1371,1.94633e-05,7.54709e-07,6.14794e-06,6.88006e-07,6,2,95357.8,9.2e+08,0.5,27,1.03784e-09,0.384915,1.50691e-06,2.74316e-06,54.9333,-25.6175,0.00219676,301.624,7726.85,20074.2,9040.19
26,22,1372,9.4142e-06,7.83195e-07,1.28196e-05,5.76793e-07,6,2,134548,9.2e+08,0.5,27,1.02953e-09,0.534655,2.09059e-06,2.66943e-06,78.3158,-25.7358,0.00268804,597.295,15371.9,28751,446.78
26,23,1373,1.00349e-05,7.78489e-07,1.37892e-05,6.00881e-07,5,2,253032,9.2e+08,0.5,27,9.32195e-10,0.546716,1.16446e-06,1.68648e-06,69.0467,-27.7302,0.00262749,538.482,14932.2,27312.6,2545.07
26,24,1374,9.55985e-06,7.50874e-07,1.51469e-05,4.22931e-07,6,2,166975,9.2e+08,0.5,27,1.02717e-09,0.556159,1.82843e-06,2.48103e-06,73.6965,-26.0537,0.00296824,584.672,15232.9,27389.4,1277.69
26,25,1375,4.08266e-06,7.45421e-07,1.40551e-05,8.08285e-07,6,3,200515,9.2e+08,0.5,27,1.22881e-09,0.615535,1.86096e-06,2.54485e-06,73.1267,-25.9434,0.00411207,642.089,16657.9,27062.6,1409.75
26,26,1376,8.40912e-06,7.27072e-07,1.2835e-05,6.62486e-07,4,2,183489,9.2e+08,0.5,27,8.29234e-10,0.548275,1.61488e-06,2.11606e-06,76.3153,-26.7447,0.0034956,596.865,15963,29114.9,754.234
26,27,1377,8.24592e-06,7.60816e-07,1.39906e-05,6.95475e-07,3,4,214246,9.2e+08,0.5,27,1.13201e-09,0.650156,1.94581e-06,3.25256e-06,59.8241,-24.8778,0.0088121,554.83,13802.9,21230.2,6338.24
26,28,1378,1.88512e-05,7.66911e-07,1.19648e-05,6.58849e-07,6,2,138605,9.2e+08,0.5,27,1.04468e-09,0.456098,1.46292e-06,2.04573e-06,71.511,-26.8915,0.00220032,465.261,12511.6,27431.8,1819.55
26,29,1379,6.26282e-06,7.78081e-07,1.38599e-05,6.02512e-07,3,2,51744.8,9.2e+08,0.5,27,7.26447e-10,0.470108,4.16997e-06,5.56424e-06,74.9422,-22.5459,0.0075523,502.562,11330.7,24102.4,1011.6
26,30,1380,7.09898e-06,7.79607e-07,7.37259e-07,6.6672e-07,3,2,188275,9.2e+08,0.5,27,7.12052e-10,0.394406,7.97556e-07,2.83239e-06,28.1584,-25.4785,0.00171454,158.423,4036.37,10234.1,32309.8
26,31,1381,2.89078e-06,7.61647e-07,1.26739e-05,9.30311e-07,3,2,139939,9.2e+08,0.5,27,7.27985e-10,0.522054,1.91127e-06,2.31564e-06,82.5372,-26.3533,0.0046775,614.655,16198.2,31027.8,60.6545
26,32,1382,7.64089e-06,7.80396e-07,1.47294e-05,7.46944e-07,4,2,301080,9.2e+08,0.5,27,8.3393e-10,0.545516,9.74e-07,1.21932e-06,79.8807,-29.1388,0.00305767,621.606,18112.9,33203.2,262.07
26,33,1383,8.52085e-06,8.78598e-07,9.96347e-06,7.28916e-07,5,2,118397,9.2e+08,0.5,27,9.29498e-10,0.515457,2.20166e-06,2.88812e-06,76.2313,-25.3938,0.00299586,560.522,14233.8,27613.9,768.896
26,34,1384,3.30134e-06,7.60743e-07,1.19645e-05,6.98627e-07,2,2,134831,9.2e+08,0.5,27,6.2174e-10,0.565014,2.32927e-06,2.89451e-06,80.4722,-25.3843,0.00750928,648.591,16464,29139.1,205.012
26,35,1385,7.65891e-06,5.83212e-07,1.90422e-05,2.62318e-07,4,2,236626,9.2e+08,0.5,27,8.18924e-10,0.593444,1.46803e-06,2.40239e-06,61.1068,-26.1936,0.00616658,517.292,13549.7,22832.3,5708.86
26,36,1386,8.16641e-06,9.85327e-07,1.35113e-05,2.54923e-07,9,2,341566,9.2e+08,0.5,27,1.32298e-09,0.597368,1.03089e-06,1.78912e-06,57.6202,-27.4736,0.00236668,491.002,13489.6,22581.7,7496.54
26,37,1387,6.53953e-06,9.01783e-07,1.62473e-05,6.91754e-07,7,2,158186,9.2e+08,0.5,27,1.13427e-09,0.517203,1.65635e-06,2.04803e-06,80.8752,-26.8866,0.00214611,596.681,16042.7,31018.3,170.143
26,38,1388,3.96594e-06,6.66852e-07,1.33729e-05,8.04728e-07,6,1,191616,9.2e+08,0.5,27,8.26812e-10,0.397104,7.83105e-07,1.07205e-06,73.0477,-29.6979,0.00184106,413.787,12288.6,30945.5,1428.66
26,39,1389,8.59264e-06,7.72311e-07,1.38301e-05,5.74081e-07,5,2,252041,9.2e+08,0.5,27,9.29152e-10,0.56014,1.22843e-06,1.61951e-06,75.8516,-27.9062,0.00286615,606.077,16913.3,30194.7,836.928
26,40,1390,8.57024e-06,7.05603e-07,1.38213e-05,9.94202e-07,5,2,174266,9.2e+08,0.5,27,9.39577e-10,0.492563,1.35749e-06,1.73665e-06,78.1671,-27.6029,0.00267044,549.228,15160.3,30778.3,466.881
26,41,1391,3.56095e-06,7.96494e-07,1.9992e-06,8.42502e-07,8,2,170281,9.2e+08,0.5,27,1.20904e-09,0.57245,1.84133e-06,3.52052e-06,52.3028,-24.5339,0.00118821,427.099,10478.4,18304.5,10691.1
26,42,1392,7.73851e-06,4.13698e-07,1.3785e-05,6.23411e-07,5,3,217014,9.2e+08,0.5,27,1.12359e-09,0.639487,1.86348e-06,3.6424e-06,51.1608,-24.3861,0.00531585,466.697,11380.9,17797,11450.9
26,43,1393,8.69819e-06,7.75442e-07,1.40216e-05,7.45496e-07,4,2,206660,9.2e+08,0.5,27,8.34396e-10,0.530198,1.33839e-06,1.63155e-06,82.0323,-27.874,0.00323824,620.424,17293.7,32617.5,88.0741
26,44,1394,3.2161e-06,8.24346e-07,1.42047e-05,7.58993e-07,4,3,134536,9.2e+08,0.5,27,1.02686e-09,0.601325,2.64838e-06,3.39391e-06,78.0333,-24.693,0.00572591,669.353,16528.3,27486.5,485.35
26,45,1395,1.00349e-05,7.79183e-07,1.37892e-05,6.00881e-07,5,2,128111,9.2e+08,0.5,27,9.32209e-10,0.519648,2.07355e-06,2.34613e-06,88.3817,-26.2965,0.00302957,655.146,17228,33153.3,0
26,46,1396,9.60387e-06,7.8174e-07,1.24947e-05,5.6158e-07,6,2,136687,9.2e+08,0.5,27,1.02905e-09,0.538054,2.08479e-06,2.73143e-06,76.3257,-25.6361,0.00271637,585.818,15018.1,27911.9,752.432
26,47,1397,2.30847e-06,1.94931e-07,1.27973e-05,8.29247e-07,7,2,125744,9.2e+08,0.5,27,1.12212e-09,0.571124,2.54708e-06,3.37209e-06,75.5342,-24.721,0.00299668,615.376,15212.7,26636.4,896.013
26,48,1398,8.32532e-06,6.92845e-07,1.68916e-05,8.09505e-07,6,2,87994.5,9.2e+08,0.5,27,1.03888e-09,0.451033,2.25413e-06,2.92973e-06,76.9399,-25.3317,0.00327518,495.024,12539.8,27802.4,649.673
26,49,1399,1.61808e-05,8.33366e-07,1.33472e-05,9.95029e-07,5,2,443109,9.2e+08,0.5,27,9.53531e-10,0.487012,5.18445e-07,8.28619e-07,62.5674,-30.8165,0.00181879,434.664,13394.8,27504.1,5032.2
27,0,1400,1.00349e-05,7.79183e-07,1.37892e-05,6.00881e-07,5,2,128111,9.2e+08,0.5,27,9.32209e-10,0.519648,2.07355e-06,2.34613e-06,88.3817,-26.2965,0.00302957,655.146,17228,33153.3,0
27,1,1401,8.60874e-06,7.82126e-07,1.68507e-05,8.07001e-07,6,2,94857.7,9.2e+08,0.5,27,1.04066e-09,0.450314,2.08302e-06,2.63806e-06,78.9604,-25.7872,0.00317663,507.214,13079.6,29045.5,364.791
27,2,1402,5.30138e-06,3.76436e-07,1.0444e-05,7.01332e-07,3,2,131455,9.2e+08,0.5,27,7.18641e-10,0.589202,2.6024e-06,3.64462e-06,71.4038,-24.3835,0.00607367,600.138,14633.5,24836.1,1848.57
27,3,1403,5.37598e-06,7.77757e-07,1.38633e-05,7.41729e-07,6,2,150811,9.2e+08,0.5,27,1.02893e-09,0.536902,1.87726e-06,2.42759e-06,77.3303,-26.1483,0.00257411,592.257,15486.5,28844.2,588.25
27,4,1404,9.4552e-06,7.82424e-07,1.25626e-05,5.61665e-07,10,2,123489,9.2e+08,0.5,27,1.42891e-09,0.533085,2.25413e-06,2.99107e-06,75.3618,-25.2417,0.00174611,573.078,14465.5,27135.4,928.944
27,5,1405,1.53488e-06,7.66536e-07,1.23745e-05,9.12614e-07,5,2,119683,9.2e+08,0.5,27,9.24939e-10,0.494133,1.9875e-06,2.69168e-06,73.8386,-25.6998,0.00328668,520.468,13375.9,27069.4,1245.77
27,6,1406,7.51664e-06,5.78114e-07,1.18218e-05,8.9082e-07,4,2,183370,9.2e+08,0.5,27,8.29753e-10,0.539039,1.55685e-06,2.08606e-06,74.6311,-26.8067,0.00349816,573.86,15383.3,28538.4,1075.14
27,7,1407,3.86641e-06,7.7055e-07,1.39867e-05,5.80983e-07,7,3,245078,9.2e+08,0.5,27,1.32221e-09,0.648129,1.69143e-06,2.9525e-06,57.2881,-25.2981,0.00381114,529.654,13399.2,20673.7,7679.48
27,8,1408,7.64089e-06,3.44228e-07,1.47294e-05,7.46944e-07,4,2,301080,9.2e+08,0.5,27,8.27265e-10,0.568377,1.05856e-06,1.73121e-06,61.1455,-27.6165,0.00400087,495.755,13691,24087.9,5690.37
27,9,1409,1.32793e-05,7.73413e-07,5.88559e-06,6.44057e-07,6,2,222165,9.2e+08,0.5,27,1.02812e-09,0.544083,1.30334e-06,2.11474e-06,61.6311,-26.7474,0.00180549,478.335,12794.2,23515.2,5461.03
27,10,1410,8.32532e-06,9.2598e-07,1.68916e-05,8.09505e-07,6,2,87994.5,9.2e+08,0.5,27,1.04277e-09,0.431598,2.05864e-06,2.64754e-06,77.7569,-25.7716,0.00339237,478.723,12337.4,28585.5,524.665
27,11,1411,8.74683e-06,8.83889e-07,1.42115e-05,5.64046e-07,5,2,174394,9.2e+08,0.5,27,9.31494e-10,0.538917,1.6409e-06,2.18221e-06,75.1943,-26.611,0.00285678,578.06,15382.8,28543.9,961.523
27,12,1412,9.78834e-06,8.03384e-07,1.46721e-05,6.42871e-07,3,2,180931,9.2e+08,0.5,27,7.34592e-10,0.525725,1.50407e-06,1.86794e-06,80.52,-27.2864,0.00438466,603.849,16476.8,31341.2,200.708
27,13,1413,9.01983e-06,7.66433e-07,1.42117e-05,7.49546e-07,9,2,234362,9.2e+08,0.5,27,1.33513e-09,0.531433,1.17539e-06,1.52521e-06,77.0644,-28.1667,0.00152447,584.209,16455.2,30963.9,629.739
27,14,1414,3.74463e-06,5.24723e-07,1.30492e-05,7.45059e-07,6,2,132526,9.2e+08,0.5,27,1.02337e-09,0.559097,2.31943e-06,3.04029e-06,76.2898,-25.1708,0.00301407,608.443,15315,27392.4,758.674
27,15,1415,7.83989e-06,4.0696e-07,1.53457e-05,6.94151e-07,5,2,211845,9.2e+08,0.5,27,9.27686e-10,0.556884,1.4427e-06,2.06437e-06,69.8854,-26.8521,0.00341278,555.159,14907.2,26768.9,2284.53
27,16,1416,8.54911e-06,9.41553e-07,1.2999e-05,6.25175e-07,7,2,317578,9.2e+08,0.5,27,1.13235e-09,0.55541,9.54538e-07,1.2901e-06,73.9892,-28.8938,0.00176608,586.203,16937.6,30495.7,1212.37
27,17,1417,6.90578e-06,7.71972e-07,1.41541e-05,7.3957e-07,5,2,448028,9.2e+08,0.5,27,9.31598e-10,0.563883,6.99336e-07,1.10544e-06,63.2634,-29.5647,0.00246198,508.871,15044.6,26680.4,4724.81
27,18,1418,6.58422e-06,7.64467e-07,1.22567e-06,6.88635e-07,5,2,123039,9.2e+08,0.5,27,9.11755e-10,0.407062,1.2976e-06,3.65125e-06,35.5385,-24.3756,0.00166456,206.36,5030.16,12357.2,24464.4
27,19,1419,8.52117e-06,7.05149e-07,1.31219e-05,6.64554e-07,7,2,214353,9.2e+08,0.5,27,1.12946e-09,0.552319,1.39856e-06,1.88275e-06,74.2831,-27.2521,0.00210308,585.256,15949.4,28877.2,1148.52
27,20,1420,9.26253e-06,8.58271e-07,1.40103e-05,3.45286e-07,4,2,163027,9.2e+08,0.5,27,8.25575e-10,0.568496,1.95822e-06,2.40227e-06,81.5157,-26.1938,0.0043816,661.05,17315.4,30458.3,121.407
27,21,1421,1.0027e-05,7.76861e-07,9.71364e-06,9.66395e-07,5,2,131994,9.2e+08,0.5,27,9.34354e-10,0.479084,1.69322e-06,2.23029e-06,75.9194,-26.5164,0.00307358,518.837,13757.7,28716.6,824.581
27,22,1422,6.2108e-06,8.84497e-07,2.66751e-06,8.5409e-07,3,2,153157,9.2e+08,0.5,27,7.15543e-10,0.525586,1.76371e-06,3.12288e-06,56.477,-25.0545,0.00334539,423.43,10608.8,20184.7,8135.62
27,23,1423,8.47408e-06,3.88628e-07,1.37561e-05,7.00121e-07,4,2,194490,9.2e+08,0.5,27,8.25848e-10,0.561506,1.59804e-06,2.39043e-06,66.8518,-26.2152,0.0042465,535.468,14037.4,24999.6,3293.58
27,24,1424,1.23486e-05,7.63213e-07,1.11744e-05,6.29474e-07,3,2,62672.2,9.2e+08,0.5,27,7.32917e-10,0.441508,3.03769e-06,4.3172e-06,70.3625,-23.648,0.00635744,443.146,10479.5,23735.7,2142.59
27,25,1425,9.60387e-06,7.8174e-07,1.24947e-05,5.6158e-07,6,2,136687,9.2e+08,0.5,27,1.02905e-09,0.538054,2.08479e-06,2.73143e-06,76.3257,-25.6361,0.00271637,585.818,15018.1,27911.9,752.432
27,26,1426,4.45095e-06,7.33624e-07,1.39353e-05,6.72003e-07,5,2,235286,9.2e+08,0.5,27,9.2526e-10,0.574617,1.38341e-06,1.78412e-06,77.5402,-27.4858,0.00314681,635.582,17469.4,30401.9,556.487
27,27,1427,7.44207e-06,7.73978e-07,1.29587e-05,6.85345e-07,5,2,129770,9.2e+08,0.5,27,9.29282e-10,0.530116,2.1295e-06,2.63127e-06,80.9304,-25.7983,0.00317519,611.996,15788.5,29783.1,165.618
27,28,1428,1.97978e-06,8.80112e-07,1.84324e-05,8.50977e-07,6,2,176903,9.2e+08,0.5,27,1.03486e-09,0.482079,1.27049e-06,1.61885e-06,78.4811,-27.9079,0.00247084,539.696,15061.8,31243.4,424.963
27,29,1429,7.20925e-06,7.76773e-07,2.24604e-06,6.58193e-07,6,2,267120,9.2e+08,0.5,27,1.01416e-09,0.604086,1.32613e-06,2.755e-06,48.1354,-25.5988,0.00135071,414.791,10618.1,17577.2,13590
27,30,1430,8.8384e-06,7.22357e-07,1.37922e-05,9.83629e-07,3,2,171150,9.2e+08,0.5,27,7.39902e-10,0.490864,1.37611e-06,1.70071e-06,80.9139,-27.6937,0.00443882,566.567,15690.3,31964.7,166.962
27,31,1431,3.07416e-06,7.67939e-07,1.35611e-05,7.73905e-07,3,4,142054,9.2e+08,0.5,27,1.12571e-09,0.65179,2.93964e-06,3.909e-06,75.2018,-24.0793,0.00962284,699.202,16836.3,25830.9,960.04
27,32,1432,1.46443e-05,8.69276e-07,1.3808e-05,8.6053e-07,7,2,153533,9.2e+08,0.5,27,1.14922e-09,0.446673,1.25506e-06,1.75455e-06,71.5319,-27.5583,0.002238,455.781,12560.6,28120.2,1813.93
27,33,1433,8.90043e-06,7.36198e-07,1.38155e-05,8.2933e-07,5,2,141320,9.2e+08,0.5,27,9.3602e-10,0.499404,1.72788e-06,2.06756e-06,83.5709,-26.8454,0.0028233,595.352,15982.5,32003.1,20.4239
27,34,1434,7.93088e-06,7.62676e-07,1.42755e-05,6.46926e-07,5,3,288457,9.2e+08,0.5,27,1.13057e-09,0.620361,1.31874e-06,2.12068e-06,62.1846,-26.7353,0.00445049,550.292,14712.2,23715.5,5205.44
27,35,1435,7.00822e-06,8.03687e-07,1.18555e-05,6.19645e-07,5,2,188146,9.2e+08,0.5,27,9.25957e-10,0.566514,1.68189e-06,2.16904e-06,77.541,-26.6373,0.00304918,626.626,16691.6,29463.8,556.362
27,36,1436,6.08013e-06,8.76981e-07,1.34885e-05,7.1476e-07,7,2,156001,9.2e+08,0.5,27,1.12995e-09,0.535357,1.8012e-06,2.21097e-06,81.4665,-26.5542,0.0022396,622.14,16520.4,30858.7,124.856
27,37,1437,2.30847e-06,1.94931e-07,1.27973e-05,8.29247e-07,7,2,125744,9.2e+08,0.5,27,1.12212e-09,0.571124,2.54708e-06,3.37209e-06,75.5342,-24.721,0.00299668,615.376,15212.7,26636.4,896.013
27,38,1438,7.69735e-06,7.57345e-07,1.45973e-05,7.09345e-07,4,2,237267,9.2e+08,0.5,27,8.32368e-10,0.544217,1.23025e-06,1.50278e-06,81.8652,-28.2311,0.00327261,635.532,17941.7,32968,98.2727
27,39,1439,7.65192e-06,5.89637e-07,1.4028e-05,8.19059e-07,10,2,191777,9.2e+08,0.5,27,1.432e-09,0.534237,1.44825e-06,1.96861e-06,73.5671,-27.0584,0.00155402,560.64,15170,28395.7,1307.11
27,40,1440,6.33891e-06,7.8526e-07,1.31254e-05,7.99356e-07,3,2,150684,9.2e+08,0.5,27,7.30939e-10,0.527571,1.81632e-06,2.20511e-06,82.3688,-26.5657,0.0045458,619.883,16467.6,31214,69.2346
27,41,1441,1.00296e-05,7.80228e-07,1.332e-05,6.41324e-07,5,2,133870,9.2e+08,0.5,27,9.32736e-10,0.517566,1.96704e-06,2.40087e-06,81.9304,-26.1963,0.0029826,604.891,15845.9,30616.2,94.2243
27,42,1442,8.49291e-06,7.82417e-07,1.37261e-05,5.18234e-07,5,2,135958,9.2e+08,0.5,27,9.27517e-10,0.546604,2.16697e-06,2.75218e-06,78.7366,-25.6032,0.00337043,613.926,15718.5,28756.6,392.3
27,43,1443,4.55503e-06,8.12888e-07,1.04098e-05,6.81735e-07,9,3,76445,9.2e+08,0.5,27,1.5216e-09,0.594068,4.53838e-06,6.07001e-06,74.7673,-22.1681,0.00300268,633.598,14045.7,23643.2,1047.09
27,44,1444,6.58422e-06,7.64467e-07,1.37394e-05,6.88635e-07,9,2,123039,9.2e+08,0.5,27,1.32899e-09,0.527187,2.2103e-06,2.87184e-06,76.9646,-25.4184,0.00189229,578.791,14711.9,27906.5,645.678
27,45,1445,3.27628e-06,7.03651e-07,1.28618e-05,8.63628e-07,6,2,187396,9.2e+08,0.5,27,1.02683e-09,0.552966,1.59939e-06,2.02997e-06,78.7888,-26.9251,0.00269965,621.482,16733.5,30261.3,385.792
27,46,1446,7.27514e-06,6.74756e-07,1.23077e-05,7.77749e-07,6,2,188329,9.2e+08,0.5,27,1.02896e-09,0.547871,1.56499e-06,2.09674e-06,74.6391,-26.7845,0.00250683,583.325,15624.1,28517.9,1073.48
27,47,1447,9.18505e-06,6.25573e-07,1.38471e-05,7.46664e-07,5,2,157366,9.2e+08,0.5,27,9.3217e-10,0.52435,1.71665e-06,2.26445e-06,75.8085,-26.4504,0.00292476,567.029,14998.1,28603.3,844.841
27,48,1448,7.29616e-06,2.54218e-07,1.31918e-05,9.33883e-07,9,2,157014,9.2e+08,0.5,27,1.32835e-09,0.535745,1.77762e-06,2.81268e-06,63.2002,-25.5088,0.00222497,482.995,12320.6,22997.2,4752.31
27,49,1449,1.86572e-05,7.72241e-07,1.37915e-05,7.87958e-07,5,2,152298,9.2e+08,0.5,27,9.5055e-10,0.436835,1.2173e-06,1.73535e-06,70.1473,-27.6061,0.00289412,437.114,12067,27623.8,2206.05
28,0,1450,1.00349e-05,7.79183e-07,1.37892e-05,6.00881e-07,5,2,128111,9.2e+08,0.5,27,9.32209e-10,0.519648,2.07355e-06,2.34613e-06,88.3817,-26.2965,0.00302957,655.146,17228,33153.3,0
28,1,1451,8.90043e-06,7.36198e-07,1.38155e-05,8.2933e-07,5,2,141320,9.2e+08,0.5,27,9.3602e-10,0.499404,1.72788e-06,2.06756e-06,83.5709,-26.8454,0.0028233,595.352,15982.5,32003.1,20.4239
28,2,1452,9.46073e-06,8.17277e-07,1.38154e-05,8.00748e-07,7,2,152038,9.2e+08,0.5,27,1.13759e-09,0.49885,1.59673e-06,1.93688e-06,82.4385,-27.129,0.00205015,586.633,15914.7,31902.9,65.6141
28,3,1453,4.75991e-06,7.38667e-07,1.05141e-05,9.27409e-07,5,2,147630,9.2e+08,0.5,27,9.26534e-10,0.538428,1.92468e-06,2.43019e-06,79.1986,-26.1436,0.00310742,608.291,15902.9,29535.8,336.56
28,4,1454,1.6629e-05,8.03687e-07,1.18555e-05,6.19645e-07,5,2,188146,9.2e+08,0.5,27,9.41422e-10,0.494841,1.27628e-06,1.78091e-06,71.6645,-27.4936,0.00219961,505.867,13908.1,28106.1,1778.36
28,5,1455,1.83015e-05,6.81119e-07,1.05689e-05,4.41639e-07,7,2,183437,9.2e+08,0.5,27,1.13427e-09,0.521497,1.45763e-06,2.15462e-06,67.6511,-26.6663,0.00181134,503.261,13420.1,25733.8,3009.85
28,6,1456,9.67018e-06,7.7697e-07,1.37911e-05,7.64269e-07,5,2,158490,9.2e+08,0.5,27,9.36107e-10,0.508739,1.60115e-06,1.9356e-06,82.7209,-27.1318,0.00274518,600.311,16287.5,32015.5,51.9449
28,7,1457,7.07087e-06,7.8402e-07,1.32335e-05,7.12069e-07,6,2,144317,9.2e+08,0.5,27,1.02993e-09,0.532196,1.92734e-06,2.39602e-06,80.4393,-26.2051,0.00260215,610.67,16002.7,30069.1,208.001
28,8,1458,9.783e-06,3.33812e-07,1.12485e-05,9.05383e-07,8,2,129333,9.2e+08,0.5,27,1.2269e-09,0.519227,2.02811e-06,3.289e-06,61.6633,-24.8294,0.00236353,456.72,11340.1,21840.3,5446.03
28,9,1459,1.92909e-05,6.25933e-07,1.33893e-05,7.44777e-07,8,2,189274,9.2e+08,0.5,27,1.24409e-09,0.471566,1.13736e-06,1.67485e-06,67.9081,-27.7602,0.00165922,456.804,12681,26891.3,2921.33
28,10,1460,8.57514e-06,8.75112e-07,1.57804e-05,6.53291e-07,8,2,169081,9.2e+08,0.5,27,1.23563e-09,0.517844,1.55229e-06,1.91435e-06,81.0872,-27.1798,0.00181862,598.987,16280.3,31438.7,153.096
28,11,1461,8.8625e-06,8.74383e-07,1.46496e-05,7.35268e-07,5,2,165837,9.2e+08,0.5,27,9.37041e-10,0.509696,1.53696e-06,1.84126e-06,83.4733,-27.3489,0.00271318,606.911,16598.3,32565.1,23.3086
28,12,1462,5.94512e-06,3.46738e-07,1.36879e-05,3.20093e-07,6,2,132268,9.2e+08,0.5,27,1.01289e-09,0.630423,2.96854e-06,4.79291e-06,61.9362,-23.194,0.0053962,556.985,12918.7,20492.1,5319.38
28,13,1463,3.41717e-06,4.38427e-07,9.11182e-06,8.23478e-07,10,4,154381,9.2e+08,0.5,27,1.818e-09,0.687012,3.00748e-06,5.1771e-06,58.092,-22.8591,0.00300868,569.307,13013.9,18942.7,7240.43
28,14,1464,9.35028e-06,7.6805e-07,1.33399e-05,4.35723e-07,5,3,139133,9.2e+08,0.5,27,1.12599e-09,0.623456,2.76088e-06,4.09839e-06,67.3651,-23.8739,0.00531789,599.111,14303.1,22941.6,3109.9
28,15,1465,6.55453e-06,7.83914e-07,8.57102e-06,7.15035e-07,5,2,138183,9.2e+08,0.5,27,9.22534e-10,0.562072,2.2489e-06,2.89748e-06,77.6157,-25.3798,0.00311971,622.312,15794.1,28099.9,545.273
28,16,1466,5.77305e-06,5.41254e-07,1.30144e-05,7.36274e-07,3,1,146721,9.2e+08,0.5,27,5.25414e-10,0.381545,9.61832e-07,1.30083e-06,73.9401,-28.8578,0.00363821,402.432,11613.3,30437.6,1223.32
28,17,1467,7.87807e-06,8.34808e-07,1.36935e-05,9.79082e-07,4,2,170703,9.2e+08,0.5,27,8.39967e-10,0.491086,1.38004e-06,1.63527e-06,84.3918,-27.8641,0.00337517,591.186,16472.9,33543.7,3.70025
28,18,1468,4.9155e-06,7.79183e-07,1.37892e-05,6.00881e-07,2,2,443203,9.2e+08,0.5,27,6.24231e-10,0.596132,7.92327e-07,1.10364e-06,71.7921,-29.5717,0.00652819,610.5,18053.5,30284.4,1744.49
28,19,1469,6.17794e-06,7.10028e-07,1.38789e-05,6.23465e-07,5,2,181636,9.2e+08,0.5,27,9.26079e-10,0.56306,1.72088e-06,2.19772e-06,78.3027,-26.5803,0.00343699,628.923,16716.9,29689.4,448.545
28,20,1470,9.11353e-06,7.75027e-07,1.40676e-05,7.03222e-07,4,2,229666,9.2e+08,0.5,27,8.33912e-10,0.536616,1.23467e-06,1.57652e-06,78.3163,-28.023,0.00327859,599.49,16799.5,31306.4,446.72
28,21,1471,9.96207e-06,3.58521e-07,1.84298e-05,6.42348e-07,10,2,136931,9.2e+08,0.5,27,1.43082e-09,0.521288,1.94273e-06,2.76533e-06,70.2532,-25.5825,0.00187375,522.409,13364.5,25637.5,2174.67
28,22,1472,3.18692e-06,8.40807e-07,2.10514e-06,5.91633e-07,6,2,123252,9.2e+08,0.5,27,1.00785e-09,0.590267,2.75885e-06,4.57049e-06,60.3622,-23.4004,0.00201498,508.253,11893.3,20149,6070.2
28,23,1473,7.85764e-06,3.61465e-07,1.37558e-05,6.9883e-07,6,2,219357,9.2e+08,0.5,27,1.02491e-09,0.570274,1.4602e-06,2.31551e-06,63.0618,-26.3535,0.00305736,512.998,13519.3,23706.7,4812.86
28,24,1474,9.19715e-06,5.50431e-07,5.89795e-06,6.72244e-07,4,2,370811,9.2e+08,0.5,27,8.18055e-10,0.619118,1.01958e-06,2.27837e-06,44.7504,-26.4237,0.00325072,395.218,10443.1,16867.8,16200.3
28,25,1475,7.07554e-06,6.63085e-07,1.1203e-05,4.79674e-07,6,1,51969.9,9.2e+08,0.5,27,8.20131e-10,0.30566,1.74886e-06,3.0804e-06,56.7736,-25.1139,0.00261006,247.543,6216.78,20338.9,7967.59
28,26,1476,8.43472e-06,5.11142e-07,7.73254e-07,7.26577e-07,5,2,312328,9.2e+08,0.5,27,9.09746e-10,0.50576,7.6855e-07,3.58791e-06,21.4205,-24.4516,0.000942387,154.54,3778.75,7471.43,40423.5
28,27,1477,1.72178e-05,8.47253e-07,1.36848e-05,6.22583e-07,10,2,163765,9.2e+08,0.5,27,1.44622e-09,0.472404,1.3195e-06,1.84671e-06,71.4512,-27.336,0.00124059,481.492,13162.1,27861.9,1835.72
28,28,1478,3.70792e-06,7.71625e-07,4.16026e-06,7.20154e-07,5,4,137398,9.2e+08,0.5,27,1.31171e-09,0.684121,3.35499e-06,5.55182e-06,60.4304,-22.5556,0.00380067,589.733,13301.8,19443.6,6036.63
28,29,1479,7.31307e-06,7.22433e-07,1.27839e-05,7.56041e-07,5,2,316306,9.2e+08,0.5,27,9.29897e-10,0.563238,9.8776e-07,1.32427e-06,74.5889,-28.7802,0.00261042,599.283,17247.5,30622.1,1083.91
28,30,1480,1.00349e-05,7.79183e-07,1.37892e-05,6.00881e-07,9,2,128111,9.2e+08,0.5,27,1.33221e-09,0.519148,2.05967e-06,2.40955e-06,85.4795,-26.1806,0.00178501,633.023,16573,31923.4,0
28,31,1481,1.0027e-05,7.76861e-07,9.71364e-06,4.67534e-07,5,2,131994,9.2e+08,0.5,27,9.24662e-10,0.561174,2.35352e-06,3.18042e-06,74.0002,-24.9752,0.00334782,592.375,14794.7,26363.8,1209.95
28,32,1482,8.24016e-06,8.86758e-07,1.54393e-05,7.47489e-07,6,2,131348,9.2e+08,0.5,27,1.0377e-09,0.492185,1.80431e-06,2.15216e-06,83.8373,-26.6713,0.00250658,588.615,15699.1,31896.8,13.5199
28,33,1483,3.49044e-06,4.68619e-07,1.37386e-05,7.02886e-07,4,4,62318.4,9.2e+08,0.5,27,1.22258e-09,0.628657,6.23885e-06,8.33564e-06,74.8455,-20.7906,0.00865079,671.191,13954.5,22197.3,1031.13
28,34,1484,3.90073e-06,3.63313e-07,1.73336e-05,7.7168e-07,5,2,136787,9.2e+08,0.5,27,9.29586e-10,0.53348,2.0468e-06,2.54055e-06,80.5652,-25.9507,0.00331094,613.101,15910.4,29823.8,196.671
28,35,1485,6.64865e-06,7.95849e-07,1.38851e-05,6.97769e-07,3,3,151892,9.2e+08,0.5,27,9.2996e-10,0.605577,2.3837e-06,3.08272e-06,77.3244,-25.1107,0.0066195,667.962,16773,27697.5,589.154
28,36,1486,7.68898e-06,5.16171e-07,1.36597e-05,7.49665e-07,3,4,160783,9.2e+08,0.5,27,1.12842e-09,0.653593,2.62133e-06,4.49622e-06,58.3008,-23.4715,0.00913928,543.561,12758.2,19520.1,7128.45
28,37,1487,1.00349e-05,5.45824e-07,1.37892e-05,6.65045e-07,5,2,128111,9.2e+08,0.5,27,9.29295e-10,0.526835,2.13125e-06,2.89721e-06,73.5622,-25.3802,0.0032612,552.835,14031.1,26632.7,1308.24
28,38,1488,3.84046e-06,7.04282e-07,1.3513e-05,7.99678e-07,5,2,173196,9.2e+08,0.5,27,9.27022e-10,0.550767,1.7218e-06,2.17934e-06,79.0057,-26.6168,0.00312896,620.715,16521.4,29997.1,359.321
28,39,1489,1.54972e-05,7.80809e-07,1.56479e-05,3.34615e-07,9,2,178060,9.2e+08,0.5,27,1.33467e-09,0.526513,1.53362e-06,2.18518e-06,70.1827,-26.6051,0.0016595,527.115,14024,26635.6,2195.52
28,40,1490,8.88324e-06,7.32023e-07,1.81287e-05,8.41673e-07,4,5,151135,9.2e+08,0.5,27,1.44352e-09,0.63702,2.64511e-06,3.86671e-06,68.4073,-24.1266,0.00824904,621.616,14997.5,23543.2,2753.16
28,41,1491,9.28792e-06,7.9847e-07,1.37731e-05,7.16446e-07,9,2,468259,9.2e+08,0.5,27,1.33457e-09,0.552435,6.36862e-07,1.11496e-06,57.1195,-29.5274,0.00140207,450.124,13291,24058.9,7773.22
28,42,1492,9.90923e-06,2.629e-07,6.67139e-06,6.57221e-07,5,2,190156,9.2e+08,0.5,27,9.13979e-10,0.608628,1.91607e-06,4.52848e-06,42.3114,-23.4405,0.00417596,367.346,8610.77,14147.9,18223.1
28,43,1493,5.19669e-06,7.3545e-07,1.3926e-05,8.1606e-07,5,2,337828,9.2e+08,0.5,27,9.30373e-10,0.563399,9.24594e-07,1.16637e-06,79.2709,-29.3316,0.00261389,637.083,18686.7,33167.8,328.222
28,44,1494,1.80389e-05,7.33624e-07,1.39353e-05,6.72003e-07,4,2,235286,9.2e+08,0.5,27,8.45197e-10,0.488578,9.95102e-07,1.37512e-06,72.3646,-28.6166,0.00254534,504.343,14432.6,29540,1596.54
28,45,1495,5.48058e-06,6.4797e-07,1.24634e-05,7.03887e-07,7,2,147885,9.2e+08,0.5,27,1.12465e-09,0.559771,2.08205e-06,2.66361e-06,78.1664,-25.7453,0.0025366,624.161,16069.2,28706.7,466.987
28,46,1496,1.00215e-05,7.95585e-07,1.13678e-05,9.54342e-07,4,2,433961,9.2e+08,0.5,27,8.37643e-10,0.540055,6.59396e-07,9.1498e-07,72.0667,-30.3859,0.00261272,555.187,16869.8,31237.2,1672.7
28,47,1497,9.52107e-06,7.40732e-07,1.45781e-05,7.32067e-07,5,2,166435,9.2e+08,0.5,27,9.35449e-10,0.515238,1.56583e-06,1.92907e-06,81.1702,-27.1465,0.00284956,596.583,16195.2,31432.4,146.674
28,48,1498,8.40789e-06,7.72207e-07,1.35753e-05,9.21914e-07,8,2,131309,9.2e+08,0.5,27,1.23802e-09,0.480099,1.70132e-06,2.19082e-06,77.6566,-26.5939,0.00202103,531.834,14143.5,29459.6,539.257
28,49,1499,5.25022e-06,8.5425e-07,2.40041e-06,8.04308e-07,8,2,132335,9.2e+08,0.5,27,1.21283e-09,0.522607,1.98135e-06,3.73166e-06,53.0956,-24.281,0.00137844,395.822,9610.96,18390.4,10178.9
29,0,1500,1.00349e-05,7.79183e-07,1.37892e-05,6.00881e-07,5,2,128111,9.2e+08,0.5,27,9.32209e-10,0.519648,2.07355e-06,2.34613e-06,88.3817,-26.2965,0.00302957,655.146,17228,33153.3,0
29,1,1501,8.19947e-06,8.11222e-07,1.06175e-05,4.87647e-07,5,3,375499,9.2e+08,0.5,27,1.12366e-09,0.654567,1.12927e-06,2.46192e-06,45.8697,-26.0873,0.00432732,428.298,11173.1,17069.5,15311.8
29,2,1502,7.85893e-06,6.40448e-07,1.35136e-05,6.34468e-07,9,2,157120,9.2e+08,0.5,27,1.32721e-09,0.550401,1.89127e-06,2.61035e-06,72.4526,-25.833,0.0019122,568.852,14695.2,26699,1574.37
29,3,1503,4.65027e-06,7.16023e-07,1.31229e-05,7.81894e-07,5,2,217854,9.2e+08,0.5,27,9.27181e-10,0.56265,1.43009e-06,1.84719e-06,77.4197,-27.3349,0.00305084,621.379,16985.3,30188,574.607
29,4,1504,6.24183e-06,6.19539e-07,1.23745e-05,7.12862e-07,7,2,133547,9.2e+08,0.5,27,1.12538e-09,0.550377,2.22815e-06,2.74922e-06,81.0468,-25.6079,0.00243672,636.301,16294.3,29605.8,156.278
29,5,1505,9.41216e-06,7.91499e-07,1.39498e-05,5.27758e-07,5,5,134297,9.2e+08,0.5,27,1.52962e-09,0.675199,3.35385e-06,5.79665e-06,57.8585,-22.3682,0.00704185,557.269,12465.1,18461.4,7366.62
29,6,1506,8.525e-06,6.7086e-07,1.26838e-05,6.72847e-07,6,2,174109,9.2e+08,0.5,27,1.02851e-09,0.547972,1.69652e-06,2.26845e-06,74.7879,-26.4427,0.00257069,584.596,15458.3,28210,1042.86
29,7,1507,9.51309e-06,3.90671e-07,1.66034e-05,7.47667e-07,5,4,132777,9.2e+08,0.5,27,1.33226e-09,0.632342,2.97431e-06,5.24338e-06,56.7251,-22.8039,0.0065268,511.674,11668.2,18452.3,7994.7
29,8,1508,5.69676e-06,9.7338e-07,1.30738e-05,7.84547e-07,8,3,309691,9.2e+08,0.5,27,1.4316e-09,0.619368,1.2168e-06,1.70736e-06,71.2679,-27.6767,0.00309085,629.664,17427,28136.8,1885.71
29,9,1509,2.0618e-06,7.77722e-07,1.2774e-05,6.73809e-07,5,2,129430,9.2e+08,0.5,27,9.20421e-10,0.552765,2.31407e-06,3.10838e-06,74.4461,-25.0747,0.00359837,587.014,14719.2,26628.3,1113.85
29,10,1510,1.18862e-05,8.08283e-07,4.65158e-06,8.67424e-07,4,3,143818,9.2e+08,0.5,27,1.02728e-09,0.558396,2.12546e-06,3.7997e-06,55.9376,-24.2025,0.00326875,445.566,10783.8,19312.1,8446.24
29,11,1511,8.86813e-06,8.64378e-07,4.15898e-06,4.15851e-07,6,2,160596,9.2e+08,0.5,27,1.01879e-09,0.594802,2.16881e-06,3.2671e-06,66.3835,-24.8584,0.00213621,563.247,14001.4,23539.6,3465.73
29,12,1512,8.90043e-06,6.13241e-07,1.38155e-05,8.2933e-07,7,2,141320,9.2e+08,0.5,27,1.13383e-09,0.507708,1.78166e-06,2.34439e-06,75.9968,-26.2997,0.00218182,550.396,14475.3,28511,810.568
29,13,1513,1.49338e-05,7.30849e-07,1.43045e-05,7.30492e-07,3,1,234021,9.2e+08,0.5,27,5.42727e-10,0.254929,2.63874e-07,5.28845e-07,49.8963,-32.7667,0.00223999,181.448,5945.47,23322.1,12323.2
29,14,1514,7.0947e-06,3.68507e-07,1.52326e-05,6.14645e-07,5,2,131705,9.2e+08,0.5,27,9.23954e-10,0.558901,2.33832e-06,3.27197e-06,71.4653,-24.8519,0.00398612,569.766,14159.8,25335,1831.88
29,15,1515,9.67047e-06,7.73907e-07,1.086e-05,4.52558e-07,5,2,134738,9.2e+08,0.5,27,9.24798e-10,0.562846,2.32051e-06,3.10896e-06,74.6395,-25.0738,0.00347807,599.273,15026.1,26696.6,1073.41
29,16,1516,7.1178e-06,8.30659e-07,1.36964e-05,3.2923e-07,4,3,123842,9.2e+08,0.5,27,1.02084e-09,0.645828,3.31654e-06,4.93612e-06,67.1893,-23.0661,0.008353,618.99,14277.7,22107.6,3172.21
29,17,1517,9.12195e-06,6.80645e-07,1.30696e-05,3.32774e-07,6,3,144974,9.2e+08,0.5,27,1.22112e-09,0.647067,2.85398e-06,4.82237e-06,59.1822,-23.1674,0.00555621,546.269,12655.6,19558.4,6665.61
29,18,1518,6.55453e-06,7.83914e-07,8.57102e-06,7.15035e-07,5,2,138183,9.2e+08,0.5,27,9.22534e-10,0.562072,2.2489e-06,2.89748e-06,77.6157,-25.3798,0.00311971,622.312,15794.1,28099.9,545.273
29,19,1519,1.58288e-05,3.67391e-07,1.10474e-05,5.55841e-07,5,2,136455,9.2e+08,0.5,27,9.23912e-10,0.539005,2.09511e-06,3.5128e-06,59.642,-24.5435,0.00359101,458.576,11255,20881.1,6430.29
29,20,1520,5.59382e-06,5.03205e-07,1.36597e-05,7.08374e-07,3,2,121123,9.2e+08,0.5,27,7.24982e-10,0.549843,2.45834e-06,2.96811e-06,82.8249,-25.2752,0.005341,649.63,16419.5,29862.2,47.309
29,21,1521,6.07591e-06,7.9406e-07,1.37006e-05,8.6852e-07,2,2,435705,9.2e+08,0.5,27,6.33448e-10,0.559091,7.08341e-07,8.42678e-07,84.0583,-30.7434,0.00510422,670.392,20610.1,36863.7,8.86786
29,22,1522,8.37091e-06,8.77183e-07,1.97137e-05,7.39714e-07,6,2,143513,9.2e+08,0.5,27,1.04385e-09,0.4744,1.53088e-06,1.80786e-06,84.6793,-27.4283,0.00240254,573.044,15717.7,33131.6,1.03389
29,23,1523,6.11322e-06,7.54226e-07,1.78102e-05,3.77175e-07,6,2,293437,9.2e+08,0.5,27,1.02266e-09,0.58419,1.1482e-06,1.82607e-06,62.8784,-27.3848,0.00339592,523.988,14349.3,24562.8,4893.66
29,24,1524,5.62265e-06,5.43226e-07,1.95163e-05,6.97829e-07,4,4,62326.2,9.2e+08,0.5,27,1.23335e-09,0.596981,5.62645e-06,7.06953e-06,79.5874,-21.5061,0.00846368,677.752,14575.8,24415.9,292.965
29,25,1525,1.67745e-05,8.38614e-07,1.09417e-06,6.21888e-07,9,2,165546,9.2e+08,0.5,27,1.3295e-09,0.280644,4.35513e-07,1.72781e-06,25.206,-27.625,0.000545267,100.908,2787.6,9932.85,35753.6
29,26,1526,1.661e-05,7.98409e-07,1.35567e-05,6.20933e-07,5,2,341918,9.2e+08,0.5,27,9.43359e-10,0.511375,7.51115e-07,1.18854e-06,63.1963,-29.2499,0.00194565,460.996,13484.1,26368.3,4754.01
29,27,1527,1.71849e-05,5.04778e-07,1.39711e-05,6.74025e-07,6,2,131670,9.2e+08,0.5,27,1.03618e-09,0.484104,1.74104e-06,2.31121e-06,75.33,-26.3616,0.00248001,520.203,13713.4,28327.3,935.099
29,28,1528,1.61269e-05,6.52666e-07,1.24017e-05,9.38223e-07,3,2,171145,9.2e+08,0.5,27,7.44322e-10,0.458234,1.19541e-06,1.68565e-06,70.9167,-27.7323,0.00467717,463.556,12855.5,28054.4,1983.41
29,29,1529,6.64865e-06,7.95849e-07,1.38851e-05,2.86084e-07,3,3,151892,9.2e+08,0.5,27,9.18527e-10,0.663176,2.8381e-06,4.68756e-06,60.5453,-23.2905,0.0120699,572.763,13340,20115.3,5980.34
29,30,1530,4.48007e-06,5.33651e-07,1.35759e-05,9.68098e-07,4,2,169992,9.2e+08,0.5,27,8.31067e-10,0.531321,1.63009e-06,1.90182e-06,85.7121,-27.2083,0.00353949,649.629,17675.3,33266.7,0
29,31,1531,6.47832e-06,9.52197e-07,1.54312e-05,7.80436e-07,6,2,141919,9.2e+08,0.5,27,1.03642e-09,0.499344,1.71832e-06,2.07045e-06,82.9925,-26.8394,0.00246042,591.16,15866.4,31774.4,40.3018
29,32,1532,8.65993e-06,8.25805e-07,1.54554e-05,6.96539e-07,7,2,168555,9.2e+08,0.5,27,1.13583e-09,0.515877,1.5465e-06,1.87949e-06,82.2832,-27.2596,0.0020736,605.512,16506,31996.1,73.8121
29,33,1533,1.81283e-06,7.68389e-07,1.37259e-05,6.58426e-07,5,3,171252,9.2e+08,0.5,27,1.12086e-09,0.629369,2.27081e-06,3.18849e-06,71.2191,-24.9642,0.00541434,639.393,15961.9,25361.8,1899.12
29,34,1534,5.26446e-06,7.11333e-07,1.31913e-05,3.97364e-07,8,2,179819,9.2e+08,0.5,27,1.21797e-09,0.607531,2.02578e-06,2.91013e-06,69.6114,-25.3609,0.00286365,603.275,15299.6,25183.2,2368.09
29,35,1535,8.89674e-06,5.42086e-07,6.02483e-06,9.10907e-07,3,1,132088,9.2e+08,0.5,27,5.20622e-10,0.325196,7.74245e-07,1.40935e-06,54.9363,-28.5098,0.00342551,254.842,7265.49,22341.9,9038.52
29,36,1536,8.90043e-06,7.36198e-07,1.38155e-05,8.2933e-07,5,2,141320,9.2e+08,0.5,27,9.3602e-10,0.499404,1.72788e-06,2.06756e-06,83.5709,-26.8454,0.0028233,595.352,15982.5,32003.1,20.4239
29,37,1537,5.42473e-06,6.96468e-07,3.31384e-06,7.55738e-07,6,2,136654,9.2e+08,0.5,27,1.01257e-09,0.57524,2.36277e-06,4.05771e-06,58.2291,-23.9172,0.00208894,477.81,11427.9,19866.3,7166.81
29,38,1538,6.25521e-06,7.66546e-07,1.16119e-05,8.03887e-07,5,2,179510,9.2e+08,0.5,27,9.28259e-10,0.548395,1.64649e-06,2.08442e-06,78.9904,-26.8102,0.00292061,617.923,16566.6,30209.2,361.156
29,39,1539,5.27949e-06,7.71124e-07,6.5197e-06,7.18787e-07,5,2,157604,9.2e+08,0.5,27,9.17515e-10,0.594587,2.20705e-06,3.08181e-06,71.6155,-25.1119,0.00309204,607.419,15253.5,25653.9,1791.45
29,40,1540,4.50055e-06,6.8129e-07,1.35998e-05,7.33819e-07,5,2,424389,9.2e+08,0.5,27,9.26092e-10,0.587367,8.01034e-07,1.1106e-06,72.1265,-29.5444,0.00316462,604.325,17854.5,30397.4,1657.27
29,41,1541,1.11747e-05,5.22922e-07,1.36585e-05,3.65072e-07,3,4,160544,9.2e+08,0.5,27,1.12166e-09,0.681169,2.83914e-06,6.29319e-06,45.1145,-22.0113,0.0122717,438.366,9649.01,14165.4,15908.5
29,42,1542,4.18031e-06,5.62586e-07,1.36218e-05,7.55328e-07,5,3,288356,9.2e+08,0.5,27,1.12528e-09,0.642962,1.41382e-06,2.25025e-06,62.8293,-26.4777,0.00535979,576.254,15257.9,23730.6,4915.38
29,43,1543,7.87807e-06,8.34808e-07,1.36935e-05,9.79082e-07,4,2,105449,9.2e+08,0.5,27,8.39967e-10,0.446797,1.84281e-06,2.2343e-06,82.4784,-26.5086,0.00459939,525.674,13934.9,31188.4,63.6096
29,44,1544,8.15012e-06,8.59828e-07,1.43465e-05,7.81176e-07,5,4,168570,9.2e+08,0.5,27,1.33643e-09,0.627598,2.30635e-06,3.28955e-06,70.1115,-24.8286,0.00554931,627.678,15584.4,24831.8,2216.68
29,45,1545,1.71334e-05,3.63313e-07,1.73336e-05,5.97916e-07,10,2,136787,9.2e+08,0.5,27,1.43318e-09,0.496868,1.7617e-06,2.66372e-06,66.137,-25.7451,0.00175472,468.761,12068.3,24288.8,3558.14
29,46,1546,6.27441e-06,7.82523e-07,5.8156e-06,4.37457e-07,2,2,421523,9.2e+08,0.5,27,6.14908e-10,0.657384,1.01336e-06,2.05305e-06,49.3586,-26.876,0.00663231,462.858,12439.8,18923.2,12703.1
29,47,1547,5.19669e-06,7.3545e-07,1.3926e-05,8.1606e-07,4,2,224424,9.2e+08,0.5,27,8.30373e-10,0.549646,1.32505e-06,1.55311e-06,85.3158,-28.088,0.00359115,668.928,18788.8,34183.5,0
29,48,1548,1.76263e-05,6.71935e-07,1.46822e-05,6.38751e-07,5,2,176549,9.2e+08,0.5,27,9.42444e-10,0.484208,1.30125e-06,1.76561e-06,73.6998,-27.531,0.00246139,509.054,14014.8,28943.8,1276.96
29,49,1549,1.27901e-05,7.82614e-07,1.65232e-05,7.40499e-07,7,2,137021,9.2e+08,0.5,27,1.14449e-09,0.46678,1.54824e-06,2.04024e-06,75.8853,-26.9032,0.0021719,505.284,13593.8,29122.4,830.786
29,0,1550,1.00349e-05,7.79183e-07,1.37892e-05,6.00881e-07,5,2,128111,9.2e+08,0.5,27,9.32209e-10,0.519648,2.07355e-06,2.34613e-06,88.3817,-26.2965,0.00302957,655.146,17228,33153.3,0
